variant,checkpoint,stage,extra_step,arrival_index,query_kf,candidate_kf,isam_translation_m,batch_translation_m,isam_rotation_deg,batch_rotation_deg
D0,FIRST_LOOP,AFTER_INSERTION,0,1,283,252,3.552713678800501e-15,7.32410687763558e-15,6.362031393690994e-15,7.510676793728427e-15
D0,K2,BEFORE_EVENT,-1,1,283,252,3.552713678800501e-15,7.32410687763558e-15,6.362031393690994e-15,3.2195832150819397e-15
D0,K2,AFTER_INSERTION,0,1,283,252,0.0005523434409970016,0.0005441256396272467,0.0515930075255417,0.05036258666641907
D0,K2,AFTER_INSERTION,0,2,378,2930,0.32739704086988336,0.0005441201152606942,1.640762270880289,0.05539969131715222
D0,K10,BEFORE_EVENT,-1,1,283,252,0.0009535893435661961,0.0011075047746834795,0.0752880157694885,0.08665398200118173
D0,K10,BEFORE_EVENT,-1,2,378,2930,0.01151622092698969,0.011641500202126877,0.3606856646160058,0.36266647150510334
D0,K10,BEFORE_EVENT,-1,3,454,3012,0.008026187743700206,0.008039603085221803,0.2356894864694924,0.23534016237803757
D0,K10,BEFORE_EVENT,-1,4,482,3043,0.015066895712813102,0.015043602595481969,0.0638147474170679,0.06404104911837134
D0,K10,BEFORE_EVENT,-1,5,512,3072,0.004171123281107877,0.004119512749246628,0.08429399887372926,0.10529985807401535
D0,K10,BEFORE_EVENT,-1,6,547,3613,0.0516345433282062,0.06487650083513136,0.5959436805277111,0.6946741796352681
D0,K10,BEFORE_EVENT,-1,7,575,2550,0.024346520999556566,0.008738195278470202,0.44034278047343633,0.42576306753079723
D0,K10,BEFORE_EVENT,-1,8,632,3535,3.5580377210565626,0.06497583225970288,12.686541896330539,0.926425055112101
D0,K10,BEFORE_EVENT,-1,9,635,2615,0.7496517740850417,0.009700450921379413,0.4546563610179484,0.19390174726882592
D0,K10,AFTER_INSERTION,0,1,283,252,0.0009535893435661961,0.001109393502584102,0.0752880157694885,0.08677495662488464
D0,K10,AFTER_INSERTION,0,2,378,2930,0.01152702636906657,0.011641130392936338,0.36180969387466455,0.3629852631529023
D0,K10,AFTER_INSERTION,0,3,454,3012,0.008038644767766322,0.008044461550725886,0.23563423559889055,0.23533524131336778
D0,K10,AFTER_INSERTION,0,4,482,3043,0.015178075125497995,0.015039990960358754,0.06384126684542707,0.06401072854164434
D0,K10,AFTER_INSERTION,0,5,512,3072,0.004029637573112185,0.004112968396045588,0.09462716124578001,0.1059378519020472
D0,K10,AFTER_INSERTION,0,6,547,3613,0.0577224410360772,0.06556281637657455,0.6477210472938764,0.7018972531906496
D0,K10,AFTER_INSERTION,0,7,575,2550,0.02123380336140642,0.006732375260081502,0.4265411228116695,0.40880773258603287
D0,K10,AFTER_INSERTION,0,8,632,3535,2.193493167243866,0.09175565689838842,8.714533304363469,0.9823430922353412
D0,K10,AFTER_INSERTION,0,9,635,2615,0.8655498754893278,0.00768022433338039,0.6164804237592839,0.21675759399804212
D0,K10,AFTER_INSERTION,0,10,638,3529,1.0041404473462812,0.14812646140185415,5.559988788494399,0.2812581848731025
D0,K40,BEFORE_EVENT,-1,1,283,252,0.001081213168757939,0.00108215492022771,0.08478281829575574,0.08481400426287464
D0,K40,BEFORE_EVENT,-1,2,378,2930,0.011396765657143476,0.011429225807187686,0.35399964303970655,0.3540151102619276
D0,K40,BEFORE_EVENT,-1,3,454,3012,0.008063183598169635,0.008019655307257463,0.2353361760189428,0.23538504695034373
D0,K40,BEFORE_EVENT,-1,4,482,3043,0.014898865211362421,0.014899446802859396,0.0629786972464691,0.0630940212345487
D0,K40,BEFORE_EVENT,-1,5,512,3072,0.0056977253229105115,0.005701891565823716,0.17637121518984641,0.17641231108171462
D0,K40,BEFORE_EVENT,-1,6,547,3613,0.06211256218293212,0.06211332040767617,0.8189199547602766,0.8190154664715026
D0,K40,BEFORE_EVENT,-1,7,575,2550,0.006600288166367372,0.006603372051253489,0.3890226018039725,0.38905638539151677
D0,K40,BEFORE_EVENT,-1,8,632,3535,0.10038249483553983,0.10039945843835335,1.0428352989024894,1.0428222113463448
D0,K40,BEFORE_EVENT,-1,9,635,2615,0.07224897861410869,0.07225368573462781,0.3690096061524939,0.36902040159506777
D0,K40,BEFORE_EVENT,-1,10,638,3529,0.03644701983944266,0.0364483606360055,0.6073494594195895,0.6073452044918096
D0,K40,BEFORE_EVENT,-1,11,639,2620,0.08019872651893305,0.08019796474152545,0.21664650407992644,0.21663943076284914
D0,K40,BEFORE_EVENT,-1,12,643,3525,0.093269218661267,0.09326722794631133,0.31297719804043456,0.3129809474322441
D0,K40,BEFORE_EVENT,-1,13,644,2625,0.028531306986799964,0.02853139169427318,0.25689496205950796,0.25689459147483407
D0,K40,BEFORE_EVENT,-1,14,645,3522,0.11761066346713077,0.11760902591841359,1.0609835740998153,1.0609813414212026
D0,K40,BEFORE_EVENT,-1,15,646,2628,0.04242013787735847,0.042419409376604614,0.20697249437062906,0.2069740216230141
D0,K40,BEFORE_EVENT,-1,16,653,3513,0.07660867215035169,0.07661062588609352,1.1945522156875614,1.1945516130077427
D0,K40,BEFORE_EVENT,-1,17,659,2646,0.2032171979086758,0.20321760098080605,0.9059158064706844,0.905907143479569
D0,K40,BEFORE_EVENT,-1,18,660,3504,0.0226704309093068,0.0226702155408531,0.2326512192685155,0.2326523773476631
D0,K40,BEFORE_EVENT,-1,19,661,2646,0.21263704492147217,0.2126373833129402,0.3113624830125158,0.3113696844235318
D0,K40,BEFORE_EVENT,-1,20,664,3500,0.032602530512757806,0.03260437606917876,0.1515130004620256,0.15150321937978364
D0,K40,BEFORE_EVENT,-1,21,702,3464,0.017234079330429704,0.017233563319826388,0.1123755538116041,0.11242579681598472
D0,K40,BEFORE_EVENT,-1,22,746,3426,0.03346160769359055,0.03346417888927643,0.6030184815027064,0.6030179901082845
D0,K40,BEFORE_EVENT,-1,23,762,3413,0.019517514797588748,0.019517401413865657,0.42007604294717593,0.42007012693334717
D0,K40,BEFORE_EVENT,-1,24,779,3399,0.014927495003457357,0.014927241083693489,0.5706821939667747,0.5706794477493553
D0,K40,BEFORE_EVENT,-1,25,816,3369,0.033499662597806935,0.03349983256921513,0.7018221709782417,0.7018181331879116
D0,K40,BEFORE_EVENT,-1,26,827,3360,0.07563060301161063,0.07562970136935145,0.5349937405139487,0.5350150032170254
D0,K40,BEFORE_EVENT,-1,27,843,3358,0.07563752812058613,0.07563818740587115,1.04100883774558,1.0409978451084678
D0,K40,BEFORE_EVENT,-1,28,863,3358,0.3193079227023874,0.31930950415624915,1.2115291994294475,1.211621611475787
D0,K40,BEFORE_EVENT,-1,29,878,3347,0.18631557800348872,0.18629217379428592,2.528020381154168,2.528392909246178
D0,K40,BEFORE_EVENT,-1,30,905,3802,0.19811148450548097,0.19809533044622407,1.6210134402793535,1.6211644121954951
D0,K40,BEFORE_EVENT,-1,31,931,3276,0.023763356589492652,0.023785352461472162,1.8721157668725688,1.872091774473598
D0,K40,BEFORE_EVENT,-1,32,934,3779,0.04867708066546959,0.04866226058537287,0.8157324902455217,0.8162015252616528
D0,K40,BEFORE_EVENT,-1,33,936,3271,0.06819224110517802,0.06819070202902848,0.2940265757403169,0.2938530500067077
D0,K40,BEFORE_EVENT,-1,34,946,3771,0.033958928213403475,0.033948179678863134,0.6372144869370187,0.63736409195141
D0,K40,BEFORE_EVENT,-1,35,954,3261,0.049969119944265485,0.049935589473507506,0.6596717197601523,0.6594924427584391
D0,K40,BEFORE_EVENT,-1,36,959,3764,0.12477190371800805,0.12476427943351906,0.5731037294153153,0.5730020593658613
D0,K40,BEFORE_EVENT,-1,37,973,3248,0.14386778462860833,0.14387310958320002,0.47542553098731194,0.4747797293923045
D0,K40,BEFORE_EVENT,-1,38,993,3742,0.09091823397889955,0.09100749870780471,0.37946876797637963,0.37968813736542406
D0,K40,BEFORE_EVENT,-1,39,1002,3218,0.04581754635484021,0.04591031833304822,0.2533392313323664,0.25230297453565836
D0,K40,AFTER_INSERTION,0,1,283,252,0.001081213168757939,0.0010677746329173104,0.08478281829575574,0.08376797114212937
D0,K40,AFTER_INSERTION,0,2,378,2930,0.011384296343687865,0.011418942756699921,0.3550256782229927,0.3551612242140691
D0,K40,AFTER_INSERTION,0,3,454,3012,0.00805416541917013,0.008009930730154609,0.23536390817130529,0.2354233128375014
D0,K40,AFTER_INSERTION,0,4,482,3043,0.014936528427939985,0.014935793399736936,0.06387881148896836,0.06406712887510083
D0,K40,AFTER_INSERTION,0,5,512,3072,0.005154975488681692,0.005058741708400696,0.20595850101857244,0.20869228710077506
D0,K40,AFTER_INSERTION,0,6,547,3613,0.06268278861290978,0.06276796779543785,0.845036813297866,0.847551653283965
D0,K40,AFTER_INSERTION,0,7,575,2550,0.006749417590529992,0.006786822616531252,0.3939791141795983,0.39442628455055323
D0,K40,AFTER_INSERTION,0,8,632,3535,0.10028297016145261,0.10042575143808666,1.043239574809522,1.0430828650300228
D0,K40,AFTER_INSERTION,0,9,635,2615,0.0722742073451438,0.07227492922303734,0.3692171355628565,0.36921324994546073
D0,K40,AFTER_INSERTION,0,10,638,3529,0.03646109503773594,0.036423923452273445,0.6075614553607079,0.6075371948413593
D0,K40,AFTER_INSERTION,0,11,639,2620,0.08017723317154588,0.08016879864602246,0.2167693631545665,0.21676411600906434
D0,K40,AFTER_INSERTION,0,12,643,3525,0.09323914333710404,0.09321331763438459,0.3124757805499907,0.31249527209820327
D0,K40,AFTER_INSERTION,0,13,644,2625,0.028524124208911508,0.028528784978400067,0.2570638130403777,0.25706914623530885
D0,K40,AFTER_INSERTION,0,14,645,3522,0.1175948057640757,0.11758126846748247,1.0611476190643585,1.0611748863750934
D0,K40,AFTER_INSERTION,0,15,646,2628,0.04242258309144963,0.04241205869163211,0.2069978098737727,0.20701172204652615
D0,K40,AFTER_INSERTION,0,16,653,3513,0.07664405969407574,0.07667971620609162,1.194455574997159,1.1943840068860383
D0,K40,AFTER_INSERTION,0,17,659,2646,0.20323619609338087,0.20323747322777516,0.9043599598079578,0.9040678696329517
D0,K40,AFTER_INSERTION,0,18,660,3504,0.022588183607921176,0.022612647796035272,0.2348750374288927,0.23515860504264066
D0,K40,AFTER_INSERTION,0,19,661,2646,0.21262007909353575,0.2127428854676299,0.31366561576315694,0.3136597782798986
D0,K40,AFTER_INSERTION,0,20,664,3500,0.03253534451510565,0.03252531552891355,0.15182991394561593,0.15188999248410961
D0,K40,AFTER_INSERTION,0,21,702,3464,0.017277222793804108,0.01727686282020439,0.11257258447364309,0.11267988430210749
D0,K40,AFTER_INSERTION,0,22,746,3426,0.03348149340955135,0.03349474354510593,0.6030694787143285,0.6031333503999455
D0,K40,AFTER_INSERTION,0,23,762,3413,0.019524268700206692,0.01953227862570937,0.4201908267953139,0.4203118103250534
D0,K40,AFTER_INSERTION,0,24,779,3399,0.014924229548142041,0.014887257971436111,0.5707111400681795,0.5707377922843727
D0,K40,AFTER_INSERTION,0,25,816,3369,0.033447944832988616,0.03342222308597917,0.7019571334564868,0.7018527143240032
D0,K40,AFTER_INSERTION,0,26,827,3360,0.07592092327397533,0.07583722274298638,0.5309028245963161,0.5306070410618344
D0,K40,AFTER_INSERTION,0,27,843,3358,0.07557239897872102,0.07557841027582635,1.0421355205206921,1.0422048116202212
D0,K40,AFTER_INSERTION,0,28,863,3358,0.3191360695701894,0.31899669347664067,1.2171456309492121,1.2179825751429019
D0,K40,AFTER_INSERTION,0,29,878,3347,0.18596484409109623,0.18701279719093006,2.5314839543798056,2.531660134253012
D0,K40,AFTER_INSERTION,0,30,905,3802,0.1985452605202745,0.1985323950989555,1.6152777289098548,1.615148823906185
D0,K40,AFTER_INSERTION,0,31,931,3276,0.023914041330780487,0.024956595189120852,1.873183070572442,1.8726684253925405
D0,K40,AFTER_INSERTION,0,32,934,3779,0.04853178105410158,0.04866523336228995,0.8161192313488232,0.8167966906953061
D0,K40,AFTER_INSERTION,0,33,936,3271,0.0680663084447258,0.0677261463147956,0.2925379445299881,0.2921798243742586
D0,K40,AFTER_INSERTION,0,34,946,3771,0.03399739662240614,0.03367400391021719,0.6362657415585307,0.6363016669492214
D0,K40,AFTER_INSERTION,0,35,954,3261,0.049981490140298394,0.05035201567889557,0.6613823764575572,0.6611474378992342
D0,K40,AFTER_INSERTION,0,36,959,3764,0.12467998399490045,0.12478315259424826,0.5721974944368311,0.5719872781162774
D0,K40,AFTER_INSERTION,0,37,973,3248,0.14441530032817917,0.14479342884931395,0.48004169579654843,0.4794885974922148
D0,K40,AFTER_INSERTION,0,38,993,3742,0.09101811640596816,0.09149739937780751,0.3904493099600273,0.392946870180649
D0,K40,AFTER_INSERTION,0,39,1002,3218,0.05948954705462402,0.06272892232863038,0.35171919498378335,0.3889139377475685
D0,K40,AFTER_INSERTION,0,40,1014,3199,0.12866044904004142,0.04128406939656225,1.9146623068765236,0.6374642417116826
D0,K75,BEFORE_EVENT,-1,1,283,252,0.0012102509797911123,0.0012127027031993256,0.09503930508731503,0.09512038190606836
D0,K75,BEFORE_EVENT,-1,2,378,2930,0.010666622952313293,0.01086621116622994,0.32492289516667094,0.32481647914700773
D0,K75,BEFORE_EVENT,-1,3,454,3012,0.01071539734862371,0.010583716573963618,0.26034161459866656,0.2599194829362234
D0,K75,BEFORE_EVENT,-1,4,482,3043,0.00847189652354723,0.008482633175210294,0.104565357618837,0.10460199883862015
D0,K75,BEFORE_EVENT,-1,5,512,3072,0.04527444819203406,0.045248641022568724,0.15527908247943767,0.1541082412389537
D0,K75,BEFORE_EVENT,-1,6,547,3613,0.06054412787573765,0.06054670274514517,0.9027101466828354,0.9026687248887251
D0,K75,BEFORE_EVENT,-1,7,575,2550,0.029641964340891433,0.029594882534886277,0.39878759463366303,0.3988922426133554
D0,K75,BEFORE_EVENT,-1,8,632,3535,0.10298189153775085,0.1029464754403935,1.0072000658756572,1.0066642042351812
D0,K75,BEFORE_EVENT,-1,9,635,2615,0.07097846584505406,0.07099753812376249,0.35235624796731063,0.35310801246617646
D0,K75,BEFORE_EVENT,-1,10,638,3529,0.03625708982202986,0.03571309360647107,0.6018871010257093,0.6010354090854723
D0,K75,BEFORE_EVENT,-1,11,639,2620,0.08030375243169378,0.08021031489916201,0.22243830148253768,0.22238740031597454
D0,K75,BEFORE_EVENT,-1,12,643,3525,0.09270425884612572,0.09271868345127654,0.3057055759057898,0.30567846040265695
D0,K75,BEFORE_EVENT,-1,13,644,2625,0.028921147108518855,0.02848870702950321,0.2600081844193434,0.259975996451111
D0,K75,BEFORE_EVENT,-1,14,645,3522,0.11749270714050497,0.11799973350540768,1.0661936680360589,1.0662329430975577
D0,K75,BEFORE_EVENT,-1,15,646,2628,0.04406351419427981,0.0440611058282547,0.21472764953477627,0.21471930510865916
D0,K75,BEFORE_EVENT,-1,16,653,3513,0.08030537705470503,0.08031207617289816,1.1708196161879472,1.1708318396640924
D0,K75,BEFORE_EVENT,-1,17,659,2646,0.2182271630131485,0.21822940504176555,0.666037659439302,0.6660836711045931
D0,K75,BEFORE_EVENT,-1,18,660,3504,0.03266577569482705,0.032668781543569475,0.49363919089335473,0.4936734794267495
D0,K75,BEFORE_EVENT,-1,19,661,2646,0.1867648766512387,0.18676208692688542,0.7208909032999311,0.7210118252222817
D0,K75,BEFORE_EVENT,-1,20,664,3500,0.05564771578945884,0.05564974153446691,0.4525023617602977,0.4525404599853186
D0,K75,BEFORE_EVENT,-1,21,702,3464,0.015035495687897514,0.01561018209461849,0.09220798055249778,0.09234371152011446
D0,K75,BEFORE_EVENT,-1,22,746,3426,0.033188149841830696,0.03373535976905354,0.5279065083179848,0.528195937256326
D0,K75,BEFORE_EVENT,-1,23,762,3413,0.026565111455587192,0.025845028780093014,0.1913376836280171,0.19169017188838827
D0,K75,BEFORE_EVENT,-1,24,779,3399,0.011268595335822083,0.01130469121973279,0.36397307097516396,0.3636198265165364
D0,K75,BEFORE_EVENT,-1,25,816,3369,0.03304205753108309,0.03305524723838118,0.49339989156188646,0.4932942918028711
D0,K75,BEFORE_EVENT,-1,26,827,3360,0.07772462148696992,0.07772315942842624,0.3831491502473596,0.3830531770631363
D0,K75,BEFORE_EVENT,-1,27,843,3358,0.07358839995761167,0.07358719282515008,1.1465317589462782,1.1465432212490616
D0,K75,BEFORE_EVENT,-1,28,863,3358,0.3367626600564972,0.336754914185065,1.105110225308375,1.1057806823264822
D0,K75,BEFORE_EVENT,-1,29,878,3347,0.16616464497836522,0.16609003753068752,2.4780040621391417,2.4777839151851295
D0,K75,BEFORE_EVENT,-1,30,905,3802,0.14834146120936267,0.14824588617340806,2.5249685819189693,2.525450796171364
D0,K75,BEFORE_EVENT,-1,31,931,3276,0.029930229307175225,0.03026567928090199,1.7596692672382677,1.7625560367638895
D0,K75,BEFORE_EVENT,-1,32,934,3779,0.05283538090201001,0.05272359198475083,0.8754952475803377,0.8778545824804509
D0,K75,BEFORE_EVENT,-1,33,936,3271,0.07003833316589413,0.06998847399061987,0.2581553521026018,0.25791224067980584
D0,K75,BEFORE_EVENT,-1,34,946,3771,0.03242498623516372,0.0324309445081353,0.6346095489367896,0.6345797931878469
D0,K75,BEFORE_EVENT,-1,35,954,3261,0.052147911021284264,0.0521463133250665,0.6657592523214952,0.6660164925498577
D0,K75,BEFORE_EVENT,-1,36,959,3764,0.125597722688793,0.12561821084713987,0.5760556502912012,0.575272306958239
D0,K75,BEFORE_EVENT,-1,37,973,3248,0.14667196533939422,0.14677440808809217,0.4782904910280819,0.4778454049254074
D0,K75,BEFORE_EVENT,-1,38,993,3742,0.10317783262041334,0.10320132197944852,0.4562676108802429,0.45453879637543304
D0,K75,BEFORE_EVENT,-1,39,1002,3218,0.06330791179771182,0.06331547753957086,0.38154060604727724,0.38157846540800566
D0,K75,BEFORE_EVENT,-1,40,1014,3199,0.022802405505493225,0.022813423078824432,0.5203838566867867,0.5206897858342743
D0,K75,BEFORE_EVENT,-1,41,1036,3174,0.042900678807707225,0.042901117011758916,0.28684052469028787,0.2869446739850558
D0,K75,BEFORE_EVENT,-1,42,1037,3686,0.0390230096511549,0.039024759682192586,0.1455242323172672,0.1448338474585475
D0,K75,BEFORE_EVENT,-1,43,1041,3168,0.04498383510956942,0.044997702357526245,0.21356546243644553,0.21301756885069095
D0,K75,BEFORE_EVENT,-1,44,1052,3672,0.019647102069235308,0.019669681280290216,0.24730989531713674,0.24714089502663886
D0,K75,BEFORE_EVENT,-1,45,1067,2481,0.09298530530435302,0.09281354527896347,0.6398218833285502,0.6387584100242637
D0,K75,BEFORE_EVENT,-1,46,1082,2493,0.0638438101935771,0.06384465278273911,0.4159562098710091,0.41595100564594034
D0,K75,BEFORE_EVENT,-1,47,1083,3130,0.06917289509626219,0.06918961998026045,0.28745071911328074,0.2874793066256415
D0,K75,BEFORE_EVENT,-1,48,1087,3645,0.013861884992118571,0.013857731078712182,0.10009369573125249,0.10003251596640708
D0,K75,BEFORE_EVENT,-1,49,1090,3124,0.08384888003209957,0.08383841923111648,0.17122693069443698,0.17124049902628932
D0,K75,BEFORE_EVENT,-1,50,1120,2528,0.038411696809486716,0.03841573209808623,0.24542878858961792,0.2455504584745512
D0,K75,BEFORE_EVENT,-1,51,1134,3082,0.08513932559152408,0.08513123333492463,0.5459220725407714,0.5451550418971943
D0,K75,BEFORE_EVENT,-1,52,1144,3073,0.02955838549608154,0.028989153378785458,0.23716271460999394,0.2370356718027005
D0,K75,BEFORE_EVENT,-1,53,1169,3041,0.01504375288359949,0.014543224432943045,0.15289222770627645,0.15240647140659927
D0,K75,BEFORE_EVENT,-1,54,1191,3019,0.015162776804710702,0.015076952581075283,0.07925780820462362,0.07883490624947073
D0,K75,BEFORE_EVENT,-1,55,1308,2933,0.10717044564133714,0.10719570166350036,0.3513115288477874,0.3509062591000095
D0,K75,BEFORE_EVENT,-1,56,1327,2908,0.04207478539309353,0.04147054396533927,0.8317596068009894,0.8309174137071693
D0,K75,BEFORE_EVENT,-1,57,1373,2865,0.02612132835458934,0.02622658746894262,1.099707211534392,1.0998009445429178
D0,K75,BEFORE_EVENT,-1,58,1424,2819,0.11529896311050751,0.1153407454509848,2.1295526492461145,2.129486694911083
D0,K75,BEFORE_EVENT,-1,59,1444,2798,0.054653772318661524,0.053994290864786354,0.8159091313549303,0.8147694629953737
D0,K75,BEFORE_EVENT,-1,60,1489,2755,0.03777444172581022,0.03777679564930416,0.849669975815073,0.8496359688941441
D0,K75,BEFORE_EVENT,-1,61,1579,2678,0.07578812388726683,0.07554234764385998,0.4009174702052569,0.40075712752520637
D0,K75,BEFORE_EVENT,-1,62,1606,2654,0.048977684434079564,0.04898302779092142,0.9766702381640281,0.9766158312640978
D0,K75,BEFORE_EVENT,-1,63,1619,3494,0.0704820108575327,0.07048510196918166,0.671611431438151,0.6716431980022496
D0,K75,BEFORE_EVENT,-1,64,1650,3461,0.11309789352697223,0.1130924058451953,0.12306326189710642,0.12309934753252157
D0,K75,BEFORE_EVENT,-1,65,1656,3454,0.342995577123287,0.3428542778395801,0.20681667204346657,0.20704515260821377
D0,K75,BEFORE_EVENT,-1,66,1661,3451,0.24992800375455548,0.2497568361114391,0.5075327213052658,0.5075472579782228
D0,K75,BEFORE_EVENT,-1,67,1694,3417,0.018197688173742187,0.018202004222708956,0.854460472297489,0.8544668543346853
D0,K75,BEFORE_EVENT,-1,68,1716,3399,0.020340768882512968,0.0203231111900273,0.46749107097002685,0.4675946822851058
D0,K75,BEFORE_EVENT,-1,69,1744,3382,0.06952462742033547,0.06952328843733421,0.2358432611158684,0.23587553685330068
D0,K75,BEFORE_EVENT,-1,70,1748,3379,0.07653904195541517,0.0765475132919283,0.35884271902321796,0.3587851802366183
D0,K75,BEFORE_EVENT,-1,71,1763,3365,0.05430515580824742,0.05431638762024627,0.3706344036985535,0.37081841856492853
D0,K75,BEFORE_EVENT,-1,72,1776,3365,0.031130666214541528,0.031130728795041432,0.3553540617720039,0.35526387071807497
D0,K75,BEFORE_EVENT,-1,73,1789,3358,0.06884290619957885,0.06883012593799348,1.222541312301972,1.2223019244960744
D0,K75,BEFORE_EVENT,-1,74,1806,3863,0.05125056516733374,0.05122208184825873,0.48477482926375615,0.4840419628676252
D0,K75,AFTER_INSERTION,0,1,283,252,0.0012102509797911123,0.001212618414258673,0.09503930508731503,0.09511227868108187
D0,K75,AFTER_INSERTION,0,2,378,2930,0.010666762948008304,0.010866365222263991,0.32491609644193303,0.3248043582367477
D0,K75,AFTER_INSERTION,0,3,454,3012,0.01071526588879434,0.010583636103913175,0.26034145264340136,0.25991885143324656
D0,K75,AFTER_INSERTION,0,4,482,3043,0.008471937910198221,0.00848267325882641,0.10456492898361841,0.10460164603947891
D0,K75,AFTER_INSERTION,0,5,512,3072,0.045274463935446596,0.04524863134709993,0.15526773316613643,0.15409720186262396
D0,K75,AFTER_INSERTION,0,6,547,3613,0.060544399937429806,0.06054712529552385,0.9027247513686144,0.9026879617346085
D0,K75,AFTER_INSERTION,0,7,575,2550,0.029641037362135504,0.0295939005481105,0.39879780041412627,0.39890496076830084
D0,K75,AFTER_INSERTION,0,8,632,3535,0.10298168571750667,0.10294657329320377,1.007201994633572,1.0066671167962375
D0,K75,AFTER_INSERTION,0,9,635,2615,0.07065442464881128,0.0709977013278023,0.35387048557013934,0.35310915130748755
D0,K75,AFTER_INSERTION,0,10,638,3529,0.03656885450950329,0.035713275023050745,0.6003323482718648,0.6010357953037362
D0,K75,AFTER_INSERTION,0,11,639,2620,0.07975018246684376,0.08021033806415252,0.22388596930764834,0.2223861807722327
D0,K75,AFTER_INSERTION,0,12,643,3525,0.09270425884612572,0.0927189143141487,0.3057055759057898,0.3056806339626054
D0,K75,AFTER_INSERTION,0,13,644,2625,0.028452899473692516,0.028488788002428298,0.26157749556014204,0.2599753465639342
D0,K75,AFTER_INSERTION,0,14,645,3522,0.11819740436157654,0.11799979860281358,1.0646275601333934,1.0662324371447578
D0,K75,AFTER_INSERTION,0,15,646,2628,0.04406351551567805,0.04406110342564587,0.21472767433183892,0.2147194991791074
D0,K75,AFTER_INSERTION,0,16,653,3513,0.0803053665118022,0.0803120974321956,1.1708196894653,1.1708318600157823
D0,K75,AFTER_INSERTION,0,17,659,2646,0.2182272955379987,0.21822935606542593,0.6660399758244712,0.6660846696677153
D0,K75,AFTER_INSERTION,0,18,660,3504,0.03266602864187109,0.03266915582812686,0.4936385322418338,0.49367193600629894
D0,K75,AFTER_INSERTION,0,19,661,2646,0.18676504937304098,0.1867619062263638,0.7208884137481382,0.7210066272958657
D0,K75,AFTER_INSERTION,0,20,664,3500,0.055647974691919316,0.05565013064796518,0.4525025381879199,0.45253974963079774
D0,K75,AFTER_INSERTION,0,21,702,3464,0.01561133664557931,0.015609811337535627,0.09232652055196917,0.09234401024516377
D0,K75,AFTER_INSERTION,0,22,746,3426,0.03298560182715357,0.03373543395200884,0.5252914838104525,0.5281948838054915
D0,K75,AFTER_INSERTION,0,23,762,3413,0.025843174934053553,0.02584487179838272,0.1916491704456311,0.19168537643503428
D0,K75,AFTER_INSERTION,0,24,779,3399,0.011268792099003404,0.011305089312450294,0.3639727167780176,0.3636189143413126
D0,K75,AFTER_INSERTION,0,25,816,3369,0.03305255735389957,0.03305577845854168,0.4933538939615287,0.4932868098323839
D0,K75,AFTER_INSERTION,0,26,827,3360,0.07772440580494754,0.07772247665228964,0.3831538411429574,0.38305742019826405
D0,K75,AFTER_INSERTION,0,27,843,3358,0.07358756829907435,0.07358574192349315,1.1465197224956771,1.1465319786432393
D0,K75,AFTER_INSERTION,0,28,863,3358,0.33676089347257926,0.3367511283905525,1.1054169424955078,1.1060850170409293
D0,K75,AFTER_INSERTION,0,29,878,3347,0.16616914413822856,0.16612961496417725,2.478136167833163,2.477858145170818
D0,K75,AFTER_INSERTION,0,30,905,3802,0.14833531411766002,0.14823925180991254,2.524621135019136,2.525093989181794
D0,K75,AFTER_INSERTION,0,31,931,3276,0.029932294380790286,0.03027250538328086,1.7596893716667543,1.7625759318104748
D0,K75,AFTER_INSERTION,0,32,934,3779,0.052830490247519866,0.05269484163316411,0.8754766362022416,0.8778490336270951
D0,K75,AFTER_INSERTION,0,33,936,3271,0.07003570547781811,0.06998162329375146,0.25816330633972917,0.2579196931764059
D0,K75,AFTER_INSERTION,0,34,946,3771,0.0324249127049884,0.032434696044701714,0.6346132906604057,0.6345861705401055
D0,K75,AFTER_INSERTION,0,35,954,3261,0.05214794642402742,0.052144191531276814,0.665752201974331,0.6660096264146806
D0,K75,AFTER_INSERTION,0,36,959,3764,0.12559666018319912,0.1256159404071306,0.5760602042995038,0.575277118745534
D0,K75,AFTER_INSERTION,0,37,973,3248,0.14667124126169703,0.14677229260381766,0.4782854553026445,0.4778405439642764
D0,K75,AFTER_INSERTION,0,38,993,3742,0.10317964159660957,0.10320288558027661,0.4562652766387803,0.4545417908455267
D0,K75,AFTER_INSERTION,0,39,1002,3218,0.06330606338361584,0.06331257089277924,0.3815340072165532,0.3815702492394223
D0,K75,AFTER_INSERTION,0,40,1014,3199,0.02280155139296845,0.02281265079145667,0.5203771450247118,0.5206803211514329
D0,K75,AFTER_INSERTION,0,41,1036,3174,0.04290061221415563,0.042900698728725026,0.2868336612228522,0.28693784968648545
D0,K75,AFTER_INSERTION,0,42,1037,3686,0.039022744386102794,0.03902433546396687,0.14552754421941808,0.1448305098534496
D0,K75,AFTER_INSERTION,0,43,1041,3168,0.04498362168292564,0.044997939798622884,0.21356417646487477,0.21301511572762968
D0,K75,AFTER_INSERTION,0,44,1052,3672,0.019647169825168946,0.019669313927140827,0.24730442109710243,0.2471339783361096
D0,K75,AFTER_INSERTION,0,45,1067,2481,0.09298473804163768,0.0928136011041724,0.6397872365134216,0.6387221129896764
D0,K75,AFTER_INSERTION,0,46,1082,2493,0.06384433014345599,0.06384494351689513,0.4159561921062388,0.4159483785805325
D0,K75,AFTER_INSERTION,0,47,1083,3130,0.06917275019162766,0.06918888057396469,0.28744175013686757,0.2874689140822751
D0,K75,AFTER_INSERTION,0,48,1087,3645,0.013861876908938565,0.013857819240786686,0.10009024158922017,0.10002938222478998
D0,K75,AFTER_INSERTION,0,49,1090,3124,0.08384877109270465,0.08383862466611504,0.17122837448084785,0.17124218380452785
D0,K75,AFTER_INSERTION,0,50,1120,2528,0.038411543693332106,0.038414414491771375,0.24541857422918265,0.24553818388689352
D0,K75,AFTER_INSERTION,0,51,1134,3082,0.08506080978220608,0.08513066835936857,0.5452065124374755,0.5451471672873234
D0,K75,AFTER_INSERTION,0,52,1144,3073,0.029559243416576224,0.028989199238593482,0.23715784689089875,0.23703084777499792
D0,K75,AFTER_INSERTION,0,53,1169,3041,0.015173336965934212,0.014543137397116074,0.15287285020408933,0.15240756860066557
D0,K75,AFTER_INSERTION,0,54,1191,3019,0.015162663940758552,0.015076884983387358,0.07925693803391752,0.07883379767513174
D0,K75,AFTER_INSERTION,0,55,1308,2933,0.10717068924178892,0.10719594271026255,0.3513155151887043,0.3509130886522804
D0,K75,AFTER_INSERTION,0,56,1327,2908,0.04203583739440782,0.0414701440884404,0.8322158522927093,0.8309167541093322
D0,K75,AFTER_INSERTION,0,57,1373,2865,0.026234068961292968,0.026226524337639254,1.0997738759053446,1.0998009117372995
D0,K75,AFTER_INSERTION,0,58,1424,2819,0.11529901061651315,0.11533997040695891,2.1295529405708593,2.1294881667656185
D0,K75,AFTER_INSERTION,0,59,1444,2798,0.054654091058923125,0.05399432983452778,0.8159093590827863,0.8147699144094963
D0,K75,AFTER_INSERTION,0,60,1489,2755,0.03777445987552611,0.03777669268377891,0.8496698943229548,0.8496360310567994
D0,K75,AFTER_INSERTION,0,61,1579,2678,0.07554309856669268,0.07554230429499154,0.40079476505364814,0.40075743964428234
D0,K75,AFTER_INSERTION,0,62,1606,2654,0.04897839040029651,0.048983204534653255,0.9766703728879859,0.9766175870275069
D0,K75,AFTER_INSERTION,0,63,1619,3494,0.0704820595236017,0.07048507029503688,0.6716140309486093,0.6716454412180921
D0,K75,AFTER_INSERTION,0,64,1650,3461,0.1130978373473644,0.11309230146193465,0.12306316298380256,0.12309941206301549
D0,K75,AFTER_INSERTION,0,65,1656,3454,0.343423415153587,0.34285380411333083,0.20512356924802025,0.20704743615876575
D0,K75,AFTER_INSERTION,0,66,1661,3451,0.2503200205179153,0.24975668736216253,0.5061159397727902,0.5075470589188258
D0,K75,AFTER_INSERTION,0,67,1694,3417,0.018196804601773083,0.018201590786917205,0.8544893641909672,0.8544670038268098
D0,K75,AFTER_INSERTION,0,68,1716,3399,0.020340820121284242,0.02032334494111776,0.46749127586362393,0.46759456409099387
D0,K75,AFTER_INSERTION,0,69,1744,3382,0.06952469478793724,0.06952329701461644,0.23584089844702744,0.23587373747905857
D0,K75,AFTER_INSERTION,0,70,1748,3379,0.076548276510974,0.07654749850316818,0.35879488413583704,0.3587857569000285
D0,K75,AFTER_INSERTION,0,71,1763,3365,0.05431254025793559,0.054315769754766756,0.37064541220788,0.3707969759602928
D0,K75,AFTER_INSERTION,0,72,1776,3365,0.03113367571922987,0.031133672408140012,0.3553901801414612,0.35530366407244635
D0,K75,AFTER_INSERTION,0,73,1789,3358,0.06884992674801459,0.06883478958703722,1.2219154704607502,1.2216604659048471
D0,K75,AFTER_INSERTION,0,74,1806,3863,0.046479611155085664,0.04642200808815406,0.594551030659558,0.5961472239978511
D0,K75,AFTER_INSERTION,0,75,1967,4176,1.5450352090987591,0.006055028883128482,1.3709702653007036,0.07279238746925305
D0,FINAL_STREAM_END,BEFORE_EVENT,-1,1,283,252,0.0012102509797911123,0.0012126220638697155,0.09503930508731503,0.09511152136146862
D0,FINAL_STREAM_END,BEFORE_EVENT,-1,2,378,2930,0.010666766857504147,0.010866357461096002,0.3249159067590414,0.32480371199549907
D0,FINAL_STREAM_END,BEFORE_EVENT,-1,3,454,3012,0.010715263773049362,0.010583636287574225,0.2603414465444719,0.2599188155822436
D0,FINAL_STREAM_END,BEFORE_EVENT,-1,4,482,3043,0.00847193923460902,0.008482672808166461,0.10456491324451304,0.10460160531061491
D0,FINAL_STREAM_END,BEFORE_EVENT,-1,5,512,3072,0.04527446807990339,0.04524863082855091,0.15526738580937668,0.15409725230256496
D0,FINAL_STREAM_END,BEFORE_EVENT,-1,6,547,3613,0.06054441549121018,0.06054713544899737,0.9027252227057851,0.9026879459812422
D0,FINAL_STREAM_END,BEFORE_EVENT,-1,7,575,2550,0.029640991852140332,0.029593914762763514,0.3987981580741228,0.39890488200440544
D0,FINAL_STREAM_END,BEFORE_EVENT,-1,8,632,3535,0.1029816800518837,0.10294657225606703,1.0072020391141494,1.0066670637157065
D0,FINAL_STREAM_END,BEFORE_EVENT,-1,9,635,2615,0.07063311756590482,0.07099769823047068,0.3539243250447035,0.35310916019724864
D0,FINAL_STREAM_END,BEFORE_EVENT,-1,10,638,3529,0.036582425095205914,0.03571328532826925,0.6002779345010876,0.6010357686968734
D0,FINAL_STREAM_END,BEFORE_EVENT,-1,11,639,2620,0.07972044841963945,0.08021033651095069,0.22393736588181384,0.2223861800075628
D0,FINAL_STREAM_END,BEFORE_EVENT,-1,12,643,3525,0.09270425884612572,0.09271890536949302,0.3057055759057898,0.305680595773373
D0,FINAL_STREAM_END,BEFORE_EVENT,-1,13,644,2625,0.028442215738776297,0.02848879013744069,0.26162985055035165,0.2599753473784322
D0,FINAL_STREAM_END,BEFORE_EVENT,-1,14,645,3522,0.11822227684352545,0.1179997952092032,1.0645754105887983,1.0662324211072984
D0,FINAL_STREAM_END,BEFORE_EVENT,-1,15,646,2628,0.04406351460168172,0.044061104950657355,0.21472765875853567,0.2147195018137036
D0,FINAL_STREAM_END,BEFORE_EVENT,-1,16,653,3513,0.08030536277756585,0.08031209412483734,1.1708197299562604,1.170831870916727
D0,FINAL_STREAM_END,BEFORE_EVENT,-1,17,659,2646,0.21822728841531713,0.21822936714038849,0.6660402563206121,0.6660846899422803
D0,FINAL_STREAM_END,BEFORE_EVENT,-1,18,660,3504,0.032666037757946145,0.03266915227217933,0.49363859384981285,0.49367196502723476
D0,FINAL_STREAM_END,BEFORE_EVENT,-1,19,661,2646,0.18676503605727898,0.18676192350680443,0.720888651310076,0.7210066722277733
D0,FINAL_STREAM_END,BEFORE_EVENT,-1,20,664,3500,0.0556479879982227,0.05565012444526352,0.4525026893040103,0.4525397556460322
D0,FINAL_STREAM_END,BEFORE_EVENT,-1,21,702,3464,0.015657181785216266,0.015609809425602071,0.09234193707549923,0.09234398391297988
D0,FINAL_STREAM_END,BEFORE_EVENT,-1,22,746,3426,0.03302153725793966,0.033735428512529454,0.5252602185428793,0.528194884075776
D0,FINAL_STREAM_END,BEFORE_EVENT,-1,23,762,3413,0.025843174934053553,0.025844870906298258,0.1916491704456311,0.19168544325078607
D0,FINAL_STREAM_END,BEFORE_EVENT,-1,24,779,3399,0.011268792099003404,0.01130509631210274,0.3639727167780176,0.3636189318384405
D0,FINAL_STREAM_END,BEFORE_EVENT,-1,25,816,3369,0.03308997311425662,0.03305578662178384,0.493376158743647,0.4932867994843551
D0,FINAL_STREAM_END,BEFORE_EVENT,-1,26,827,3360,0.07772441883558155,0.07772249670291052,0.383153951063072,0.38305745246096956
D0,FINAL_STREAM_END,BEFORE_EVENT,-1,27,843,3358,0.07358762917458488,0.07358572635776106,1.1465198567569517,1.146531974586592
D0,FINAL_STREAM_END,BEFORE_EVENT,-1,28,863,3358,0.33676061961293663,0.33675121254089824,1.1054167514405708,1.1060848151965283
D0,FINAL_STREAM_END,BEFORE_EVENT,-1,29,878,3347,0.166167732958273,0.16613045096778867,2.4781385650357683,2.4778546937887476
D0,FINAL_STREAM_END,BEFORE_EVENT,-1,30,905,3802,0.14833796818904915,0.14823930180975559,2.524592417854234,2.525095077114294
D0,FINAL_STREAM_END,BEFORE_EVENT,-1,31,931,3276,0.029932078444427097,0.030272518594082882,1.7596953169472231,1.7625756852479897
D0,FINAL_STREAM_END,BEFORE_EVENT,-1,32,934,3779,0.05283070059685892,0.05269620730376776,0.8754729234078737,0.8778481919876089
D0,FINAL_STREAM_END,BEFORE_EVENT,-1,33,936,3271,0.07003578969870039,0.06998201805017865,0.258164705917861,0.2579196547779136
D0,FINAL_STREAM_END,BEFORE_EVENT,-1,34,946,3771,0.032424918122687225,0.032434640609056195,0.6346130866998689,0.6345859557019764
D0,FINAL_STREAM_END,BEFORE_EVENT,-1,35,954,3261,0.05221619452253557,0.05214407606997711,0.6655140189028578,0.6660096873836027
D0,FINAL_STREAM_END,BEFORE_EVENT,-1,36,959,3764,0.12559662106438477,0.1256159500447568,0.5760602778080737,0.575277282037805
D0,FINAL_STREAM_END,BEFORE_EVENT,-1,37,973,3248,0.14667124126169703,0.14677229245710396,0.4782854553026445,0.477840751892144
D0,FINAL_STREAM_END,BEFORE_EVENT,-1,38,993,3742,0.10317964159660957,0.10320288783853941,0.4562652766387803,0.4545418126573734
D0,FINAL_STREAM_END,BEFORE_EVENT,-1,39,1002,3218,0.06330606338361584,0.06331256363310962,0.3815340072165532,0.3815702194455911
D0,FINAL_STREAM_END,BEFORE_EVENT,-1,40,1014,3199,0.02280155139296845,0.022812646490927912,0.5203771450247118,0.5206803517224319
D0,FINAL_STREAM_END,BEFORE_EVENT,-1,41,1036,3174,0.04290884510377554,0.04290070022078551,0.2866772607998112,0.2869378400231759
D0,FINAL_STREAM_END,BEFORE_EVENT,-1,42,1037,3686,0.03902276345788766,0.03902434236374894,0.14552778826593107,0.14483046163015753
D0,FINAL_STREAM_END,BEFORE_EVENT,-1,43,1041,3168,0.04498360949022902,0.04499793525420959,0.2135641328147482,0.21301506943659285
D0,FINAL_STREAM_END,BEFORE_EVENT,-1,44,1052,3672,0.019647142981051812,0.019669320085462797,0.24730421665940214,0.2471338877170631
D0,FINAL_STREAM_END,BEFORE_EVENT,-1,45,1067,2481,0.09298470567180463,0.09281359942553752,0.6397859005169855,0.6387221989637599
D0,FINAL_STREAM_END,BEFORE_EVENT,-1,46,1082,2493,0.06384434518628872,0.06384496534207319,0.41595616898612336,0.41594818830601277
D0,FINAL_STREAM_END,BEFORE_EVENT,-1,47,1083,3130,0.06917274225033566,0.0691888788437504,0.2874413785488299,0.287468757746187
D0,FINAL_STREAM_END,BEFORE_EVENT,-1,48,1087,3645,0.01386187800854121,0.013857834009705387,0.10009009504636433,0.10002927830454736
D0,FINAL_STREAM_END,BEFORE_EVENT,-1,49,1090,3124,0.08384877795257885,0.0838386138250954,0.17122840610618947,0.17124223022297821
D0,FINAL_STREAM_END,BEFORE_EVENT,-1,50,1120,2528,0.038411539923988554,0.038414428400868825,0.2454181479976354,0.24553806555974197
D0,FINAL_STREAM_END,BEFORE_EVENT,-1,51,1134,3082,0.08505563595332703,0.08513067142120335,0.5451919425267084,0.5451472010354781
D0,FINAL_STREAM_END,BEFORE_EVENT,-1,52,1144,3073,0.029559317426954276,0.028989199931561023,0.23715766324111678,0.23703088323615865
D0,FINAL_STREAM_END,BEFORE_EVENT,-1,53,1169,3041,0.015179544117036084,0.014543133696734024,0.15287576238147435,0.15240755320869295
D0,FINAL_STREAM_END,BEFORE_EVENT,-1,54,1191,3019,0.015162663790524392,0.015076889493784456,0.07925691567637079,0.07883379375167753
D0,FINAL_STREAM_END,BEFORE_EVENT,-1,55,1308,2933,0.10717069501730905,0.10719594026725524,0.35131562115466575,0.35091338219422896
D0,FINAL_STREAM_END,BEFORE_EVENT,-1,56,1327,2908,0.04203513414662214,0.04147013302647292,0.8322290587985154,0.8309167272881115
D0,FINAL_STREAM_END,BEFORE_EVENT,-1,57,1373,2865,0.026222886015080337,0.02622649655324154,1.0997503200913026,1.0998010033419745
D0,FINAL_STREAM_END,BEFORE_EVENT,-1,58,1424,2819,0.11529901061651315,0.11534001069261533,2.1295529405708593,2.129488196626376
D0,FINAL_STREAM_END,BEFORE_EVENT,-1,59,1444,2798,0.054654091058923125,0.053994326764622416,0.8159093590827863,0.8147699650687964
D0,FINAL_STREAM_END,BEFORE_EVENT,-1,60,1489,2755,0.03777445987552611,0.037776687762567006,0.8496698943229548,0.8496360264461724
D0,FINAL_STREAM_END,BEFORE_EVENT,-1,61,1579,2678,0.07549402374187882,0.07554230134961007,0.4008274614862047,0.40075744771461136
D0,FINAL_STREAM_END,BEFORE_EVENT,-1,62,1606,2654,0.04897840433872809,0.048983203973603916,0.9766700377984393,0.9766175631802934
D0,FINAL_STREAM_END,BEFORE_EVENT,-1,63,1619,3494,0.07048208986383969,0.07048506453316868,0.6716143352704924,0.6716454159339993
D0,FINAL_STREAM_END,BEFORE_EVENT,-1,64,1650,3461,0.11309783389034742,0.11309230823046501,0.1230631915911124,0.12309939454552478
D0,FINAL_STREAM_END,BEFORE_EVENT,-1,65,1656,3454,0.3434508539200908,0.34285380677598853,0.2051135136799465,0.20704750029004843
D0,FINAL_STREAM_END,BEFORE_EVENT,-1,66,1661,3451,0.2503460306610642,0.24975669601346878,0.5061015495473873,0.5075470432617017
D0,FINAL_STREAM_END,BEFORE_EVENT,-1,67,1694,3417,0.018215297415104335,0.018201577857145403,0.8544697067949434,0.8544670490384081
D0,FINAL_STREAM_END,BEFORE_EVENT,-1,68,1716,3399,0.020340820121284242,0.02032334197893414,0.46749127586362393,0.46759459149764704
D0,FINAL_STREAM_END,BEFORE_EVENT,-1,69,1744,3382,0.06952469478793724,0.06952329181581028,0.23584089844702744,0.2358737228005578
D0,FINAL_STREAM_END,BEFORE_EVENT,-1,70,1748,3379,0.07658671088704237,0.07654750509382595,0.35876722768957336,0.3587857494296524
D0,FINAL_STREAM_END,BEFORE_EVENT,-1,71,1763,3365,0.0543603060962068,0.05431578119166016,0.37059414243110206,0.37079697432374625
D0,FINAL_STREAM_END,BEFORE_EVENT,-1,72,1776,3365,0.03113348955783233,0.03113367953729098,0.3553899401243216,0.35530364580459267
D0,FINAL_STREAM_END,BEFORE_EVENT,-1,73,1789,3358,0.0688480405179108,0.06883490866909767,1.2219210923561794,1.2216602028186185
D0,FINAL_STREAM_END,BEFORE_EVENT,-1,74,1806,3863,0.046496103878768236,0.04642207719464187,0.5967727096328322,0.5961469052159276
D0,FINAL_STREAM_END,BEFORE_EVENT,-1,75,1967,4176,0.006074098877503385,0.006055029137106577,0.07282367516828767,0.07279238860952184
D0,FINAL_STREAM_END,AFTER_INSERTION,0,1,283,252,0.0012102509797911123,0.0012126221669449655,0.09503930508731503,0.09511149665985687
D0,FINAL_STREAM_END,AFTER_INSERTION,0,2,378,2930,0.010666766857504147,0.010866357218583556,0.3249159067590414,0.3248036911078637
D0,FINAL_STREAM_END,AFTER_INSERTION,0,3,454,3012,0.010715263773049362,0.01058363628442283,0.2603414465444719,0.25991881438021985
D0,FINAL_STREAM_END,AFTER_INSERTION,0,4,482,3043,0.00847193923460902,0.008482672794823697,0.10456491324451304,0.10460160401742398
D0,FINAL_STREAM_END,AFTER_INSERTION,0,5,512,3072,0.04527446807990339,0.04524863081159568,0.15526738580937668,0.15409725403156058
D0,FINAL_STREAM_END,AFTER_INSERTION,0,6,547,3613,0.06054441549121018,0.060547135758724134,0.9027252227057851,0.9026879456699667
D0,FINAL_STREAM_END,AFTER_INSERTION,0,7,575,2550,0.029640991852140332,0.029593915195233397,0.3987981580741228,0.39890487957385823
D0,FINAL_STREAM_END,AFTER_INSERTION,0,8,632,3535,0.1029816800518837,0.10294657221215546,1.0072020391141494,1.0066670620409508
D0,FINAL_STREAM_END,AFTER_INSERTION,0,9,635,2615,0.07063311756590482,0.07099769814935704,0.3539243250447035,0.3531091604723168
D0,FINAL_STREAM_END,AFTER_INSERTION,0,10,638,3529,0.036582425095205914,0.03571328563835719,0.6002779345010876,0.601035767827984
D0,FINAL_STREAM_END,AFTER_INSERTION,0,11,639,2620,0.07972044841963945,0.0802103364627786,0.22393736588181384,0.22238617995424198
D0,FINAL_STREAM_END,AFTER_INSERTION,0,12,643,3525,0.09270425884612572,0.09271890509880966,0.3057055759057898,0.3056805946557015
D0,FINAL_STREAM_END,AFTER_INSERTION,0,13,644,2625,0.028442215738776297,0.02848879019958673,0.26162985055035165,0.25997534737799627
D0,FINAL_STREAM_END,AFTER_INSERTION,0,14,645,3522,0.11822227684352545,0.1179997951029522,1.0645754105887983,1.0662324205640503
D0,FINAL_STREAM_END,AFTER_INSERTION,0,15,646,2628,0.04406351460168172,0.0440611049999635,0.21472765875853567,0.21471950191603328
D0,FINAL_STREAM_END,AFTER_INSERTION,0,16,653,3513,0.08030536277756585,0.08031209402046252,1.1708197299562604,1.170831871240592
D0,FINAL_STREAM_END,AFTER_INSERTION,0,17,659,2646,0.21822728841531713,0.21822936746909335,0.6660402563206121,0.6660846903290804
D0,FINAL_STREAM_END,AFTER_INSERTION,0,18,660,3504,0.032666037757946145,0.03266915216614044,0.49363859384981285,0.49367196587817
D0,FINAL_STREAM_END,AFTER_INSERTION,0,19,661,2646,0.18676503605727898,0.18676192401897126,0.720888651310076,0.721006673278239
D0,FINAL_STREAM_END,AFTER_INSERTION,0,20,664,3500,0.0556479879982227,0.055650124257440224,0.4525026893040103,0.45253975572651306
D0,FINAL_STREAM_END,AFTER_INSERTION,0,21,702,3464,0.015657181785216266,0.015609809364447749,0.09234193707549923,0.0923439830757105
D0,FINAL_STREAM_END,AFTER_INSERTION,0,22,746,3426,0.03302153725793966,0.03373542834513205,0.5252602185428793,0.5281948841189659
D0,FINAL_STREAM_END,AFTER_INSERTION,0,23,762,3413,0.025843174934053553,0.025844870876785633,0.1916491704456311,0.19168544533394113
D0,FINAL_STREAM_END,AFTER_INSERTION,0,24,779,3399,0.011268792099003404,0.011305096526922813,0.3639727167780176,0.3636189323630224
D0,FINAL_STREAM_END,AFTER_INSERTION,0,25,816,3369,0.03308997311425662,0.033055786873930626,0.493376158743647,0.49328679917809254
D0,FINAL_STREAM_END,AFTER_INSERTION,0,26,827,3360,0.07772441883558155,0.07772249731191834,0.383153951063072,0.3830574535830778
D0,FINAL_STREAM_END,AFTER_INSERTION,0,27,843,3358,0.07358762917458488,0.07358572588583824,1.1465198567569517,1.1465319744505071
D0,FINAL_STREAM_END,AFTER_INSERTION,0,28,863,3358,0.33676061961293663,0.33675121492733645,1.1054167514405708,1.106084809063494
D0,FINAL_STREAM_END,AFTER_INSERTION,0,29,878,3347,0.166167732958273,0.16613047656543475,2.4781385650357683,2.4778545859416172
D0,FINAL_STREAM_END,AFTER_INSERTION,0,30,905,3802,0.14833796818904915,0.14823930308595204,2.524592417854234,2.52509511143852
D0,FINAL_STREAM_END,AFTER_INSERTION,0,31,931,3276,0.029932078444427097,0.03027251841617582,1.7596953169472231,1.7625756790578593
D0,FINAL_STREAM_END,AFTER_INSERTION,0,32,934,3779,0.05283070059685892,0.05269624735549348,0.8754729234078737,0.877848167621749
D0,FINAL_STREAM_END,AFTER_INSERTION,0,33,936,3271,0.07003578969870039,0.06998202968337935,0.258164705917861,0.25791965375717013
D0,FINAL_STREAM_END,AFTER_INSERTION,0,34,946,3771,0.032424918122687225,0.03243463902073541,0.6346130866998689,0.6345859495494565
D0,FINAL_STREAM_END,AFTER_INSERTION,0,35,954,3261,0.05221619452253557,0.052144072701143476,0.6655140189028578,0.6660096894704587
D0,FINAL_STREAM_END,AFTER_INSERTION,0,36,959,3764,0.12559662106438477,0.1256159503036392,0.5760602778080737,0.5752772871395213
D0,FINAL_STREAM_END,AFTER_INSERTION,0,37,973,3248,0.14667124126169703,0.14677229240254125,0.4782854553026445,0.477840758247096
D0,FINAL_STREAM_END,AFTER_INSERTION,0,38,993,3742,0.10317964159660957,0.10320288789768964,0.4562652766387803,0.45454181337046623
D0,FINAL_STREAM_END,AFTER_INSERTION,0,39,1002,3218,0.06330606338361584,0.0633125634139531,0.3815340072165532,0.3815702185255971
D0,FINAL_STREAM_END,AFTER_INSERTION,0,40,1014,3199,0.02280155139296845,0.022812646368710224,0.5203771450247118,0.5206803526849966
D0,FINAL_STREAM_END,AFTER_INSERTION,0,41,1036,3174,0.04290884510377554,0.04290070026385595,0.2866772607998112,0.28693783976400833
D0,FINAL_STREAM_END,AFTER_INSERTION,0,42,1037,3686,0.03902276345788766,0.03902434257113843,0.14552778826593107,0.1448304600992048
D0,FINAL_STREAM_END,AFTER_INSERTION,0,43,1041,3168,0.04498360949022902,0.04499793510509625,0.2135641328147482,0.21301506795005223
D0,FINAL_STREAM_END,AFTER_INSERTION,0,44,1052,3672,0.019647142981051812,0.019669320276348053,0.24730421665940214,0.24713388487135526
D0,FINAL_STREAM_END,AFTER_INSERTION,0,45,1067,2481,0.09298470567180463,0.09281359940985845,0.6397859005169855,0.6387222019207384
D0,FINAL_STREAM_END,AFTER_INSERTION,0,46,1082,2493,0.06384434518628872,0.06384496601246199,0.41595616898612336,0.41594818233052444
D0,FINAL_STREAM_END,AFTER_INSERTION,0,47,1083,3130,0.06917274225033566,0.06918887877959987,0.2874413785488299,0.28746875278530415
D0,FINAL_STREAM_END,AFTER_INSERTION,0,48,1087,3645,0.01386187800854121,0.013857834483816295,0.10009009504636433,0.10002927509789064
D0,FINAL_STREAM_END,AFTER_INSERTION,0,49,1090,3124,0.08384877795257885,0.08383861349276098,0.17122840610618947,0.17124223161583593
D0,FINAL_STREAM_END,AFTER_INSERTION,0,50,1120,2528,0.038411539923988554,0.038414428798000055,0.2454181479976354,0.2455380615935271
D0,FINAL_STREAM_END,AFTER_INSERTION,0,51,1134,3082,0.08505563595332703,0.08513067151990568,0.5451919425267084,0.54514720210514
D0,FINAL_STREAM_END,AFTER_INSERTION,0,52,1144,3073,0.029559317426954276,0.02898919996101528,0.23715766324111678,0.23703088444773737
D0,FINAL_STREAM_END,AFTER_INSERTION,0,53,1169,3041,0.015179544117036084,0.014543133574985741,0.15287576238147435,0.15240755278332702
D0,FINAL_STREAM_END,AFTER_INSERTION,0,54,1191,3019,0.015162663790524392,0.0150768896363515,0.07925691567637079,0.07883379361410016
D0,FINAL_STREAM_END,AFTER_INSERTION,0,55,1308,2933,0.10717069501730905,0.10719594018661356,0.35131562115466575,0.35091339169684876
D0,FINAL_STREAM_END,AFTER_INSERTION,0,56,1327,2908,0.04203513414662214,0.04147013268548676,0.8322290587985154,0.8309167264397236
D0,FINAL_STREAM_END,AFTER_INSERTION,0,57,1373,2865,0.026222886015080337,0.026226495645797245,1.0997503200913026,1.0998010061144214
D0,FINAL_STREAM_END,AFTER_INSERTION,0,58,1424,2819,0.11529901061651315,0.11534001188710737,2.1295529405708593,2.1294881973825395
D0,FINAL_STREAM_END,AFTER_INSERTION,0,59,1444,2798,0.054654091058923125,0.053994326672264704,0.8159093590827863,0.8147699667010256
D0,FINAL_STREAM_END,AFTER_INSERTION,0,60,1489,2755,0.03777445987552611,0.03777668759981894,0.8496698943229548,0.8496360262913997
D0,FINAL_STREAM_END,AFTER_INSERTION,0,61,1579,2678,0.07549402374187882,0.07554230125511097,0.4008274614862047,0.4007574479716736
D0,FINAL_STREAM_END,AFTER_INSERTION,0,62,1606,2654,0.04897840433872809,0.04898320391701223,0.9766700377984393,0.9766175626355955
D0,FINAL_STREAM_END,AFTER_INSERTION,0,63,1619,3494,0.07048208986383969,0.07048506436179502,0.6716143352704924,0.6716454149824079
D0,FINAL_STREAM_END,AFTER_INSERTION,0,64,1650,3461,0.11309783389034742,0.11309230843553382,0.1230631915911124,0.12309939399928797
D0,FINAL_STREAM_END,AFTER_INSERTION,0,65,1656,3454,0.3434508539200908,0.3428538068554287,0.2051135136799465,0.2070475022656456
D0,FINAL_STREAM_END,AFTER_INSERTION,0,66,1661,3451,0.2503460306610642,0.24975669627548888,0.5061015495473873,0.507547042814854
D0,FINAL_STREAM_END,AFTER_INSERTION,0,67,1694,3417,0.018215297415104335,0.01820157745261021,0.8544697067949434,0.8544670504489413
D0,FINAL_STREAM_END,AFTER_INSERTION,0,68,1716,3399,0.020340820121284242,0.02032334188981266,0.46749127586362393,0.467594592277719
D0,FINAL_STREAM_END,AFTER_INSERTION,0,69,1744,3382,0.06952469478793724,0.0695232916568718,0.23584089844702744,0.2358737223647386
D0,FINAL_STREAM_END,AFTER_INSERTION,0,70,1748,3379,0.07658671088704237,0.07654750529640895,0.35876722768957336,0.3587857492156007
D0,FINAL_STREAM_END,AFTER_INSERTION,0,71,1763,3365,0.0543603060962068,0.05431578154004268,0.37059414243110206,0.37079697416637175
D0,FINAL_STREAM_END,AFTER_INSERTION,0,72,1776,3365,0.03113348955783233,0.031133679752374882,0.3553899401243216,0.35530364535414727
D0,FINAL_STREAM_END,AFTER_INSERTION,0,73,1789,3358,0.0688480405179108,0.06883491223208461,1.2219210923561794,1.2216601954521868
D0,FINAL_STREAM_END,AFTER_INSERTION,0,74,1806,3863,0.046496103878768236,0.046422079318199395,0.5967727096328322,0.5961468948990658
D0,FINAL_STREAM_END,AFTER_INSERTION,0,75,1967,4176,0.006074098877503385,0.006055029152444675,0.07282367516828767,0.07279238863472079
D1,FIRST_LOOP,AFTER_INSERTION,0,1,283,252,3.552713678800501e-15,7.32410687763558e-15,6.362031393690994e-15,7.510676793728427e-15
D1,FIRST_LOOP,EXTRA,1,1,283,252,3.552713678800501e-15,7.32410687763558e-15,6.362031393690994e-15,7.510676793728427e-15
D1,FIRST_LOOP,EXTRA,2,1,283,252,3.552713678800501e-15,7.32410687763558e-15,6.362031393690994e-15,7.510676793728427e-15
D1,FIRST_LOOP,EXTRA,3,1,283,252,3.552713678800501e-15,7.32410687763558e-15,6.362031393690994e-15,7.510676793728427e-15
D1,FIRST_LOOP,EXTRA,4,1,283,252,3.552713678800501e-15,7.32410687763558e-15,6.362031393690994e-15,7.510676793728427e-15
D1,FIRST_LOOP,EXTRA,5,1,283,252,3.552713678800501e-15,7.32410687763558e-15,6.362031393690994e-15,7.510676793728427e-15
D1,K2,BEFORE_EVENT,-1,1,283,252,3.552713678800501e-15,7.32410687763558e-15,6.362031393690994e-15,3.2195832150819397e-15
D1,K2,AFTER_INSERTION,0,1,283,252,0.0005523434409970016,0.0005441256396272467,0.0515930075255417,0.05036258666641907
D1,K2,AFTER_INSERTION,0,2,378,2930,0.32739704086988336,0.0005441201152606942,1.640762270880289,0.05539969131715222
D1,K2,EXTRA,1,1,283,252,0.0005523434409970016,0.0005441256396272467,0.0515930075255417,0.05036258666641907
D1,K2,EXTRA,1,2,378,2930,0.32739704086988336,0.0005441201152606942,1.640762270880289,0.05539969131715222
D1,K2,EXTRA,2,1,283,252,0.0005523434409970016,0.0005441256396272467,0.0515930075255417,0.05036258666641907
D1,K2,EXTRA,2,2,378,2930,0.32739704086988336,0.0005441201152606942,1.640762270880289,0.05539969131715222
D1,K2,EXTRA,3,1,283,252,0.0005523434409970016,0.0005441256396272467,0.0515930075255417,0.05036258666641907
D1,K2,EXTRA,3,2,378,2930,0.32739704086988336,0.0005441201152606942,1.640762270880289,0.05539969131715222
D1,K2,EXTRA,4,1,283,252,0.0005523434409970016,0.0005441256396272467,0.0515930075255417,0.05036258666641907
D1,K2,EXTRA,4,2,378,2930,0.32739704086988336,0.0005441201152606942,1.640762270880289,0.05539969131715222
D1,K2,EXTRA,5,1,283,252,0.0005523434409970016,0.0005441256396272467,0.0515930075255417,0.05036258666641907
D1,K2,EXTRA,5,2,378,2930,0.32739704086988336,0.0005441201152606942,1.640762270880289,0.05539969131715222
D1,K10,BEFORE_EVENT,-1,1,283,252,0.0009535893435661961,0.0011075047746834795,0.0752880157694885,0.08665398200118173
D1,K10,BEFORE_EVENT,-1,2,378,2930,0.01151622092698969,0.011641500202126877,0.3606856646160058,0.36266647150510334
D1,K10,BEFORE_EVENT,-1,3,454,3012,0.008026187743700206,0.008039603085221803,0.2356894864694924,0.23534016237803757
D1,K10,BEFORE_EVENT,-1,4,482,3043,0.015066895712813102,0.015043602595481969,0.0638147474170679,0.06404104911837134
D1,K10,BEFORE_EVENT,-1,5,512,3072,0.004171123281107877,0.004119512749246628,0.08429399887372926,0.10529985807401535
D1,K10,BEFORE_EVENT,-1,6,547,3613,0.0516345433282062,0.06487650083513136,0.5959436805277111,0.6946741796352681
D1,K10,BEFORE_EVENT,-1,7,575,2550,0.024346520999556566,0.008738195278470202,0.44034278047343633,0.42576306753079723
D1,K10,BEFORE_EVENT,-1,8,632,3535,3.5580377210565626,0.06497583225970288,12.686541896330539,0.926425055112101
D1,K10,BEFORE_EVENT,-1,9,635,2615,0.7496517740850417,0.009700450921379413,0.4546563610179484,0.19390174726882592
D1,K10,AFTER_INSERTION,0,1,283,252,0.0009535893435661961,0.001109393502584102,0.0752880157694885,0.08677495662488464
D1,K10,AFTER_INSERTION,0,2,378,2930,0.01152702636906657,0.011641130392936338,0.36180969387466455,0.3629852631529023
D1,K10,AFTER_INSERTION,0,3,454,3012,0.008038644767766322,0.008044461550725886,0.23563423559889055,0.23533524131336778
D1,K10,AFTER_INSERTION,0,4,482,3043,0.015178075125497995,0.015039990960358754,0.06384126684542707,0.06401072854164434
D1,K10,AFTER_INSERTION,0,5,512,3072,0.004029637573112185,0.004112968396045588,0.09462716124578001,0.1059378519020472
D1,K10,AFTER_INSERTION,0,6,547,3613,0.0577224410360772,0.06556281637657455,0.6477210472938764,0.7018972531906496
D1,K10,AFTER_INSERTION,0,7,575,2550,0.02123380336140642,0.006732375260081502,0.4265411228116695,0.40880773258603287
D1,K10,AFTER_INSERTION,0,8,632,3535,2.193493167243866,0.09175565689838842,8.714533304363469,0.9823430922353412
D1,K10,AFTER_INSERTION,0,9,635,2615,0.8655498754893278,0.00768022433338039,0.6164804237592839,0.21675759399804212
D1,K10,AFTER_INSERTION,0,10,638,3529,1.0041404473462812,0.14812646140185415,5.559988788494399,0.2812581848731025
D1,K10,EXTRA,1,1,283,252,0.0009535893435661961,0.001109393502584102,0.0752880157694885,0.08677495662488464
D1,K10,EXTRA,1,2,378,2930,0.01152702636906657,0.011641130392936338,0.36180969387466455,0.3629852631529023
D1,K10,EXTRA,1,3,454,3012,0.008038644767766322,0.008044461550725886,0.23563423559889055,0.23533524131336778
D1,K10,EXTRA,1,4,482,3043,0.015178075125497995,0.015039990960358754,0.06384126684542707,0.06401072854164434
D1,K10,EXTRA,1,5,512,3072,0.004029637573112185,0.004112968396045588,0.09462716124578001,0.1059378519020472
D1,K10,EXTRA,1,6,547,3613,0.0577224410360772,0.06556281637657455,0.6477210472938764,0.7018972531906496
D1,K10,EXTRA,1,7,575,2550,0.02123380336140642,0.006732375260081502,0.4265411228116695,0.40880773258603287
D1,K10,EXTRA,1,8,632,3535,2.193493167243866,0.09175565689838842,8.714533304363469,0.9823430922353412
D1,K10,EXTRA,1,9,635,2615,0.8655498754893278,0.00768022433338039,0.6164804237592839,0.21675759399804212
D1,K10,EXTRA,1,10,638,3529,1.0041404473462812,0.14812646140185415,5.559988788494399,0.2812581848731025
D1,K10,EXTRA,2,1,283,252,0.0009535893435661961,0.001109393502584102,0.0752880157694885,0.08677495662488464
D1,K10,EXTRA,2,2,378,2930,0.01152702636906657,0.011641130392936338,0.36180969387466455,0.3629852631529023
D1,K10,EXTRA,2,3,454,3012,0.008038644767766322,0.008044461550725886,0.23563423559889055,0.23533524131336778
D1,K10,EXTRA,2,4,482,3043,0.015178075125497995,0.015039990960358754,0.06384126684542707,0.06401072854164434
D1,K10,EXTRA,2,5,512,3072,0.004029637573112185,0.004112968396045588,0.09462716124578001,0.1059378519020472
D1,K10,EXTRA,2,6,547,3613,0.0577224410360772,0.06556281637657455,0.6477210472938764,0.7018972531906496
D1,K10,EXTRA,2,7,575,2550,0.02123380336140642,0.006732375260081502,0.4265411228116695,0.40880773258603287
D1,K10,EXTRA,2,8,632,3535,2.193493167243866,0.09175565689838842,8.714533304363469,0.9823430922353412
D1,K10,EXTRA,2,9,635,2615,0.8655498754893278,0.00768022433338039,0.6164804237592839,0.21675759399804212
D1,K10,EXTRA,2,10,638,3529,1.0041404473462812,0.14812646140185415,5.559988788494399,0.2812581848731025
D1,K10,EXTRA,3,1,283,252,0.0009535893435661961,0.001109393502584102,0.0752880157694885,0.08677495662488464
D1,K10,EXTRA,3,2,378,2930,0.01152702636906657,0.011641130392936338,0.36180969387466455,0.3629852631529023
D1,K10,EXTRA,3,3,454,3012,0.008038644767766322,0.008044461550725886,0.23563423559889055,0.23533524131336778
D1,K10,EXTRA,3,4,482,3043,0.015178075125497995,0.015039990960358754,0.06384126684542707,0.06401072854164434
D1,K10,EXTRA,3,5,512,3072,0.004029637573112185,0.004112968396045588,0.09462716124578001,0.1059378519020472
D1,K10,EXTRA,3,6,547,3613,0.0577224410360772,0.06556281637657455,0.6477210472938764,0.7018972531906496
D1,K10,EXTRA,3,7,575,2550,0.02123380336140642,0.006732375260081502,0.4265411228116695,0.40880773258603287
D1,K10,EXTRA,3,8,632,3535,2.193493167243866,0.09175565689838842,8.714533304363469,0.9823430922353412
D1,K10,EXTRA,3,9,635,2615,0.8655498754893278,0.00768022433338039,0.6164804237592839,0.21675759399804212
D1,K10,EXTRA,3,10,638,3529,1.0041404473462812,0.14812646140185415,5.559988788494399,0.2812581848731025
D1,K10,EXTRA,4,1,283,252,0.0011087390514761494,0.001109393502584102,0.08666313925442,0.08677495662488464
D1,K10,EXTRA,4,2,378,2930,0.011598231423269248,0.011641130392936338,0.3630108930011484,0.3629852631529023
D1,K10,EXTRA,4,3,454,3012,0.008104780137153298,0.008044461550725886,0.2352772469337951,0.23533524131336778
D1,K10,EXTRA,4,4,482,3043,0.015042358429923896,0.015039990960358754,0.06400653750666996,0.06401072854164434
D1,K10,EXTRA,4,5,512,3072,0.00412273670786731,0.004112968396045588,0.10372269993687518,0.1059378519020472
D1,K10,EXTRA,4,6,547,3613,0.06545734922501348,0.06556281637657455,0.6946754850269825,0.7018972531906496
D1,K10,EXTRA,4,7,575,2550,0.006143571240640316,0.006732375260081502,0.4099371490947938,0.40880773258603287
D1,K10,EXTRA,4,8,632,3535,0.2682814255516428,0.09175565689838842,1.9154362474300899,0.9823430922353412
D1,K10,EXTRA,4,9,635,2615,0.003858719940240792,0.00768022433338039,0.22689678819983372,0.21675759399804212
D1,K10,EXTRA,4,10,638,3529,0.12151106233078966,0.14812646140185415,0.3613876212707467,0.2812581848731025
D1,K10,EXTRA,5,1,283,252,0.0011087390514761494,0.001109393502584102,0.08666313925442,0.08677495662488464
D1,K10,EXTRA,5,2,378,2930,0.011598231423269248,0.011641130392936338,0.3630108930011484,0.3629852631529023
D1,K10,EXTRA,5,3,454,3012,0.008104780137153298,0.008044461550725886,0.2352772469337951,0.23533524131336778
D1,K10,EXTRA,5,4,482,3043,0.015042358429923896,0.015039990960358754,0.06400653750666996,0.06401072854164434
D1,K10,EXTRA,5,5,512,3072,0.00412273670786731,0.004112968396045588,0.10372269993687518,0.1059378519020472
D1,K10,EXTRA,5,6,547,3613,0.06545734922501348,0.06556281637657455,0.6946754850269825,0.7018972531906496
D1,K10,EXTRA,5,7,575,2550,0.006143571240640316,0.006732375260081502,0.4099371490947938,0.40880773258603287
D1,K10,EXTRA,5,8,632,3535,0.2682814255516428,0.09175565689838842,1.9154362474300899,0.9823430922353412
D1,K10,EXTRA,5,9,635,2615,0.003858719940240792,0.00768022433338039,0.22689678819983372,0.21675759399804212
D1,K10,EXTRA,5,10,638,3529,0.12151106233078966,0.14812646140185415,0.3613876212707467,0.2812581848731025
D1,K40,BEFORE_EVENT,-1,1,283,252,0.0010811265527127679,0.00108215492022771,0.08477675464300934,0.08481400426287464
D1,K40,BEFORE_EVENT,-1,2,378,2930,0.01138039648451081,0.011429225807187686,0.3539056075430062,0.3540151102619276
D1,K40,BEFORE_EVENT,-1,3,454,3012,0.008088393622353838,0.008019655307257463,0.23520549625290504,0.23538504695034373
D1,K40,BEFORE_EVENT,-1,4,482,3043,0.01490144368495326,0.014899446802859396,0.06274975468028013,0.0630940212345487
D1,K40,BEFORE_EVENT,-1,5,512,3072,0.005697656125254507,0.005701891565823716,0.176365436149576,0.17641231108171462
D1,K40,BEFORE_EVENT,-1,6,547,3613,0.06211275560951233,0.06211332040767617,0.8189249064261045,0.8190154664715026
D1,K40,BEFORE_EVENT,-1,7,575,2550,0.006600682299022928,0.006603372051253489,0.38902066372421557,0.38905638539151677
D1,K40,BEFORE_EVENT,-1,8,632,3535,0.10038334576435444,0.10039945843835335,1.0428323804567927,1.0428222113463448
D1,K40,BEFORE_EVENT,-1,9,635,2615,0.07224949008712199,0.07225368573462781,0.36900804382282043,0.36902040159506777
D1,K40,BEFORE_EVENT,-1,10,638,3529,0.036446574080341444,0.0364483606360055,0.6073484856984345,0.6073452044918096
D1,K40,BEFORE_EVENT,-1,11,639,2620,0.08019869357283374,0.08019796474152545,0.2166474196599899,0.21663943076284914
D1,K40,BEFORE_EVENT,-1,12,643,3525,0.09326958198590518,0.09326722794631133,0.31297573484398794,0.3129809474322441
D1,K40,BEFORE_EVENT,-1,13,644,2625,0.02853130577650504,0.02853139169427318,0.2568951323970575,0.25689459147483407
D1,K40,BEFORE_EVENT,-1,14,645,3522,0.11761109660497414,0.11760902591841359,1.060983573446054,1.0609813414212026
D1,K40,BEFORE_EVENT,-1,15,646,2628,0.04242028356434202,0.042419409376604614,0.20697209406899086,0.2069740216230141
D1,K40,BEFORE_EVENT,-1,16,653,3513,0.07660836206485812,0.07661062588609352,1.1945522163859434,1.1945516130077427
D1,K40,BEFORE_EVENT,-1,17,659,2646,0.2032177607637124,0.20321760098080605,0.9059183361220221,0.905907143479569
D1,K40,BEFORE_EVENT,-1,18,660,3504,0.022670428787260145,0.0226702155408531,0.2326526670663337,0.2326523773476631
D1,K40,BEFORE_EVENT,-1,19,661,2646,0.2126370034226038,0.2126373833129402,0.31136191041201927,0.3113696844235318
D1,K40,BEFORE_EVENT,-1,20,664,3500,0.032602532776771005,0.03260437606917876,0.15151459228972414,0.15150321937978364
D1,K40,BEFORE_EVENT,-1,21,702,3464,0.017234253978825043,0.017233563319826388,0.11237462936915935,0.11242579681598472
D1,K40,BEFORE_EVENT,-1,22,746,3426,0.03346158994948781,0.03346417888927643,0.6030187362414667,0.6030179901082845
D1,K40,BEFORE_EVENT,-1,23,762,3413,0.019517580939570695,0.019517401413865657,0.4200772140316073,0.42007012693334717
D1,K40,BEFORE_EVENT,-1,24,779,3399,0.014927358278700578,0.014927241083693489,0.5706828034556852,0.5706794477493553
D1,K40,BEFORE_EVENT,-1,25,816,3369,0.03349960890666899,0.03349983256921513,0.7018219878370923,0.7018181331879116
D1,K40,BEFORE_EVENT,-1,26,827,3360,0.0756306945636543,0.07562970136935145,0.5349918236668344,0.5350150032170254
D1,K40,BEFORE_EVENT,-1,27,843,3358,0.07563746641907841,0.07563818740587115,1.0410092647939286,1.0409978451084678
D1,K40,BEFORE_EVENT,-1,28,863,3358,0.3193080917630424,0.31930950415624915,1.2115325410073596,1.211621611475787
D1,K40,BEFORE_EVENT,-1,29,878,3347,0.18631820317098946,0.18629217379428592,2.5279963168695962,2.528392909246178
D1,K40,BEFORE_EVENT,-1,30,905,3802,0.1981121740418592,0.19809533044622407,1.621025116709671,1.6211644121954951
D1,K40,BEFORE_EVENT,-1,31,931,3276,0.023766206766109136,0.023785352461472162,1.8721244162234536,1.872091774473598
D1,K40,BEFORE_EVENT,-1,32,934,3779,0.04867696041392425,0.04866226058537287,0.8157142977721799,0.8162015252616528
D1,K40,BEFORE_EVENT,-1,33,936,3271,0.06819112077052931,0.06819070202902848,0.29402789707230137,0.2938530500067077
D1,K40,BEFORE_EVENT,-1,34,946,3771,0.03395767874981425,0.033948179678863134,0.6372242871721147,0.63736409195141
D1,K40,BEFORE_EVENT,-1,35,954,3261,0.04996980806822347,0.049935589473507506,0.6596338923831898,0.6594924427584391
D1,K40,BEFORE_EVENT,-1,36,959,3764,0.12477450567062721,0.12476427943351906,0.5731461918964614,0.5730020593658613
D1,K40,BEFORE_EVENT,-1,37,973,3248,0.14386780566785698,0.14387310958320002,0.4754013220477977,0.4747797293923045
D1,K40,BEFORE_EVENT,-1,38,993,3742,0.09091378060098985,0.09100749870780471,0.3794836798845728,0.37968813736542406
D1,K40,BEFORE_EVENT,-1,39,1002,3218,0.04584737996711695,0.04591031833304822,0.2533543345111338,0.25230297453565836
D1,K40,AFTER_INSERTION,0,1,283,252,0.0010811265527127679,0.0010677746329173104,0.08477675464300934,0.08376797114212937
D1,K40,AFTER_INSERTION,0,2,378,2930,0.01136793555079176,0.011418942756699921,0.35493243883138637,0.3551612242140691
D1,K40,AFTER_INSERTION,0,3,454,3012,0.008079399469052768,0.008009930730154609,0.23523505399954908,0.2354233128375014
D1,K40,AFTER_INSERTION,0,4,482,3043,0.014939426401476162,0.014935793399736936,0.06364942334375294,0.06406712887510083
D1,K40,AFTER_INSERTION,0,5,512,3072,0.005155047261433401,0.005058741708400696,0.20594709149397522,0.20869228710077506
D1,K40,AFTER_INSERTION,0,6,547,3613,0.06268457805496397,0.06276796779543785,0.8450334706510018,0.847551653283965
D1,K40,AFTER_INSERTION,0,7,575,2550,0.0067498918312894705,0.006786822616531252,0.39397568336317473,0.39442628455055323
D1,K40,AFTER_INSERTION,0,8,632,3535,0.10028259496848675,0.10042575143808666,1.04323696624845,1.0430828650300228
D1,K40,AFTER_INSERTION,0,9,635,2615,0.07227419171595612,0.07227492922303734,0.3692162668008272,0.36921324994546073
D1,K40,AFTER_INSERTION,0,10,638,3529,0.03646044112778071,0.036423923452273445,0.6075606259714978,0.6075371948413593
D1,K40,AFTER_INSERTION,0,11,639,2620,0.08017732039320517,0.08016879864602246,0.21677004815701797,0.21676411600906434
D1,K40,AFTER_INSERTION,0,12,643,3525,0.09323959422928912,0.09321331763438459,0.31247421777042544,0.31249527209820327
D1,K40,AFTER_INSERTION,0,13,644,2625,0.02852407764554562,0.028528784978400067,0.25706398452107376,0.25706914623530885
D1,K40,AFTER_INSERTION,0,14,645,3522,0.11759519437143343,0.11758126846748247,1.0611475601648128,1.0611748863750934
D1,K40,AFTER_INSERTION,0,15,646,2628,0.042422886249914936,0.04241205869163211,0.2069974087346097,0.20701172204652615
D1,K40,AFTER_INSERTION,0,16,653,3513,0.07664353528372321,0.07667971620609162,1.1944556037068865,1.1943840068860383
D1,K40,AFTER_INSERTION,0,17,659,2646,0.20323753712775958,0.20323747322777516,0.90436336041858,0.9040678696329517
D1,K40,AFTER_INSERTION,0,18,660,3504,0.022588340445307366,0.022612647796035272,0.23487573397800926,0.23515860504264066
D1,K40,AFTER_INSERTION,0,19,661,2646,0.21262041286281044,0.2127428854676299,0.31366707525890947,0.3136597782798986
D1,K40,AFTER_INSERTION,0,20,664,3500,0.03253533513769474,0.03252531552891355,0.15183141995479324,0.15188999248410961
D1,K40,AFTER_INSERTION,0,21,702,3464,0.01727752126475722,0.01727686282020439,0.11257169854531547,0.11267988430210749
D1,K40,AFTER_INSERTION,0,22,746,3426,0.03348155341773561,0.03349474354510593,0.6030698754036314,0.6031333503999455
D1,K40,AFTER_INSERTION,0,23,762,3413,0.01952426773109315,0.01953227862570937,0.42019202577682196,0.4203118103250534
D1,K40,AFTER_INSERTION,0,24,779,3399,0.014924096449418708,0.014887257971436111,0.5707117607429949,0.5707377922843727
D1,K40,AFTER_INSERTION,0,25,816,3369,0.03344785511694874,0.03342222308597917,0.7019569061936752,0.7018527143240032
D1,K40,AFTER_INSERTION,0,26,827,3360,0.07592085404714613,0.07583722274298638,0.5309011128344696,0.5306070410618344
D1,K40,AFTER_INSERTION,0,27,843,3358,0.07557241779874099,0.07557841027582635,1.0421359329359114,1.0422048116202212
D1,K40,AFTER_INSERTION,0,28,863,3358,0.319136224292349,0.31899669347664067,1.2171485721394648,1.2179825751429019
D1,K40,AFTER_INSERTION,0,29,878,3347,0.18596797808103982,0.18701279719093006,2.531459421868555,2.531660134253012
D1,K40,AFTER_INSERTION,0,30,905,3802,0.1985465016388562,0.1985323950989555,1.6152899270817727,1.615148823906185
D1,K40,AFTER_INSERTION,0,31,931,3276,0.023917112939369732,0.024956595189120852,1.8731920308788972,1.8726684253925405
D1,K40,AFTER_INSERTION,0,32,934,3779,0.04853166539664415,0.04866523336228995,0.8161006600845129,0.8167966906953061
D1,K40,AFTER_INSERTION,0,33,936,3271,0.06806495635213076,0.0677261463147956,0.29253983750495366,0.2921798243742586
D1,K40,AFTER_INSERTION,0,34,946,3771,0.03399592435323002,0.03367400391021719,0.6362753454368595,0.6363016669492214
D1,K40,AFTER_INSERTION,0,35,954,3261,0.04998260640215199,0.05035201567889557,0.6613447762935785,0.6611474378992342
D1,K40,AFTER_INSERTION,0,36,959,3764,0.12468470116747374,0.12478315259424826,0.5722390668501098,0.5719872781162774
D1,K40,AFTER_INSERTION,0,37,973,3248,0.14441072197382274,0.14479342884931395,0.4800197408356928,0.4794885974922148
D1,K40,AFTER_INSERTION,0,38,993,3742,0.09101003370083886,0.09149739937780751,0.3904634366636424,0.392946870180649
D1,K40,AFTER_INSERTION,0,39,1002,3218,0.059241411046204444,0.06272892232863038,0.35160577032297635,0.3889139377475685
D1,K40,AFTER_INSERTION,0,40,1014,3199,0.12881446188705378,0.04128406939656225,1.9137855542753461,0.6374642417116826
D1,K40,EXTRA,1,1,283,252,0.0010811265527127679,0.0010677746329173104,0.08477675464300934,0.08376797114212937
D1,K40,EXTRA,1,2,378,2930,0.01136793555079176,0.011418942756699921,0.35493243883138637,0.3551612242140691
D1,K40,EXTRA,1,3,454,3012,0.008079399469052768,0.008009930730154609,0.23523505399954908,0.2354233128375014
D1,K40,EXTRA,1,4,482,3043,0.014939426401476162,0.014935793399736936,0.06364942334375294,0.06406712887510083
D1,K40,EXTRA,1,5,512,3072,0.005155047261433401,0.005058741708400696,0.20594709149397522,0.20869228710077506
D1,K40,EXTRA,1,6,547,3613,0.06268457805496397,0.06276796779543785,0.8450334706510018,0.847551653283965
D1,K40,EXTRA,1,7,575,2550,0.0067498918312894705,0.006786822616531252,0.39397568336317473,0.39442628455055323
D1,K40,EXTRA,1,8,632,3535,0.10028259496848675,0.10042575143808666,1.04323696624845,1.0430828650300228
D1,K40,EXTRA,1,9,635,2615,0.07227419171595612,0.07227492922303734,0.3692162668008272,0.36921324994546073
D1,K40,EXTRA,1,10,638,3529,0.03646044112778071,0.036423923452273445,0.6075606259714978,0.6075371948413593
D1,K40,EXTRA,1,11,639,2620,0.08017732039320517,0.08016879864602246,0.21677004815701797,0.21676411600906434
D1,K40,EXTRA,1,12,643,3525,0.09323959422928912,0.09321331763438459,0.31247421777042544,0.31249527209820327
D1,K40,EXTRA,1,13,644,2625,0.02852407764554562,0.028528784978400067,0.25706398452107376,0.25706914623530885
D1,K40,EXTRA,1,14,645,3522,0.11759519437143343,0.11758126846748247,1.0611475601648128,1.0611748863750934
D1,K40,EXTRA,1,15,646,2628,0.042422886249914936,0.04241205869163211,0.2069974087346097,0.20701172204652615
D1,K40,EXTRA,1,16,653,3513,0.07664353528372321,0.07667971620609162,1.1944556037068865,1.1943840068860383
D1,K40,EXTRA,1,17,659,2646,0.20323753712775958,0.20323747322777516,0.90436336041858,0.9040678696329517
D1,K40,EXTRA,1,18,660,3504,0.022588340445307366,0.022612647796035272,0.23487573397800926,0.23515860504264066
D1,K40,EXTRA,1,19,661,2646,0.21262041286281044,0.2127428854676299,0.31366707525890947,0.3136597782798986
D1,K40,EXTRA,1,20,664,3500,0.03253533513769474,0.03252531552891355,0.15183141995479324,0.15188999248410961
D1,K40,EXTRA,1,21,702,3464,0.01727752126475722,0.01727686282020439,0.11257169854531547,0.11267988430210749
D1,K40,EXTRA,1,22,746,3426,0.03348155341773561,0.03349474354510593,0.6030698754036314,0.6031333503999455
D1,K40,EXTRA,1,23,762,3413,0.01952426773109315,0.01953227862570937,0.42019202577682196,0.4203118103250534
D1,K40,EXTRA,1,24,779,3399,0.014924096449418708,0.014887257971436111,0.5707117607429949,0.5707377922843727
D1,K40,EXTRA,1,25,816,3369,0.03344785511694874,0.03342222308597917,0.7019569061936752,0.7018527143240032
D1,K40,EXTRA,1,26,827,3360,0.07592085404714613,0.07583722274298638,0.5309011128344696,0.5306070410618344
D1,K40,EXTRA,1,27,843,3358,0.07557241779874099,0.07557841027582635,1.0421359329359114,1.0422048116202212
D1,K40,EXTRA,1,28,863,3358,0.319136224292349,0.31899669347664067,1.2171485721394648,1.2179825751429019
D1,K40,EXTRA,1,29,878,3347,0.18596797808103982,0.18701279719093006,2.531459421868555,2.531660134253012
D1,K40,EXTRA,1,30,905,3802,0.1985465016388562,0.1985323950989555,1.6152899270817727,1.615148823906185
D1,K40,EXTRA,1,31,931,3276,0.023917112939369732,0.024956595189120852,1.8731920308788972,1.8726684253925405
D1,K40,EXTRA,1,32,934,3779,0.04853166539664415,0.04866523336228995,0.8161006600845129,0.8167966906953061
D1,K40,EXTRA,1,33,936,3271,0.06806495635213076,0.0677261463147956,0.29253983750495366,0.2921798243742586
D1,K40,EXTRA,1,34,946,3771,0.03399592435323002,0.03367400391021719,0.6362753454368595,0.6363016669492214
D1,K40,EXTRA,1,35,954,3261,0.04998260640215199,0.05035201567889557,0.6613447762935785,0.6611474378992342
D1,K40,EXTRA,1,36,959,3764,0.12468470116747374,0.12478315259424826,0.5722390668501098,0.5719872781162774
D1,K40,EXTRA,1,37,973,3248,0.14441072197382274,0.14479342884931395,0.4800197408356928,0.4794885974922148
D1,K40,EXTRA,1,38,993,3742,0.09101003370083886,0.09149739937780751,0.3904634366636424,0.392946870180649
D1,K40,EXTRA,1,39,1002,3218,0.059241411046204444,0.06272892232863038,0.35160577032297635,0.3889139377475685
D1,K40,EXTRA,1,40,1014,3199,0.12881446188705378,0.04128406939656225,1.9137855542753461,0.6374642417116826
D1,K40,EXTRA,2,1,283,252,0.0010811265527127679,0.0010677746329173104,0.08477675464300934,0.08376797114212937
D1,K40,EXTRA,2,2,378,2930,0.01136793555079176,0.011418942756699921,0.35493243883138637,0.3551612242140691
D1,K40,EXTRA,2,3,454,3012,0.008079399469052768,0.008009930730154609,0.23523505399954908,0.2354233128375014
D1,K40,EXTRA,2,4,482,3043,0.014939426401476162,0.014935793399736936,0.06364942334375294,0.06406712887510083
D1,K40,EXTRA,2,5,512,3072,0.005155047261433401,0.005058741708400696,0.20594709149397522,0.20869228710077506
D1,K40,EXTRA,2,6,547,3613,0.06268457805496397,0.06276796779543785,0.8450334706510018,0.847551653283965
D1,K40,EXTRA,2,7,575,2550,0.0067498918312894705,0.006786822616531252,0.39397568336317473,0.39442628455055323
D1,K40,EXTRA,2,8,632,3535,0.10028259496848675,0.10042575143808666,1.04323696624845,1.0430828650300228
D1,K40,EXTRA,2,9,635,2615,0.07227419171595612,0.07227492922303734,0.3692162668008272,0.36921324994546073
D1,K40,EXTRA,2,10,638,3529,0.03646044112778071,0.036423923452273445,0.6075606259714978,0.6075371948413593
D1,K40,EXTRA,2,11,639,2620,0.08017732039320517,0.08016879864602246,0.21677004815701797,0.21676411600906434
D1,K40,EXTRA,2,12,643,3525,0.09323959422928912,0.09321331763438459,0.31247421777042544,0.31249527209820327
D1,K40,EXTRA,2,13,644,2625,0.02852407764554562,0.028528784978400067,0.25706398452107376,0.25706914623530885
D1,K40,EXTRA,2,14,645,3522,0.11759519437143343,0.11758126846748247,1.0611475601648128,1.0611748863750934
D1,K40,EXTRA,2,15,646,2628,0.042422886249914936,0.04241205869163211,0.2069974087346097,0.20701172204652615
D1,K40,EXTRA,2,16,653,3513,0.07664353528372321,0.07667971620609162,1.1944556037068865,1.1943840068860383
D1,K40,EXTRA,2,17,659,2646,0.20323753712775958,0.20323747322777516,0.90436336041858,0.9040678696329517
D1,K40,EXTRA,2,18,660,3504,0.022588340445307366,0.022612647796035272,0.23487573397800926,0.23515860504264066
D1,K40,EXTRA,2,19,661,2646,0.21262041286281044,0.2127428854676299,0.31366707525890947,0.3136597782798986
D1,K40,EXTRA,2,20,664,3500,0.03253533513769474,0.03252531552891355,0.15183141995479324,0.15188999248410961
D1,K40,EXTRA,2,21,702,3464,0.01727752126475722,0.01727686282020439,0.11257169854531547,0.11267988430210749
D1,K40,EXTRA,2,22,746,3426,0.03348155341773561,0.03349474354510593,0.6030698754036314,0.6031333503999455
D1,K40,EXTRA,2,23,762,3413,0.01952426773109315,0.01953227862570937,0.42019202577682196,0.4203118103250534
D1,K40,EXTRA,2,24,779,3399,0.014924096449418708,0.014887257971436111,0.5707117607429949,0.5707377922843727
D1,K40,EXTRA,2,25,816,3369,0.03344785511694874,0.03342222308597917,0.7019569061936752,0.7018527143240032
D1,K40,EXTRA,2,26,827,3360,0.07592085404714613,0.07583722274298638,0.5309011128344696,0.5306070410618344
D1,K40,EXTRA,2,27,843,3358,0.07557241779874099,0.07557841027582635,1.0421359329359114,1.0422048116202212
D1,K40,EXTRA,2,28,863,3358,0.319136224292349,0.31899669347664067,1.2171485721394648,1.2179825751429019
D1,K40,EXTRA,2,29,878,3347,0.18596797808103982,0.18701279719093006,2.531459421868555,2.531660134253012
D1,K40,EXTRA,2,30,905,3802,0.1985465016388562,0.1985323950989555,1.6152899270817727,1.615148823906185
D1,K40,EXTRA,2,31,931,3276,0.023917112939369732,0.024956595189120852,1.8731920308788972,1.8726684253925405
D1,K40,EXTRA,2,32,934,3779,0.04853166539664415,0.04866523336228995,0.8161006600845129,0.8167966906953061
D1,K40,EXTRA,2,33,936,3271,0.06806495635213076,0.0677261463147956,0.29253983750495366,0.2921798243742586
D1,K40,EXTRA,2,34,946,3771,0.03399592435323002,0.03367400391021719,0.6362753454368595,0.6363016669492214
D1,K40,EXTRA,2,35,954,3261,0.04998260640215199,0.05035201567889557,0.6613447762935785,0.6611474378992342
D1,K40,EXTRA,2,36,959,3764,0.12468470116747374,0.12478315259424826,0.5722390668501098,0.5719872781162774
D1,K40,EXTRA,2,37,973,3248,0.14441072197382274,0.14479342884931395,0.4800197408356928,0.4794885974922148
D1,K40,EXTRA,2,38,993,3742,0.09101003370083886,0.09149739937780751,0.3904634366636424,0.392946870180649
D1,K40,EXTRA,2,39,1002,3218,0.059241411046204444,0.06272892232863038,0.35160577032297635,0.3889139377475685
D1,K40,EXTRA,2,40,1014,3199,0.12881446188705378,0.04128406939656225,1.9137855542753461,0.6374642417116826
D1,K40,EXTRA,3,1,283,252,0.0010667223246046892,0.0010677746329173104,0.08376882526909687,0.08376797114212937
D1,K40,EXTRA,3,2,378,2930,0.011369628909822899,0.011418942756699921,0.35507775194997565,0.3551612242140691
D1,K40,EXTRA,3,3,454,3012,0.008047414141950024,0.008009930730154609,0.23491289142632654,0.2354233128375014
D1,K40,EXTRA,3,4,482,3043,0.014935271666899027,0.014935793399736936,0.06398913529679925,0.06406712887510083
D1,K40,EXTRA,3,5,512,3072,0.00504676267798527,0.005058741708400696,0.20872552109357154,0.20869228710077506
D1,K40,EXTRA,3,6,547,3613,0.06276803693183303,0.06276796779543785,0.8474121581022229,0.847551653283965
D1,K40,EXTRA,3,7,575,2550,0.006788257740515627,0.006786822616531252,0.3943266717760102,0.39442628455055323
D1,K40,EXTRA,3,8,632,3535,0.10040032120572166,0.10042575143808666,1.0430824378486947,1.0430828650300228
D1,K40,EXTRA,3,9,635,2615,0.07227820547982816,0.07227492922303734,0.36920091805653155,0.36921324994546073
D1,K40,EXTRA,3,10,638,3529,0.03642634211427856,0.036423923452273445,0.6075344066468765,0.6075371948413593
D1,K40,EXTRA,3,11,639,2620,0.08016807757781301,0.08016879864602246,0.21677002338893847,0.21676411600906434
D1,K40,EXTRA,3,12,643,3525,0.0932151277518225,0.09321331763438459,0.31249176693218567,0.31249527209820327
D1,K40,EXTRA,3,13,644,2625,0.02852806423604312,0.028528784978400067,0.2570673135300941,0.25706914623530885
D1,K40,EXTRA,3,14,645,3522,0.11758268856171941,0.11758126846748247,1.0611757664241244,1.0611748863750934
D1,K40,EXTRA,3,15,646,2628,0.042413434189196714,0.04241205869163211,0.20700926039288806,0.20701172204652615
D1,K40,EXTRA,3,16,653,3513,0.07667631084884663,0.07667971620609162,1.19437979421122,1.1943840068860383
D1,K40,EXTRA,3,17,659,2646,0.20323711443043047,0.20323747322777516,0.9040663313111782,0.9040678696329517
D1,K40,EXTRA,3,18,660,3504,0.022611665377994958,0.022612647796035272,0.2351361040690896,0.23515860504264066
D1,K40,EXTRA,3,19,661,2646,0.2127405621457849,0.2127428854676299,0.3136150442565252,0.3136597782798986
D1,K40,EXTRA,3,20,664,3500,0.03252270039910141,0.03252531552891355,0.15189596644177267,0.15188999248410961
D1,K40,EXTRA,3,21,702,3464,0.017278880972310208,0.01727686282020439,0.1126024754874803,0.11267988430210749
D1,K40,EXTRA,3,22,746,3426,0.033492134771714824,0.03349474354510593,0.6031520666828877,0.6031333503999455
D1,K40,EXTRA,3,23,762,3413,0.019532167643785563,0.01953227862570937,0.42033804719911144,0.4203118103250534
D1,K40,EXTRA,3,24,779,3399,0.014889083322328509,0.014887257971436111,0.5707274651132312,0.5707377922843727
D1,K40,EXTRA,3,25,816,3369,0.03341929761681908,0.03342222308597917,0.7018527055586079,0.7018527143240032
D1,K40,EXTRA,3,26,827,3360,0.07584029520726872,0.07583722274298638,0.5305884903989971,0.5306070410618344
D1,K40,EXTRA,3,27,843,3358,0.07557778168721724,0.07557841027582635,1.042204852597722,1.0422048116202212
D1,K40,EXTRA,3,28,863,3358,0.31898938684196043,0.31899669347664067,1.218037798432047,1.2179825751429019
D1,K40,EXTRA,3,29,878,3347,0.18692785070605653,0.18701279719093006,2.5313226113359923,2.531660134253012
D1,K40,EXTRA,3,30,905,3802,0.1985714654480319,0.1985323950989555,1.6151858235814909,1.615148823906185
D1,K40,EXTRA,3,31,931,3276,0.024803109818662007,0.024956595189120852,1.8727836493341221,1.8726684253925405
D1,K40,EXTRA,3,32,934,3779,0.04868007524886708,0.04866523336228995,0.8163254263893643,0.8167966906953061
D1,K40,EXTRA,3,33,936,3271,0.06774227830569668,0.0677261463147956,0.2923419265050926,0.2921798243742586
D1,K40,EXTRA,3,34,946,3771,0.03368362764923173,0.03367400391021719,0.6362685553614189,0.6363016669492214
D1,K40,EXTRA,3,35,954,3261,0.05034844445396161,0.05035201567889557,0.6611969827077198,0.6611474378992342
D1,K40,EXTRA,3,36,959,3764,0.1247801618203387,0.12478315259424826,0.5720072185785139,0.5719872781162774
D1,K40,EXTRA,3,37,973,3248,0.14477202534038175,0.14479342884931395,0.479545536617831,0.4794885974922148
D1,K40,EXTRA,3,38,993,3742,0.09149896532937783,0.09149739937780751,0.39286447554391485,0.392946870180649
D1,K40,EXTRA,3,39,1002,3218,0.06279412778277317,0.06272892232863038,0.38836899067080716,0.3889139377475685
D1,K40,EXTRA,3,40,1014,3199,0.03971479962362072,0.04128406939656225,0.638388479179978,0.6374642417116826
D1,K40,EXTRA,4,1,283,252,0.0010667223246046892,0.0010677746329173104,0.08376882526909687,0.08376797114212937
D1,K40,EXTRA,4,2,378,2930,0.011369628909822899,0.011418942756699921,0.35507775194997565,0.3551612242140691
D1,K40,EXTRA,4,3,454,3012,0.008047414141950024,0.008009930730154609,0.23491289142632654,0.2354233128375014
D1,K40,EXTRA,4,4,482,3043,0.014935271666899027,0.014935793399736936,0.06398913529679925,0.06406712887510083
D1,K40,EXTRA,4,5,512,3072,0.00504676267798527,0.005058741708400696,0.20872552109357154,0.20869228710077506
D1,K40,EXTRA,4,6,547,3613,0.06276803693183303,0.06276796779543785,0.8474121581022229,0.847551653283965
D1,K40,EXTRA,4,7,575,2550,0.006788257740515627,0.006786822616531252,0.3943266717760102,0.39442628455055323
D1,K40,EXTRA,4,8,632,3535,0.10040032120572166,0.10042575143808666,1.0430824378486947,1.0430828650300228
D1,K40,EXTRA,4,9,635,2615,0.07227820547982816,0.07227492922303734,0.36920091805653155,0.36921324994546073
D1,K40,EXTRA,4,10,638,3529,0.03642634211427856,0.036423923452273445,0.6075344066468765,0.6075371948413593
D1,K40,EXTRA,4,11,639,2620,0.08016807757781301,0.08016879864602246,0.21677002338893847,0.21676411600906434
D1,K40,EXTRA,4,12,643,3525,0.0932151277518225,0.09321331763438459,0.31249176693218567,0.31249527209820327
D1,K40,EXTRA,4,13,644,2625,0.02852806423604312,0.028528784978400067,0.2570673135300941,0.25706914623530885
D1,K40,EXTRA,4,14,645,3522,0.11758268856171941,0.11758126846748247,1.0611757664241244,1.0611748863750934
D1,K40,EXTRA,4,15,646,2628,0.042413434189196714,0.04241205869163211,0.20700926039288806,0.20701172204652615
D1,K40,EXTRA,4,16,653,3513,0.07667631084884663,0.07667971620609162,1.19437979421122,1.1943840068860383
D1,K40,EXTRA,4,17,659,2646,0.20323711443043047,0.20323747322777516,0.9040663313111782,0.9040678696329517
D1,K40,EXTRA,4,18,660,3504,0.022611665377994958,0.022612647796035272,0.2351361040690896,0.23515860504264066
D1,K40,EXTRA,4,19,661,2646,0.2127405621457849,0.2127428854676299,0.3136150442565252,0.3136597782798986
D1,K40,EXTRA,4,20,664,3500,0.03252270039910141,0.03252531552891355,0.15189596644177267,0.15188999248410961
D1,K40,EXTRA,4,21,702,3464,0.017278880972310208,0.01727686282020439,0.1126024754874803,0.11267988430210749
D1,K40,EXTRA,4,22,746,3426,0.033492134771714824,0.03349474354510593,0.6031520666828877,0.6031333503999455
D1,K40,EXTRA,4,23,762,3413,0.019532167643785563,0.01953227862570937,0.42033804719911144,0.4203118103250534
D1,K40,EXTRA,4,24,779,3399,0.014889083322328509,0.014887257971436111,0.5707274651132312,0.5707377922843727
D1,K40,EXTRA,4,25,816,3369,0.03341929761681908,0.03342222308597917,0.7018527055586079,0.7018527143240032
D1,K40,EXTRA,4,26,827,3360,0.07584029520726872,0.07583722274298638,0.5305884903989971,0.5306070410618344
D1,K40,EXTRA,4,27,843,3358,0.07557778168721724,0.07557841027582635,1.042204852597722,1.0422048116202212
D1,K40,EXTRA,4,28,863,3358,0.31898938684196043,0.31899669347664067,1.218037798432047,1.2179825751429019
D1,K40,EXTRA,4,29,878,3347,0.18692785070605653,0.18701279719093006,2.5313226113359923,2.531660134253012
D1,K40,EXTRA,4,30,905,3802,0.1985714654480319,0.1985323950989555,1.6151858235814909,1.615148823906185
D1,K40,EXTRA,4,31,931,3276,0.024803109818662007,0.024956595189120852,1.8727836493341221,1.8726684253925405
D1,K40,EXTRA,4,32,934,3779,0.04868007524886708,0.04866523336228995,0.8163254263893643,0.8167966906953061
D1,K40,EXTRA,4,33,936,3271,0.06774227830569668,0.0677261463147956,0.2923419265050926,0.2921798243742586
D1,K40,EXTRA,4,34,946,3771,0.03368362764923173,0.03367400391021719,0.6362685553614189,0.6363016669492214
D1,K40,EXTRA,4,35,954,3261,0.05034844445396161,0.05035201567889557,0.6611969827077198,0.6611474378992342
D1,K40,EXTRA,4,36,959,3764,0.1247801618203387,0.12478315259424826,0.5720072185785139,0.5719872781162774
D1,K40,EXTRA,4,37,973,3248,0.14477202534038175,0.14479342884931395,0.479545536617831,0.4794885974922148
D1,K40,EXTRA,4,38,993,3742,0.09149896532937783,0.09149739937780751,0.39286447554391485,0.392946870180649
D1,K40,EXTRA,4,39,1002,3218,0.06279412778277317,0.06272892232863038,0.38836899067080716,0.3889139377475685
D1,K40,EXTRA,4,40,1014,3199,0.03971479962362072,0.04128406939656225,0.638388479179978,0.6374642417116826
D1,K40,EXTRA,5,1,283,252,0.0010667223246046892,0.0010677746329173104,0.08376882526909687,0.08376797114212937
D1,K40,EXTRA,5,2,378,2930,0.011369628909822899,0.011418942756699921,0.35507775194997565,0.3551612242140691
D1,K40,EXTRA,5,3,454,3012,0.008047414141950024,0.008009930730154609,0.23491289142632654,0.2354233128375014
D1,K40,EXTRA,5,4,482,3043,0.014935271666899027,0.014935793399736936,0.06398913529679925,0.06406712887510083
D1,K40,EXTRA,5,5,512,3072,0.00504676267798527,0.005058741708400696,0.20872552109357154,0.20869228710077506
D1,K40,EXTRA,5,6,547,3613,0.06276803693183303,0.06276796779543785,0.8474121581022229,0.847551653283965
D1,K40,EXTRA,5,7,575,2550,0.006788257740515627,0.006786822616531252,0.3943266717760102,0.39442628455055323
D1,K40,EXTRA,5,8,632,3535,0.10040032120572166,0.10042575143808666,1.0430824378486947,1.0430828650300228
D1,K40,EXTRA,5,9,635,2615,0.07227820547982816,0.07227492922303734,0.36920091805653155,0.36921324994546073
D1,K40,EXTRA,5,10,638,3529,0.03642634211427856,0.036423923452273445,0.6075344066468765,0.6075371948413593
D1,K40,EXTRA,5,11,639,2620,0.08016807757781301,0.08016879864602246,0.21677002338893847,0.21676411600906434
D1,K40,EXTRA,5,12,643,3525,0.0932151277518225,0.09321331763438459,0.31249176693218567,0.31249527209820327
D1,K40,EXTRA,5,13,644,2625,0.02852806423604312,0.028528784978400067,0.2570673135300941,0.25706914623530885
D1,K40,EXTRA,5,14,645,3522,0.11758268856171941,0.11758126846748247,1.0611757664241244,1.0611748863750934
D1,K40,EXTRA,5,15,646,2628,0.042413434189196714,0.04241205869163211,0.20700926039288806,0.20701172204652615
D1,K40,EXTRA,5,16,653,3513,0.07667631084884663,0.07667971620609162,1.19437979421122,1.1943840068860383
D1,K40,EXTRA,5,17,659,2646,0.20323711443043047,0.20323747322777516,0.9040663313111782,0.9040678696329517
D1,K40,EXTRA,5,18,660,3504,0.022611665377994958,0.022612647796035272,0.2351361040690896,0.23515860504264066
D1,K40,EXTRA,5,19,661,2646,0.2127405621457849,0.2127428854676299,0.3136150442565252,0.3136597782798986
D1,K40,EXTRA,5,20,664,3500,0.03252270039910141,0.03252531552891355,0.15189596644177267,0.15188999248410961
D1,K40,EXTRA,5,21,702,3464,0.017278880972310208,0.01727686282020439,0.1126024754874803,0.11267988430210749
D1,K40,EXTRA,5,22,746,3426,0.033492134771714824,0.03349474354510593,0.6031520666828877,0.6031333503999455
D1,K40,EXTRA,5,23,762,3413,0.019532167643785563,0.01953227862570937,0.42033804719911144,0.4203118103250534
D1,K40,EXTRA,5,24,779,3399,0.014889083322328509,0.014887257971436111,0.5707274651132312,0.5707377922843727
D1,K40,EXTRA,5,25,816,3369,0.03341929761681908,0.03342222308597917,0.7018527055586079,0.7018527143240032
D1,K40,EXTRA,5,26,827,3360,0.07584029520726872,0.07583722274298638,0.5305884903989971,0.5306070410618344
D1,K40,EXTRA,5,27,843,3358,0.07557778168721724,0.07557841027582635,1.042204852597722,1.0422048116202212
D1,K40,EXTRA,5,28,863,3358,0.31898938684196043,0.31899669347664067,1.218037798432047,1.2179825751429019
D1,K40,EXTRA,5,29,878,3347,0.18692785070605653,0.18701279719093006,2.5313226113359923,2.531660134253012
D1,K40,EXTRA,5,30,905,3802,0.1985714654480319,0.1985323950989555,1.6151858235814909,1.615148823906185
D1,K40,EXTRA,5,31,931,3276,0.024803109818662007,0.024956595189120852,1.8727836493341221,1.8726684253925405
D1,K40,EXTRA,5,32,934,3779,0.04868007524886708,0.04866523336228995,0.8163254263893643,0.8167966906953061
D1,K40,EXTRA,5,33,936,3271,0.06774227830569668,0.0677261463147956,0.2923419265050926,0.2921798243742586
D1,K40,EXTRA,5,34,946,3771,0.03368362764923173,0.03367400391021719,0.6362685553614189,0.6363016669492214
D1,K40,EXTRA,5,35,954,3261,0.05034844445396161,0.05035201567889557,0.6611969827077198,0.6611474378992342
D1,K40,EXTRA,5,36,959,3764,0.1247801618203387,0.12478315259424826,0.5720072185785139,0.5719872781162774
D1,K40,EXTRA,5,37,973,3248,0.14477202534038175,0.14479342884931395,0.479545536617831,0.4794885974922148
D1,K40,EXTRA,5,38,993,3742,0.09149896532937783,0.09149739937780751,0.39286447554391485,0.392946870180649
D1,K40,EXTRA,5,39,1002,3218,0.06279412778277317,0.06272892232863038,0.38836899067080716,0.3889139377475685
D1,K40,EXTRA,5,40,1014,3199,0.03971479962362072,0.04128406939656225,0.638388479179978,0.6374642417116826
D1,K75,BEFORE_EVENT,-1,1,283,252,0.0012102319182607222,0.0012127027031993256,0.0950382199411428,0.09512038190606836
D1,K75,BEFORE_EVENT,-1,2,378,2930,0.010669280084471329,0.01086621116622994,0.32496779634123635,0.32481647914700773
D1,K75,BEFORE_EVENT,-1,3,454,3012,0.010715943100497121,0.010583716573963618,0.26034588466188663,0.2599194829362234
D1,K75,BEFORE_EVENT,-1,4,482,3043,0.008471864263498836,0.008482633175210294,0.10456576685904788,0.10460199883862015
D1,K75,BEFORE_EVENT,-1,5,512,3072,0.04527446437789321,0.045248641022568724,0.15527923938592272,0.1541082412389537
D1,K75,BEFORE_EVENT,-1,6,547,3613,0.06054414255035034,0.06054670274514517,0.9027100562522621,0.9026687248887251
D1,K75,BEFORE_EVENT,-1,7,575,2550,0.029641957590524085,0.029594882534886277,0.39878753741114886,0.3988922426133554
D1,K75,BEFORE_EVENT,-1,8,632,3535,0.10298191149543989,0.1029464754403935,1.0072000260248752,1.0066642042351812
D1,K75,BEFORE_EVENT,-1,9,635,2615,0.07097846349910639,0.07099753812376249,0.35235623044516134,0.35310801246617646
D1,K75,BEFORE_EVENT,-1,10,638,3529,0.03625709458023215,0.03571309360647107,0.6018870942217838,0.6010354090854723
D1,K75,BEFORE_EVENT,-1,11,639,2620,0.0803037514008172,0.08021031489916201,0.22243828064180243,0.22238740031597454
D1,K75,BEFORE_EVENT,-1,12,643,3525,0.09270425854547176,0.09271868345127654,0.30570570209456555,0.30567846040265695
D1,K75,BEFORE_EVENT,-1,13,644,2625,0.028921134325674235,0.02848870702950321,0.26000816049504444,0.259975996451111
D1,K75,BEFORE_EVENT,-1,14,645,3522,0.11749271189055685,0.11799973350540768,1.0661936542035757,1.0662329430975577
D1,K75,BEFORE_EVENT,-1,15,646,2628,0.04406351388933053,0.0440611058282547,0.21472768467039177,0.21471930510865916
D1,K75,BEFORE_EVENT,-1,16,653,3513,0.08030537738843614,0.08031207617289816,1.1708195388620315,1.1708318396640924
D1,K75,BEFORE_EVENT,-1,17,659,2646,0.21822710560196812,0.21822940504176555,0.6660369222431988,0.6660836711045931
D1,K75,BEFORE_EVENT,-1,18,660,3504,0.032665770288922834,0.032668781543569475,0.49363944741746074,0.4936734794267495
D1,K75,BEFORE_EVENT,-1,19,661,2646,0.1867649035741286,0.18676208692688542,0.7208912645782086,0.7210118252222817
D1,K75,BEFORE_EVENT,-1,20,664,3500,0.05564771539096895,0.05564974153446691,0.45250225587404114,0.4525404599853186
D1,K75,BEFORE_EVENT,-1,21,702,3464,0.015035508266764702,0.01561018209461849,0.09220793792586593,0.09234371152011446
D1,K75,BEFORE_EVENT,-1,22,746,3426,0.03318815796223917,0.03373535976905354,0.5279065118380505,0.528195937256326
D1,K75,BEFORE_EVENT,-1,23,762,3413,0.026565098904748233,0.025845028780093014,0.19133769997680244,0.19169017188838827
D1,K75,BEFORE_EVENT,-1,24,779,3399,0.011268594807283087,0.01130469121973279,0.363973065288959,0.3636198265165364
D1,K75,BEFORE_EVENT,-1,25,816,3369,0.03304205751020683,0.03305524723838118,0.4933998938347834,0.4932942918028711
D1,K75,BEFORE_EVENT,-1,26,827,3360,0.07772462013871234,0.07772315942842624,0.3831490737307668,0.3830531770631363
D1,K75,BEFORE_EVENT,-1,27,843,3358,0.0735884002628129,0.07358719282515008,1.1465317805431559,1.1465432212490616
D1,K75,BEFORE_EVENT,-1,28,863,3358,0.3367626710111835,0.336754914185065,1.1051103411294863,1.1057806823264822
D1,K75,BEFORE_EVENT,-1,29,878,3347,0.1661646332488126,0.16609003753068752,2.478004138998072,2.4777839151851295
D1,K75,BEFORE_EVENT,-1,30,905,3802,0.1483414564098589,0.14824588617340806,2.5249685879311556,2.525450796171364
D1,K75,BEFORE_EVENT,-1,31,931,3276,0.02993022575750321,0.03026567928090199,1.7596692624199781,1.7625560367638895
D1,K75,BEFORE_EVENT,-1,32,934,3779,0.052835377996285335,0.05272359198475083,0.8754952781474324,0.8778545824804509
D1,K75,BEFORE_EVENT,-1,33,936,3271,0.07003833293081226,0.06998847399061987,0.2581553518069613,0.25791224067980584
D1,K75,BEFORE_EVENT,-1,34,946,3771,0.032424986859286443,0.0324309445081353,0.6346095610069648,0.6345797931878469
D1,K75,BEFORE_EVENT,-1,35,954,3261,0.05214790779200349,0.0521463133250665,0.6657592377798444,0.6660164925498577
D1,K75,BEFORE_EVENT,-1,36,959,3764,0.1255977215634263,0.12561821084713987,0.5760556570492787,0.575272306958239
D1,K75,BEFORE_EVENT,-1,37,973,3248,0.14667196051717665,0.14677440808809217,0.47829047663883845,0.4778454049254074
D1,K75,BEFORE_EVENT,-1,38,993,3742,0.1031778324521062,0.10320132197944852,0.45626762301830387,0.45453879637543304
D1,K75,BEFORE_EVENT,-1,39,1002,3218,0.06330790904663744,0.06331547753957086,0.38154060026552705,0.38157846540800566
D1,K75,BEFORE_EVENT,-1,40,1014,3199,0.022802405565520382,0.022813423078824432,0.520383825150835,0.5206897858342743
D1,K75,BEFORE_EVENT,-1,41,1036,3174,0.042900679625948145,0.042901117011758916,0.2868405149704551,0.2869446739850558
D1,K75,BEFORE_EVENT,-1,42,1037,3686,0.039023007930743196,0.039024759682192586,0.1455242041452932,0.1448338474585475
D1,K75,BEFORE_EVENT,-1,43,1041,3168,0.044983831767719744,0.044997702357526245,0.2135654712302278,0.21301756885069095
D1,K75,BEFORE_EVENT,-1,44,1052,3672,0.01964710764792152,0.019669681280290216,0.24730978628134298,0.24714089502663886
D1,K75,BEFORE_EVENT,-1,45,1067,2481,0.09298530206389988,0.09281354527896347,0.6398213994112084,0.6387584100242637
D1,K75,BEFORE_EVENT,-1,46,1082,2493,0.06384382208493335,0.06384465278273911,0.4159562935555121,0.41595100564594034
D1,K75,BEFORE_EVENT,-1,47,1083,3130,0.0691729127671787,0.06918961998026045,0.28745067965314947,0.2874793066256415
D1,K75,BEFORE_EVENT,-1,48,1087,3645,0.013861894110133256,0.013857731078712182,0.10009391077381302,0.10003251596640708
D1,K75,BEFORE_EVENT,-1,49,1090,3124,0.0838488709483391,0.08383841923111648,0.17122692183925278,0.17124049902628932
D1,K75,BEFORE_EVENT,-1,50,1120,2528,0.03841164536669081,0.03841573209808623,0.24542782846422637,0.2455504584745512
D1,K75,BEFORE_EVENT,-1,51,1134,3082,0.08513933668605111,0.08513123333492463,0.5459219577106968,0.5451550418971943
D1,K75,BEFORE_EVENT,-1,52,1144,3073,0.029558382303810395,0.028989153378785458,0.23716282581203812,0.2370356718027005
D1,K75,BEFORE_EVENT,-1,53,1169,3041,0.015043776206984383,0.014543224432943045,0.15289218198702956,0.15240647140659927
D1,K75,BEFORE_EVENT,-1,54,1191,3019,0.015162152046542891,0.015076952581075283,0.07925782320050521,0.07883490624947073
D1,K75,BEFORE_EVENT,-1,55,1308,2933,0.10717146333424969,0.10719570166350036,0.3512957740959871,0.3509062591000095
D1,K75,BEFORE_EVENT,-1,56,1327,2908,0.04207461999037975,0.04147054396533927,0.8317600278085292,0.8309174137071693
D1,K75,BEFORE_EVENT,-1,57,1373,2865,0.026121507364162636,0.02622658746894262,1.099707147119562,1.0998009445429178
D1,K75,BEFORE_EVENT,-1,58,1424,2819,0.11529891101980691,0.1153407454509848,2.1295526084496847,2.129486694911083
D1,K75,BEFORE_EVENT,-1,59,1444,2798,0.05465374567737561,0.053994290864786354,0.815908807807652,0.8147694629953737
D1,K75,BEFORE_EVENT,-1,60,1489,2755,0.03777442871572525,0.03777679564930416,0.8496698374477186,0.8496359688941441
D1,K75,BEFORE_EVENT,-1,61,1579,2678,0.07578810790757615,0.07554234764385998,0.40091734700865916,0.40075712752520637
D1,K75,BEFORE_EVENT,-1,62,1606,2654,0.04897765892637784,0.04898302779092142,0.9766705378621834,0.9766158312640978
D1,K75,BEFORE_EVENT,-1,63,1619,3494,0.0704820211343273,0.07048510196918166,0.6716109786459202,0.6716431980022496
D1,K75,BEFORE_EVENT,-1,64,1650,3461,0.11309789540612286,0.1130924058451953,0.1230632425545473,0.12309934753252157
D1,K75,BEFORE_EVENT,-1,65,1656,3454,0.34299557469463166,0.3428542778395801,0.2068166276538035,0.20704515260821377
D1,K75,BEFORE_EVENT,-1,66,1661,3451,0.2499280003948439,0.2497568361114391,0.5075326915371151,0.5075472579782228
D1,K75,BEFORE_EVENT,-1,67,1694,3417,0.018197688563283965,0.018202004222708956,0.8544604542014876,0.8544668543346853
D1,K75,BEFORE_EVENT,-1,68,1716,3399,0.020340769967182742,0.0203231111900273,0.467491094107126,0.4675946822851058
D1,K75,BEFORE_EVENT,-1,69,1744,3382,0.06952462740228837,0.06952328843733421,0.23584327180338038,0.23587553685330068
D1,K75,BEFORE_EVENT,-1,70,1748,3379,0.07653904125013274,0.0765475132919283,0.3588427087656059,0.3587851802366183
D1,K75,BEFORE_EVENT,-1,71,1763,3365,0.054305156617612586,0.05431638762024627,0.37063450500272344,0.37081841856492853
D1,K75,BEFORE_EVENT,-1,72,1776,3365,0.031130672095527848,0.031130728795041432,0.3553539793836951,0.35526387071807497
D1,K75,BEFORE_EVENT,-1,73,1789,3358,0.0688429112941635,0.06883012593799348,1.2225412877399398,1.2223019244960744
D1,K75,BEFORE_EVENT,-1,74,1806,3863,0.05125056220889727,0.05122208184825873,0.48477484812837396,0.4840419628676252
D1,K75,AFTER_INSERTION,0,1,283,252,0.0012102319182607222,0.001212618414258673,0.0950382199411428,0.09511227868108187
D1,K75,AFTER_INSERTION,0,2,378,2930,0.010669420188304753,0.010866365222263991,0.32496099927095007,0.3248043582367477
D1,K75,AFTER_INSERTION,0,3,454,3012,0.010715811661303781,0.010583636103913175,0.2603457226642869,0.25991885143324656
D1,K75,AFTER_INSERTION,0,4,482,3043,0.008471905649040521,0.00848267325882641,0.10456533822428955,0.10460164603947891
D1,K75,AFTER_INSERTION,0,5,512,3072,0.04527448012039625,0.04524863134709993,0.1552678900617369,0.15409720186262396
D1,K75,AFTER_INSERTION,0,6,547,3613,0.06054441461184654,0.06054712529552385,0.9027246609449476,0.9026879617346085
D1,K75,AFTER_INSERTION,0,7,575,2550,0.02964103061188653,0.0295939005481105,0.39879774318538813,0.39890496076830084
D1,K75,AFTER_INSERTION,0,8,632,3535,0.10298170567537006,0.10294657329320377,1.0072019547803321,1.0066671167962375
D1,K75,AFTER_INSERTION,0,9,635,2615,0.0706544199862046,0.0709977013278023,0.3538704679939534,0.35310915130748755
D1,K75,AFTER_INSERTION,0,10,638,3529,0.036568865648584734,0.035713275023050745,0.6003323413701591,0.6010357953037362
D1,K75,AFTER_INSERTION,0,11,639,2620,0.07975017843041457,0.08021033806415252,0.22388594853477065,0.2223861807722327
D1,K75,AFTER_INSERTION,0,12,643,3525,0.09270425854547176,0.0927189143141487,0.30570570209456555,0.3056806339626054
D1,K75,AFTER_INSERTION,0,13,644,2625,0.02845288397260003,0.028488788002428298,0.2615774715126714,0.2599753465639342
D1,K75,AFTER_INSERTION,0,14,645,3522,0.11819741223053443,0.11799979860281358,1.0646275463007762,1.0662324371447578
D1,K75,AFTER_INSERTION,0,15,646,2628,0.04406351521074353,0.04406110342564587,0.2147277094669418,0.2147194991791074
D1,K75,AFTER_INSERTION,0,16,653,3513,0.08030536684553675,0.0803120974321956,1.1708196121402947,1.1708318600157823
D1,K75,AFTER_INSERTION,0,17,659,2646,0.21822723812648523,0.21822935606542593,0.6660392386342981,0.6660846696677153
D1,K75,AFTER_INSERTION,0,18,660,3504,0.0326660232365171,0.03266915582812686,0.49363878876480893,0.49367193600629894
D1,K75,AFTER_INSERTION,0,19,661,2646,0.18676507629578898,0.1867619062263638,0.72088877502392,0.7210066272958657
D1,K75,AFTER_INSERTION,0,20,664,3500,0.055647974293355294,0.05565013064796518,0.4525024323040525,0.45253974963079774
D1,K75,AFTER_INSERTION,0,21,702,3464,0.015611337722854694,0.015609811337535627,0.09232647250824752,0.09234401024516377
D1,K75,AFTER_INSERTION,0,22,746,3426,0.03298561312191439,0.03373543395200884,0.5252914886366263,0.5281948838054915
D1,K75,AFTER_INSERTION,0,23,762,3413,0.025843175231677153,0.02584487179838272,0.19164918597200262,0.19168537643503428
D1,K75,AFTER_INSERTION,0,24,779,3399,0.011268791570439383,0.011305089312450294,0.36397271109177615,0.3636189143413126
D1,K75,AFTER_INSERTION,0,25,816,3369,0.03305255773880166,0.03305577845854168,0.49335389650117656,0.4932868098323839
D1,K75,AFTER_INSERTION,0,26,827,3360,0.07772440445700249,0.07772247665228964,0.3831537646354941,0.38305742019826405
D1,K75,AFTER_INSERTION,0,27,843,3358,0.07358756860407631,0.07358574192349315,1.146519744090873,1.1465319786432393
D1,K75,AFTER_INSERTION,0,28,863,3358,0.3367609044277432,0.3367511283905525,1.1054170582843077,1.1060850170409293
D1,K75,AFTER_INSERTION,0,29,878,3347,0.16616913240853834,0.16612961496417725,2.478136244688102,2.477858145170818
D1,K75,AFTER_INSERTION,0,30,905,3802,0.14833530931290947,0.14823925180991254,2.524621140985888,2.525093989181794
D1,K75,AFTER_INSERTION,0,31,931,3276,0.029932290829369955,0.03027250538328086,1.759689366851555,1.7625759318104748
D1,K75,AFTER_INSERTION,0,32,934,3779,0.05283048734244645,0.05269484163316411,0.8754766667676758,0.8778490336270951
D1,K75,AFTER_INSERTION,0,33,936,3271,0.07003570524272822,0.06998162329375146,0.25816330605252513,0.2579196931764059
D1,K75,AFTER_INSERTION,0,34,946,3771,0.03242491332924458,0.032434696044701714,0.63461330273167,0.6345861705401055
D1,K75,AFTER_INSERTION,0,35,954,3261,0.05214794319490048,0.052144191531276814,0.6657521874309043,0.6660096264146806
D1,K75,AFTER_INSERTION,0,36,959,3764,0.12559665905785047,0.1256159404071306,0.5760602110575771,0.575277118745534
D1,K75,AFTER_INSERTION,0,37,973,3248,0.1466712364393234,0.14677229260381766,0.4782854409124085,0.4778405439642764
D1,K75,AFTER_INSERTION,0,38,993,3742,0.10317964142859411,0.10320288558027661,0.4562652887763777,0.4545417908455267
D1,K75,AFTER_INSERTION,0,39,1002,3218,0.06330606063260756,0.06331257089277924,0.38153400143465677,0.3815702492394223
D1,K75,AFTER_INSERTION,0,40,1014,3199,0.022801551452832174,0.02281265079145667,0.5203771134880447,0.5206803211514329
D1,K75,AFTER_INSERTION,0,41,1036,3174,0.04290061303239096,0.042900698728725026,0.28683365150334755,0.28693784968648545
D1,K75,AFTER_INSERTION,0,42,1037,3686,0.03902274266554432,0.03902433546396687,0.14552751604790762,0.1448305098534496
D1,K75,AFTER_INSERTION,0,43,1041,3168,0.04498361834113891,0.044997939798622884,0.21356418525931936,0.21301511572762968
D1,K75,AFTER_INSERTION,0,44,1052,3672,0.0196471754043742,0.019669313927140827,0.24730431206188672,0.2471339783361096
D1,K75,AFTER_INSERTION,0,45,1067,2481,0.09298473478357747,0.0928136011041724,0.63978675259535,0.6387221129896764
D1,K75,AFTER_INSERTION,0,46,1082,2493,0.06384434203467117,0.06384494351689513,0.4159562757924855,0.4159483785805325
D1,K75,AFTER_INSERTION,0,47,1083,3130,0.06917276786267346,0.06918888057396469,0.2874417106810436,0.2874689140822751
D1,K75,AFTER_INSERTION,0,48,1087,3645,0.013861886025357746,0.013857819240786686,0.10009045663961043,0.10002938222478998
D1,K75,AFTER_INSERTION,0,49,1090,3124,0.08384876200847736,0.08383862466611504,0.17122836561754032,0.17124218380452785
D1,K75,AFTER_INSERTION,0,50,1120,2528,0.038411492250059076,0.038414414491771375,0.24541761403783613,0.24553818388689352
D1,K75,AFTER_INSERTION,0,51,1134,3082,0.08506082340849884,0.08513066835936857,0.5452063988765531,0.5451471672873234
D1,K75,AFTER_INSERTION,0,52,1144,3073,0.029559240219435186,0.028989199238593482,0.2371579580980944,0.23703084777499792
D1,K75,AFTER_INSERTION,0,53,1169,3041,0.015173360674650952,0.014543137397116074,0.15287280436316886,0.15240756860066557
D1,K75,AFTER_INSERTION,0,54,1191,3019,0.015162039187630089,0.015076884983387358,0.07925695299109363,0.07883379767513174
D1,K75,AFTER_INSERTION,0,55,1308,2933,0.10717170693096857,0.10719594271026255,0.35129976064520513,0.3509130886522804
D1,K75,AFTER_INSERTION,0,56,1327,2908,0.04203567190490643,0.0414701440884404,0.8322162742608908,0.8309167541093322
D1,K75,AFTER_INSERTION,0,57,1373,2865,0.026234246557792235,0.026226524337639254,1.0997738105564787,1.0998009117372995
D1,K75,AFTER_INSERTION,0,58,1424,2819,0.11529895852634924,0.11533997040695891,2.1295528997764137,2.1294881667656185
D1,K75,AFTER_INSERTION,0,59,1444,2798,0.054654064423403856,0.05399432983452778,0.8159090355423029,0.8147699144094963
D1,K75,AFTER_INSERTION,0,60,1489,2755,0.03777444686565012,0.03777669268377891,0.8496697559545306,0.8496360310567994
D1,K75,AFTER_INSERTION,0,61,1579,2678,0.07554308879216141,0.07554230429499154,0.40079464085904964,0.40075743964428234
D1,K75,AFTER_INSERTION,0,62,1606,2654,0.04897836489196015,0.048983204534653255,0.9766706725789198,0.9766175870275069
D1,K75,AFTER_INSERTION,0,63,1619,3494,0.07048206980044769,0.07048507029503688,0.6716135781587527,0.6716454412180921
D1,K75,AFTER_INSERTION,0,64,1650,3461,0.11309783922636817,0.11309230146193465,0.12306314364141419,0.12309941206301549
D1,K75,AFTER_INSERTION,0,65,1656,3454,0.3434234167938986,0.34285380411333083,0.20512352622380314,0.20704743615876575
D1,K75,AFTER_INSERTION,0,66,1661,3451,0.2503200211195736,0.24975668736216253,0.5061159106184059,0.5075470589188258
D1,K75,AFTER_INSERTION,0,67,1694,3417,0.018196804668571175,0.018201590786917205,0.8544893458362839,0.8544670038268098
D1,K75,AFTER_INSERTION,0,68,1716,3399,0.020340821205995032,0.02032334494111776,0.4674912990008174,0.46759456409099387
D1,K75,AFTER_INSERTION,0,69,1744,3382,0.06952469476979495,0.06952329701461644,0.23584090913434988,0.23587373747905857
D1,K75,AFTER_INSERTION,0,70,1748,3379,0.0765482763125188,0.07654749850316818,0.35879487400144433,0.3587857569000285
D1,K75,AFTER_INSERTION,0,71,1763,3365,0.0543125414218969,0.054315769754766756,0.3706455131847136,0.3707969759602928
D1,K75,AFTER_INSERTION,0,72,1776,3365,0.031133681601130118,0.031133672408140012,0.3553900977681683,0.35530366407244635
D1,K75,AFTER_INSERTION,0,73,1789,3358,0.06884993184438508,0.06883478958703722,1.2219154458760741,1.2216604659048471
D1,K75,AFTER_INSERTION,0,74,1806,3863,0.04647960801400065,0.04642200808815406,0.5945510475209697,0.5961472239978511
D1,K75,AFTER_INSERTION,0,75,1967,4176,1.5450352049952472,0.006055028883128482,1.3709702644284913,0.07279238746925305
D1,K75,EXTRA,1,1,283,252,0.0012102319182607222,0.001212618414258673,0.0950382199411428,0.09511227868108187
D1,K75,EXTRA,1,2,378,2930,0.010669420188304753,0.010866365222263991,0.32496099927095007,0.3248043582367477
D1,K75,EXTRA,1,3,454,3012,0.010715811661303781,0.010583636103913175,0.2603457226642869,0.25991885143324656
D1,K75,EXTRA,1,4,482,3043,0.008471905649040521,0.00848267325882641,0.10456533822428955,0.10460164603947891
D1,K75,EXTRA,1,5,512,3072,0.04527448012039625,0.04524863134709993,0.1552678900617369,0.15409720186262396
D1,K75,EXTRA,1,6,547,3613,0.06054441461184654,0.06054712529552385,0.9027246609449476,0.9026879617346085
D1,K75,EXTRA,1,7,575,2550,0.02964103061188653,0.0295939005481105,0.39879774318538813,0.39890496076830084
D1,K75,EXTRA,1,8,632,3535,0.10298170567537006,0.10294657329320377,1.0072019547803321,1.0066671167962375
D1,K75,EXTRA,1,9,635,2615,0.0706544199862046,0.0709977013278023,0.3538704679939534,0.35310915130748755
D1,K75,EXTRA,1,10,638,3529,0.036568865648584734,0.035713275023050745,0.6003323413701591,0.6010357953037362
D1,K75,EXTRA,1,11,639,2620,0.07975017843041457,0.08021033806415252,0.22388594853477065,0.2223861807722327
D1,K75,EXTRA,1,12,643,3525,0.09270425854547176,0.0927189143141487,0.30570570209456555,0.3056806339626054
D1,K75,EXTRA,1,13,644,2625,0.02845288397260003,0.028488788002428298,0.2615774715126714,0.2599753465639342
D1,K75,EXTRA,1,14,645,3522,0.11819741223053443,0.11799979860281358,1.0646275463007762,1.0662324371447578
D1,K75,EXTRA,1,15,646,2628,0.04406351521074353,0.04406110342564587,0.2147277094669418,0.2147194991791074
D1,K75,EXTRA,1,16,653,3513,0.08030536684553675,0.0803120974321956,1.1708196121402947,1.1708318600157823
D1,K75,EXTRA,1,17,659,2646,0.21822723812648523,0.21822935606542593,0.6660392386342981,0.6660846696677153
D1,K75,EXTRA,1,18,660,3504,0.0326660232365171,0.03266915582812686,0.49363878876480893,0.49367193600629894
D1,K75,EXTRA,1,19,661,2646,0.18676507629578898,0.1867619062263638,0.72088877502392,0.7210066272958657
D1,K75,EXTRA,1,20,664,3500,0.055647974293355294,0.05565013064796518,0.4525024323040525,0.45253974963079774
D1,K75,EXTRA,1,21,702,3464,0.015611337722854694,0.015609811337535627,0.09232647250824752,0.09234401024516377
D1,K75,EXTRA,1,22,746,3426,0.03298561312191439,0.03373543395200884,0.5252914886366263,0.5281948838054915
D1,K75,EXTRA,1,23,762,3413,0.025843175231677153,0.02584487179838272,0.19164918597200262,0.19168537643503428
D1,K75,EXTRA,1,24,779,3399,0.011268791570439383,0.011305089312450294,0.36397271109177615,0.3636189143413126
D1,K75,EXTRA,1,25,816,3369,0.03305255773880166,0.03305577845854168,0.49335389650117656,0.4932868098323839
D1,K75,EXTRA,1,26,827,3360,0.07772440445700249,0.07772247665228964,0.3831537646354941,0.38305742019826405
D1,K75,EXTRA,1,27,843,3358,0.07358756860407631,0.07358574192349315,1.146519744090873,1.1465319786432393
D1,K75,EXTRA,1,28,863,3358,0.3367609044277432,0.3367511283905525,1.1054170582843077,1.1060850170409293
D1,K75,EXTRA,1,29,878,3347,0.16616913240853834,0.16612961496417725,2.478136244688102,2.477858145170818
D1,K75,EXTRA,1,30,905,3802,0.14833530931290947,0.14823925180991254,2.524621140985888,2.525093989181794
D1,K75,EXTRA,1,31,931,3276,0.029932290829369955,0.03027250538328086,1.759689366851555,1.7625759318104748
D1,K75,EXTRA,1,32,934,3779,0.05283048734244645,0.05269484163316411,0.8754766667676758,0.8778490336270951
D1,K75,EXTRA,1,33,936,3271,0.07003570524272822,0.06998162329375146,0.25816330605252513,0.2579196931764059
D1,K75,EXTRA,1,34,946,3771,0.03242491332924458,0.032434696044701714,0.63461330273167,0.6345861705401055
D1,K75,EXTRA,1,35,954,3261,0.05214794319490048,0.052144191531276814,0.6657521874309043,0.6660096264146806
D1,K75,EXTRA,1,36,959,3764,0.12559665905785047,0.1256159404071306,0.5760602110575771,0.575277118745534
D1,K75,EXTRA,1,37,973,3248,0.1466712364393234,0.14677229260381766,0.4782854409124085,0.4778405439642764
D1,K75,EXTRA,1,38,993,3742,0.10317964142859411,0.10320288558027661,0.4562652887763777,0.4545417908455267
D1,K75,EXTRA,1,39,1002,3218,0.06330606063260756,0.06331257089277924,0.38153400143465677,0.3815702492394223
D1,K75,EXTRA,1,40,1014,3199,0.022801551452832174,0.02281265079145667,0.5203771134880447,0.5206803211514329
D1,K75,EXTRA,1,41,1036,3174,0.04290061303239096,0.042900698728725026,0.28683365150334755,0.28693784968648545
D1,K75,EXTRA,1,42,1037,3686,0.03902274266554432,0.03902433546396687,0.14552751604790762,0.1448305098534496
D1,K75,EXTRA,1,43,1041,3168,0.04498361834113891,0.044997939798622884,0.21356418525931936,0.21301511572762968
D1,K75,EXTRA,1,44,1052,3672,0.0196471754043742,0.019669313927140827,0.24730431206188672,0.2471339783361096
D1,K75,EXTRA,1,45,1067,2481,0.09298473478357747,0.0928136011041724,0.63978675259535,0.6387221129896764
D1,K75,EXTRA,1,46,1082,2493,0.06384434203467117,0.06384494351689513,0.4159562757924855,0.4159483785805325
D1,K75,EXTRA,1,47,1083,3130,0.06917276786267346,0.06918888057396469,0.2874417106810436,0.2874689140822751
D1,K75,EXTRA,1,48,1087,3645,0.013861886025357746,0.013857819240786686,0.10009045663961043,0.10002938222478998
D1,K75,EXTRA,1,49,1090,3124,0.08384876200847736,0.08383862466611504,0.17122836561754032,0.17124218380452785
D1,K75,EXTRA,1,50,1120,2528,0.038411492250059076,0.038414414491771375,0.24541761403783613,0.24553818388689352
D1,K75,EXTRA,1,51,1134,3082,0.08506082340849884,0.08513066835936857,0.5452063988765531,0.5451471672873234
D1,K75,EXTRA,1,52,1144,3073,0.029559240219435186,0.028989199238593482,0.2371579580980944,0.23703084777499792
D1,K75,EXTRA,1,53,1169,3041,0.015173360674650952,0.014543137397116074,0.15287280436316886,0.15240756860066557
D1,K75,EXTRA,1,54,1191,3019,0.015162039187630089,0.015076884983387358,0.07925695299109363,0.07883379767513174
D1,K75,EXTRA,1,55,1308,2933,0.10717170693096857,0.10719594271026255,0.35129976064520513,0.3509130886522804
D1,K75,EXTRA,1,56,1327,2908,0.04203567190490643,0.0414701440884404,0.8322162742608908,0.8309167541093322
D1,K75,EXTRA,1,57,1373,2865,0.026234246557792235,0.026226524337639254,1.0997738105564787,1.0998009117372995
D1,K75,EXTRA,1,58,1424,2819,0.11529895852634924,0.11533997040695891,2.1295528997764137,2.1294881667656185
D1,K75,EXTRA,1,59,1444,2798,0.054654064423403856,0.05399432983452778,0.8159090355423029,0.8147699144094963
D1,K75,EXTRA,1,60,1489,2755,0.03777444686565012,0.03777669268377891,0.8496697559545306,0.8496360310567994
D1,K75,EXTRA,1,61,1579,2678,0.07554308879216141,0.07554230429499154,0.40079464085904964,0.40075743964428234
D1,K75,EXTRA,1,62,1606,2654,0.04897836489196015,0.048983204534653255,0.9766706725789198,0.9766175870275069
D1,K75,EXTRA,1,63,1619,3494,0.07048206980044769,0.07048507029503688,0.6716135781587527,0.6716454412180921
D1,K75,EXTRA,1,64,1650,3461,0.11309783922636817,0.11309230146193465,0.12306314364141419,0.12309941206301549
D1,K75,EXTRA,1,65,1656,3454,0.3434234167938986,0.34285380411333083,0.20512352622380314,0.20704743615876575
D1,K75,EXTRA,1,66,1661,3451,0.2503200211195736,0.24975668736216253,0.5061159106184059,0.5075470589188258
D1,K75,EXTRA,1,67,1694,3417,0.018196804668571175,0.018201590786917205,0.8544893458362839,0.8544670038268098
D1,K75,EXTRA,1,68,1716,3399,0.020340821205995032,0.02032334494111776,0.4674912990008174,0.46759456409099387
D1,K75,EXTRA,1,69,1744,3382,0.06952469476979495,0.06952329701461644,0.23584090913434988,0.23587373747905857
D1,K75,EXTRA,1,70,1748,3379,0.0765482763125188,0.07654749850316818,0.35879487400144433,0.3587857569000285
D1,K75,EXTRA,1,71,1763,3365,0.0543125414218969,0.054315769754766756,0.3706455131847136,0.3707969759602928
D1,K75,EXTRA,1,72,1776,3365,0.031133681601130118,0.031133672408140012,0.3553900977681683,0.35530366407244635
D1,K75,EXTRA,1,73,1789,3358,0.06884993184438508,0.06883478958703722,1.2219154458760741,1.2216604659048471
D1,K75,EXTRA,1,74,1806,3863,0.04647960801400065,0.04642200808815406,0.5945510475209697,0.5961472239978511
D1,K75,EXTRA,1,75,1967,4176,1.5450352049952472,0.006055028883128482,1.3709702644284913,0.07279238746925305
D1,K75,EXTRA,2,1,283,252,0.0012102319182607222,0.001212618414258673,0.0950382199411428,0.09511227868108187
D1,K75,EXTRA,2,2,378,2930,0.010669420188304753,0.010866365222263991,0.32496099927095007,0.3248043582367477
D1,K75,EXTRA,2,3,454,3012,0.010715811661303781,0.010583636103913175,0.2603457226642869,0.25991885143324656
D1,K75,EXTRA,2,4,482,3043,0.008471905649040521,0.00848267325882641,0.10456533822428955,0.10460164603947891
D1,K75,EXTRA,2,5,512,3072,0.04527448012039625,0.04524863134709993,0.1552678900617369,0.15409720186262396
D1,K75,EXTRA,2,6,547,3613,0.06054441461184654,0.06054712529552385,0.9027246609449476,0.9026879617346085
D1,K75,EXTRA,2,7,575,2550,0.02964103061188653,0.0295939005481105,0.39879774318538813,0.39890496076830084
D1,K75,EXTRA,2,8,632,3535,0.10298170567537006,0.10294657329320377,1.0072019547803321,1.0066671167962375
D1,K75,EXTRA,2,9,635,2615,0.0706544199862046,0.0709977013278023,0.3538704679939534,0.35310915130748755
D1,K75,EXTRA,2,10,638,3529,0.036568865648584734,0.035713275023050745,0.6003323413701591,0.6010357953037362
D1,K75,EXTRA,2,11,639,2620,0.07975017843041457,0.08021033806415252,0.22388594853477065,0.2223861807722327
D1,K75,EXTRA,2,12,643,3525,0.09270425854547176,0.0927189143141487,0.30570570209456555,0.3056806339626054
D1,K75,EXTRA,2,13,644,2625,0.02845288397260003,0.028488788002428298,0.2615774715126714,0.2599753465639342
D1,K75,EXTRA,2,14,645,3522,0.11819741223053443,0.11799979860281358,1.0646275463007762,1.0662324371447578
D1,K75,EXTRA,2,15,646,2628,0.04406351521074353,0.04406110342564587,0.2147277094669418,0.2147194991791074
D1,K75,EXTRA,2,16,653,3513,0.08030536684553675,0.0803120974321956,1.1708196121402947,1.1708318600157823
D1,K75,EXTRA,2,17,659,2646,0.21822723812648523,0.21822935606542593,0.6660392386342981,0.6660846696677153
D1,K75,EXTRA,2,18,660,3504,0.0326660232365171,0.03266915582812686,0.49363878876480893,0.49367193600629894
D1,K75,EXTRA,2,19,661,2646,0.18676507629578898,0.1867619062263638,0.72088877502392,0.7210066272958657
D1,K75,EXTRA,2,20,664,3500,0.055647974293355294,0.05565013064796518,0.4525024323040525,0.45253974963079774
D1,K75,EXTRA,2,21,702,3464,0.015611337722854694,0.015609811337535627,0.09232647250824752,0.09234401024516377
D1,K75,EXTRA,2,22,746,3426,0.03298561312191439,0.03373543395200884,0.5252914886366263,0.5281948838054915
D1,K75,EXTRA,2,23,762,3413,0.025843175231677153,0.02584487179838272,0.19164918597200262,0.19168537643503428
D1,K75,EXTRA,2,24,779,3399,0.011268791570439383,0.011305089312450294,0.36397271109177615,0.3636189143413126
D1,K75,EXTRA,2,25,816,3369,0.03305255773880166,0.03305577845854168,0.49335389650117656,0.4932868098323839
D1,K75,EXTRA,2,26,827,3360,0.07772440445700249,0.07772247665228964,0.3831537646354941,0.38305742019826405
D1,K75,EXTRA,2,27,843,3358,0.07358756860407631,0.07358574192349315,1.146519744090873,1.1465319786432393
D1,K75,EXTRA,2,28,863,3358,0.3367609044277432,0.3367511283905525,1.1054170582843077,1.1060850170409293
D1,K75,EXTRA,2,29,878,3347,0.16616913240853834,0.16612961496417725,2.478136244688102,2.477858145170818
D1,K75,EXTRA,2,30,905,3802,0.14833530931290947,0.14823925180991254,2.524621140985888,2.525093989181794
D1,K75,EXTRA,2,31,931,3276,0.029932290829369955,0.03027250538328086,1.759689366851555,1.7625759318104748
D1,K75,EXTRA,2,32,934,3779,0.05283048734244645,0.05269484163316411,0.8754766667676758,0.8778490336270951
D1,K75,EXTRA,2,33,936,3271,0.07003570524272822,0.06998162329375146,0.25816330605252513,0.2579196931764059
D1,K75,EXTRA,2,34,946,3771,0.03242491332924458,0.032434696044701714,0.63461330273167,0.6345861705401055
D1,K75,EXTRA,2,35,954,3261,0.05214794319490048,0.052144191531276814,0.6657521874309043,0.6660096264146806
D1,K75,EXTRA,2,36,959,3764,0.12559665905785047,0.1256159404071306,0.5760602110575771,0.575277118745534
D1,K75,EXTRA,2,37,973,3248,0.1466712364393234,0.14677229260381766,0.4782854409124085,0.4778405439642764
D1,K75,EXTRA,2,38,993,3742,0.10317964142859411,0.10320288558027661,0.4562652887763777,0.4545417908455267
D1,K75,EXTRA,2,39,1002,3218,0.06330606063260756,0.06331257089277924,0.38153400143465677,0.3815702492394223
D1,K75,EXTRA,2,40,1014,3199,0.022801551452832174,0.02281265079145667,0.5203771134880447,0.5206803211514329
D1,K75,EXTRA,2,41,1036,3174,0.04290061303239096,0.042900698728725026,0.28683365150334755,0.28693784968648545
D1,K75,EXTRA,2,42,1037,3686,0.03902274266554432,0.03902433546396687,0.14552751604790762,0.1448305098534496
D1,K75,EXTRA,2,43,1041,3168,0.04498361834113891,0.044997939798622884,0.21356418525931936,0.21301511572762968
D1,K75,EXTRA,2,44,1052,3672,0.0196471754043742,0.019669313927140827,0.24730431206188672,0.2471339783361096
D1,K75,EXTRA,2,45,1067,2481,0.09298473478357747,0.0928136011041724,0.63978675259535,0.6387221129896764
D1,K75,EXTRA,2,46,1082,2493,0.06384434203467117,0.06384494351689513,0.4159562757924855,0.4159483785805325
D1,K75,EXTRA,2,47,1083,3130,0.06917276786267346,0.06918888057396469,0.2874417106810436,0.2874689140822751
D1,K75,EXTRA,2,48,1087,3645,0.013861886025357746,0.013857819240786686,0.10009045663961043,0.10002938222478998
D1,K75,EXTRA,2,49,1090,3124,0.08384876200847736,0.08383862466611504,0.17122836561754032,0.17124218380452785
D1,K75,EXTRA,2,50,1120,2528,0.038411492250059076,0.038414414491771375,0.24541761403783613,0.24553818388689352
D1,K75,EXTRA,2,51,1134,3082,0.08506082340849884,0.08513066835936857,0.5452063988765531,0.5451471672873234
D1,K75,EXTRA,2,52,1144,3073,0.029559240219435186,0.028989199238593482,0.2371579580980944,0.23703084777499792
D1,K75,EXTRA,2,53,1169,3041,0.015173360674650952,0.014543137397116074,0.15287280436316886,0.15240756860066557
D1,K75,EXTRA,2,54,1191,3019,0.015162039187630089,0.015076884983387358,0.07925695299109363,0.07883379767513174
D1,K75,EXTRA,2,55,1308,2933,0.10717170693096857,0.10719594271026255,0.35129976064520513,0.3509130886522804
D1,K75,EXTRA,2,56,1327,2908,0.04203567190490643,0.0414701440884404,0.8322162742608908,0.8309167541093322
D1,K75,EXTRA,2,57,1373,2865,0.026234246557792235,0.026226524337639254,1.0997738105564787,1.0998009117372995
D1,K75,EXTRA,2,58,1424,2819,0.11529895852634924,0.11533997040695891,2.1295528997764137,2.1294881667656185
D1,K75,EXTRA,2,59,1444,2798,0.054654064423403856,0.05399432983452778,0.8159090355423029,0.8147699144094963
D1,K75,EXTRA,2,60,1489,2755,0.03777444686565012,0.03777669268377891,0.8496697559545306,0.8496360310567994
D1,K75,EXTRA,2,61,1579,2678,0.07554308879216141,0.07554230429499154,0.40079464085904964,0.40075743964428234
D1,K75,EXTRA,2,62,1606,2654,0.04897836489196015,0.048983204534653255,0.9766706725789198,0.9766175870275069
D1,K75,EXTRA,2,63,1619,3494,0.07048206980044769,0.07048507029503688,0.6716135781587527,0.6716454412180921
D1,K75,EXTRA,2,64,1650,3461,0.11309783922636817,0.11309230146193465,0.12306314364141419,0.12309941206301549
D1,K75,EXTRA,2,65,1656,3454,0.3434234167938986,0.34285380411333083,0.20512352622380314,0.20704743615876575
D1,K75,EXTRA,2,66,1661,3451,0.2503200211195736,0.24975668736216253,0.5061159106184059,0.5075470589188258
D1,K75,EXTRA,2,67,1694,3417,0.018196804668571175,0.018201590786917205,0.8544893458362839,0.8544670038268098
D1,K75,EXTRA,2,68,1716,3399,0.020340821205995032,0.02032334494111776,0.4674912990008174,0.46759456409099387
D1,K75,EXTRA,2,69,1744,3382,0.06952469476979495,0.06952329701461644,0.23584090913434988,0.23587373747905857
D1,K75,EXTRA,2,70,1748,3379,0.0765482763125188,0.07654749850316818,0.35879487400144433,0.3587857569000285
D1,K75,EXTRA,2,71,1763,3365,0.0543125414218969,0.054315769754766756,0.3706455131847136,0.3707969759602928
D1,K75,EXTRA,2,72,1776,3365,0.031133681601130118,0.031133672408140012,0.3553900977681683,0.35530366407244635
D1,K75,EXTRA,2,73,1789,3358,0.06884993184438508,0.06883478958703722,1.2219154458760741,1.2216604659048471
D1,K75,EXTRA,2,74,1806,3863,0.04647960801400065,0.04642200808815406,0.5945510475209697,0.5961472239978511
D1,K75,EXTRA,2,75,1967,4176,1.5450352049952472,0.006055028883128482,1.3709702644284913,0.07279238746925305
D1,K75,EXTRA,3,1,283,252,0.0012102319182607222,0.001212618414258673,0.0950382199411428,0.09511227868108187
D1,K75,EXTRA,3,2,378,2930,0.010669420188304753,0.010866365222263991,0.32496099927095007,0.3248043582367477
D1,K75,EXTRA,3,3,454,3012,0.010715811661303781,0.010583636103913175,0.2603457226642869,0.25991885143324656
D1,K75,EXTRA,3,4,482,3043,0.008471905649040521,0.00848267325882641,0.10456533822428955,0.10460164603947891
D1,K75,EXTRA,3,5,512,3072,0.04527448012039625,0.04524863134709993,0.1552678900617369,0.15409720186262396
D1,K75,EXTRA,3,6,547,3613,0.06054441461184654,0.06054712529552385,0.9027246609449476,0.9026879617346085
D1,K75,EXTRA,3,7,575,2550,0.02964103061188653,0.0295939005481105,0.39879774318538813,0.39890496076830084
D1,K75,EXTRA,3,8,632,3535,0.10298170567537006,0.10294657329320377,1.0072019547803321,1.0066671167962375
D1,K75,EXTRA,3,9,635,2615,0.0706544199862046,0.0709977013278023,0.3538704679939534,0.35310915130748755
D1,K75,EXTRA,3,10,638,3529,0.036568865648584734,0.035713275023050745,0.6003323413701591,0.6010357953037362
D1,K75,EXTRA,3,11,639,2620,0.07975017843041457,0.08021033806415252,0.22388594853477065,0.2223861807722327
D1,K75,EXTRA,3,12,643,3525,0.09270425854547176,0.0927189143141487,0.30570570209456555,0.3056806339626054
D1,K75,EXTRA,3,13,644,2625,0.02845288397260003,0.028488788002428298,0.2615774715126714,0.2599753465639342
D1,K75,EXTRA,3,14,645,3522,0.11819741223053443,0.11799979860281358,1.0646275463007762,1.0662324371447578
D1,K75,EXTRA,3,15,646,2628,0.04406351521074353,0.04406110342564587,0.2147277094669418,0.2147194991791074
D1,K75,EXTRA,3,16,653,3513,0.08030536684553675,0.0803120974321956,1.1708196121402947,1.1708318600157823
D1,K75,EXTRA,3,17,659,2646,0.21822723812648523,0.21822935606542593,0.6660392386342981,0.6660846696677153
D1,K75,EXTRA,3,18,660,3504,0.0326660232365171,0.03266915582812686,0.49363878876480893,0.49367193600629894
D1,K75,EXTRA,3,19,661,2646,0.18676507629578898,0.1867619062263638,0.72088877502392,0.7210066272958657
D1,K75,EXTRA,3,20,664,3500,0.055647974293355294,0.05565013064796518,0.4525024323040525,0.45253974963079774
D1,K75,EXTRA,3,21,702,3464,0.015611337722854694,0.015609811337535627,0.09232647250824752,0.09234401024516377
D1,K75,EXTRA,3,22,746,3426,0.03298561312191439,0.03373543395200884,0.5252914886366263,0.5281948838054915
D1,K75,EXTRA,3,23,762,3413,0.025843175231677153,0.02584487179838272,0.19164918597200262,0.19168537643503428
D1,K75,EXTRA,3,24,779,3399,0.011268791570439383,0.011305089312450294,0.36397271109177615,0.3636189143413126
D1,K75,EXTRA,3,25,816,3369,0.03305255773880166,0.03305577845854168,0.49335389650117656,0.4932868098323839
D1,K75,EXTRA,3,26,827,3360,0.07772440445700249,0.07772247665228964,0.3831537646354941,0.38305742019826405
D1,K75,EXTRA,3,27,843,3358,0.07358756860407631,0.07358574192349315,1.146519744090873,1.1465319786432393
D1,K75,EXTRA,3,28,863,3358,0.3367609044277432,0.3367511283905525,1.1054170582843077,1.1060850170409293
D1,K75,EXTRA,3,29,878,3347,0.16616913240853834,0.16612961496417725,2.478136244688102,2.477858145170818
D1,K75,EXTRA,3,30,905,3802,0.14833530931290947,0.14823925180991254,2.524621140985888,2.525093989181794
D1,K75,EXTRA,3,31,931,3276,0.029932290829369955,0.03027250538328086,1.759689366851555,1.7625759318104748
D1,K75,EXTRA,3,32,934,3779,0.05283048734244645,0.05269484163316411,0.8754766667676758,0.8778490336270951
D1,K75,EXTRA,3,33,936,3271,0.07003570524272822,0.06998162329375146,0.25816330605252513,0.2579196931764059
D1,K75,EXTRA,3,34,946,3771,0.03242491332924458,0.032434696044701714,0.63461330273167,0.6345861705401055
D1,K75,EXTRA,3,35,954,3261,0.05214794319490048,0.052144191531276814,0.6657521874309043,0.6660096264146806
D1,K75,EXTRA,3,36,959,3764,0.12559665905785047,0.1256159404071306,0.5760602110575771,0.575277118745534
D1,K75,EXTRA,3,37,973,3248,0.1466712364393234,0.14677229260381766,0.4782854409124085,0.4778405439642764
D1,K75,EXTRA,3,38,993,3742,0.10317964142859411,0.10320288558027661,0.4562652887763777,0.4545417908455267
D1,K75,EXTRA,3,39,1002,3218,0.06330606063260756,0.06331257089277924,0.38153400143465677,0.3815702492394223
D1,K75,EXTRA,3,40,1014,3199,0.022801551452832174,0.02281265079145667,0.5203771134880447,0.5206803211514329
D1,K75,EXTRA,3,41,1036,3174,0.04290061303239096,0.042900698728725026,0.28683365150334755,0.28693784968648545
D1,K75,EXTRA,3,42,1037,3686,0.03902274266554432,0.03902433546396687,0.14552751604790762,0.1448305098534496
D1,K75,EXTRA,3,43,1041,3168,0.04498361834113891,0.044997939798622884,0.21356418525931936,0.21301511572762968
D1,K75,EXTRA,3,44,1052,3672,0.0196471754043742,0.019669313927140827,0.24730431206188672,0.2471339783361096
D1,K75,EXTRA,3,45,1067,2481,0.09298473478357747,0.0928136011041724,0.63978675259535,0.6387221129896764
D1,K75,EXTRA,3,46,1082,2493,0.06384434203467117,0.06384494351689513,0.4159562757924855,0.4159483785805325
D1,K75,EXTRA,3,47,1083,3130,0.06917276786267346,0.06918888057396469,0.2874417106810436,0.2874689140822751
D1,K75,EXTRA,3,48,1087,3645,0.013861886025357746,0.013857819240786686,0.10009045663961043,0.10002938222478998
D1,K75,EXTRA,3,49,1090,3124,0.08384876200847736,0.08383862466611504,0.17122836561754032,0.17124218380452785
D1,K75,EXTRA,3,50,1120,2528,0.038411492250059076,0.038414414491771375,0.24541761403783613,0.24553818388689352
D1,K75,EXTRA,3,51,1134,3082,0.08506082340849884,0.08513066835936857,0.5452063988765531,0.5451471672873234
D1,K75,EXTRA,3,52,1144,3073,0.029559240219435186,0.028989199238593482,0.2371579580980944,0.23703084777499792
D1,K75,EXTRA,3,53,1169,3041,0.015173360674650952,0.014543137397116074,0.15287280436316886,0.15240756860066557
D1,K75,EXTRA,3,54,1191,3019,0.015162039187630089,0.015076884983387358,0.07925695299109363,0.07883379767513174
D1,K75,EXTRA,3,55,1308,2933,0.10717170693096857,0.10719594271026255,0.35129976064520513,0.3509130886522804
D1,K75,EXTRA,3,56,1327,2908,0.04203567190490643,0.0414701440884404,0.8322162742608908,0.8309167541093322
D1,K75,EXTRA,3,57,1373,2865,0.026234246557792235,0.026226524337639254,1.0997738105564787,1.0998009117372995
D1,K75,EXTRA,3,58,1424,2819,0.11529895852634924,0.11533997040695891,2.1295528997764137,2.1294881667656185
D1,K75,EXTRA,3,59,1444,2798,0.054654064423403856,0.05399432983452778,0.8159090355423029,0.8147699144094963
D1,K75,EXTRA,3,60,1489,2755,0.03777444686565012,0.03777669268377891,0.8496697559545306,0.8496360310567994
D1,K75,EXTRA,3,61,1579,2678,0.07554308879216141,0.07554230429499154,0.40079464085904964,0.40075743964428234
D1,K75,EXTRA,3,62,1606,2654,0.04897836489196015,0.048983204534653255,0.9766706725789198,0.9766175870275069
D1,K75,EXTRA,3,63,1619,3494,0.07048206980044769,0.07048507029503688,0.6716135781587527,0.6716454412180921
D1,K75,EXTRA,3,64,1650,3461,0.11309783922636817,0.11309230146193465,0.12306314364141419,0.12309941206301549
D1,K75,EXTRA,3,65,1656,3454,0.3434234167938986,0.34285380411333083,0.20512352622380314,0.20704743615876575
D1,K75,EXTRA,3,66,1661,3451,0.2503200211195736,0.24975668736216253,0.5061159106184059,0.5075470589188258
D1,K75,EXTRA,3,67,1694,3417,0.018196804668571175,0.018201590786917205,0.8544893458362839,0.8544670038268098
D1,K75,EXTRA,3,68,1716,3399,0.020340821205995032,0.02032334494111776,0.4674912990008174,0.46759456409099387
D1,K75,EXTRA,3,69,1744,3382,0.06952469476979495,0.06952329701461644,0.23584090913434988,0.23587373747905857
D1,K75,EXTRA,3,70,1748,3379,0.0765482763125188,0.07654749850316818,0.35879487400144433,0.3587857569000285
D1,K75,EXTRA,3,71,1763,3365,0.0543125414218969,0.054315769754766756,0.3706455131847136,0.3707969759602928
D1,K75,EXTRA,3,72,1776,3365,0.031133681601130118,0.031133672408140012,0.3553900977681683,0.35530366407244635
D1,K75,EXTRA,3,73,1789,3358,0.06884993184438508,0.06883478958703722,1.2219154458760741,1.2216604659048471
D1,K75,EXTRA,3,74,1806,3863,0.04647960801400065,0.04642200808815406,0.5945510475209697,0.5961472239978511
D1,K75,EXTRA,3,75,1967,4176,1.5450352049952472,0.006055028883128482,1.3709702644284913,0.07279238746925305
D1,K75,EXTRA,4,1,283,252,0.0012102319182607222,0.001212618414258673,0.0950382199411428,0.09511227868108187
D1,K75,EXTRA,4,2,378,2930,0.010669420188304753,0.010866365222263991,0.32496099927095007,0.3248043582367477
D1,K75,EXTRA,4,3,454,3012,0.010715811661303781,0.010583636103913175,0.2603457226642869,0.25991885143324656
D1,K75,EXTRA,4,4,482,3043,0.008471905649040521,0.00848267325882641,0.10456533822428955,0.10460164603947891
D1,K75,EXTRA,4,5,512,3072,0.04527448012039625,0.04524863134709993,0.1552678900617369,0.15409720186262396
D1,K75,EXTRA,4,6,547,3613,0.06054441461184654,0.06054712529552385,0.9027246609449476,0.9026879617346085
D1,K75,EXTRA,4,7,575,2550,0.02964103061188653,0.0295939005481105,0.39879774318538813,0.39890496076830084
D1,K75,EXTRA,4,8,632,3535,0.10298170567537006,0.10294657329320377,1.0072019547803321,1.0066671167962375
D1,K75,EXTRA,4,9,635,2615,0.0706544199862046,0.0709977013278023,0.3538704679939534,0.35310915130748755
D1,K75,EXTRA,4,10,638,3529,0.036568865648584734,0.035713275023050745,0.6003323413701591,0.6010357953037362
D1,K75,EXTRA,4,11,639,2620,0.07975017843041457,0.08021033806415252,0.22388594853477065,0.2223861807722327
D1,K75,EXTRA,4,12,643,3525,0.09270425854547176,0.0927189143141487,0.30570570209456555,0.3056806339626054
D1,K75,EXTRA,4,13,644,2625,0.02845288397260003,0.028488788002428298,0.2615774715126714,0.2599753465639342
D1,K75,EXTRA,4,14,645,3522,0.11819741223053443,0.11799979860281358,1.0646275463007762,1.0662324371447578
D1,K75,EXTRA,4,15,646,2628,0.04406351521074353,0.04406110342564587,0.2147277094669418,0.2147194991791074
D1,K75,EXTRA,4,16,653,3513,0.08030536684553675,0.0803120974321956,1.1708196121402947,1.1708318600157823
D1,K75,EXTRA,4,17,659,2646,0.21822723812648523,0.21822935606542593,0.6660392386342981,0.6660846696677153
D1,K75,EXTRA,4,18,660,3504,0.0326660232365171,0.03266915582812686,0.49363878876480893,0.49367193600629894
D1,K75,EXTRA,4,19,661,2646,0.18676507629578898,0.1867619062263638,0.72088877502392,0.7210066272958657
D1,K75,EXTRA,4,20,664,3500,0.055647974293355294,0.05565013064796518,0.4525024323040525,0.45253974963079774
D1,K75,EXTRA,4,21,702,3464,0.015611337722854694,0.015609811337535627,0.09232647250824752,0.09234401024516377
D1,K75,EXTRA,4,22,746,3426,0.03298561312191439,0.03373543395200884,0.5252914886366263,0.5281948838054915
D1,K75,EXTRA,4,23,762,3413,0.025843175231677153,0.02584487179838272,0.19164918597200262,0.19168537643503428
D1,K75,EXTRA,4,24,779,3399,0.011268791570439383,0.011305089312450294,0.36397271109177615,0.3636189143413126
D1,K75,EXTRA,4,25,816,3369,0.03305255773880166,0.03305577845854168,0.49335389650117656,0.4932868098323839
D1,K75,EXTRA,4,26,827,3360,0.07772440445700249,0.07772247665228964,0.3831537646354941,0.38305742019826405
D1,K75,EXTRA,4,27,843,3358,0.07358756860407631,0.07358574192349315,1.146519744090873,1.1465319786432393
D1,K75,EXTRA,4,28,863,3358,0.3367609044277432,0.3367511283905525,1.1054170582843077,1.1060850170409293
D1,K75,EXTRA,4,29,878,3347,0.16616913240853834,0.16612961496417725,2.478136244688102,2.477858145170818
D1,K75,EXTRA,4,30,905,3802,0.14833530931290947,0.14823925180991254,2.524621140985888,2.525093989181794
D1,K75,EXTRA,4,31,931,3276,0.029932290829369955,0.03027250538328086,1.759689366851555,1.7625759318104748
D1,K75,EXTRA,4,32,934,3779,0.05283048734244645,0.05269484163316411,0.8754766667676758,0.8778490336270951
D1,K75,EXTRA,4,33,936,3271,0.07003570524272822,0.06998162329375146,0.25816330605252513,0.2579196931764059
D1,K75,EXTRA,4,34,946,3771,0.03242491332924458,0.032434696044701714,0.63461330273167,0.6345861705401055
D1,K75,EXTRA,4,35,954,3261,0.05214794319490048,0.052144191531276814,0.6657521874309043,0.6660096264146806
D1,K75,EXTRA,4,36,959,3764,0.12559665905785047,0.1256159404071306,0.5760602110575771,0.575277118745534
D1,K75,EXTRA,4,37,973,3248,0.1466712364393234,0.14677229260381766,0.4782854409124085,0.4778405439642764
D1,K75,EXTRA,4,38,993,3742,0.10317964142859411,0.10320288558027661,0.4562652887763777,0.4545417908455267
D1,K75,EXTRA,4,39,1002,3218,0.06330606063260756,0.06331257089277924,0.38153400143465677,0.3815702492394223
D1,K75,EXTRA,4,40,1014,3199,0.022801551452832174,0.02281265079145667,0.5203771134880447,0.5206803211514329
D1,K75,EXTRA,4,41,1036,3174,0.04290061303239096,0.042900698728725026,0.28683365150334755,0.28693784968648545
D1,K75,EXTRA,4,42,1037,3686,0.03902274266554432,0.03902433546396687,0.14552751604790762,0.1448305098534496
D1,K75,EXTRA,4,43,1041,3168,0.04498361834113891,0.044997939798622884,0.21356418525931936,0.21301511572762968
D1,K75,EXTRA,4,44,1052,3672,0.0196471754043742,0.019669313927140827,0.24730431206188672,0.2471339783361096
D1,K75,EXTRA,4,45,1067,2481,0.09298473478357747,0.0928136011041724,0.63978675259535,0.6387221129896764
D1,K75,EXTRA,4,46,1082,2493,0.06384434203467117,0.06384494351689513,0.4159562757924855,0.4159483785805325
D1,K75,EXTRA,4,47,1083,3130,0.06917276786267346,0.06918888057396469,0.2874417106810436,0.2874689140822751
D1,K75,EXTRA,4,48,1087,3645,0.013861886025357746,0.013857819240786686,0.10009045663961043,0.10002938222478998
D1,K75,EXTRA,4,49,1090,3124,0.08384876200847736,0.08383862466611504,0.17122836561754032,0.17124218380452785
D1,K75,EXTRA,4,50,1120,2528,0.038411492250059076,0.038414414491771375,0.24541761403783613,0.24553818388689352
D1,K75,EXTRA,4,51,1134,3082,0.08506082340849884,0.08513066835936857,0.5452063988765531,0.5451471672873234
D1,K75,EXTRA,4,52,1144,3073,0.029559240219435186,0.028989199238593482,0.2371579580980944,0.23703084777499792
D1,K75,EXTRA,4,53,1169,3041,0.015173360674650952,0.014543137397116074,0.15287280436316886,0.15240756860066557
D1,K75,EXTRA,4,54,1191,3019,0.015162039187630089,0.015076884983387358,0.07925695299109363,0.07883379767513174
D1,K75,EXTRA,4,55,1308,2933,0.10717170693096857,0.10719594271026255,0.35129976064520513,0.3509130886522804
D1,K75,EXTRA,4,56,1327,2908,0.04203567190490643,0.0414701440884404,0.8322162742608908,0.8309167541093322
D1,K75,EXTRA,4,57,1373,2865,0.026234246557792235,0.026226524337639254,1.0997738105564787,1.0998009117372995
D1,K75,EXTRA,4,58,1424,2819,0.11529895852634924,0.11533997040695891,2.1295528997764137,2.1294881667656185
D1,K75,EXTRA,4,59,1444,2798,0.054654064423403856,0.05399432983452778,0.8159090355423029,0.8147699144094963
D1,K75,EXTRA,4,60,1489,2755,0.03777444686565012,0.03777669268377891,0.8496697559545306,0.8496360310567994
D1,K75,EXTRA,4,61,1579,2678,0.07554308879216141,0.07554230429499154,0.40079464085904964,0.40075743964428234
D1,K75,EXTRA,4,62,1606,2654,0.04897836489196015,0.048983204534653255,0.9766706725789198,0.9766175870275069
D1,K75,EXTRA,4,63,1619,3494,0.07048206980044769,0.07048507029503688,0.6716135781587527,0.6716454412180921
D1,K75,EXTRA,4,64,1650,3461,0.11309783922636817,0.11309230146193465,0.12306314364141419,0.12309941206301549
D1,K75,EXTRA,4,65,1656,3454,0.3434234167938986,0.34285380411333083,0.20512352622380314,0.20704743615876575
D1,K75,EXTRA,4,66,1661,3451,0.2503200211195736,0.24975668736216253,0.5061159106184059,0.5075470589188258
D1,K75,EXTRA,4,67,1694,3417,0.018196804668571175,0.018201590786917205,0.8544893458362839,0.8544670038268098
D1,K75,EXTRA,4,68,1716,3399,0.020340821205995032,0.02032334494111776,0.4674912990008174,0.46759456409099387
D1,K75,EXTRA,4,69,1744,3382,0.06952469476979495,0.06952329701461644,0.23584090913434988,0.23587373747905857
D1,K75,EXTRA,4,70,1748,3379,0.0765482763125188,0.07654749850316818,0.35879487400144433,0.3587857569000285
D1,K75,EXTRA,4,71,1763,3365,0.0543125414218969,0.054315769754766756,0.3706455131847136,0.3707969759602928
D1,K75,EXTRA,4,72,1776,3365,0.031133681601130118,0.031133672408140012,0.3553900977681683,0.35530366407244635
D1,K75,EXTRA,4,73,1789,3358,0.06884993184438508,0.06883478958703722,1.2219154458760741,1.2216604659048471
D1,K75,EXTRA,4,74,1806,3863,0.04647960801400065,0.04642200808815406,0.5945510475209697,0.5961472239978511
D1,K75,EXTRA,4,75,1967,4176,1.5450352049952472,0.006055028883128482,1.3709702644284913,0.07279238746925305
D1,K75,EXTRA,5,1,283,252,0.0012102319182607222,0.001212618414258673,0.0950382199411428,0.09511227868108187
D1,K75,EXTRA,5,2,378,2930,0.010669426519471966,0.010866365222263991,0.32496078048891097,0.3248043582367477
D1,K75,EXTRA,5,3,454,3012,0.010715809013898143,0.010583636103913175,0.26034571853763416,0.25991885143324656
D1,K75,EXTRA,5,4,482,3043,0.008471907197870044,0.00848267325882641,0.10456532690369225,0.10460164603947891
D1,K75,EXTRA,5,5,512,3072,0.045274483725574605,0.04524863134709993,0.15526755445150048,0.15409720186262396
D1,K75,EXTRA,5,6,547,3613,0.06054442992941382,0.06054712529552385,0.902725176215575,0.9026879617346085
D1,K75,EXTRA,5,7,575,2550,0.029640981093654102,0.0295939005481105,0.3987981256697048,0.39890496076830084
D1,K75,EXTRA,5,8,632,3535,0.10298170092486784,0.10294657329320377,1.00720200897282,1.0066671167962375
D1,K75,EXTRA,5,9,635,2615,0.0706320531249562,0.0709977013278023,0.3539259380360154,0.35310915130748755
D1,K75,EXTRA,5,10,638,3529,0.03658282090272027,0.035713275023050745,0.6002774445340351,0.6010357953037362
D1,K75,EXTRA,5,11,639,2620,0.07972049164630979,0.08021033806415252,0.22393999192685962,0.2223861807722327
D1,K75,EXTRA,5,12,643,3525,0.09270425854547176,0.0927189143141487,0.30570570209456555,0.3056806339626054
D1,K75,EXTRA,5,13,644,2625,0.02844696106721318,0.028488788002428298,0.26163188246748104,0.2599753465639342
D1,K75,EXTRA,5,14,645,3522,0.11821783109168904,0.11799979860281358,1.0645733529547574,1.0662324371447578
D1,K75,EXTRA,5,15,646,2628,0.04406351440286105,0.04406110342564587,0.21472769684214324,0.2147194991791074
D1,K75,EXTRA,5,16,653,3513,0.08030536303315798,0.0803120974321956,1.1708196515154388,1.1708318600157823
D1,K75,EXTRA,5,17,659,2646,0.21822722664201544,0.21822935606542593,0.6660394913526272,0.6660846696677153
D1,K75,EXTRA,5,18,660,3504,0.032666033589983254,0.03266915582812686,0.4936388365700428,0.49367193600629894
D1,K75,EXTRA,5,19,661,2646,0.18676505411858854,0.1867619062263638,0.7208889612121127,0.7210066272958657
D1,K75,EXTRA,5,20,664,3500,0.05564798902864754,0.05565013064796518,0.45250257032645547,0.45253974963079774
D1,K75,EXTRA,5,21,702,3464,0.015652759501223128,0.015609811337535627,0.09234358293135532,0.09234401024516377
D1,K75,EXTRA,5,22,746,3426,0.03301869010998947,0.03373543395200884,0.5252560189737594,0.5281948838054915
D1,K75,EXTRA,5,23,762,3413,0.025843175231677153,0.02584487179838272,0.19164918597200262,0.19168537643503428
D1,K75,EXTRA,5,24,779,3399,0.011268791570439383,0.011305089312450294,0.36397271109177615,0.3636189143413126
D1,K75,EXTRA,5,25,816,3369,0.03308797397446276,0.03305577845854168,0.493386029465395,0.4932868098323839
D1,K75,EXTRA,5,26,827,3360,0.07772441395840994,0.07772247665228964,0.38315385833189786,0.38305742019826405
D1,K75,EXTRA,5,27,843,3358,0.07358763005358511,0.07358574192349315,1.1465198698103223,1.1465319786432393
D1,K75,EXTRA,5,28,863,3358,0.3367607906326853,0.3367511283905525,1.105417722103196,1.1060850170409293
D1,K75,EXTRA,5,29,878,3347,0.16616750916270875,0.16612961496417725,2.478139326899234,2.477858145170818
D1,K75,EXTRA,5,30,905,3802,0.14833773619055826,0.14823925180991254,2.5245939736992185,2.525093989181794
D1,K75,EXTRA,5,31,931,3276,0.029932026714251204,0.03027250538328086,1.759695006191583,1.7625759318104748
D1,K75,EXTRA,5,32,934,3779,0.0528307631853639,0.05269484163316411,0.8754731940524083,0.8778490336270951
D1,K75,EXTRA,5,33,936,3271,0.0700358199618866,0.06998162329375146,0.25816460271616,0.2579196931764059
D1,K75,EXTRA,5,34,946,3771,0.032424916706908356,0.032434696044701714,0.6346131100336831,0.6345861705401055
D1,K75,EXTRA,5,35,954,3261,0.052235827181755214,0.052144191531276814,0.6655122190103328,0.6660096264146806
D1,K75,EXTRA,5,36,959,3764,0.12559662052810683,0.1256159404071306,0.5760602870615374,0.575277118745534
D1,K75,EXTRA,5,37,973,3248,0.1466712364393234,0.14677229260381766,0.4782854409124085,0.4778405439642764
D1,K75,EXTRA,5,38,993,3742,0.10317964142859411,0.10320288558027661,0.4562652887763777,0.4545417908455267
D1,K75,EXTRA,5,39,1002,3218,0.06330606063260756,0.06331257089277924,0.38153400143465677,0.3815702492394223
D1,K75,EXTRA,5,40,1014,3199,0.022801551452832174,0.02281265079145667,0.5203771134880447,0.5206803211514329
D1,K75,EXTRA,5,41,1036,3174,0.042907931368120884,0.042900698728725026,0.28667017744172535,0.28693784968648545
D1,K75,EXTRA,5,42,1037,3686,0.03902275691820211,0.03902433546396687,0.1455277532483975,0.1448305098534496
D1,K75,EXTRA,5,43,1041,3168,0.044983606925503426,0.044997939798622884,0.21356414270604887,0.21301511572762968
D1,K75,EXTRA,5,44,1052,3672,0.019647144026343703,0.019669313927140827,0.24730410193098679,0.2471339783361096
D1,K75,EXTRA,5,45,1067,2481,0.09298469720565224,0.0928136011041724,0.6397853920683687,0.6387221129896764
D1,K75,EXTRA,5,46,1082,2493,0.06384435339738652,0.06384494351689513,0.41595624035825124,0.4159483785805325
D1,K75,EXTRA,5,47,1083,3130,0.06917275687936002,0.06918888057396469,0.2874413249115121,0.2874689140822751
D1,K75,EXTRA,5,48,1087,3645,0.013861887945141203,0.013857819240786686,0.100090333814444,0.10002938222478998
D1,K75,EXTRA,5,49,1090,3124,0.08384877203268508,0.08383862466611504,0.17122839650680355,0.17124218380452785
D1,K75,EXTRA,5,50,1120,2528,0.03841147603564905,0.038414414491771375,0.2454171507402205,0.24553818388689352
D1,K75,EXTRA,5,51,1134,3082,0.08505492915696627,0.08513066835936857,0.5451880193160618,0.5451471672873234
D1,K75,EXTRA,5,52,1144,3073,0.029559321866523013,0.028989199238593482,0.23715776945067987,0.23703084777499792
D1,K75,EXTRA,5,53,1169,3041,0.015180782604015883,0.014543137397116074,0.15287410955704892,0.15240756860066557
D1,K75,EXTRA,5,54,1191,3019,0.015162037035617932,0.015076884983387358,0.07925692709607492,0.07883379767513174
D1,K75,EXTRA,5,55,1308,2933,0.10717171330836155,0.10719594271026255,0.35129988545179774,0.3509130886522804
D1,K75,EXTRA,5,56,1327,2908,0.04203517146812893,0.0414701440884404,0.8322305042214446,0.8309167541093322
D1,K75,EXTRA,5,57,1373,2865,0.026220664581178416,0.026226524337639254,1.0997481758938648,1.0998009117372995
D1,K75,EXTRA,5,58,1424,2819,0.11529895852634924,0.11533997040695891,2.1295528997764137,2.1294881667656185
D1,K75,EXTRA,5,59,1444,2798,0.054654064423403856,0.05399432983452778,0.8159090355423029,0.8147699144094963
D1,K75,EXTRA,5,60,1489,2755,0.03777444686565012,0.03777669268377891,0.8496697559545306,0.8496360310567994
D1,K75,EXTRA,5,61,1579,2678,0.07549462078569395,0.07554230429499154,0.40083052170965777,0.40075743964428234
D1,K75,EXTRA,5,62,1606,2654,0.04897837289441651,0.048983204534653255,0.9766703682612543,0.9766175870275069
D1,K75,EXTRA,5,63,1619,3494,0.0704821003175499,0.07048507029503688,0.6716138728944808,0.6716454412180921
D1,K75,EXTRA,5,64,1650,3461,0.1130978342443723,0.11309230146193465,0.12306317705343212,0.12309941206301549
D1,K75,EXTRA,5,65,1656,3454,0.3434537536314381,0.34285380411333083,0.20510953719639763,0.20704743615876575
D1,K75,EXTRA,5,66,1661,3451,0.250349050158509,0.24975668736216253,0.5060972062486704,0.5075470589188258
D1,K75,EXTRA,5,67,1694,3417,0.01821654915413225,0.018201590786917205,0.8544656210571594,0.8544670038268098
D1,K75,EXTRA,5,68,1716,3399,0.020340821205995032,0.02032334494111776,0.4674912990008174,0.46759456409099387
D1,K75,EXTRA,5,69,1744,3382,0.06952469476979495,0.06952329701461644,0.23584090913434988,0.23587373747905857
D1,K75,EXTRA,5,70,1748,3379,0.07659479277519333,0.07654749850316818,0.3587742047720157,0.3587857569000285
D1,K75,EXTRA,5,71,1763,3365,0.05438096978469189,0.054315769754766756,0.3705856436522578,0.3707969759602928
D1,K75,EXTRA,5,72,1776,3365,0.0311334452053683,0.031133672408140012,0.3553899808888173,0.35530366407244635
D1,K75,EXTRA,5,73,1789,3358,0.06884834324850118,0.06883478958703722,1.2219193641980388,1.2216604659048471
D1,K75,EXTRA,5,74,1806,3863,0.04648385998852924,0.04642200808815406,0.5966133182894394,0.5961472239978511
D1,K75,EXTRA,5,75,1967,4176,0.015921202264333363,0.006055028883128482,0.0903252171079058,0.07279238746925305
D1,FINAL_STREAM_END,BEFORE_EVENT,-1,1,283,252,0.0012102319182607222,0.0012126220638697155,0.0950382199411428,0.09511152136146862
D1,FINAL_STREAM_END,BEFORE_EVENT,-1,2,378,2930,0.010669424099008663,0.010866357461096002,0.3249608096347477,0.32480371199549907
D1,FINAL_STREAM_END,BEFORE_EVENT,-1,3,454,3012,0.010715809546359537,0.010583636287574225,0.2603457165614852,0.2599188155822436
D1,FINAL_STREAM_END,BEFORE_EVENT,-1,4,482,3043,0.00847190697343916,0.008482672808166461,0.10456532248119121,0.10460160531061491
D1,FINAL_STREAM_END,BEFORE_EVENT,-1,5,512,3072,0.045274484267022345,0.04524863082855091,0.1552675426553904,0.15409725230256496
D1,FINAL_STREAM_END,BEFORE_EVENT,-1,6,547,3613,0.060544430169492604,0.06054713544899737,0.9027251323207593,0.9026879459812422
D1,FINAL_STREAM_END,BEFORE_EVENT,-1,7,575,2550,0.029640985094442532,0.029593914762763514,0.398798100890554,0.39890488200440544
D1,FINAL_STREAM_END,BEFORE_EVENT,-1,8,632,3535,0.1029817000070085,0.10294657225606703,1.0072019992614207,1.0066670637157065
D1,FINAL_STREAM_END,BEFORE_EVENT,-1,9,635,2615,0.07063310784565126,0.07099769823047068,0.3539243137876948,0.35310916019724864
D1,FINAL_STREAM_END,BEFORE_EVENT,-1,10,638,3529,0.03658244106365515,0.03571328532826925,0.6002779210394729,0.6010357686968734
D1,FINAL_STREAM_END,BEFORE_EVENT,-1,11,639,2620,0.07972043705795208,0.08021033651095069,0.22393735035024875,0.2223861800075628
D1,FINAL_STREAM_END,BEFORE_EVENT,-1,12,643,3525,0.09270425854547176,0.09271890536949302,0.30570570209456555,0.305680595773373
D1,FINAL_STREAM_END,BEFORE_EVENT,-1,13,644,2625,0.02844219525638882,0.02848879013744069,0.2616298309572746,0.2599753473784322
D1,FINAL_STREAM_END,BEFORE_EVENT,-1,14,645,3522,0.11822229254644817,0.1179997952092032,1.0645753924380894,1.0662324211072984
D1,FINAL_STREAM_END,BEFORE_EVENT,-1,15,646,2628,0.04406351429645338,0.044061104950657355,0.2147276938825417,0.2147195018137036
D1,FINAL_STREAM_END,BEFORE_EVENT,-1,16,653,3513,0.08030536311043153,0.08031209412483734,1.170819652655839,1.170831870916727
D1,FINAL_STREAM_END,BEFORE_EVENT,-1,17,659,2646,0.21822723100541444,0.21822936714038849,0.6660395192908974,0.6660846899422803
D1,FINAL_STREAM_END,BEFORE_EVENT,-1,18,660,3504,0.03266603235467766,0.03266915227217933,0.4936388504352709,0.49367196502723476
D1,FINAL_STREAM_END,BEFORE_EVENT,-1,19,661,2646,0.18676506298378864,0.18676192350680443,0.7208890128331703,0.7210066722277733
D1,FINAL_STREAM_END,BEFORE_EVENT,-1,20,664,3500,0.0556479876022981,0.05565012444526352,0.4525025835088637,0.4525397556460322
D1,FINAL_STREAM_END,BEFORE_EVENT,-1,21,702,3464,0.015657193953428714,0.015609809425602071,0.09234187780084548,0.09234398391297988
D1,FINAL_STREAM_END,BEFORE_EVENT,-1,22,746,3426,0.033021559840963735,0.033735428512529454,0.5252602422147876,0.528194884075776
D1,FINAL_STREAM_END,BEFORE_EVENT,-1,23,762,3413,0.025843175231677153,0.025844870906298258,0.19164918597200262,0.19168544325078607
D1,FINAL_STREAM_END,BEFORE_EVENT,-1,24,779,3399,0.011268791570439383,0.01130509631210274,0.36397271109177615,0.3636189318384405
D1,FINAL_STREAM_END,BEFORE_EVENT,-1,25,816,3369,0.03308997673890231,0.03305578662178384,0.49337612138353754,0.4932867994843551
D1,FINAL_STREAM_END,BEFORE_EVENT,-1,26,827,3360,0.07772441748672158,0.07772249670291052,0.38315387445919624,0.38305745246096956
D1,FINAL_STREAM_END,BEFORE_EVENT,-1,27,843,3358,0.07358762948717149,0.07358572635776106,1.146519878464019,1.146531974586592
D1,FINAL_STREAM_END,BEFORE_EVENT,-1,28,863,3358,0.33676063027428116,0.33675121254089824,1.1054168658594472,1.1060848151965283
D1,FINAL_STREAM_END,BEFORE_EVENT,-1,29,878,3347,0.166167721456541,0.16613045096778867,2.4781386408335178,2.4778546937887476
D1,FINAL_STREAM_END,BEFORE_EVENT,-1,30,905,3802,0.14833796403135768,0.14823930180975559,2.5245924197163774,2.525095077114294
D1,FINAL_STREAM_END,BEFORE_EVENT,-1,31,931,3276,0.02993207491235002,0.030272518594082882,1.7596953131128241,1.7625756852479897
D1,FINAL_STREAM_END,BEFORE_EVENT,-1,32,934,3779,0.052830697638903724,0.05269620730376776,0.8754729532385016,0.8778481919876089
D1,FINAL_STREAM_END,BEFORE_EVENT,-1,33,936,3271,0.07003578944517934,0.06998201805017865,0.25816470590862267,0.2579196547779136
D1,FINAL_STREAM_END,BEFORE_EVENT,-1,34,946,3771,0.03242491874918141,0.032434640609056195,0.6346130987295348,0.6345859557019764
D1,FINAL_STREAM_END,BEFORE_EVENT,-1,35,954,3261,0.05221617895411667,0.05214407606997711,0.6655139771202947,0.6660096873836027
D1,FINAL_STREAM_END,BEFORE_EVENT,-1,36,959,3764,0.12559661992853569,0.1256159500447568,0.5760602845881212,0.575277282037805
D1,FINAL_STREAM_END,BEFORE_EVENT,-1,37,973,3248,0.1466712364393234,0.14677229245710396,0.4782854409124085,0.477840751892144
D1,FINAL_STREAM_END,BEFORE_EVENT,-1,38,993,3742,0.10317964142859411,0.10320288783853941,0.4562652887763777,0.4545418126573734
D1,FINAL_STREAM_END,BEFORE_EVENT,-1,39,1002,3218,0.06330606063260756,0.06331256363310962,0.38153400143465677,0.3815702194455911
D1,FINAL_STREAM_END,BEFORE_EVENT,-1,40,1014,3199,0.022801551452832174,0.022812646490927912,0.5203771134880447,0.5206803517224319
D1,FINAL_STREAM_END,BEFORE_EVENT,-1,41,1036,3174,0.042908846739141644,0.04290070022078551,0.2866772333662025,0.2869378400231759
D1,FINAL_STREAM_END,BEFORE_EVENT,-1,42,1037,3686,0.039022761737208554,0.03902434236374894,0.14552776012294832,0.14483046163015753
D1,FINAL_STREAM_END,BEFORE_EVENT,-1,43,1041,3168,0.044983606146452096,0.04499793525420959,0.21356414160213189,0.21301506943659285
D1,FINAL_STREAM_END,BEFORE_EVENT,-1,44,1052,3672,0.019647148561685906,0.019669320085462797,0.24730410759296415,0.2471338877170631
D1,FINAL_STREAM_END,BEFORE_EVENT,-1,45,1067,2481,0.0929847024095857,0.09281359942553752,0.6397854164053368,0.6387221989637599
D1,FINAL_STREAM_END,BEFORE_EVENT,-1,46,1082,2493,0.063844357082118,0.06384496534207319,0.4159562526776233,0.41594818830601277
D1,FINAL_STREAM_END,BEFORE_EVENT,-1,47,1083,3130,0.06917275992041591,0.0691888788437504,0.28744133904275687,0.287468757746187
D1,FINAL_STREAM_END,BEFORE_EVENT,-1,48,1087,3645,0.013861887123247832,0.013857834009705387,0.10009031005064783,0.10002927830454736
D1,FINAL_STREAM_END,BEFORE_EVENT,-1,49,1090,3124,0.08384876886808654,0.0838386138250954,0.17122839725245637,0.17124223022297821
D1,FINAL_STREAM_END,BEFORE_EVENT,-1,50,1120,2528,0.03841148848183836,0.038414428400868825,0.2454171877651064,0.24553806555974197
D1,FINAL_STREAM_END,BEFORE_EVENT,-1,51,1134,3082,0.08505564968516026,0.08513067142120335,0.5451918316776873,0.5451472010354781
D1,FINAL_STREAM_END,BEFORE_EVENT,-1,52,1144,3073,0.029559314242150452,0.028989199931561023,0.237157774417827,0.23703088323615865
D1,FINAL_STREAM_END,BEFORE_EVENT,-1,53,1169,3041,0.01517956836422767,0.014543133696734024,0.15287571906229988,0.15240755320869295
D1,FINAL_STREAM_END,BEFORE_EVENT,-1,54,1191,3019,0.015162039039361589,0.015076889493784456,0.07925693063494943,0.07883379375167753
D1,FINAL_STREAM_END,BEFORE_EVENT,-1,55,1308,2933,0.107171712706333,0.10719594026725524,0.3512998666060349,0.35091338219422896
D1,FINAL_STREAM_END,BEFORE_EVENT,-1,56,1327,2908,0.04203496842184565,0.04147013302647292,0.8322294814606953,0.8309167272881115
D1,FINAL_STREAM_END,BEFORE_EVENT,-1,57,1373,2865,0.026223063327276946,0.02622649655324154,1.0997502539585875,1.0998010033419745
D1,FINAL_STREAM_END,BEFORE_EVENT,-1,58,1424,2819,0.11529895852634924,0.11534001069261533,2.1295528997764137,2.129488196626376
D1,FINAL_STREAM_END,BEFORE_EVENT,-1,59,1444,2798,0.054654064423403856,0.053994326764622416,0.8159090355423029,0.8147699650687964
D1,FINAL_STREAM_END,BEFORE_EVENT,-1,60,1489,2755,0.03777444686565012,0.037776687762567006,0.8496697559545306,0.8496360264461724
D1,FINAL_STREAM_END,BEFORE_EVENT,-1,61,1579,2678,0.07549400569322232,0.07554230134961007,0.40082733387876796,0.40075744771461136
D1,FINAL_STREAM_END,BEFORE_EVENT,-1,62,1606,2654,0.048978378837780015,0.048983203973603916,0.9766703372989928,0.9766175631802934
D1,FINAL_STREAM_END,BEFORE_EVENT,-1,63,1619,3494,0.07048210014773977,0.07048506453316868,0.6716138826220006,0.6716454159339993
D1,FINAL_STREAM_END,BEFORE_EVENT,-1,64,1650,3461,0.1130978357681744,0.11309230823046501,0.12306317226429198,0.12309939454552478
D1,FINAL_STREAM_END,BEFORE_EVENT,-1,65,1656,3454,0.34345086270819286,0.34285380677598853,0.20511348419624484,0.20704750029004843
D1,FINAL_STREAM_END,BEFORE_EVENT,-1,66,1661,3451,0.2503460381296914,0.24975669601346878,0.5061015392997253,0.5075470432617017
D1,FINAL_STREAM_END,BEFORE_EVENT,-1,67,1694,3417,0.0182153044001344,0.018201577857145403,0.8544697135889221,0.8544670490384081
D1,FINAL_STREAM_END,BEFORE_EVENT,-1,68,1716,3399,0.020340821205995032,0.02032334197893414,0.4674912990008174,0.46759459149764704
D1,FINAL_STREAM_END,BEFORE_EVENT,-1,69,1744,3382,0.06952469476979495,0.06952329181581028,0.23584090913434988,0.2358737228005578
D1,FINAL_STREAM_END,BEFORE_EVENT,-1,70,1748,3379,0.07658670546111553,0.07654750509382595,0.35876717016540827,0.3587857494296524
D1,FINAL_STREAM_END,BEFORE_EVENT,-1,71,1763,3365,0.0543602987118925,0.05431578119166016,0.3705942766781322,0.37079697432374625
D1,FINAL_STREAM_END,BEFORE_EVENT,-1,72,1776,3365,0.031133495478594658,0.03113367953729098,0.35538985737262907,0.35530364580459267
D1,FINAL_STREAM_END,BEFORE_EVENT,-1,73,1789,3358,0.06884804492654757,0.06883490866909767,1.2219210724775498,1.2216602028186185
D1,FINAL_STREAM_END,BEFORE_EVENT,-1,74,1806,3863,0.04649607527715602,0.04642207719464187,0.5967732142621776,0.5961469052159276
D1,FINAL_STREAM_END,BEFORE_EVENT,-1,75,1967,4176,0.006074114801428041,0.006055029137106577,0.07282435541074757,0.07279238860952184
D1,FINAL_STREAM_END,AFTER_INSERTION,0,1,283,252,0.0012102319182607222,0.0012126221669449655,0.0950382199411428,0.09511149665985687
D1,FINAL_STREAM_END,AFTER_INSERTION,0,2,378,2930,0.010669424099008663,0.010866357218583556,0.3249608096347477,0.3248036911078637
D1,FINAL_STREAM_END,AFTER_INSERTION,0,3,454,3012,0.010715809546359537,0.01058363628442283,0.2603457165614852,0.25991881438021985
D1,FINAL_STREAM_END,AFTER_INSERTION,0,4,482,3043,0.00847190697343916,0.008482672794823697,0.10456532248119121,0.10460160401742398
D1,FINAL_STREAM_END,AFTER_INSERTION,0,5,512,3072,0.045274484267022345,0.04524863081159568,0.1552675426553904,0.15409725403156058
D1,FINAL_STREAM_END,AFTER_INSERTION,0,6,547,3613,0.060544430169492604,0.060547135758724134,0.9027251323207593,0.9026879456699667
D1,FINAL_STREAM_END,AFTER_INSERTION,0,7,575,2550,0.029640985094442532,0.029593915195233397,0.398798100890554,0.39890487957385823
D1,FINAL_STREAM_END,AFTER_INSERTION,0,8,632,3535,0.1029817000070085,0.10294657221215546,1.0072019992614207,1.0066670620409508
D1,FINAL_STREAM_END,AFTER_INSERTION,0,9,635,2615,0.07063310784565126,0.07099769814935704,0.3539243137876948,0.3531091604723168
D1,FINAL_STREAM_END,AFTER_INSERTION,0,10,638,3529,0.03658244106365515,0.03571328563835719,0.6002779210394729,0.601035767827984
D1,FINAL_STREAM_END,AFTER_INSERTION,0,11,639,2620,0.07972043705795208,0.0802103364627786,0.22393735035024875,0.22238617995424198
D1,FINAL_STREAM_END,AFTER_INSERTION,0,12,643,3525,0.09270425854547176,0.09271890509880966,0.30570570209456555,0.3056805946557015
D1,FINAL_STREAM_END,AFTER_INSERTION,0,13,644,2625,0.02844219525638882,0.02848879019958673,0.2616298309572746,0.25997534737799627
D1,FINAL_STREAM_END,AFTER_INSERTION,0,14,645,3522,0.11822229254644817,0.1179997951029522,1.0645753924380894,1.0662324205640503
D1,FINAL_STREAM_END,AFTER_INSERTION,0,15,646,2628,0.04406351429645338,0.0440611049999635,0.2147276938825417,0.21471950191603328
D1,FINAL_STREAM_END,AFTER_INSERTION,0,16,653,3513,0.08030536311043153,0.08031209402046252,1.170819652655839,1.170831871240592
D1,FINAL_STREAM_END,AFTER_INSERTION,0,17,659,2646,0.21822723100541444,0.21822936746909335,0.6660395192908974,0.6660846903290804
D1,FINAL_STREAM_END,AFTER_INSERTION,0,18,660,3504,0.03266603235467766,0.03266915216614044,0.4936388504352709,0.49367196587817
D1,FINAL_STREAM_END,AFTER_INSERTION,0,19,661,2646,0.18676506298378864,0.18676192401897126,0.7208890128331703,0.721006673278239
D1,FINAL_STREAM_END,AFTER_INSERTION,0,20,664,3500,0.0556479876022981,0.055650124257440224,0.4525025835088637,0.45253975572651306
D1,FINAL_STREAM_END,AFTER_INSERTION,0,21,702,3464,0.015657193953428714,0.015609809364447749,0.09234187780084548,0.0923439830757105
D1,FINAL_STREAM_END,AFTER_INSERTION,0,22,746,3426,0.033021559840963735,0.03373542834513205,0.5252602422147876,0.5281948841189659
D1,FINAL_STREAM_END,AFTER_INSERTION,0,23,762,3413,0.025843175231677153,0.025844870876785633,0.19164918597200262,0.19168544533394113
D1,FINAL_STREAM_END,AFTER_INSERTION,0,24,779,3399,0.011268791570439383,0.011305096526922813,0.36397271109177615,0.3636189323630224
D1,FINAL_STREAM_END,AFTER_INSERTION,0,25,816,3369,0.03308997673890231,0.033055786873930626,0.49337612138353754,0.49328679917809254
D1,FINAL_STREAM_END,AFTER_INSERTION,0,26,827,3360,0.07772441748672158,0.07772249731191834,0.38315387445919624,0.3830574535830778
D1,FINAL_STREAM_END,AFTER_INSERTION,0,27,843,3358,0.07358762948717149,0.07358572588583824,1.146519878464019,1.1465319744505071
D1,FINAL_STREAM_END,AFTER_INSERTION,0,28,863,3358,0.33676063027428116,0.33675121492733645,1.1054168658594472,1.106084809063494
D1,FINAL_STREAM_END,AFTER_INSERTION,0,29,878,3347,0.166167721456541,0.16613047656543475,2.4781386408335178,2.4778545859416172
D1,FINAL_STREAM_END,AFTER_INSERTION,0,30,905,3802,0.14833796403135768,0.14823930308595204,2.5245924197163774,2.52509511143852
D1,FINAL_STREAM_END,AFTER_INSERTION,0,31,931,3276,0.02993207491235002,0.03027251841617582,1.7596953131128241,1.7625756790578593
D1,FINAL_STREAM_END,AFTER_INSERTION,0,32,934,3779,0.052830697638903724,0.05269624735549348,0.8754729532385016,0.877848167621749
D1,FINAL_STREAM_END,AFTER_INSERTION,0,33,936,3271,0.07003578944517934,0.06998202968337935,0.25816470590862267,0.25791965375717013
D1,FINAL_STREAM_END,AFTER_INSERTION,0,34,946,3771,0.03242491874918141,0.03243463902073541,0.6346130987295348,0.6345859495494565
D1,FINAL_STREAM_END,AFTER_INSERTION,0,35,954,3261,0.05221617895411667,0.052144072701143476,0.6655139771202947,0.6660096894704587
D1,FINAL_STREAM_END,AFTER_INSERTION,0,36,959,3764,0.12559661992853569,0.1256159503036392,0.5760602845881212,0.5752772871395213
D1,FINAL_STREAM_END,AFTER_INSERTION,0,37,973,3248,0.1466712364393234,0.14677229240254125,0.4782854409124085,0.477840758247096
D1,FINAL_STREAM_END,AFTER_INSERTION,0,38,993,3742,0.10317964142859411,0.10320288789768964,0.4562652887763777,0.45454181337046623
D1,FINAL_STREAM_END,AFTER_INSERTION,0,39,1002,3218,0.06330606063260756,0.0633125634139531,0.38153400143465677,0.3815702185255971
D1,FINAL_STREAM_END,AFTER_INSERTION,0,40,1014,3199,0.022801551452832174,0.022812646368710224,0.5203771134880447,0.5206803526849966
D1,FINAL_STREAM_END,AFTER_INSERTION,0,41,1036,3174,0.042908846739141644,0.04290070026385595,0.2866772333662025,0.28693783976400833
D1,FINAL_STREAM_END,AFTER_INSERTION,0,42,1037,3686,0.039022761737208554,0.03902434257113843,0.14552776012294832,0.1448304600992048
D1,FINAL_STREAM_END,AFTER_INSERTION,0,43,1041,3168,0.044983606146452096,0.04499793510509625,0.21356414160213189,0.21301506795005223
D1,FINAL_STREAM_END,AFTER_INSERTION,0,44,1052,3672,0.019647148561685906,0.019669320276348053,0.24730410759296415,0.24713388487135526
D1,FINAL_STREAM_END,AFTER_INSERTION,0,45,1067,2481,0.0929847024095857,0.09281359940985845,0.6397854164053368,0.6387222019207384
D1,FINAL_STREAM_END,AFTER_INSERTION,0,46,1082,2493,0.063844357082118,0.06384496601246199,0.4159562526776233,0.41594818233052444
D1,FINAL_STREAM_END,AFTER_INSERTION,0,47,1083,3130,0.06917275992041591,0.06918887877959987,0.28744133904275687,0.28746875278530415
D1,FINAL_STREAM_END,AFTER_INSERTION,0,48,1087,3645,0.013861887123247832,0.013857834483816295,0.10009031005064783,0.10002927509789064
D1,FINAL_STREAM_END,AFTER_INSERTION,0,49,1090,3124,0.08384876886808654,0.08383861349276098,0.17122839725245637,0.17124223161583593
D1,FINAL_STREAM_END,AFTER_INSERTION,0,50,1120,2528,0.03841148848183836,0.038414428798000055,0.2454171877651064,0.2455380615935271
D1,FINAL_STREAM_END,AFTER_INSERTION,0,51,1134,3082,0.08505564968516026,0.08513067151990568,0.5451918316776873,0.54514720210514
D1,FINAL_STREAM_END,AFTER_INSERTION,0,52,1144,3073,0.029559314242150452,0.02898919996101528,0.237157774417827,0.23703088444773737
D1,FINAL_STREAM_END,AFTER_INSERTION,0,53,1169,3041,0.01517956836422767,0.014543133574985741,0.15287571906229988,0.15240755278332702
D1,FINAL_STREAM_END,AFTER_INSERTION,0,54,1191,3019,0.015162039039361589,0.0150768896363515,0.07925693063494943,0.07883379361410016
D1,FINAL_STREAM_END,AFTER_INSERTION,0,55,1308,2933,0.107171712706333,0.10719594018661356,0.3512998666060349,0.35091339169684876
D1,FINAL_STREAM_END,AFTER_INSERTION,0,56,1327,2908,0.04203496842184565,0.04147013268548676,0.8322294814606953,0.8309167264397236
D1,FINAL_STREAM_END,AFTER_INSERTION,0,57,1373,2865,0.026223063327276946,0.026226495645797245,1.0997502539585875,1.0998010061144214
D1,FINAL_STREAM_END,AFTER_INSERTION,0,58,1424,2819,0.11529895852634924,0.11534001188710737,2.1295528997764137,2.1294881973825395
D1,FINAL_STREAM_END,AFTER_INSERTION,0,59,1444,2798,0.054654064423403856,0.053994326672264704,0.8159090355423029,0.8147699667010256
D1,FINAL_STREAM_END,AFTER_INSERTION,0,60,1489,2755,0.03777444686565012,0.03777668759981894,0.8496697559545306,0.8496360262913997
D1,FINAL_STREAM_END,AFTER_INSERTION,0,61,1579,2678,0.07549400569322232,0.07554230125511097,0.40082733387876796,0.4007574479716736
D1,FINAL_STREAM_END,AFTER_INSERTION,0,62,1606,2654,0.048978378837780015,0.04898320391701223,0.9766703372989928,0.9766175626355955
D1,FINAL_STREAM_END,AFTER_INSERTION,0,63,1619,3494,0.07048210014773977,0.07048506436179502,0.6716138826220006,0.6716454149824079
D1,FINAL_STREAM_END,AFTER_INSERTION,0,64,1650,3461,0.1130978357681744,0.11309230843553382,0.12306317226429198,0.12309939399928797
D1,FINAL_STREAM_END,AFTER_INSERTION,0,65,1656,3454,0.34345086270819286,0.3428538068554287,0.20511348419624484,0.2070475022656456
D1,FINAL_STREAM_END,AFTER_INSERTION,0,66,1661,3451,0.2503460381296914,0.24975669627548888,0.5061015392997253,0.507547042814854
D1,FINAL_STREAM_END,AFTER_INSERTION,0,67,1694,3417,0.0182153044001344,0.01820157745261021,0.8544697135889221,0.8544670504489413
D1,FINAL_STREAM_END,AFTER_INSERTION,0,68,1716,3399,0.020340821205995032,0.02032334188981266,0.4674912990008174,0.467594592277719
D1,FINAL_STREAM_END,AFTER_INSERTION,0,69,1744,3382,0.06952469476979495,0.0695232916568718,0.23584090913434988,0.2358737223647386
D1,FINAL_STREAM_END,AFTER_INSERTION,0,70,1748,3379,0.07658670546111553,0.07654750529640895,0.35876717016540827,0.3587857492156007
D1,FINAL_STREAM_END,AFTER_INSERTION,0,71,1763,3365,0.0543602987118925,0.05431578154004268,0.3705942766781322,0.37079697416637175
D1,FINAL_STREAM_END,AFTER_INSERTION,0,72,1776,3365,0.031133495478594658,0.031133679752374882,0.35538985737262907,0.35530364535414727
D1,FINAL_STREAM_END,AFTER_INSERTION,0,73,1789,3358,0.06884804492654757,0.06883491223208461,1.2219210724775498,1.2216601954521868
D1,FINAL_STREAM_END,AFTER_INSERTION,0,74,1806,3863,0.04649607527715602,0.046422079318199395,0.5967732142621776,0.5961468948990658
D1,FINAL_STREAM_END,AFTER_INSERTION,0,75,1967,4176,0.006074114801428041,0.006055029152444675,0.07282435541074757,0.07279238863472079
D1,FINAL_STREAM_END,EXTRA,1,1,283,252,0.0012102319182607222,0.0012126221669449655,0.0950382199411428,0.09511149665985687
D1,FINAL_STREAM_END,EXTRA,1,2,378,2930,0.010669424099008663,0.010866357218583556,0.3249608096347477,0.3248036911078637
D1,FINAL_STREAM_END,EXTRA,1,3,454,3012,0.010715809546359537,0.01058363628442283,0.2603457165614852,0.25991881438021985
D1,FINAL_STREAM_END,EXTRA,1,4,482,3043,0.00847190697343916,0.008482672794823697,0.10456532248119121,0.10460160401742398
D1,FINAL_STREAM_END,EXTRA,1,5,512,3072,0.045274484267022345,0.04524863081159568,0.1552675426553904,0.15409725403156058
D1,FINAL_STREAM_END,EXTRA,1,6,547,3613,0.060544430169492604,0.060547135758724134,0.9027251323207593,0.9026879456699667
D1,FINAL_STREAM_END,EXTRA,1,7,575,2550,0.029640985094442532,0.029593915195233397,0.398798100890554,0.39890487957385823
D1,FINAL_STREAM_END,EXTRA,1,8,632,3535,0.1029817000070085,0.10294657221215546,1.0072019992614207,1.0066670620409508
D1,FINAL_STREAM_END,EXTRA,1,9,635,2615,0.07063310784565126,0.07099769814935704,0.3539243137876948,0.3531091604723168
D1,FINAL_STREAM_END,EXTRA,1,10,638,3529,0.03658244106365515,0.03571328563835719,0.6002779210394729,0.601035767827984
D1,FINAL_STREAM_END,EXTRA,1,11,639,2620,0.07972043705795208,0.0802103364627786,0.22393735035024875,0.22238617995424198
D1,FINAL_STREAM_END,EXTRA,1,12,643,3525,0.09270425854547176,0.09271890509880966,0.30570570209456555,0.3056805946557015
D1,FINAL_STREAM_END,EXTRA,1,13,644,2625,0.02844219525638882,0.02848879019958673,0.2616298309572746,0.25997534737799627
D1,FINAL_STREAM_END,EXTRA,1,14,645,3522,0.11822229254644817,0.1179997951029522,1.0645753924380894,1.0662324205640503
D1,FINAL_STREAM_END,EXTRA,1,15,646,2628,0.04406351429645338,0.0440611049999635,0.2147276938825417,0.21471950191603328
D1,FINAL_STREAM_END,EXTRA,1,16,653,3513,0.08030536311043153,0.08031209402046252,1.170819652655839,1.170831871240592
D1,FINAL_STREAM_END,EXTRA,1,17,659,2646,0.21822723100541444,0.21822936746909335,0.6660395192908974,0.6660846903290804
D1,FINAL_STREAM_END,EXTRA,1,18,660,3504,0.03266603235467766,0.03266915216614044,0.4936388504352709,0.49367196587817
D1,FINAL_STREAM_END,EXTRA,1,19,661,2646,0.18676506298378864,0.18676192401897126,0.7208890128331703,0.721006673278239
D1,FINAL_STREAM_END,EXTRA,1,20,664,3500,0.0556479876022981,0.055650124257440224,0.4525025835088637,0.45253975572651306
D1,FINAL_STREAM_END,EXTRA,1,21,702,3464,0.015657193953428714,0.015609809364447749,0.09234187780084548,0.0923439830757105
D1,FINAL_STREAM_END,EXTRA,1,22,746,3426,0.033021559840963735,0.03373542834513205,0.5252602422147876,0.5281948841189659
D1,FINAL_STREAM_END,EXTRA,1,23,762,3413,0.025843175231677153,0.025844870876785633,0.19164918597200262,0.19168544533394113
D1,FINAL_STREAM_END,EXTRA,1,24,779,3399,0.011268791570439383,0.011305096526922813,0.36397271109177615,0.3636189323630224
D1,FINAL_STREAM_END,EXTRA,1,25,816,3369,0.03308997673890231,0.033055786873930626,0.49337612138353754,0.49328679917809254
D1,FINAL_STREAM_END,EXTRA,1,26,827,3360,0.07772441748672158,0.07772249731191834,0.38315387445919624,0.3830574535830778
D1,FINAL_STREAM_END,EXTRA,1,27,843,3358,0.07358762948717149,0.07358572588583824,1.146519878464019,1.1465319744505071
D1,FINAL_STREAM_END,EXTRA,1,28,863,3358,0.33676063027428116,0.33675121492733645,1.1054168658594472,1.106084809063494
D1,FINAL_STREAM_END,EXTRA,1,29,878,3347,0.166167721456541,0.16613047656543475,2.4781386408335178,2.4778545859416172
D1,FINAL_STREAM_END,EXTRA,1,30,905,3802,0.14833796403135768,0.14823930308595204,2.5245924197163774,2.52509511143852
D1,FINAL_STREAM_END,EXTRA,1,31,931,3276,0.02993207491235002,0.03027251841617582,1.7596953131128241,1.7625756790578593
D1,FINAL_STREAM_END,EXTRA,1,32,934,3779,0.052830697638903724,0.05269624735549348,0.8754729532385016,0.877848167621749
D1,FINAL_STREAM_END,EXTRA,1,33,936,3271,0.07003578944517934,0.06998202968337935,0.25816470590862267,0.25791965375717013
D1,FINAL_STREAM_END,EXTRA,1,34,946,3771,0.03242491874918141,0.03243463902073541,0.6346130987295348,0.6345859495494565
D1,FINAL_STREAM_END,EXTRA,1,35,954,3261,0.05221617895411667,0.052144072701143476,0.6655139771202947,0.6660096894704587
D1,FINAL_STREAM_END,EXTRA,1,36,959,3764,0.12559661992853569,0.1256159503036392,0.5760602845881212,0.5752772871395213
D1,FINAL_STREAM_END,EXTRA,1,37,973,3248,0.1466712364393234,0.14677229240254125,0.4782854409124085,0.477840758247096
D1,FINAL_STREAM_END,EXTRA,1,38,993,3742,0.10317964142859411,0.10320288789768964,0.4562652887763777,0.45454181337046623
D1,FINAL_STREAM_END,EXTRA,1,39,1002,3218,0.06330606063260756,0.0633125634139531,0.38153400143465677,0.3815702185255971
D1,FINAL_STREAM_END,EXTRA,1,40,1014,3199,0.022801551452832174,0.022812646368710224,0.5203771134880447,0.5206803526849966
D1,FINAL_STREAM_END,EXTRA,1,41,1036,3174,0.042908846739141644,0.04290070026385595,0.2866772333662025,0.28693783976400833
D1,FINAL_STREAM_END,EXTRA,1,42,1037,3686,0.039022761737208554,0.03902434257113843,0.14552776012294832,0.1448304600992048
D1,FINAL_STREAM_END,EXTRA,1,43,1041,3168,0.044983606146452096,0.04499793510509625,0.21356414160213189,0.21301506795005223
D1,FINAL_STREAM_END,EXTRA,1,44,1052,3672,0.019647148561685906,0.019669320276348053,0.24730410759296415,0.24713388487135526
D1,FINAL_STREAM_END,EXTRA,1,45,1067,2481,0.0929847024095857,0.09281359940985845,0.6397854164053368,0.6387222019207384
D1,FINAL_STREAM_END,EXTRA,1,46,1082,2493,0.063844357082118,0.06384496601246199,0.4159562526776233,0.41594818233052444
D1,FINAL_STREAM_END,EXTRA,1,47,1083,3130,0.06917275992041591,0.06918887877959987,0.28744133904275687,0.28746875278530415
D1,FINAL_STREAM_END,EXTRA,1,48,1087,3645,0.013861887123247832,0.013857834483816295,0.10009031005064783,0.10002927509789064
D1,FINAL_STREAM_END,EXTRA,1,49,1090,3124,0.08384876886808654,0.08383861349276098,0.17122839725245637,0.17124223161583593
D1,FINAL_STREAM_END,EXTRA,1,50,1120,2528,0.03841148848183836,0.038414428798000055,0.2454171877651064,0.2455380615935271
D1,FINAL_STREAM_END,EXTRA,1,51,1134,3082,0.08505564968516026,0.08513067151990568,0.5451918316776873,0.54514720210514
D1,FINAL_STREAM_END,EXTRA,1,52,1144,3073,0.029559314242150452,0.02898919996101528,0.237157774417827,0.23703088444773737
D1,FINAL_STREAM_END,EXTRA,1,53,1169,3041,0.01517956836422767,0.014543133574985741,0.15287571906229988,0.15240755278332702
D1,FINAL_STREAM_END,EXTRA,1,54,1191,3019,0.015162039039361589,0.0150768896363515,0.07925693063494943,0.07883379361410016
D1,FINAL_STREAM_END,EXTRA,1,55,1308,2933,0.107171712706333,0.10719594018661356,0.3512998666060349,0.35091339169684876
D1,FINAL_STREAM_END,EXTRA,1,56,1327,2908,0.04203496842184565,0.04147013268548676,0.8322294814606953,0.8309167264397236
D1,FINAL_STREAM_END,EXTRA,1,57,1373,2865,0.026223063327276946,0.026226495645797245,1.0997502539585875,1.0998010061144214
D1,FINAL_STREAM_END,EXTRA,1,58,1424,2819,0.11529895852634924,0.11534001188710737,2.1295528997764137,2.1294881973825395
D1,FINAL_STREAM_END,EXTRA,1,59,1444,2798,0.054654064423403856,0.053994326672264704,0.8159090355423029,0.8147699667010256
D1,FINAL_STREAM_END,EXTRA,1,60,1489,2755,0.03777444686565012,0.03777668759981894,0.8496697559545306,0.8496360262913997
D1,FINAL_STREAM_END,EXTRA,1,61,1579,2678,0.07549400569322232,0.07554230125511097,0.40082733387876796,0.4007574479716736
D1,FINAL_STREAM_END,EXTRA,1,62,1606,2654,0.048978378837780015,0.04898320391701223,0.9766703372989928,0.9766175626355955
D1,FINAL_STREAM_END,EXTRA,1,63,1619,3494,0.07048210014773977,0.07048506436179502,0.6716138826220006,0.6716454149824079
D1,FINAL_STREAM_END,EXTRA,1,64,1650,3461,0.1130978357681744,0.11309230843553382,0.12306317226429198,0.12309939399928797
D1,FINAL_STREAM_END,EXTRA,1,65,1656,3454,0.34345086270819286,0.3428538068554287,0.20511348419624484,0.2070475022656456
D1,FINAL_STREAM_END,EXTRA,1,66,1661,3451,0.2503460381296914,0.24975669627548888,0.5061015392997253,0.507547042814854
D1,FINAL_STREAM_END,EXTRA,1,67,1694,3417,0.0182153044001344,0.01820157745261021,0.8544697135889221,0.8544670504489413
D1,FINAL_STREAM_END,EXTRA,1,68,1716,3399,0.020340821205995032,0.02032334188981266,0.4674912990008174,0.467594592277719
D1,FINAL_STREAM_END,EXTRA,1,69,1744,3382,0.06952469476979495,0.0695232916568718,0.23584090913434988,0.2358737223647386
D1,FINAL_STREAM_END,EXTRA,1,70,1748,3379,0.07658670546111553,0.07654750529640895,0.35876717016540827,0.3587857492156007
D1,FINAL_STREAM_END,EXTRA,1,71,1763,3365,0.0543602987118925,0.05431578154004268,0.3705942766781322,0.37079697416637175
D1,FINAL_STREAM_END,EXTRA,1,72,1776,3365,0.031133495478594658,0.031133679752374882,0.35538985737262907,0.35530364535414727
D1,FINAL_STREAM_END,EXTRA,1,73,1789,3358,0.06884804492654757,0.06883491223208461,1.2219210724775498,1.2216601954521868
D1,FINAL_STREAM_END,EXTRA,1,74,1806,3863,0.04649607527715602,0.046422079318199395,0.5967732142621776,0.5961468948990658
D1,FINAL_STREAM_END,EXTRA,1,75,1967,4176,0.006074114801428041,0.006055029152444675,0.07282435541074757,0.07279238863472079
D1,FINAL_STREAM_END,EXTRA,2,1,283,252,0.0012102319182607222,0.0012126221669449655,0.0950382199411428,0.09511149665985687
D1,FINAL_STREAM_END,EXTRA,2,2,378,2930,0.010669424099008663,0.010866357218583556,0.3249608096347477,0.3248036911078637
D1,FINAL_STREAM_END,EXTRA,2,3,454,3012,0.010715809546359537,0.01058363628442283,0.2603457165614852,0.25991881438021985
D1,FINAL_STREAM_END,EXTRA,2,4,482,3043,0.00847190697343916,0.008482672794823697,0.10456532248119121,0.10460160401742398
D1,FINAL_STREAM_END,EXTRA,2,5,512,3072,0.045274484267022345,0.04524863081159568,0.1552675426553904,0.15409725403156058
D1,FINAL_STREAM_END,EXTRA,2,6,547,3613,0.060544430169492604,0.060547135758724134,0.9027251323207593,0.9026879456699667
D1,FINAL_STREAM_END,EXTRA,2,7,575,2550,0.029640985094442532,0.029593915195233397,0.398798100890554,0.39890487957385823
D1,FINAL_STREAM_END,EXTRA,2,8,632,3535,0.1029817000070085,0.10294657221215546,1.0072019992614207,1.0066670620409508
D1,FINAL_STREAM_END,EXTRA,2,9,635,2615,0.07063310784565126,0.07099769814935704,0.3539243137876948,0.3531091604723168
D1,FINAL_STREAM_END,EXTRA,2,10,638,3529,0.03658244106365515,0.03571328563835719,0.6002779210394729,0.601035767827984
D1,FINAL_STREAM_END,EXTRA,2,11,639,2620,0.07972043705795208,0.0802103364627786,0.22393735035024875,0.22238617995424198
D1,FINAL_STREAM_END,EXTRA,2,12,643,3525,0.09270425854547176,0.09271890509880966,0.30570570209456555,0.3056805946557015
D1,FINAL_STREAM_END,EXTRA,2,13,644,2625,0.02844219525638882,0.02848879019958673,0.2616298309572746,0.25997534737799627
D1,FINAL_STREAM_END,EXTRA,2,14,645,3522,0.11822229254644817,0.1179997951029522,1.0645753924380894,1.0662324205640503
D1,FINAL_STREAM_END,EXTRA,2,15,646,2628,0.04406351429645338,0.0440611049999635,0.2147276938825417,0.21471950191603328
D1,FINAL_STREAM_END,EXTRA,2,16,653,3513,0.08030536311043153,0.08031209402046252,1.170819652655839,1.170831871240592
D1,FINAL_STREAM_END,EXTRA,2,17,659,2646,0.21822723100541444,0.21822936746909335,0.6660395192908974,0.6660846903290804
D1,FINAL_STREAM_END,EXTRA,2,18,660,3504,0.03266603235467766,0.03266915216614044,0.4936388504352709,0.49367196587817
D1,FINAL_STREAM_END,EXTRA,2,19,661,2646,0.18676506298378864,0.18676192401897126,0.7208890128331703,0.721006673278239
D1,FINAL_STREAM_END,EXTRA,2,20,664,3500,0.0556479876022981,0.055650124257440224,0.4525025835088637,0.45253975572651306
D1,FINAL_STREAM_END,EXTRA,2,21,702,3464,0.015657193953428714,0.015609809364447749,0.09234187780084548,0.0923439830757105
D1,FINAL_STREAM_END,EXTRA,2,22,746,3426,0.033021559840963735,0.03373542834513205,0.5252602422147876,0.5281948841189659
D1,FINAL_STREAM_END,EXTRA,2,23,762,3413,0.025843175231677153,0.025844870876785633,0.19164918597200262,0.19168544533394113
D1,FINAL_STREAM_END,EXTRA,2,24,779,3399,0.011268791570439383,0.011305096526922813,0.36397271109177615,0.3636189323630224
D1,FINAL_STREAM_END,EXTRA,2,25,816,3369,0.03308997673890231,0.033055786873930626,0.49337612138353754,0.49328679917809254
D1,FINAL_STREAM_END,EXTRA,2,26,827,3360,0.07772441748672158,0.07772249731191834,0.38315387445919624,0.3830574535830778
D1,FINAL_STREAM_END,EXTRA,2,27,843,3358,0.07358762948717149,0.07358572588583824,1.146519878464019,1.1465319744505071
D1,FINAL_STREAM_END,EXTRA,2,28,863,3358,0.33676063027428116,0.33675121492733645,1.1054168658594472,1.106084809063494
D1,FINAL_STREAM_END,EXTRA,2,29,878,3347,0.166167721456541,0.16613047656543475,2.4781386408335178,2.4778545859416172
D1,FINAL_STREAM_END,EXTRA,2,30,905,3802,0.14833796403135768,0.14823930308595204,2.5245924197163774,2.52509511143852
D1,FINAL_STREAM_END,EXTRA,2,31,931,3276,0.02993207491235002,0.03027251841617582,1.7596953131128241,1.7625756790578593
D1,FINAL_STREAM_END,EXTRA,2,32,934,3779,0.052830697638903724,0.05269624735549348,0.8754729532385016,0.877848167621749
D1,FINAL_STREAM_END,EXTRA,2,33,936,3271,0.07003578944517934,0.06998202968337935,0.25816470590862267,0.25791965375717013
D1,FINAL_STREAM_END,EXTRA,2,34,946,3771,0.03242491874918141,0.03243463902073541,0.6346130987295348,0.6345859495494565
D1,FINAL_STREAM_END,EXTRA,2,35,954,3261,0.05221617895411667,0.052144072701143476,0.6655139771202947,0.6660096894704587
D1,FINAL_STREAM_END,EXTRA,2,36,959,3764,0.12559661992853569,0.1256159503036392,0.5760602845881212,0.5752772871395213
D1,FINAL_STREAM_END,EXTRA,2,37,973,3248,0.1466712364393234,0.14677229240254125,0.4782854409124085,0.477840758247096
D1,FINAL_STREAM_END,EXTRA,2,38,993,3742,0.10317964142859411,0.10320288789768964,0.4562652887763777,0.45454181337046623
D1,FINAL_STREAM_END,EXTRA,2,39,1002,3218,0.06330606063260756,0.0633125634139531,0.38153400143465677,0.3815702185255971
D1,FINAL_STREAM_END,EXTRA,2,40,1014,3199,0.022801551452832174,0.022812646368710224,0.5203771134880447,0.5206803526849966
D1,FINAL_STREAM_END,EXTRA,2,41,1036,3174,0.042908846739141644,0.04290070026385595,0.2866772333662025,0.28693783976400833
D1,FINAL_STREAM_END,EXTRA,2,42,1037,3686,0.039022761737208554,0.03902434257113843,0.14552776012294832,0.1448304600992048
D1,FINAL_STREAM_END,EXTRA,2,43,1041,3168,0.044983606146452096,0.04499793510509625,0.21356414160213189,0.21301506795005223
D1,FINAL_STREAM_END,EXTRA,2,44,1052,3672,0.019647148561685906,0.019669320276348053,0.24730410759296415,0.24713388487135526
D1,FINAL_STREAM_END,EXTRA,2,45,1067,2481,0.0929847024095857,0.09281359940985845,0.6397854164053368,0.6387222019207384
D1,FINAL_STREAM_END,EXTRA,2,46,1082,2493,0.063844357082118,0.06384496601246199,0.4159562526776233,0.41594818233052444
D1,FINAL_STREAM_END,EXTRA,2,47,1083,3130,0.06917275992041591,0.06918887877959987,0.28744133904275687,0.28746875278530415
D1,FINAL_STREAM_END,EXTRA,2,48,1087,3645,0.013861887123247832,0.013857834483816295,0.10009031005064783,0.10002927509789064
D1,FINAL_STREAM_END,EXTRA,2,49,1090,3124,0.08384876886808654,0.08383861349276098,0.17122839725245637,0.17124223161583593
D1,FINAL_STREAM_END,EXTRA,2,50,1120,2528,0.03841148848183836,0.038414428798000055,0.2454171877651064,0.2455380615935271
D1,FINAL_STREAM_END,EXTRA,2,51,1134,3082,0.08505564968516026,0.08513067151990568,0.5451918316776873,0.54514720210514
D1,FINAL_STREAM_END,EXTRA,2,52,1144,3073,0.029559314242150452,0.02898919996101528,0.237157774417827,0.23703088444773737
D1,FINAL_STREAM_END,EXTRA,2,53,1169,3041,0.01517956836422767,0.014543133574985741,0.15287571906229988,0.15240755278332702
D1,FINAL_STREAM_END,EXTRA,2,54,1191,3019,0.015162039039361589,0.0150768896363515,0.07925693063494943,0.07883379361410016
D1,FINAL_STREAM_END,EXTRA,2,55,1308,2933,0.107171712706333,0.10719594018661356,0.3512998666060349,0.35091339169684876
D1,FINAL_STREAM_END,EXTRA,2,56,1327,2908,0.04203496842184565,0.04147013268548676,0.8322294814606953,0.8309167264397236
D1,FINAL_STREAM_END,EXTRA,2,57,1373,2865,0.026223063327276946,0.026226495645797245,1.0997502539585875,1.0998010061144214
D1,FINAL_STREAM_END,EXTRA,2,58,1424,2819,0.11529895852634924,0.11534001188710737,2.1295528997764137,2.1294881973825395
D1,FINAL_STREAM_END,EXTRA,2,59,1444,2798,0.054654064423403856,0.053994326672264704,0.8159090355423029,0.8147699667010256
D1,FINAL_STREAM_END,EXTRA,2,60,1489,2755,0.03777444686565012,0.03777668759981894,0.8496697559545306,0.8496360262913997
D1,FINAL_STREAM_END,EXTRA,2,61,1579,2678,0.07549400569322232,0.07554230125511097,0.40082733387876796,0.4007574479716736
D1,FINAL_STREAM_END,EXTRA,2,62,1606,2654,0.048978378837780015,0.04898320391701223,0.9766703372989928,0.9766175626355955
D1,FINAL_STREAM_END,EXTRA,2,63,1619,3494,0.07048210014773977,0.07048506436179502,0.6716138826220006,0.6716454149824079
D1,FINAL_STREAM_END,EXTRA,2,64,1650,3461,0.1130978357681744,0.11309230843553382,0.12306317226429198,0.12309939399928797
D1,FINAL_STREAM_END,EXTRA,2,65,1656,3454,0.34345086270819286,0.3428538068554287,0.20511348419624484,0.2070475022656456
D1,FINAL_STREAM_END,EXTRA,2,66,1661,3451,0.2503460381296914,0.24975669627548888,0.5061015392997253,0.507547042814854
D1,FINAL_STREAM_END,EXTRA,2,67,1694,3417,0.0182153044001344,0.01820157745261021,0.8544697135889221,0.8544670504489413
D1,FINAL_STREAM_END,EXTRA,2,68,1716,3399,0.020340821205995032,0.02032334188981266,0.4674912990008174,0.467594592277719
D1,FINAL_STREAM_END,EXTRA,2,69,1744,3382,0.06952469476979495,0.0695232916568718,0.23584090913434988,0.2358737223647386
D1,FINAL_STREAM_END,EXTRA,2,70,1748,3379,0.07658670546111553,0.07654750529640895,0.35876717016540827,0.3587857492156007
D1,FINAL_STREAM_END,EXTRA,2,71,1763,3365,0.0543602987118925,0.05431578154004268,0.3705942766781322,0.37079697416637175
D1,FINAL_STREAM_END,EXTRA,2,72,1776,3365,0.031133495478594658,0.031133679752374882,0.35538985737262907,0.35530364535414727
D1,FINAL_STREAM_END,EXTRA,2,73,1789,3358,0.06884804492654757,0.06883491223208461,1.2219210724775498,1.2216601954521868
D1,FINAL_STREAM_END,EXTRA,2,74,1806,3863,0.04649607527715602,0.046422079318199395,0.5967732142621776,0.5961468948990658
D1,FINAL_STREAM_END,EXTRA,2,75,1967,4176,0.006074114801428041,0.006055029152444675,0.07282435541074757,0.07279238863472079
D1,FINAL_STREAM_END,EXTRA,3,1,283,252,0.0012102319182607222,0.0012126221669449655,0.0950382199411428,0.09511149665985687
D1,FINAL_STREAM_END,EXTRA,3,2,378,2930,0.010669424099008663,0.010866357218583556,0.3249608096347477,0.3248036911078637
D1,FINAL_STREAM_END,EXTRA,3,3,454,3012,0.010715809546359537,0.01058363628442283,0.2603457165614852,0.25991881438021985
D1,FINAL_STREAM_END,EXTRA,3,4,482,3043,0.00847190697343916,0.008482672794823697,0.10456532248119121,0.10460160401742398
D1,FINAL_STREAM_END,EXTRA,3,5,512,3072,0.045274484267022345,0.04524863081159568,0.1552675426553904,0.15409725403156058
D1,FINAL_STREAM_END,EXTRA,3,6,547,3613,0.060544430169492604,0.060547135758724134,0.9027251323207593,0.9026879456699667
D1,FINAL_STREAM_END,EXTRA,3,7,575,2550,0.029640985094442532,0.029593915195233397,0.398798100890554,0.39890487957385823
D1,FINAL_STREAM_END,EXTRA,3,8,632,3535,0.1029817000070085,0.10294657221215546,1.0072019992614207,1.0066670620409508
D1,FINAL_STREAM_END,EXTRA,3,9,635,2615,0.07063310784565126,0.07099769814935704,0.3539243137876948,0.3531091604723168
D1,FINAL_STREAM_END,EXTRA,3,10,638,3529,0.03658244106365515,0.03571328563835719,0.6002779210394729,0.601035767827984
D1,FINAL_STREAM_END,EXTRA,3,11,639,2620,0.07972043705795208,0.0802103364627786,0.22393735035024875,0.22238617995424198
D1,FINAL_STREAM_END,EXTRA,3,12,643,3525,0.09270425854547176,0.09271890509880966,0.30570570209456555,0.3056805946557015
D1,FINAL_STREAM_END,EXTRA,3,13,644,2625,0.02844219525638882,0.02848879019958673,0.2616298309572746,0.25997534737799627
D1,FINAL_STREAM_END,EXTRA,3,14,645,3522,0.11822229254644817,0.1179997951029522,1.0645753924380894,1.0662324205640503
D1,FINAL_STREAM_END,EXTRA,3,15,646,2628,0.04406351429645338,0.0440611049999635,0.2147276938825417,0.21471950191603328
D1,FINAL_STREAM_END,EXTRA,3,16,653,3513,0.08030536311043153,0.08031209402046252,1.170819652655839,1.170831871240592
D1,FINAL_STREAM_END,EXTRA,3,17,659,2646,0.21822723100541444,0.21822936746909335,0.6660395192908974,0.6660846903290804
D1,FINAL_STREAM_END,EXTRA,3,18,660,3504,0.03266603235467766,0.03266915216614044,0.4936388504352709,0.49367196587817
D1,FINAL_STREAM_END,EXTRA,3,19,661,2646,0.18676506298378864,0.18676192401897126,0.7208890128331703,0.721006673278239
D1,FINAL_STREAM_END,EXTRA,3,20,664,3500,0.0556479876022981,0.055650124257440224,0.4525025835088637,0.45253975572651306
D1,FINAL_STREAM_END,EXTRA,3,21,702,3464,0.015657193953428714,0.015609809364447749,0.09234187780084548,0.0923439830757105
D1,FINAL_STREAM_END,EXTRA,3,22,746,3426,0.033021559840963735,0.03373542834513205,0.5252602422147876,0.5281948841189659
D1,FINAL_STREAM_END,EXTRA,3,23,762,3413,0.025843175231677153,0.025844870876785633,0.19164918597200262,0.19168544533394113
D1,FINAL_STREAM_END,EXTRA,3,24,779,3399,0.011268791570439383,0.011305096526922813,0.36397271109177615,0.3636189323630224
D1,FINAL_STREAM_END,EXTRA,3,25,816,3369,0.03308997673890231,0.033055786873930626,0.49337612138353754,0.49328679917809254
D1,FINAL_STREAM_END,EXTRA,3,26,827,3360,0.07772441748672158,0.07772249731191834,0.38315387445919624,0.3830574535830778
D1,FINAL_STREAM_END,EXTRA,3,27,843,3358,0.07358762948717149,0.07358572588583824,1.146519878464019,1.1465319744505071
D1,FINAL_STREAM_END,EXTRA,3,28,863,3358,0.33676063027428116,0.33675121492733645,1.1054168658594472,1.106084809063494
D1,FINAL_STREAM_END,EXTRA,3,29,878,3347,0.166167721456541,0.16613047656543475,2.4781386408335178,2.4778545859416172
D1,FINAL_STREAM_END,EXTRA,3,30,905,3802,0.14833796403135768,0.14823930308595204,2.5245924197163774,2.52509511143852
D1,FINAL_STREAM_END,EXTRA,3,31,931,3276,0.02993207491235002,0.03027251841617582,1.7596953131128241,1.7625756790578593
D1,FINAL_STREAM_END,EXTRA,3,32,934,3779,0.052830697638903724,0.05269624735549348,0.8754729532385016,0.877848167621749
D1,FINAL_STREAM_END,EXTRA,3,33,936,3271,0.07003578944517934,0.06998202968337935,0.25816470590862267,0.25791965375717013
D1,FINAL_STREAM_END,EXTRA,3,34,946,3771,0.03242491874918141,0.03243463902073541,0.6346130987295348,0.6345859495494565
D1,FINAL_STREAM_END,EXTRA,3,35,954,3261,0.05221617895411667,0.052144072701143476,0.6655139771202947,0.6660096894704587
D1,FINAL_STREAM_END,EXTRA,3,36,959,3764,0.12559661992853569,0.1256159503036392,0.5760602845881212,0.5752772871395213
D1,FINAL_STREAM_END,EXTRA,3,37,973,3248,0.1466712364393234,0.14677229240254125,0.4782854409124085,0.477840758247096
D1,FINAL_STREAM_END,EXTRA,3,38,993,3742,0.10317964142859411,0.10320288789768964,0.4562652887763777,0.45454181337046623
D1,FINAL_STREAM_END,EXTRA,3,39,1002,3218,0.06330606063260756,0.0633125634139531,0.38153400143465677,0.3815702185255971
D1,FINAL_STREAM_END,EXTRA,3,40,1014,3199,0.022801551452832174,0.022812646368710224,0.5203771134880447,0.5206803526849966
D1,FINAL_STREAM_END,EXTRA,3,41,1036,3174,0.042908846739141644,0.04290070026385595,0.2866772333662025,0.28693783976400833
D1,FINAL_STREAM_END,EXTRA,3,42,1037,3686,0.039022761737208554,0.03902434257113843,0.14552776012294832,0.1448304600992048
D1,FINAL_STREAM_END,EXTRA,3,43,1041,3168,0.044983606146452096,0.04499793510509625,0.21356414160213189,0.21301506795005223
D1,FINAL_STREAM_END,EXTRA,3,44,1052,3672,0.019647148561685906,0.019669320276348053,0.24730410759296415,0.24713388487135526
D1,FINAL_STREAM_END,EXTRA,3,45,1067,2481,0.0929847024095857,0.09281359940985845,0.6397854164053368,0.6387222019207384
D1,FINAL_STREAM_END,EXTRA,3,46,1082,2493,0.063844357082118,0.06384496601246199,0.4159562526776233,0.41594818233052444
D1,FINAL_STREAM_END,EXTRA,3,47,1083,3130,0.06917275992041591,0.06918887877959987,0.28744133904275687,0.28746875278530415
D1,FINAL_STREAM_END,EXTRA,3,48,1087,3645,0.013861887123247832,0.013857834483816295,0.10009031005064783,0.10002927509789064
D1,FINAL_STREAM_END,EXTRA,3,49,1090,3124,0.08384876886808654,0.08383861349276098,0.17122839725245637,0.17124223161583593
D1,FINAL_STREAM_END,EXTRA,3,50,1120,2528,0.03841148848183836,0.038414428798000055,0.2454171877651064,0.2455380615935271
D1,FINAL_STREAM_END,EXTRA,3,51,1134,3082,0.08505564968516026,0.08513067151990568,0.5451918316776873,0.54514720210514
D1,FINAL_STREAM_END,EXTRA,3,52,1144,3073,0.029559314242150452,0.02898919996101528,0.237157774417827,0.23703088444773737
D1,FINAL_STREAM_END,EXTRA,3,53,1169,3041,0.01517956836422767,0.014543133574985741,0.15287571906229988,0.15240755278332702
D1,FINAL_STREAM_END,EXTRA,3,54,1191,3019,0.015162039039361589,0.0150768896363515,0.07925693063494943,0.07883379361410016
D1,FINAL_STREAM_END,EXTRA,3,55,1308,2933,0.107171712706333,0.10719594018661356,0.3512998666060349,0.35091339169684876
D1,FINAL_STREAM_END,EXTRA,3,56,1327,2908,0.04203496842184565,0.04147013268548676,0.8322294814606953,0.8309167264397236
D1,FINAL_STREAM_END,EXTRA,3,57,1373,2865,0.026223063327276946,0.026226495645797245,1.0997502539585875,1.0998010061144214
D1,FINAL_STREAM_END,EXTRA,3,58,1424,2819,0.11529895852634924,0.11534001188710737,2.1295528997764137,2.1294881973825395
D1,FINAL_STREAM_END,EXTRA,3,59,1444,2798,0.054654064423403856,0.053994326672264704,0.8159090355423029,0.8147699667010256
D1,FINAL_STREAM_END,EXTRA,3,60,1489,2755,0.03777444686565012,0.03777668759981894,0.8496697559545306,0.8496360262913997
D1,FINAL_STREAM_END,EXTRA,3,61,1579,2678,0.07549400569322232,0.07554230125511097,0.40082733387876796,0.4007574479716736
D1,FINAL_STREAM_END,EXTRA,3,62,1606,2654,0.048978378837780015,0.04898320391701223,0.9766703372989928,0.9766175626355955
D1,FINAL_STREAM_END,EXTRA,3,63,1619,3494,0.07048210014773977,0.07048506436179502,0.6716138826220006,0.6716454149824079
D1,FINAL_STREAM_END,EXTRA,3,64,1650,3461,0.1130978357681744,0.11309230843553382,0.12306317226429198,0.12309939399928797
D1,FINAL_STREAM_END,EXTRA,3,65,1656,3454,0.34345086270819286,0.3428538068554287,0.20511348419624484,0.2070475022656456
D1,FINAL_STREAM_END,EXTRA,3,66,1661,3451,0.2503460381296914,0.24975669627548888,0.5061015392997253,0.507547042814854
D1,FINAL_STREAM_END,EXTRA,3,67,1694,3417,0.0182153044001344,0.01820157745261021,0.8544697135889221,0.8544670504489413
D1,FINAL_STREAM_END,EXTRA,3,68,1716,3399,0.020340821205995032,0.02032334188981266,0.4674912990008174,0.467594592277719
D1,FINAL_STREAM_END,EXTRA,3,69,1744,3382,0.06952469476979495,0.0695232916568718,0.23584090913434988,0.2358737223647386
D1,FINAL_STREAM_END,EXTRA,3,70,1748,3379,0.07658670546111553,0.07654750529640895,0.35876717016540827,0.3587857492156007
D1,FINAL_STREAM_END,EXTRA,3,71,1763,3365,0.0543602987118925,0.05431578154004268,0.3705942766781322,0.37079697416637175
D1,FINAL_STREAM_END,EXTRA,3,72,1776,3365,0.031133495478594658,0.031133679752374882,0.35538985737262907,0.35530364535414727
D1,FINAL_STREAM_END,EXTRA,3,73,1789,3358,0.06884804492654757,0.06883491223208461,1.2219210724775498,1.2216601954521868
D1,FINAL_STREAM_END,EXTRA,3,74,1806,3863,0.04649607527715602,0.046422079318199395,0.5967732142621776,0.5961468948990658
D1,FINAL_STREAM_END,EXTRA,3,75,1967,4176,0.006074114801428041,0.006055029152444675,0.07282435541074757,0.07279238863472079
D1,FINAL_STREAM_END,EXTRA,4,1,283,252,0.0012102319182607222,0.0012126221669449655,0.0950382199411428,0.09511149665985687
D1,FINAL_STREAM_END,EXTRA,4,2,378,2930,0.010669424099008663,0.010866357218583556,0.3249608096347477,0.3248036911078637
D1,FINAL_STREAM_END,EXTRA,4,3,454,3012,0.010715809546359537,0.01058363628442283,0.2603457165614852,0.25991881438021985
D1,FINAL_STREAM_END,EXTRA,4,4,482,3043,0.00847190697343916,0.008482672794823697,0.10456532248119121,0.10460160401742398
D1,FINAL_STREAM_END,EXTRA,4,5,512,3072,0.045274484267022345,0.04524863081159568,0.1552675426553904,0.15409725403156058
D1,FINAL_STREAM_END,EXTRA,4,6,547,3613,0.060544430169492604,0.060547135758724134,0.9027251323207593,0.9026879456699667
D1,FINAL_STREAM_END,EXTRA,4,7,575,2550,0.029640985094442532,0.029593915195233397,0.398798100890554,0.39890487957385823
D1,FINAL_STREAM_END,EXTRA,4,8,632,3535,0.1029817000070085,0.10294657221215546,1.0072019992614207,1.0066670620409508
D1,FINAL_STREAM_END,EXTRA,4,9,635,2615,0.07063310784565126,0.07099769814935704,0.3539243137876948,0.3531091604723168
D1,FINAL_STREAM_END,EXTRA,4,10,638,3529,0.03658244106365515,0.03571328563835719,0.6002779210394729,0.601035767827984
D1,FINAL_STREAM_END,EXTRA,4,11,639,2620,0.07972043705795208,0.0802103364627786,0.22393735035024875,0.22238617995424198
D1,FINAL_STREAM_END,EXTRA,4,12,643,3525,0.09270425854547176,0.09271890509880966,0.30570570209456555,0.3056805946557015
D1,FINAL_STREAM_END,EXTRA,4,13,644,2625,0.02844219525638882,0.02848879019958673,0.2616298309572746,0.25997534737799627
D1,FINAL_STREAM_END,EXTRA,4,14,645,3522,0.11822229254644817,0.1179997951029522,1.0645753924380894,1.0662324205640503
D1,FINAL_STREAM_END,EXTRA,4,15,646,2628,0.04406351429645338,0.0440611049999635,0.2147276938825417,0.21471950191603328
D1,FINAL_STREAM_END,EXTRA,4,16,653,3513,0.08030536311043153,0.08031209402046252,1.170819652655839,1.170831871240592
D1,FINAL_STREAM_END,EXTRA,4,17,659,2646,0.21822723100541444,0.21822936746909335,0.6660395192908974,0.6660846903290804
D1,FINAL_STREAM_END,EXTRA,4,18,660,3504,0.03266603235467766,0.03266915216614044,0.4936388504352709,0.49367196587817
D1,FINAL_STREAM_END,EXTRA,4,19,661,2646,0.18676506298378864,0.18676192401897126,0.7208890128331703,0.721006673278239
D1,FINAL_STREAM_END,EXTRA,4,20,664,3500,0.0556479876022981,0.055650124257440224,0.4525025835088637,0.45253975572651306
D1,FINAL_STREAM_END,EXTRA,4,21,702,3464,0.015657193953428714,0.015609809364447749,0.09234187780084548,0.0923439830757105
D1,FINAL_STREAM_END,EXTRA,4,22,746,3426,0.033021559840963735,0.03373542834513205,0.5252602422147876,0.5281948841189659
D1,FINAL_STREAM_END,EXTRA,4,23,762,3413,0.025843175231677153,0.025844870876785633,0.19164918597200262,0.19168544533394113
D1,FINAL_STREAM_END,EXTRA,4,24,779,3399,0.011268791570439383,0.011305096526922813,0.36397271109177615,0.3636189323630224
D1,FINAL_STREAM_END,EXTRA,4,25,816,3369,0.03308997673890231,0.033055786873930626,0.49337612138353754,0.49328679917809254
D1,FINAL_STREAM_END,EXTRA,4,26,827,3360,0.07772441748672158,0.07772249731191834,0.38315387445919624,0.3830574535830778
D1,FINAL_STREAM_END,EXTRA,4,27,843,3358,0.07358762948717149,0.07358572588583824,1.146519878464019,1.1465319744505071
D1,FINAL_STREAM_END,EXTRA,4,28,863,3358,0.33676063027428116,0.33675121492733645,1.1054168658594472,1.106084809063494
D1,FINAL_STREAM_END,EXTRA,4,29,878,3347,0.166167721456541,0.16613047656543475,2.4781386408335178,2.4778545859416172
D1,FINAL_STREAM_END,EXTRA,4,30,905,3802,0.14833796403135768,0.14823930308595204,2.5245924197163774,2.52509511143852
D1,FINAL_STREAM_END,EXTRA,4,31,931,3276,0.02993207491235002,0.03027251841617582,1.7596953131128241,1.7625756790578593
D1,FINAL_STREAM_END,EXTRA,4,32,934,3779,0.052830697638903724,0.05269624735549348,0.8754729532385016,0.877848167621749
D1,FINAL_STREAM_END,EXTRA,4,33,936,3271,0.07003578944517934,0.06998202968337935,0.25816470590862267,0.25791965375717013
D1,FINAL_STREAM_END,EXTRA,4,34,946,3771,0.03242491874918141,0.03243463902073541,0.6346130987295348,0.6345859495494565
D1,FINAL_STREAM_END,EXTRA,4,35,954,3261,0.05221617895411667,0.052144072701143476,0.6655139771202947,0.6660096894704587
D1,FINAL_STREAM_END,EXTRA,4,36,959,3764,0.12559661992853569,0.1256159503036392,0.5760602845881212,0.5752772871395213
D1,FINAL_STREAM_END,EXTRA,4,37,973,3248,0.1466712364393234,0.14677229240254125,0.4782854409124085,0.477840758247096
D1,FINAL_STREAM_END,EXTRA,4,38,993,3742,0.10317964142859411,0.10320288789768964,0.4562652887763777,0.45454181337046623
D1,FINAL_STREAM_END,EXTRA,4,39,1002,3218,0.06330606063260756,0.0633125634139531,0.38153400143465677,0.3815702185255971
D1,FINAL_STREAM_END,EXTRA,4,40,1014,3199,0.022801551452832174,0.022812646368710224,0.5203771134880447,0.5206803526849966
D1,FINAL_STREAM_END,EXTRA,4,41,1036,3174,0.042908846739141644,0.04290070026385595,0.2866772333662025,0.28693783976400833
D1,FINAL_STREAM_END,EXTRA,4,42,1037,3686,0.039022761737208554,0.03902434257113843,0.14552776012294832,0.1448304600992048
D1,FINAL_STREAM_END,EXTRA,4,43,1041,3168,0.044983606146452096,0.04499793510509625,0.21356414160213189,0.21301506795005223
D1,FINAL_STREAM_END,EXTRA,4,44,1052,3672,0.019647148561685906,0.019669320276348053,0.24730410759296415,0.24713388487135526
D1,FINAL_STREAM_END,EXTRA,4,45,1067,2481,0.0929847024095857,0.09281359940985845,0.6397854164053368,0.6387222019207384
D1,FINAL_STREAM_END,EXTRA,4,46,1082,2493,0.063844357082118,0.06384496601246199,0.4159562526776233,0.41594818233052444
D1,FINAL_STREAM_END,EXTRA,4,47,1083,3130,0.06917275992041591,0.06918887877959987,0.28744133904275687,0.28746875278530415
D1,FINAL_STREAM_END,EXTRA,4,48,1087,3645,0.013861887123247832,0.013857834483816295,0.10009031005064783,0.10002927509789064
D1,FINAL_STREAM_END,EXTRA,4,49,1090,3124,0.08384876886808654,0.08383861349276098,0.17122839725245637,0.17124223161583593
D1,FINAL_STREAM_END,EXTRA,4,50,1120,2528,0.03841148848183836,0.038414428798000055,0.2454171877651064,0.2455380615935271
D1,FINAL_STREAM_END,EXTRA,4,51,1134,3082,0.08505564968516026,0.08513067151990568,0.5451918316776873,0.54514720210514
D1,FINAL_STREAM_END,EXTRA,4,52,1144,3073,0.029559314242150452,0.02898919996101528,0.237157774417827,0.23703088444773737
D1,FINAL_STREAM_END,EXTRA,4,53,1169,3041,0.01517956836422767,0.014543133574985741,0.15287571906229988,0.15240755278332702
D1,FINAL_STREAM_END,EXTRA,4,54,1191,3019,0.015162039039361589,0.0150768896363515,0.07925693063494943,0.07883379361410016
D1,FINAL_STREAM_END,EXTRA,4,55,1308,2933,0.107171712706333,0.10719594018661356,0.3512998666060349,0.35091339169684876
D1,FINAL_STREAM_END,EXTRA,4,56,1327,2908,0.04203496842184565,0.04147013268548676,0.8322294814606953,0.8309167264397236
D1,FINAL_STREAM_END,EXTRA,4,57,1373,2865,0.026223063327276946,0.026226495645797245,1.0997502539585875,1.0998010061144214
D1,FINAL_STREAM_END,EXTRA,4,58,1424,2819,0.11529895852634924,0.11534001188710737,2.1295528997764137,2.1294881973825395
D1,FINAL_STREAM_END,EXTRA,4,59,1444,2798,0.054654064423403856,0.053994326672264704,0.8159090355423029,0.8147699667010256
D1,FINAL_STREAM_END,EXTRA,4,60,1489,2755,0.03777444686565012,0.03777668759981894,0.8496697559545306,0.8496360262913997
D1,FINAL_STREAM_END,EXTRA,4,61,1579,2678,0.07549400569322232,0.07554230125511097,0.40082733387876796,0.4007574479716736
D1,FINAL_STREAM_END,EXTRA,4,62,1606,2654,0.048978378837780015,0.04898320391701223,0.9766703372989928,0.9766175626355955
D1,FINAL_STREAM_END,EXTRA,4,63,1619,3494,0.07048210014773977,0.07048506436179502,0.6716138826220006,0.6716454149824079
D1,FINAL_STREAM_END,EXTRA,4,64,1650,3461,0.1130978357681744,0.11309230843553382,0.12306317226429198,0.12309939399928797
D1,FINAL_STREAM_END,EXTRA,4,65,1656,3454,0.34345086270819286,0.3428538068554287,0.20511348419624484,0.2070475022656456
D1,FINAL_STREAM_END,EXTRA,4,66,1661,3451,0.2503460381296914,0.24975669627548888,0.5061015392997253,0.507547042814854
D1,FINAL_STREAM_END,EXTRA,4,67,1694,3417,0.0182153044001344,0.01820157745261021,0.8544697135889221,0.8544670504489413
D1,FINAL_STREAM_END,EXTRA,4,68,1716,3399,0.020340821205995032,0.02032334188981266,0.4674912990008174,0.467594592277719
D1,FINAL_STREAM_END,EXTRA,4,69,1744,3382,0.06952469476979495,0.0695232916568718,0.23584090913434988,0.2358737223647386
D1,FINAL_STREAM_END,EXTRA,4,70,1748,3379,0.07658670546111553,0.07654750529640895,0.35876717016540827,0.3587857492156007
D1,FINAL_STREAM_END,EXTRA,4,71,1763,3365,0.0543602987118925,0.05431578154004268,0.3705942766781322,0.37079697416637175
D1,FINAL_STREAM_END,EXTRA,4,72,1776,3365,0.031133495478594658,0.031133679752374882,0.35538985737262907,0.35530364535414727
D1,FINAL_STREAM_END,EXTRA,4,73,1789,3358,0.06884804492654757,0.06883491223208461,1.2219210724775498,1.2216601954521868
D1,FINAL_STREAM_END,EXTRA,4,74,1806,3863,0.04649607527715602,0.046422079318199395,0.5967732142621776,0.5961468948990658
D1,FINAL_STREAM_END,EXTRA,4,75,1967,4176,0.006074114801428041,0.006055029152444675,0.07282435541074757,0.07279238863472079
D1,FINAL_STREAM_END,EXTRA,5,1,283,252,0.0012102319182607222,0.0012126221669449655,0.0950382199411428,0.09511149665985687
D1,FINAL_STREAM_END,EXTRA,5,2,378,2930,0.010669424099008663,0.010866357218583556,0.3249608096347477,0.3248036911078637
D1,FINAL_STREAM_END,EXTRA,5,3,454,3012,0.010715809546359537,0.01058363628442283,0.2603457165614852,0.25991881438021985
D1,FINAL_STREAM_END,EXTRA,5,4,482,3043,0.00847190697343916,0.008482672794823697,0.10456532248119121,0.10460160401742398
D1,FINAL_STREAM_END,EXTRA,5,5,512,3072,0.045274484267022345,0.04524863081159568,0.1552675426553904,0.15409725403156058
D1,FINAL_STREAM_END,EXTRA,5,6,547,3613,0.060544430169492604,0.060547135758724134,0.9027251323207593,0.9026879456699667
D1,FINAL_STREAM_END,EXTRA,5,7,575,2550,0.029640985094442532,0.029593915195233397,0.398798100890554,0.39890487957385823
D1,FINAL_STREAM_END,EXTRA,5,8,632,3535,0.1029817000070085,0.10294657221215546,1.0072019992614207,1.0066670620409508
D1,FINAL_STREAM_END,EXTRA,5,9,635,2615,0.07063310784565126,0.07099769814935704,0.3539243137876948,0.3531091604723168
D1,FINAL_STREAM_END,EXTRA,5,10,638,3529,0.03658244106365515,0.03571328563835719,0.6002779210394729,0.601035767827984
D1,FINAL_STREAM_END,EXTRA,5,11,639,2620,0.07972043705795208,0.0802103364627786,0.22393735035024875,0.22238617995424198
D1,FINAL_STREAM_END,EXTRA,5,12,643,3525,0.09270425854547176,0.09271890509880966,0.30570570209456555,0.3056805946557015
D1,FINAL_STREAM_END,EXTRA,5,13,644,2625,0.02844219525638882,0.02848879019958673,0.2616298309572746,0.25997534737799627
D1,FINAL_STREAM_END,EXTRA,5,14,645,3522,0.11822229254644817,0.1179997951029522,1.0645753924380894,1.0662324205640503
D1,FINAL_STREAM_END,EXTRA,5,15,646,2628,0.04406351429645338,0.0440611049999635,0.2147276938825417,0.21471950191603328
D1,FINAL_STREAM_END,EXTRA,5,16,653,3513,0.08030536311043153,0.08031209402046252,1.170819652655839,1.170831871240592
D1,FINAL_STREAM_END,EXTRA,5,17,659,2646,0.21822723100541444,0.21822936746909335,0.6660395192908974,0.6660846903290804
D1,FINAL_STREAM_END,EXTRA,5,18,660,3504,0.03266603235467766,0.03266915216614044,0.4936388504352709,0.49367196587817
D1,FINAL_STREAM_END,EXTRA,5,19,661,2646,0.18676506298378864,0.18676192401897126,0.7208890128331703,0.721006673278239
D1,FINAL_STREAM_END,EXTRA,5,20,664,3500,0.0556479876022981,0.055650124257440224,0.4525025835088637,0.45253975572651306
D1,FINAL_STREAM_END,EXTRA,5,21,702,3464,0.015657193953428714,0.015609809364447749,0.09234187780084548,0.0923439830757105
D1,FINAL_STREAM_END,EXTRA,5,22,746,3426,0.033021559840963735,0.03373542834513205,0.5252602422147876,0.5281948841189659
D1,FINAL_STREAM_END,EXTRA,5,23,762,3413,0.025843175231677153,0.025844870876785633,0.19164918597200262,0.19168544533394113
D1,FINAL_STREAM_END,EXTRA,5,24,779,3399,0.011268791570439383,0.011305096526922813,0.36397271109177615,0.3636189323630224
D1,FINAL_STREAM_END,EXTRA,5,25,816,3369,0.03308997673890231,0.033055786873930626,0.49337612138353754,0.49328679917809254
D1,FINAL_STREAM_END,EXTRA,5,26,827,3360,0.07772441748672158,0.07772249731191834,0.38315387445919624,0.3830574535830778
D1,FINAL_STREAM_END,EXTRA,5,27,843,3358,0.07358762948717149,0.07358572588583824,1.146519878464019,1.1465319744505071
D1,FINAL_STREAM_END,EXTRA,5,28,863,3358,0.33676063027428116,0.33675121492733645,1.1054168658594472,1.106084809063494
D1,FINAL_STREAM_END,EXTRA,5,29,878,3347,0.166167721456541,0.16613047656543475,2.4781386408335178,2.4778545859416172
D1,FINAL_STREAM_END,EXTRA,5,30,905,3802,0.14833796403135768,0.14823930308595204,2.5245924197163774,2.52509511143852
D1,FINAL_STREAM_END,EXTRA,5,31,931,3276,0.02993207491235002,0.03027251841617582,1.7596953131128241,1.7625756790578593
D1,FINAL_STREAM_END,EXTRA,5,32,934,3779,0.052830697638903724,0.05269624735549348,0.8754729532385016,0.877848167621749
D1,FINAL_STREAM_END,EXTRA,5,33,936,3271,0.07003578944517934,0.06998202968337935,0.25816470590862267,0.25791965375717013
D1,FINAL_STREAM_END,EXTRA,5,34,946,3771,0.03242491874918141,0.03243463902073541,0.6346130987295348,0.6345859495494565
D1,FINAL_STREAM_END,EXTRA,5,35,954,3261,0.05221617895411667,0.052144072701143476,0.6655139771202947,0.6660096894704587
D1,FINAL_STREAM_END,EXTRA,5,36,959,3764,0.12559661992853569,0.1256159503036392,0.5760602845881212,0.5752772871395213
D1,FINAL_STREAM_END,EXTRA,5,37,973,3248,0.1466712364393234,0.14677229240254125,0.4782854409124085,0.477840758247096
D1,FINAL_STREAM_END,EXTRA,5,38,993,3742,0.10317964142859411,0.10320288789768964,0.4562652887763777,0.45454181337046623
D1,FINAL_STREAM_END,EXTRA,5,39,1002,3218,0.06330606063260756,0.0633125634139531,0.38153400143465677,0.3815702185255971
D1,FINAL_STREAM_END,EXTRA,5,40,1014,3199,0.022801551452832174,0.022812646368710224,0.5203771134880447,0.5206803526849966
D1,FINAL_STREAM_END,EXTRA,5,41,1036,3174,0.042908846739141644,0.04290070026385595,0.2866772333662025,0.28693783976400833
D1,FINAL_STREAM_END,EXTRA,5,42,1037,3686,0.039022761737208554,0.03902434257113843,0.14552776012294832,0.1448304600992048
D1,FINAL_STREAM_END,EXTRA,5,43,1041,3168,0.044983606146452096,0.04499793510509625,0.21356414160213189,0.21301506795005223
D1,FINAL_STREAM_END,EXTRA,5,44,1052,3672,0.019647148561685906,0.019669320276348053,0.24730410759296415,0.24713388487135526
D1,FINAL_STREAM_END,EXTRA,5,45,1067,2481,0.0929847024095857,0.09281359940985845,0.6397854164053368,0.6387222019207384
D1,FINAL_STREAM_END,EXTRA,5,46,1082,2493,0.063844357082118,0.06384496601246199,0.4159562526776233,0.41594818233052444
D1,FINAL_STREAM_END,EXTRA,5,47,1083,3130,0.06917275992041591,0.06918887877959987,0.28744133904275687,0.28746875278530415
D1,FINAL_STREAM_END,EXTRA,5,48,1087,3645,0.013861887123247832,0.013857834483816295,0.10009031005064783,0.10002927509789064
D1,FINAL_STREAM_END,EXTRA,5,49,1090,3124,0.08384876886808654,0.08383861349276098,0.17122839725245637,0.17124223161583593
D1,FINAL_STREAM_END,EXTRA,5,50,1120,2528,0.03841148848183836,0.038414428798000055,0.2454171877651064,0.2455380615935271
D1,FINAL_STREAM_END,EXTRA,5,51,1134,3082,0.08505564968516026,0.08513067151990568,0.5451918316776873,0.54514720210514
D1,FINAL_STREAM_END,EXTRA,5,52,1144,3073,0.029559314242150452,0.02898919996101528,0.237157774417827,0.23703088444773737
D1,FINAL_STREAM_END,EXTRA,5,53,1169,3041,0.01517956836422767,0.014543133574985741,0.15287571906229988,0.15240755278332702
D1,FINAL_STREAM_END,EXTRA,5,54,1191,3019,0.015162039039361589,0.0150768896363515,0.07925693063494943,0.07883379361410016
D1,FINAL_STREAM_END,EXTRA,5,55,1308,2933,0.107171712706333,0.10719594018661356,0.3512998666060349,0.35091339169684876
D1,FINAL_STREAM_END,EXTRA,5,56,1327,2908,0.04203496842184565,0.04147013268548676,0.8322294814606953,0.8309167264397236
D1,FINAL_STREAM_END,EXTRA,5,57,1373,2865,0.026223063327276946,0.026226495645797245,1.0997502539585875,1.0998010061144214
D1,FINAL_STREAM_END,EXTRA,5,58,1424,2819,0.11529895852634924,0.11534001188710737,2.1295528997764137,2.1294881973825395
D1,FINAL_STREAM_END,EXTRA,5,59,1444,2798,0.054654064423403856,0.053994326672264704,0.8159090355423029,0.8147699667010256
D1,FINAL_STREAM_END,EXTRA,5,60,1489,2755,0.03777444686565012,0.03777668759981894,0.8496697559545306,0.8496360262913997
D1,FINAL_STREAM_END,EXTRA,5,61,1579,2678,0.07549400569322232,0.07554230125511097,0.40082733387876796,0.4007574479716736
D1,FINAL_STREAM_END,EXTRA,5,62,1606,2654,0.048978378837780015,0.04898320391701223,0.9766703372989928,0.9766175626355955
D1,FINAL_STREAM_END,EXTRA,5,63,1619,3494,0.07048210014773977,0.07048506436179502,0.6716138826220006,0.6716454149824079
D1,FINAL_STREAM_END,EXTRA,5,64,1650,3461,0.1130978357681744,0.11309230843553382,0.12306317226429198,0.12309939399928797
D1,FINAL_STREAM_END,EXTRA,5,65,1656,3454,0.34345086270819286,0.3428538068554287,0.20511348419624484,0.2070475022656456
D1,FINAL_STREAM_END,EXTRA,5,66,1661,3451,0.2503460381296914,0.24975669627548888,0.5061015392997253,0.507547042814854
D1,FINAL_STREAM_END,EXTRA,5,67,1694,3417,0.0182153044001344,0.01820157745261021,0.8544697135889221,0.8544670504489413
D1,FINAL_STREAM_END,EXTRA,5,68,1716,3399,0.020340821205995032,0.02032334188981266,0.4674912990008174,0.467594592277719
D1,FINAL_STREAM_END,EXTRA,5,69,1744,3382,0.06952469476979495,0.0695232916568718,0.23584090913434988,0.2358737223647386
D1,FINAL_STREAM_END,EXTRA,5,70,1748,3379,0.07658670546111553,0.07654750529640895,0.35876717016540827,0.3587857492156007
D1,FINAL_STREAM_END,EXTRA,5,71,1763,3365,0.0543602987118925,0.05431578154004268,0.3705942766781322,0.37079697416637175
D1,FINAL_STREAM_END,EXTRA,5,72,1776,3365,0.031133495478594658,0.031133679752374882,0.35538985737262907,0.35530364535414727
D1,FINAL_STREAM_END,EXTRA,5,73,1789,3358,0.06884804492654757,0.06883491223208461,1.2219210724775498,1.2216601954521868
D1,FINAL_STREAM_END,EXTRA,5,74,1806,3863,0.04649607527715602,0.046422079318199395,0.5967732142621776,0.5961468948990658
D1,FINAL_STREAM_END,EXTRA,5,75,1967,4176,0.006074114801428041,0.006055029152444675,0.07282435541074757,0.07279238863472079
D2,FIRST_LOOP,AFTER_INSERTION,0,1,283,252,3.552713678800501e-15,7.32410687763558e-15,6.362031393690994e-15,7.510676793728427e-15
D2,FIRST_LOOP,EXTRA,1,1,283,252,3.552713678800501e-15,7.32410687763558e-15,6.362031393690994e-15,7.510676793728427e-15
D2,FIRST_LOOP,EXTRA,2,1,283,252,3.552713678800501e-15,7.32410687763558e-15,6.362031393690994e-15,7.510676793728427e-15
D2,FIRST_LOOP,EXTRA,3,1,283,252,3.552713678800501e-15,7.32410687763558e-15,6.362031393690994e-15,7.510676793728427e-15
D2,FIRST_LOOP,EXTRA,4,1,283,252,3.552713678800501e-15,7.32410687763558e-15,6.362031393690994e-15,7.510676793728427e-15
D2,FIRST_LOOP,EXTRA,5,1,283,252,3.552713678800501e-15,7.32410687763558e-15,6.362031393690994e-15,7.510676793728427e-15
D2,K2,BEFORE_EVENT,-1,1,283,252,3.552713678800501e-15,7.32410687763558e-15,6.362031393690994e-15,3.2195832150819397e-15
D2,K2,AFTER_INSERTION,0,1,283,252,0.0005523434409970016,0.0005441256396272467,0.0515930075255417,0.05036258666641907
D2,K2,AFTER_INSERTION,0,2,378,2930,0.32739704086988336,0.0005441201152606942,1.640762270880289,0.05539969131715222
D2,K2,EXTRA,1,1,283,252,0.0005353114100356346,0.0005441256396272467,0.04883621155023198,0.05036258666641907
D2,K2,EXTRA,1,2,378,2930,0.0006409344391500302,0.0005441201152606942,0.05266423729528103,0.05539969131715222
D2,K2,EXTRA,2,1,283,252,0.0005441211975566746,0.0005441256396272467,0.050413094571618564,0.05036258666641907
D2,K2,EXTRA,2,2,378,2930,0.0005438416605525024,0.0005441201152606942,0.05543001374615536,0.05539969131715222
D2,K2,EXTRA,3,1,283,252,0.0005441175578895666,0.0005441256396272467,0.05035825678022772,0.05036258666641907
D2,K2,EXTRA,3,2,378,2930,0.0005441212086460421,0.0005441201152606942,0.05539427840192463,0.05539969131715222
D2,K2,EXTRA,4,1,283,252,0.0005440124784900667,0.0005441256396272467,0.050357365743334,0.05036258666641907
D2,K2,EXTRA,4,2,378,2930,0.0005440161011974639,0.0005441201152606942,0.055392068299377505,0.05539969131715222
D2,K2,EXTRA,5,1,283,252,0.0005440124784900667,0.0005441256396272467,0.050357365743334,0.05036258666641907
D2,K2,EXTRA,5,2,378,2930,0.0005440161011974639,0.0005441201152606942,0.055392068299377505,0.05539969131715222
D2,K10,BEFORE_EVENT,-1,1,283,252,0.001108021686580652,0.0011075047746834795,0.08668180517211141,0.08665398200118173
D2,K10,BEFORE_EVENT,-1,2,378,2930,0.011641462293066352,0.011641500202126877,0.36266338809002396,0.36266647150510334
D2,K10,BEFORE_EVENT,-1,3,454,3012,0.008036859865804522,0.008039603085221803,0.23535873339720187,0.23534016237803757
D2,K10,BEFORE_EVENT,-1,4,482,3043,0.015043844413950616,0.015043602595481969,0.06404170997235617,0.06404104911837134
D2,K10,BEFORE_EVENT,-1,5,512,3072,0.004120824935696331,0.004119512749246628,0.10526826785550375,0.10529985807401535
D2,K10,BEFORE_EVENT,-1,6,547,3613,0.06487659671080086,0.06487650083513136,0.6946518939287489,0.6946741796352681
D2,K10,BEFORE_EVENT,-1,7,575,2550,0.00873949587534906,0.008738195278470202,0.42585401258954214,0.42576306753079723
D2,K10,BEFORE_EVENT,-1,8,632,3535,0.06497249410145685,0.06497583225970288,0.9264150675334358,0.926425055112101
D2,K10,BEFORE_EVENT,-1,9,635,2615,0.009703851200150264,0.009700450921379413,0.1939766439637422,0.19390174726882592
D2,K10,AFTER_INSERTION,0,1,283,252,0.0011096867944148236,0.001109393502584102,0.08681334253319814,0.08677495662488464
D2,K10,AFTER_INSERTION,0,2,378,2930,0.011642724938163575,0.011641130392936338,0.36297160507692616,0.3629852631529023
D2,K10,AFTER_INSERTION,0,3,454,3012,0.008044480243605562,0.008044461550725886,0.23532940060098445,0.23533524131336778
D2,K10,AFTER_INSERTION,0,4,482,3043,0.015040465277360608,0.015039990960358754,0.0640070449094405,0.06401072854164434
D2,K10,AFTER_INSERTION,0,5,512,3072,0.004122296869460072,0.004112968396045588,0.10580954867521587,0.1059378519020472
D2,K10,AFTER_INSERTION,0,6,547,3613,0.06553497490787183,0.06556281637657455,0.7014328753840624,0.7018972531906496
D2,K10,AFTER_INSERTION,0,7,575,2550,0.006827258910170349,0.006732375260081502,0.40959266619221574,0.40880773258603287
D2,K10,AFTER_INSERTION,0,8,632,3535,0.08626169674253872,0.09175565689838842,0.9852952876925754,0.9823430922353412
D2,K10,AFTER_INSERTION,0,9,635,2615,0.007799776295253239,0.00768022433338039,0.2153860950207139,0.21675759399804212
D2,K10,AFTER_INSERTION,0,10,638,3529,0.22067105368913734,0.14812646140185415,0.4071164173528784,0.2812581848731025
D2,K10,EXTRA,1,1,283,252,0.0011098302260256468,0.001109393502584102,0.08679884657567336,0.08677495662488464
D2,K10,EXTRA,1,2,378,2930,0.011640312226528692,0.011641130392936338,0.3629687075758084,0.3629852631529023
D2,K10,EXTRA,1,3,454,3012,0.008042857058607532,0.008044461550725886,0.2353733862194249,0.23533524131336778
D2,K10,EXTRA,1,4,482,3043,0.015040028340462966,0.015039990960358754,0.06401145610700477,0.06401072854164434
D2,K10,EXTRA,1,5,512,3072,0.004114062603132525,0.004112968396045588,0.10593032904951581,0.1059378519020472
D2,K10,EXTRA,1,6,547,3613,0.06556751070590604,0.06556281637657455,0.7018397899971707,0.7018972531906496
D2,K10,EXTRA,1,7,575,2550,0.006725700294492182,0.006732375260081502,0.40875158659446126,0.40880773258603287
D2,K10,EXTRA,1,8,632,3535,0.09175407942680953,0.09175565689838842,0.9824275044572038,0.9823430922353412
D2,K10,EXTRA,1,9,635,2615,0.007675161622478422,0.00768022433338039,0.21676031590079367,0.21675759399804212
D2,K10,EXTRA,1,10,638,3529,0.14810640373556788,0.14812646140185415,0.28143193574544123,0.2812581848731025
D2,K10,EXTRA,2,1,283,252,0.0011097896624332265,0.001109393502584102,0.08680209239132451,0.08677495662488464
D2,K10,EXTRA,2,2,378,2930,0.011640465435107957,0.011641130392936338,0.3629621339193443,0.3629852631529023
D2,K10,EXTRA,2,3,454,3012,0.008043119051269797,0.008044461550725886,0.23536605071432598,0.23533524131336778
D2,K10,EXTRA,2,4,482,3043,0.015039561459136404,0.015039990960358754,0.06399650556892933,0.06401072854164434
D2,K10,EXTRA,2,5,512,3072,0.004113733497799984,0.004112968396045588,0.10594563649481478,0.1059378519020472
D2,K10,EXTRA,2,6,547,3613,0.0655566593907836,0.06556281637657455,0.7019315549300311,0.7018972531906496
D2,K10,EXTRA,2,7,575,2550,0.006732895630202986,0.006732375260081502,0.4087578034209122,0.40880773258603287
D2,K10,EXTRA,2,8,632,3535,0.09170561122885712,0.09175565689838842,0.9820331044754816,0.9823430922353412
D2,K10,EXTRA,2,9,635,2615,0.0076820149059419795,0.00768022433338039,0.2166641844508101,0.21675759399804212
D2,K10,EXTRA,2,10,638,3529,0.14813509699772504,0.14812646140185415,0.2811600247899687,0.2812581848731025
D2,K10,EXTRA,3,1,283,252,0.0011097774940781418,0.001109393502584102,0.08680174972765403,0.08677495662488464
D2,K10,EXTRA,3,2,378,2930,0.011640466703117759,0.011641130392936338,0.3629626433501826,0.3629852631529023
D2,K10,EXTRA,3,3,454,3012,0.008043115802109873,0.008044461550725886,0.23536604349183046,0.23533524131336778
D2,K10,EXTRA,3,4,482,3043,0.015039561020088526,0.015039990960358754,0.06399651495021848,0.06401072854164434
D2,K10,EXTRA,3,5,512,3072,0.004113725510048454,0.004112968396045588,0.10594485471991458,0.1059378519020472
D2,K10,EXTRA,3,6,547,3613,0.06555658473184281,0.06556281637657455,0.7019259885340852,0.7018972531906496
D2,K10,EXTRA,3,7,575,2550,0.006732963771898931,0.006732375260081502,0.408759722937069,0.40880773258603287
D2,K10,EXTRA,3,8,632,3535,0.09170576455059051,0.09175565689838842,0.9820359913953168,0.9823430922353412
D2,K10,EXTRA,3,9,635,2615,0.0076820782102501725,0.00768022433338039,0.21666594939513822,0.21675759399804212
D2,K10,EXTRA,3,10,638,3529,0.14813505994422296,0.14812646140185415,0.28116034838159065,0.2812581848731025
D2,K10,EXTRA,4,1,283,252,0.0011097790565098384,0.001109393502584102,0.08680183022135136,0.08677495662488464
D2,K10,EXTRA,4,2,378,2930,0.011640455409357792,0.011641130392936338,0.3629630515881286,0.3629852631529023
D2,K10,EXTRA,4,3,454,3012,0.00804315535366305,0.008044461550725886,0.23536555839330917,0.23533524131336778
D2,K10,EXTRA,4,4,482,3043,0.01503955248725916,0.015039990960358754,0.06399680049158636,0.06401072854164434
D2,K10,EXTRA,4,5,512,3072,0.004113721030885558,0.004112968396045588,0.10594377403154169,0.1059378519020472
D2,K10,EXTRA,4,6,547,3613,0.06555640648228958,0.06556281637657455,0.7019198140214492,0.7018972531906496
D2,K10,EXTRA,4,7,575,2550,0.0067329674696671345,0.006732375260081502,0.40876156184724055,0.40880773258603287
D2,K10,EXTRA,4,8,632,3535,0.09175048289970883,0.09175565689838842,0.9822190559441957,0.9823430922353412
D2,K10,EXTRA,4,9,635,2615,0.007682092693935464,0.00768022433338039,0.21666921389190494,0.21675759399804212
D2,K10,EXTRA,4,10,638,3529,0.14812760909243827,0.14812646140185415,0.2812039764030325,0.2812581848731025
D2,K10,EXTRA,5,1,283,252,0.0011097790565098384,0.001109393502584102,0.08680183022135136,0.08677495662488464
D2,K10,EXTRA,5,2,378,2930,0.011640450994852596,0.011641130392936338,0.36296317358379365,0.3629852631529023
D2,K10,EXTRA,5,3,454,3012,0.008042748167487408,0.008044461550725886,0.235376105659727,0.23533524131336778
D2,K10,EXTRA,5,4,482,3043,0.015039553056625472,0.015039990960358754,0.06399680376405933,0.06401072854164434
D2,K10,EXTRA,5,5,512,3072,0.004113723610504366,0.004112968396045588,0.10594338685455587,0.1059378519020472
D2,K10,EXTRA,5,6,547,3613,0.06555640211937777,0.06556281637657455,0.7019173371815277,0.7018972531906496
D2,K10,EXTRA,5,7,575,2550,0.006732987653293727,0.006732375260081502,0.4087625555973962,0.40880773258603287
D2,K10,EXTRA,5,8,632,3535,0.09175051833960489,0.09175565689838842,0.9822208818866455,0.9823430922353412
D2,K10,EXTRA,5,9,635,2615,0.0076821123476012425,0.00768022433338039,0.21667030263662382,0.21675759399804212
D2,K10,EXTRA,5,10,638,3529,0.14812759414291077,0.14812646140185415,0.2812042130603725,0.2812581848731025
D2,K40,BEFORE_EVENT,-1,1,283,252,0.0010810355359979545,0.00108215492022771,0.08478899814961056,0.08481400426287464
D2,K40,BEFORE_EVENT,-1,2,378,2930,0.01138949273201318,0.011429225807187686,0.3539945341033737,0.3540151102619276
D2,K40,BEFORE_EVENT,-1,3,454,3012,0.008014339820111035,0.008019655307257463,0.23537873071476362,0.23538504695034373
D2,K40,BEFORE_EVENT,-1,4,482,3043,0.014898176467873914,0.014899446802859396,0.06308623792430258,0.0630940212345487
D2,K40,BEFORE_EVENT,-1,5,512,3072,0.0057001208942044045,0.005701891565823716,0.1764070523946685,0.17641231108171462
D2,K40,BEFORE_EVENT,-1,6,547,3613,0.06211290592970023,0.06211332040767617,0.8190107873950224,0.8190154664715026
D2,K40,BEFORE_EVENT,-1,7,575,2550,0.0066025376912534255,0.006603372051253489,0.3890186741847959,0.38905638539151677
D2,K40,BEFORE_EVENT,-1,8,632,3535,0.10039218779144563,0.10039945843835335,1.0428211145876816,1.0428222113463448
D2,K40,BEFORE_EVENT,-1,9,635,2615,0.07225433871791562,0.07225368573462781,0.3690346285998703,0.36902040159506777
D2,K40,BEFORE_EVENT,-1,10,638,3529,0.036447675128729665,0.0364483606360055,0.6073506425638208,0.6073452044918096
D2,K40,BEFORE_EVENT,-1,11,639,2620,0.08019772753045216,0.08019796474152545,0.21663821877595194,0.21663943076284914
D2,K40,BEFORE_EVENT,-1,12,643,3525,0.09326659107705496,0.09326722794631133,0.31298579125704706,0.3129809474322441
D2,K40,BEFORE_EVENT,-1,13,644,2625,0.028485587750845278,0.02853139169427318,0.25685644683249625,0.25689459147483407
D2,K40,BEFORE_EVENT,-1,14,645,3522,0.11760856632687904,0.11760902591841359,1.0609826682174033,1.0609813414212026
D2,K40,BEFORE_EVENT,-1,15,646,2628,0.042419498540087835,0.042419409376604614,0.20697476794539935,0.2069740216230141
D2,K40,BEFORE_EVENT,-1,16,653,3513,0.07661092274220045,0.07661062588609352,1.1945496297409695,1.1945516130077427
D2,K40,BEFORE_EVENT,-1,17,659,2646,0.20321700922362884,0.20321760098080605,0.9059062244835896,0.905907143479569
D2,K40,BEFORE_EVENT,-1,18,660,3504,0.022670023376591908,0.0226702155408531,0.2326464843485282,0.2326523773476631
D2,K40,BEFORE_EVENT,-1,19,661,2646,0.21263784415683168,0.2126373833129402,0.3113479366127096,0.3113696844235318
D2,K40,BEFORE_EVENT,-1,20,664,3500,0.03260412534484696,0.03260437606917876,0.15150019847658297,0.15150321937978364
D2,K40,BEFORE_EVENT,-1,21,702,3464,0.01723338130194843,0.017233563319826388,0.11242298623823856,0.11242579681598472
D2,K40,BEFORE_EVENT,-1,22,746,3426,0.03357411520126027,0.03346417888927643,0.6031043604762341,0.6030179901082845
D2,K40,BEFORE_EVENT,-1,23,762,3413,0.01964275940464538,0.019517401413865657,0.4199831567131342,0.42007012693334717
D2,K40,BEFORE_EVENT,-1,24,779,3399,0.014767430490947924,0.014927241083693489,0.5706207967623862,0.5706794477493553
D2,K40,BEFORE_EVENT,-1,25,816,3369,0.03365892363948099,0.03349983256921513,0.7018983156572343,0.7018181331879116
D2,K40,BEFORE_EVENT,-1,26,827,3360,0.07584747317051217,0.07562970136935145,0.5351054348781391,0.5350150032170254
D2,K40,BEFORE_EVENT,-1,27,843,3358,0.07586349915782173,0.07563818740587115,1.0410798955849077,1.0409978451084678
D2,K40,BEFORE_EVENT,-1,28,863,3358,0.319097915718082,0.31930950415624915,1.2113983266926394,1.211621611475787
D2,K40,BEFORE_EVENT,-1,29,878,3347,0.1861636442651443,0.18629217379428592,2.5281910777627594,2.528392909246178
D2,K40,BEFORE_EVENT,-1,30,905,3802,0.19809918479904284,0.19809533044622407,1.6210299409556261,1.6211644121954951
D2,K40,BEFORE_EVENT,-1,31,931,3276,0.023631627354364432,0.023785352461472162,1.871996388172051,1.872091774473598
D2,K40,BEFORE_EVENT,-1,32,934,3779,0.048733072265913925,0.04866226058537287,0.8159415050432676,0.8162015252616528
D2,K40,BEFORE_EVENT,-1,33,936,3271,0.06813215781769474,0.06819070202902848,0.29396962201910043,0.2938530500067077
D2,K40,BEFORE_EVENT,-1,34,946,3771,0.03415422549641429,0.033948179678863134,0.6374078134938231,0.63736409195141
D2,K40,BEFORE_EVENT,-1,35,954,3261,0.04987793727232059,0.049935589473507506,0.659425132709205,0.6594924427584391
D2,K40,BEFORE_EVENT,-1,36,959,3764,0.12510941201923728,0.12476427943351906,0.5729352060826972,0.5730020593658613
D2,K40,BEFORE_EVENT,-1,37,973,3248,0.14387102628710688,0.14387310958320002,0.4748104997030999,0.4747797293923045
D2,K40,BEFORE_EVENT,-1,38,993,3742,0.09100594955958945,0.09100749870780471,0.37971265523173053,0.37968813736542406
D2,K40,BEFORE_EVENT,-1,39,1002,3218,0.04591146987473154,0.04591031833304822,0.25235082594259506,0.25230297453565836
D2,K40,AFTER_INSERTION,0,1,283,252,0.0010810355359979545,0.0010677746329173104,0.08478899814961056,0.08376797114212937
D2,K40,AFTER_INSERTION,0,2,378,2930,0.011373003184402347,0.011418942756699921,0.3550722007016647,0.3551612242140691
D2,K40,AFTER_INSERTION,0,3,454,3012,0.008004680506826666,0.008009930730154609,0.23540767036576182,0.2354233128375014
D2,K40,AFTER_INSERTION,0,4,482,3043,0.014936621057000107,0.014935793399736936,0.06398944275490628,0.06406712887510083
D2,K40,AFTER_INSERTION,0,5,512,3072,0.005150241857364295,0.005058741708400696,0.20602156428797114,0.20869228710077506
D2,K40,AFTER_INSERTION,0,6,547,3613,0.06268204188259939,0.06276796779543785,0.8451549492398658,0.847551653283965
D2,K40,AFTER_INSERTION,0,7,575,2550,0.0067525661111241,0.006786822616531252,0.3939853381127915,0.39442628455055323
D2,K40,AFTER_INSERTION,0,8,632,3535,0.1002952657614625,0.10042575143808666,1.0432265477177198,1.0430828650300228
D2,K40,AFTER_INSERTION,0,9,635,2615,0.07228229259827429,0.07227492922303734,0.36924098549253087,0.36921324994546073
D2,K40,AFTER_INSERTION,0,10,638,3529,0.03646207558486308,0.036423923452273445,0.6075624310584632,0.6075371948413593
D2,K40,AFTER_INSERTION,0,11,639,2620,0.08017539288318294,0.08016879864602246,0.21676183059950963,0.21676411600906434
D2,K40,AFTER_INSERTION,0,12,643,3525,0.09323556321759713,0.09321331763438459,0.3124837759857769,0.31249527209820327
D2,K40,AFTER_INSERTION,0,13,644,2625,0.028524466711598903,0.028528784978400067,0.25706275165457876,0.25706914623530885
D2,K40,AFTER_INSERTION,0,14,645,3522,0.11759282764951468,0.11758126846748247,1.0611449690705232,1.0611748863750934
D2,K40,AFTER_INSERTION,0,15,646,2628,0.04242192643129739,0.04241205869163211,0.20699938424804992,0.20701172204652615
D2,K40,AFTER_INSERTION,0,16,653,3513,0.07664642533601146,0.07667971620609162,1.1944537671348603,1.1943840068860383
D2,K40,AFTER_INSERTION,0,17,659,2646,0.20323856498575885,0.20323747322777516,0.9043480601105934,0.9040678696329517
D2,K40,AFTER_INSERTION,0,18,660,3504,0.022589761795679786,0.022612647796035272,0.2348735645336916,0.23515860504264066
D2,K40,AFTER_INSERTION,0,19,661,2646,0.21263172329374067,0.2127428854676299,0.31365031635508805,0.3136597782798986
D2,K40,AFTER_INSERTION,0,20,664,3500,0.03253713964069331,0.03252531552891355,0.15181613685781384,0.15188999248410961
D2,K40,AFTER_INSERTION,0,21,702,3464,0.017276642609160897,0.01727686282020439,0.11262037458863133,0.11267988430210749
D2,K40,AFTER_INSERTION,0,22,746,3426,0.03348296796610258,0.03349474354510593,0.6030711880916862,0.6031333503999455
D2,K40,AFTER_INSERTION,0,23,762,3413,0.01952425030401436,0.01953227862570937,0.42018599453321465,0.4203118103250534
D2,K40,AFTER_INSERTION,0,24,779,3399,0.014923652608532623,0.014887257971436111,0.5707071608957557,0.5707377922843727
D2,K40,AFTER_INSERTION,0,25,816,3369,0.03344787726165088,0.03342222308597917,0.7019530405294145,0.7018527143240032
D2,K40,AFTER_INSERTION,0,26,827,3360,0.07591469786618364,0.07583722274298638,0.5309219769530611,0.5306070410618344
D2,K40,AFTER_INSERTION,0,27,843,3358,0.07557319484626494,0.07557841027582635,1.0421298596933168,1.0422048116202212
D2,K40,AFTER_INSERTION,0,28,863,3358,0.3191206113722724,0.31899669347664067,1.2171120147988543,1.2179825751429019
D2,K40,AFTER_INSERTION,0,29,878,3347,0.18596539475019838,0.18701279719093006,2.5315803406057102,2.531660134253012
D2,K40,AFTER_INSERTION,0,30,905,3802,0.19853180746513363,0.1985323950989555,1.6152796108837566,1.615148823906185
D2,K40,AFTER_INSERTION,0,31,931,3276,0.023913041694280445,0.024956595189120852,1.8731369771515192,1.8726684253925405
D2,K40,AFTER_INSERTION,0,32,934,3779,0.04853575543685394,0.04866523336228995,0.816403094939537,0.8167966906953061
D2,K40,AFTER_INSERTION,0,33,936,3271,0.06806592809387924,0.0677261463147956,0.292401441882247,0.2921798243742586
D2,K40,AFTER_INSERTION,0,34,946,3771,0.03397598030909757,0.03367400391021719,0.6363876561375021,0.6363016669492214
D2,K40,AFTER_INSERTION,0,35,954,3261,0.04997860784353348,0.05035201567889557,0.66119056466266,0.6611474378992342
D2,K40,AFTER_INSERTION,0,36,959,3764,0.1246980918333922,0.12478315259424826,0.5721028294354507,0.5719872781162774
D2,K40,AFTER_INSERTION,0,37,973,3248,0.14446153847940435,0.14479342884931395,0.4794468429357224,0.4794885974922148
D2,K40,AFTER_INSERTION,0,38,993,3742,0.091488558249943,0.09149739937780751,0.3913538687078272,0.392946870180649
D2,K40,AFTER_INSERTION,0,39,1002,3218,0.06043332420916756,0.06272892232863038,0.3535294326043003,0.3889139377475685
D2,K40,AFTER_INSERTION,0,40,1014,3199,0.12195819549692667,0.04128406939656225,1.8917673565055733,0.6374642417116826
D2,K40,EXTRA,1,1,283,252,0.0010667511482213498,0.0010677746329173104,0.08377401191826477,0.08376797114212937
D2,K40,EXTRA,1,2,378,2930,0.01142096086505971,0.011418942756699921,0.35519727640993837,0.3551612242140691
D2,K40,EXTRA,1,3,454,3012,0.008006109846623833,0.008009930730154609,0.23539605604443814,0.2354233128375014
D2,K40,EXTRA,1,4,482,3043,0.014936702507262424,0.014935793399736936,0.06406776038962775,0.06406712887510083
D2,K40,EXTRA,1,5,512,3072,0.005045681957039148,0.005058741708400696,0.2087341390775569,0.20869228710077506
D2,K40,EXTRA,1,6,547,3613,0.06276835125774492,0.06276796779543785,0.8474249618562185,0.847551653283965
D2,K40,EXTRA,1,7,575,2550,0.006787931766013633,0.006786822616531252,0.3943452730502985,0.39442628455055323
D2,K40,EXTRA,1,8,632,3535,0.10040007523765614,0.10042575143808666,1.043084047509549,1.0430828650300228
D2,K40,EXTRA,1,9,635,2615,0.0722772626912951,0.07227492922303734,0.36920686003345554,0.36921324994546073
D2,K40,EXTRA,1,10,638,3529,0.036426616780108494,0.036423923452273445,0.6075367480357236,0.6075371948413593
D2,K40,EXTRA,1,11,639,2620,0.08016813596093196,0.08016879864602246,0.21676904066749766,0.21676411600906434
D2,K40,EXTRA,1,12,643,3525,0.09321478142049208,0.09321331763438459,0.31249392650062013,0.31249527209820327
D2,K40,EXTRA,1,13,644,2625,0.02852809972113675,0.028528784978400067,0.25706731155733575,0.25706914623530885
D2,K40,EXTRA,1,14,645,3522,0.11758237412524783,0.11758126846748247,1.0611754641204767,1.0611748863750934
D2,K40,EXTRA,1,15,646,2628,0.04241337014420145,0.04241205869163211,0.20700994932404654,0.20701172204652615
D2,K40,EXTRA,1,16,653,3513,0.07667652595118594,0.07667971620609162,1.194380004024592,1.1943840068860383
D2,K40,EXTRA,1,17,659,2646,0.20323725073271778,0.20323747322777516,0.9040620117563914,0.9040678696329517
D2,K40,EXTRA,1,18,660,3504,0.02261164684978067,0.022612647796035272,0.23513667573975924,0.23515860504264066
D2,K40,EXTRA,1,19,661,2646,0.21274033666700778,0.2127428854676299,0.3136172382759465,0.3136597782798986
D2,K40,EXTRA,1,20,664,3500,0.032522846329458024,0.03252531552891355,0.15189466874166407,0.15188999248410961
D2,K40,EXTRA,1,21,702,3464,0.017278830966669788,0.01727686282020439,0.11260543807508835,0.11267988430210749
D2,K40,EXTRA,1,22,746,3426,0.03349216460539262,0.03349474354510593,0.6031518281073506,0.6031333503999455
D2,K40,EXTRA,1,23,762,3413,0.01953215272462017,0.01953227862570937,0.42033692504887143,0.4203118103250534
D2,K40,EXTRA,1,24,779,3399,0.014889227148774652,0.014887257971436111,0.5707277334096228,0.5707377922843727
D2,K40,EXTRA,1,25,816,3369,0.033419527625148236,0.03342222308597917,0.7018527676465768,0.7018527143240032
D2,K40,EXTRA,1,26,827,3360,0.07584033582291026,0.07583722274298638,0.53059085728709,0.5306070410618344
D2,K40,EXTRA,1,27,843,3358,0.07557778461709048,0.07557841027582635,1.042204533135243,1.0422048116202212
D2,K40,EXTRA,1,28,863,3358,0.31898950603951254,0.31899669347664067,1.2180263202177004,1.2179825751429019
D2,K40,EXTRA,1,29,878,3347,0.18693438326588235,0.18701279719093006,2.5313037319026943,2.531660134253012
D2,K40,EXTRA,1,30,905,3802,0.19857114977885468,0.1985323950989555,1.6151827453982226,1.615148823906185
D2,K40,EXTRA,1,31,931,3276,0.024808975110155777,0.024956595189120852,1.8727645316213166,1.8726684253925405
D2,K40,EXTRA,1,32,934,3779,0.048681648549737506,0.04866523336228995,0.8163320545528728,0.8167966906953061
D2,K40,EXTRA,1,33,936,3271,0.06774432787058414,0.0677261463147956,0.29233311315695154,0.2921798243742586
D2,K40,EXTRA,1,34,946,3771,0.033684488938996254,0.03367400391021719,0.6362594213303425,0.6363016669492214
D2,K40,EXTRA,1,35,954,3261,0.0503418800476438,0.05035201567889557,0.6612113038429606,0.6611474378992342
D2,K40,EXTRA,1,36,959,3764,0.12478147736426484,0.12478315259424826,0.5719900817009445,0.5719872781162774
D2,K40,EXTRA,1,37,973,3248,0.1447763472714497,0.14479342884931395,0.4795292578274396,0.4794885974922148
D2,K40,EXTRA,1,38,993,3742,0.09149908323152871,0.09149739937780751,0.3928377466097959,0.392946870180649
D2,K40,EXTRA,1,39,1002,3218,0.06280399589285865,0.06272892232863038,0.38842723846875005,0.3889139377475685
D2,K40,EXTRA,1,40,1014,3199,0.039861825819373885,0.04128406939656225,0.6383903399878199,0.6374642417116826
D2,K40,EXTRA,2,1,283,252,0.001066764669945234,0.0010677746329173104,0.08375074710706311,0.08376797114212937
D2,K40,EXTRA,2,2,378,2930,0.011416771269668995,0.011418942756699921,0.35514304438405014,0.3551612242140691
D2,K40,EXTRA,2,3,454,3012,0.008006519142706916,0.008009930730154609,0.23543302475626698,0.2354233128375014
D2,K40,EXTRA,2,4,482,3043,0.0149355316446008,0.014935793399736936,0.06407097300752619,0.06406712887510083
D2,K40,EXTRA,2,5,512,3072,0.005055568808573541,0.005058741708400696,0.20870488847879462,0.20869228710077506
D2,K40,EXTRA,2,6,547,3613,0.06276626112087884,0.06276796779543785,0.8475331542076585,0.847551653283965
D2,K40,EXTRA,2,7,575,2550,0.00678784133831847,0.006786822616531252,0.3944058935650688,0.39442628455055323
D2,K40,EXTRA,2,8,632,3535,0.10042160652557769,0.10042575143808666,1.0430878666847962,1.0430828650300228
D2,K40,EXTRA,2,9,635,2615,0.07227525494842835,0.07227492922303734,0.36921636484854153,0.36921324994546073
D2,K40,EXTRA,2,10,638,3529,0.03642436512770708,0.036423923452273445,0.607540870074305,0.6075371948413593
D2,K40,EXTRA,2,11,639,2620,0.08016852550940558,0.08016879864602246,0.21676463015667025,0.21676411600906434
D2,K40,EXTRA,2,12,643,3525,0.09321244742497739,0.09321331763438459,0.3125002743561318,0.31249527209820327
D2,K40,EXTRA,2,13,644,2625,0.028528651721371433,0.028528784978400067,0.2570688213779201,0.25706914623530885
D2,K40,EXTRA,2,14,645,3522,0.11758053728799091,0.11758126846748247,1.0611768983022836,1.0611748863750934
D2,K40,EXTRA,2,15,646,2628,0.04241209403885795,0.04241205869163211,0.20701221087833166,0.20701172204652615
D2,K40,EXTRA,2,16,653,3513,0.07667994585936896,0.07667971620609162,1.1943812469486128,1.1943840068860383
D2,K40,EXTRA,2,17,659,2646,0.20323648586855123,0.20323747322777516,0.9040674691291446,0.9040678696329517
D2,K40,EXTRA,2,18,660,3504,0.022612329735135862,0.022612647796035272,0.2351529616714277,0.23515860504264066
D2,K40,EXTRA,2,19,661,2646,0.21274332439839688,0.2127428854676299,0.3136411506694852,0.3136597782798986
D2,K40,EXTRA,2,20,664,3500,0.0325250316343506,0.03252531552891355,0.1518873416084894,0.15188999248410961
D2,K40,EXTRA,2,21,702,3464,0.017277339811379144,0.01727686282020439,0.11267468243638912,0.11267988430210749
D2,K40,EXTRA,2,22,746,3426,0.03349487062118178,0.03349474354510593,0.6031357222664041,0.6031333503999455
D2,K40,EXTRA,2,23,762,3413,0.019532371906750057,0.01953227862570937,0.4203149267990547,0.4203118103250534
D2,K40,EXTRA,2,24,779,3399,0.014886782467590261,0.014887257971436111,0.5707374577122488,0.5707377922843727
D2,K40,EXTRA,2,25,816,3369,0.033421271966635635,0.03342222308597917,0.7018488697863711,0.7018527143240032
D2,K40,EXTRA,2,26,827,3360,0.07583855463012171,0.07583722274298638,0.5306084867840336,0.5306070410618344
D2,K40,EXTRA,2,27,843,3358,0.07557772250736466,0.07557841027582635,1.0422091841904781,1.0422048116202212
D2,K40,EXTRA,2,28,863,3358,0.31899546629873926,0.31899669347664067,1.2178563669187026,1.2179825751429019
D2,K40,EXTRA,2,29,878,3347,0.18697880592735266,0.18701279719093006,2.5313742248592384,2.531660134253012
D2,K40,EXTRA,2,30,905,3802,0.19854199392257743,0.1985323950989555,1.6150229182123348,1.615148823906185
D2,K40,EXTRA,2,31,931,3276,0.024869622028685544,0.024956595189120852,1.872658409363143,1.8726684253925405
D2,K40,EXTRA,2,32,934,3779,0.04868757038180492,0.04866523336228995,0.8165824416150305,0.8167966906953061
D2,K40,EXTRA,2,33,936,3271,0.06772678752135519,0.0677261463147956,0.29222263802660736,0.2921798243742586
D2,K40,EXTRA,2,34,946,3771,0.033663761190591945,0.03367400391021719,0.6362677814155531,0.6363016669492214
D2,K40,EXTRA,2,35,954,3261,0.050364890175139725,0.05035201567889557,0.6611551682032183,0.6611474378992342
D2,K40,EXTRA,2,36,959,3764,0.12478739759983137,0.12478315259424826,0.5719805249362948,0.5719872781162774
D2,K40,EXTRA,2,37,973,3248,0.1447964501741716,0.14479342884931395,0.47949446426849573,0.4794885974922148
D2,K40,EXTRA,2,38,993,3742,0.09149757381365912,0.09149739937780751,0.3929445332868918,0.392946870180649
D2,K40,EXTRA,2,39,1002,3218,0.06273087241527264,0.06272892232863038,0.38890504102469403,0.3889139377475685
D2,K40,EXTRA,2,40,1014,3199,0.04128445628235823,0.04128406939656225,0.6375365533514676,0.6374642417116826
D2,K40,EXTRA,3,1,283,252,0.0010667804647963117,0.0010677746329173104,0.08374997922609033,0.08376797114212937
D2,K40,EXTRA,3,2,378,2930,0.011416962255551784,0.011418942756699921,0.35513421876508827,0.3551612242140691
D2,K40,EXTRA,3,3,454,3012,0.008006554434159584,0.008009930730154609,0.2354330437440433,0.2354233128375014
D2,K40,EXTRA,3,4,482,3043,0.014935568862702893,0.014935793399736936,0.06407060710403213,0.06406712887510083
D2,K40,EXTRA,3,5,512,3072,0.005056500655411984,0.005058741708400696,0.20868696844427764,0.20869228710077506
D2,K40,EXTRA,3,6,547,3613,0.06276626839600735,0.06276796779543785,0.8475205353918365,0.847551653283965
D2,K40,EXTRA,3,7,575,2550,0.006787255295222553,0.006786822616531252,0.3944154389754891,0.39442628455055323
D2,K40,EXTRA,3,8,632,3535,0.10042562549460375,0.10042575143808666,1.0430825860385098,1.0430828650300228
D2,K40,EXTRA,3,9,635,2615,0.07227430654855348,0.07227492922303734,0.36921725368288383,0.36921324994546073
D2,K40,EXTRA,3,10,638,3529,0.03642352658765224,0.036423923452273445,0.6075395465777637,0.6075371948413593
D2,K40,EXTRA,3,11,639,2620,0.08016875628051225,0.08016879864602246,0.21676413158259097,0.21676411600906434
D2,K40,EXTRA,3,12,643,3525,0.09321294640755075,0.09321331763438459,0.3124984096491587,0.31249527209820327
D2,K40,EXTRA,3,13,644,2625,0.028528710575876495,0.028528784978400067,0.25706892962346173,0.25706914623530885
D2,K40,EXTRA,3,14,645,3522,0.11758090207527981,0.11758126846748247,1.0611757187304172,1.0611748863750934
D2,K40,EXTRA,3,15,646,2628,0.04241215463828552,0.04241205869163211,0.2070122838242762,0.20701172204652615
D2,K40,EXTRA,3,16,653,3513,0.07667976754837186,0.07667971620609162,1.194382992180985,1.1943840068860383
D2,K40,EXTRA,3,17,659,2646,0.203236506027155,0.20323747322777516,0.9040693624048076,0.9040678696329517
D2,K40,EXTRA,3,18,660,3504,0.02261246926095713,0.022612647796035272,0.23515358372946704,0.23515860504264066
D2,K40,EXTRA,3,19,661,2646,0.21274348456109918,0.2127428854676299,0.31364496460677443,0.3136597782798986
D2,K40,EXTRA,3,20,664,3500,0.03252510692991743,0.03252531552891355,0.15188750023105504,0.15188999248410961
D2,K40,EXTRA,3,21,702,3464,0.01727687975397633,0.01727686282020439,0.11267785020381123,0.11267988430210749
D2,K40,EXTRA,3,22,746,3426,0.03349455261850437,0.03349474354510593,0.6031352010642839,0.6031333503999455
D2,K40,EXTRA,3,23,762,3413,0.019532255830174636,0.01953227862570937,0.42031304099735134,0.4203118103250534
D2,K40,EXTRA,3,24,779,3399,0.014887233742983478,0.014887257971436111,0.5707367908630867,0.5707377922843727
D2,K40,EXTRA,3,25,816,3369,0.03342191827666937,0.03342222308597917,0.7018515692945767,0.7018527143240032
D2,K40,EXTRA,3,26,827,3360,0.07583799713081303,0.07583722274298638,0.5306093627187488,0.5306070410618344
D2,K40,EXTRA,3,27,843,3358,0.0755776378935059,0.07557841027582635,1.0422084354683463,1.0422048116202212
D2,K40,EXTRA,3,28,863,3358,0.3189951748245177,0.31899669347664067,1.2178523892444686,1.2179825751429019
D2,K40,EXTRA,3,29,878,3347,0.18703401091680108,0.18701279719093006,2.5313585794298126,2.531660134253012
D2,K40,EXTRA,3,30,905,3802,0.1985377817314919,0.1985323950989555,1.6150277764910024,1.615148823906185
D2,K40,EXTRA,3,31,931,3276,0.024928569982743478,0.024956595189120852,1.8726370683096505,1.8726684253925405
D2,K40,EXTRA,3,32,934,3779,0.04869158888003664,0.04866523336228995,0.8166080106911398,0.8167966906953061
D2,K40,EXTRA,3,33,936,3271,0.06773168259421687,0.0677261463147956,0.292219082628789,0.2921798243742586
D2,K40,EXTRA,3,34,946,3771,0.03366716853384413,0.03367400391021719,0.6362751139442269,0.6363016669492214
D2,K40,EXTRA,3,35,954,3261,0.050357631434699714,0.05035201567889557,0.6611548465135202,0.6611474378992342
D2,K40,EXTRA,3,36,959,3764,0.12478601755751247,0.12478315259424826,0.5719830534801682,0.5719872781162774
D2,K40,EXTRA,3,37,973,3248,0.14479431651654398,0.14479342884931395,0.4794967414498801,0.4794885974922148
D2,K40,EXTRA,3,38,993,3742,0.09149649264498218,0.09149739937780751,0.3929491180067827,0.392946870180649
D2,K40,EXTRA,3,39,1002,3218,0.06272975681236703,0.06272892232863038,0.38891940271777864,0.3889139377475685
D2,K40,EXTRA,3,40,1014,3199,0.04128525758977242,0.04128406939656225,0.6374883563493394,0.6374642417116826
D2,K40,EXTRA,4,1,283,252,0.0010667627690993265,0.0010677746329173104,0.08374792060393868,0.08376797114212937
D2,K40,EXTRA,4,2,378,2930,0.011416899859326014,0.011418942756699921,0.3551346836446788,0.3551612242140691
D2,K40,EXTRA,4,3,454,3012,0.008006591063922106,0.008009930730154609,0.23543238851668422,0.2354233128375014
D2,K40,EXTRA,4,4,482,3043,0.014935945785263185,0.014935793399736936,0.0640727273431838,0.06406712887510083
D2,K40,EXTRA,4,5,512,3072,0.005056802355292934,0.005058741708400696,0.2086980408406075,0.20869228710077506
D2,K40,EXTRA,4,6,547,3613,0.06276791077379237,0.06276796779543785,0.8475543992697449,0.847551653283965
D2,K40,EXTRA,4,7,575,2550,0.006788503832122503,0.006786822616531252,0.394399919274674,0.39442628455055323
D2,K40,EXTRA,4,8,632,3535,0.10042366195695716,0.10042575143808666,1.0430869887946472,1.0430828650300228
D2,K40,EXTRA,4,9,635,2615,0.07227514783755098,0.07227492922303734,0.3692160883492222,0.36921324994546073
D2,K40,EXTRA,4,10,638,3529,0.036423777339482155,0.036423923452273445,0.6075393466802015,0.6075371948413593
D2,K40,EXTRA,4,11,639,2620,0.08016870609370355,0.08016879864602246,0.2167638345729248,0.21676411600906434
D2,K40,EXTRA,4,12,643,3525,0.09321294271296089,0.09321331763438459,0.31249887333784065,0.31249527209820327
D2,K40,EXTRA,4,13,644,2625,0.028528677815543094,0.028528784978400067,0.25706865778667387,0.25706914623530885
D2,K40,EXTRA,4,14,645,3522,0.11758089470064605,0.11758126846748247,1.061175510602477,1.0611748863750934
D2,K40,EXTRA,4,15,646,2628,0.042412156602123434,0.04241205869163211,0.20701239814366268,0.20701172204652615
D2,K40,EXTRA,4,16,653,3513,0.07667976357898194,0.07667971620609162,1.1943827212619722,1.1943840068860383
D2,K40,EXTRA,4,17,659,2646,0.20323650510964872,0.20323747322777516,0.9040677822369733,0.9040678696329517
D2,K40,EXTRA,4,18,660,3504,0.022612478842256093,0.022612647796035272,0.2351533400436498,0.23515860504264066
D2,K40,EXTRA,4,19,661,2646,0.21274346037587602,0.2127428854676299,0.31364552681953844,0.3136597782798986
D2,K40,EXTRA,4,20,664,3500,0.03252513394166901,0.03252531552891355,0.1518873420247772,0.15188999248410961
D2,K40,EXTRA,4,21,702,3464,0.017276875285262977,0.01727686282020439,0.11267772499976568,0.11267988430210749
D2,K40,EXTRA,4,22,746,3426,0.033494558899895194,0.03349474354510593,0.6031351943805492,0.6031333503999455
D2,K40,EXTRA,4,23,762,3413,0.01953225070324687,0.01953227862570937,0.4203130155846995,0.4203118103250534
D2,K40,EXTRA,4,24,779,3399,0.014887234585317093,0.014887257971436111,0.5707367734423181,0.5707377922843727
D2,K40,EXTRA,4,25,816,3369,0.033421922508460614,0.03342222308597917,0.7018515069773075,0.7018527143240032
D2,K40,EXTRA,4,26,827,3360,0.07583795204522946,0.07583722274298638,0.53061095955589,0.5306070410618344
D2,K40,EXTRA,4,27,843,3358,0.07557765398487211,0.07557841027582635,1.0422079757982061,1.0422048116202212
D2,K40,EXTRA,4,28,863,3358,0.31899522276998343,0.31899669347664067,1.2178501956040968,1.2179825751429019
D2,K40,EXTRA,4,29,878,3347,0.18703407883681358,0.18701279719093006,2.5313570548291775,2.531660134253012
D2,K40,EXTRA,4,30,905,3802,0.19853766655807414,0.1985323950989555,1.6150296302981284,1.615148823906185
D2,K40,EXTRA,4,31,931,3276,0.02492854481587095,0.024956595189120852,1.8726368235665642,1.8726684253925405
D2,K40,EXTRA,4,32,934,3779,0.04869157588719636,0.04866523336228995,0.8166078513178002,0.8167966906953061
D2,K40,EXTRA,4,33,936,3271,0.067731703023246,0.0677261463147956,0.29221956887349154,0.2921798243742586
D2,K40,EXTRA,4,34,946,3771,0.03366717640144531,0.03367400391021719,0.636275371226244,0.6363016669492214
D2,K40,EXTRA,4,35,954,3261,0.050357641661377524,0.05035201567889557,0.661154388867385,0.6611474378992342
D2,K40,EXTRA,4,36,959,3764,0.12478599915381458,0.12478315259424826,0.571983247922862,0.5719872781162774
D2,K40,EXTRA,4,37,973,3248,0.14479425936510776,0.14479342884931395,0.47949607092388485,0.4794885974922148
D2,K40,EXTRA,4,38,993,3742,0.09149639597291141,0.09149739937780751,0.39295172956702445,0.392946870180649
D2,K40,EXTRA,4,39,1002,3218,0.06272977697115183,0.06272892232863038,0.3889187092274115,0.3889139377475685
D2,K40,EXTRA,4,40,1014,3199,0.04128532166056379,0.04128406939656225,0.6374841078671324,0.6374642417116826
D2,K40,EXTRA,5,1,283,252,0.0010667627690993265,0.0010677746329173104,0.08374792060393868,0.08376797114212937
D2,K40,EXTRA,5,2,378,2930,0.01141695847502513,0.011418942756699921,0.355131979454842,0.3551612242140691
D2,K40,EXTRA,5,3,454,3012,0.008006602518315614,0.008009930730154609,0.2354324502281478,0.2354233128375014
D2,K40,EXTRA,5,4,482,3043,0.014936347702494631,0.014935793399736936,0.06407827891203333,0.06406712887510083
D2,K40,EXTRA,5,5,512,3072,0.0050563619177373155,0.005058741708400696,0.20868222608776565,0.20869228710077506
D2,K40,EXTRA,5,6,547,3613,0.06276774735009757,0.06276796779543785,0.8475617348892508,0.847551653283965
D2,K40,EXTRA,5,7,575,2550,0.006788452690616909,0.006786822616531252,0.39438862471814157,0.39442628455055323
D2,K40,EXTRA,5,8,632,3535,0.10042403330554202,0.10042575143808666,1.043086176191474,1.0430828650300228
D2,K40,EXTRA,5,9,635,2615,0.07227507816567465,0.07227492922303734,0.3692153530597026,0.36921324994546073
D2,K40,EXTRA,5,10,638,3529,0.03642369276175383,0.036423923452273445,0.607538594246057,0.6075371948413593
D2,K40,EXTRA,5,11,639,2620,0.08016872365509653,0.08016879864602246,0.21676301414383817,0.21676411600906434
D2,K40,EXTRA,5,12,643,3525,0.09321293280932896,0.09321331763438459,0.3125013893070368,0.31249527209820327
D2,K40,EXTRA,5,13,644,2625,0.028057252741678668,0.028528784978400067,0.2583063299621694,0.25706914623530885
D2,K40,EXTRA,5,14,645,3522,0.11758094130205633,0.11758126846748247,1.0611746069716084,1.0611748863750934
D2,K40,EXTRA,5,15,646,2628,0.04241215903732468,0.04241205869163211,0.20701264767635313,0.20701172204652615
D2,K40,EXTRA,5,16,653,3513,0.07667976189127317,0.07667971620609162,1.1943820958546,1.1943840068860383
D2,K40,EXTRA,5,17,659,2646,0.20323651980939655,0.20323747322777516,0.9040663168361242,0.9040678696329517
D2,K40,EXTRA,5,18,660,3504,0.02261248775224293,0.022612647796035272,0.23514797859063205,0.23515860504264066
D2,K40,EXTRA,5,19,661,2646,0.21274369494778864,0.2127428854676299,0.3136292965552112,0.3136597782798986
D2,K40,EXTRA,5,20,664,3500,0.032525284639222676,0.03252531552891355,0.15188492292067343,0.15188999248410961
D2,K40,EXTRA,5,21,702,3464,0.017276715470239526,0.01727686282020439,0.11267652626546948,0.11267988430210749
D2,K40,EXTRA,5,22,746,3426,0.03386500948352971,0.03349474354510593,0.6002784556456534,0.6031333503999455
D2,K40,EXTRA,5,23,762,3413,0.019796983821616848,0.01953227862570937,0.42359659997359916,0.4203118103250534
D2,K40,EXTRA,5,24,779,3399,0.014887254824495618,0.014887257971436111,0.5707364964705472,0.5707377922843727
D2,K40,EXTRA,5,25,816,3369,0.03342190456080999,0.03342222308597917,0.7018386903268791,0.7018527143240032
D2,K40,EXTRA,5,26,827,3360,0.07583801013342564,0.07583722274298638,0.5306118534255715,0.5306070410618344
D2,K40,EXTRA,5,27,843,3358,0.07557818600084591,0.07557841027582635,1.042220190428886,1.0422048116202212
D2,K40,EXTRA,5,28,863,3358,0.31899974745092285,0.31899669347664067,1.21719637311582,1.2179825751429019
D2,K40,EXTRA,5,29,878,3347,0.1870379969702192,0.18701279719093006,2.5315216394484192,2.531660134253012
D2,K40,EXTRA,5,30,905,3802,0.19851142059819452,0.1985323950989555,1.6149635498585935,1.615148823906185
D2,K40,EXTRA,5,31,931,3276,0.024937722247254164,0.024956595189120852,1.8729753906836761,1.8726684253925405
D2,K40,EXTRA,5,32,934,3779,0.048689626446088055,0.04866523336228995,0.8171859108884137,0.8167966906953061
D2,K40,EXTRA,5,33,936,3271,0.06773182679587372,0.0677261463147956,0.292100975909174,0.2921798243742586
D2,K40,EXTRA,5,34,946,3771,0.033669586375946824,0.03367400391021719,0.6363124834376229,0.6363016669492214
D2,K40,EXTRA,5,35,954,3261,0.0503569369067698,0.05035201567889557,0.6611354120295274,0.6611474378992342
D2,K40,EXTRA,5,36,959,3764,0.12478422973258774,0.12478315259424826,0.5719921436886017,0.5719872781162774
D2,K40,EXTRA,5,37,973,3248,0.1447943270389609,0.14479342884931395,0.4794906152053882,0.4794885974922148
D2,K40,EXTRA,5,38,993,3742,0.09149657811412497,0.09149739937780751,0.3929568289838165,0.392946870180649
D2,K40,EXTRA,5,39,1002,3218,0.0627296055200974,0.06272892232863038,0.3889133838160871,0.3889139377475685
D2,K40,EXTRA,5,40,1014,3199,0.04128458634067888,0.04128406939656225,0.6374679071509114,0.6374642417116826
D2,K75,BEFORE_EVENT,-1,1,283,252,0.0012115769252041102,0.0012127027031993256,0.09512619770660281,0.09512038190606836
D2,K75,BEFORE_EVENT,-1,2,378,2930,0.01086292206742404,0.01086621116622994,0.3248363240801499,0.32481647914700773
D2,K75,BEFORE_EVENT,-1,3,454,3012,0.010590104241651745,0.010583716573963618,0.25993005757981374,0.2599194829362234
D2,K75,BEFORE_EVENT,-1,4,482,3043,0.008483867308837913,0.008482633175210294,0.1046063093781309,0.10460199883862015
D2,K75,BEFORE_EVENT,-1,5,512,3072,0.045248863096593414,0.045248641022568724,0.15410183094016935,0.1541082412389537
D2,K75,BEFORE_EVENT,-1,6,547,3613,0.06054849264960911,0.06054670274514517,0.9026612671214079,0.9026687248887251
D2,K75,BEFORE_EVENT,-1,7,575,2550,0.029597161435023563,0.029594882534886277,0.3988770408115051,0.3988922426133554
D2,K75,BEFORE_EVENT,-1,8,632,3535,0.10294803549437646,0.1029464754403935,1.0066671006594579,1.0066642042351812
D2,K75,BEFORE_EVENT,-1,9,635,2615,0.07099754443796515,0.07099753812376249,0.3530916376659012,0.35310801246617646
D2,K75,BEFORE_EVENT,-1,10,638,3529,0.03571575276715183,0.03571309360647107,0.6010448995356928,0.6010354090854723
D2,K75,BEFORE_EVENT,-1,11,639,2620,0.08020894923341802,0.08021031489916201,0.22241179143821796,0.22238740031597454
D2,K75,BEFORE_EVENT,-1,12,643,3525,0.09272108661342635,0.09271868345127654,0.30587554795190924,0.30567846040265695
D2,K75,BEFORE_EVENT,-1,13,644,2625,0.028488030797813074,0.02848870702950321,0.2599351104340437,0.259975996451111
D2,K75,BEFORE_EVENT,-1,14,645,3522,0.11799828974682272,0.11799973350540768,1.066307575903936,1.0662329430975577
D2,K75,BEFORE_EVENT,-1,15,646,2628,0.0440635080151153,0.0440611058282547,0.21482906987427702,0.21471930510865916
D2,K75,BEFORE_EVENT,-1,16,653,3513,0.08027394987796754,0.08031207617289816,1.1707231142445487,1.1708318396640924
D2,K75,BEFORE_EVENT,-1,17,659,2646,0.21822972721179817,0.21822940504176555,0.6661410335184966,0.6660836711045931
D2,K75,BEFORE_EVENT,-1,18,660,3504,0.03266137714729989,0.032668781543569475,0.4936911743528236,0.4936734794267495
D2,K75,BEFORE_EVENT,-1,19,661,2646,0.18676304182845105,0.18676208692688542,0.7210019112169831,0.7210118252222817
D2,K75,BEFORE_EVENT,-1,20,664,3500,0.055648892227523165,0.05564974153446691,0.45254322521348667,0.4525404599853186
D2,K75,BEFORE_EVENT,-1,21,702,3464,0.015603767518774781,0.01561018209461849,0.0923366405381509,0.09234371152011446
D2,K75,BEFORE_EVENT,-1,22,746,3426,0.033739653987023756,0.03373535976905354,0.5281655794174824,0.528195937256326
D2,K75,BEFORE_EVENT,-1,23,762,3413,0.02584486098028781,0.025845028780093014,0.19168630037482876,0.19169017188838827
D2,K75,BEFORE_EVENT,-1,24,779,3399,0.011305099823417356,0.01130469121973279,0.36361967870129214,0.3636198265165364
D2,K75,BEFORE_EVENT,-1,25,816,3369,0.03305546572244775,0.03305524723838118,0.4932939819144223,0.4932942918028711
D2,K75,BEFORE_EVENT,-1,26,827,3360,0.07772345591696768,0.07772315942842624,0.38305386766662114,0.3830531770631363
D2,K75,BEFORE_EVENT,-1,27,843,3358,0.07358211932263513,0.07358719282515008,1.1465376533422533,1.1465432212490616
D2,K75,BEFORE_EVENT,-1,28,863,3358,0.3367700116363779,0.336754914185065,1.1056304125737895,1.1057806823264822
D2,K75,BEFORE_EVENT,-1,29,878,3347,0.1661215690675228,0.16609003753068752,2.4775935967966003,2.4777839151851295
D2,K75,BEFORE_EVENT,-1,30,905,3802,0.14823975354626207,0.14824588617340806,2.5252463868101223,2.525450796171364
D2,K75,BEFORE_EVENT,-1,31,931,3276,0.030247124688727024,0.03026567928090199,1.7625327837169478,1.7625560367638895
D2,K75,BEFORE_EVENT,-1,32,934,3779,0.05273468712539147,0.05272359198475083,0.8778035860224068,0.8778545824804509
D2,K75,BEFORE_EVENT,-1,33,936,3271,0.06999276112199322,0.06998847399061987,0.257934222089485,0.25791224067980584
D2,K75,BEFORE_EVENT,-1,34,946,3771,0.032429806811533284,0.0324309445081353,0.6345749546605092,0.6345797931878469
D2,K75,BEFORE_EVENT,-1,35,954,3261,0.052252709820583894,0.0521463133250665,0.6655551219017302,0.6660164925498577
D2,K75,BEFORE_EVENT,-1,36,959,3764,0.125617718899702,0.12561821084713987,0.5752690026586953,0.575272306958239
D2,K75,BEFORE_EVENT,-1,37,973,3248,0.14677165822494487,0.14677440808809217,0.4778444168318892,0.4778454049254074
D2,K75,BEFORE_EVENT,-1,38,993,3742,0.10307458823927915,0.10320132197944852,0.4540611626296589,0.45453879637543304
D2,K75,BEFORE_EVENT,-1,39,1002,3218,0.06331388470014633,0.06331547753957086,0.3815789010406628,0.38157846540800566
D2,K75,BEFORE_EVENT,-1,40,1014,3199,0.022813412217860256,0.022813423078824432,0.5206908059343758,0.5206897858342743
D2,K75,BEFORE_EVENT,-1,41,1036,3174,0.04305745103908527,0.042901117011758916,0.2868215086084922,0.2869446739850558
D2,K75,BEFORE_EVENT,-1,42,1037,3686,0.0390252143996309,0.039024759682192586,0.14483482392772837,0.1448338474585475
D2,K75,BEFORE_EVENT,-1,43,1041,3168,0.04499863156836493,0.044997702357526245,0.21302310312447983,0.21301756885069095
D2,K75,BEFORE_EVENT,-1,44,1052,3672,0.019670106192911464,0.019669681280290216,0.24714260991078144,0.24714089502663886
D2,K75,BEFORE_EVENT,-1,45,1067,2481,0.09281161778032648,0.09281354527896347,0.6387234732183003,0.6387584100242637
D2,K75,BEFORE_EVENT,-1,46,1082,2493,0.06384790986768557,0.06384465278273911,0.4159676124764523,0.41595100564594034
D2,K75,BEFORE_EVENT,-1,47,1083,3130,0.06919053992749626,0.06918961998026045,0.28748804980282755,0.2874793066256415
D2,K75,BEFORE_EVENT,-1,48,1087,3645,0.013860748346722889,0.013857731078712182,0.1000550470138621,0.10003251596640708
D2,K75,BEFORE_EVENT,-1,49,1090,3124,0.0838381271570069,0.08383841923111648,0.1712976908718746,0.17124049902628932
D2,K75,BEFORE_EVENT,-1,50,1120,2528,0.038415780294470125,0.03841573209808623,0.24555395530599813,0.2455504584745512
D2,K75,BEFORE_EVENT,-1,51,1134,3082,0.0852056281523754,0.08513123333492463,0.5448597406492259,0.5451550418971943
D2,K75,BEFORE_EVENT,-1,52,1144,3073,0.028985309583628945,0.028989153378785458,0.23703226646657463,0.2370356718027005
D2,K75,BEFORE_EVENT,-1,53,1169,3041,0.014583187924912555,0.014543224432943045,0.15235986959857678,0.15240647140659927
D2,K75,BEFORE_EVENT,-1,54,1191,3019,0.015076012984467306,0.015076952581075283,0.07883316402002022,0.07883490624947073
D2,K75,BEFORE_EVENT,-1,55,1308,2933,0.10719802467444879,0.10719570166350036,0.35089718685628307,0.3509062591000095
D2,K75,BEFORE_EVENT,-1,56,1327,2908,0.04147206084980261,0.04147054396533927,0.8309024099731191,0.8309174137071693
D2,K75,BEFORE_EVENT,-1,57,1373,2865,0.026220034212623772,0.02622658746894262,1.099785272562842,1.0998009445429178
D2,K75,BEFORE_EVENT,-1,58,1424,2819,0.11530282962715069,0.1153407454509848,2.1295263359928613,2.129486694911083
D2,K75,BEFORE_EVENT,-1,59,1444,2798,0.053995946688261375,0.053994290864786354,0.8148652411132736,0.8147694629953737
D2,K75,BEFORE_EVENT,-1,60,1489,2755,0.03777893384851714,0.03777679564930416,0.8496387672689723,0.8496359688941441
D2,K75,BEFORE_EVENT,-1,61,1579,2678,0.07554376149014462,0.07554234764385998,0.40072619415315236,0.40075712752520637
D2,K75,BEFORE_EVENT,-1,62,1606,2654,0.04897628244478795,0.04898302779092142,0.9766296726095259,0.9766158312640978
D2,K75,BEFORE_EVENT,-1,63,1619,3494,0.07048564646889074,0.07048510196918166,0.6716484413281446,0.6716431980022496
D2,K75,BEFORE_EVENT,-1,64,1650,3461,0.1130929301779832,0.1130924058451953,0.12311454639079249,0.12309934753252157
D2,K75,BEFORE_EVENT,-1,65,1656,3454,0.34283949348233883,0.3428542778395801,0.20717040886212676,0.20704515260821377
D2,K75,BEFORE_EVENT,-1,66,1661,3451,0.24973812256719255,0.2497568361114391,0.5076211337217625,0.5075472579782228
D2,K75,BEFORE_EVENT,-1,67,1694,3417,0.01820203262144739,0.018202004222708956,0.8544687351183128,0.8544668543346853
D2,K75,BEFORE_EVENT,-1,68,1716,3399,0.020322747526632313,0.0203231111900273,0.4675949933660187,0.4675946822851058
D2,K75,BEFORE_EVENT,-1,69,1744,3382,0.0695232085910979,0.06952328843733421,0.2358752072684009,0.23587553685330068
D2,K75,BEFORE_EVENT,-1,70,1748,3379,0.07654786198717792,0.0765475132919283,0.3587850494566729,0.3587851802366183
D2,K75,BEFORE_EVENT,-1,71,1763,3365,0.0543164757512725,0.05431638762024627,0.3708173061617042,0.37081841856492853
D2,K75,BEFORE_EVENT,-1,72,1776,3365,0.031130976136579988,0.031130728795041432,0.3552626003914383,0.35526387071807497
D2,K75,BEFORE_EVENT,-1,73,1789,3358,0.06883456379058278,0.06883012593799348,1.222342757217236,1.2223019244960744
D2,K75,BEFORE_EVENT,-1,74,1806,3863,0.05122556345203509,0.05122208184825873,0.4841240695742758,0.4840419628676252
D2,K75,AFTER_INSERTION,0,1,283,252,0.0012115769252041102,0.001212618414258673,0.09512619770660281,0.09511227868108187
D2,K75,AFTER_INSERTION,0,2,378,2930,0.010878500834207432,0.010866365222263991,0.32457199200108666,0.3248043582367477
D2,K75,AFTER_INSERTION,0,3,454,3012,0.010450895985290202,0.010583636103913175,0.2595666356492997,0.25991885143324656
D2,K75,AFTER_INSERTION,0,4,482,3043,0.008261002714224972,0.00848267325882641,0.10486471921183055,0.10460164603947891
D2,K75,AFTER_INSERTION,0,5,512,3072,0.045476194040968594,0.04524863134709993,0.15357633561461406,0.15409720186262396
D2,K75,AFTER_INSERTION,0,6,547,3613,0.06054849264960911,0.06054712529552385,0.9026612671214079,0.9026879617346085
D2,K75,AFTER_INSERTION,0,7,575,2550,0.029597161435023563,0.0295939005481105,0.3988770408115051,0.39890496076830084
D2,K75,AFTER_INSERTION,0,8,632,3535,0.10294803549437646,0.10294657329320377,1.0066671006594579,1.0066671167962375
D2,K75,AFTER_INSERTION,0,9,635,2615,0.07099754443796515,0.0709977013278023,0.3530916376659012,0.35310915130748755
D2,K75,AFTER_INSERTION,0,10,638,3529,0.03571575276715183,0.035713275023050745,0.6010448995356928,0.6010357953037362
D2,K75,AFTER_INSERTION,0,11,639,2620,0.08020894923341802,0.08021033806415252,0.22241179143821796,0.2223861807722327
D2,K75,AFTER_INSERTION,0,12,643,3525,0.09272108661342635,0.0927189143141487,0.30587554795190924,0.3056806339626054
D2,K75,AFTER_INSERTION,0,13,644,2625,0.028488030797813074,0.028488788002428298,0.2599351104340437,0.2599753465639342
D2,K75,AFTER_INSERTION,0,14,645,3522,0.11799828974682272,0.11799979860281358,1.066307575903936,1.0662324371447578
D2,K75,AFTER_INSERTION,0,15,646,2628,0.0440635080151153,0.04406110342564587,0.21482906987427702,0.2147194991791074
D2,K75,AFTER_INSERTION,0,16,653,3513,0.08027394987796754,0.0803120974321956,1.1707231142445487,1.1708318600157823
D2,K75,AFTER_INSERTION,0,17,659,2646,0.21822972721179817,0.21822935606542593,0.6661410335184966,0.6660846696677153
D2,K75,AFTER_INSERTION,0,18,660,3504,0.03266137714729989,0.03266915582812686,0.4936911743528236,0.49367193600629894
D2,K75,AFTER_INSERTION,0,19,661,2646,0.18676304182845105,0.1867619062263638,0.7210019112169831,0.7210066272958657
D2,K75,AFTER_INSERTION,0,20,664,3500,0.055648892227523165,0.05565013064796518,0.45254322521348667,0.45253974963079774
D2,K75,AFTER_INSERTION,0,21,702,3464,0.015603767518774781,0.015609811337535627,0.0923366405381509,0.09234401024516377
D2,K75,AFTER_INSERTION,0,22,746,3426,0.03353239934181976,0.03373543395200884,0.5255479475220568,0.5281948838054915
D2,K75,AFTER_INSERTION,0,23,762,3413,0.02584469173773041,0.02584487179838272,0.1916835552493812,0.19168537643503428
D2,K75,AFTER_INSERTION,0,24,779,3399,0.011305297594182022,0.011305089312450294,0.36361932339038217,0.3636189143413126
D2,K75,AFTER_INSERTION,0,25,816,3369,0.03305615252062653,0.03305577845854168,0.49328601504619946,0.4932868098323839
D2,K75,AFTER_INSERTION,0,26,827,3360,0.07772323903737366,0.07772247665228964,0.3830585506936122,0.38305742019826405
D2,K75,AFTER_INSERTION,0,27,843,3358,0.07358594599420315,0.07358574192349315,1.1465374808813102,1.1465319786432393
D2,K75,AFTER_INSERTION,0,28,863,3358,0.3367581680984043,0.3367511283905525,1.1059264886625486,1.1060850170409293
D2,K75,AFTER_INSERTION,0,29,878,3347,0.16612602206965346,0.16612961496417725,2.4777260766725786,2.477858145170818
D2,K75,AFTER_INSERTION,0,30,905,3802,0.14823355502824867,0.14823925180991254,2.5248998122257076,2.525093989181794
D2,K75,AFTER_INSERTION,0,31,931,3276,0.03024896465124104,0.03027250538328086,1.7625525741452843,1.7625759318104748
D2,K75,AFTER_INSERTION,0,32,934,3779,0.05272986957944042,0.05269484163316411,0.8777851553936508,0.8778490336270951
D2,K75,AFTER_INSERTION,0,33,936,3271,0.06999015397584049,0.06998162329375146,0.2579420881370962,0.2579196931764059
D2,K75,AFTER_INSERTION,0,34,946,3771,0.032429709470427344,0.032434696044701714,0.634578705750205,0.6345861705401055
D2,K75,AFTER_INSERTION,0,35,954,3261,0.052144850083342374,0.052144191531276814,0.6660135571179652,0.6660096264146806
D2,K75,AFTER_INSERTION,0,36,959,3764,0.12561666304258556,0.1256159404071306,0.5752735489708143,0.575277118745534
D2,K75,AFTER_INSERTION,0,37,973,3248,0.1467708539227545,0.14677229260381766,0.47783948494920725,0.4778405439642764
D2,K75,AFTER_INSERTION,0,38,993,3742,0.1032014266144624,0.10320288558027661,0.45453810444578335,0.4545417908455267
D2,K75,AFTER_INSERTION,0,39,1002,3218,0.06331239823545641,0.06331257089277924,0.3815729760810079,0.3815702492394223
D2,K75,AFTER_INSERTION,0,40,1014,3199,0.022812753879162675,0.02281265079145667,0.5206839308255412,0.5206803211514329
D2,K75,AFTER_INSERTION,0,41,1036,3174,0.042900552021076815,0.042900698728725026,0.28693559374959193,0.28693784968648545
D2,K75,AFTER_INSERTION,0,42,1037,3686,0.03902495842156728,0.03902433546396687,0.14483813064749604,0.1448305098534496
D2,K75,AFTER_INSERTION,0,43,1041,3168,0.04499842029594194,0.044997939798622884,0.21302183264466007,0.21301511572762968
D2,K75,AFTER_INSERTION,0,44,1052,3672,0.01977224110566587,0.019669313927140827,0.2439083927391327,0.2471339783361096
D2,K75,AFTER_INSERTION,0,45,1067,2481,0.0927149419234475,0.0928136011041724,0.6412228395709227,0.6387221129896764
D2,K75,AFTER_INSERTION,0,46,1082,2493,0.06384790986768557,0.06384494351689513,0.4159676124764523,0.4159483785805325
D2,K75,AFTER_INSERTION,0,47,1083,3130,0.06917127593384288,0.06918888057396469,0.28667601068718707,0.2874689140822751
D2,K75,AFTER_INSERTION,0,48,1087,3645,0.013896253887658909,0.013857819240786686,0.09818620970652,0.10002938222478998
D2,K75,AFTER_INSERTION,0,49,1090,3124,0.0838381271570069,0.08383862466611504,0.1712976908718746,0.17124218380452785
D2,K75,AFTER_INSERTION,0,50,1120,2528,0.03841456079341229,0.038414414491771375,0.2459759251804326,0.24553818388689352
D2,K75,AFTER_INSERTION,0,51,1134,3082,0.0852056281523754,0.08513066835936857,0.5448597406492259,0.5451471672873234
D2,K75,AFTER_INSERTION,0,52,1144,3073,0.028985309583628945,0.028989199238593482,0.23703226646657463,0.23703084777499792
D2,K75,AFTER_INSERTION,0,53,1169,3041,0.014583187924912555,0.014543137397116074,0.15235986959857678,0.15240756860066557
D2,K75,AFTER_INSERTION,0,54,1191,3019,0.015076012984467306,0.015076884983387358,0.07883316402002022,0.07883379767513174
D2,K75,AFTER_INSERTION,0,55,1308,2933,0.10721929870295271,0.10719594271026255,0.35116687821667314,0.3509130886522804
D2,K75,AFTER_INSERTION,0,56,1327,2908,0.04147206084980261,0.0414701440884404,0.8309024099731191,0.8309167541093322
D2,K75,AFTER_INSERTION,0,57,1373,2865,0.026220034212623772,0.026226524337639254,1.099785272562842,1.0998009117372995
D2,K75,AFTER_INSERTION,0,58,1424,2819,0.11530282962715069,0.11533997040695891,2.1295263359928613,2.1294881667656185
D2,K75,AFTER_INSERTION,0,59,1444,2798,0.053995946688261375,0.05399432983452778,0.8148652411132736,0.8147699144094963
D2,K75,AFTER_INSERTION,0,60,1489,2755,0.03777893384851714,0.03777669268377891,0.8496387672689723,0.8496360310567994
D2,K75,AFTER_INSERTION,0,61,1579,2678,0.07554376149014462,0.07554230429499154,0.40072619415315236,0.40075743964428234
D2,K75,AFTER_INSERTION,0,62,1606,2654,0.04897628244478795,0.048983204534653255,0.9766296726095259,0.9766175870275069
D2,K75,AFTER_INSERTION,0,63,1619,3494,0.07048564646889074,0.07048507029503688,0.6716484413281446,0.6716454412180921
D2,K75,AFTER_INSERTION,0,64,1650,3461,0.1130929301779832,0.11309230146193465,0.12311454639079249,0.12309941206301549
D2,K75,AFTER_INSERTION,0,65,1656,3454,0.3432672622990264,0.34285380411333083,0.20547430903158562,0.20704743615876575
D2,K75,AFTER_INSERTION,0,66,1661,3451,0.24973722284716923,0.24975668736216253,0.507620043093922,0.5075470589188258
D2,K75,AFTER_INSERTION,0,67,1694,3417,0.018202019501183872,0.018201590786917205,0.8544703768415165,0.8544670038268098
D2,K75,AFTER_INSERTION,0,68,1716,3399,0.020322797908356657,0.02032334494111776,0.46759524147748505,0.46759456409099387
D2,K75,AFTER_INSERTION,0,69,1744,3382,0.06952327595275558,0.06952329701461644,0.2358728506038283,0.23587373747905857
D2,K75,AFTER_INSERTION,0,70,1748,3379,0.07654789087960864,0.07654749850316818,0.3587854362009024,0.3587857569000285
D2,K75,AFTER_INSERTION,0,71,1763,3365,0.0543163753711271,0.054315769754766756,0.3707975134211514,0.3707969759602928
D2,K75,AFTER_INSERTION,0,72,1776,3365,0.031133988929926745,0.031133672408140012,0.35529876308373537,0.35530366407244635
D2,K75,AFTER_INSERTION,0,73,1789,3358,0.06884176443159955,0.06883478958703722,1.2217163042117873,1.2216604659048471
D2,K75,AFTER_INSERTION,0,74,1806,3863,0.04643001490379879,0.04642200808815406,0.5939325498017197,0.5961472239978511
D2,K75,AFTER_INSERTION,0,75,1967,4176,1.5435516954850128,0.006055028883128482,1.3714759495477369,0.07279238746925305
D2,K75,EXTRA,1,1,283,252,0.0012115769252041102,0.001212618414258673,0.09512619770660281,0.09511227868108187
D2,K75,EXTRA,1,2,378,2930,0.010878918039553289,0.010866365222263991,0.3245603681441217,0.3248043582367477
D2,K75,EXTRA,1,3,454,3012,0.010444766763944494,0.010583636103913175,0.2595554696594286,0.25991885143324656
D2,K75,EXTRA,1,4,482,3043,0.008249957253025662,0.00848267325882641,0.10487374431880322,0.10460164603947891
D2,K75,EXTRA,1,5,512,3072,0.04548919738000325,0.04524863134709993,0.1535706136432881,0.15409720186262396
D2,K75,EXTRA,1,6,547,3613,0.06054849264960911,0.06054712529552385,0.9026612671214079,0.9026879617346085
D2,K75,EXTRA,1,7,575,2550,0.029597161435023563,0.0295939005481105,0.3988770408115051,0.39890496076830084
D2,K75,EXTRA,1,8,632,3535,0.10294803549437646,0.10294657329320377,1.0066671006594579,1.0066671167962375
D2,K75,EXTRA,1,9,635,2615,0.07099754443796515,0.0709977013278023,0.3530916376659012,0.35310915130748755
D2,K75,EXTRA,1,10,638,3529,0.03571575276715183,0.035713275023050745,0.6010448995356928,0.6010357953037362
D2,K75,EXTRA,1,11,639,2620,0.08020894923341802,0.08021033806415252,0.22241179143821796,0.2223861807722327
D2,K75,EXTRA,1,12,643,3525,0.09272108661342635,0.0927189143141487,0.30587554795190924,0.3056806339626054
D2,K75,EXTRA,1,13,644,2625,0.028488030797813074,0.028488788002428298,0.2599351104340437,0.2599753465639342
D2,K75,EXTRA,1,14,645,3522,0.11799828974682272,0.11799979860281358,1.066307575903936,1.0662324371447578
D2,K75,EXTRA,1,15,646,2628,0.0440635080151153,0.04406110342564587,0.21482906987427702,0.2147194991791074
D2,K75,EXTRA,1,16,653,3513,0.08027394987796754,0.0803120974321956,1.1707231142445487,1.1708318600157823
D2,K75,EXTRA,1,17,659,2646,0.21822972721179817,0.21822935606542593,0.6661410335184966,0.6660846696677153
D2,K75,EXTRA,1,18,660,3504,0.03266137714729989,0.03266915582812686,0.4936911743528236,0.49367193600629894
D2,K75,EXTRA,1,19,661,2646,0.18676304182845105,0.1867619062263638,0.7210019112169831,0.7210066272958657
D2,K75,EXTRA,1,20,664,3500,0.055648892227523165,0.05565013064796518,0.45254322521348667,0.45253974963079774
D2,K75,EXTRA,1,21,702,3464,0.015603767518774781,0.015609811337535627,0.0923366405381509,0.09234401024516377
D2,K75,EXTRA,1,22,746,3426,0.03353239934181976,0.03373543395200884,0.5255479475220568,0.5281948838054915
D2,K75,EXTRA,1,23,762,3413,0.02584469173773041,0.02584487179838272,0.1916835552493812,0.19168537643503428
D2,K75,EXTRA,1,24,779,3399,0.01130339826654726,0.011305089312450294,0.36362006971915384,0.3636189143413126
D2,K75,EXTRA,1,25,816,3369,0.033093239080842475,0.03305577845854168,0.4933242922420796,0.4932868098323839
D2,K75,EXTRA,1,26,827,3360,0.07763227899620202,0.07772247665228964,0.38303186061367017,0.38305742019826405
D2,K75,EXTRA,1,27,843,3358,0.07347314344232375,0.07358574192349315,1.146516289813476,1.1465319786432393
D2,K75,EXTRA,1,28,863,3358,0.3368648605591665,0.3367511283905525,1.1059966917150288,1.1060850170409293
D2,K75,EXTRA,1,29,878,3347,0.16612602206965346,0.16612961496417725,2.4777260766725786,2.477858145170818
D2,K75,EXTRA,1,30,905,3802,0.14823590828625896,0.14823925180991254,2.524872694765223,2.525093989181794
D2,K75,EXTRA,1,31,931,3276,0.0302683364304268,0.03027250538328086,1.7622453359430825,1.7625759318104748
D2,K75,EXTRA,1,32,934,3779,0.052730147242796226,0.05269484163316411,0.8777817261996267,0.8778490336270951
D2,K75,EXTRA,1,33,936,3271,0.06999015397584049,0.06998162329375146,0.2579420881370962,0.2579196931764059
D2,K75,EXTRA,1,34,946,3771,0.032348845950528116,0.032434696044701714,0.6342721314226617,0.6345861705401055
D2,K75,EXTRA,1,35,954,3261,0.052144850083342374,0.052144191531276814,0.6660135571179652,0.6660096264146806
D2,K75,EXTRA,1,36,959,3764,0.12561666304258556,0.1256159404071306,0.5752735489708143,0.575277118745534
D2,K75,EXTRA,1,37,973,3248,0.1467708539227545,0.14677229260381766,0.47783948494920725,0.4778405439642764
D2,K75,EXTRA,1,38,993,3742,0.1032014266144624,0.10320288558027661,0.45453810444578335,0.4545417908455267
D2,K75,EXTRA,1,39,1002,3218,0.06331239823545641,0.06331257089277924,0.3815729760810079,0.3815702492394223
D2,K75,EXTRA,1,40,1014,3199,0.022812753879162675,0.02281265079145667,0.5206839308255412,0.5206803211514329
D2,K75,EXTRA,1,41,1036,3174,0.042900552021076815,0.042900698728725026,0.28693559374959193,0.28693784968648545
D2,K75,EXTRA,1,42,1037,3686,0.03902495842156728,0.03902433546396687,0.14483813064749604,0.1448305098534496
D2,K75,EXTRA,1,43,1041,3168,0.04500209643264034,0.044997939798622884,0.2129429067551041,0.21301511572762968
D2,K75,EXTRA,1,44,1052,3672,0.019760314217722213,0.019669313927140827,0.24379606166858311,0.2471339783361096
D2,K75,EXTRA,1,45,1067,2481,0.09271506663875094,0.0928136011041724,0.641307749810233,0.6387221129896764
D2,K75,EXTRA,1,46,1082,2493,0.06384790986768557,0.06384494351689513,0.4159676124764523,0.4159483785805325
D2,K75,EXTRA,1,47,1083,3130,0.0691631785258237,0.06918888057396469,0.28664345423161486,0.2874689140822751
D2,K75,EXTRA,1,48,1087,3645,0.013887319176094513,0.013857819240786686,0.09812088432340732,0.10002938222478998
D2,K75,EXTRA,1,49,1090,3124,0.0838381271570069,0.08383862466611504,0.1712976908718746,0.17124218380452785
D2,K75,EXTRA,1,50,1120,2528,0.03841800050170351,0.038414414491771375,0.24598410218559114,0.24553818388689352
D2,K75,EXTRA,1,51,1134,3082,0.0852056281523754,0.08513066835936857,0.5448597406492259,0.5451471672873234
D2,K75,EXTRA,1,52,1144,3073,0.028985309583628945,0.028989199238593482,0.23703226646657463,0.23703084777499792
D2,K75,EXTRA,1,53,1169,3041,0.014583187924912555,0.014543137397116074,0.15235986959857678,0.15240756860066557
D2,K75,EXTRA,1,54,1191,3019,0.015076012984467306,0.015076884983387358,0.07883316402002022,0.07883379767513174
D2,K75,EXTRA,1,55,1308,2933,0.10721986330183181,0.10719594271026255,0.3511787099668847,0.3509130886522804
D2,K75,EXTRA,1,56,1327,2908,0.04147206084980261,0.0414701440884404,0.8309024099731191,0.8309167541093322
D2,K75,EXTRA,1,57,1373,2865,0.026220034212623772,0.026226524337639254,1.099785272562842,1.0998009117372995
D2,K75,EXTRA,1,58,1424,2819,0.11530282962715069,0.11533997040695891,2.1295263359928613,2.1294881667656185
D2,K75,EXTRA,1,59,1444,2798,0.053995946688261375,0.05399432983452778,0.8148652411132736,0.8147699144094963
D2,K75,EXTRA,1,60,1489,2755,0.03777893384851714,0.03777669268377891,0.8496387672689723,0.8496360310567994
D2,K75,EXTRA,1,61,1579,2678,0.07554376149014462,0.07554230429499154,0.40072619415315236,0.40075743964428234
D2,K75,EXTRA,1,62,1606,2654,0.04897628244478795,0.048983204534653255,0.9766296726095259,0.9766175870275069
D2,K75,EXTRA,1,63,1619,3494,0.07048564646889074,0.07048507029503688,0.6716484413281446,0.6716454412180921
D2,K75,EXTRA,1,64,1650,3461,0.1130929301779832,0.11309230146193465,0.12311454639079249,0.12309941206301549
D2,K75,EXTRA,1,65,1656,3454,0.3432672622990264,0.34285380411333083,0.20547430903158562,0.20704743615876575
D2,K75,EXTRA,1,66,1661,3451,0.24973722284716923,0.24975668736216253,0.507620043093922,0.5075470589188258
D2,K75,EXTRA,1,67,1694,3417,0.018221120962232246,0.018201590786917205,0.8544423135277356,0.8544670038268098
D2,K75,EXTRA,1,68,1716,3399,0.020344606315312562,0.02032334494111776,0.4675905262990464,0.46759456409099387
D2,K75,EXTRA,1,69,1744,3382,0.06952327595275558,0.06952329701461644,0.2358728506038283,0.23587373747905857
D2,K75,EXTRA,1,70,1748,3379,0.0765960075795523,0.07654749850316818,0.358770476187437,0.3587857569000285
D2,K75,EXTRA,1,71,1763,3365,0.054316381441687336,0.054315769754766756,0.37079700688288814,0.3707969759602928
D2,K75,EXTRA,1,72,1776,3365,0.031133750523599943,0.031133672408140012,0.35529870446963585,0.35530366407244635
D2,K75,EXTRA,1,73,1789,3358,0.068840231946447,0.06883478958703722,1.221719437634738,1.2216604659048471
D2,K75,EXTRA,1,74,1806,3863,0.046438448518271655,0.04642200808815406,0.5960205271600957,0.5961472239978511
D2,K75,EXTRA,1,75,1967,4176,0.015894419554339588,0.006055028883128482,0.09027902392246111,0.07279238746925305
D2,K75,EXTRA,2,1,283,252,0.0012115769252041102,0.001212618414258673,0.09512619770660281,0.09511227868108187
D2,K75,EXTRA,2,2,378,2930,0.010878939496785846,0.010866365222263991,0.32456231233868194,0.3248043582367477
D2,K75,EXTRA,2,3,454,3012,0.010445555883645572,0.010583636103913175,0.25955628860022456,0.25991885143324656
D2,K75,EXTRA,2,4,482,3043,0.008251292928695567,0.00848267325882641,0.10487433039285103,0.10460164603947891
D2,K75,EXTRA,2,5,512,3072,0.045487853588630695,0.04524863134709993,0.15356985894289102,0.15409720186262396
D2,K75,EXTRA,2,6,547,3613,0.06054849264960911,0.06054712529552385,0.9026612671214079,0.9026879617346085
D2,K75,EXTRA,2,7,575,2550,0.029597161435023563,0.0295939005481105,0.3988770408115051,0.39890496076830084
D2,K75,EXTRA,2,8,632,3535,0.10294803549437646,0.10294657329320377,1.0066671006594579,1.0066671167962375
D2,K75,EXTRA,2,9,635,2615,0.07099754443796515,0.0709977013278023,0.3530916376659012,0.35310915130748755
D2,K75,EXTRA,2,10,638,3529,0.03571575276715183,0.035713275023050745,0.6010448995356928,0.6010357953037362
D2,K75,EXTRA,2,11,639,2620,0.08020894923341802,0.08021033806415252,0.22241179143821796,0.2223861807722327
D2,K75,EXTRA,2,12,643,3525,0.09272108661342635,0.0927189143141487,0.30587554795190924,0.3056806339626054
D2,K75,EXTRA,2,13,644,2625,0.028488030797813074,0.028488788002428298,0.2599351104340437,0.2599753465639342
D2,K75,EXTRA,2,14,645,3522,0.11799828974682272,0.11799979860281358,1.066307575903936,1.0662324371447578
D2,K75,EXTRA,2,15,646,2628,0.0440635080151153,0.04406110342564587,0.21482906987427702,0.2147194991791074
D2,K75,EXTRA,2,16,653,3513,0.08027394987796754,0.0803120974321956,1.1707231142445487,1.1708318600157823
D2,K75,EXTRA,2,17,659,2646,0.21822972721179817,0.21822935606542593,0.6661410335184966,0.6660846696677153
D2,K75,EXTRA,2,18,660,3504,0.03266137714729989,0.03266915582812686,0.4936911743528236,0.49367193600629894
D2,K75,EXTRA,2,19,661,2646,0.18676304182845105,0.1867619062263638,0.7210019112169831,0.7210066272958657
D2,K75,EXTRA,2,20,664,3500,0.055648892227523165,0.05565013064796518,0.45254322521348667,0.45253974963079774
D2,K75,EXTRA,2,21,702,3464,0.015603767518774781,0.015609811337535627,0.0923366405381509,0.09234401024516377
D2,K75,EXTRA,2,22,746,3426,0.03353239934181976,0.03373543395200884,0.5255479475220568,0.5281948838054915
D2,K75,EXTRA,2,23,762,3413,0.02584469173773041,0.02584487179838272,0.1916835552493812,0.19168537643503428
D2,K75,EXTRA,2,24,779,3399,0.01130566426045461,0.011305089312450294,0.36362787771941246,0.3636189143413126
D2,K75,EXTRA,2,25,816,3369,0.03309464304152592,0.03305577845854168,0.4933143772103892,0.4932868098323839
D2,K75,EXTRA,2,26,827,3360,0.0776455106391792,0.07772247665228964,0.38303761066516123,0.38305742019826405
D2,K75,EXTRA,2,27,843,3358,0.07349641468076787,0.07358574192349315,1.146518526692204,1.1465319786432393
D2,K75,EXTRA,2,28,863,3358,0.3368529941462419,0.3367511283905525,1.1059857612063901,1.1060850170409293
D2,K75,EXTRA,2,29,878,3347,0.16612602206965346,0.16612961496417725,2.4777260766725786,2.477858145170818
D2,K75,EXTRA,2,30,905,3802,0.14823612715449488,0.14823925180991254,2.5248712710576977,2.525093989181794
D2,K75,EXTRA,2,31,931,3276,0.03028249268762781,0.03027250538328086,1.7622487838046164,1.7625759318104748
D2,K75,EXTRA,2,32,934,3779,0.05273008222984211,0.05269484163316411,0.8777814998945542,0.8778490336270951
D2,K75,EXTRA,2,33,936,3271,0.06999015397584049,0.06998162329375146,0.2579420881370962,0.2579196931764059
D2,K75,EXTRA,2,34,946,3771,0.03235448933273699,0.032434696044701714,0.6342755697492491,0.6345861705401055
D2,K75,EXTRA,2,35,954,3261,0.052144850083342374,0.052144191531276814,0.6660135571179652,0.6660096264146806
D2,K75,EXTRA,2,36,959,3764,0.12561666304258556,0.1256159404071306,0.5752735489708143,0.575277118745534
D2,K75,EXTRA,2,37,973,3248,0.1467708539227545,0.14677229260381766,0.47783948494920725,0.4778405439642764
D2,K75,EXTRA,2,38,993,3742,0.1032014266144624,0.10320288558027661,0.45453810444578335,0.4545417908455267
D2,K75,EXTRA,2,39,1002,3218,0.06331239823545641,0.06331257089277924,0.3815729760810079,0.3815702492394223
D2,K75,EXTRA,2,40,1014,3199,0.022812753879162675,0.02281265079145667,0.5206839308255412,0.5206803211514329
D2,K75,EXTRA,2,41,1036,3174,0.042900552021076815,0.042900698728725026,0.28693559374959193,0.28693784968648545
D2,K75,EXTRA,2,42,1037,3686,0.03902495842156728,0.03902433546396687,0.14483813064749604,0.1448305098534496
D2,K75,EXTRA,2,43,1041,3168,0.04500271607199779,0.044997939798622884,0.21294197808091622,0.21301511572762968
D2,K75,EXTRA,2,44,1052,3672,0.019768135055762973,0.019669313927140827,0.24380406062491494,0.2471339783361096
D2,K75,EXTRA,2,45,1067,2481,0.09271843235184521,0.0928136011041724,0.6413011900994882,0.6387221129896764
D2,K75,EXTRA,2,46,1082,2493,0.06384790986768557,0.06384494351689513,0.4159676124764523,0.4159483785805325
D2,K75,EXTRA,2,47,1083,3130,0.06916300544591114,0.06918888057396469,0.28665238966790335,0.2874689140822751
D2,K75,EXTRA,2,48,1087,3645,0.013889927664006083,0.013857819240786686,0.09812713796512276,0.10002938222478998
D2,K75,EXTRA,2,49,1090,3124,0.0838381271570069,0.08383862466611504,0.1712976908718746,0.17124218380452785
D2,K75,EXTRA,2,50,1120,2528,0.038416274727316325,0.038414414491771375,0.24598019358170387,0.24553818388689352
D2,K75,EXTRA,2,51,1134,3082,0.0852056281523754,0.08513066835936857,0.5448597406492259,0.5451471672873234
D2,K75,EXTRA,2,52,1144,3073,0.028985309583628945,0.028989199238593482,0.23703226646657463,0.23703084777499792
D2,K75,EXTRA,2,53,1169,3041,0.014583187924912555,0.014543137397116074,0.15235986959857678,0.15240756860066557
D2,K75,EXTRA,2,54,1191,3019,0.015076012984467306,0.015076884983387358,0.07883316402002022,0.07883379767513174
D2,K75,EXTRA,2,55,1308,2933,0.10721990142784818,0.10719594271026255,0.3511767076703088,0.3509130886522804
D2,K75,EXTRA,2,56,1327,2908,0.04147206084980261,0.0414701440884404,0.8309024099731191,0.8309167541093322
D2,K75,EXTRA,2,57,1373,2865,0.026220034212623772,0.026226524337639254,1.099785272562842,1.0998009117372995
D2,K75,EXTRA,2,58,1424,2819,0.11530282962715069,0.11533997040695891,2.1295263359928613,2.1294881667656185
D2,K75,EXTRA,2,59,1444,2798,0.053995946688261375,0.05399432983452778,0.8148652411132736,0.8147699144094963
D2,K75,EXTRA,2,60,1489,2755,0.03777893384851714,0.03777669268377891,0.8496387672689723,0.8496360310567994
D2,K75,EXTRA,2,61,1579,2678,0.07554376149014462,0.07554230429499154,0.40072619415315236,0.40075743964428234
D2,K75,EXTRA,2,62,1606,2654,0.04897628244478795,0.048983204534653255,0.9766296726095259,0.9766175870275069
D2,K75,EXTRA,2,63,1619,3494,0.07048564646889074,0.07048507029503688,0.6716484413281446,0.6716454412180921
D2,K75,EXTRA,2,64,1650,3461,0.1130929301779832,0.11309230146193465,0.12311454639079249,0.12309941206301549
D2,K75,EXTRA,2,65,1656,3454,0.3432672622990264,0.34285380411333083,0.20547430903158562,0.20704743615876575
D2,K75,EXTRA,2,66,1661,3451,0.24973722284716923,0.24975668736216253,0.507620043093922,0.5075470589188258
D2,K75,EXTRA,2,67,1694,3417,0.018219798446286007,0.018201590786917205,0.8544464802135903,0.8544670038268098
D2,K75,EXTRA,2,68,1716,3399,0.02034471774431368,0.02032334494111776,0.4675970436482088,0.46759456409099387
D2,K75,EXTRA,2,69,1744,3382,0.06952327595275558,0.06952329701461644,0.2358728506038283,0.23587373747905857
D2,K75,EXTRA,2,70,1748,3379,0.0765875494814917,0.07654749850316818,0.35876390380357215,0.3587857569000285
D2,K75,EXTRA,2,71,1763,3365,0.05431638983450146,0.054315769754766756,0.3707970161520872,0.3707969759602928
D2,K75,EXTRA,2,72,1776,3365,0.031133800322980392,0.031133672408140012,0.3552985803328782,0.35530366407244635
D2,K75,EXTRA,2,73,1789,3358,0.06883994331740707,0.06883478958703722,1.2217211797913814,1.2216604659048471
D2,K75,EXTRA,2,74,1806,3863,0.046451760400259966,0.04642200808815406,0.5961545649490655,0.5961472239978511
D2,K75,EXTRA,2,75,1967,4176,0.0060722705685754145,0.006055028883128482,0.07278365840356289,0.07279238746925305
D2,K75,EXTRA,3,1,283,252,0.0012115769252041102,0.001212618414258673,0.09512619770660281,0.09511227868108187
D2,K75,EXTRA,3,2,378,2930,0.010878945713242777,0.010866365222263991,0.32456244189090316,0.3248043582367477
D2,K75,EXTRA,3,3,454,3012,0.010445587506737507,0.010583636103913175,0.25955630374651917,0.25991885143324656
D2,K75,EXTRA,3,4,482,3043,0.008251338549554548,0.00848267325882641,0.10487446891287672,0.10460164603947891
D2,K75,EXTRA,3,5,512,3072,0.04548783058255618,0.04524863134709993,0.15356976810838616,0.15409720186262396
D2,K75,EXTRA,3,6,547,3613,0.06054849264960911,0.06054712529552385,0.9026612671214079,0.9026879617346085
D2,K75,EXTRA,3,7,575,2550,0.029597161435023563,0.0295939005481105,0.3988770408115051,0.39890496076830084
D2,K75,EXTRA,3,8,632,3535,0.10294803549437646,0.10294657329320377,1.0066671006594579,1.0066671167962375
D2,K75,EXTRA,3,9,635,2615,0.07099754443796515,0.0709977013278023,0.3530916376659012,0.35310915130748755
D2,K75,EXTRA,3,10,638,3529,0.03571575276715183,0.035713275023050745,0.6010448995356928,0.6010357953037362
D2,K75,EXTRA,3,11,639,2620,0.08020894923341802,0.08021033806415252,0.22241179143821796,0.2223861807722327
D2,K75,EXTRA,3,12,643,3525,0.09272108661342635,0.0927189143141487,0.30587554795190924,0.3056806339626054
D2,K75,EXTRA,3,13,644,2625,0.028488030797813074,0.028488788002428298,0.2599351104340437,0.2599753465639342
D2,K75,EXTRA,3,14,645,3522,0.11799828974682272,0.11799979860281358,1.066307575903936,1.0662324371447578
D2,K75,EXTRA,3,15,646,2628,0.0440635080151153,0.04406110342564587,0.21482906987427702,0.2147194991791074
D2,K75,EXTRA,3,16,653,3513,0.08027394987796754,0.0803120974321956,1.1707231142445487,1.1708318600157823
D2,K75,EXTRA,3,17,659,2646,0.21822972721179817,0.21822935606542593,0.6661410335184966,0.6660846696677153
D2,K75,EXTRA,3,18,660,3504,0.03266137714729989,0.03266915582812686,0.4936911743528236,0.49367193600629894
D2,K75,EXTRA,3,19,661,2646,0.18676304182845105,0.1867619062263638,0.7210019112169831,0.7210066272958657
D2,K75,EXTRA,3,20,664,3500,0.055648892227523165,0.05565013064796518,0.45254322521348667,0.45253974963079774
D2,K75,EXTRA,3,21,702,3464,0.015603767518774781,0.015609811337535627,0.0923366405381509,0.09234401024516377
D2,K75,EXTRA,3,22,746,3426,0.03353239934181976,0.03373543395200884,0.5255479475220568,0.5281948838054915
D2,K75,EXTRA,3,23,762,3413,0.02584469173773041,0.02584487179838272,0.1916835552493812,0.19168537643503428
D2,K75,EXTRA,3,24,779,3399,0.011305866910639697,0.011305089312450294,0.36363036909894925,0.3636189143413126
D2,K75,EXTRA,3,25,816,3369,0.03309548463983377,0.03305577845854168,0.4933119027324433,0.4932868098323839
D2,K75,EXTRA,3,26,827,3360,0.07764587565653347,0.07772247665228964,0.3830399038415886,0.38305742019826405
D2,K75,EXTRA,3,27,843,3358,0.0734978107251108,0.07358574192349315,1.146520558735365,1.1465319786432393
D2,K75,EXTRA,3,28,863,3358,0.33685301297225956,0.3367511283905525,1.1059835610688133,1.1060850170409293
D2,K75,EXTRA,3,29,878,3347,0.16612602206965346,0.16612961496417725,2.4777260766725786,2.477858145170818
D2,K75,EXTRA,3,30,905,3802,0.14823616387582464,0.14823925180991254,2.524871005799346,2.525093989181794
D2,K75,EXTRA,3,31,931,3276,0.030283933919562803,0.03027250538328086,1.7622464124790471,1.7625759318104748
D2,K75,EXTRA,3,32,934,3779,0.05273007406817457,0.05269484163316411,0.8777814570446978,0.8778490336270951
D2,K75,EXTRA,3,33,936,3271,0.06999015397584049,0.06998162329375146,0.2579420881370962,0.2579196931764059
D2,K75,EXTRA,3,34,946,3771,0.03235435312102632,0.032434696044701714,0.6342732601451735,0.6345861705401055
D2,K75,EXTRA,3,35,954,3261,0.052144850083342374,0.052144191531276814,0.6660135571179652,0.6660096264146806
D2,K75,EXTRA,3,36,959,3764,0.12561666304258556,0.1256159404071306,0.5752735489708143,0.575277118745534
D2,K75,EXTRA,3,37,973,3248,0.1467708539227545,0.14677229260381766,0.47783948494920725,0.4778405439642764
D2,K75,EXTRA,3,38,993,3742,0.1032014266144624,0.10320288558027661,0.45453810444578335,0.4545417908455267
D2,K75,EXTRA,3,39,1002,3218,0.06331239823545641,0.06331257089277924,0.3815729760810079,0.3815702492394223
D2,K75,EXTRA,3,40,1014,3199,0.022812753879162675,0.02281265079145667,0.5206839308255412,0.5206803211514329
D2,K75,EXTRA,3,41,1036,3174,0.042900552021076815,0.042900698728725026,0.28693559374959193,0.28693784968648545
D2,K75,EXTRA,3,42,1037,3686,0.03902495842156728,0.03902433546396687,0.14483813064749604,0.1448305098534496
D2,K75,EXTRA,3,43,1041,3168,0.04500285640349574,0.044997939798622884,0.2129411748761735,0.21301511572762968
D2,K75,EXTRA,3,44,1052,3672,0.019768952029063896,0.019669313927140827,0.2438038532284937,0.2471339783361096
D2,K75,EXTRA,3,45,1067,2481,0.09271882965288517,0.0928136011041724,0.641301206156412,0.6387221129896764
D2,K75,EXTRA,3,46,1082,2493,0.06384790986768557,0.06384494351689513,0.4159676124764523,0.4159483785805325
D2,K75,EXTRA,3,47,1083,3130,0.0691629044414998,0.06918888057396469,0.2866531204725986,0.2874689140822751
D2,K75,EXTRA,3,48,1087,3645,0.01389012983065276,0.013857819240786686,0.09812730349748597,0.10002938222478998
D2,K75,EXTRA,3,49,1090,3124,0.0838381271570069,0.08383862466611504,0.1712976908718746,0.17124218380452785
D2,K75,EXTRA,3,50,1120,2528,0.038416119250588514,0.038414414491771375,0.2459797943766013,0.24553818388689352
D2,K75,EXTRA,3,51,1134,3082,0.0852056281523754,0.08513066835936857,0.5448597406492259,0.5451471672873234
D2,K75,EXTRA,3,52,1144,3073,0.028985309583628945,0.028989199238593482,0.23703226646657463,0.23703084777499792
D2,K75,EXTRA,3,53,1169,3041,0.014583187924912555,0.014543137397116074,0.15235986959857678,0.15240756860066557
D2,K75,EXTRA,3,54,1191,3019,0.015076012984467306,0.015076884983387358,0.07883316402002022,0.07883379767513174
D2,K75,EXTRA,3,55,1308,2933,0.10721991080685858,0.10719594271026255,0.351176573418536,0.3509130886522804
D2,K75,EXTRA,3,56,1327,2908,0.04147206084980261,0.0414701440884404,0.8309024099731191,0.8309167541093322
D2,K75,EXTRA,3,57,1373,2865,0.026220034212623772,0.026226524337639254,1.099785272562842,1.0998009117372995
D2,K75,EXTRA,3,58,1424,2819,0.11530282962715069,0.11533997040695891,2.1295263359928613,2.1294881667656185
D2,K75,EXTRA,3,59,1444,2798,0.053995946688261375,0.05399432983452778,0.8148652411132736,0.8147699144094963
D2,K75,EXTRA,3,60,1489,2755,0.03777893384851714,0.03777669268377891,0.8496387672689723,0.8496360310567994
D2,K75,EXTRA,3,61,1579,2678,0.07554376149014462,0.07554230429499154,0.40072619415315236,0.40075743964428234
D2,K75,EXTRA,3,62,1606,2654,0.04897628244478795,0.048983204534653255,0.9766296726095259,0.9766175870275069
D2,K75,EXTRA,3,63,1619,3494,0.07048564646889074,0.07048507029503688,0.6716484413281446,0.6716454412180921
D2,K75,EXTRA,3,64,1650,3461,0.1130929301779832,0.11309230146193465,0.12311454639079249,0.12309941206301549
D2,K75,EXTRA,3,65,1656,3454,0.3432672622990264,0.34285380411333083,0.20547430903158562,0.20704743615876575
D2,K75,EXTRA,3,66,1661,3451,0.24973722284716923,0.24975668736216253,0.507620043093922,0.5075470589188258
D2,K75,EXTRA,3,67,1694,3417,0.018219810225434858,0.018201590786917205,0.8544478200162504,0.8544670038268098
D2,K75,EXTRA,3,68,1716,3399,0.02034474546596702,0.02032334494111776,0.4675993034125822,0.46759456409099387
D2,K75,EXTRA,3,69,1744,3382,0.06952327595275558,0.06952329701461644,0.2358728506038283,0.23587373747905857
D2,K75,EXTRA,3,70,1748,3379,0.07658715345779271,0.07654749850316818,0.3587611162171471,0.3587857569000285
D2,K75,EXTRA,3,71,1763,3365,0.05431639058223348,0.054315769754766756,0.37079701711546476,0.3707969759602928
D2,K75,EXTRA,3,72,1776,3365,0.03113380641123026,0.031133672408140012,0.3552985598006182,0.35530366407244635
D2,K75,EXTRA,3,73,1789,3358,0.06883989931408127,0.06883478958703722,1.2217214014493183,1.2216604659048471
D2,K75,EXTRA,3,74,1806,3863,0.04644888236831918,0.04642200808815406,0.5962025737769606,0.5961472239978511
D2,K75,EXTRA,3,75,1967,4176,0.006054826303966603,0.006055028883128482,0.07279534498968616,0.07279238746925305
D2,K75,EXTRA,4,1,283,252,0.0012115769252041102,0.001212618414258673,0.09512619770660281,0.09511227868108187
D2,K75,EXTRA,4,2,378,2930,0.010878945864844732,0.010866365222263991,0.3245624384238895,0.3248043582367477
D2,K75,EXTRA,4,3,454,3012,0.010445585772786033,0.010583636103913175,0.2595562997109227,0.25991885143324656
D2,K75,EXTRA,4,4,482,3043,0.008251335617502456,0.00848267325882641,0.10487447163269213,0.10460164603947891
D2,K75,EXTRA,4,5,512,3072,0.045487833757844265,0.04524863134709993,0.15356976388693305,0.15409720186262396
D2,K75,EXTRA,4,6,547,3613,0.06054849264960911,0.06054712529552385,0.9026612671214079,0.9026879617346085
D2,K75,EXTRA,4,7,575,2550,0.029597161435023563,0.0295939005481105,0.3988770408115051,0.39890496076830084
D2,K75,EXTRA,4,8,632,3535,0.10294803549437646,0.10294657329320377,1.0066671006594579,1.0066671167962375
D2,K75,EXTRA,4,9,635,2615,0.07099754443796515,0.0709977013278023,0.3530916376659012,0.35310915130748755
D2,K75,EXTRA,4,10,638,3529,0.03571575276715183,0.035713275023050745,0.6010448995356928,0.6010357953037362
D2,K75,EXTRA,4,11,639,2620,0.08020894923341802,0.08021033806415252,0.22241179143821796,0.2223861807722327
D2,K75,EXTRA,4,12,643,3525,0.09272108661342635,0.0927189143141487,0.30587554795190924,0.3056806339626054
D2,K75,EXTRA,4,13,644,2625,0.028488030797813074,0.028488788002428298,0.2599351104340437,0.2599753465639342
D2,K75,EXTRA,4,14,645,3522,0.11799828974682272,0.11799979860281358,1.066307575903936,1.0662324371447578
D2,K75,EXTRA,4,15,646,2628,0.0440635080151153,0.04406110342564587,0.21482906987427702,0.2147194991791074
D2,K75,EXTRA,4,16,653,3513,0.08027394987796754,0.0803120974321956,1.1707231142445487,1.1708318600157823
D2,K75,EXTRA,4,17,659,2646,0.21822972721179817,0.21822935606542593,0.6661410335184966,0.6660846696677153
D2,K75,EXTRA,4,18,660,3504,0.03266137714729989,0.03266915582812686,0.4936911743528236,0.49367193600629894
D2,K75,EXTRA,4,19,661,2646,0.18676304182845105,0.1867619062263638,0.7210019112169831,0.7210066272958657
D2,K75,EXTRA,4,20,664,3500,0.055648892227523165,0.05565013064796518,0.45254322521348667,0.45253974963079774
D2,K75,EXTRA,4,21,702,3464,0.015603767518774781,0.015609811337535627,0.0923366405381509,0.09234401024516377
D2,K75,EXTRA,4,22,746,3426,0.03353239934181976,0.03373543395200884,0.5255479475220568,0.5281948838054915
D2,K75,EXTRA,4,23,762,3413,0.02584469173773041,0.02584487179838272,0.1916835552493812,0.19168537643503428
D2,K75,EXTRA,4,24,779,3399,0.011305859729349707,0.011305089312450294,0.3636303506543773,0.3636189143413126
D2,K75,EXTRA,4,25,816,3369,0.033095512006969564,0.03305577845854168,0.49331193766648185,0.4932868098323839
D2,K75,EXTRA,4,26,827,3360,0.07764584478527108,0.07772247665228964,0.383039871422168,0.38305742019826405
D2,K75,EXTRA,4,27,843,3358,0.07349778116364604,0.07358574192349315,1.1465205278638702,1.1465319786432393
D2,K75,EXTRA,4,28,863,3358,0.3368530541636422,0.3367511283905525,1.105983605324103,1.1060850170409293
D2,K75,EXTRA,4,29,878,3347,0.16612602206965346,0.16612961496417725,2.4777260766725786,2.477858145170818
D2,K75,EXTRA,4,30,905,3802,0.14823616415099744,0.14823925180991254,2.5248709997888237,2.525093989181794
D2,K75,EXTRA,4,31,931,3276,0.030283933032710892,0.03027250538328086,1.7622463235853318,1.7625759318104748
D2,K75,EXTRA,4,32,934,3779,0.052730074072820134,0.05269484163316411,0.8777814564787711,0.8778490336270951
D2,K75,EXTRA,4,33,936,3271,0.06999015397584049,0.06998162329375146,0.2579420881370962,0.2579196931764059
D2,K75,EXTRA,4,34,946,3771,0.03235433763851043,0.032434696044701714,0.6342731740987779,0.6345861705401055
D2,K75,EXTRA,4,35,954,3261,0.052144850083342374,0.052144191531276814,0.6660135571179652,0.6660096264146806
D2,K75,EXTRA,4,36,959,3764,0.12561666304258556,0.1256159404071306,0.5752735489708143,0.575277118745534
D2,K75,EXTRA,4,37,973,3248,0.1467708539227545,0.14677229260381766,0.47783948494920725,0.4778405439642764
D2,K75,EXTRA,4,38,993,3742,0.1032014266144624,0.10320288558027661,0.45453810444578335,0.4545417908455267
D2,K75,EXTRA,4,39,1002,3218,0.06331239823545641,0.06331257089277924,0.3815729760810079,0.3815702492394223
D2,K75,EXTRA,4,40,1014,3199,0.022812753879162675,0.02281265079145667,0.5206839308255412,0.5206803211514329
D2,K75,EXTRA,4,41,1036,3174,0.042900552021076815,0.042900698728725026,0.28693559374959193,0.28693784968648545
D2,K75,EXTRA,4,42,1037,3686,0.03902495842156728,0.03902433546396687,0.14483813064749604,0.1448305098534496
D2,K75,EXTRA,4,43,1041,3168,0.04500286017635281,0.044997939798622884,0.21294114789420926,0.21301511572762968
D2,K75,EXTRA,4,44,1052,3672,0.01976895002699098,0.019669313927140827,0.24380381852822994,0.2471339783361096
D2,K75,EXTRA,4,45,1067,2481,0.09271882844528763,0.0928136011041724,0.6413012338444251,0.6387221129896764
D2,K75,EXTRA,4,46,1082,2493,0.06384790986768557,0.06384494351689513,0.4159676124764523,0.4159483785805325
D2,K75,EXTRA,4,47,1083,3130,0.06916290350770142,0.06918888057396469,0.28665311012196365,0.2874689140822751
D2,K75,EXTRA,4,48,1087,3645,0.013890128455382938,0.013857819240786686,0.09812728197170882,0.10002938222478998
D2,K75,EXTRA,4,49,1090,3124,0.0838381271570069,0.08383862466611504,0.1712976908718746,0.17124218380452785
D2,K75,EXTRA,4,50,1120,2528,0.03841612001653117,0.038414414491771375,0.2459797991551347,0.24553818388689352
D2,K75,EXTRA,4,51,1134,3082,0.0852056281523754,0.08513066835936857,0.5448597406492259,0.5451471672873234
D2,K75,EXTRA,4,52,1144,3073,0.028985309583628945,0.028989199238593482,0.23703226646657463,0.23703084777499792
D2,K75,EXTRA,4,53,1169,3041,0.014583187924912555,0.014543137397116074,0.15235986959857678,0.15240756860066557
D2,K75,EXTRA,4,54,1191,3019,0.015076012984467306,0.015076884983387358,0.07883316402002022,0.07883379767513174
D2,K75,EXTRA,4,55,1308,2933,0.10721991101345174,0.10719594271026255,0.3511765769531944,0.3509130886522804
D2,K75,EXTRA,4,56,1327,2908,0.04147206084980261,0.0414701440884404,0.8309024099731191,0.8309167541093322
D2,K75,EXTRA,4,57,1373,2865,0.026220034212623772,0.026226524337639254,1.099785272562842,1.0998009117372995
D2,K75,EXTRA,4,58,1424,2819,0.11530282962715069,0.11533997040695891,2.1295263359928613,2.1294881667656185
D2,K75,EXTRA,4,59,1444,2798,0.053995946688261375,0.05399432983452778,0.8148652411132736,0.8147699144094963
D2,K75,EXTRA,4,60,1489,2755,0.03777893384851714,0.03777669268377891,0.8496387672689723,0.8496360310567994
D2,K75,EXTRA,4,61,1579,2678,0.07554376149014462,0.07554230429499154,0.40072619415315236,0.40075743964428234
D2,K75,EXTRA,4,62,1606,2654,0.04897628244478795,0.048983204534653255,0.9766296726095259,0.9766175870275069
D2,K75,EXTRA,4,63,1619,3494,0.07048564646889074,0.07048507029503688,0.6716484413281446,0.6716454412180921
D2,K75,EXTRA,4,64,1650,3461,0.1130929301779832,0.11309230146193465,0.12311454639079249,0.12309941206301549
D2,K75,EXTRA,4,65,1656,3454,0.3432672622990264,0.34285380411333083,0.20547430903158562,0.20704743615876575
D2,K75,EXTRA,4,66,1661,3451,0.24973722284716923,0.24975668736216253,0.507620043093922,0.5075470589188258
D2,K75,EXTRA,4,67,1694,3417,0.018219810344085468,0.018201590786917205,0.8544477926534657,0.8544670038268098
D2,K75,EXTRA,4,68,1716,3399,0.020344736318373715,0.02032334494111776,0.4675992824525159,0.46759456409099387
D2,K75,EXTRA,4,69,1744,3382,0.06952327595275558,0.06952329701461644,0.2358728506038283,0.23587373747905857
D2,K75,EXTRA,4,70,1748,3379,0.07658717169250706,0.07654749850316818,0.35876113442246704,0.3587857569000285
D2,K75,EXTRA,4,71,1763,3365,0.054316390580379334,0.054315769754766756,0.37079701689664657,0.3707969759602928
D2,K75,EXTRA,4,72,1776,3365,0.031133806401007654,0.031133672408140012,0.3552985600759145,0.35530366407244635
D2,K75,EXTRA,4,73,1789,3358,0.06883989912632363,0.06883478958703722,1.2217213975017318,1.2216604659048471
D2,K75,EXTRA,4,74,1806,3863,0.04644887927691502,0.04642200808815406,0.5962035141604217,0.5961472239978511
D2,K75,EXTRA,4,75,1967,4176,0.006054826303966603,0.006055028883128482,0.07279534498968616,0.07279238746925305
D2,K75,EXTRA,5,1,283,252,0.0012115769252041102,0.001212618414258673,0.09512619770660281,0.09511227868108187
D2,K75,EXTRA,5,2,378,2930,0.010878945917737514,0.010866365222263991,0.3245624380679027,0.3248043582367477
D2,K75,EXTRA,5,3,454,3012,0.010445585624835836,0.010583636103913175,0.25955629860903134,0.25991885143324656
D2,K75,EXTRA,5,4,482,3043,0.008251335478806274,0.00848267325882641,0.10487447250442615,0.10460164603947891
D2,K75,EXTRA,5,5,512,3072,0.0454878337523631,0.04524863134709993,0.15356976121658727,0.15409720186262396
D2,K75,EXTRA,5,6,547,3613,0.06054849264960911,0.06054712529552385,0.9026612671214079,0.9026879617346085
D2,K75,EXTRA,5,7,575,2550,0.029597161435023563,0.0295939005481105,0.3988770408115051,0.39890496076830084
D2,K75,EXTRA,5,8,632,3535,0.10294803549437646,0.10294657329320377,1.0066671006594579,1.0066671167962375
D2,K75,EXTRA,5,9,635,2615,0.07099754443796515,0.0709977013278023,0.3530916376659012,0.35310915130748755
D2,K75,EXTRA,5,10,638,3529,0.03571575276715183,0.035713275023050745,0.6010448995356928,0.6010357953037362
D2,K75,EXTRA,5,11,639,2620,0.08020894923341802,0.08021033806415252,0.22241179143821796,0.2223861807722327
D2,K75,EXTRA,5,12,643,3525,0.09272108661342635,0.0927189143141487,0.30587554795190924,0.3056806339626054
D2,K75,EXTRA,5,13,644,2625,0.028488030797813074,0.028488788002428298,0.2599351104340437,0.2599753465639342
D2,K75,EXTRA,5,14,645,3522,0.11799828974682272,0.11799979860281358,1.066307575903936,1.0662324371447578
D2,K75,EXTRA,5,15,646,2628,0.0440635080151153,0.04406110342564587,0.21482906987427702,0.2147194991791074
D2,K75,EXTRA,5,16,653,3513,0.08027394987796754,0.0803120974321956,1.1707231142445487,1.1708318600157823
D2,K75,EXTRA,5,17,659,2646,0.21822972721179817,0.21822935606542593,0.6661410335184966,0.6660846696677153
D2,K75,EXTRA,5,18,660,3504,0.03266137714729989,0.03266915582812686,0.4936911743528236,0.49367193600629894
D2,K75,EXTRA,5,19,661,2646,0.18676304182845105,0.1867619062263638,0.7210019112169831,0.7210066272958657
D2,K75,EXTRA,5,20,664,3500,0.055648892227523165,0.05565013064796518,0.45254322521348667,0.45253974963079774
D2,K75,EXTRA,5,21,702,3464,0.015603767518774781,0.015609811337535627,0.0923366405381509,0.09234401024516377
D2,K75,EXTRA,5,22,746,3426,0.03353239934181976,0.03373543395200884,0.5255479475220568,0.5281948838054915
D2,K75,EXTRA,5,23,762,3413,0.02584469173773041,0.02584487179838272,0.1916835552493812,0.19168537643503428
D2,K75,EXTRA,5,24,779,3399,0.01130585488070853,0.011305089312450294,0.3636303359604658,0.3636189143413126
D2,K75,EXTRA,5,25,816,3369,0.033095524363471455,0.03305577845854168,0.49331195834768266,0.4932868098323839
D2,K75,EXTRA,5,26,827,3360,0.07764583772895785,0.07772247665228964,0.3830398491462662,0.38305742019826405
D2,K75,EXTRA,5,27,843,3358,0.07349777877738145,0.07358574192349315,1.1465205045279767,1.1465319786432393
D2,K75,EXTRA,5,28,863,3358,0.3368530654056433,0.3367511283905525,1.1059836275258619,1.1060850170409293
D2,K75,EXTRA,5,29,878,3347,0.16612602206965346,0.16612961496417725,2.4777260766725786,2.477858145170818
D2,K75,EXTRA,5,30,905,3802,0.14823616405872103,0.14823925180991254,2.5248709987289133,2.525093989181794
D2,K75,EXTRA,5,31,931,3276,0.030283937955320406,0.03027250538328086,1.7622463024426342,1.7625759318104748
D2,K75,EXTRA,5,32,934,3779,0.05273007405302372,0.05269484163316411,0.8777814564893669,0.8778490336270951
D2,K75,EXTRA,5,33,936,3271,0.06999015397584049,0.06998162329375146,0.2579420881370962,0.2579196931764059
D2,K75,EXTRA,5,34,946,3771,0.03235433513968649,0.032434696044701714,0.6342731545953181,0.6345861705401055
D2,K75,EXTRA,5,35,954,3261,0.052144850083342374,0.052144191531276814,0.6660135571179652,0.6660096264146806
D2,K75,EXTRA,5,36,959,3764,0.12561666304258556,0.1256159404071306,0.5752735489708143,0.575277118745534
D2,K75,EXTRA,5,37,973,3248,0.1467708539227545,0.14677229260381766,0.47783948494920725,0.4778405439642764
D2,K75,EXTRA,5,38,993,3742,0.1032014266144624,0.10320288558027661,0.45453810444578335,0.4545417908455267
D2,K75,EXTRA,5,39,1002,3218,0.06331239823545641,0.06331257089277924,0.3815729760810079,0.3815702492394223
D2,K75,EXTRA,5,40,1014,3199,0.022812753879162675,0.02281265079145667,0.5206839308255412,0.5206803211514329
D2,K75,EXTRA,5,41,1036,3174,0.042900552021076815,0.042900698728725026,0.28693559374959193,0.28693784968648545
D2,K75,EXTRA,5,42,1037,3686,0.03902495842156728,0.03902433546396687,0.14483813064749604,0.1448305098534496
D2,K75,EXTRA,5,43,1041,3168,0.0450028625666066,0.044997939798622884,0.2129411405312668,0.21301511572762968
D2,K75,EXTRA,5,44,1052,3672,0.019768952335747155,0.019669313927140827,0.24380381162544063,0.2471339783361096
D2,K75,EXTRA,5,45,1067,2481,0.09271882841516954,0.0928136011041724,0.6413012397217518,0.6387221129896764
D2,K75,EXTRA,5,46,1082,2493,0.06384790986768557,0.06384494351689513,0.4159676124764523,0.4159483785805325
D2,K75,EXTRA,5,47,1083,3130,0.06916290395714651,0.06918888057396469,0.28665310950454725,0.2874689140822751
D2,K75,EXTRA,5,48,1087,3645,0.013890129766333796,0.013857819240786686,0.09812727771732377,0.10002938222478998
D2,K75,EXTRA,5,49,1090,3124,0.0838381271570069,0.08383862466611504,0.1712976908718746,0.17124218380452785
D2,K75,EXTRA,5,50,1120,2528,0.03841611939381365,0.038414414491771375,0.24597980027426436,0.24553818388689352
D2,K75,EXTRA,5,51,1134,3082,0.0852056281523754,0.08513066835936857,0.5448597406492259,0.5451471672873234
D2,K75,EXTRA,5,52,1144,3073,0.028985309583628945,0.028989199238593482,0.23703226646657463,0.23703084777499792
D2,K75,EXTRA,5,53,1169,3041,0.014583187924912555,0.014543137397116074,0.15235986959857678,0.15240756860066557
D2,K75,EXTRA,5,54,1191,3019,0.015076012984467306,0.015076884983387358,0.07883316402002022,0.07883379767513174
D2,K75,EXTRA,5,55,1308,2933,0.10721991108725383,0.10719594271026255,0.3511765773140456,0.3509130886522804
D2,K75,EXTRA,5,56,1327,2908,0.04147206084980261,0.0414701440884404,0.8309024099731191,0.8309167541093322
D2,K75,EXTRA,5,57,1373,2865,0.026220034212623772,0.026226524337639254,1.099785272562842,1.0998009117372995
D2,K75,EXTRA,5,58,1424,2819,0.11530282962715069,0.11533997040695891,2.1295263359928613,2.1294881667656185
D2,K75,EXTRA,5,59,1444,2798,0.053995946688261375,0.05399432983452778,0.8148652411132736,0.8147699144094963
D2,K75,EXTRA,5,60,1489,2755,0.03777893384851714,0.03777669268377891,0.8496387672689723,0.8496360310567994
D2,K75,EXTRA,5,61,1579,2678,0.07554376149014462,0.07554230429499154,0.40072619415315236,0.40075743964428234
D2,K75,EXTRA,5,62,1606,2654,0.04897628244478795,0.048983204534653255,0.9766296726095259,0.9766175870275069
D2,K75,EXTRA,5,63,1619,3494,0.07048564646889074,0.07048507029503688,0.6716484413281446,0.6716454412180921
D2,K75,EXTRA,5,64,1650,3461,0.1130929301779832,0.11309230146193465,0.12311454639079249,0.12309941206301549
D2,K75,EXTRA,5,65,1656,3454,0.3432672622990264,0.34285380411333083,0.20547430903158562,0.20704743615876575
D2,K75,EXTRA,5,66,1661,3451,0.24973722284716923,0.24975668736216253,0.507620043093922,0.5075470589188258
D2,K75,EXTRA,5,67,1694,3417,0.018219807320564316,0.018201590786917205,0.8544477764730752,0.8544670038268098
D2,K75,EXTRA,5,68,1716,3399,0.020344730184771186,0.02032334494111776,0.4675992665821175,0.46759456409099387
D2,K75,EXTRA,5,69,1744,3382,0.06952327595275558,0.06952329701461644,0.2358728506038283,0.23587373747905857
D2,K75,EXTRA,5,70,1748,3379,0.07658717737025111,0.07654749850316818,0.3587611520646328,0.3587857569000285
D2,K75,EXTRA,5,71,1763,3365,0.05431639058337265,0.054315769754766756,0.37079701680175736,0.3707969759602928
D2,K75,EXTRA,5,72,1776,3365,0.031133806413776895,0.031133672408140012,0.3552985602790583,0.35530366407244635
D2,K75,EXTRA,5,73,1789,3358,0.06883989922431344,0.06883478958703722,1.2217213945301844,1.2216604659048471
D2,K75,EXTRA,5,74,1806,3863,0.046448877467047886,0.04642200808815406,0.5962038410002142,0.5961472239978511
D2,K75,EXTRA,5,75,1967,4176,0.006054826303966603,0.006055028883128482,0.07279534498968616,0.07279238746925305
D2,FINAL_STREAM_END,BEFORE_EVENT,-1,1,283,252,0.0012115769252041102,0.0012126220638697155,0.09512619770660281,0.09511152136146862
D2,FINAL_STREAM_END,BEFORE_EVENT,-1,2,378,2930,0.010878945917799152,0.010866357461096002,0.32456243806777196,0.32480371199549907
D2,FINAL_STREAM_END,BEFORE_EVENT,-1,3,454,3012,0.010445585624708707,0.010583636287574225,0.25955629860882473,0.2599188155822436
D2,FINAL_STREAM_END,BEFORE_EVENT,-1,4,482,3043,0.008251335478538221,0.008482672808166461,0.10487447250467642,0.10460160531061491
D2,FINAL_STREAM_END,BEFORE_EVENT,-1,5,512,3072,0.04548783375274218,0.04524863082855091,0.153569761216776,0.15409725230256496
D2,FINAL_STREAM_END,BEFORE_EVENT,-1,6,547,3613,0.06054849264960911,0.06054713544899737,0.9026612671214079,0.9026879459812422
D2,FINAL_STREAM_END,BEFORE_EVENT,-1,7,575,2550,0.029597161435023563,0.029593914762763514,0.3988770408115051,0.39890488200440544
D2,FINAL_STREAM_END,BEFORE_EVENT,-1,8,632,3535,0.10294803549437646,0.10294657225606703,1.0066671006594579,1.0066670637157065
D2,FINAL_STREAM_END,BEFORE_EVENT,-1,9,635,2615,0.07099754443796515,0.07099769823047068,0.3530916376659012,0.35310916019724864
D2,FINAL_STREAM_END,BEFORE_EVENT,-1,10,638,3529,0.03571575276715183,0.03571328532826925,0.6010448995356928,0.6010357686968734
D2,FINAL_STREAM_END,BEFORE_EVENT,-1,11,639,2620,0.08020894923341802,0.08021033651095069,0.22241179143821796,0.2223861800075628
D2,FINAL_STREAM_END,BEFORE_EVENT,-1,12,643,3525,0.09272108661342635,0.09271890536949302,0.30587554795190924,0.305680595773373
D2,FINAL_STREAM_END,BEFORE_EVENT,-1,13,644,2625,0.028488030797813074,0.02848879013744069,0.2599351104340437,0.2599753473784322
D2,FINAL_STREAM_END,BEFORE_EVENT,-1,14,645,3522,0.11799828974682272,0.1179997952092032,1.066307575903936,1.0662324211072984
D2,FINAL_STREAM_END,BEFORE_EVENT,-1,15,646,2628,0.0440635080151153,0.044061104950657355,0.21482906987427702,0.2147195018137036
D2,FINAL_STREAM_END,BEFORE_EVENT,-1,16,653,3513,0.08027394987796754,0.08031209412483734,1.1707231142445487,1.170831870916727
D2,FINAL_STREAM_END,BEFORE_EVENT,-1,17,659,2646,0.21822972721179817,0.21822936714038849,0.6661410335184966,0.6660846899422803
D2,FINAL_STREAM_END,BEFORE_EVENT,-1,18,660,3504,0.03266137714729989,0.03266915227217933,0.4936911743528236,0.49367196502723476
D2,FINAL_STREAM_END,BEFORE_EVENT,-1,19,661,2646,0.18676304182845105,0.18676192350680443,0.7210019112169831,0.7210066722277733
D2,FINAL_STREAM_END,BEFORE_EVENT,-1,20,664,3500,0.055648892227523165,0.05565012444526352,0.45254322521348667,0.4525397556460322
D2,FINAL_STREAM_END,BEFORE_EVENT,-1,21,702,3464,0.015603767518774781,0.015609809425602071,0.0923366405381509,0.09234398391297988
D2,FINAL_STREAM_END,BEFORE_EVENT,-1,22,746,3426,0.03353239934181976,0.033735428512529454,0.5255479475220568,0.528194884075776
D2,FINAL_STREAM_END,BEFORE_EVENT,-1,23,762,3413,0.02584469173773041,0.025844870906298258,0.1916835552493812,0.19168544325078607
D2,FINAL_STREAM_END,BEFORE_EVENT,-1,24,779,3399,0.011305854880049985,0.01130509631210274,0.3636303359605351,0.3636189318384405
D2,FINAL_STREAM_END,BEFORE_EVENT,-1,25,816,3369,0.0330955243643821,0.03305578662178384,0.4933119583476965,0.4932867994843551
D2,FINAL_STREAM_END,BEFORE_EVENT,-1,26,827,3360,0.07764583772806193,0.07772249670291052,0.38303984914626643,0.38305745246096956
D2,FINAL_STREAM_END,BEFORE_EVENT,-1,27,843,3358,0.0734977787765777,0.07358572635776106,1.1465205045279832,1.146531974586592
D2,FINAL_STREAM_END,BEFORE_EVENT,-1,28,863,3358,0.33685306540675003,0.33675121254089824,1.105983627525911,1.1060848151965283
D2,FINAL_STREAM_END,BEFORE_EVENT,-1,29,878,3347,0.16612602206965346,0.16613045096778867,2.4777260766725786,2.4778546937887476
D2,FINAL_STREAM_END,BEFORE_EVENT,-1,30,905,3802,0.14823616405872383,0.14823930180975559,2.5248709987289164,2.525095077114294
D2,FINAL_STREAM_END,BEFORE_EVENT,-1,31,931,3276,0.03028393795545129,0.030272518594082882,1.762246302442583,1.7625756852479897
D2,FINAL_STREAM_END,BEFORE_EVENT,-1,32,934,3779,0.05273007405302372,0.05269620730376776,0.8777814564893665,0.8778481919876089
D2,FINAL_STREAM_END,BEFORE_EVENT,-1,33,936,3271,0.06999015397584049,0.06998201805017865,0.2579420881370962,0.2579196547779136
D2,FINAL_STREAM_END,BEFORE_EVENT,-1,34,946,3771,0.03235433514051786,0.032434640609056195,0.6342731545952559,0.6345859557019764
D2,FINAL_STREAM_END,BEFORE_EVENT,-1,35,954,3261,0.052144850083342374,0.05214407606997711,0.6660135571179652,0.6660096873836027
D2,FINAL_STREAM_END,BEFORE_EVENT,-1,36,959,3764,0.12561666304258556,0.1256159500447568,0.5752735489708143,0.575277282037805
D2,FINAL_STREAM_END,BEFORE_EVENT,-1,37,973,3248,0.1467708539227545,0.14677229245710396,0.47783948494920725,0.477840751892144
D2,FINAL_STREAM_END,BEFORE_EVENT,-1,38,993,3742,0.1032014266144624,0.10320288783853941,0.45453810444578335,0.4545418126573734
D2,FINAL_STREAM_END,BEFORE_EVENT,-1,39,1002,3218,0.06331239823545641,0.06331256363310962,0.3815729760810079,0.3815702194455911
D2,FINAL_STREAM_END,BEFORE_EVENT,-1,40,1014,3199,0.022812753879162675,0.022812646490927912,0.5206839308255412,0.5206803517224319
D2,FINAL_STREAM_END,BEFORE_EVENT,-1,41,1036,3174,0.042900552021076815,0.04290070022078551,0.28693559374959193,0.2869378400231759
D2,FINAL_STREAM_END,BEFORE_EVENT,-1,42,1037,3686,0.03902495842156728,0.03902434236374894,0.14483813064749604,0.14483046163015753
D2,FINAL_STREAM_END,BEFORE_EVENT,-1,43,1041,3168,0.04500286256615097,0.04499793525420959,0.2129411405310836,0.21301506943659285
D2,FINAL_STREAM_END,BEFORE_EVENT,-1,44,1052,3672,0.019768952335864568,0.019669320085462797,0.2438038116256298,0.2471338877170631
D2,FINAL_STREAM_END,BEFORE_EVENT,-1,45,1067,2481,0.09271882841564785,0.09281359942553752,0.6413012397216996,0.6387221989637599
D2,FINAL_STREAM_END,BEFORE_EVENT,-1,46,1082,2493,0.06384790986768557,0.06384496534207319,0.4159676124764523,0.41594818830601277
D2,FINAL_STREAM_END,BEFORE_EVENT,-1,47,1083,3130,0.06916290395677008,0.0691888788437504,0.28665310950480033,0.287468757746187
D2,FINAL_STREAM_END,BEFORE_EVENT,-1,48,1087,3645,0.013890129765983212,0.013857834009705387,0.09812727771729557,0.10002927830454736
D2,FINAL_STREAM_END,BEFORE_EVENT,-1,49,1090,3124,0.0838381271570069,0.0838386138250954,0.1712976908718746,0.17124223022297821
D2,FINAL_STREAM_END,BEFORE_EVENT,-1,50,1120,2528,0.038416119393901674,0.038414428400868825,0.2459798002740181,0.24553806555974197
D2,FINAL_STREAM_END,BEFORE_EVENT,-1,51,1134,3082,0.0852056281523754,0.08513067142120335,0.5448597406492259,0.5451472010354781
D2,FINAL_STREAM_END,BEFORE_EVENT,-1,52,1144,3073,0.028985309583628945,0.028989199931561023,0.23703226646657463,0.23703088323615865
D2,FINAL_STREAM_END,BEFORE_EVENT,-1,53,1169,3041,0.014583187924912555,0.014543133696734024,0.15235986959857678,0.15240755320869295
D2,FINAL_STREAM_END,BEFORE_EVENT,-1,54,1191,3019,0.015076012984467306,0.015076889493784456,0.07883316402002022,0.07883379375167753
D2,FINAL_STREAM_END,BEFORE_EVENT,-1,55,1308,2933,0.10721991108731653,0.10719594026725524,0.35117657731420593,0.35091338219422896
D2,FINAL_STREAM_END,BEFORE_EVENT,-1,56,1327,2908,0.04147206084980261,0.04147013302647292,0.8309024099731191,0.8309167272881115
D2,FINAL_STREAM_END,BEFORE_EVENT,-1,57,1373,2865,0.026220034212623772,0.02622649655324154,1.099785272562842,1.0998010033419745
D2,FINAL_STREAM_END,BEFORE_EVENT,-1,58,1424,2819,0.11530282962715069,0.11534001069261533,2.1295263359928613,2.129488196626376
D2,FINAL_STREAM_END,BEFORE_EVENT,-1,59,1444,2798,0.053995946688261375,0.053994326764622416,0.8148652411132736,0.8147699650687964
D2,FINAL_STREAM_END,BEFORE_EVENT,-1,60,1489,2755,0.03777893384851714,0.037776687762567006,0.8496387672689723,0.8496360264461724
D2,FINAL_STREAM_END,BEFORE_EVENT,-1,61,1579,2678,0.07554376149014462,0.07554230134961007,0.40072619415315236,0.40075744771461136
D2,FINAL_STREAM_END,BEFORE_EVENT,-1,62,1606,2654,0.04897628244478795,0.048983203973603916,0.9766296726095259,0.9766175631802934
D2,FINAL_STREAM_END,BEFORE_EVENT,-1,63,1619,3494,0.07048564646889074,0.07048506453316868,0.6716484413281446,0.6716454159339993
D2,FINAL_STREAM_END,BEFORE_EVENT,-1,64,1650,3461,0.1130929301779832,0.11309230823046501,0.12311454639079249,0.12309939454552478
D2,FINAL_STREAM_END,BEFORE_EVENT,-1,65,1656,3454,0.3432672622990264,0.34285380677598853,0.20547430903158562,0.20704750029004843
D2,FINAL_STREAM_END,BEFORE_EVENT,-1,66,1661,3451,0.24973722284716923,0.24975669601346878,0.507620043093922,0.5075470432617017
D2,FINAL_STREAM_END,BEFORE_EVENT,-1,67,1694,3417,0.01821980732012285,0.018201577857145403,0.8544477764730402,0.8544670490384081
D2,FINAL_STREAM_END,BEFORE_EVENT,-1,68,1716,3399,0.02034473018411885,0.02032334197893414,0.467599266582166,0.46759459149764704
D2,FINAL_STREAM_END,BEFORE_EVENT,-1,69,1744,3382,0.06952327595275558,0.06952329181581028,0.2358728506038283,0.2358737228005578
D2,FINAL_STREAM_END,BEFORE_EVENT,-1,70,1748,3379,0.07658717737104416,0.07654750509382595,0.35876115206457154,0.3587857494296524
D2,FINAL_STREAM_END,BEFORE_EVENT,-1,71,1763,3365,0.054316390583387796,0.05431578119166016,0.37079701680175886,0.37079697432374625
D2,FINAL_STREAM_END,BEFORE_EVENT,-1,72,1776,3365,0.03113380641377196,0.03113367953729098,0.3552985602790584,0.35530364580459267
D2,FINAL_STREAM_END,BEFORE_EVENT,-1,73,1789,3358,0.06883989922432306,0.06883490866909767,1.2217213945301812,1.2216602028186185
D2,FINAL_STREAM_END,BEFORE_EVENT,-1,74,1806,3863,0.04644887746704755,0.04642207719464187,0.5962038410002153,0.5961469052159276
D2,FINAL_STREAM_END,BEFORE_EVENT,-1,75,1967,4176,0.00605477514525166,0.006055029137106577,0.07279428819759691,0.07279238860952184
D2,FINAL_STREAM_END,AFTER_INSERTION,0,1,283,252,0.0012115769252041102,0.0012126221669449655,0.09512619770660281,0.09511149665985687
D2,FINAL_STREAM_END,AFTER_INSERTION,0,2,378,2930,0.010878945917799152,0.010866357218583556,0.32456243806777196,0.3248036911078637
D2,FINAL_STREAM_END,AFTER_INSERTION,0,3,454,3012,0.010445585624708707,0.01058363628442283,0.25955629860882473,0.25991881438021985
D2,FINAL_STREAM_END,AFTER_INSERTION,0,4,482,3043,0.008251335478538221,0.008482672794823697,0.10487447250467642,0.10460160401742398
D2,FINAL_STREAM_END,AFTER_INSERTION,0,5,512,3072,0.04548783375274218,0.04524863081159568,0.153569761216776,0.15409725403156058
D2,FINAL_STREAM_END,AFTER_INSERTION,0,6,547,3613,0.06054849264960911,0.060547135758724134,0.9026612671214079,0.9026879456699667
D2,FINAL_STREAM_END,AFTER_INSERTION,0,7,575,2550,0.029597161435023563,0.029593915195233397,0.3988770408115051,0.39890487957385823
D2,FINAL_STREAM_END,AFTER_INSERTION,0,8,632,3535,0.10294803549437646,0.10294657221215546,1.0066671006594579,1.0066670620409508
D2,FINAL_STREAM_END,AFTER_INSERTION,0,9,635,2615,0.07099754443796515,0.07099769814935704,0.3530916376659012,0.3531091604723168
D2,FINAL_STREAM_END,AFTER_INSERTION,0,10,638,3529,0.03571575276715183,0.03571328563835719,0.6010448995356928,0.601035767827984
D2,FINAL_STREAM_END,AFTER_INSERTION,0,11,639,2620,0.08020894923341802,0.0802103364627786,0.22241179143821796,0.22238617995424198
D2,FINAL_STREAM_END,AFTER_INSERTION,0,12,643,3525,0.09272108661342635,0.09271890509880966,0.30587554795190924,0.3056805946557015
D2,FINAL_STREAM_END,AFTER_INSERTION,0,13,644,2625,0.028488030797813074,0.02848879019958673,0.2599351104340437,0.25997534737799627
D2,FINAL_STREAM_END,AFTER_INSERTION,0,14,645,3522,0.11799828974682272,0.1179997951029522,1.066307575903936,1.0662324205640503
D2,FINAL_STREAM_END,AFTER_INSERTION,0,15,646,2628,0.0440635080151153,0.0440611049999635,0.21482906987427702,0.21471950191603328
D2,FINAL_STREAM_END,AFTER_INSERTION,0,16,653,3513,0.08027394987796754,0.08031209402046252,1.1707231142445487,1.170831871240592
D2,FINAL_STREAM_END,AFTER_INSERTION,0,17,659,2646,0.21822972721179817,0.21822936746909335,0.6661410335184966,0.6660846903290804
D2,FINAL_STREAM_END,AFTER_INSERTION,0,18,660,3504,0.03266137714729989,0.03266915216614044,0.4936911743528236,0.49367196587817
D2,FINAL_STREAM_END,AFTER_INSERTION,0,19,661,2646,0.18676304182845105,0.18676192401897126,0.7210019112169831,0.721006673278239
D2,FINAL_STREAM_END,AFTER_INSERTION,0,20,664,3500,0.055648892227523165,0.055650124257440224,0.45254322521348667,0.45253975572651306
D2,FINAL_STREAM_END,AFTER_INSERTION,0,21,702,3464,0.015603767518774781,0.015609809364447749,0.0923366405381509,0.0923439830757105
D2,FINAL_STREAM_END,AFTER_INSERTION,0,22,746,3426,0.03353239934181976,0.03373542834513205,0.5255479475220568,0.5281948841189659
D2,FINAL_STREAM_END,AFTER_INSERTION,0,23,762,3413,0.02584469173773041,0.025844870876785633,0.1916835552493812,0.19168544533394113
D2,FINAL_STREAM_END,AFTER_INSERTION,0,24,779,3399,0.011305854880049985,0.011305096526922813,0.3636303359605351,0.3636189323630224
D2,FINAL_STREAM_END,AFTER_INSERTION,0,25,816,3369,0.0330955243643821,0.033055786873930626,0.4933119583476965,0.49328679917809254
D2,FINAL_STREAM_END,AFTER_INSERTION,0,26,827,3360,0.07764583772806193,0.07772249731191834,0.38303984914626643,0.3830574535830778
D2,FINAL_STREAM_END,AFTER_INSERTION,0,27,843,3358,0.0734977787765777,0.07358572588583824,1.1465205045279832,1.1465319744505071
D2,FINAL_STREAM_END,AFTER_INSERTION,0,28,863,3358,0.33685306540675003,0.33675121492733645,1.105983627525911,1.106084809063494
D2,FINAL_STREAM_END,AFTER_INSERTION,0,29,878,3347,0.16612602206965346,0.16613047656543475,2.4777260766725786,2.4778545859416172
D2,FINAL_STREAM_END,AFTER_INSERTION,0,30,905,3802,0.14823616405872383,0.14823930308595204,2.5248709987289164,2.52509511143852
D2,FINAL_STREAM_END,AFTER_INSERTION,0,31,931,3276,0.03028393795545129,0.03027251841617582,1.762246302442583,1.7625756790578593
D2,FINAL_STREAM_END,AFTER_INSERTION,0,32,934,3779,0.05273007405302372,0.05269624735549348,0.8777814564893665,0.877848167621749
D2,FINAL_STREAM_END,AFTER_INSERTION,0,33,936,3271,0.06999015397584049,0.06998202968337935,0.2579420881370962,0.25791965375717013
D2,FINAL_STREAM_END,AFTER_INSERTION,0,34,946,3771,0.03235433514051786,0.03243463902073541,0.6342731545952559,0.6345859495494565
D2,FINAL_STREAM_END,AFTER_INSERTION,0,35,954,3261,0.052144850083342374,0.052144072701143476,0.6660135571179652,0.6660096894704587
D2,FINAL_STREAM_END,AFTER_INSERTION,0,36,959,3764,0.12561666304258556,0.1256159503036392,0.5752735489708143,0.5752772871395213
D2,FINAL_STREAM_END,AFTER_INSERTION,0,37,973,3248,0.1467708539227545,0.14677229240254125,0.47783948494920725,0.477840758247096
D2,FINAL_STREAM_END,AFTER_INSERTION,0,38,993,3742,0.1032014266144624,0.10320288789768964,0.45453810444578335,0.45454181337046623
D2,FINAL_STREAM_END,AFTER_INSERTION,0,39,1002,3218,0.06331239823545641,0.0633125634139531,0.3815729760810079,0.3815702185255971
D2,FINAL_STREAM_END,AFTER_INSERTION,0,40,1014,3199,0.022812753879162675,0.022812646368710224,0.5206839308255412,0.5206803526849966
D2,FINAL_STREAM_END,AFTER_INSERTION,0,41,1036,3174,0.042900552021076815,0.04290070026385595,0.28693559374959193,0.28693783976400833
D2,FINAL_STREAM_END,AFTER_INSERTION,0,42,1037,3686,0.03902495842156728,0.03902434257113843,0.14483813064749604,0.1448304600992048
D2,FINAL_STREAM_END,AFTER_INSERTION,0,43,1041,3168,0.04500286256615097,0.04499793510509625,0.2129411405310836,0.21301506795005223
D2,FINAL_STREAM_END,AFTER_INSERTION,0,44,1052,3672,0.019768952335864568,0.019669320276348053,0.2438038116256298,0.24713388487135526
D2,FINAL_STREAM_END,AFTER_INSERTION,0,45,1067,2481,0.09271882841564785,0.09281359940985845,0.6413012397216996,0.6387222019207384
D2,FINAL_STREAM_END,AFTER_INSERTION,0,46,1082,2493,0.06384790986768557,0.06384496601246199,0.4159676124764523,0.41594818233052444
D2,FINAL_STREAM_END,AFTER_INSERTION,0,47,1083,3130,0.06916290395677008,0.06918887877959987,0.28665310950480033,0.28746875278530415
D2,FINAL_STREAM_END,AFTER_INSERTION,0,48,1087,3645,0.013890129765983212,0.013857834483816295,0.09812727771729557,0.10002927509789064
D2,FINAL_STREAM_END,AFTER_INSERTION,0,49,1090,3124,0.0838381271570069,0.08383861349276098,0.1712976908718746,0.17124223161583593
D2,FINAL_STREAM_END,AFTER_INSERTION,0,50,1120,2528,0.038416119393901674,0.038414428798000055,0.2459798002740181,0.2455380615935271
D2,FINAL_STREAM_END,AFTER_INSERTION,0,51,1134,3082,0.0852056281523754,0.08513067151990568,0.5448597406492259,0.54514720210514
D2,FINAL_STREAM_END,AFTER_INSERTION,0,52,1144,3073,0.028985309583628945,0.02898919996101528,0.23703226646657463,0.23703088444773737
D2,FINAL_STREAM_END,AFTER_INSERTION,0,53,1169,3041,0.014583187924912555,0.014543133574985741,0.15235986959857678,0.15240755278332702
D2,FINAL_STREAM_END,AFTER_INSERTION,0,54,1191,3019,0.015076012984467306,0.0150768896363515,0.07883316402002022,0.07883379361410016
D2,FINAL_STREAM_END,AFTER_INSERTION,0,55,1308,2933,0.10721991108731653,0.10719594018661356,0.35117657731420593,0.35091339169684876
D2,FINAL_STREAM_END,AFTER_INSERTION,0,56,1327,2908,0.04147206084980261,0.04147013268548676,0.8309024099731191,0.8309167264397236
D2,FINAL_STREAM_END,AFTER_INSERTION,0,57,1373,2865,0.026220034212623772,0.026226495645797245,1.099785272562842,1.0998010061144214
D2,FINAL_STREAM_END,AFTER_INSERTION,0,58,1424,2819,0.11530282962715069,0.11534001188710737,2.1295263359928613,2.1294881973825395
D2,FINAL_STREAM_END,AFTER_INSERTION,0,59,1444,2798,0.053995946688261375,0.053994326672264704,0.8148652411132736,0.8147699667010256
D2,FINAL_STREAM_END,AFTER_INSERTION,0,60,1489,2755,0.03777893384851714,0.03777668759981894,0.8496387672689723,0.8496360262913997
D2,FINAL_STREAM_END,AFTER_INSERTION,0,61,1579,2678,0.07554376149014462,0.07554230125511097,0.40072619415315236,0.4007574479716736
D2,FINAL_STREAM_END,AFTER_INSERTION,0,62,1606,2654,0.04897628244478795,0.04898320391701223,0.9766296726095259,0.9766175626355955
D2,FINAL_STREAM_END,AFTER_INSERTION,0,63,1619,3494,0.07048564646889074,0.07048506436179502,0.6716484413281446,0.6716454149824079
D2,FINAL_STREAM_END,AFTER_INSERTION,0,64,1650,3461,0.1130929301779832,0.11309230843553382,0.12311454639079249,0.12309939399928797
D2,FINAL_STREAM_END,AFTER_INSERTION,0,65,1656,3454,0.3432672622990264,0.3428538068554287,0.20547430903158562,0.2070475022656456
D2,FINAL_STREAM_END,AFTER_INSERTION,0,66,1661,3451,0.24973722284716923,0.24975669627548888,0.507620043093922,0.507547042814854
D2,FINAL_STREAM_END,AFTER_INSERTION,0,67,1694,3417,0.01821980732012285,0.01820157745261021,0.8544477764730402,0.8544670504489413
D2,FINAL_STREAM_END,AFTER_INSERTION,0,68,1716,3399,0.02034473018411885,0.02032334188981266,0.467599266582166,0.467594592277719
D2,FINAL_STREAM_END,AFTER_INSERTION,0,69,1744,3382,0.06952327595275558,0.0695232916568718,0.2358728506038283,0.2358737223647386
D2,FINAL_STREAM_END,AFTER_INSERTION,0,70,1748,3379,0.07658717737104416,0.07654750529640895,0.35876115206457154,0.3587857492156007
D2,FINAL_STREAM_END,AFTER_INSERTION,0,71,1763,3365,0.054316390583387796,0.05431578154004268,0.37079701680175886,0.37079697416637175
D2,FINAL_STREAM_END,AFTER_INSERTION,0,72,1776,3365,0.03113380641377196,0.031133679752374882,0.3552985602790584,0.35530364535414727
D2,FINAL_STREAM_END,AFTER_INSERTION,0,73,1789,3358,0.06883989922432306,0.06883491223208461,1.2217213945301812,1.2216601954521868
D2,FINAL_STREAM_END,AFTER_INSERTION,0,74,1806,3863,0.04644887746704755,0.046422079318199395,0.5962038410002153,0.5961468948990658
D2,FINAL_STREAM_END,AFTER_INSERTION,0,75,1967,4176,0.00605477514525166,0.006055029152444675,0.07279428819759691,0.07279238863472079
D2,FINAL_STREAM_END,EXTRA,1,1,283,252,0.0012115769252041102,0.0012126221669449655,0.09512619770660281,0.09511149665985687
D2,FINAL_STREAM_END,EXTRA,1,2,378,2930,0.010878945917799152,0.010866357218583556,0.32456243806777196,0.3248036911078637
D2,FINAL_STREAM_END,EXTRA,1,3,454,3012,0.010445585624708707,0.01058363628442283,0.25955629860882473,0.25991881438021985
D2,FINAL_STREAM_END,EXTRA,1,4,482,3043,0.008251335478538221,0.008482672794823697,0.10487447250467642,0.10460160401742398
D2,FINAL_STREAM_END,EXTRA,1,5,512,3072,0.04548783375274218,0.04524863081159568,0.153569761216776,0.15409725403156058
D2,FINAL_STREAM_END,EXTRA,1,6,547,3613,0.06054849264960911,0.060547135758724134,0.9026612671214079,0.9026879456699667
D2,FINAL_STREAM_END,EXTRA,1,7,575,2550,0.029597161435023563,0.029593915195233397,0.3988770408115051,0.39890487957385823
D2,FINAL_STREAM_END,EXTRA,1,8,632,3535,0.10294803549437646,0.10294657221215546,1.0066671006594579,1.0066670620409508
D2,FINAL_STREAM_END,EXTRA,1,9,635,2615,0.07099754443796515,0.07099769814935704,0.3530916376659012,0.3531091604723168
D2,FINAL_STREAM_END,EXTRA,1,10,638,3529,0.03571575276715183,0.03571328563835719,0.6010448995356928,0.601035767827984
D2,FINAL_STREAM_END,EXTRA,1,11,639,2620,0.08020894923341802,0.0802103364627786,0.22241179143821796,0.22238617995424198
D2,FINAL_STREAM_END,EXTRA,1,12,643,3525,0.09272108661342635,0.09271890509880966,0.30587554795190924,0.3056805946557015
D2,FINAL_STREAM_END,EXTRA,1,13,644,2625,0.028488030797813074,0.02848879019958673,0.2599351104340437,0.25997534737799627
D2,FINAL_STREAM_END,EXTRA,1,14,645,3522,0.11799828974682272,0.1179997951029522,1.066307575903936,1.0662324205640503
D2,FINAL_STREAM_END,EXTRA,1,15,646,2628,0.0440635080151153,0.0440611049999635,0.21482906987427702,0.21471950191603328
D2,FINAL_STREAM_END,EXTRA,1,16,653,3513,0.08027394987796754,0.08031209402046252,1.1707231142445487,1.170831871240592
D2,FINAL_STREAM_END,EXTRA,1,17,659,2646,0.21822972721179817,0.21822936746909335,0.6661410335184966,0.6660846903290804
D2,FINAL_STREAM_END,EXTRA,1,18,660,3504,0.03266137714729989,0.03266915216614044,0.4936911743528236,0.49367196587817
D2,FINAL_STREAM_END,EXTRA,1,19,661,2646,0.18676304182845105,0.18676192401897126,0.7210019112169831,0.721006673278239
D2,FINAL_STREAM_END,EXTRA,1,20,664,3500,0.055648892227523165,0.055650124257440224,0.45254322521348667,0.45253975572651306
D2,FINAL_STREAM_END,EXTRA,1,21,702,3464,0.015603767518774781,0.015609809364447749,0.0923366405381509,0.0923439830757105
D2,FINAL_STREAM_END,EXTRA,1,22,746,3426,0.03353239934181976,0.03373542834513205,0.5255479475220568,0.5281948841189659
D2,FINAL_STREAM_END,EXTRA,1,23,762,3413,0.02584469173773041,0.025844870876785633,0.1916835552493812,0.19168544533394113
D2,FINAL_STREAM_END,EXTRA,1,24,779,3399,0.011305854880049985,0.011305096526922813,0.3636303359605351,0.3636189323630224
D2,FINAL_STREAM_END,EXTRA,1,25,816,3369,0.0330955243643821,0.033055786873930626,0.4933119583476965,0.49328679917809254
D2,FINAL_STREAM_END,EXTRA,1,26,827,3360,0.07764583772806193,0.07772249731191834,0.38303984914626643,0.3830574535830778
D2,FINAL_STREAM_END,EXTRA,1,27,843,3358,0.0734977787765777,0.07358572588583824,1.1465205045279832,1.1465319744505071
D2,FINAL_STREAM_END,EXTRA,1,28,863,3358,0.33685306540675003,0.33675121492733645,1.105983627525911,1.106084809063494
D2,FINAL_STREAM_END,EXTRA,1,29,878,3347,0.16612602206965346,0.16613047656543475,2.4777260766725786,2.4778545859416172
D2,FINAL_STREAM_END,EXTRA,1,30,905,3802,0.14823616405872383,0.14823930308595204,2.5248709987289164,2.52509511143852
D2,FINAL_STREAM_END,EXTRA,1,31,931,3276,0.03028393795545129,0.03027251841617582,1.762246302442583,1.7625756790578593
D2,FINAL_STREAM_END,EXTRA,1,32,934,3779,0.05273007405302372,0.05269624735549348,0.8777814564893665,0.877848167621749
D2,FINAL_STREAM_END,EXTRA,1,33,936,3271,0.06999015397584049,0.06998202968337935,0.2579420881370962,0.25791965375717013
D2,FINAL_STREAM_END,EXTRA,1,34,946,3771,0.03235433514051786,0.03243463902073541,0.6342731545952559,0.6345859495494565
D2,FINAL_STREAM_END,EXTRA,1,35,954,3261,0.052144850083342374,0.052144072701143476,0.6660135571179652,0.6660096894704587
D2,FINAL_STREAM_END,EXTRA,1,36,959,3764,0.12561666304258556,0.1256159503036392,0.5752735489708143,0.5752772871395213
D2,FINAL_STREAM_END,EXTRA,1,37,973,3248,0.1467708539227545,0.14677229240254125,0.47783948494920725,0.477840758247096
D2,FINAL_STREAM_END,EXTRA,1,38,993,3742,0.1032014266144624,0.10320288789768964,0.45453810444578335,0.45454181337046623
D2,FINAL_STREAM_END,EXTRA,1,39,1002,3218,0.06331239823545641,0.0633125634139531,0.3815729760810079,0.3815702185255971
D2,FINAL_STREAM_END,EXTRA,1,40,1014,3199,0.022812753879162675,0.022812646368710224,0.5206839308255412,0.5206803526849966
D2,FINAL_STREAM_END,EXTRA,1,41,1036,3174,0.042900552021076815,0.04290070026385595,0.28693559374959193,0.28693783976400833
D2,FINAL_STREAM_END,EXTRA,1,42,1037,3686,0.03902495842156728,0.03902434257113843,0.14483813064749604,0.1448304600992048
D2,FINAL_STREAM_END,EXTRA,1,43,1041,3168,0.04500286256615097,0.04499793510509625,0.2129411405310836,0.21301506795005223
D2,FINAL_STREAM_END,EXTRA,1,44,1052,3672,0.019768952335864568,0.019669320276348053,0.2438038116256298,0.24713388487135526
D2,FINAL_STREAM_END,EXTRA,1,45,1067,2481,0.09271882841564785,0.09281359940985845,0.6413012397216996,0.6387222019207384
D2,FINAL_STREAM_END,EXTRA,1,46,1082,2493,0.06384790986768557,0.06384496601246199,0.4159676124764523,0.41594818233052444
D2,FINAL_STREAM_END,EXTRA,1,47,1083,3130,0.06916290395677008,0.06918887877959987,0.28665310950480033,0.28746875278530415
D2,FINAL_STREAM_END,EXTRA,1,48,1087,3645,0.013890129765983212,0.013857834483816295,0.09812727771729557,0.10002927509789064
D2,FINAL_STREAM_END,EXTRA,1,49,1090,3124,0.0838381271570069,0.08383861349276098,0.1712976908718746,0.17124223161583593
D2,FINAL_STREAM_END,EXTRA,1,50,1120,2528,0.038416119393901674,0.038414428798000055,0.2459798002740181,0.2455380615935271
D2,FINAL_STREAM_END,EXTRA,1,51,1134,3082,0.0852056281523754,0.08513067151990568,0.5448597406492259,0.54514720210514
D2,FINAL_STREAM_END,EXTRA,1,52,1144,3073,0.028985309583628945,0.02898919996101528,0.23703226646657463,0.23703088444773737
D2,FINAL_STREAM_END,EXTRA,1,53,1169,3041,0.014583187924912555,0.014543133574985741,0.15235986959857678,0.15240755278332702
D2,FINAL_STREAM_END,EXTRA,1,54,1191,3019,0.015076012984467306,0.0150768896363515,0.07883316402002022,0.07883379361410016
D2,FINAL_STREAM_END,EXTRA,1,55,1308,2933,0.10721991108731653,0.10719594018661356,0.35117657731420593,0.35091339169684876
D2,FINAL_STREAM_END,EXTRA,1,56,1327,2908,0.04147206084980261,0.04147013268548676,0.8309024099731191,0.8309167264397236
D2,FINAL_STREAM_END,EXTRA,1,57,1373,2865,0.026220034212623772,0.026226495645797245,1.099785272562842,1.0998010061144214
D2,FINAL_STREAM_END,EXTRA,1,58,1424,2819,0.11530282962715069,0.11534001188710737,2.1295263359928613,2.1294881973825395
D2,FINAL_STREAM_END,EXTRA,1,59,1444,2798,0.053995946688261375,0.053994326672264704,0.8148652411132736,0.8147699667010256
D2,FINAL_STREAM_END,EXTRA,1,60,1489,2755,0.03777893384851714,0.03777668759981894,0.8496387672689723,0.8496360262913997
D2,FINAL_STREAM_END,EXTRA,1,61,1579,2678,0.07554376149014462,0.07554230125511097,0.40072619415315236,0.4007574479716736
D2,FINAL_STREAM_END,EXTRA,1,62,1606,2654,0.04897628244478795,0.04898320391701223,0.9766296726095259,0.9766175626355955
D2,FINAL_STREAM_END,EXTRA,1,63,1619,3494,0.07048564646889074,0.07048506436179502,0.6716484413281446,0.6716454149824079
D2,FINAL_STREAM_END,EXTRA,1,64,1650,3461,0.1130929301779832,0.11309230843553382,0.12311454639079249,0.12309939399928797
D2,FINAL_STREAM_END,EXTRA,1,65,1656,3454,0.3432672622990264,0.3428538068554287,0.20547430903158562,0.2070475022656456
D2,FINAL_STREAM_END,EXTRA,1,66,1661,3451,0.24973722284716923,0.24975669627548888,0.507620043093922,0.507547042814854
D2,FINAL_STREAM_END,EXTRA,1,67,1694,3417,0.01821980732012285,0.01820157745261021,0.8544477764730402,0.8544670504489413
D2,FINAL_STREAM_END,EXTRA,1,68,1716,3399,0.02034473018411885,0.02032334188981266,0.467599266582166,0.467594592277719
D2,FINAL_STREAM_END,EXTRA,1,69,1744,3382,0.06952327595275558,0.0695232916568718,0.2358728506038283,0.2358737223647386
D2,FINAL_STREAM_END,EXTRA,1,70,1748,3379,0.07658717737104416,0.07654750529640895,0.35876115206457154,0.3587857492156007
D2,FINAL_STREAM_END,EXTRA,1,71,1763,3365,0.054316390583387796,0.05431578154004268,0.37079701680175886,0.37079697416637175
D2,FINAL_STREAM_END,EXTRA,1,72,1776,3365,0.03113380641377196,0.031133679752374882,0.3552985602790584,0.35530364535414727
D2,FINAL_STREAM_END,EXTRA,1,73,1789,3358,0.06883989922432306,0.06883491223208461,1.2217213945301812,1.2216601954521868
D2,FINAL_STREAM_END,EXTRA,1,74,1806,3863,0.04644887746704755,0.046422079318199395,0.5962038410002153,0.5961468948990658
D2,FINAL_STREAM_END,EXTRA,1,75,1967,4176,0.00605477514525166,0.006055029152444675,0.07279428819759691,0.07279238863472079
D2,FINAL_STREAM_END,EXTRA,2,1,283,252,0.0012115769252041102,0.0012126221669449655,0.09512619770660281,0.09511149665985687
D2,FINAL_STREAM_END,EXTRA,2,2,378,2930,0.010878945917799152,0.010866357218583556,0.32456243806777196,0.3248036911078637
D2,FINAL_STREAM_END,EXTRA,2,3,454,3012,0.010445585624708707,0.01058363628442283,0.25955629860882473,0.25991881438021985
D2,FINAL_STREAM_END,EXTRA,2,4,482,3043,0.008251335478538221,0.008482672794823697,0.10487447250467642,0.10460160401742398
D2,FINAL_STREAM_END,EXTRA,2,5,512,3072,0.04548783375274218,0.04524863081159568,0.153569761216776,0.15409725403156058
D2,FINAL_STREAM_END,EXTRA,2,6,547,3613,0.06054849264960911,0.060547135758724134,0.9026612671214079,0.9026879456699667
D2,FINAL_STREAM_END,EXTRA,2,7,575,2550,0.029597161435023563,0.029593915195233397,0.3988770408115051,0.39890487957385823
D2,FINAL_STREAM_END,EXTRA,2,8,632,3535,0.10294803549437646,0.10294657221215546,1.0066671006594579,1.0066670620409508
D2,FINAL_STREAM_END,EXTRA,2,9,635,2615,0.07099754443796515,0.07099769814935704,0.3530916376659012,0.3531091604723168
D2,FINAL_STREAM_END,EXTRA,2,10,638,3529,0.03571575276715183,0.03571328563835719,0.6010448995356928,0.601035767827984
D2,FINAL_STREAM_END,EXTRA,2,11,639,2620,0.08020894923341802,0.0802103364627786,0.22241179143821796,0.22238617995424198
D2,FINAL_STREAM_END,EXTRA,2,12,643,3525,0.09272108661342635,0.09271890509880966,0.30587554795190924,0.3056805946557015
D2,FINAL_STREAM_END,EXTRA,2,13,644,2625,0.028488030797813074,0.02848879019958673,0.2599351104340437,0.25997534737799627
D2,FINAL_STREAM_END,EXTRA,2,14,645,3522,0.11799828974682272,0.1179997951029522,1.066307575903936,1.0662324205640503
D2,FINAL_STREAM_END,EXTRA,2,15,646,2628,0.0440635080151153,0.0440611049999635,0.21482906987427702,0.21471950191603328
D2,FINAL_STREAM_END,EXTRA,2,16,653,3513,0.08027394987796754,0.08031209402046252,1.1707231142445487,1.170831871240592
D2,FINAL_STREAM_END,EXTRA,2,17,659,2646,0.21822972721179817,0.21822936746909335,0.6661410335184966,0.6660846903290804
D2,FINAL_STREAM_END,EXTRA,2,18,660,3504,0.03266137714729989,0.03266915216614044,0.4936911743528236,0.49367196587817
D2,FINAL_STREAM_END,EXTRA,2,19,661,2646,0.18676304182845105,0.18676192401897126,0.7210019112169831,0.721006673278239
D2,FINAL_STREAM_END,EXTRA,2,20,664,3500,0.055648892227523165,0.055650124257440224,0.45254322521348667,0.45253975572651306
D2,FINAL_STREAM_END,EXTRA,2,21,702,3464,0.015603767518774781,0.015609809364447749,0.0923366405381509,0.0923439830757105
D2,FINAL_STREAM_END,EXTRA,2,22,746,3426,0.03353239934181976,0.03373542834513205,0.5255479475220568,0.5281948841189659
D2,FINAL_STREAM_END,EXTRA,2,23,762,3413,0.02584469173773041,0.025844870876785633,0.1916835552493812,0.19168544533394113
D2,FINAL_STREAM_END,EXTRA,2,24,779,3399,0.011305854880049985,0.011305096526922813,0.3636303359605351,0.3636189323630224
D2,FINAL_STREAM_END,EXTRA,2,25,816,3369,0.0330955243643821,0.033055786873930626,0.4933119583476965,0.49328679917809254
D2,FINAL_STREAM_END,EXTRA,2,26,827,3360,0.07764583772806193,0.07772249731191834,0.38303984914626643,0.3830574535830778
D2,FINAL_STREAM_END,EXTRA,2,27,843,3358,0.0734977787765777,0.07358572588583824,1.1465205045279832,1.1465319744505071
D2,FINAL_STREAM_END,EXTRA,2,28,863,3358,0.33685306540675003,0.33675121492733645,1.105983627525911,1.106084809063494
D2,FINAL_STREAM_END,EXTRA,2,29,878,3347,0.16612602206965346,0.16613047656543475,2.4777260766725786,2.4778545859416172
D2,FINAL_STREAM_END,EXTRA,2,30,905,3802,0.14823616405872383,0.14823930308595204,2.5248709987289164,2.52509511143852
D2,FINAL_STREAM_END,EXTRA,2,31,931,3276,0.03028393795545129,0.03027251841617582,1.762246302442583,1.7625756790578593
D2,FINAL_STREAM_END,EXTRA,2,32,934,3779,0.05273007405302372,0.05269624735549348,0.8777814564893665,0.877848167621749
D2,FINAL_STREAM_END,EXTRA,2,33,936,3271,0.06999015397584049,0.06998202968337935,0.2579420881370962,0.25791965375717013
D2,FINAL_STREAM_END,EXTRA,2,34,946,3771,0.03235433514051786,0.03243463902073541,0.6342731545952559,0.6345859495494565
D2,FINAL_STREAM_END,EXTRA,2,35,954,3261,0.052144850083342374,0.052144072701143476,0.6660135571179652,0.6660096894704587
D2,FINAL_STREAM_END,EXTRA,2,36,959,3764,0.12561666304258556,0.1256159503036392,0.5752735489708143,0.5752772871395213
D2,FINAL_STREAM_END,EXTRA,2,37,973,3248,0.1467708539227545,0.14677229240254125,0.47783948494920725,0.477840758247096
D2,FINAL_STREAM_END,EXTRA,2,38,993,3742,0.1032014266144624,0.10320288789768964,0.45453810444578335,0.45454181337046623
D2,FINAL_STREAM_END,EXTRA,2,39,1002,3218,0.06331239823545641,0.0633125634139531,0.3815729760810079,0.3815702185255971
D2,FINAL_STREAM_END,EXTRA,2,40,1014,3199,0.022812753879162675,0.022812646368710224,0.5206839308255412,0.5206803526849966
D2,FINAL_STREAM_END,EXTRA,2,41,1036,3174,0.042900552021076815,0.04290070026385595,0.28693559374959193,0.28693783976400833
D2,FINAL_STREAM_END,EXTRA,2,42,1037,3686,0.03902495842156728,0.03902434257113843,0.14483813064749604,0.1448304600992048
D2,FINAL_STREAM_END,EXTRA,2,43,1041,3168,0.04500286256615097,0.04499793510509625,0.2129411405310836,0.21301506795005223
D2,FINAL_STREAM_END,EXTRA,2,44,1052,3672,0.019768952335864568,0.019669320276348053,0.2438038116256298,0.24713388487135526
D2,FINAL_STREAM_END,EXTRA,2,45,1067,2481,0.09271882841564785,0.09281359940985845,0.6413012397216996,0.6387222019207384
D2,FINAL_STREAM_END,EXTRA,2,46,1082,2493,0.06384790986768557,0.06384496601246199,0.4159676124764523,0.41594818233052444
D2,FINAL_STREAM_END,EXTRA,2,47,1083,3130,0.06916290395677008,0.06918887877959987,0.28665310950480033,0.28746875278530415
D2,FINAL_STREAM_END,EXTRA,2,48,1087,3645,0.013890129765983212,0.013857834483816295,0.09812727771729557,0.10002927509789064
D2,FINAL_STREAM_END,EXTRA,2,49,1090,3124,0.0838381271570069,0.08383861349276098,0.1712976908718746,0.17124223161583593
D2,FINAL_STREAM_END,EXTRA,2,50,1120,2528,0.038416119393901674,0.038414428798000055,0.2459798002740181,0.2455380615935271
D2,FINAL_STREAM_END,EXTRA,2,51,1134,3082,0.0852056281523754,0.08513067151990568,0.5448597406492259,0.54514720210514
D2,FINAL_STREAM_END,EXTRA,2,52,1144,3073,0.028985309583628945,0.02898919996101528,0.23703226646657463,0.23703088444773737
D2,FINAL_STREAM_END,EXTRA,2,53,1169,3041,0.014583187924912555,0.014543133574985741,0.15235986959857678,0.15240755278332702
D2,FINAL_STREAM_END,EXTRA,2,54,1191,3019,0.015076012984467306,0.0150768896363515,0.07883316402002022,0.07883379361410016
D2,FINAL_STREAM_END,EXTRA,2,55,1308,2933,0.10721991108731653,0.10719594018661356,0.35117657731420593,0.35091339169684876
D2,FINAL_STREAM_END,EXTRA,2,56,1327,2908,0.04147206084980261,0.04147013268548676,0.8309024099731191,0.8309167264397236
D2,FINAL_STREAM_END,EXTRA,2,57,1373,2865,0.026220034212623772,0.026226495645797245,1.099785272562842,1.0998010061144214
D2,FINAL_STREAM_END,EXTRA,2,58,1424,2819,0.11530282962715069,0.11534001188710737,2.1295263359928613,2.1294881973825395
D2,FINAL_STREAM_END,EXTRA,2,59,1444,2798,0.053995946688261375,0.053994326672264704,0.8148652411132736,0.8147699667010256
D2,FINAL_STREAM_END,EXTRA,2,60,1489,2755,0.03777893384851714,0.03777668759981894,0.8496387672689723,0.8496360262913997
D2,FINAL_STREAM_END,EXTRA,2,61,1579,2678,0.07554376149014462,0.07554230125511097,0.40072619415315236,0.4007574479716736
D2,FINAL_STREAM_END,EXTRA,2,62,1606,2654,0.04897628244478795,0.04898320391701223,0.9766296726095259,0.9766175626355955
D2,FINAL_STREAM_END,EXTRA,2,63,1619,3494,0.07048564646889074,0.07048506436179502,0.6716484413281446,0.6716454149824079
D2,FINAL_STREAM_END,EXTRA,2,64,1650,3461,0.1130929301779832,0.11309230843553382,0.12311454639079249,0.12309939399928797
D2,FINAL_STREAM_END,EXTRA,2,65,1656,3454,0.3432672622990264,0.3428538068554287,0.20547430903158562,0.2070475022656456
D2,FINAL_STREAM_END,EXTRA,2,66,1661,3451,0.24973722284716923,0.24975669627548888,0.507620043093922,0.507547042814854
D2,FINAL_STREAM_END,EXTRA,2,67,1694,3417,0.01821980732012285,0.01820157745261021,0.8544477764730402,0.8544670504489413
D2,FINAL_STREAM_END,EXTRA,2,68,1716,3399,0.02034473018411885,0.02032334188981266,0.467599266582166,0.467594592277719
D2,FINAL_STREAM_END,EXTRA,2,69,1744,3382,0.06952327595275558,0.0695232916568718,0.2358728506038283,0.2358737223647386
D2,FINAL_STREAM_END,EXTRA,2,70,1748,3379,0.07658717737104416,0.07654750529640895,0.35876115206457154,0.3587857492156007
D2,FINAL_STREAM_END,EXTRA,2,71,1763,3365,0.054316390583387796,0.05431578154004268,0.37079701680175886,0.37079697416637175
D2,FINAL_STREAM_END,EXTRA,2,72,1776,3365,0.03113380641377196,0.031133679752374882,0.3552985602790584,0.35530364535414727
D2,FINAL_STREAM_END,EXTRA,2,73,1789,3358,0.06883989922432306,0.06883491223208461,1.2217213945301812,1.2216601954521868
D2,FINAL_STREAM_END,EXTRA,2,74,1806,3863,0.04644887746704755,0.046422079318199395,0.5962038410002153,0.5961468948990658
D2,FINAL_STREAM_END,EXTRA,2,75,1967,4176,0.00605477514525166,0.006055029152444675,0.07279428819759691,0.07279238863472079
D2,FINAL_STREAM_END,EXTRA,3,1,283,252,0.0012115769252041102,0.0012126221669449655,0.09512619770660281,0.09511149665985687
D2,FINAL_STREAM_END,EXTRA,3,2,378,2930,0.010878945917799152,0.010866357218583556,0.32456243806777196,0.3248036911078637
D2,FINAL_STREAM_END,EXTRA,3,3,454,3012,0.010445585624708707,0.01058363628442283,0.25955629860882473,0.25991881438021985
D2,FINAL_STREAM_END,EXTRA,3,4,482,3043,0.008251335478538221,0.008482672794823697,0.10487447250467642,0.10460160401742398
D2,FINAL_STREAM_END,EXTRA,3,5,512,3072,0.04548783375274218,0.04524863081159568,0.153569761216776,0.15409725403156058
D2,FINAL_STREAM_END,EXTRA,3,6,547,3613,0.06054849264960911,0.060547135758724134,0.9026612671214079,0.9026879456699667
D2,FINAL_STREAM_END,EXTRA,3,7,575,2550,0.029597161435023563,0.029593915195233397,0.3988770408115051,0.39890487957385823
D2,FINAL_STREAM_END,EXTRA,3,8,632,3535,0.10294803549437646,0.10294657221215546,1.0066671006594579,1.0066670620409508
D2,FINAL_STREAM_END,EXTRA,3,9,635,2615,0.07099754443796515,0.07099769814935704,0.3530916376659012,0.3531091604723168
D2,FINAL_STREAM_END,EXTRA,3,10,638,3529,0.03571575276715183,0.03571328563835719,0.6010448995356928,0.601035767827984
D2,FINAL_STREAM_END,EXTRA,3,11,639,2620,0.08020894923341802,0.0802103364627786,0.22241179143821796,0.22238617995424198
D2,FINAL_STREAM_END,EXTRA,3,12,643,3525,0.09272108661342635,0.09271890509880966,0.30587554795190924,0.3056805946557015
D2,FINAL_STREAM_END,EXTRA,3,13,644,2625,0.028488030797813074,0.02848879019958673,0.2599351104340437,0.25997534737799627
D2,FINAL_STREAM_END,EXTRA,3,14,645,3522,0.11799828974682272,0.1179997951029522,1.066307575903936,1.0662324205640503
D2,FINAL_STREAM_END,EXTRA,3,15,646,2628,0.0440635080151153,0.0440611049999635,0.21482906987427702,0.21471950191603328
D2,FINAL_STREAM_END,EXTRA,3,16,653,3513,0.08027394987796754,0.08031209402046252,1.1707231142445487,1.170831871240592
D2,FINAL_STREAM_END,EXTRA,3,17,659,2646,0.21822972721179817,0.21822936746909335,0.6661410335184966,0.6660846903290804
D2,FINAL_STREAM_END,EXTRA,3,18,660,3504,0.03266137714729989,0.03266915216614044,0.4936911743528236,0.49367196587817
D2,FINAL_STREAM_END,EXTRA,3,19,661,2646,0.18676304182845105,0.18676192401897126,0.7210019112169831,0.721006673278239
D2,FINAL_STREAM_END,EXTRA,3,20,664,3500,0.055648892227523165,0.055650124257440224,0.45254322521348667,0.45253975572651306
D2,FINAL_STREAM_END,EXTRA,3,21,702,3464,0.015603767518774781,0.015609809364447749,0.0923366405381509,0.0923439830757105
D2,FINAL_STREAM_END,EXTRA,3,22,746,3426,0.03353239934181976,0.03373542834513205,0.5255479475220568,0.5281948841189659
D2,FINAL_STREAM_END,EXTRA,3,23,762,3413,0.02584469173773041,0.025844870876785633,0.1916835552493812,0.19168544533394113
D2,FINAL_STREAM_END,EXTRA,3,24,779,3399,0.011305854880049985,0.011305096526922813,0.3636303359605351,0.3636189323630224
D2,FINAL_STREAM_END,EXTRA,3,25,816,3369,0.0330955243643821,0.033055786873930626,0.4933119583476965,0.49328679917809254
D2,FINAL_STREAM_END,EXTRA,3,26,827,3360,0.07764583772806193,0.07772249731191834,0.38303984914626643,0.3830574535830778
D2,FINAL_STREAM_END,EXTRA,3,27,843,3358,0.0734977787765777,0.07358572588583824,1.1465205045279832,1.1465319744505071
D2,FINAL_STREAM_END,EXTRA,3,28,863,3358,0.33685306540675003,0.33675121492733645,1.105983627525911,1.106084809063494
D2,FINAL_STREAM_END,EXTRA,3,29,878,3347,0.16612602206965346,0.16613047656543475,2.4777260766725786,2.4778545859416172
D2,FINAL_STREAM_END,EXTRA,3,30,905,3802,0.14823616405872383,0.14823930308595204,2.5248709987289164,2.52509511143852
D2,FINAL_STREAM_END,EXTRA,3,31,931,3276,0.03028393795545129,0.03027251841617582,1.762246302442583,1.7625756790578593
D2,FINAL_STREAM_END,EXTRA,3,32,934,3779,0.05273007405302372,0.05269624735549348,0.8777814564893665,0.877848167621749
D2,FINAL_STREAM_END,EXTRA,3,33,936,3271,0.06999015397584049,0.06998202968337935,0.2579420881370962,0.25791965375717013
D2,FINAL_STREAM_END,EXTRA,3,34,946,3771,0.03235433514051786,0.03243463902073541,0.6342731545952559,0.6345859495494565
D2,FINAL_STREAM_END,EXTRA,3,35,954,3261,0.052144850083342374,0.052144072701143476,0.6660135571179652,0.6660096894704587
D2,FINAL_STREAM_END,EXTRA,3,36,959,3764,0.12561666304258556,0.1256159503036392,0.5752735489708143,0.5752772871395213
D2,FINAL_STREAM_END,EXTRA,3,37,973,3248,0.1467708539227545,0.14677229240254125,0.47783948494920725,0.477840758247096
D2,FINAL_STREAM_END,EXTRA,3,38,993,3742,0.1032014266144624,0.10320288789768964,0.45453810444578335,0.45454181337046623
D2,FINAL_STREAM_END,EXTRA,3,39,1002,3218,0.06331239823545641,0.0633125634139531,0.3815729760810079,0.3815702185255971
D2,FINAL_STREAM_END,EXTRA,3,40,1014,3199,0.022812753879162675,0.022812646368710224,0.5206839308255412,0.5206803526849966
D2,FINAL_STREAM_END,EXTRA,3,41,1036,3174,0.042900552021076815,0.04290070026385595,0.28693559374959193,0.28693783976400833
D2,FINAL_STREAM_END,EXTRA,3,42,1037,3686,0.03902495842156728,0.03902434257113843,0.14483813064749604,0.1448304600992048
D2,FINAL_STREAM_END,EXTRA,3,43,1041,3168,0.04500286256615097,0.04499793510509625,0.2129411405310836,0.21301506795005223
D2,FINAL_STREAM_END,EXTRA,3,44,1052,3672,0.019768952335864568,0.019669320276348053,0.2438038116256298,0.24713388487135526
D2,FINAL_STREAM_END,EXTRA,3,45,1067,2481,0.09271882841564785,0.09281359940985845,0.6413012397216996,0.6387222019207384
D2,FINAL_STREAM_END,EXTRA,3,46,1082,2493,0.06384790986768557,0.06384496601246199,0.4159676124764523,0.41594818233052444
D2,FINAL_STREAM_END,EXTRA,3,47,1083,3130,0.06916290395677008,0.06918887877959987,0.28665310950480033,0.28746875278530415
D2,FINAL_STREAM_END,EXTRA,3,48,1087,3645,0.013890129765983212,0.013857834483816295,0.09812727771729557,0.10002927509789064
D2,FINAL_STREAM_END,EXTRA,3,49,1090,3124,0.0838381271570069,0.08383861349276098,0.1712976908718746,0.17124223161583593
D2,FINAL_STREAM_END,EXTRA,3,50,1120,2528,0.038416119393901674,0.038414428798000055,0.2459798002740181,0.2455380615935271
D2,FINAL_STREAM_END,EXTRA,3,51,1134,3082,0.0852056281523754,0.08513067151990568,0.5448597406492259,0.54514720210514
D2,FINAL_STREAM_END,EXTRA,3,52,1144,3073,0.028985309583628945,0.02898919996101528,0.23703226646657463,0.23703088444773737
D2,FINAL_STREAM_END,EXTRA,3,53,1169,3041,0.014583187924912555,0.014543133574985741,0.15235986959857678,0.15240755278332702
D2,FINAL_STREAM_END,EXTRA,3,54,1191,3019,0.015076012984467306,0.0150768896363515,0.07883316402002022,0.07883379361410016
D2,FINAL_STREAM_END,EXTRA,3,55,1308,2933,0.10721991108731653,0.10719594018661356,0.35117657731420593,0.35091339169684876
D2,FINAL_STREAM_END,EXTRA,3,56,1327,2908,0.04147206084980261,0.04147013268548676,0.8309024099731191,0.8309167264397236
D2,FINAL_STREAM_END,EXTRA,3,57,1373,2865,0.026220034212623772,0.026226495645797245,1.099785272562842,1.0998010061144214
D2,FINAL_STREAM_END,EXTRA,3,58,1424,2819,0.11530282962715069,0.11534001188710737,2.1295263359928613,2.1294881973825395
D2,FINAL_STREAM_END,EXTRA,3,59,1444,2798,0.053995946688261375,0.053994326672264704,0.8148652411132736,0.8147699667010256
D2,FINAL_STREAM_END,EXTRA,3,60,1489,2755,0.03777893384851714,0.03777668759981894,0.8496387672689723,0.8496360262913997
D2,FINAL_STREAM_END,EXTRA,3,61,1579,2678,0.07554376149014462,0.07554230125511097,0.40072619415315236,0.4007574479716736
D2,FINAL_STREAM_END,EXTRA,3,62,1606,2654,0.04897628244478795,0.04898320391701223,0.9766296726095259,0.9766175626355955
D2,FINAL_STREAM_END,EXTRA,3,63,1619,3494,0.07048564646889074,0.07048506436179502,0.6716484413281446,0.6716454149824079
D2,FINAL_STREAM_END,EXTRA,3,64,1650,3461,0.1130929301779832,0.11309230843553382,0.12311454639079249,0.12309939399928797
D2,FINAL_STREAM_END,EXTRA,3,65,1656,3454,0.3432672622990264,0.3428538068554287,0.20547430903158562,0.2070475022656456
D2,FINAL_STREAM_END,EXTRA,3,66,1661,3451,0.24973722284716923,0.24975669627548888,0.507620043093922,0.507547042814854
D2,FINAL_STREAM_END,EXTRA,3,67,1694,3417,0.01821980732012285,0.01820157745261021,0.8544477764730402,0.8544670504489413
D2,FINAL_STREAM_END,EXTRA,3,68,1716,3399,0.02034473018411885,0.02032334188981266,0.467599266582166,0.467594592277719
D2,FINAL_STREAM_END,EXTRA,3,69,1744,3382,0.06952327595275558,0.0695232916568718,0.2358728506038283,0.2358737223647386
D2,FINAL_STREAM_END,EXTRA,3,70,1748,3379,0.07658717737104416,0.07654750529640895,0.35876115206457154,0.3587857492156007
D2,FINAL_STREAM_END,EXTRA,3,71,1763,3365,0.054316390583387796,0.05431578154004268,0.37079701680175886,0.37079697416637175
D2,FINAL_STREAM_END,EXTRA,3,72,1776,3365,0.03113380641377196,0.031133679752374882,0.3552985602790584,0.35530364535414727
D2,FINAL_STREAM_END,EXTRA,3,73,1789,3358,0.06883989922432306,0.06883491223208461,1.2217213945301812,1.2216601954521868
D2,FINAL_STREAM_END,EXTRA,3,74,1806,3863,0.04644887746704755,0.046422079318199395,0.5962038410002153,0.5961468948990658
D2,FINAL_STREAM_END,EXTRA,3,75,1967,4176,0.00605477514525166,0.006055029152444675,0.07279428819759691,0.07279238863472079
D2,FINAL_STREAM_END,EXTRA,4,1,283,252,0.0012115769252041102,0.0012126221669449655,0.09512619770660281,0.09511149665985687
D2,FINAL_STREAM_END,EXTRA,4,2,378,2930,0.010878945917799152,0.010866357218583556,0.32456243806777196,0.3248036911078637
D2,FINAL_STREAM_END,EXTRA,4,3,454,3012,0.010445585624708707,0.01058363628442283,0.25955629860882473,0.25991881438021985
D2,FINAL_STREAM_END,EXTRA,4,4,482,3043,0.008251335478538221,0.008482672794823697,0.10487447250467642,0.10460160401742398
D2,FINAL_STREAM_END,EXTRA,4,5,512,3072,0.04548783375274218,0.04524863081159568,0.153569761216776,0.15409725403156058
D2,FINAL_STREAM_END,EXTRA,4,6,547,3613,0.06054849264960911,0.060547135758724134,0.9026612671214079,0.9026879456699667
D2,FINAL_STREAM_END,EXTRA,4,7,575,2550,0.029597161435023563,0.029593915195233397,0.3988770408115051,0.39890487957385823
D2,FINAL_STREAM_END,EXTRA,4,8,632,3535,0.10294803549437646,0.10294657221215546,1.0066671006594579,1.0066670620409508
D2,FINAL_STREAM_END,EXTRA,4,9,635,2615,0.07099754443796515,0.07099769814935704,0.3530916376659012,0.3531091604723168
D2,FINAL_STREAM_END,EXTRA,4,10,638,3529,0.03571575276715183,0.03571328563835719,0.6010448995356928,0.601035767827984
D2,FINAL_STREAM_END,EXTRA,4,11,639,2620,0.08020894923341802,0.0802103364627786,0.22241179143821796,0.22238617995424198
D2,FINAL_STREAM_END,EXTRA,4,12,643,3525,0.09272108661342635,0.09271890509880966,0.30587554795190924,0.3056805946557015
D2,FINAL_STREAM_END,EXTRA,4,13,644,2625,0.028488030797813074,0.02848879019958673,0.2599351104340437,0.25997534737799627
D2,FINAL_STREAM_END,EXTRA,4,14,645,3522,0.11799828974682272,0.1179997951029522,1.066307575903936,1.0662324205640503
D2,FINAL_STREAM_END,EXTRA,4,15,646,2628,0.0440635080151153,0.0440611049999635,0.21482906987427702,0.21471950191603328
D2,FINAL_STREAM_END,EXTRA,4,16,653,3513,0.08027394987796754,0.08031209402046252,1.1707231142445487,1.170831871240592
D2,FINAL_STREAM_END,EXTRA,4,17,659,2646,0.21822972721179817,0.21822936746909335,0.6661410335184966,0.6660846903290804
D2,FINAL_STREAM_END,EXTRA,4,18,660,3504,0.03266137714729989,0.03266915216614044,0.4936911743528236,0.49367196587817
D2,FINAL_STREAM_END,EXTRA,4,19,661,2646,0.18676304182845105,0.18676192401897126,0.7210019112169831,0.721006673278239
D2,FINAL_STREAM_END,EXTRA,4,20,664,3500,0.055648892227523165,0.055650124257440224,0.45254322521348667,0.45253975572651306
D2,FINAL_STREAM_END,EXTRA,4,21,702,3464,0.015603767518774781,0.015609809364447749,0.0923366405381509,0.0923439830757105
D2,FINAL_STREAM_END,EXTRA,4,22,746,3426,0.03353239934181976,0.03373542834513205,0.5255479475220568,0.5281948841189659
D2,FINAL_STREAM_END,EXTRA,4,23,762,3413,0.02584469173773041,0.025844870876785633,0.1916835552493812,0.19168544533394113
D2,FINAL_STREAM_END,EXTRA,4,24,779,3399,0.011305854880049985,0.011305096526922813,0.3636303359605351,0.3636189323630224
D2,FINAL_STREAM_END,EXTRA,4,25,816,3369,0.0330955243643821,0.033055786873930626,0.4933119583476965,0.49328679917809254
D2,FINAL_STREAM_END,EXTRA,4,26,827,3360,0.07764583772806193,0.07772249731191834,0.38303984914626643,0.3830574535830778
D2,FINAL_STREAM_END,EXTRA,4,27,843,3358,0.0734977787765777,0.07358572588583824,1.1465205045279832,1.1465319744505071
D2,FINAL_STREAM_END,EXTRA,4,28,863,3358,0.33685306540675003,0.33675121492733645,1.105983627525911,1.106084809063494
D2,FINAL_STREAM_END,EXTRA,4,29,878,3347,0.16612602206965346,0.16613047656543475,2.4777260766725786,2.4778545859416172
D2,FINAL_STREAM_END,EXTRA,4,30,905,3802,0.14823616405872383,0.14823930308595204,2.5248709987289164,2.52509511143852
D2,FINAL_STREAM_END,EXTRA,4,31,931,3276,0.03028393795545129,0.03027251841617582,1.762246302442583,1.7625756790578593
D2,FINAL_STREAM_END,EXTRA,4,32,934,3779,0.05273007405302372,0.05269624735549348,0.8777814564893665,0.877848167621749
D2,FINAL_STREAM_END,EXTRA,4,33,936,3271,0.06999015397584049,0.06998202968337935,0.2579420881370962,0.25791965375717013
D2,FINAL_STREAM_END,EXTRA,4,34,946,3771,0.03235433514051786,0.03243463902073541,0.6342731545952559,0.6345859495494565
D2,FINAL_STREAM_END,EXTRA,4,35,954,3261,0.052144850083342374,0.052144072701143476,0.6660135571179652,0.6660096894704587
D2,FINAL_STREAM_END,EXTRA,4,36,959,3764,0.12561666304258556,0.1256159503036392,0.5752735489708143,0.5752772871395213
D2,FINAL_STREAM_END,EXTRA,4,37,973,3248,0.1467708539227545,0.14677229240254125,0.47783948494920725,0.477840758247096
D2,FINAL_STREAM_END,EXTRA,4,38,993,3742,0.1032014266144624,0.10320288789768964,0.45453810444578335,0.45454181337046623
D2,FINAL_STREAM_END,EXTRA,4,39,1002,3218,0.06331239823545641,0.0633125634139531,0.3815729760810079,0.3815702185255971
D2,FINAL_STREAM_END,EXTRA,4,40,1014,3199,0.022812753879162675,0.022812646368710224,0.5206839308255412,0.5206803526849966
D2,FINAL_STREAM_END,EXTRA,4,41,1036,3174,0.042900552021076815,0.04290070026385595,0.28693559374959193,0.28693783976400833
D2,FINAL_STREAM_END,EXTRA,4,42,1037,3686,0.03902495842156728,0.03902434257113843,0.14483813064749604,0.1448304600992048
D2,FINAL_STREAM_END,EXTRA,4,43,1041,3168,0.04500286256615097,0.04499793510509625,0.2129411405310836,0.21301506795005223
D2,FINAL_STREAM_END,EXTRA,4,44,1052,3672,0.019768952335864568,0.019669320276348053,0.2438038116256298,0.24713388487135526
D2,FINAL_STREAM_END,EXTRA,4,45,1067,2481,0.09271882841564785,0.09281359940985845,0.6413012397216996,0.6387222019207384
D2,FINAL_STREAM_END,EXTRA,4,46,1082,2493,0.06384790986768557,0.06384496601246199,0.4159676124764523,0.41594818233052444
D2,FINAL_STREAM_END,EXTRA,4,47,1083,3130,0.06916290395677008,0.06918887877959987,0.28665310950480033,0.28746875278530415
D2,FINAL_STREAM_END,EXTRA,4,48,1087,3645,0.013890129765983212,0.013857834483816295,0.09812727771729557,0.10002927509789064
D2,FINAL_STREAM_END,EXTRA,4,49,1090,3124,0.0838381271570069,0.08383861349276098,0.1712976908718746,0.17124223161583593
D2,FINAL_STREAM_END,EXTRA,4,50,1120,2528,0.038416119393901674,0.038414428798000055,0.2459798002740181,0.2455380615935271
D2,FINAL_STREAM_END,EXTRA,4,51,1134,3082,0.0852056281523754,0.08513067151990568,0.5448597406492259,0.54514720210514
D2,FINAL_STREAM_END,EXTRA,4,52,1144,3073,0.028985309583628945,0.02898919996101528,0.23703226646657463,0.23703088444773737
D2,FINAL_STREAM_END,EXTRA,4,53,1169,3041,0.014583187924912555,0.014543133574985741,0.15235986959857678,0.15240755278332702
D2,FINAL_STREAM_END,EXTRA,4,54,1191,3019,0.015076012984467306,0.0150768896363515,0.07883316402002022,0.07883379361410016
D2,FINAL_STREAM_END,EXTRA,4,55,1308,2933,0.10721991108731653,0.10719594018661356,0.35117657731420593,0.35091339169684876
D2,FINAL_STREAM_END,EXTRA,4,56,1327,2908,0.04147206084980261,0.04147013268548676,0.8309024099731191,0.8309167264397236
D2,FINAL_STREAM_END,EXTRA,4,57,1373,2865,0.026220034212623772,0.026226495645797245,1.099785272562842,1.0998010061144214
D2,FINAL_STREAM_END,EXTRA,4,58,1424,2819,0.11530282962715069,0.11534001188710737,2.1295263359928613,2.1294881973825395
D2,FINAL_STREAM_END,EXTRA,4,59,1444,2798,0.053995946688261375,0.053994326672264704,0.8148652411132736,0.8147699667010256
D2,FINAL_STREAM_END,EXTRA,4,60,1489,2755,0.03777893384851714,0.03777668759981894,0.8496387672689723,0.8496360262913997
D2,FINAL_STREAM_END,EXTRA,4,61,1579,2678,0.07554376149014462,0.07554230125511097,0.40072619415315236,0.4007574479716736
D2,FINAL_STREAM_END,EXTRA,4,62,1606,2654,0.04897628244478795,0.04898320391701223,0.9766296726095259,0.9766175626355955
D2,FINAL_STREAM_END,EXTRA,4,63,1619,3494,0.07048564646889074,0.07048506436179502,0.6716484413281446,0.6716454149824079
D2,FINAL_STREAM_END,EXTRA,4,64,1650,3461,0.1130929301779832,0.11309230843553382,0.12311454639079249,0.12309939399928797
D2,FINAL_STREAM_END,EXTRA,4,65,1656,3454,0.3432672622990264,0.3428538068554287,0.20547430903158562,0.2070475022656456
D2,FINAL_STREAM_END,EXTRA,4,66,1661,3451,0.24973722284716923,0.24975669627548888,0.507620043093922,0.507547042814854
D2,FINAL_STREAM_END,EXTRA,4,67,1694,3417,0.01821980732012285,0.01820157745261021,0.8544477764730402,0.8544670504489413
D2,FINAL_STREAM_END,EXTRA,4,68,1716,3399,0.02034473018411885,0.02032334188981266,0.467599266582166,0.467594592277719
D2,FINAL_STREAM_END,EXTRA,4,69,1744,3382,0.06952327595275558,0.0695232916568718,0.2358728506038283,0.2358737223647386
D2,FINAL_STREAM_END,EXTRA,4,70,1748,3379,0.07658717737104416,0.07654750529640895,0.35876115206457154,0.3587857492156007
D2,FINAL_STREAM_END,EXTRA,4,71,1763,3365,0.054316390583387796,0.05431578154004268,0.37079701680175886,0.37079697416637175
D2,FINAL_STREAM_END,EXTRA,4,72,1776,3365,0.03113380641377196,0.031133679752374882,0.3552985602790584,0.35530364535414727
D2,FINAL_STREAM_END,EXTRA,4,73,1789,3358,0.06883989922432306,0.06883491223208461,1.2217213945301812,1.2216601954521868
D2,FINAL_STREAM_END,EXTRA,4,74,1806,3863,0.04644887746704755,0.046422079318199395,0.5962038410002153,0.5961468948990658
D2,FINAL_STREAM_END,EXTRA,4,75,1967,4176,0.00605477514525166,0.006055029152444675,0.07279428819759691,0.07279238863472079
D2,FINAL_STREAM_END,EXTRA,5,1,283,252,0.0012115769252041102,0.0012126221669449655,0.09512619770660281,0.09511149665985687
D2,FINAL_STREAM_END,EXTRA,5,2,378,2930,0.010878945917799152,0.010866357218583556,0.32456243806777196,0.3248036911078637
D2,FINAL_STREAM_END,EXTRA,5,3,454,3012,0.010445585624708707,0.01058363628442283,0.25955629860882473,0.25991881438021985
D2,FINAL_STREAM_END,EXTRA,5,4,482,3043,0.008251335478538221,0.008482672794823697,0.10487447250467642,0.10460160401742398
D2,FINAL_STREAM_END,EXTRA,5,5,512,3072,0.04548783375274218,0.04524863081159568,0.153569761216776,0.15409725403156058
D2,FINAL_STREAM_END,EXTRA,5,6,547,3613,0.06054849264960911,0.060547135758724134,0.9026612671214079,0.9026879456699667
D2,FINAL_STREAM_END,EXTRA,5,7,575,2550,0.029597161435023563,0.029593915195233397,0.3988770408115051,0.39890487957385823
D2,FINAL_STREAM_END,EXTRA,5,8,632,3535,0.10294803549437646,0.10294657221215546,1.0066671006594579,1.0066670620409508
D2,FINAL_STREAM_END,EXTRA,5,9,635,2615,0.07099754443796515,0.07099769814935704,0.3530916376659012,0.3531091604723168
D2,FINAL_STREAM_END,EXTRA,5,10,638,3529,0.03571575276715183,0.03571328563835719,0.6010448995356928,0.601035767827984
D2,FINAL_STREAM_END,EXTRA,5,11,639,2620,0.08020894923341802,0.0802103364627786,0.22241179143821796,0.22238617995424198
D2,FINAL_STREAM_END,EXTRA,5,12,643,3525,0.09272108661342635,0.09271890509880966,0.30587554795190924,0.3056805946557015
D2,FINAL_STREAM_END,EXTRA,5,13,644,2625,0.028488030797813074,0.02848879019958673,0.2599351104340437,0.25997534737799627
D2,FINAL_STREAM_END,EXTRA,5,14,645,3522,0.11799828974682272,0.1179997951029522,1.066307575903936,1.0662324205640503
D2,FINAL_STREAM_END,EXTRA,5,15,646,2628,0.0440635080151153,0.0440611049999635,0.21482906987427702,0.21471950191603328
D2,FINAL_STREAM_END,EXTRA,5,16,653,3513,0.08027394987796754,0.08031209402046252,1.1707231142445487,1.170831871240592
D2,FINAL_STREAM_END,EXTRA,5,17,659,2646,0.21822972721179817,0.21822936746909335,0.6661410335184966,0.6660846903290804
D2,FINAL_STREAM_END,EXTRA,5,18,660,3504,0.03266137714729989,0.03266915216614044,0.4936911743528236,0.49367196587817
D2,FINAL_STREAM_END,EXTRA,5,19,661,2646,0.18676304182845105,0.18676192401897126,0.7210019112169831,0.721006673278239
D2,FINAL_STREAM_END,EXTRA,5,20,664,3500,0.055648892227523165,0.055650124257440224,0.45254322521348667,0.45253975572651306
D2,FINAL_STREAM_END,EXTRA,5,21,702,3464,0.015603767518774781,0.015609809364447749,0.0923366405381509,0.0923439830757105
D2,FINAL_STREAM_END,EXTRA,5,22,746,3426,0.03353239934181976,0.03373542834513205,0.5255479475220568,0.5281948841189659
D2,FINAL_STREAM_END,EXTRA,5,23,762,3413,0.02584469173773041,0.025844870876785633,0.1916835552493812,0.19168544533394113
D2,FINAL_STREAM_END,EXTRA,5,24,779,3399,0.011305854880049985,0.011305096526922813,0.3636303359605351,0.3636189323630224
D2,FINAL_STREAM_END,EXTRA,5,25,816,3369,0.0330955243643821,0.033055786873930626,0.4933119583476965,0.49328679917809254
D2,FINAL_STREAM_END,EXTRA,5,26,827,3360,0.07764583772806193,0.07772249731191834,0.38303984914626643,0.3830574535830778
D2,FINAL_STREAM_END,EXTRA,5,27,843,3358,0.0734977787765777,0.07358572588583824,1.1465205045279832,1.1465319744505071
D2,FINAL_STREAM_END,EXTRA,5,28,863,3358,0.33685306540675003,0.33675121492733645,1.105983627525911,1.106084809063494
D2,FINAL_STREAM_END,EXTRA,5,29,878,3347,0.16612602206965346,0.16613047656543475,2.4777260766725786,2.4778545859416172
D2,FINAL_STREAM_END,EXTRA,5,30,905,3802,0.14823616405872383,0.14823930308595204,2.5248709987289164,2.52509511143852
D2,FINAL_STREAM_END,EXTRA,5,31,931,3276,0.03028393795545129,0.03027251841617582,1.762246302442583,1.7625756790578593
D2,FINAL_STREAM_END,EXTRA,5,32,934,3779,0.05273007405302372,0.05269624735549348,0.8777814564893665,0.877848167621749
D2,FINAL_STREAM_END,EXTRA,5,33,936,3271,0.06999015397584049,0.06998202968337935,0.2579420881370962,0.25791965375717013
D2,FINAL_STREAM_END,EXTRA,5,34,946,3771,0.03235433514051786,0.03243463902073541,0.6342731545952559,0.6345859495494565
D2,FINAL_STREAM_END,EXTRA,5,35,954,3261,0.052144850083342374,0.052144072701143476,0.6660135571179652,0.6660096894704587
D2,FINAL_STREAM_END,EXTRA,5,36,959,3764,0.12561666304258556,0.1256159503036392,0.5752735489708143,0.5752772871395213
D2,FINAL_STREAM_END,EXTRA,5,37,973,3248,0.1467708539227545,0.14677229240254125,0.47783948494920725,0.477840758247096
D2,FINAL_STREAM_END,EXTRA,5,38,993,3742,0.1032014266144624,0.10320288789768964,0.45453810444578335,0.45454181337046623
D2,FINAL_STREAM_END,EXTRA,5,39,1002,3218,0.06331239823545641,0.0633125634139531,0.3815729760810079,0.3815702185255971
D2,FINAL_STREAM_END,EXTRA,5,40,1014,3199,0.022812753879162675,0.022812646368710224,0.5206839308255412,0.5206803526849966
D2,FINAL_STREAM_END,EXTRA,5,41,1036,3174,0.042900552021076815,0.04290070026385595,0.28693559374959193,0.28693783976400833
D2,FINAL_STREAM_END,EXTRA,5,42,1037,3686,0.03902495842156728,0.03902434257113843,0.14483813064749604,0.1448304600992048
D2,FINAL_STREAM_END,EXTRA,5,43,1041,3168,0.04500286256615097,0.04499793510509625,0.2129411405310836,0.21301506795005223
D2,FINAL_STREAM_END,EXTRA,5,44,1052,3672,0.019768952335864568,0.019669320276348053,0.2438038116256298,0.24713388487135526
D2,FINAL_STREAM_END,EXTRA,5,45,1067,2481,0.09271882841564785,0.09281359940985845,0.6413012397216996,0.6387222019207384
D2,FINAL_STREAM_END,EXTRA,5,46,1082,2493,0.06384790986768557,0.06384496601246199,0.4159676124764523,0.41594818233052444
D2,FINAL_STREAM_END,EXTRA,5,47,1083,3130,0.06916290395677008,0.06918887877959987,0.28665310950480033,0.28746875278530415
D2,FINAL_STREAM_END,EXTRA,5,48,1087,3645,0.013890129765983212,0.013857834483816295,0.09812727771729557,0.10002927509789064
D2,FINAL_STREAM_END,EXTRA,5,49,1090,3124,0.0838381271570069,0.08383861349276098,0.1712976908718746,0.17124223161583593
D2,FINAL_STREAM_END,EXTRA,5,50,1120,2528,0.038416119393901674,0.038414428798000055,0.2459798002740181,0.2455380615935271
D2,FINAL_STREAM_END,EXTRA,5,51,1134,3082,0.0852056281523754,0.08513067151990568,0.5448597406492259,0.54514720210514
D2,FINAL_STREAM_END,EXTRA,5,52,1144,3073,0.028985309583628945,0.02898919996101528,0.23703226646657463,0.23703088444773737
D2,FINAL_STREAM_END,EXTRA,5,53,1169,3041,0.014583187924912555,0.014543133574985741,0.15235986959857678,0.15240755278332702
D2,FINAL_STREAM_END,EXTRA,5,54,1191,3019,0.015076012984467306,0.0150768896363515,0.07883316402002022,0.07883379361410016
D2,FINAL_STREAM_END,EXTRA,5,55,1308,2933,0.10721991108731653,0.10719594018661356,0.35117657731420593,0.35091339169684876
D2,FINAL_STREAM_END,EXTRA,5,56,1327,2908,0.04147206084980261,0.04147013268548676,0.8309024099731191,0.8309167264397236
D2,FINAL_STREAM_END,EXTRA,5,57,1373,2865,0.026220034212623772,0.026226495645797245,1.099785272562842,1.0998010061144214
D2,FINAL_STREAM_END,EXTRA,5,58,1424,2819,0.11530282962715069,0.11534001188710737,2.1295263359928613,2.1294881973825395
D2,FINAL_STREAM_END,EXTRA,5,59,1444,2798,0.053995946688261375,0.053994326672264704,0.8148652411132736,0.8147699667010256
D2,FINAL_STREAM_END,EXTRA,5,60,1489,2755,0.03777893384851714,0.03777668759981894,0.8496387672689723,0.8496360262913997
D2,FINAL_STREAM_END,EXTRA,5,61,1579,2678,0.07554376149014462,0.07554230125511097,0.40072619415315236,0.4007574479716736
D2,FINAL_STREAM_END,EXTRA,5,62,1606,2654,0.04897628244478795,0.04898320391701223,0.9766296726095259,0.9766175626355955
D2,FINAL_STREAM_END,EXTRA,5,63,1619,3494,0.07048564646889074,0.07048506436179502,0.6716484413281446,0.6716454149824079
D2,FINAL_STREAM_END,EXTRA,5,64,1650,3461,0.1130929301779832,0.11309230843553382,0.12311454639079249,0.12309939399928797
D2,FINAL_STREAM_END,EXTRA,5,65,1656,3454,0.3432672622990264,0.3428538068554287,0.20547430903158562,0.2070475022656456
D2,FINAL_STREAM_END,EXTRA,5,66,1661,3451,0.24973722284716923,0.24975669627548888,0.507620043093922,0.507547042814854
D2,FINAL_STREAM_END,EXTRA,5,67,1694,3417,0.01821980732012285,0.01820157745261021,0.8544477764730402,0.8544670504489413
D2,FINAL_STREAM_END,EXTRA,5,68,1716,3399,0.02034473018411885,0.02032334188981266,0.467599266582166,0.467594592277719
D2,FINAL_STREAM_END,EXTRA,5,69,1744,3382,0.06952327595275558,0.0695232916568718,0.2358728506038283,0.2358737223647386
D2,FINAL_STREAM_END,EXTRA,5,70,1748,3379,0.07658717737104416,0.07654750529640895,0.35876115206457154,0.3587857492156007
D2,FINAL_STREAM_END,EXTRA,5,71,1763,3365,0.054316390583387796,0.05431578154004268,0.37079701680175886,0.37079697416637175
D2,FINAL_STREAM_END,EXTRA,5,72,1776,3365,0.03113380641377196,0.031133679752374882,0.3552985602790584,0.35530364535414727
D2,FINAL_STREAM_END,EXTRA,5,73,1789,3358,0.06883989922432306,0.06883491223208461,1.2217213945301812,1.2216601954521868
D2,FINAL_STREAM_END,EXTRA,5,74,1806,3863,0.04644887746704755,0.046422079318199395,0.5962038410002153,0.5961468948990658
D2,FINAL_STREAM_END,EXTRA,5,75,1967,4176,0.00605477514525166,0.006055029152444675,0.07279428819759691,0.07279238863472079
