robot_id,keyframe_id,translation_m,rotation_deg
robot1,150,0.0,1.5926053341660615e-15
robot1,151,8.664944195557528e-09,1.4568220946702608e-06
robot1,152,1.7407622402136037e-08,2.9136326373407415e-06
robot1,153,2.6411884894780163e-08,4.3704180621762966e-06
robot1,154,3.4321938212016775e-08,5.827240879988033e-06
robot1,155,4.237924348118232e-08,7.284086653562061e-06
robot1,156,5.1344689856173496e-08,8.740923445372293e-06
robot1,157,6.11932640112782e-08,1.019773076332682e-05
robot1,158,7.10991901827954e-08,1.1654511685402573e-05
robot1,159,8.084128474961035e-08,1.3111272715612427e-05
robot1,160,9.053195076862846e-08,1.4568016882071845e-05
robot1,161,9.811600711306626e-08,1.602477705767074e-05
robot1,162,1.0819016557783434e-07,1.748151826293608e-05
robot1,163,1.1716078508632146e-07,1.8938255704379085e-05
robot1,164,1.254861252295785e-07,2.0394997112301274e-05
robot1,165,1.2991008991811133e-07,2.185178343802084e-05
robot1,166,1.4032195197121103e-07,2.330855243568004e-05
robot1,167,1.498220934713368e-07,2.476531383429411e-05
robot1,168,1.5494266432482124e-07,2.6222106123055328e-05
robot1,169,1.64341944716686e-07,2.7678892526384483e-05
robot1,170,2.2548414622123652e-07,2.913529631239344e-05
robot1,171,2.973254384992191e-07,3.059127634805584e-05
robot1,172,3.647675157802415e-07,3.204682333659895e-05
robot1,173,4.610355508053921e-07,3.350176959122695e-05
robot1,174,5.383482715898994e-07,3.4956274777969545e-05
robot1,175,6.548155526964237e-07,3.641018518080402e-05
robot1,176,7.309325628937137e-07,3.786382022474844e-05
robot1,177,7.882633391870357e-07,3.931733632515186e-05
robot1,178,8.208601633100824e-07,4.07709298264522e-05
robot1,179,8.585114592133069e-07,4.2224602129789416e-05
robot1,180,8.883974989384111e-07,4.3678390993991616e-05
robot1,181,9.106341183301188e-07,4.5132479910893226e-05
robot1,182,9.377883487190988e-07,4.6586928175993676e-05
robot1,183,9.623969690628344e-07,4.804191806656291e-05
robot1,184,9.880405348874165e-07,4.9497535641187015e-05
robot1,185,9.955009864290927e-07,5.0953940820801234e-05
robot1,186,1.003080634966463e-06,5.2411109626798e-05
robot1,187,9.940553049988975e-07,5.386884654238707e-05
robot1,188,1.0826963431790289e-06,5.532769332058836e-05
robot1,189,1.2860607200237113e-06,5.6788254684448274e-05
robot1,190,1.7258666306612049e-06,5.825091250522079e-05
robot1,191,2.3284124977400763e-06,5.9715948142230743e-05
robot1,192,2.9458403575247483e-06,6.118335115273486e-05
robot1,193,3.5014357014147237e-06,6.265283444544732e-05
robot1,194,3.995645575268229e-06,6.412417560806575e-05
robot1,195,4.51009169730974e-06,6.559737693446533e-05
robot1,196,5.060571301942965e-06,6.707249781617736e-05
robot1,197,5.677521642077946e-06,6.854966462596023e-05
robot1,198,6.3021644867764104e-06,7.002882754065696e-05
robot1,199,7.0021654634151065e-06,7.151016065209238e-05
robot1,200,7.676619262452766e-06,7.299352186921979e-05
robot1,201,8.430414711688454e-06,7.447910155534268e-05
robot1,202,9.192644422116063e-06,7.596686917981285e-05
robot1,203,9.950261338039301e-06,7.745675935367008e-05
robot1,204,1.0626482443995255e-05,7.894852626968287e-05
robot1,205,1.1339582885913204e-05,8.044224073095549e-05
robot1,206,1.2049127143985776e-05,8.193784408348933e-05
robot1,207,1.2832529983974897e-05,8.343551074168674e-05
robot1,208,1.3647938277946215e-05,8.493528441610643e-05
robot1,209,1.4420138454725782e-05,8.643701939477051e-05
robot1,210,1.5216979118461584e-05,8.794073954794364e-05
robot1,211,1.602862484988841e-05,8.944644628344509e-05
robot1,212,1.676984826478753e-05,9.095392925558433e-05
robot1,213,1.758717413988476e-05,9.246334328785932e-05
robot1,214,1.8514205288857293e-05,9.397491376301638e-05
robot1,215,1.931901204751647e-05,9.548833162102645e-05
robot1,216,2.0190968423891353e-05,9.700370364438468e-05
robot1,217,2.1135045300785167e-05,9.852116684880871e-05
robot1,218,2.1988246670931396e-05,0.0001000404953941083
robot1,219,2.2832845913230977e-05,0.00010156162681589411
robot1,220,2.3931526084592232e-05,0.00010308507325774517
robot1,221,2.5080753509360878e-05,0.00010461090754965627
robot1,222,2.618447349565044e-05,0.000106138984934308
robot1,223,2.719014234401103e-05,0.00010766907486204639
robot1,224,2.8252584793138478e-05,0.00010920126538988441
robot1,225,2.9294117648605296e-05,0.00011073551425960654
robot1,226,3.0399024392884747e-05,0.00011227189485898153
robot1,227,3.150957712126187e-05,0.00011381040415176716
robot1,228,3.278334041186106e-05,0.00011535133368799277
robot1,229,3.380614632927226e-05,0.00011689417466901328
robot1,230,3.511177938266321e-05,0.00011843942138408084
robot1,231,3.63870083111697e-05,0.00011998698197571434
robot1,232,3.783817324265018e-05,0.00012153712685090474
robot1,233,3.917673537083482e-05,0.00012308965358415896
robot1,234,4.060426019928659e-05,0.0001246446705446502
robot1,235,4.209462884075601e-05,0.00012620225074814985
robot1,236,4.351941183413886e-05,0.0001277622565284598
robot1,237,4.467073142915082e-05,0.0001293241996113948
robot1,238,4.5830474821899166e-05,0.00013088807320025942
robot1,239,4.724228485344282e-05,0.00013245426138846212
robot1,240,4.867411342257956e-05,0.00013402276425687195
robot1,241,5.019327749663378e-05,0.00013559367953360253
robot1,242,5.18082584816183e-05,0.0001371671174422589
robot1,243,5.333173991588431e-05,0.0001387428958350271
robot1,244,5.494770450696178e-05,0.00014032112799222725
robot1,245,5.652308163412728e-05,0.00014190174565595974
robot1,246,5.834007221610188e-05,0.00014348508480077106
robot1,247,5.974191010430343e-05,0.00014507052512225708
robot1,248,6.0864186564884295e-05,0.00014665763169101695
robot1,249,6.222666781939821e-05,0.0001482467585744721
robot1,250,6.35423587084999e-05,0.00014983780358452682
robot1,251,6.460971587388837e-05,0.0001514304121035116
robot1,252,6.534568505784467e-05,0.00015302409639089784
robot1,253,6.616464920843213e-05,0.00015461894877556335
robot1,254,6.693052205470662e-05,0.0001562149174057957
robot1,255,6.748828214805708e-05,0.00015781169623974942
robot1,256,6.776175121380216e-05,0.00015940885944205283
robot1,257,6.814243333172357e-05,0.00016100660736526428
robot1,258,6.851217842113157e-05,0.00016260492058058334
robot1,259,6.927789498589065e-05,0.0001642042605757882
robot1,260,6.994407599463916e-05,0.00016580451785928914
robot1,261,7.033115037971416e-05,0.00016740531815238942
robot1,262,7.104545013868703e-05,0.00016900706124614194
robot1,263,7.177824119349037e-05,0.0001706097775658155
robot1,264,7.235015972325136e-05,0.00017221326687785193
robot1,265,7.297649950829593e-05,0.00017381757335618498
robot1,266,7.367790590711898e-05,0.00017542278398813857
robot1,267,7.415365773282612e-05,0.00017702861897498574
robot1,268,7.48368892656315e-05,0.00017863531512536885
robot1,269,7.545059552990641e-05,0.00018024279008774458
robot1,270,7.594651273335268e-05,0.00018185089582280114
robot1,271,7.666479778034497e-05,0.00018345988025724358
robot1,272,7.748589197367318e-05,0.00018506985299914866
robot1,273,7.822288620281733e-05,0.00018668070826120966
robot1,274,7.896334395402957e-05,0.00018829244100875106
robot1,275,7.969756720717792e-05,0.00018990503465898077
robot1,276,8.034028826707299e-05,0.0001915183766115993
robot1,277,8.091592256783499e-05,0.00019313238034632816
robot1,278,8.149906950846897e-05,0.0001947470461922157
robot1,279,8.21909967362782e-05,0.0001963624834468714
robot1,280,8.277589439416796e-05,0.00019797857790647904
robot1,281,8.320912859055304e-05,0.00019959517234937834
robot1,282,8.35242584072666e-05,0.00020121213145903204
robot1,283,8.353002784302588e-05,0.00020282912680750476
robot3,234,5.2049708639111796e-05,0.0005160296765232232
robot3,235,5.2285829729614265e-05,0.0005160296765298018
robot3,236,5.27170389784356e-05,0.0005160296765493854
robot3,237,5.244424706315389e-05,0.0005159590576383014
robot3,238,5.1891497821786495e-05,0.0005159590576775354
robot3,239,5.114458812717642e-05,0.0005160084265673334
robot3,240,5.126836817916776e-05,0.000515987490497906
robot3,241,5.142079972567014e-05,0.0005159874905968309
robot3,242,5.1753225813595786e-05,0.0005168973680930364
robot3,243,5.210940781866363e-05,0.0005168973682744927
robot3,244,5.346305284547333e-05,0.0005168973685358113
robot3,245,5.60248540797034e-05,0.0005168973689157622
robot3,246,5.826556401207567e-05,0.0005168973693954146
robot3,247,6.096279829029215e-05,0.0005168973699920027
robot3,248,6.303977400567183e-05,0.000516897370679986
robot3,249,6.610538093529435e-05,0.0005168973715007651
robot3,250,7.003978663642093e-05,0.0005168973724917154
robot3,251,7.391807936850476e-05,0.0005168973736539746
robot3,252,7.860804868849444e-05,0.0005168973750294437
robot3,253,7.685103932451427e-05,0.0009234435023632867
robot3,254,7.870943738262339e-05,0.001344365241805271
robot3,255,8.311000026843726e-05,0.0017720477610698514
robot3,256,9.292692287775589e-05,0.0022050149324772594
robot3,257,0.00010551896911913218,0.0026425934979098053
robot3,258,0.00011608373990131103,0.003077214220566613
robot3,259,0.00013939106256668073,0.003524615197537704
robot3,260,0.00015798796198455278,0.003988847727820996
robot3,261,0.00017774443587959728,0.004469567784088393
robot3,262,0.00020875292510877288,0.004949341847713497
robot3,263,0.000246254516756235,0.005405381420673291
robot3,264,0.00029251874514189585,0.0058861144395055895
robot3,265,0.00034383192277126116,0.0063910936287405315
robot3,266,0.0004199427765992897,0.006849220433446939
robot3,267,0.0005068751803849745,0.0073101241763834654
robot3,268,0.0005725154405400121,0.007772887045025841
robot3,269,0.0006261584501505195,0.00823693368622634
robot3,270,0.0006735861615311766,0.00870235914085909
robot3,271,0.0007027915492923927,0.009169109047913673
robot3,272,0.0007130139856959018,0.00963687885591636
robot3,273,0.0007047589581109428,0.01010530973523182
robot3,274,0.0007197795178734796,0.010574249606620489
robot3,275,0.0007669201778633168,0.011043317155782235
robot3,276,0.000769358218913877,0.011512420435260542
robot3,277,0.0008315484883595717,0.011981293167753215
robot3,278,0.0009179191094928514,0.012437386274173833
robot3,279,0.000982321666601929,0.01293908992215708
robot3,280,0.0010787341635513784,0.013440437881593877
robot3,281,0.0011979347359524675,0.013936103353740747
robot3,282,0.0013247504240781838,0.014434590701574325
robot3,283,0.0014765351922722003,0.014941077788005979
robot3,284,0.0016197673802139205,0.015445467887425316
robot3,285,0.0017777121559958203,0.015957353259534894
robot3,286,0.0019252044293492107,0.016472678022099018
robot3,287,0.002078971466706743,0.01699084752310974
robot3,288,0.002254081310450031,0.017507886147782092
robot3,289,0.002404104388456424,0.018026172952273423
robot3,290,0.0025906252413056734,0.018545591166570362
robot3,291,0.002771067437895499,0.01906637211615775
robot3,292,0.002961989601293943,0.019588418891582863
robot3,293,0.0032034046684195267,0.020111399589071478
robot3,294,0.0034070343416238826,0.020635462869671713
robot3,295,0.0035908106948188017,0.021146408651172455
robot3,296,0.0037899737428150272,0.02164398076523129
robot3,297,0.0039211367743141575,0.02214254199313002
robot3,298,0.004153134795850393,0.02264157133170847
robot3,299,0.004386784983254545,0.023140812828175972
robot3,300,0.004645750544527097,0.023639993253087754
robot3,301,0.004939538076528252,0.024139172212459314
robot3,302,0.005236323112279205,0.024638587937885724
robot3,303,0.005529467435834093,0.025137996389134637
robot3,304,0.005818533374197685,0.025637521520368575
robot3,305,0.006148845123294276,0.026136978190677146
robot3,306,0.006383213969861154,0.026636747180845074
robot3,307,0.0066355332642063745,0.027136715027612515
robot3,308,0.006980203263009277,0.027636420437572487
robot3,309,0.0073167571953218855,0.02813598843154878
robot3,310,0.007693179322368882,0.028635251232162755
robot3,311,0.008099495075144928,0.029133969018367
robot3,312,0.008484430076559375,0.029632296948693425
robot3,313,0.008823676134556521,0.030130345641763086
robot3,314,0.009248994792380349,0.03062771558205693
robot3,315,0.009637524905982747,0.03112456951341256
robot3,316,0.010079221456968155,0.03162065526951686
robot3,317,0.010487540918943947,0.03211612756411465
robot3,318,0.01098489949122114,0.032610957475457905
robot3,319,0.011389400486619405,0.033105656554366314
robot3,320,0.011719056677501213,0.033600224758704
robot3,321,0.012158514193695007,0.034094269177505354
robot3,322,0.012598582833169853,0.03458770546642806
robot3,323,0.013081434956155784,0.03508042362930875
robot3,324,0.01349404919904661,0.035572711402862285
robot3,325,0.013893516581410453,0.036064689344959565
robot3,326,0.014312119816650292,0.036556227227626685
robot3,327,0.014737744607825183,0.03704703422938901
robot3,328,0.015188524756172713,0.037537247461957225
robot3,329,0.015640196864376815,0.038026864601268806
robot3,330,0.016067297523730588,0.03851599853096897
robot3,331,0.016484720140811666,0.0390047610290366
robot3,332,0.01697708368640313,0.03949281222571289
robot3,333,0.0174832672818493,0.03997999377179205
robot3,334,0.018003818831796494,0.04046627324732932
robot3,335,0.01859818345179372,0.04095128783042441
robot3,336,0.019250426138400657,0.041434884889209225
robot3,337,0.019540160472963593,0.04191859405010614
robot3,338,0.019852029178841005,0.04240231629706722
robot3,339,0.020251926432420245,0.04288504946131148
robot3,340,0.020802456956949242,0.04336641000914219
robot3,341,0.021419816639392054,0.043832304124577205
robot3,342,0.02197696178561133,0.044285517113100255
robot3,343,0.02254009549612544,0.044737374034540874
robot3,344,0.023178432714993584,0.04518757313500197
robot3,345,0.023825560066574474,0.04563620903363999
robot3,346,0.0243988231887345,0.0460834963060567
robot3,347,0.024946040659923594,0.046493031097061856
robot3,348,0.025395275556184524,0.046937805586472765
robot3,349,0.025816781322791287,0.04738178938412708
robot3,350,0.026223608153852107,0.0478250114214514
robot3,351,0.026679644408271103,0.04826737692469273
robot3,352,0.027048881464121193,0.04870914533452084
robot3,353,0.02731427123055678,0.04915056627290667
robot3,354,0.027712744929173447,0.04959124701245404
robot3,355,0.02829998436456477,0.05003047211652881
robot3,356,0.028825618535422204,0.050468720573985056
robot3,357,0.029382808158509702,0.05090582472290777
robot3,358,0.029835282930506603,0.05134200859886842
robot3,359,0.030414209441647067,0.051776871818153276
robot3,360,0.031035813507675706,0.05221039281831257
robot3,361,0.0315000073826956,0.052643197809947445
robot3,362,0.03203004081028589,0.053075041466341996
robot3,363,0.03246029090836394,0.053506174025366275
robot3,364,0.0328683509884924,0.053936626980248925
robot3,365,0.0333317760824402,0.054366224612926846
robot3,366,0.03385881326996957,0.05479480597816318
robot3,367,0.03440116132480275,0.05522237245961752
robot3,368,0.03499531838355007,0.0556487444690002
robot3,369,0.03548471087607449,0.056074206216761416
robot3,370,0.0361361819722061,0.05649806065550267
robot3,371,0.036759946586064386,0.05692038700071627
robot3,372,0.037290375252464376,0.05734161982570231
robot3,373,0.03793050924991117,0.05776129720007407
robot3,374,0.03859506516290385,0.058179337335062704
robot3,375,0.039106245194754766,0.058596331093431715
robot3,376,0.03959860171834207,0.05901235184798478
robot3,377,0.04000267884198398,0.059427288471927894
robot3,378,0.04027308327968788,0.059841494755308804
robot3,379,0.04068294390189263,0.06025468000471938
robot3,380,0.041236259645151256,0.06066630136922607
robot3,381,0.04203488772202481,0.061075822815911965
robot3,382,0.042797797307063006,0.061483661084551125
robot3,383,0.043384544373469724,0.06189029908837077
robot3,384,0.04405503307982975,0.06229558790243988
robot3,385,0.04483352675840773,0.06269920172867713
robot3,386,0.04538402351983118,0.06310171270188962
robot3,387,0.045491755856087904,0.06350445226179215
robot3,388,0.045501470136213175,0.06390755551544404
robot3,389,0.04551191959290059,0.06431083184608004
robot3,390,0.04549517758323917,0.0647142623122876
robot3,391,0.04547832720746963,0.06511786508727455
robot3,392,0.04547085527770804,0.06552159941014231
robot3,393,0.04543732587561144,0.06592556707239008
robot3,394,0.04544381735914143,0.06632965556062032
robot3,395,0.04543825597695216,0.06673390572591939
robot3,396,0.045428455904005946,0.06713830713580388
robot3,397,0.045442011293318735,0.06754280807937056
robot3,398,0.04546321345342878,0.06794736202033136
robot3,399,0.04546548870929974,0.06835204297665258
robot3,400,0.04545723625816718,0.06875685097834265
robot3,401,0.04545624868040354,0.06916174558002187
robot3,402,0.045474042167843426,0.06956671403711212
robot3,403,0.045476522642826596,0.06997176013364245
robot3,404,0.045483781999211464,0.07037688401065814
robot3,405,0.04548644940424817,0.07078208775473033
robot3,406,0.04548972721856214,0.0711873731272795
robot3,407,0.04549168007256224,0.0715927112332993
robot3,408,0.04549603811624375,0.07199810178359925
robot3,409,0.045505099724188036,0.07240350837719321
robot3,410,0.04549998136050185,0.0728089810574335
robot3,411,0.045517642598304354,0.07321446084780275
robot3,412,0.045531173053877994,0.07361993326853868
robot3,413,0.045522412841294775,0.07402547049355375
robot3,414,0.045547949900823566,0.07443099649457935
robot3,415,0.04555916819042291,0.074836499462809
robot3,416,0.04557507959599163,0.07524198621638227
robot3,417,0.0455791971940265,0.0756474573671801
robot3,418,0.04556882370621227,0.07605294524732856
robot3,419,0.0455904210681897,0.07645837054658043
robot3,420,0.04558755454037192,0.0768637725228933
robot3,421,0.045584669829840184,0.0772691351244726
robot3,422,0.04558847742032833,0.0776744476367337
robot3,423,0.04559702157970687,0.07807969117145497
robot3,424,0.04561158008820718,0.07848485470835209
robot3,425,0.045644010937052934,0.07888984738967697
robot3,426,0.0456494118347935,0.07929473618181308
robot3,427,0.04565746993766568,0.07969951772582114
robot3,428,0.045654207740792783,0.08010420935849717
robot3,429,0.04567018716655626,0.08050879051369343
robot3,430,0.04567038616357981,0.08091326370490586
robot3,431,0.0456790668937934,0.08131762257050279
robot3,432,0.04569255279575353,0.08172185294320183
robot3,433,0.04569678560791994,0.08212595474292549
robot3,434,0.04571234382971431,0.08252988977039458
robot3,435,0.045715872339027366,0.08293368740663315
robot3,436,0.04573510217076548,0.08333731716434951
robot3,437,0.045737804509771,0.08374080669906221
robot3,438,0.045741750859899316,0.08414414253100377
robot3,439,0.04573830927424322,0.08454731630074923
robot3,440,0.04573405622591797,0.08495032932348943
robot3,441,0.04574268850585978,0.08535315514497499
robot3,442,0.04575229770308355,0.08575578939077484
robot3,443,0.04575644228752568,0.0861582334604187
robot3,444,0.045748627337114406,0.08656049525658081
robot3,445,0.04575239001263534,0.08696255598299274
robot3,446,0.045749596246486335,0.08736441519327645
robot3,447,0.045752400479263336,0.08776606130667523
robot3,448,0.045747636675236236,0.08816750064174225
robot3,449,0.045735239014171473,0.08856874033481126
robot3,450,0.0457418416908233,0.08896975018044946
robot3,451,0.04573751700959724,0.08937053248787291
robot3,452,0.045747939320748957,0.08977105452523354
robot3,453,0.04576999316784182,0.09017128926672434
robot3,454,0.046149694500525563,0.09057063128379284
robot3,455,0.04683039878153548,0.09096856930110085
robot3,456,0.047044286174033015,0.09136593335811624
robot3,457,0.04727614783239873,0.09176271783438934
robot3,458,0.04769129853412031,0.09215861772688283
robot3,459,0.04815139980266862,0.09255350745129509
robot3,460,0.04864783893531262,0.09294727319120698
robot3,461,0.049134905983860916,0.09333983375132386
robot3,462,0.04949332269634354,0.09373140655984302
robot3,463,0.04979458926369615,0.094122127210688
robot3,464,0.05019926451373045,0.09451165875781085
robot3,465,0.05073833799303461,0.09489971224207934
robot3,466,0.05136334570021051,0.09528621300683494
robot3,467,0.052055760717356576,0.09567102679811157
robot3,468,0.052768763263729535,0.09605404836215026
robot3,469,0.05348474459065462,0.09643521794066304
robot3,470,0.05421180196997772,0.09681458716000765
robot3,471,0.05496239982913608,0.0971921169371397
robot3,472,0.05566341008636461,0.09756794411902335
robot3,473,0.05630126001107651,0.09794225624104082
robot3,474,0.0569999073375388,0.09831491677347086
robot3,475,0.05770884346923208,0.09868592838648506
robot3,476,0.05824310139916914,0.09905566080264137
robot3,477,0.05894216320965854,0.09942380432442718
robot3,478,0.0589779198035642,0.09979161168842432
robot3,479,0.058636165128159175,0.10015971191629794
robot3,480,0.0580036953106676,0.10052858476541736
robot3,481,0.05717572454185192,0.10089861932314113
robot3,482,0.056209617082087444,0.10127010200073386
robot3,483,0.05496049142877713,0.10164337388951204
robot3,484,0.05384553455627308,0.10201797781028626
robot3,485,0.053533772534385765,0.10239263151296259
robot3,486,0.05372711655530428,0.1027665838593379
robot3,487,0.054197071822733325,0.10313957395333212
robot3,488,0.05466636583423324,0.10351166217784658
robot3,489,0.05505793278989575,0.1038829723233007
robot3,490,0.055400398949670665,0.1042536209953357
robot3,491,0.05555175434916709,0.1046239093677304
robot3,492,0.05565158247474037,0.10499390906350942
robot3,493,0.05562261874301221,0.10536381089770294
robot3,494,0.05535037111855738,0.10573394251199093
robot3,495,0.05496886507566443,0.10610443381189034
robot3,496,0.05463409645399157,0.10647536651504193
robot3,497,0.05423963748616495,0.10684683987941462
robot3,498,0.05407914881032246,0.10721846735974369
robot3,499,0.05427379265154533,0.10758984961507707
robot3,500,0.05454963770717141,0.10796063839283873
robot3,501,0.054928645247671125,0.10833072966573075
robot3,502,0.055452297206860915,0.10869991216245924
robot3,503,0.056033025661223555,0.1090679964974051
robot3,504,0.05663390617180557,0.10943485576659992
robot3,505,0.057164118568021914,0.10980047728456754
robot3,506,0.05757633617568883,0.11016492491494115
robot3,507,0.05795795554226676,0.11052829370985397
robot3,508,0.058765215636612696,0.11089004219431686
robot3,509,0.059574559517631936,0.11125015297871997
robot3,510,0.05996983879053814,0.11160919185163744
robot3,511,0.06056419627274092,0.11196681389347456
robot3,512,0.06101953643036904,0.1123231515379162
robot3,513,0.06159318906652201,0.11267808306106786
robot3,514,0.062428869213434046,0.1130313023816629
robot3,515,0.06308835034518413,0.11338307938907469
robot3,516,0.0635063784682072,0.11373368561089219
robot3,517,0.06391649576923424,0.11408312778275113
robot3,518,0.06440925014832602,0.1144312709460811
robot3,519,0.06473074600073063,0.11477838831403792
robot3,520,0.06474539945681689,0.11512492166686564
robot3,521,0.06537080589608361,0.11547005610167424
robot3,522,0.06609289421111626,0.11581362588156048
robot3,523,0.06652547795665774,0.11615599337327921
robot3,524,0.06706760849798477,0.11649697035337221
robot3,525,0.0676126380560875,0.11683653412632221
robot3,526,0.06808928091047317,0.11717479378277362
robot3,527,0.06858882923050623,0.11751176822861469
robot3,528,0.06911603187604375,0.11784744555624653
robot3,529,0.06965672819202043,0.11818391735488865
robot3,530,0.0702973029193933,0.11852176946367275
robot3,531,0.07111768341192466,0.11885808552876079
robot3,532,0.07200792196278895,0.11919280597725011
robot3,533,0.07279615914612689,0.11952606149737081
robot3,534,0.07352904870525022,0.11985793453672502
robot3,535,0.07420184613604253,0.12018851048849848
robot3,536,0.07488658077716066,0.1205177981715218
robot3,537,0.07571780635051743,0.12084687877680662
robot3,538,0.07648249795761147,0.12117563061695097
robot3,539,0.07747359565274749,0.12150278939142521
robot3,540,0.07827847372444215,0.12182856517915036
robot3,541,0.07932989468276724,0.12215273052511935
robot3,542,0.08024488675025601,0.12247545175810345
robot3,543,0.0813613158511157,0.12279655173979417
robot3,544,0.08235976368461083,0.12311619076509578
robot3,545,0.08315969590945846,0.12343456839015138
robot3,546,0.08428129073044263,0.12375139252643012
robot3,547,0.08550923871289581,0.12406657674112494
robot3,548,0.08667184997490159,0.12438023012536002
robot3,549,0.0880830446992296,0.1246921493314828
robot3,550,0.08922661257286296,0.12500257047525076
robot3,551,0.09061435593149145,0.12531134781061784
robot3,552,0.09200706509781915,0.12561845989692264
robot3,553,0.09338875015198311,0.1259239356160795
robot3,554,0.09454935373449026,0.126227985945694
robot3,555,0.09569343900394607,0.1265306477841998
robot3,556,0.09740226538804705,0.12683143129256555
robot3,557,0.09903749307329852,0.1271304013634125
robot3,558,0.10079537861517728,0.12742752426670434
robot3,559,0.1022373331302167,0.12772308486154865
robot3,560,0.10398915404333615,0.12801690783776543
robot3,561,0.1058284100742108,0.12830894626250697
robot3,562,0.1072034542872857,0.1285995991831875
robot3,563,0.10866906180889997,0.1288888147767547
robot3,564,0.11003850737508354,0.12917673227786736
robot3,565,0.11156678317422167,0.12946311985763448
robot3,566,0.11304804439700634,0.12974803223817924
robot3,567,0.114405735513453,0.13003162425243608
robot3,568,0.11589633608190747,0.13031374762200482
robot3,569,0.11749890328341928,0.13059432538239443
robot3,570,0.11893227407154834,0.13087356463670885
robot3,571,0.1206833171413596,0.13115125706451303
robot3,572,0.12226356292744434,0.13142749391608938
robot3,573,0.12378272215374149,0.13170238653289032
robot3,574,0.12525703326599263,0.1319759468482474
robot3,575,0.12701161492080043,0.13224801561102112
robot3,576,0.12876046080689757,0.1325185910738267
robot3,577,0.13023255162843017,0.13278789890269974
robot3,578,0.1318138598454913,0.13305592675161912
robot3,579,0.13343370283794934,0.13332260996514086
robot3,580,0.1349570975468255,0.13358798171438313
robot3,581,0.13630213705031938,0.13385221843060302
robot3,582,0.13760383518589847,0.13411533302917544
robot3,583,0.1391053833295451,0.13437715715365312
robot3,584,0.14079376855529135,0.13463750330915566
robot3,585,0.1424136936233536,0.13489649030052206
robot3,586,0.14395594332972508,0.13515421963308735
robot3,587,0.14544569947371513,0.13541075717936726
robot3,588,0.1472419822545889,0.13566586043481021
robot3,589,0.14897376567119971,0.13591953027891826
robot3,590,0.1508747872223693,0.13617175569001505
robot3,591,0.15274622672858187,0.13642264296932982
robot3,592,0.15465082137508485,0.1366722443204802
robot3,593,0.15619117448404643,0.13692067864939783
robot3,594,0.15789440132895324,0.13716785038493498
robot3,595,0.1595428097899155,0.13741386259060134
robot3,596,0.1610802810619272,0.13765881667345645
robot3,597,0.16289559300775266,0.13790250176110747
robot3,598,0.16462260977685544,0.13814498677543433
robot3,599,0.16628957826176902,0.13838633825051552
robot3,600,0.1680986174429614,0.13862651567389617
robot3,601,0.17007998042121297,0.13886542949421318
robot3,602,0.17164923147507866,0.13910335288806921
robot3,603,0.17356455964811462,0.13934009243134327
robot3,604,0.17540445812574726,0.13957565854792156
robot3,605,0.17716688919114826,0.13981013641948603
robot3,606,0.17888800855359502,0.1400434808250524
robot3,607,0.18048825890528353,0.14027577069088012
robot3,608,0.18215168768395124,0.1405070016544417
robot3,609,0.18386233403034175,0.1407371466614229
robot3,610,0.18554172541903657,0.1409663293307035
robot3,611,0.18717375147013707,0.14119454091765898
robot3,612,0.18917504290684992,0.14142151692239782
robot3,613,0.19112580521364048,0.14164737766717558
robot3,614,0.19306732511323502,0.14187210159184802
robot3,615,0.19520006382316446,0.1420956746012017
robot3,616,0.19713414905849158,0.142318248112911
robot3,617,0.19876090521281062,0.14253998977791532
robot3,618,0.20043401011914047,0.14276083751031005
robot3,619,0.20229767098302162,0.14298067022596567
robot3,620,0.20407567131092197,0.14319950841318949
robot3,621,0.20572217325232084,0.1434174103796892
robot3,622,0.20787172853120636,0.14363417781644036
robot3,623,0.20953431101826758,0.14385001597821945
robot3,624,0.2112780242694224,0.14406494254136198
robot3,625,0.21313865016768768,0.14427886861592354
robot3,626,0.21502849077917405,0.1444918319283541
robot3,627,0.21712119883660935,0.1447038004733684
robot3,628,0.21897241141547072,0.1449149340970741
robot3,629,0.22074168770874172,0.14512532705163955
robot3,630,0.22224715390781463,0.1453351032492558
robot3,631,0.22412208765585537,0.1455440598164129
robot3,632,0.2259821141078324,0.14575211618363243
robot3,633,0.2277160564327388,0.145959322112513
robot3,634,0.22941974534020948,0.14616569492484704
robot3,635,0.23138411047529941,0.1463712315833486
robot3,636,0.23284371794946615,0.1465760131856888
robot3,637,0.23500527702923668,0.1467798616012007
robot3,638,0.23703026471639305,0.14698365892778573
robot3,639,0.238529878024587,0.14718794334741217
robot3,640,0.2403339521042983,0.14739284935238675
robot3,641,0.2424520806092376,0.1475968609300264
robot3,642,0.24413620780466777,0.14780034575926618
robot3,643,0.24565391115406846,0.14800348150033485
robot3,644,0.24759315266084955,0.14820586738955302
robot3,645,0.24919892627984852,0.14840761140857475
robot3,646,0.25096204970905783,0.14860877900119923
robot3,647,0.2528911713435037,0.14880929485516609
robot3,648,0.2544579073366854,0.14900935031293908
robot3,649,0.25595652866453367,0.1492089820740783
robot3,650,0.2575156432425323,0.14940818539612696
robot3,651,0.25921239837983623,0.14960684302049218
robot3,652,0.26034700050839954,0.14980518251664962
robot3,653,0.2611569787217636,0.15000331261481548
robot3,654,0.26223237873415367,0.15020084710076959
robot3,655,0.26334901481353723,0.1503974725930448
robot3,656,0.2644536812637953,0.15059333218831908
robot3,657,0.2654580710925872,0.15078526836006592
robot3,658,0.26657207836653857,0.15097567479478377
robot3,659,0.26725574233904803,0.15116531374969344
robot3,660,0.2676407270307736,0.15135776700807194
robot3,661,0.2677549995326162,0.1515502711482932
robot3,662,0.26784304440551443,0.15174229200994338
robot3,663,0.268005026440071,0.15193364918595692
robot3,664,0.26804643500280106,0.15212429381599182
robot3,665,0.2680245559436321,0.152313986481976
robot3,666,0.26852771142878307,0.1525027444807904
robot3,667,0.2689345093211398,0.1526905229310748
robot3,668,0.2692964392170749,0.15287761814295386
robot3,669,0.26953479032745686,0.1530638179748529
robot3,670,0.26960400507775484,0.15324913243725655
robot3,671,0.27001971071742287,0.15343353921546918
robot3,672,0.2706706650560035,0.15361711847761364
robot3,673,0.2713843054775055,0.15379969551930683
robot3,674,0.27131747667481637,0.1539814170680307
robot3,675,0.27132516538892065,0.15416223502849066
robot3,676,0.27201534492282586,0.15434208956978512
robot3,677,0.2725446556763884,0.15452108711673865
robot3,678,0.2728766443342709,0.1546992350893503
robot3,679,0.27311769733913605,0.15487648677514493
robot3,680,0.2733389671809261,0.155052950720917
robot3,681,0.27408196830211956,0.15522850388820256
robot3,682,0.2748867565085867,0.15540292587861693
robot3,683,0.27582473078668507,0.1555763926933236
robot3,684,0.2769179572939174,0.15574890705946692
robot3,685,0.2774118849562149,0.1559204549220106
robot3,686,0.2779008557558979,0.1560910130325459
robot3,687,0.278911906328698,0.1562606769024724
robot3,688,0.27995323868632416,0.1564292795876892
robot3,689,0.2805315640345784,0.1565970195157208
robot3,690,0.28118398726042826,0.1567637611439054
robot3,691,0.28185753717399253,0.15692961495710248
robot3,692,0.2829014667442295,0.15709453994678968
robot3,693,0.2839308849519621,0.15725831121264952
robot3,694,0.28540646371511724,0.15742114200026278
robot3,695,0.28604754708574576,0.1575798151937444
robot3,696,0.28693953454323806,0.15773715695236043
robot3,697,0.28790622012753897,0.15789367331509108
robot3,698,0.28891269216442655,0.15804925138119172
robot3,699,0.2897684430976436,0.15820393418602843
robot3,700,0.2908115403630187,0.15836073122197228
robot3,701,0.29191444650022647,0.15851701193464712
robot3,702,0.29286841987205026,0.1586723987754622
robot3,703,0.29381065079640933,0.15882687834175685
robot3,704,0.2946391344196898,0.15898051623770484
robot3,705,0.2955013104080259,0.15913337938861802
robot3,706,0.29671160692729925,0.15928429279768194
robot3,707,0.2977259949912125,0.15943432981114214
robot3,708,0.29857741179516806,0.1595836345345301
robot3,709,0.2995060963770505,0.15973212132029105
robot3,710,0.300463251230332,0.15987979294296298
robot3,711,0.3015798678199725,0.16002662756363942
robot3,712,0.30251696730113675,0.16017270576807294
robot3,713,0.3038843697479337,0.16031785592381326
robot3,714,0.3049639051949919,0.16046223211219457
robot3,715,0.3058141932602097,0.16060593242115506
robot3,716,0.306806302951594,0.1607488849762077
robot3,717,0.3076700476539553,0.16089109638700871
robot3,718,0.30863060803186915,0.16103260993499058
robot3,719,0.30942596649338056,0.16117349626107247
robot3,720,0.31027230336975997,0.16131372421003526
robot3,721,0.31137154159070485,0.1614532453846614
robot3,722,0.31258084781917694,0.16159201153460626
robot3,723,0.31389340020476114,0.1617300744533347
robot3,724,0.3147835258429857,0.16186756596413232
robot3,725,0.3158142501443744,0.16200448202388298
robot3,726,0.31682036053259344,0.16214080179934215
robot3,727,0.3177275427018434,0.16227652356199143
robot3,728,0.31875626015016467,0.16241163268159672
robot3,729,0.31983792087179985,0.1625461417872327
robot3,730,0.3211346466231468,0.16268002052848193
robot3,731,0.32254416174591993,0.16281321123981737
robot3,732,0.3238852406855574,0.16294573070137575
robot3,733,0.3251688732984051,0.1630775473492763
robot3,734,0.32636797247121885,0.163208763042478
robot3,735,0.3275322644048036,0.16333938528645528
robot3,736,0.3287106467157842,0.16346941647892638
robot3,737,0.3298283420994411,0.16359895537124325
robot3,738,0.3308945496572148,0.16372797531724106
robot3,739,0.3320044876032466,0.16385644742558905
robot3,740,0.3331978893412438,0.1639843357066434
robot3,741,0.3342075823151123,0.16411172276811498
robot3,742,0.33469192497515465,0.1642388385115587
robot3,743,0.33555698101795745,0.16436556629826926
robot3,744,0.33665783676093436,0.16449188688144378
robot3,745,0.33750803894405623,0.1646178602190591
robot3,746,0.33825151776989476,0.16474347269488224
robot3,747,0.3391105071917082,0.16486876147169158
robot3,748,0.3402707027370588,0.16499366608182978
robot3,749,0.3412747651041768,0.16511816313546002
robot3,750,0.34266725774615747,0.16524217690774065
robot3,751,0.34400281547876743,0.1653657498834428
robot3,752,0.3451333512208477,0.16548892608029067
robot3,753,0.3464859747091497,0.16561166236889696
robot3,754,0.3474859023633042,0.1657340211017977
robot3,755,0.3484415503492299,0.16585602061383992
robot3,756,0.3496489084583525,0.1659776335181429
robot3,757,0.35082368226879657,0.16609887406917911
robot3,758,0.35209857976633024,0.16621972959341152
robot3,759,0.3532189247572748,0.16634027279278762
robot3,760,0.35422241786819597,0.1664605620948547
robot3,761,0.35522626755523995,0.1665806785187519
robot3,762,0.35585040211007785,0.16670078387635043
robot3,763,0.3562232361081293,0.16682093407090412
robot3,764,0.3570078733534931,0.16694128948755027
robot3,765,0.35791620609257646,0.16706189673550376
robot3,766,0.3586561963310505,0.16718274972872443
robot3,767,0.3593676669875386,0.1673038774808292
robot3,768,0.3599262569763687,0.1674252866881672
robot3,769,0.3605219591989761,0.16754694863548233
robot3,770,0.36090815064478116,0.16766885141211313
robot3,771,0.3616308925217563,0.16779109858023705
robot3,772,0.3622343011774571,0.1679136859790096
robot3,773,0.36274094857204314,0.16803652153250517
robot3,774,0.3639756750817425,0.1681597644737012
robot3,775,0.36493561548261405,0.16828339614225507
robot3,776,0.366445455477954,0.1684074566635562
robot3,777,0.36757683943380937,0.16853195692001213
robot3,778,0.36885916796998286,0.16865689267373787
robot3,779,0.37038442576927144,0.16878223229057376
robot3,780,0.3718222621379278,0.16890800026096453
robot3,781,0.3729095571270251,0.16903409717921286
robot3,782,0.37380818644441566,0.1691605174084706
robot3,783,0.37475498734785484,0.16928734025963335
robot3,784,0.3757693273693904,0.16941458954003988
robot3,785,0.3769044591272807,0.16954227578822245
robot3,786,0.3780135147374722,0.16967036990361894
robot3,787,0.3788139714747766,0.16979877142525807
robot3,788,0.3794776958935945,0.16992757743284234
robot3,789,0.38009020099113067,0.17005678491979975
robot3,790,0.38102742425268243,0.17018653326182967
robot3,791,0.3820356867478714,0.1703169079450477
robot3,792,0.38338669653689345,0.17044797976162093
robot3,793,0.3847133454869599,0.17057971098909464
robot3,794,0.38589677438571474,0.17071210948195228
robot3,795,0.38745704653051055,0.17084535015184169
robot3,796,0.3888680910587161,0.17097936807899364
robot3,797,0.3903764087062571,0.17111413842182624
robot3,798,0.39157675333809433,0.1712496458034022
robot3,799,0.39261518066825407,0.17138588321295875
robot3,800,0.3940992311341452,0.17152301091027572
robot3,801,0.39549274142175567,0.17166100443057827
robot3,802,0.3966640237086747,0.1717998194080116
robot3,803,0.3979621155719183,0.17193959835451522
robot3,804,0.39942388094947767,0.17208045896881255
robot3,805,0.40041558212317924,0.17222240875336728
robot3,806,0.4010291138734056,0.17236546297675928
robot3,807,0.4013189711711167,0.17250959701910215
robot3,808,0.4008947791618949,0.1726546839806419
robot3,809,0.40006409464595993,0.17280058331184067
robot3,810,0.398661786120724,0.17294713663302064
robot3,811,0.3973998007839147,0.173094247225948
robot3,812,0.39609448400237135,0.17324172954067418
robot3,813,0.39489943956689444,0.17338965217793048
robot3,814,0.3940264031730754,0.17353810684316257
robot3,815,0.39297307160678546,0.17368702336371714
robot3,816,0.39178748947892744,0.17383633957560798
robot3,817,0.3908036170384933,0.17398616416081802
robot3,818,0.38989314044617013,0.17413645066540778
robot3,819,0.38900504164348065,0.17428721303665246
robot3,820,0.38789304637702304,0.1744384932133827
robot3,821,0.3869460597698605,0.17459022411081257
robot3,822,0.3860784097662642,0.17474242104549978
robot3,823,0.3849696375207034,0.17489507265244544
robot3,824,0.3840803736040678,0.17504820987588984
robot3,825,0.3830694378466369,0.17520173947414755
robot3,826,0.3821973583955039,0.17535564380548713
robot3,827,0.3813410475803417,0.17550996999528737
robot3,828,0.380617244936388,0.17566474644308416
robot3,829,0.3801593512735169,0.17581992364866805
robot3,830,0.3796933181344028,0.17597539847341068
robot3,831,0.37910653817200674,0.1761312744824325
robot3,832,0.3784178014214387,0.17628753424533997
robot3,833,0.3778501307578576,0.1764441522879172
robot3,834,0.3771106636445018,0.1766011866899879
robot3,835,0.3764106457803772,0.17675864522287366
robot3,836,0.37560196656870887,0.1769165857985237
robot3,837,0.37486213898815035,0.17707502840491704
robot3,838,0.37402877900158477,0.17723392976906824
robot3,839,0.3731156673075273,0.17739317210342917
robot3,840,0.37230240613393567,0.17755277485254564
robot3,841,0.37152427847341,0.17771268436442222
robot3,842,0.37077436138379793,0.17787297574591585
robot3,843,0.3701463759194046,0.17803367066982695
robot3,844,0.3692744638106671,0.1781946554484761
robot3,845,0.3683826343873368,0.17835584399281276
robot3,846,0.36761740890478994,0.17851730920964773
robot3,847,0.3668324445411854,0.1786790040313131
robot3,848,0.3662937966810094,0.178841120075042
robot3,849,0.3656693264486991,0.1790035617609663
robot3,850,0.3649084854312734,0.17916618002204424
robot3,851,0.3642317396824037,0.17932907598480485
robot3,852,0.3637220260954434,0.17949225923174772
robot3,853,0.36306247633266675,0.17965694986921954
robot3,854,0.3625591851650857,0.17982175225418887
robot3,855,0.36238741622166154,0.1799868811636257
robot3,856,0.36249485935558623,0.18015254459824853
robot3,857,0.362424956458723,0.1803186742862657
robot3,858,0.36137389321053454,0.18048366192864873
robot3,859,0.3605249558613161,0.18064890429123368
robot3,860,0.35980129341448475,0.18081426886744748
robot3,861,0.35907368119637184,0.18097973458765948
robot3,862,0.35866820895693396,0.18114554430329374
robot3,863,0.35826398909823975,0.18131165257196324
robot3,864,0.35711796334128443,0.18147765572077315
robot3,865,0.35658916231791216,0.18164384146603127
robot3,866,0.3562480300302171,0.18181033361097185
robot3,867,0.35579891066393377,0.18197832511147108
robot3,868,0.35492304388066487,0.18214487386957792
robot3,869,0.3544618690845419,0.18231296829854138
robot3,870,0.3542840318044323,0.18248116785449117
robot3,871,0.35388201059234975,0.18264948088471472
robot3,872,0.3536489733033614,0.18281794878324942
robot3,873,0.3533236098705429,0.18298641005754798
robot3,874,0.3533471353088557,0.18315510127655665
robot3,875,0.35395706987552567,0.18332431135552946
robot3,876,0.3536340663049455,0.18349368830271442
robot3,877,0.35268446809695625,0.18366295863895987
robot3,878,0.3522520501146365,0.18383228070319102
robot3,879,0.35215885303709055,0.18400182967712106
robot3,880,0.351892843868446,0.18417020469135986
robot3,881,0.3510696691106119,0.18433854127189936
robot3,882,0.35036287929654203,0.1845067653041599
robot3,883,0.35011455160643373,0.1846750971538137
robot3,884,0.34942161334219757,0.1848433291915261
robot3,885,0.34904967488640415,0.1850116332081075
robot3,886,0.34936172339020927,0.18518030749093328
robot3,887,0.3491032207423031,0.18534908159207217
robot3,888,0.34847400461188366,0.18551777320021207
robot3,889,0.3480825633287652,0.18568647059524324
robot3,890,0.34812653372103036,0.18585671642322346
robot3,891,0.3484484920382361,0.1860272456263179
robot3,892,0.34823561458169,0.18619782125763173
robot3,893,0.34743743630120216,0.18636817880468712
robot3,894,0.34629178347550876,0.1865381165316238
robot3,895,0.3458169152797574,0.18670792921486742
robot3,896,0.346253774732268,0.18687802571074044
robot3,897,0.34667854159723194,0.18704843687518694
robot3,898,0.34618591999425313,0.1872187233996022
robot3,899,0.34593021953645364,0.18738899734288939
robot3,900,0.34604578197958674,0.18755943040267126
robot3,901,0.3460011030138018,0.18772993942869404
robot3,902,0.3456481739650415,0.18790035779682385
robot3,903,0.34527457129382383,0.18807065331216855
robot3,904,0.34486706852561605,0.18824079145912614
robot3,905,0.34411984736142115,0.18841057802658143
robot3,906,0.3442634076235624,0.18858044213674383
robot3,907,0.3447940422683603,0.18875055519698236
robot3,908,0.3446631476377342,0.18892060304998423
robot3,909,0.3447329883344076,0.18908573498030815
robot3,910,0.344664404647223,0.18925045581723604
robot3,911,0.3442556008401242,0.18941989837007142
robot3,912,0.343516220213174,0.18958919809648944
robot3,913,0.3429476234316435,0.18975808853390305
robot3,914,0.34215072200213925,0.1899264052397396
robot3,915,0.3413473409974701,0.19009411008783483
robot3,916,0.3412295919312016,0.1902602756330224
robot3,917,0.34087961841770203,0.19042616866018774
robot3,918,0.3388396295247246,0.19059072707876007
robot3,919,0.3364744394083524,0.19075372305814298
robot3,920,0.3350652567496893,0.1909169930507028
robot3,921,0.33421689530044857,0.1910746428214226
robot3,922,0.33303794852533075,0.19123600810706445
robot3,923,0.33174734493381647,0.1913965648510091
robot3,924,0.33012926937474296,0.1915559400778949
robot3,925,0.3280919500665857,0.19171388377623555
robot3,926,0.3256472212781402,0.1918701522725164
robot3,927,0.32301388121726765,0.19202462863874145
robot3,928,0.32102519835701204,0.19217768719845643
robot3,929,0.318786654437341,0.19232467635085196
robot3,930,0.3166730189266299,0.19247020085721944
robot3,931,0.3142139927380009,0.19261409003825095
robot3,932,0.31166638215588105,0.1927562782433371
robot3,933,0.3089753193533817,0.19289667640156638
robot3,934,0.3064585061144747,0.19303536952208258
robot3,935,0.30424366794784957,0.193172520765767
robot3,936,0.3021056371340226,0.19330817509992868
robot3,937,0.29990066477909066,0.1934422840115889
robot3,938,0.29699073187992514,0.19357443810027902
robot3,939,0.2943384245982359,0.1937047729042693
robot3,940,0.29179532665209235,0.1938333344930703
robot3,941,0.2894968047861313,0.1939602563464537
robot3,942,0.28747836607681876,0.1940856942247489
robot3,943,0.2853357388133,0.19420956893754165
robot3,944,0.2831239802147632,0.19433567040738586
robot3,945,0.2805220311299827,0.1944595635887415
robot3,946,0.2787259534545831,0.194582017787226
robot3,947,0.27703517983300974,0.1947030895599715
robot3,948,0.2752431490040476,0.1948227142023858
robot3,949,0.27392554409853204,0.19494117174801492
robot3,950,0.27387750204805544,0.19505559879021386
robot3,951,0.27510738669193624,0.1951744201781421
robot3,952,0.27634323563807056,0.19529330969962824
robot3,953,0.27648588578188504,0.19541193508354335
robot3,954,0.2770758611726789,0.19553056081146333
robot3,955,0.27815924173772744,0.19564949138562474
robot3,956,0.2786873550193328,0.1957683420349238
robot3,957,0.2800633227742492,0.1958840046534564
robot3,958,0.281567621052978,0.19600052201078108
robot3,959,0.28266240912250756,0.1961210556416509
robot3,960,0.2832537724003233,0.19624125343018128
robot3,961,0.28379664777793484,0.19636136579565766
robot3,962,0.285829246076184,0.1964823707039448
robot3,963,0.28743161747452056,0.1966040999375278
robot3,964,0.28817939800059933,0.1967259981205935
robot3,965,0.2883348654581855,0.1968476479258156
robot3,966,0.28908097167031355,0.19696942568050177
robot3,967,0.2900531810352185,0.19709148829842205
robot3,968,0.29143955527786114,0.19721022987272993
robot3,969,0.2928044887126563,0.1973296805233616
robot3,970,0.29422916546097916,0.19744965457851524
robot3,971,0.2956884506377389,0.19757019816427412
robot3,972,0.29731694307238177,0.19769143211283338
robot3,973,0.29875494632695326,0.19781322138320628
robot3,974,0.3000954160522191,0.19793548703896802
robot3,975,0.30169801090553,0.19805838821475658
robot3,976,0.30312448904684985,0.19818183888442878
robot3,977,0.30445554952988413,0.1983057931646455
robot3,978,0.30567192251273756,0.19843016696636379
robot3,979,0.3073111223652454,0.19855521197829507
robot3,980,0.3089924923628974,0.19868097817017474
robot3,981,0.3106179848860277,0.19880742189974548
robot3,982,0.31207336906076877,0.19893441366549888
robot3,983,0.31355479038176914,0.19906198895919
robot3,984,0.31497793956444364,0.19919009697815268
robot3,985,0.31662374063067705,0.1993189043081089
robot3,986,0.3183554747508833,0.19944846004100428
robot3,987,0.32023662169355305,0.19957885290323257
robot3,988,0.3219703056594953,0.19971418299436258
robot3,989,0.3237075919220114,0.19985028972671354
robot3,990,0.32564151439645733,0.1999831068489417
robot3,991,0.32755232239740295,0.20011678153070542
robot3,992,0.3292048328215291,0.200254115828989
robot3,993,0.33075436847533385,0.2003936426706578
robot3,994,0.33250899623901603,0.20053255929868513
robot3,995,0.33461280584365577,0.20067398627373464
robot3,996,0.33670380293801044,0.20081498371757409
robot3,997,0.3388637741689633,0.20095711805249633
robot3,998,0.3409796388782825,0.2011002376410048
robot3,999,0.3430986997642711,0.20124439106029654
robot3,1000,0.3452165531304905,0.201389574087149
robot3,1001,0.3472863185508898,0.2015357893389252
robot3,1002,0.34909384962668477,0.20168285737984262
robot3,1003,0.3508070846680113,0.20183070508237244
robot3,1004,0.3528545517051309,0.20197956502153666
robot3,1005,0.3548696920906536,0.20212958368433814
robot3,1006,0.3565417997265448,0.20228208057440802
robot3,1007,0.35759896578514094,0.2024337620376383
robot3,1008,0.358767497824425,0.20258639571995743
robot3,1009,0.3594907957943394,0.20273962044261062
robot3,1010,0.3598825336743937,0.2028932080057408
robot3,1011,0.36011401466032134,0.20304853504756812
robot3,1012,0.3597795294178826,0.20320225888505303
robot3,1013,0.3596144718903347,0.20335620673690805
robot3,1014,0.3590765996409607,0.20351011369640234
robot3,1015,0.3586300370435886,0.20366402644068854
robot3,1016,0.3578053360065514,0.20381760830550494
robot3,1017,0.3566695665420297,0.2039705691163397
robot3,1018,0.35538644039272105,0.20412279721210372
robot3,1019,0.35443302209923977,0.2042744736550413
robot3,1020,0.35349522785928855,0.20442554711318334
robot3,1021,0.35259901944359195,0.20457606783289478
robot3,1022,0.3517249893168116,0.20472611250275705
robot3,1023,0.35087279882573236,0.2048756209467255
robot3,1024,0.35000370434807143,0.20502455242087736
robot3,1025,0.34909381362269953,0.20517285409934546
robot3,1026,0.3483432616367586,0.20532062468236406
robot3,1027,0.3476228819642321,0.20546785819827842
robot3,1028,0.34662471622495744,0.20561431213072812
robot3,1029,0.3460296642954066,0.20576025336408904
robot3,1030,0.34532329066997186,0.20590556033376003
robot3,1031,0.34493905321155266,0.20605044129063735
robot3,1032,0.3447732630335134,0.2061950290579492
robot3,1033,0.34482634683994096,0.20633946089867997
robot3,1034,0.344893823062323,0.206483720043216
robot3,1035,0.34462226131132945,0.20662752159456224
robot3,1036,0.34479878735096675,0.2067711744117174
robot3,1037,0.3450768326278716,0.20691473908289423
robot3,1038,0.34499890479881445,0.20705792087583139
robot3,1039,0.3449065761252339,0.20720067094188888
robot3,1040,0.34509080510185364,0.20734317166314836
robot3,1041,0.3452980408862613,0.20748541588526215
robot3,1042,0.3456071509218879,0.2076274215612531
robot3,1043,0.34541275222239215,0.2077687996142492
robot3,1044,0.34557663665070615,0.20790982077732706
robot3,1045,0.34592880238447427,0.2080506405257021
robot3,1046,0.3467767067010948,0.20819159157420478
robot3,1047,0.3473049686091683,0.20833235717686313
robot3,1048,0.34822554292232794,0.20847465247975178
robot3,1049,0.35001370072815197,0.20861773511840934
robot3,1050,0.3517252632503846,0.20876167193685563
robot3,1051,0.3529783447818377,0.20890117550044646
robot3,1052,0.35350183848385297,0.20904581603852296
robot3,1053,0.3545872451522566,0.20919101265766102
robot3,1054,0.35583538839306966,0.20933561767413705
robot3,1055,0.357764260308454,0.20948308944802674
robot3,1056,0.3600606829847692,0.20963208009197493
robot3,1057,0.3622416312944224,0.20978259076033356
robot3,1058,0.364603111699226,0.20993461549682532
robot3,1059,0.36705602693934475,0.2100868963227904
robot3,1060,0.3696941466367531,0.21024122399942594
robot3,1061,0.37212057217164407,0.21039724927958772
robot3,1062,0.37447767576470375,0.21055488277832593
robot3,1063,0.3767531695791422,0.21071397742271858
robot3,1064,0.37899010903014146,0.21087451357803935
robot3,1065,0.38122664264693734,0.21103652245994695
robot3,1066,0.3832579596840341,0.21119982105926005
robot3,1067,0.3855522378581467,0.21136460558669332
robot3,1068,0.38776764011791853,0.21153084228551497
robot3,1069,0.38982001404049804,0.21169837869879335
robot3,1070,0.39192587173036963,0.21186728014220982
robot3,1071,0.3936223779353231,0.21203726398932204
robot3,1072,0.3954131362361027,0.2122084099597271
robot3,1073,0.3974683610171207,0.21238097845045387
robot3,1074,0.399629530936693,0.21255503925155286
robot3,1075,0.40150750771473986,0.21273032080379384
robot3,1076,0.40359498939668875,0.21290705584213285
robot3,1077,0.40607873065966943,0.21308565105272567
robot3,1078,0.40857630343761625,0.21326598995486143
robot3,1079,0.4109296109618536,0.21344788778689547
robot3,1080,0.4131332885342318,0.2136312449452574
robot3,1081,0.4156221592931557,0.213816425950073
robot3,1082,0.41792664832731574,0.2140032656493036
robot3,1083,0.4201240399528102,0.21419162633790087
robot3,1084,0.4224098070476076,0.2143815822567239
robot3,1085,0.4247550121306721,0.21457320432060184
robot3,1086,0.42706931911262386,0.21476650246056647
robot3,1087,0.42933263128483523,0.2149614197460594
robot3,1088,0.43148693572135605,0.21515784701898477
robot3,1089,0.4337035553124752,0.21535576466994022
robot3,1090,0.43612768234095745,0.2155553650689149
robot3,1091,0.4388806837510402,0.21575694970676593
robot3,1092,0.4413092480908774,0.2159601613584132
robot3,1093,0.44336170829163973,0.21616469113125072
robot3,1094,0.445493052697468,0.21637062237683044
robot3,1095,0.4476937048376027,0.21657803685014973
robot3,1096,0.4502713256257953,0.2167872652017914
robot3,1097,0.45254645366034013,0.21699797434383153
robot3,1098,0.4550139935315221,0.21721029286968044
robot3,1099,0.45795063073721026,0.21742474698783737
robot3,1100,0.4605103276744763,0.21764093302836765
robot3,1101,0.46296164960045644,0.21785876259112152
robot3,1102,0.4657572186045146,0.218078523735237
robot3,1103,0.4683876842026162,0.21830011507048475
robot3,1104,0.4707560608863646,0.21852335745179954
robot3,1105,0.47314232254174826,0.21874829157303205
robot3,1106,0.4755426976030975,0.2189749015710312
robot3,1107,0.47777396607615097,0.21920306661895747
robot3,1108,0.48008240317186773,0.21943289574735786
robot3,1109,0.48185152159416034,0.21966381333745874
robot3,1110,0.4838257989444768,0.21989611910687226
robot3,1111,0.48611895649822423,0.2201302904037281
robot3,1112,0.48846190630630165,0.2203662286087624
robot3,1113,0.49090830319335327,0.22060388482135043
robot3,1114,0.4935942243424763,0.22084350169227612
robot3,1115,0.4959911500719476,0.22108495933037067
robot3,1116,0.4983269691915841,0.2213281713822081
robot3,1117,0.5009898258454207,0.22157341313419437
robot3,1118,0.5037965303781257,0.22182084356743922
robot3,1119,0.5065364468738853,0.22207032521772546
robot3,1120,0.5090864003305345,0.22232171822935326
robot3,1121,0.5114909523699137,0.22257488290430696
robot3,1122,0.513995362085658,0.2228299069389011
robot3,1123,0.5167094665089571,0.22308713034198008
robot3,1124,0.5192502811665888,0.22334634147261875
robot3,1125,0.5216672523624464,0.2236073697263425
robot3,1126,0.524573903262374,0.22387065487365485
robot3,1127,0.5276729380220628,0.22413641251409142
robot3,1128,0.5306863468293056,0.22440443731187104
robot3,1129,0.5336005657696684,0.22467457392503326
robot3,1130,0.5364220299492365,0.2249469339004986
robot3,1131,0.539446300006086,0.22522163668599604
robot3,1132,0.5425333846082611,0.2254988117290862
robot3,1133,0.545205263601095,0.2257779953801984
robot3,1134,0.5476951722869263,0.22605893081722864
robot3,1135,0.5498884936569001,0.22634138803608914
robot3,1136,0.5522904523350354,0.22662563363683788
robot3,1137,0.5546376691099891,0.22691163087714955
robot3,1138,0.5572185619183584,0.2271995967589051
robot3,1139,0.5598990065905499,0.22748960496134013
robot3,1140,0.5624126058158462,0.22778151304072347
robot3,1141,0.5649663504572401,0.22807539829141718
robot3,1142,0.5675603782230453,0.22837128452157687
robot3,1143,0.5703283311533284,0.2286693812428799
robot3,1144,0.5730046080158522,0.2289695798354466
robot3,1145,0.5756742961946328,0.22927188774486043
robot3,1146,0.5782133251114369,0.2295761683458878
robot3,1147,0.5806243559953497,0.229882299954702
robot3,1148,0.582975076039263,0.23019026449013275
robot3,1149,0.5850921374051472,0.230499725257259
robot3,1150,0.5870954466612518,0.23081064329757972
robot3,1151,0.5893930352909978,0.23112340042139776
robot3,1152,0.5917501226464172,0.23143805394471942
robot3,1153,0.593891183725657,0.23175449574432497
robot3,1154,0.5962376963897452,0.23207279622747326
robot3,1155,0.598615950761439,0.2323928981932725
robot3,1156,0.6012884069689247,0.23271508302234808
robot3,1157,0.6038750612681307,0.23303931794926142
robot3,1158,0.6060709023683519,0.23336520767701127
robot3,1159,0.6083714440321659,0.23369289224697
robot3,1160,0.6107842773010368,0.23402252040002716
robot3,1161,0.6135151353758546,0.23435435909508498
robot3,1162,0.6162456654767183,0.23468842081115995
robot3,1163,0.6189985157122513,0.23502458974927878
robot3,1164,0.6214530020110464,0.23536254514734806
robot3,1165,0.6240571105046309,0.2357026161279145
robot3,1166,0.6261729596573631,0.2360441513635686
robot3,1167,0.6284431181408345,0.23638738130621803
robot3,1168,0.6308759355033376,0.23673262855951546
robot3,1169,0.6338017403628508,0.23708035420075813
robot3,1170,0.636682676761141,0.23743039200709715
robot3,1171,0.6392796420879812,0.23778227449573697
robot3,1172,0.6418722296188788,0.2381360786381744
robot3,1173,0.6446049218434118,0.23849209053351236
robot3,1174,0.6476257252322889,0.23885058539983822
robot3,1175,0.6507215158928262,0.23921146991427752
robot3,1176,0.6538347339573747,0.23957471905414937
robot3,1177,0.656869865035254,0.2399403814856939
robot3,1178,0.6598020161756044,0.2403083655970615
robot3,1179,0.6628444580987449,0.24067877191033898
robot3,1180,0.6656701586694905,0.24105133821084765
robot3,1181,0.6686736331774938,0.24142617591431598
robot3,1182,0.6717829237516632,0.24180336490900167
robot3,1183,0.6746952733995546,0.242182773965126
robot3,1184,0.6772663948300923,0.24256405817884114
robot3,1185,0.6798234827462202,0.24294724629382353
robot3,1186,0.682798584689828,0.24333282840676862
robot3,1187,0.6857131835766159,0.24372060296688564
robot3,1188,0.6887024746128654,0.2441106075410134
robot3,1189,0.6919697432977857,0.24450312295461785
robot3,1190,0.6950928664701241,0.24489805031496384
robot3,1191,0.6977590671069795,0.24529489317441394
robot3,1192,0.7003146906026334,0.2456936124619681
robot3,1193,0.7026266724667457,0.24609389846934043
robot3,1194,0.7042182624800638,0.2464950176090632
robot3,1195,0.7054811780275819,0.2468967551815427
robot3,1196,0.7066805301827537,0.24729928934846232
robot3,1197,0.7072498239872498,0.24770210915886043
robot3,1198,0.7075692161124431,0.24810487361046243
robot3,1199,0.7078020147765243,0.24850794925393305
robot3,1200,0.7076846375568134,0.2489131391979747
robot3,1201,0.7075872562717851,0.24931775523454963
robot3,1202,0.7072868325639471,0.249722050392458
robot3,1203,0.7072856252495681,0.25012652240263517
robot3,1204,0.7072871336492849,0.25053149373865546
robot3,1205,0.7077103513832471,0.2509374097649904
robot3,1206,0.7094030570760212,0.2513453653404018
robot3,1207,0.7122095298589034,0.2517562676286541
robot3,1208,0.7150349512310825,0.25216774289340294
robot3,1209,0.7173154761348244,0.25258416308001286
robot3,1210,0.719292559130624,0.253002323572088
robot3,1211,0.7205976233811154,0.2534220216893286
robot3,1212,0.7206463171397051,0.2538395208300648
robot3,1213,0.7217826392157173,0.2542582371455999
robot3,1214,0.7224033750913053,0.2546778549848796
robot3,1215,0.7226721546159589,0.2550980779783978
robot3,1216,0.7226268424867492,0.2555186898518949
robot3,1217,0.7226845454022128,0.2559396779120956
robot3,1218,0.7226682375128801,0.25636108102309113
robot3,1219,0.7226720903155482,0.25678283007769126
robot3,1220,0.7223011720184047,0.2572047297399529
robot3,1221,0.7224168581845112,0.2576270923387215
robot3,1222,0.7229769794640344,0.2580504093146448
robot3,1223,0.7230382106841454,0.2584741095977251
robot3,1224,0.723057011368613,0.25889831360035825
robot3,1225,0.7235224439918945,0.25932343190098694
robot3,1226,0.7240348536420854,0.25974939459878277
robot3,1227,0.7243506937062301,0.2601759415118038
robot3,1228,0.7246856103867862,0.26060311999377556
robot3,1229,0.7249205502252594,0.26103087355082627
robot3,1230,0.725341750915898,0.26145936942292464
robot3,1231,0.7260161872938184,0.2618886999639696
robot3,1232,0.7266922946774889,0.2623189908371375
robot3,1233,0.7272631333704285,0.2627501319189158
robot3,1234,0.7278940970712122,0.2631820942887941
robot3,1235,0.7284275069419962,0.2636147761233297
robot3,1236,0.7291710822165605,0.2640483403716667
robot3,1237,0.7295768055639112,0.2644824667852456
robot3,1238,0.729994951262748,0.26491715112788483
robot3,1239,0.7304883439654133,0.2653524315434113
robot3,1240,0.7309194943118518,0.265788339162942
robot3,1241,0.7315075130859728,0.26622487174891946
robot3,1242,0.7319979016114677,0.26666195163930495
robot3,1243,0.7323825929675087,0.26709957845738597
robot3,1244,0.7327327325650596,0.26753770936336174
robot3,1245,0.7330804775018106,0.2679762769518058
robot3,1246,0.7336080670603512,0.2684154891289677
robot3,1247,0.7340694043775664,0.26885528512338114
robot3,1248,0.7344844769406786,0.26929556702805524
robot3,1249,0.7346081615921114,0.2697360508040557
robot3,1250,0.7345015733488932,0.27017650085489
robot3,1251,0.7352455071173354,0.2706176851725905
robot3,1252,0.7363566327854805,0.27105996348592837
robot3,1253,0.7372951657538578,0.2715031782161213
robot3,1254,0.7378564488147038,0.27194690691117174
robot3,1255,0.7385717453282054,0.2723912890373552
robot3,1256,0.7394995214100937,0.2728365243645966
robot3,1257,0.7407085832230718,0.2732828743484252
robot3,1258,0.7414940452027284,0.27372990771222017
robot3,1259,0.742458985919125,0.2741778051446513
robot3,1260,0.7438306650782592,0.2746269731226711
robot3,1261,0.7451121683267787,0.27507732147162506
robot3,1262,0.7461601784442264,0.2755285811444953
robot3,1263,0.7469812101259338,0.2759805043103467
robot3,1264,0.7478092057970959,0.27643311067099346
robot3,1265,0.7486719763581948,0.2768864032942818
robot3,1266,0.7493641123604864,0.2773401998851803
robot3,1267,0.7502581591805635,0.2777946799341432
robot3,1268,0.7513651325513346,0.278250045647294
robot3,1269,0.7517967333912259,0.27870560327356664
robot3,1270,0.7524615014813895,0.2791615767118517
robot3,1271,0.7531089640562979,0.2796179092667615
robot3,1272,0.7539473647019912,0.28007479651735767
robot3,1273,0.7547776728214959,0.2805322023027179
robot3,1274,0.7554564618397466,0.28098995637025936
robot3,1275,0.7563497968832367,0.2814482734666576
robot3,1276,0.7574229430941388,0.28190732918359734
robot3,1277,0.7587156504258395,0.2823673426519886
robot3,1278,0.7600233713328706,0.2828283204350147
robot3,1279,0.7610771200639229,0.2832899998090701
robot3,1280,0.7621221560385647,0.283752360249261
robot3,1281,0.7632286600142982,0.28421545461518116
robot3,1282,0.764418524996957,0.2846793439358076
robot3,1283,0.7657354585323408,0.2851441457433357
robot3,1284,0.7671393087939755,0.28560993256971395
robot3,1285,0.7683297703618369,0.28607647607850106
robot3,1286,0.7696701203200477,0.286543911520059
robot3,1287,0.7709691551048287,0.2870121856033238
robot3,1288,0.7719641373820351,0.2874809806250321
robot3,1289,0.7728875595231824,0.28795021964141804
robot3,1290,0.7740021609219588,0.28842008496851623
robot3,1291,0.7750862098292284,0.28889054488291005
robot3,1292,0.7761862253594227,0.2893616126889101
robot3,1293,0.7770452690026479,0.2898330492544814
robot3,1294,0.7777507250358447,0.29030469891620453
robot3,1295,0.7788041361446757,0.29077690346777874
robot3,1296,0.7797630906234836,0.29124957688400255
robot3,1297,0.7811401104050268,0.2917231089826297
robot3,1298,0.7826482051488056,0.29219761168003144
robot3,1299,0.7839758031116012,0.2926728865188767
robot3,1300,0.7848313656554666,0.2931484869190519
robot3,1301,0.7865058805182583,0.29362517034959507
robot3,1302,0.7879871839864702,0.2941027506857674
robot3,1303,0.789219800404526,0.2945809639900869
robot3,1304,0.7905489920992615,0.29505990597809706
robot3,1305,0.7917022635995182,0.2955393928623309
robot3,1306,0.7930489837745845,0.29601953521951574
robot3,1307,0.7938579336172051,0.29649976584559457
robot3,1308,0.7939364974153702,0.29697935764760236
robot3,1309,0.7931128775081481,0.2974574274182732
robot3,1310,0.7915419863069072,0.2979332500330671
robot3,1311,0.7900885470641629,0.29840711087713223
robot3,1312,0.7883700464651422,0.29887864724419005
robot3,1313,0.7866639195564588,0.2993478714210465
robot3,1314,0.7843629316527831,0.2998142783438565
robot3,1315,0.7820839433506699,0.30027793064132524
robot3,1316,0.7799424476497275,0.3007390119001757
robot3,1317,0.7782433274339872,0.3011979441718583
robot3,1318,0.7767749418147272,0.30165493101831
robot3,1319,0.7745157612700564,0.30210921100802646
robot3,1320,0.7723434348544939,0.3025609231863496
robot3,1321,0.7698185047788998,0.303009766547417
robot3,1322,0.7669275076394418,0.30345533270394653
robot3,1323,0.7640820434804368,0.30389772371299695
robot3,1324,0.7611294854472124,0.30433678878571735
robot3,1325,0.7587349048051699,0.30477305878923655
robot3,1326,0.7559590714167327,0.3052061706779156
robot3,1327,0.7541054969743922,0.3056369555202657
robot3,1328,0.7521971195844408,0.3060653233593481
robot3,1329,0.7509363424108318,0.30649194285338144
robot3,1330,0.7494440966757832,0.3069165118241837
robot3,1331,0.7473078326101021,0.3073383275715133
robot3,1332,0.7450580653591892,0.3077572737978323
robot3,1333,0.7429717768176588,0.3081734739505158
robot3,1334,0.7406335722299919,0.30858668666330086
robot3,1335,0.7379190963419848,0.3089965594392996
robot3,1336,0.7358323072476316,0.3094037400950922
robot3,1337,0.7334717652076392,0.3098079541836847
robot3,1338,0.7312035016624325,0.31020918796792823
robot3,1339,0.7293798486582922,0.3106079576919152
robot3,1340,0.7268128603355214,0.31100366650921657
robot3,1341,0.7245173186543241,0.31139656782044633
robot3,1342,0.7222303827892829,0.3117865517855387
robot3,1343,0.7197149786010408,0.312173461363829
robot3,1344,0.7179005584017885,0.31255790584874005
robot3,1345,0.7162167310645534,0.31294005807471315
robot3,1346,0.7141033543040908,0.31331945715171444
robot3,1347,0.7126051819789762,0.3136968002054111
robot3,1348,0.7103914431574176,0.31407131986124076
robot3,1349,0.7077036173919343,0.31444262995961864
robot3,1350,0.7051214547513519,0.3148107359599087
robot3,1351,0.7022188591680409,0.3151753509164395
robot3,1352,0.6997911829890398,0.3155370394622403
robot3,1353,0.6968576645101743,0.3158952924346251
robot3,1354,0.6939341130486051,0.3162501435420277
robot3,1355,0.6909558447575108,0.3166014763882645
robot3,1356,0.6880785258791705,0.31694946626887927
robot3,1357,0.685141495667553,0.31729401003560814
robot3,1358,0.6824795899451085,0.31763537671837616
robot3,1359,0.6795497014250228,0.3179731700849107
robot3,1360,0.676198006404724,0.3183069830197482
robot3,1361,0.6731915865090201,0.3186371766174408
robot3,1362,0.6708089297051071,0.31896439272094296
robot3,1363,0.6683152762699156,0.3192885764947085
robot3,1364,0.6657076621013723,0.31960956681779945
robot3,1365,0.6624867101993414,0.31992663321240644
robot3,1366,0.6600932238964847,0.32024083936840325
robot3,1367,0.6579623175796768,0.32055238548889975
robot3,1368,0.6551293451358371,0.320860556273599
robot3,1369,0.6523313536364544,0.3211652903521937
robot3,1370,0.6495725814687698,0.32146672380270347
robot3,1371,0.6470722812309951,0.3217651494156228
robot3,1372,0.6440945546918426,0.3220600101469979
robot3,1373,0.6410278697895048,0.32235112339231653
robot3,1374,0.6380428059902845,0.322638567778514
robot3,1375,0.6345865660452874,0.32292185137372603
robot3,1376,0.6311343174136681,0.3232008880350324
robot3,1377,0.6285355894187645,0.3234765278865733
robot3,1378,0.6248190314876704,0.32374760599247565
robot3,1379,0.6217115954341726,0.3240148955236442
robot3,1380,0.6190436846315049,0.3242788423518446
robot3,1381,0.6162316933890112,0.32453935666440137
robot3,1382,0.6134998145180395,0.3247964054116926
robot3,1383,0.6108154013946481,0.32505000983561677
robot3,1384,0.607864042627082,0.325299928916566
robot3,1385,0.6047888487178267,0.32554597814079783
robot3,1386,0.6019109323967458,0.32578837938736327
robot3,1387,0.5995910459022387,0.3260278128974135
robot3,1388,0.5972873996199403,0.326264161444139
robot3,1389,0.5942145238748445,0.3264966836735237
robot3,1390,0.5915683687297476,0.32672570812189894
robot3,1391,0.5883340699439792,0.3269507127166729
robot3,1392,0.5848051793911719,0.3271716030089241
robot3,1393,0.5814634037972881,0.32738833795320227
robot3,1394,0.578438383611915,0.32760131008359006
robot3,1395,0.5762930628209582,0.32781132450861084
robot3,1396,0.5735711589634012,0.32801796902162256
robot3,1397,0.5697408266249074,0.32821997038125394
robot3,1398,0.5671484168625113,0.32841854291713757
robot3,1399,0.5654124757567051,0.3286145548058416
robot3,1400,0.5628462577728249,0.32880715866688465
robot3,1401,0.5593950119141353,0.3289954444066794
robot3,1402,0.5556468232927346,0.3291790905883046
robot3,1403,0.5531198759709641,0.329359368619821
robot3,1404,0.5510798185451482,0.329537092255197
robot3,1405,0.5491638644433292,0.32971173484889793
robot3,1406,0.5464867211129839,0.3298820629176654
robot3,1407,0.5439903080645623,0.3300489589125453
robot3,1408,0.541686033013505,0.3302123058925857
robot3,1409,0.5391574542246463,0.3303722286482814
robot3,1410,0.5367144912692795,0.3305289899568376
robot3,1411,0.5346057313573237,0.3306828341475669
robot3,1412,0.532539616217654,0.33083393340522904
robot3,1413,0.5303499524929807,0.33098198888283364
robot3,1414,0.528236632118141,0.3311264366656282
robot3,1415,0.5265465117360714,0.3312679107930284
robot3,1416,0.5248618608158263,0.331406393985678
robot3,1417,0.5230061822685204,0.3315420410323862
robot3,1418,0.5204434885328632,0.33167485914407685
robot3,1419,0.5182855892865184,0.33180494943765876
robot3,1420,0.5160970725881859,0.33193196414916437
robot3,1421,0.513423849428761,0.3320554261036444
robot3,1422,0.5105715281041097,0.3321750898016444
robot3,1423,0.5080495050283328,0.3322909578031696
robot3,1424,0.5060649610076143,0.3324030384960947
robot3,1425,0.5031636668758795,0.33251098023877584
robot3,1426,0.5008741955850163,0.3326153634485118
robot3,1427,0.4987660032456574,0.33271610104863975
robot3,1428,0.49693357921057785,0.3328134002394922
robot3,1429,0.4950009817478488,0.33290702633339975
robot3,1430,0.4929213845175582,0.3329970704403785
robot3,1431,0.49144051507483255,0.3330839155677009
robot3,1432,0.48993032930339747,0.33316774892962225
robot3,1433,0.48804795779195514,0.33324848645919436
robot3,1434,0.4853653024417857,0.33332531743518495
robot3,1435,0.4829752759054643,0.333398500572335
robot3,1436,0.4811226170498863,0.33346809861437177
robot3,1437,0.4800882995270873,0.3335349515202541
robot3,1438,0.4785904587799681,0.33359879166193673
robot3,1439,0.47663133085193937,0.3336592552367827
robot3,1440,0.47492941881623685,0.3337162119665771
robot3,1441,0.4736891751498693,0.33377013432188535
robot3,1442,0.47242500082618993,0.33382107829487495
robot3,1443,0.4714728603055174,0.333869283451153
robot3,1444,0.4699194779685697,0.33391461126650157
robot3,1445,0.46853648433504447,0.3339574304132816
robot3,1446,0.4668558797140018,0.3339979025739522
robot3,1447,0.4657541170444745,0.33403567948384544
robot3,1448,0.4640969113394059,0.3340708797482481
robot3,1449,0.46221816297930635,0.33410360470877537
robot3,1450,0.4606818557024575,0.3341331174123913
robot3,1451,0.45968302132221006,0.33416046971785224
robot3,1452,0.45874090590658684,0.3341850575167433
robot3,1453,0.4572910181705733,0.33420710712378365
robot3,1454,0.4557100132556581,0.3342262385529712
robot3,1455,0.4543196173263558,0.3342423402393337
robot3,1456,0.45331271517030486,0.33425556752783026
robot3,1457,0.45239475557331793,0.3342663067614693
robot3,1458,0.4507624996488213,0.3342742743204545
robot3,1459,0.4497751526192349,0.3342794246034973
robot3,1460,0.4495821534800299,0.3342819426160313
robot3,1461,0.4488165046751752,0.3342823462302592
robot3,1462,0.44749579345473606,0.3342797443829169
robot3,1463,0.4461086552784085,0.3342741257328863
robot3,1464,0.44548191410668014,0.33426579461645906
robot3,1465,0.4445592931143313,0.3342547618752696
robot3,1466,0.4432177786583241,0.3342410122625983
robot3,1467,0.44335607140273453,0.33422505254018525
robot3,1468,0.443342066375355,0.33420702279947795
robot3,1469,0.44214305522323216,0.33418667697652066
robot3,1470,0.440261906982141,0.33416411980418875
robot3,1471,0.4387418143490444,0.33413866076165727
robot3,1472,0.4380055702966892,0.33411050772654477
robot3,1473,0.43706548752770735,0.3340795333411082
robot3,1474,0.43589928446476217,0.334045553391835
robot3,1475,0.4352165470278846,0.334008936207614
robot3,1476,0.4342974657691208,0.3339695105344681
robot3,1477,0.4333314415406311,0.33392739401093613
robot3,1478,0.43257532610635885,0.33388254030447195
robot3,1479,0.4320576564980836,0.33383539511065274
robot3,1480,0.4313166212799849,0.33378582434342113
robot3,1481,0.4298438103182785,0.33373357618119737
robot3,1482,0.42879320101064655,0.33367841455095376
robot3,1483,0.42874506921290767,0.333620867705863
robot3,1484,0.4295541186952918,0.33356139839471277
robot3,1485,0.4280024870653119,0.3334991135345769
robot3,1486,0.4253129786268956,0.3334336624293716
robot3,1487,0.42394322003586277,0.3333650708396019
robot3,1488,0.4239992267989167,0.333293656093587
robot3,1489,0.4239516732574096,0.33321903451626644
robot3,1490,0.4233183771429321,0.3331412528248846
robot3,1491,0.42420541839672754,0.3330610058493924
robot3,1492,0.42324227659449315,0.33297787535904944
robot3,1493,0.4216333615865634,0.33289169451788386
robot3,1494,0.42056808675411417,0.3328023833015462
robot3,1495,0.4199713333660185,0.3327098084963646
robot3,1496,0.4199135027733082,0.3326143223626161
robot3,1497,0.41893969196756914,0.3325154575653796
robot3,1498,0.41789092070563477,0.33241298382410545
robot3,1499,0.4173501160565048,0.33230712896150255
robot3,1500,0.4164215122521949,0.3321978642125424
robot3,1501,0.4150016506698085,0.33208493883880463
robot3,1502,0.41482001550789527,0.33196888173019234
robot3,1503,0.41490055905885087,0.33184994014394964
robot3,1504,0.41308331750229405,0.3317274516950129
robot3,1505,0.41245585561960524,0.33160189621939745
robot3,1506,0.41216611868743114,0.3314729775065504
robot3,1507,0.4111499695876407,0.33134050054195213
robot3,1508,0.41000711675421553,0.3312045117733186
robot3,1509,0.40898246059980176,0.33106452763325867
robot3,1510,0.40783226301844133,0.3309206978634671
robot3,1511,0.4072866232537668,0.3307727916131598
robot3,1512,0.4074919969986361,0.33062109296448433
robot3,1513,0.40736763926172787,0.3304650141751803
robot3,1514,0.4069370080770582,0.33030417832428693
robot3,1515,0.4061999483702528,0.3301386012576314
robot3,1516,0.40560957476417314,0.3299685423868922
robot3,1517,0.40505307191618245,0.32979361221368214
robot3,1518,0.40522777292322865,0.32961398898710004
robot3,1519,0.4067613640657352,0.3294305724601296
robot3,1520,0.4086035253352896,0.32924337980099194
robot3,1521,0.40909275311239895,0.32905255835955555
robot3,1522,0.41058902498740996,0.32885834112245826
robot3,1523,0.4129473085257244,0.32866110226672096
robot3,1524,0.4144942936030338,0.3284608595402352
robot3,1525,0.413935684767366,0.32825703711618726
robot3,1526,0.412591789640337,0.32805014295588447
robot3,1527,0.41237692381228275,0.327840183681289
robot3,1528,0.4119766816197808,0.32762611124204993
robot3,1529,0.41156945972900133,0.32740720717751987
robot3,1530,0.41172643470354164,0.32718326360966155
robot3,1531,0.41110795750287116,0.32695429776447443
robot3,1532,0.4112009507955705,0.3267210562454047
robot3,1533,0.4119515153228624,0.32648305270811123
robot3,1534,0.41260085658482193,0.3262399129960755
robot3,1535,0.4128552959950887,0.32599180962157637
robot3,1536,0.41324876907533725,0.32573883607875176
robot3,1537,0.41445902893756753,0.32548091047413236
robot3,1538,0.41613834477908695,0.32521827118086144
robot3,1539,0.4177408255313138,0.3249508784653504
robot3,1540,0.41916409557795803,0.3246788217712254
robot3,1541,0.41991907546923796,0.3244017083967834
robot3,1542,0.4201419145851231,0.32411963900923013
robot3,1543,0.4207459007659874,0.3238323515036732
robot3,1544,0.42259269160130614,0.323540456433065
robot3,1545,0.4238363917861876,0.32324333500579605
robot3,1546,0.4244154009008358,0.3229416548085914
robot3,1547,0.4270991819296529,0.322635490161102
robot3,1548,0.42950205885078885,0.3223246722116064
robot3,1549,0.4312335828066089,0.3220091287292209
robot3,1550,0.43164411653728163,0.3216886935760239
robot3,1551,0.4329156195941776,0.3213628851562958
robot3,1552,0.43430870943398764,0.32103207699506664
robot3,1553,0.43618157057304346,0.3206965989870811
robot3,1554,0.43802945047329317,0.3203562371705871
robot3,1555,0.4398385236577995,0.32001090607489624
robot3,1556,0.44178078572647295,0.3196607759693359
robot3,1557,0.44424288811748575,0.31930584789567384
robot3,1558,0.44654029943148144,0.3189461622577015
robot3,1559,0.4489596748458478,0.31858204022993575
robot3,1560,0.45132847962584827,0.3182133691713537
robot3,1561,0.4530846123178579,0.31783987445602435
robot3,1562,0.45557425917812916,0.3174615112946723
robot3,1563,0.45843271431620586,0.3170784697959358
robot3,1564,0.4620217185253159,0.3166919581433687
robot3,1565,0.46461773188271316,0.31630133871462307
robot3,1566,0.4672272373075828,0.31590693025047234
robot3,1567,0.46879645761248745,0.3155084574614229
robot3,1568,0.47044258913346365,0.315106689635112
robot3,1569,0.4717967445099125,0.3147016927109213
robot3,1570,0.4728364312190007,0.3142930872983471
robot3,1571,0.47399208312869295,0.31388029689207
robot3,1572,0.4748942727802096,0.31346326719767925
robot3,1573,0.47629160959871053,0.3130413584236612
robot3,1574,0.47721949534943037,0.3126144114096493
robot3,1575,0.4786338074049294,0.31218264184134065
robot3,1576,0.4813924805302512,0.31174689555014773
robot3,1577,0.4840965086877931,0.311307544231949
robot3,1578,0.4859355838455318,0.3108649699428587
robot3,1579,0.48765484425023814,0.31041922057933374
robot3,1580,0.4895523877715926,0.3099700015218673
robot3,1581,0.49053515067262193,0.3095170596699418
robot3,1582,0.49161193847066065,0.30906066332426385
robot3,1583,0.4932359026762942,0.3086004741523238
robot3,1584,0.4946834579048737,0.30813568624926035
robot3,1585,0.4965852398433869,0.307666859383595
robot3,1586,0.4994106474921354,0.3071943021551349
robot3,1587,0.5021525991947026,0.3067179566016185
robot3,1588,0.5033223824470779,0.30623754743674736
robot3,1589,0.5049083985044622,0.3057529882897722
robot3,1590,0.5070354295865809,0.3052640913100505
robot3,1591,0.5087367434845891,0.30477123669214273
robot3,1592,0.5117577540148149,0.30427532915987954
robot3,1593,0.5141732554229238,0.30377610777975045
robot3,1594,0.5153645060381333,0.30327387605703465
robot3,1595,0.5169098821297199,0.3027686016233107
robot3,1596,0.5181456511834834,0.3022604901806421
robot3,1597,0.5191483642122691,0.3017496241948698
robot3,1598,0.5206090852557641,0.30123596374283496
robot3,1599,0.5215523472205486,0.30071964767262616
robot3,1600,0.5222118205901156,0.30020086469205043
robot3,1601,0.5226230649648719,0.29967936231966585
robot3,1602,0.523335113312236,0.29915528106709544
robot3,1603,0.5242660552064825,0.298627754714081
robot3,1604,0.5244390077304985,0.2980967853242032
robot3,1605,0.5254917952407253,0.2975624464373719
robot3,1606,0.5268940359304304,0.29702427235945855
robot3,1607,0.5285392834377473,0.296482110263224
robot3,1608,0.5307758214936126,0.29593616049915916
robot3,1609,0.5326327964146641,0.29538627141052276
robot3,1610,0.5338203840079322,0.2948331158012827
robot3,1611,0.5347592132200331,0.2942774268735547
robot3,1612,0.5352259488727905,0.29371872327774295
robot3,1613,0.5350416792241263,0.29315708254139927
robot3,1614,0.5356442313221186,0.2925916808592793
robot3,1615,0.5368978139326719,0.29202200643900755
robot3,1616,0.5375518040103241,0.2914474043877399
robot3,1617,0.5385059731297044,0.29086775138387255
robot3,1618,0.5401359439793088,0.2902832792917
robot3,1619,0.5413327756525694,0.28969462246709443
robot3,1620,0.5430573194582431,0.2891022941220473
robot3,1621,0.5436878377662931,0.28850609073278327
robot3,1622,0.5444000326317694,0.2879061311248647
robot3,1623,0.5453058980712109,0.2873025613320072
robot3,1624,0.5456210908868657,0.28669519953092254
robot3,1625,0.5473051607316933,0.28608446210954863
robot3,1626,0.5490053491365819,0.2854700003483545
robot3,1627,0.5497520305343895,0.28485208434132675
robot3,1628,0.5501126578871304,0.28423087317713075
robot3,1629,0.5514211025024133,0.28360582218347874
robot3,1630,0.5530811498500791,0.28297792787271103
robot3,1631,0.55556233416729,0.2823476089568483
robot3,1632,0.557750980375066,0.2817157467501356
robot3,1633,0.559290133327585,0.2810821949984008
robot3,1634,0.5605285094164789,0.2804456078152636
robot3,1635,0.5608995111260716,0.2798078415764564
robot3,1636,0.5600309305774385,0.2791698434002398
robot3,1637,0.558437647799683,0.2785313531258421
robot3,1638,0.5583219341009202,0.27789141296845876
robot3,1639,0.5582424399686182,0.27725048416888226
robot3,1640,0.5590190110367524,0.27660876836502435
robot3,1641,0.5584008329371174,0.27596611789078884
robot3,1642,0.5573310623169367,0.27532271344125325
robot3,1643,0.5562844725649925,0.2746776896355079
robot3,1644,0.5555155512471105,0.274030965312202
robot3,1645,0.5549383250898409,0.2733818082196099
robot3,1646,0.5541025362951444,0.27273078160557346
robot3,1647,0.5534189605369101,0.27207771880739884
robot3,1648,0.5530195472949987,0.2714233868190219
robot3,1649,0.5519336182080549,0.2707681008006863
robot3,1650,0.5501979714222862,0.27011162190374366
robot3,1651,0.5492376415985005,0.2694535396184948
robot3,1652,0.547053105375627,0.26879387164834045
robot3,1653,0.5453138929625884,0.2681322858639959
robot3,1654,0.5441096791604475,0.2674681081239767
robot3,1655,0.5437109392609618,0.26680175513508564
robot3,1656,0.5433166998546682,0.2661338313652709
robot3,1657,0.5427452887287478,0.26546510377285093
robot3,1658,0.5423533146986798,0.2647961259867045
robot3,1659,0.5423749187757618,0.26412740844415555
robot3,1660,0.5420595465781911,0.26345915843796386
robot3,1661,0.5410678606642937,0.2627906574106095
robot3,1662,0.5405951078611502,0.2621209956847645
robot3,1663,0.5405432293070143,0.26144985957477
robot3,1664,0.5394950284132302,0.2607764602755468
robot3,1665,0.5381092403801617,0.26009971106736796
robot3,1666,0.5369190931463222,0.2594200248127857
robot3,1667,0.5350859022832596,0.2587381621774517
robot3,1668,0.5335147387592527,0.25805411402688594
robot3,1669,0.5318363924025455,0.2573677105807975
robot3,1670,0.5302858926736664,0.2566787627541519
robot3,1671,0.5289341526402606,0.25598758811081035
robot3,1672,0.5272581361320314,0.25529405931875954
robot3,1673,0.5251533641057226,0.25459915577012865
robot3,1674,0.523502622722006,0.25390255726695093
robot3,1675,0.5221256657520567,0.25320470764143516
robot3,1676,0.5216323770597906,0.25250569771310116
robot3,1677,0.521446592837772,0.25180547091666267
robot3,1678,0.521298820874397,0.25110537388638493
robot3,1679,0.5206665252592211,0.25040470105514717
robot3,1680,0.5198245237228758,0.24970288758486253
robot3,1681,0.5191028186991431,0.24899876675050017
robot3,1682,0.518265687176941,0.24829143527621678
robot3,1683,0.516264152082488,0.247581186716415
robot3,1684,0.5131806208991863,0.24687002726212892
robot3,1685,0.5108065122946854,0.2461581057836319
robot3,1686,0.5083755155985639,0.2454445233328697
robot3,1687,0.5065486412338159,0.2447301177571702
robot3,1688,0.50490373600536,0.24401587939689445
robot3,1689,0.5028328130910894,0.2433011894221703
robot3,1690,0.5016533604466005,0.2425854428617527
robot3,1691,0.500117640007077,0.24186969395549965
robot3,1692,0.49737327618390664,0.24115481875230366
robot3,1693,0.4945980323303276,0.2404393421177692
robot3,1694,0.49253109135488443,0.23972143107560825
robot3,1695,0.4895900741266225,0.23900169546340003
robot3,1696,0.48704626678198365,0.23828066511885226
robot3,1697,0.48562866965565443,0.23755778184029624
robot3,1698,0.48571239616049355,0.2368326972118101
robot3,1699,0.4839358671731875,0.2361070943367552
robot3,1700,0.48147257033811436,0.235380208076883
robot3,1701,0.47865042221840637,0.23465223920022518
robot3,1702,0.47660224828908904,0.23392243674288268
robot3,1703,0.47473554542598057,0.23319095161214087
robot3,1704,0.47259585707018725,0.23245788382248797
robot3,1705,0.47067873138788563,0.2317228273407811
robot3,1706,0.46931054534401806,0.23098569386484158
robot3,1707,0.4673255912045911,0.23024695511982285
robot3,1708,0.46460264864776135,0.22950662594625396
robot3,1709,0.46306092760476775,0.22876426577958558
robot3,1710,0.46129286036492767,0.22801968803074163
robot3,1711,0.4591638876662528,0.22727394276791743
robot3,1712,0.4580503673402161,0.22652672836377366
robot3,1713,0.45639005377878056,0.2257776179895968
robot3,1714,0.4541325605723201,0.2250271080428562
robot3,1715,0.4519106704685761,0.2242748294098525
robot3,1716,0.45057390227799804,0.22352011290128762
robot3,1717,0.44905184255661645,0.2227632966984859
robot3,1718,0.4477006544708986,0.2220046282023647
robot3,1719,0.4462519239986502,0.22124431770638306
robot3,1720,0.44504738063254007,0.22048222810380044
robot3,1721,0.4438685956270019,0.21971881198453364
robot3,1722,0.44330691657727034,0.21895377568604354
robot3,1723,0.44248314757227686,0.21818736683909423
robot3,1724,0.44146036322415655,0.21741989471713027
robot3,1725,0.44099190994354504,0.2166506769391508
robot3,1726,0.4399478977038603,0.2158803012381787
robot3,1727,0.43852741040262067,0.21510846660835842
robot3,1728,0.43757490807969585,0.21433425219071622
robot3,1729,0.43756132717118507,0.2135570430170841
robot3,1730,0.43806725884840175,0.2127761036583741
robot3,1731,0.4381661887980583,0.21199179741402116
robot3,1732,0.4382744467133365,0.21120524539174476
robot3,1733,0.4380258332457628,0.2104171787114666
robot3,1734,0.43727483354667507,0.20962719505547725
robot3,1735,0.4368268549187709,0.2088355823756334
robot3,1736,0.4363427277938652,0.20804185263185032
robot3,1737,0.435875949818649,0.20724610571872026
robot3,1738,0.43518522167179147,0.20644902615501065
robot3,1739,0.4345811345950919,0.20565074350440074
robot3,1740,0.43412822059737183,0.2048516850521513
robot3,1741,0.43353923052265475,0.20405178442845442
robot3,1742,0.4326260174722906,0.2032511826550592
robot3,1743,0.4317439283224984,0.202449801972209
robot3,1744,0.43092994654649086,0.2016475161826171
robot3,1745,0.4304791800813514,0.20084377061357062
robot3,1746,0.4295580080160502,0.20003915995379767
robot3,1747,0.4292327360309611,0.1992332568104379
robot3,1748,0.4284204001450744,0.1984266532990655
robot3,1749,0.42773535704345206,0.19761922348985886
robot3,1750,0.4270304417578948,0.19681100461943443
robot3,1751,0.427042881419779,0.19600193253626427
robot3,1752,0.4268808150990067,0.1951922259573338
robot3,1753,0.4266393185890833,0.19438220752408755
robot3,1754,0.42565316480408943,0.1935721593151964
robot3,1755,0.42468082770679805,0.1927622374504775
robot3,1756,0.4244189456452884,0.19195142790123818
robot3,1757,0.42391135456441537,0.19114008863625914
robot3,1758,0.42294995873633934,0.19032862172572193
robot3,1759,0.42188240841167574,0.18951685056684717
robot3,1760,0.4212580745706545,0.1887043136012115
robot3,1761,0.42064539211969265,0.18789126915622825
robot3,1762,0.419963272073286,0.18707818231635676
robot3,1763,0.41895779366142943,0.18626579169990176
robot3,1764,0.41793424191505196,0.18545459398261058
robot3,1765,0.41759386871832016,0.18464429457140794
robot3,1766,0.4168004598541734,0.18383575434020766
robot3,1767,0.41555384762148934,0.18302970045857322
robot3,1768,0.41389549775584944,0.18222699114921462
robot3,1769,0.4125443550707858,0.18142679849084187
robot3,1770,0.4111704462271931,0.18062940474893321
robot3,1771,0.4098474358426199,0.17983485272553032
robot3,1772,0.4085549099156165,0.1790429998306293
robot3,1773,0.4072770243113197,0.17825368463350955
robot3,1774,0.40586480356061294,0.1774674851422364
robot3,1775,0.4045408130124288,0.17668411904349218
robot3,1776,0.40294018124994213,0.1759042075666496
robot3,1777,0.4015202165337982,0.17512716775908205
robot3,1778,0.4001126321917891,0.17435282655765308
robot3,1779,0.39811492666397147,0.1735823530657356
robot3,1780,0.3961431852538925,0.17281586883691014
robot3,1781,0.39404660835475075,0.17205314040814387
robot3,1782,0.3918439203492804,0.17129389719051497
robot3,1783,0.3894120512213034,0.17053894694869626
robot3,1784,0.3871759228244856,0.16978803098316045
robot3,1785,0.3849916145786512,0.16904073908902542
robot3,1786,0.38278253719731864,0.1682973892926494
robot3,1787,0.3804219223158312,0.1675581289753856
robot3,1788,0.3778818622284436,0.16682352131100006
robot3,1789,0.37540441588837764,0.16609350302945655
robot3,1790,0.3729916120455691,0.16536740621449145
robot3,1791,0.37070671615104694,0.16464515691352324
robot3,1792,0.3683918905734598,0.16392723116446453
robot3,1793,0.3662556525292208,0.1632134416149428
robot3,1794,0.36399848551061526,0.16250366503902847
robot3,1795,0.3618389478131989,0.1617977879311288
robot3,1796,0.3596672985481165,0.16109599943944944
robot3,1797,0.3573869551936693,0.1603985708823941
robot3,1798,0.35486758673922686,0.15970606331424067
robot3,1799,0.35227400938096876,0.1590181106675713
robot3,1800,0.34989971174224205,0.15833421790831595
robot3,1801,0.3477285462122915,0.1576542087023049
robot3,1802,0.3455916297587344,0.15697830901118898
robot3,1803,0.34334413821614707,0.15630673044539362
robot3,1804,0.3410460274818991,0.15563951278890115
robot3,1805,0.33885465906027507,0.1549762537025254
robot3,1806,0.336737828532406,0.1543169366353561
robot3,1807,0.33418254397617,0.1536623702598604
robot3,1808,0.33186167113388765,0.15301221543228147
robot3,1809,0.32955215034962915,0.15236626668799355
robot3,1810,0.32740032999932045,0.15172464900897545
robot3,1811,0.3252348533279229,0.15108704654796662
robot3,1812,0.32320371896919226,0.150453201246772
robot3,1813,0.3209043034931469,0.14982346480235895
robot3,1814,0.3185386608476878,0.14919844866833254
robot3,1815,0.31649833997015364,0.14857759444077256
robot3,1816,0.31446378177745593,0.14796037237586165
robot3,1817,0.31239771501696456,0.14734732969495956
robot3,1818,0.3104293114759725,0.1467383685530397
robot3,1819,0.3083231146828266,0.1461334880523275
robot3,1820,0.3063238935312018,0.145532570576454
robot3,1821,0.3042813004449809,0.14493580688230318
robot3,1822,0.3021677079939687,0.14434296773860636
robot3,1823,0.300310336631517,0.14375327614061997
robot3,1824,0.2984898837014812,0.14316726288865506
robot3,1825,0.2965682062677671,0.14258557496446628
robot3,1826,0.2946385358448076,0.14200794964013289
robot3,1827,0.2925866294594329,0.14143402467547644
robot3,1828,0.2906046108874532,0.14086403142493473
robot3,1829,0.2885130119377496,0.14029818728506066
robot3,1830,0.2864252264681766,0.13973639033649776
robot3,1831,0.2845118838868585,0.13917838047158518
robot3,1832,0.28260790516025996,0.13862411524881596
robot3,1833,0.280804335587691,0.13807336191991657
robot3,1834,0.2792039983499175,0.13752576025783148
robot3,1835,0.27792817762639255,0.1369805441769476
robot3,1836,0.27660509319743654,0.1364383430883199
robot3,1837,0.27539640847393415,0.13589927860701922
robot3,1838,0.2740203547738691,0.13536345754141121
robot3,1839,0.2724480851896176,0.13483112388616494
robot3,1840,0.27075750287773764,0.1343021023815052
robot3,1841,0.26909228026159265,0.13377607642110542
robot3,1842,0.267675385188661,0.13325298708877362
robot3,1843,0.2664387527052208,0.13273262561644608
robot3,1844,0.26520658885314924,0.1322148303654121
robot3,1845,0.2640259992667227,0.1316999732538296
robot3,1846,0.26272662196980934,0.1311879747382212
robot3,1847,0.26164136112389286,0.13067860464535858
robot3,1848,0.2605191653696482,0.13017185817985244
robot3,1849,0.25935469616868956,0.12966791859926755
robot3,1850,0.2582798528910019,0.12916643608973613
robot3,1851,0.25713004202261275,0.12866776458394788
robot3,1852,0.2559103336374912,0.1281723592053818
robot3,1853,0.25438996040382805,0.12768060318908256
robot3,1854,0.25295195176956764,0.12719186625476403
robot3,1855,0.25139103911812094,0.12670599620987405
robot3,1856,0.24984226318306124,0.12622339543137162
robot3,1857,0.24832121049344894,0.12574393443346896
robot3,1858,0.24683173510855203,0.1252675749779127
robot3,1859,0.24537400078466115,0.12479423428978653
robot3,1860,0.24391490329641227,0.12432382689488491
robot3,1861,0.2424303006977825,0.12385650055830687
robot3,1862,0.24114322460274726,0.12339200204131222
robot3,1863,0.2400343738227975,0.12292977211927297
robot3,1864,0.2389323602836225,0.12247011446009763
robot3,1865,0.23771657225714687,0.12201345807635197
robot3,1866,0.2365615580451258,0.12155945020731955
robot3,1867,0.2355531870009657,0.12110723601960104
robot3,1868,0.2342950471239394,0.12065753430769814
robot3,1869,0.23307304309437096,0.1202110038292287
robot3,1870,0.2321011634301812,0.11976657098564804
robot3,1871,0.23108615853080294,0.11932444036970005
robot3,1872,0.23003848936145446,0.11888510979643842
robot3,1873,0.22891442485193547,0.11844838045669252
robot3,1874,0.22770216887196998,0.11801424556459696
robot3,1875,0.2267067395368505,0.11758234785687953
robot3,1876,0.22586569755458438,0.11715220997436285
robot3,1877,0.2249201564064755,0.11672435411276375
robot3,1878,0.224204998738094,0.11629880066384826
robot3,1879,0.22313898969794355,0.11587607272667262
robot3,1880,0.2218852438702461,0.1154564227954987
robot3,1881,0.2206230432653529,0.11503945226619468
robot3,1882,0.21942805042444766,0.11462520436737586
robot3,1883,0.21829569317606703,0.11421339892563363
robot3,1884,0.21723411807867235,0.11380407005807984
robot3,1885,0.21616143179655972,0.11339690604218935
robot3,1886,0.21504601490904549,0.11299196114590894
robot3,1887,0.2140325289569932,0.11258927647189382
robot3,1888,0.2130110476621376,0.11218918933801401
robot3,1889,0.2120712086532597,0.11179139908278751
robot3,1890,0.210852880802457,0.11139640623587926
robot3,1891,0.20969000206427596,0.1110041935319072
robot3,1892,0.20856237789763615,0.11061465247657412
robot3,1893,0.20725015492070709,0.11022821430764641
robot3,1894,0.2059632595259224,0.10984456349264658
robot3,1895,0.20503899989409857,0.10946258131587146
robot3,1896,0.20421044243966882,0.10908163725613583
robot3,1897,0.20340463784282115,0.10870229122561212
robot3,1898,0.202492250045686,0.10832563658648271
robot3,1899,0.2017992321063416,0.1079509767944745
robot3,1900,0.20110264896403104,0.10757776165798787
robot3,1901,0.2006620376309931,0.1072058552628479
robot3,1902,0.20015943764790625,0.1068355357808891
robot3,1903,0.19936712549585264,0.10646717319656512
robot3,1904,0.19849187460596146,0.1061007291546101
robot3,1905,0.1974935830892673,0.1057365686117176
robot3,1906,0.1966311954361434,0.10537454247385743
robot3,1907,0.19583965127687883,0.10501404225096359
robot3,1908,0.19498145539144063,0.1046553564099921
robot3,1909,0.19425855883278664,0.104298398006686
robot3,1910,0.19353792763337946,0.10394309562097245
robot3,1911,0.19270724818273505,0.10358999101977606
robot3,1912,0.19183093794810518,0.10323924599071523
robot3,1913,0.1909745433533047,0.10289021195581657
robot3,1914,0.1901916046929386,0.10254279230629351
robot3,1915,0.18930492541571464,0.1021975783383624
robot3,1916,0.18844481230855875,0.10185479843205836
robot3,1917,0.18768073113439304,0.10151388134415638
robot3,1918,0.1868675525688959,0.101174852220544
robot3,1919,0.18604136474006722,0.10083790926419063
robot3,1920,0.18521910368956893,0.10050301133411339
robot3,1921,0.18438432694600082,0.10017056825542064
robot3,1922,0.18354429876391226,0.09984082799502603
robot3,1923,0.1824992034847675,0.09951362605158168
robot3,1924,0.18140011397881203,0.09918900424648285
robot3,1925,0.18024052903313464,0.09886724359620552
robot3,1926,0.17919966464311607,0.09854788631502505
robot3,1927,0.17817843424622862,0.09823067907950192
robot3,1928,0.17721696327167755,0.09791543588754233
robot3,1929,0.17638311815627605,0.0976020621554531
robot3,1930,0.17557966218029317,0.09729085245359925
robot3,1931,0.17474438201537476,0.09698184463532514
robot3,1932,0.17387443965215893,0.09667495409874133
robot3,1933,0.17273930662637893,0.09637051542373097
robot3,1934,0.1716999175491385,0.09606837320109901
robot3,1935,0.17081527712884795,0.09576823060615601
robot3,1936,0.16995830291332353,0.09547002162624922
robot3,1937,0.16918578556375521,0.09517363737139828
robot3,1938,0.16846141070604395,0.09487903966852794
robot3,1939,0.1677859967471413,0.09458630007915633
robot3,1940,0.16703386518232527,0.09429541044521428
robot3,1941,0.16625107502287945,0.0940065949867257
robot3,1942,0.16537939888418346,0.09372007627598834
robot3,1943,0.16446200319863286,0.09343555758382786
robot3,1944,0.16346654748443723,0.09315304997700866
robot3,1945,0.16250492672260064,0.09287261811844007
robot3,1946,0.16157991005699704,0.09259420593744572
robot3,1947,0.16057722450269624,0.09231780607605719
robot3,1948,0.1596898789940466,0.09204315865824828
robot3,1949,0.15883067394531203,0.09177044089097156
robot3,1950,0.15799380668701785,0.09149959568966141
robot3,1951,0.1571272184075476,0.09123084527539195
robot3,1952,0.1563314690863114,0.09096380829112614
robot3,1953,0.1553310815337154,0.09069878823945951
robot3,1954,0.15433227791538032,0.09043572538771551
robot3,1955,0.15339253526318775,0.0901746805978961
robot3,1956,0.15249146419310977,0.0899155783753416
robot3,1957,0.1517718190054891,0.08965782922117164
robot3,1958,0.15093362518019018,0.08940189859731903
robot3,1959,0.15023140392239087,0.08914764384973184
robot3,1960,0.14949127806184231,0.0888950208401356
robot3,1961,0.14872457637002637,0.08864420572319306
robot3,1962,0.14776636935207232,0.08839609000244417
robot3,1963,0.14662107934509305,0.0881509107552488
robot3,1964,0.1454872794681386,0.08790783819253492
robot3,1965,0.1443419213042375,0.08766637350441159
robot3,1966,0.14328066208185203,0.08742665685511167
robot3,1967,0.1423365870330028,0.08718899107664627
robot3,1968,0.14128374260138427,0.08695350313910581
robot3,1969,0.14022578246009296,0.08672001830639323
robot3,1970,0.13923063545760453,0.08648845295699259
robot3,1971,0.13830872865398752,0.086258733364169
robot3,1972,0.1373817016890166,0.08603082007609734
robot3,1973,0.1365893150533196,0.0858049844036709
robot3,1974,0.1358291678327003,0.08558122800392055
robot3,1975,0.1349038424196334,0.08535977324027631
robot3,1976,0.13397407499991165,0.085140356635626
robot3,1977,0.13295625355432786,0.08492277182821766
robot3,1978,0.13201416692888224,0.0847073510911919
robot3,1979,0.1311713868218947,0.08449384276476327
robot3,1980,0.13039126135283982,0.08428149813243135
robot3,1981,0.12967676044465284,0.08407020467093179
robot3,1982,0.12889731993334244,0.08386053345749145
robot3,1983,0.12813023606825646,0.08365250761504471
robot3,1984,0.1270111166851597,0.08344600118374636
robot3,1985,0.12580127359290902,0.08324095052852849
robot3,1986,0.12479107286084852,0.08303696885175094
robot3,1987,0.12393985070070666,0.08283389298222872
robot3,1988,0.12316666089458395,0.08263184495872802
robot3,1989,0.12237680935574041,0.0824310009387837
robot3,1990,0.1216452333865536,0.08223156303537787
robot3,1991,0.12091125803402028,0.08203342481959965
robot3,1992,0.12018056050672868,0.08183676442352772
robot3,1993,0.11941819287568348,0.08164186049556814
robot3,1994,0.11863858291648892,0.0814490807272788
robot3,1995,0.11787046324748394,0.08126041841635984
robot3,1996,0.11696121380365813,0.08107501142532073
robot3,1997,0.11638567228859373,0.08089103809275208
robot3,1998,0.1157774971337233,0.08070843898160225
robot3,1999,0.11524786822305365,0.08052667678625962
robot3,2000,0.11477278376643892,0.0803458755679854
robot3,2001,0.11427660616448447,0.08016597990056983
robot3,2002,0.11385393800017496,0.07998693731366915
robot3,2003,0.1135172669720665,0.07980912868342684
robot3,2004,0.11324117104299952,0.07963290053545201
robot3,2005,0.11300758245027777,0.0794577649681833
robot3,2006,0.11271024455526249,0.07928359114693576
robot3,2007,0.11225814025242807,0.0791108902147085
robot3,2008,0.1118582584256197,0.07893975024215893
robot3,2009,0.11127885990216435,0.07877027267315374
robot3,2010,0.11078031631892875,0.07860240249943733
robot3,2011,0.11018033000006001,0.07843625091413815
robot3,2012,0.1095287206521681,0.07827214194784912
robot3,2013,0.10873822282601593,0.07810985365524294
robot3,2014,0.10801512905298392,0.07794939823148625
robot3,2015,0.10715518217591329,0.07779073758305509
robot3,2016,0.10628472041068986,0.07763363563030587
robot3,2017,0.10537134591950344,0.077478119313642
robot3,2018,0.10458201269296549,0.07732408469961963
robot3,2019,0.10384743473202178,0.07717171260271233
robot3,2020,0.10302172367301378,0.0770212038807011
robot3,2021,0.10206136959481533,0.0768724657164787
robot3,2022,0.10119379518243125,0.07672535753974918
robot3,2023,0.10042731179482066,0.07658015324475499
robot3,2024,0.09969602271198302,0.07643671264796524
robot3,2025,0.09888024949194461,0.07629460058983178
robot3,2026,0.09808232521716857,0.07615395176827844
robot3,2027,0.09737870277987073,0.07601479669783372
robot3,2028,0.09677139628299879,0.07587679390935459
robot3,2029,0.09621166192329456,0.07574027730440226
robot3,2030,0.09570216927625429,0.07560550756189353
robot3,2031,0.09502646653779986,0.07547252905756573
robot3,2032,0.09438560709013939,0.07534133336767387
robot3,2033,0.09380970787334121,0.07521181506097853
robot3,2034,0.09331755851228675,0.07508382199596333
robot3,2035,0.09274660245024914,0.07495761899898941
robot3,2036,0.09217146434922321,0.07483323808555296
robot3,2037,0.0915627195189922,0.07471064143974471
robot3,2038,0.09071733312386472,0.07458955497025373
robot3,2039,0.08948343369985093,0.07446971572307652
robot3,2040,0.08814889317210023,0.07435066738866745
robot3,2041,0.08682939537519674,0.07423213629536567
robot3,2042,0.08543842513416317,0.07411365940204326
robot3,2043,0.08393383351235727,0.07399422597871519
robot3,2044,0.08295830436774898,0.07387263438618949
robot3,2045,0.08264377533383913,0.0737489987689102
robot3,2046,0.08212653659233989,0.0736203304311804
robot3,2047,0.0815926079290459,0.07348810119275526
robot3,2048,0.08125232624057735,0.07335355598537255
robot3,2049,0.08124233186233686,0.07321953591499714
robot3,2050,0.08133008978596122,0.07308559805600164
robot3,2051,0.08188174364521987,0.07295014906893883
robot3,2052,0.08217176451821132,0.07281250628196458
robot3,2053,0.08248703831720226,0.07267255776336101
robot3,2054,0.08266357471797908,0.07253077567312392
robot3,2055,0.08296547788041571,0.07238737935775648
robot3,2056,0.0831481002149599,0.07224218759369679
robot3,2057,0.08324303939671575,0.07209515489692464
robot3,2058,0.08327023943428513,0.07194628850850347
robot3,2059,0.08344471247367022,0.07179575860891313
robot3,2060,0.08362936828472965,0.07164367701143165
robot3,2061,0.08349890757309548,0.07148980451448522
robot3,2062,0.08343485573126472,0.07133402058927002
robot3,2063,0.08365718318284614,0.07117634953197986
robot3,2064,0.08391560756613722,0.07101681582297169
robot3,2065,0.08427364961680778,0.07085543439102628
robot3,2066,0.08460842011375319,0.07069239069275006
robot3,2067,0.08495284190487175,0.07052771867672489
robot3,2068,0.08512994746779765,0.07035873187075065
robot3,2069,0.08505814009621042,0.07018660005709283
robot3,2070,0.08488186002714722,0.07001342191943284
robot3,2071,0.084797388498745,0.06983922330522349
robot3,2072,0.08477655108389441,0.06966376575316276
robot3,2073,0.08452873016347218,0.06948721966545363
robot3,2074,0.08433948363623972,0.0693096648273636
robot3,2075,0.08434253558234711,0.06913115786742446
robot3,2076,0.08411117444258266,0.06895182072900088
robot3,2077,0.08382131188007111,0.06877153974235754
robot3,2078,0.08351978115204933,0.06859041710412725
robot3,2079,0.08309454581580485,0.06840858699296762
robot3,2080,0.08278615797282467,0.06822588412274032
robot3,2081,0.08238914641086194,0.06804238824281578
robot3,2082,0.08217442671299166,0.0678580668422611
robot3,2083,0.08196366868728278,0.06767287561706273
robot3,2084,0.0815900326903731,0.0674871893009934
robot3,2085,0.08111617569713565,0.06730109219818989
robot3,2086,0.08073241099550812,0.06711447401858853
robot3,2087,0.08040444978700498,0.06692746537557125
robot3,2088,0.08003027144921318,0.06674010586803093
robot3,2089,0.07952806713148887,0.06655231999930829
robot3,2090,0.07915088988152014,0.06636406714707518
robot3,2091,0.07870775885264064,0.06617531743409283
robot3,2092,0.07837237882696887,0.06598602316846132
robot3,2093,0.078129850550149,0.06579601396535927
robot3,2094,0.07783744256930546,0.06560538048416659
robot3,2095,0.07768035936739931,0.06541411849261564
robot3,2096,0.07757105556478901,0.06522212719509403
robot3,2097,0.07734106449943105,0.06502944780731897
robot3,2098,0.07722218808540636,0.06483598062927251
robot3,2099,0.0771526853959151,0.06464165060407026
robot3,2100,0.07703307096496438,0.0644466128988447
robot3,2101,0.07692605561470615,0.06425077234138339
robot3,2102,0.0768857964800307,0.06405415815265429
robot3,2103,0.07685564416310563,0.06385672709561782
robot3,2104,0.07682300557282841,0.06365853763465866
robot3,2105,0.07680232701297782,0.0634593618144281
robot3,2106,0.07680534611213337,0.06325921430084615
robot3,2107,0.07680116835519502,0.06305839051710754
robot3,2108,0.07695658011992458,0.0628567423369354
robot3,2109,0.0769668858095766,0.06265428350281795
robot3,2110,0.0770817579033777,0.06245076985794417
robot3,2111,0.07727839900750764,0.0622462493988346
robot3,2112,0.0774501349639231,0.06204090310756375
robot3,2113,0.07767015368889763,0.061834696960783926
robot3,2114,0.07788289020534431,0.06162780784606813
robot3,2115,0.07804527022485411,0.0614205227696578
robot3,2116,0.07819191525000434,0.061212821738428375
robot3,2117,0.07839513676478434,0.061004435620369016
robot3,2118,0.07874883758897445,0.06079511911723578
robot3,2119,0.07919149362826948,0.06058493090300685
robot3,2120,0.07947597717866316,0.06037428852102571
robot3,2121,0.07978886381928792,0.060163265001348096
robot3,2122,0.08005554220552166,0.05995174913197001
robot3,2123,0.08029097406466296,0.059739805291856095
robot3,2124,0.08056223473546452,0.059527326000513164
robot3,2125,0.08085218024824636,0.05931428737857159
robot3,2126,0.08126171769493208,0.05910063780187311
robot3,2127,0.08161529727634001,0.05888655273089504
robot3,2128,0.08194144558451542,0.05867221208373923
robot3,2129,0.0821237464163945,0.058458036079689885
robot3,2130,0.08234092995706283,0.05824389968679438
robot3,2131,0.08266655677828175,0.058029499243967504
robot3,2132,0.083090140249374,0.057814729844343014
robot3,2133,0.08333194416952577,0.05760016506954999
robot3,2134,0.08365790584966118,0.0573856582221248
robot3,2135,0.08393938976869159,0.05717124278393062
robot3,2136,0.08399005444119131,0.056957435707707636
robot3,2137,0.08409013158472448,0.05674412121973632
robot3,2138,0.08431598068081908,0.0565310417272607
robot3,2139,0.08469458444415812,0.0563179303833079
robot3,2140,0.08507618294767186,0.05610476823020538
robot3,2141,0.08522210631830109,0.05589204177594198
robot3,2142,0.08544599359780712,0.055679582094731186
robot3,2143,0.08561791833655046,0.05546749332008288
robot3,2144,0.0857739359376736,0.055255826504359555
robot3,2145,0.08604197217271219,0.05504433625490814
robot3,2146,0.08634191131081245,0.05483296535296464
robot3,2147,0.08660418815107566,0.054621777537984265
robot3,2148,0.08685839217376158,0.0544108105154562
robot3,2149,0.08713678070807926,0.05420005043208572
robot3,2150,0.08736496525041577,0.0539896145299629
robot3,2151,0.08760871442134936,0.05377948601794008
robot3,2152,0.08793075211715602,0.05356951520674748
robot3,2153,0.08825448999674622,0.0533597311058937
robot3,2154,0.08861747591380521,0.05315009259017709
robot3,2155,0.08897757131688025,0.05294067107752014
robot3,2156,0.08935597586682965,0.05273147236244677
robot3,2157,0.08975122019952611,0.05252247067781799
robot3,2158,0.09007479737540411,0.05231377551504457
robot3,2159,0.09036510049804292,0.052105467688187475
robot3,2160,0.09061259992523885,0.051897620638361786
robot3,2161,0.0908893129897117,0.05169015145107058
robot3,2162,0.0912233449562587,0.051482953833389494
robot3,2163,0.09146351848192298,0.05127613568536299
robot3,2164,0.09159725064980119,0.05106992189350593
robot3,2165,0.09185836377052367,0.05086397890268858
robot3,2166,0.09212838605018586,0.050658297130768984
robot3,2167,0.09229743299012111,0.050453132006309964
robot3,2168,0.09251084544302973,0.050248387877330096
robot3,2169,0.09272676391939913,0.050044063017140004
robot3,2170,0.09293985649732728,0.04984013304040709
robot3,2171,0.09313839392223944,0.049636648354488354
robot3,2172,0.09332995236651297,0.04943365935849273
robot3,2173,0.09357484839987702,0.049231038501802674
robot3,2174,0.09373496366680008,0.04902900044651933
robot3,2175,0.0938802158388798,0.04882762316082845
robot3,2176,0.09402375273813479,0.04862687380355974
robot3,2177,0.0942001816910966,0.04842664344745356
robot3,2178,0.09438395177447106,0.04822694557820563
robot3,2179,0.0945404379668513,0.04802788136004263
robot3,2180,0.09473973967151067,0.04782933717201546
robot3,2181,0.09490895495673708,0.047631393555368405
robot3,2182,0.09505625817539338,0.047434073967634584
robot3,2183,0.09527421316407572,0.04723721468644971
robot3,2184,0.09550396322251181,0.04704083394437105
robot3,2185,0.09578668061390484,0.046844823828511226
robot3,2186,0.09610681618379707,0.04664912972752392
robot3,2187,0.09645788698209226,0.04645373121753359
robot3,2188,0.09683026377285087,0.046258643885337736
robot3,2189,0.09712818108885655,0.04606403103118487
robot3,2190,0.09745147373610018,0.045869824833439536
robot3,2191,0.09775770610114108,0.045676093086190035
robot3,2192,0.09809563467524059,0.04548282845537606
robot3,2193,0.09845991962834448,0.04529000161401433
robot3,2194,0.0987817035224091,0.045097724603303094
robot3,2195,0.09907306298390713,0.044906082849538446
robot3,2196,0.0993911367442127,0.04471503196608856
robot3,2197,0.09968399000621261,0.04452464071761811
robot3,2198,0.0999953350779262,0.04433488865799353
robot3,2199,0.10034706065357023,0.04414571454522002
robot3,2200,0.10079800005123558,0.04395701058496132
robot3,2201,0.10130476020963972,0.0437687217349962
robot3,2202,0.1018285030946167,0.0435808520069824
robot3,2203,0.10237633927381992,0.04339342064867026
robot3,2204,0.10275421210013405,0.04320676827129502
robot3,2205,0.10292520916363893,0.04302125667599464
robot3,2206,0.10312104133980189,0.04283685797018131
robot3,2207,0.10320677407387568,0.04265375875116542
robot3,2208,0.1033097100771393,0.04247196990362079
robot3,2209,0.10324597751856412,0.04229178023986034
robot3,2210,0.10305171453064013,0.042113374818478926
robot3,2211,0.1028419164141854,0.041936786612785784
robot3,2212,0.10265150833696166,0.041761980657101634
robot3,2213,0.10253776841570901,0.041588814875886705
robot3,2214,0.10229218294488303,0.04141751787404676
robot3,2215,0.10203639754734677,0.041248102391909694
robot3,2216,0.10191274289664634,0.041080344558267416
robot3,2217,0.10179220099998797,0.04091422091728628
robot3,2218,0.10163793085150928,0.040749799065104474
robot3,2219,0.10155739379833247,0.040586960105783505
robot3,2220,0.10130486124296212,0.040425980940469154
robot3,2221,0.1010406898761953,0.040266878954900054
robot3,2222,0.10081095760548368,0.04010959428709425
robot3,2223,0.10056199846318194,0.03995413254718377
robot3,2224,0.10033651230591063,0.03980046752398463
robot3,2225,0.10019738307581447,0.03964845978347095
robot3,2226,0.1000000361279537,0.03949818991833147
robot3,2227,0.09972527845437361,0.039349774139643065
robot3,2228,0.09949178617107753,0.03920313913010376
robot3,2229,0.09919881596537347,0.039058366768842986
robot3,2230,0.09887799763719944,0.03891549359620734
robot3,2231,0.09860568979820025,0.03877444472102435
robot3,2232,0.09834408752535377,0.038635192966012186
robot3,2233,0.0980941913062921,0.03849771433413655
robot3,2234,0.09780475956252191,0.03836206084875218
robot3,2235,0.0975554650206769,0.03822816100870815
robot3,2236,0.09740705499737766,0.03809586061504782
robot3,2237,0.09714497660131682,0.03796532050001153
robot3,2238,0.0968694881081152,0.03783654698620799
robot3,2239,0.0966205626277162,0.03770949833573019
robot3,2240,0.09636345829886987,0.037584180146687095
robot3,2241,0.09613580889677258,0.037460543050445015
robot3,2242,0.09586495132618907,0.03733863787231985
robot3,2243,0.09555916850761645,0.037218506442423374
robot3,2244,0.09526820037096229,0.03710011839823451
robot3,2245,0.09502956499763039,0.03698339333971088
robot3,2246,0.09479447882080141,0.03686831698376875
robot3,2247,0.09453167200679846,0.03675491717119142
robot3,2248,0.09432521034441926,0.03664310631101214
robot3,2249,0.09413675670678984,0.03653285092974128
robot3,2250,0.09389309586213174,0.036424217843096844
robot3,2251,0.09367234888622132,0.03631716532921383
robot3,2252,0.09347467258892458,0.03621165450944966
robot3,2253,0.09323584851240284,0.03610772946458712
robot3,2254,0.09301307904913945,0.036005356872270834
robot3,2255,0.09280173718566023,0.035904509862056753
robot3,2256,0.09262677788688506,0.035805132839773594
robot3,2257,0.0924656676326022,0.035707199094266104
robot3,2258,0.09230928183673301,0.03561069431077949
robot3,2259,0.0921313862370831,0.035515636156359595
robot3,2260,0.09195989906466019,0.03542200737832899
robot3,2261,0.09176079214430764,0.03532983142328228
robot3,2262,0.0915749674405312,0.03523908229343576
robot3,2263,0.09135729647835919,0.035149787558576145
robot3,2264,0.09115674251045447,0.03506191693542327
robot3,2265,0.09095858625721288,0.034975456145926044
robot3,2266,0.09075368323540478,0.03489040206594096
robot3,2267,0.09054267469880144,0.03480674867232168
robot3,2268,0.09036243860757287,0.0347244490404589
robot3,2269,0.09016534670903745,0.03464351231076246
robot3,2270,0.08997215475557754,0.034563922320108
robot3,2271,0.08978828686209056,0.03448565409793366
robot3,2272,0.08959157976659493,0.034408712491155444
robot3,2273,0.08937983434298498,0.03433309953166089
robot3,2274,0.08918399254607633,0.034258784950098466
robot3,2275,0.08897093040542575,0.03418577678805751
robot3,2276,0.08876685769650168,0.03411405182243622
robot3,2277,0.08854308750630897,0.03404361900559983
robot3,2278,0.08832024946038834,0.03397446624036189
robot3,2279,0.08814096965015236,0.03390653614203599
robot3,2280,0.08795780840465782,0.03383981503049373
robot3,2281,0.08775499873428184,0.033774309539966095
robot3,2282,0.08757762656462255,0.03370998364523739
robot3,2283,0.08734195244122339,0.03364687495630006
robot3,2284,0.08712593969024601,0.03358494806826253
robot3,2285,0.08692516052215488,0.03352417560942466
robot3,2286,0.08673802322896172,0.03346453531783301
robot3,2287,0.08657439242297295,0.033405993504647014
robot3,2288,0.08642140191330511,0.03334853270065439
robot3,2289,0.08624887214287413,0.033292160595832114
robot3,2290,0.08610476278735602,0.03323683232605622
robot3,2291,0.0859577522934026,0.033182544790179014
robot3,2292,0.08579570999279221,0.033129301126970365
robot3,2293,0.08566123641847931,0.03307706834316193
robot3,2294,0.08547688396056172,0.033025867504277384
robot3,2295,0.08532741484449344,0.03297565976154509
robot3,2296,0.08514720952723678,0.032926466246049654
robot3,2297,0.08495298418648328,0.03287827633612407
robot3,2298,0.08477246539679027,0.032831063182361446
robot3,2299,0.08461165140594036,0.032784802964912076
robot3,2300,0.0844418757570438,0.03273948469786812
robot3,2301,0.08425467588348506,0.032695112355491454
robot3,2302,0.08405384902640313,0.0326516810088034
robot3,2303,0.08388804157607234,0.032609152633650475
robot3,2304,0.08373392835181921,0.032567510169947356
robot3,2305,0.08370551377640355,0.03252668764887147
robot3,2306,0.08370957610948823,0.032486667673067064
robot3,2307,0.08371695855093822,0.03244746406871274
robot3,2308,0.08371567990622072,0.03240908468428738
robot3,2309,0.0837440610010074,0.032371521530478994
robot3,2310,0.08373155075096846,0.03233478096073702
robot3,2311,0.08376399042738628,0.03229886361073651
robot3,2312,0.08387093854242761,0.03226374246380519
robot3,2313,0.08392568033048757,0.03222945247953649
robot3,2314,0.08397096512848559,0.03219600067232309
robot3,2315,0.08392776080060729,0.03216343038889612
robot3,2316,0.08399024161052115,0.032131676635067316
robot3,2317,0.08412151526496695,0.032100725168604
robot3,2318,0.08418247613964419,0.032070611269294134
robot3,2319,0.08420188114625783,0.03204132372979801
robot3,2320,0.0842157049537821,0.03201289425759103
robot3,2321,0.08429488072501569,0.031985270933533025
robot3,2322,0.08436124347187594,0.031958424236639686
robot3,2323,0.08443804711891201,0.03193235149573692
robot3,2324,0.08447259167317812,0.03190707667179123
robot3,2325,0.08446978202620292,0.03188261084800794
robot3,2326,0.0843989556319239,0.031858975124934547
robot3,2327,0.08441207729373099,0.03183615296890593
robot3,2328,0.08446221101397135,0.03181413240248277
robot3,2329,0.08448993434949735,0.03179292370246582
robot3,2330,0.08450325028538401,0.031772535369636305
robot3,2331,0.08452399904657759,0.031752940731355796
robot3,2332,0.08455014959605553,0.031734147136951336
robot3,2333,0.0844446072123679,0.03171621953567624
robot3,2334,0.08445011077062137,0.031699155521564236
robot3,2335,0.08454842761461646,0.03168135918830247
robot3,2336,0.08461788143934591,0.031662972896072006
robot3,2337,0.08475197255271524,0.031645338125793135
robot3,2338,0.08491213448215934,0.03162845784921001
robot3,2339,0.08508004484416713,0.03161232856409032
robot3,2340,0.08528746024460418,0.031596945903258324
robot3,2341,0.0854843125048455,0.03158231892609758
robot3,2342,0.0856451757593128,0.031568463739067375
robot3,2343,0.08582716772173311,0.03155536631011393
robot3,2344,0.08601730427439636,0.031543056054638856
robot3,2345,0.08622147390797005,0.03153152882676783
robot3,2346,0.08641395707804286,0.0315207993338781
robot3,2347,0.08658013937236306,0.03151086236034377
robot3,2348,0.08673298401340149,0.031501731905074284
robot3,2349,0.08690350163327587,0.03149339343278388
robot3,2350,0.08712506511200298,0.03148795885039595
robot3,2351,0.08733101846754265,0.03148517636496206
robot3,2352,0.08751066683810986,0.03148328801958037
robot3,2353,0.08765359875274001,0.03148229006448542
robot3,2354,0.08783762229072563,0.03148220756793755
robot3,2355,0.08817848288310695,0.031483015667245165
robot3,2356,0.08841175911937248,0.03148471674509729
robot3,2357,0.08861933857874289,0.031487348446632805
robot3,2358,0.08879697265606931,0.031490890655141275
robot3,2359,0.08895513277880254,0.031495318364258174
robot3,2360,0.08911082011045694,0.03150064935955165
robot3,2361,0.08926200012595464,0.03150687240470237
robot3,2362,0.08943790506119552,0.03151398732469094
robot3,2363,0.0895888305696995,0.03152197466135032
robot3,2364,0.08971596403562951,0.03153082657050118
robot3,2365,0.08988155143834352,0.031540552706131646
robot3,2366,0.09003260677733343,0.0315511422030685
robot3,2367,0.0901833232241575,0.03156258394273461
robot3,2368,0.09032833151014105,0.03157489575669754
robot3,2369,0.09048846075773724,0.03158804423085854
robot3,2370,0.09059176927805089,0.03160202780823983
robot3,2371,0.09070641406538824,0.03161685211636426
robot3,2372,0.09080528676177803,0.031632489789501644
robot3,2373,0.09088397589982075,0.03164892609994285
robot3,2374,0.09100355865890768,0.03166616670412854
robot3,2375,0.09114791432884138,0.03168420916310902
robot3,2376,0.09123938029438965,0.03170301655782215
robot3,2377,0.09135811597300507,0.03172259815838841
robot3,2378,0.09152412261387902,0.03174300052278922
robot3,2379,0.09164457466210635,0.03176418924242847
robot3,2380,0.09173786871259007,0.03178613036292465
robot3,2381,0.09187360390233171,0.03180884441955918
robot3,2382,0.09202974071800722,0.03183232132192463
robot3,2383,0.09209801908223506,0.03185651795822881
robot3,2384,0.09220120560428606,0.03188144968546814
robot3,2385,0.09234514831964157,0.03190713062515813
robot3,2386,0.09241764012376752,0.0319334841405693
robot3,2387,0.09250285655102916,0.03196051118795852
robot3,2388,0.09259611765824781,0.03198823076102132
robot3,2389,0.09270997596007755,0.03201664193694729
robot3,2390,0.09286425881453868,0.03204576507573194
robot3,2391,0.09302033119134824,0.032075598284475426
robot3,2392,0.09314017596707203,0.03210610222951532
robot3,2393,0.0932697974428513,0.03213726976182067
robot3,2394,0.09338805153543871,0.03216908409209767
robot3,2395,0.09347998665605171,0.03220150619955508
robot3,2396,0.09354254660970027,0.03223451243927403
robot3,2397,0.09360972370404293,0.032268082491415405
robot3,2398,0.09364380839340378,0.032302176588524946
robot3,2399,0.09368467389483322,0.03233679726601973
robot3,2400,0.09369459302132008,0.03237189220711049
robot3,2401,0.09368534851911924,0.03240741586885967
robot3,2402,0.09363912552978813,0.03244332479263502
robot3,2403,0.09352677081882782,0.03247954793209793
robot3,2404,0.09336214198382774,0.03251598575187263
robot3,2405,0.09322791462689384,0.03255265556962226
robot3,2406,0.0930854772153381,0.03258953920784162
robot3,2407,0.09296254606270649,0.032626619132118756
robot3,2408,0.09285106949645108,0.032663888180358674
robot3,2409,0.09270175483953849,0.03270129745077519
robot3,2410,0.09253552322883914,0.03273881707925916
robot3,2411,0.092360705545153,0.032776400662493925
robot3,2412,0.09216935988389464,0.032814009779024586
robot3,2413,0.0919138245626376,0.032851555472838696
robot3,2414,0.09167502180418033,0.03288903495735756
robot3,2415,0.09145686947181195,0.032926448661010146
robot3,2416,0.09123330543877568,0.0329637727435677
robot3,2417,0.0909747116484417,0.033000950754459066
robot3,2418,0.09079848811205991,0.03303805415949113
robot3,2419,0.09060947346170477,0.03307505772093937
robot3,2420,0.0905034251927771,0.03311203685448231
robot3,2421,0.09044213886546436,0.033149021119438266
robot3,2422,0.09036932715517268,0.03318598689868055
robot3,2423,0.09034062278136909,0.0332229724076731
robot3,2424,0.09032824189891052,0.033259974668420074
robot3,2425,0.09034359605280637,0.03329700861387266
robot3,2426,0.09034719551719497,0.03333404120712067
robot3,2427,0.09034380885226834,0.033371049097728894
robot3,2428,0.09035310079372073,0.03340803598560155
robot3,2429,0.0903637704091058,0.03344498953962499
robot3,2430,0.09036862452051095,0.03348189409062241
robot3,2431,0.09040713363784089,0.03351878421021715
robot3,2432,0.090495797515574,0.03355571074321417
robot3,2433,0.09060270241641491,0.03359269288261669
robot3,2434,0.09075636746143051,0.033629778487131515
robot3,2435,0.0909178234028717,0.03366696188040165
robot3,2436,0.0909875609417171,0.033704118660855584
robot3,2437,0.09111392588720624,0.033741308957655584
robot3,2438,0.091259982126517,0.03377854981523684
robot3,2439,0.09138903482874414,0.033815808443905866
robot3,2440,0.09146712014760283,0.03385301013089137
robot3,2441,0.0915869275307212,0.03389019666665732
robot3,2442,0.09168768197771213,0.03392733105133588
robot3,2443,0.09182927342806253,0.03396445393260215
robot3,2444,0.09197007278906519,0.03400155160364934
robot3,2445,0.09207349802519196,0.0340385617745745
robot3,2446,0.09218637942934163,0.03407548475349231
robot3,2447,0.09226672871596588,0.034112269324338654
robot3,2448,0.09233398078437743,0.03414888787120326
robot3,2449,0.09245754021648413,0.03418540188943551
robot3,2450,0.09266158248389846,0.03422190996636729
robot3,2451,0.09282448649956715,0.03425834517359164
robot3,2452,0.09294316351906566,0.03429462963585563
robot3,2453,0.09304433328508475,0.03433072449784494
robot3,2454,0.09313780244912964,0.034366610997833204
robot3,2455,0.09322266770247517,0.03440227162677625
robot3,2456,0.09323865937344353,0.034437600185512535
robot3,2457,0.0933414835594485,0.034472707111083356
robot3,2458,0.09344571087559524,0.034507591222068826
robot3,2459,0.09354214210230812,0.0345422395653977
robot3,2460,0.09356255255761316,0.03457652961668474
robot3,2461,0.09346908805355073,0.0346102805478827
robot3,2462,0.0932542247786726,0.03464329509563702
robot3,2463,0.09305394291537546,0.0346755520918574
robot3,2464,0.09272473856400824,0.034706851457319235
robot3,2465,0.0924269276493976,0.03473726242599192
robot3,2466,0.09213318017899544,0.034766778592463465
robot3,2467,0.09174410239961733,0.03479522640088013
robot3,2468,0.09148336226143261,0.03482275021569286
robot3,2469,0.09135599418115677,0.03484953962792803
robot3,2470,0.0911305431769428,0.03487543104820299
robot3,2471,0.09099184313250334,0.03490050384088838
robot3,2472,0.09080342323444869,0.034924629221379344
robot3,2473,0.09058029676610621,0.03494771706098207
robot3,2474,0.09036475069185683,0.034969726812656074
robot3,2475,0.09015415024978497,0.03499066279555033
robot3,2476,0.08996545110679478,0.0350105335734006
robot3,2477,0.08985763399586118,0.035029446933422456
robot3,2478,0.08975683820466131,0.03504739633677714
robot3,2479,0.0895668446230801,0.03506423080697123
robot3,2480,0.08938144996566011,0.035073034047563866
robot3,2481,0.089119215161085,0.03508750732162804
robot3,2482,0.08879671925417149,0.03507307993980858
robot3,2483,0.08839566692116742,0.03506227521944842
robot3,2484,0.08792274424618994,0.03505486558259006
robot3,2485,0.0874131065253703,0.03505065493672765
robot3,2486,0.0868862504726936,0.035049580360510764
robot3,2487,0.0863212011090391,0.035051434002183864
robot3,2488,0.08582580968265574,0.03505618481434537
robot3,2489,0.08541761485121345,0.035063882539464346
robot3,2490,0.0849846681197877,0.03507444452998512
robot3,2491,0.08457582359262301,0.03508778670602477
robot3,2492,0.08411270489053403,0.035103768344061766
robot3,2493,0.08366066135079092,0.03512229269960999
robot3,2494,0.08318174325245245,0.035116191561131466
robot3,2495,0.08277352836562328,0.03514219664509093
robot3,2496,0.08235169873014712,0.03516905265943594
robot3,2497,0.0818807204664561,0.0351967822139262
robot3,2498,0.08143204095053339,0.03522543374367013
robot3,2499,0.0809595445316915,0.03525485833691057
robot3,2500,0.08044958598024442,0.03528499930984299
robot3,2501,0.07990263292061167,0.03531590834715382
robot3,2502,0.07939906846851291,0.03534763103679363
robot3,2503,0.07890247079059125,0.03538010183368845
robot3,2504,0.07841035364410129,0.03535681319444249
robot3,2505,0.07798715678474197,0.0353389767177355
robot3,2506,0.07754899379314559,0.035321892349258165
robot3,2507,0.07709674041824832,0.03530552667950456
robot3,2508,0.07668497920081069,0.035289844686401714
robot3,2509,0.0761946038728384,0.03527484001326589
robot3,2510,0.07566810024379403,0.035260487223456344
robot3,2511,0.07512116473707744,0.0352467491339657
robot3,2512,0.0746414160826985,0.0352336067471794
robot3,2513,0.07419559090940818,0.03522104224742436
robot3,2514,0.07375151941069036,0.03520905524253723
robot3,2515,0.07334027855403112,0.03519763243224962
robot3,2516,0.07283817961876367,0.03518678063010884
robot3,2517,0.07229556661595642,0.0351765017453241
robot3,2518,0.0717629371187743,0.03516677920744321
robot3,2519,0.07127674959998699,0.03515760013818986
robot3,2520,0.07076457236136481,0.03514895817379727
robot3,2521,0.07037274957909377,0.03514082941855072
robot3,2522,0.07004084793161479,0.03513321140985039
robot3,2523,0.06961487071391535,0.0351261504195433
robot3,2524,0.06922879024651733,0.035119629112601455
robot3,2525,0.06888194520896936,0.035113638972014076
robot3,2526,0.06854076167625364,0.0351081849086975
robot3,2527,0.0682373567902136,0.03512098743392158
robot3,2528,0.068030066328472,0.03511518763413178
robot3,2529,0.06770199818476388,0.03511733838531129
robot3,2530,0.06745082253047877,0.035119806712105
robot3,2531,0.06725462873472256,0.03512272181563026
robot3,2532,0.0670430762191896,0.0351262130754815
robot3,2533,0.0667982302745417,0.03513030292388385
robot3,2534,0.06658772212940194,0.03513505513392296
robot3,2535,0.06651384735479694,0.03514050142249483
robot3,2536,0.06650103731245756,0.03514660969879424
robot3,2537,0.06652393771239987,0.03515327987309294
robot3,2538,0.06650064042415635,0.035160557182786475
robot3,2539,0.06659287929323272,0.03516832097172871
robot3,2540,0.06669885370437736,0.035176400496199856
robot3,2541,0.06679021375242954,0.0351847882749873
robot3,2542,0.06690405315163131,0.035193443109098416
robot3,2543,0.06701924819579727,0.035202366866360614
robot3,2544,0.06718307096180864,0.03521143497579564
robot3,2545,0.06736476397774493,0.03522052446096069
robot3,2546,0.06756582179355294,0.035229563610742975
robot3,2547,0.06784192723950873,0.035238382553861566
robot3,2548,0.06801968746795356,0.035247076068322974
robot3,2549,0.06819361547722977,0.0352555982944381
robot3,2550,0.06838736108786446,0.035263838559776065
robot3,2551,0.06867060185759556,0.035260530512520476
robot3,2552,0.06891633490200244,0.03525768115132742
robot3,2553,0.06919730077041467,0.03525575262425469
robot3,2554,0.06939542310771396,0.035254638490435294
robot3,2555,0.0696722016297205,0.035254333390483235
robot3,2556,0.06989855950560156,0.035254786488561195
robot3,2557,0.07004712498375665,0.03525590872170757
robot3,2558,0.0702092085870875,0.03525768550240445
robot3,2559,0.07043785573233727,0.035260124006099014
robot3,2560,0.07068742327345404,0.03526320543342003
robot3,2561,0.07092282165942232,0.03526690968308001
robot3,2562,0.0710948084842151,0.03527126966459112
robot3,2563,0.07125674225293706,0.03527626102866137
robot3,2564,0.07163380396981205,0.03528195722095537
robot3,2565,0.07203932983409685,0.03528831075347422
robot3,2566,0.07221604054459242,0.035295121898617575
robot3,2567,0.07235026274223269,0.03530238868904497
robot3,2568,0.0726329529006065,0.03531010636856862
robot3,2569,0.07289222065032185,0.03531822662093315
robot3,2570,0.07311028481506235,0.03532670215384159
robot3,2571,0.07329670098519003,0.03533554905172772
robot3,2572,0.07347502781401907,0.035344718924002684
robot3,2573,0.0737064969809898,0.03535416598757852
robot3,2574,0.07399551273078017,0.03536383881578775
robot3,2575,0.07418988477681485,0.03537371498535252
robot3,2576,0.07435665046595412,0.03538381774203174
robot3,2577,0.07458566519299474,0.03539406361292777
robot3,2578,0.0748196875875668,0.03540445432140537
robot3,2579,0.07502406819377423,0.03541499520073787
robot3,2580,0.0752698042754745,0.03542564407588483
robot3,2581,0.07546972368336981,0.03543638451108089
robot3,2582,0.07566331314727229,0.03544721835024675
robot3,2583,0.07585764480818474,0.03545810264506752
robot3,2584,0.076054322088512,0.03546905067145778
robot3,2585,0.07614941904598975,0.035480069911604635
robot3,2586,0.07635339729082542,0.035491120490771
robot3,2587,0.07656643970975488,0.03550214831417422
robot3,2588,0.07679129745678666,0.03551311003610798
robot3,2589,0.07694230856856248,0.03552402727515631
robot3,2590,0.07700899156093763,0.035534932131485314
robot3,2591,0.0771849124649672,0.03554575813727979
robot3,2592,0.07737401914523145,0.035556512952550225
robot3,2593,0.07755374741541725,0.03556718309620596
robot3,2594,0.07777831310162964,0.03557773523028318
robot3,2595,0.07800924968002354,0.035588143784739644
robot3,2596,0.07818412425762904,0.03559842947342351
robot3,2597,0.07836061185092238,0.035608574285179134
robot3,2598,0.07854614581731759,0.035618556146555916
robot3,2599,0.07871144221170633,0.03562837137951749
robot3,2600,0.07889392896193582,0.035638002347555625
robot3,2601,0.07915298507744987,0.03564739795182052
robot3,2602,0.07943259285680403,0.0356565375770324
robot3,2603,0.07966149105577774,0.0356654405305561
robot3,2604,0.07993646027009371,0.035674064450381786
robot3,2605,0.08012178885877057,0.035682466449553064
robot3,2606,0.08022436889579156,0.035690699906160146
robot3,2607,0.08042674743168224,0.03569869367584383
robot3,2608,0.08069381522786694,0.035706392812894595
robot3,2609,0.08095824634698298,0.03571379138889619
robot3,2610,0.08124682497120042,0.0357208653533891
robot3,2611,0.08147213249745357,0.035727654531974705
robot3,2612,0.0817033285849561,0.035734152313263594
robot3,2613,0.08200094819966607,0.035740303989044896
robot3,2614,0.08199507732162181,0.035906025527409915
robot3,2615,0.08224302865002985,0.035916699946238174
robot3,2616,0.08254391423744785,0.03592657995892662
robot3,2617,0.08271638479692535,0.0359363491727303
robot3,2618,0.08290025961233415,0.03594602829131446
robot3,2619,0.08314666251721817,0.035955629949136765
robot3,2620,0.08342308617151659,0.035965134351881554
robot3,2621,0.08396584193755406,0.03577372536856613
robot3,2622,0.08430491743372544,0.03577286955815007
robot3,2623,0.08459977534466097,0.03577193218088441
robot3,2624,0.0845796262271977,0.03598798067345718
robot3,2625,0.08482369376538404,0.03600726861139227
robot3,2626,0.08508381535858062,0.03601357284143592
robot3,2627,0.08533935190958412,0.036020396597649634
robot3,2628,0.085652673452532,0.03602779264751397
robot3,2629,0.08592520378621091,0.03602049863731053
robot3,2630,0.08606703376495013,0.03601300527640076
robot3,2631,0.08616421806087857,0.0360053816138862
robot3,2632,0.08637576706270791,0.035997929242711627
robot3,2633,0.08668713208099052,0.0359907521589773
robot3,2634,0.0868259486208656,0.035983504643069486
robot3,2635,0.08705590000432208,0.03597606562230139
robot3,2636,0.08734619578684578,0.0359685747795057
robot3,2637,0.08764263531233189,0.03596116176384559
robot3,2638,0.0877981737109039,0.0360203372485655
robot3,2639,0.0880438986437859,0.03608787316352185
robot3,2640,0.08837057867553315,0.036093435782294056
robot3,2641,0.08866522989207161,0.03609390068600708
robot3,2642,0.08893390538611277,0.03609128312053213
robot3,2643,0.0891620781776894,0.0360885502760262
robot3,2644,0.08943721193919853,0.03608288942308507
robot3,2645,0.08962861224585805,0.03607793185455614
robot3,2646,0.08969684657002963,0.03607132190920135
robot3,2647,0.08972742236215113,0.03607847603298335
robot3,2648,0.08953103516286579,0.03608491968104181
robot3,2649,0.08925704492131384,0.03608583080862788
robot3,2650,0.08897629151707696,0.03609879273060232
robot3,2651,0.08859885962428721,0.0361105197005158
robot3,2652,0.08821115822330021,0.03611239544361544
robot3,2653,0.08790221365186232,0.03611230302679385
robot3,2654,0.08760081648957707,0.036110165162786055
robot3,2655,0.08727526500901668,0.0361018249759766
robot3,2656,0.08695754615817979,0.036095626561635535
robot3,2657,0.08670640445958874,0.03609137049641884
robot3,2658,0.08642650244834306,0.03608892658743198
robot3,2659,0.08617233166789044,0.03608807908975875
robot3,2660,0.08592646935421035,0.03608868265107899
robot3,2661,0.0856779898313824,0.03609067091362789
robot3,2662,0.08539949414627537,0.036094666054431845
robot3,2663,0.08504001335063432,0.03610171485561222
robot3,2664,0.0847536152176832,0.03610812650815481
robot3,2665,0.08451595741296258,0.03611395119291122
robot3,2666,0.08425458051456045,0.036119098135350726
robot3,2667,0.08402708646169854,0.03612369867716597
robot3,2668,0.08373933671186858,0.03612754071157356
robot3,2669,0.08350067007254769,0.03613067844215095
robot3,2670,0.08327842544481028,0.036133030276174864
robot3,2671,0.08297287862613373,0.03613421277067578
robot3,2672,0.08263026797821262,0.03613417034220652
robot3,2673,0.08233555639548844,0.036132999085797105
robot3,2674,0.08200243520752831,0.03613040529937016
robot3,2675,0.0816792942647578,0.036126444827520976
robot3,2676,0.08128831236239052,0.036132495741499925
robot3,2677,0.08090660333369704,0.036134141821658715
robot3,2678,0.08053355380173265,0.03612593991813401
robot3,2679,0.08016757696890257,0.03611279960224307
robot3,2680,0.07986205885469674,0.03610023117913867
robot3,2681,0.07958452035891893,0.03608825711504365
robot3,2682,0.07923642836668146,0.036076753745339495
robot3,2683,0.0789278039548563,0.03606571376529711
robot3,2684,0.0785412416426274,0.0360550416246822
robot3,2685,0.07820763210588247,0.03604476213983179
robot3,2686,0.07791382351048039,0.03603491786680713
robot3,2687,0.07756687351393246,0.036025425996655945
robot3,2688,0.07720271962485832,0.03601632418643986
robot3,2689,0.07685528059536169,0.03600759307475276
robot3,2690,0.07654253904768757,0.03599927940782365
robot3,2691,0.07621865829806723,0.03599133901934254
robot3,2692,0.07588789311465585,0.03598612935658984
robot3,2693,0.07560196271390957,0.03598408332648133
robot3,2694,0.07529233735798867,0.03598204141469881
robot3,2695,0.07495491180356208,0.035979975221738625
robot3,2696,0.07455912310781725,0.03597778400692009
robot3,2697,0.0741929996668183,0.03597549544960496
robot3,2698,0.07386332504555289,0.0359732099514695
robot3,2699,0.07352243870542287,0.0359708470554307
robot3,2700,0.07319596416553006,0.03596844818761404
robot3,2701,0.07284650294712759,0.03596602585741259
robot3,2702,0.07251882647314295,0.03596362279507517
robot3,2703,0.07216219289453983,0.03596124721311939
robot3,2704,0.07186618714920519,0.035958929514962754
robot3,2705,0.07152654139673183,0.03595659846548322
robot3,2706,0.07122744108740935,0.03595421929552031
robot3,2707,0.07089518058200543,0.03595182754390601
robot3,2708,0.0705937616440779,0.03594929728301428
robot3,2709,0.07037026473806811,0.03594673222487137
robot3,2710,0.07004198934458393,0.03594400195514162
robot3,2711,0.06973093971071176,0.03594116144166205
robot3,2712,0.0693509089172746,0.035938243541827
robot3,2713,0.06898571197754559,0.03593525344172349
robot3,2714,0.06867120983299971,0.035932204308399225
robot3,2715,0.0683526948397619,0.035928958786590644
robot3,2716,0.06802393550132876,0.035925605206850154
robot3,2717,0.06763414080223007,0.0359220835758746
robot3,2718,0.06730463035755194,0.03591847814758276
robot3,2719,0.06701182513071156,0.0359149815467615
robot3,2720,0.06684906040895541,0.035911637129312036
robot3,2721,0.06646100070280336,0.03590812833918335
robot3,2722,0.06611810368277499,0.0359044373851603
robot3,2723,0.06574430828015564,0.035900568404247615
robot3,2724,0.0652593670225923,0.035896504817375975
robot3,2725,0.06484456319462815,0.03589236382179107
robot3,2726,0.06463269631892293,0.035888269399906955
robot3,2727,0.06446056741711936,0.0358841846452398
robot3,2728,0.06417788791809573,0.03588005199201471
robot3,2729,0.06374587698889249,0.03587578057363654
robot3,2730,0.06338192573619471,0.03587141457110883
robot3,2731,0.06298139083563666,0.03586693271851716
robot3,2732,0.06280088416642914,0.03586252833873827
robot3,2733,0.06269404573751716,0.03585823005999353
robot3,2734,0.06257240941953565,0.0358540667170259
robot3,2735,0.06236014210388929,0.03584993474608035
robot3,2736,0.06207307449608363,0.03584574151758632
robot3,2737,0.06185045392963362,0.03584148549595973
robot3,2738,0.06172045089162148,0.03583725798537046
robot3,2739,0.061598805904449785,0.03583305049924285
robot3,2740,0.061386162793985316,0.03582879520532262
robot3,2741,0.06113003791033544,0.03582441787683671
robot3,2742,0.06083092217431228,0.03581993522693299
robot3,2743,0.0606882594207009,0.03581546879192328
robot3,2744,0.060510666581020806,0.03581688922866642
robot3,2745,0.06035027885550682,0.03582288106203906
robot3,2746,0.06020571497232468,0.03582901397890441
robot3,2747,0.060023376632854966,0.03583525968222311
robot3,2748,0.059874609490062,0.03584164607609823
robot3,2749,0.05978015119132675,0.03584822123238159
robot3,2750,0.05963483674903988,0.03585490423926274
robot3,2751,0.0594848610449679,0.03586167514247652
robot3,2752,0.05946973353548649,0.03586263253175377
robot3,2753,0.05924657278549804,0.03586495298817961
robot3,2754,0.059078199283118575,0.035872016327620666
robot3,2755,0.05899683159469025,0.03587916250752563
robot3,2756,0.05877979740673008,0.03588555785871822
robot3,2757,0.05868938240580707,0.03589102661771322
robot3,2758,0.05851294924642444,0.03589542828051988
robot3,2759,0.05831758224034053,0.035898737677070025
robot3,2760,0.05823158068536168,0.03590117743723235
robot3,2761,0.058206141912453276,0.035902829599012746
robot3,2762,0.058154048497902615,0.03590372732049797
robot3,2763,0.05798570240067607,0.03590371253349384
robot3,2764,0.05774304449229093,0.03590267826839013
robot3,2765,0.05748929631199841,0.03590063880625602
robot3,2766,0.057424000787391655,0.03589789091379137
robot3,2767,0.057500644823505725,0.03589461403168252
robot3,2768,0.05734938065320253,0.03589053439233667
robot3,2769,0.057139026290959606,0.03588561730913295
robot3,2770,0.05694996418673054,0.035879882285682604
robot3,2771,0.056864356558667575,0.035873460979886695
robot3,2772,0.05663920275235792,0.03586623569528365
robot3,2773,0.05637371769802065,0.03585817123966159
robot3,2774,0.056309022177837245,0.035849479625423834
robot3,2775,0.05626402458393983,0.03584020951233473
robot3,2776,0.05596927090273511,0.035830126867861634
robot3,2777,0.05584919224017219,0.03581943528048976
robot3,2778,0.05584281525394373,0.035808265112638515
robot3,2779,0.05566580989004709,0.035796510478443185
robot3,2780,0.05543843607004013,0.03578417169949814
robot3,2781,0.05522242154380092,0.03577124829793323
robot3,2782,0.05510835517629192,0.03575783935865854
robot3,2783,0.054941587231338525,0.03574386466280915
robot3,2784,0.05481014196183764,0.03572930760300057
robot3,2785,0.054712007197041314,0.03571426233896427
robot3,2786,0.054640789770224116,0.03569873008729002
robot3,2787,0.05447870146899097,0.035682727231070945
robot3,2788,0.05415686658307505,0.03566613598894
robot3,2789,0.05387730411716093,0.035648978532357475
robot3,2790,0.05365620129400389,0.03563137764618835
robot3,2791,0.05327818634238672,0.03561326864897354
robot3,2792,0.052903841715205076,0.035594648692874445
robot3,2793,0.05244721913413328,0.03557539207944549
robot3,2794,0.051824308533857076,0.03555539396390372
robot3,2795,0.05123097504400862,0.03553087104273467
robot3,2796,0.05074667105987025,0.035523857834489025
robot3,2797,0.05036586580597532,0.03551584952794731
robot3,2798,0.05012397579563276,0.03550780148193541
robot3,2799,0.04998376395217682,0.035494864861964764
robot3,2800,0.049711744888995706,0.03547439520598077
robot3,2801,0.04939783382048394,0.03544685339156475
robot3,2802,0.049154911539853886,0.03541274686327279
robot3,2803,0.04888108506377575,0.03537262659058703
robot3,2804,0.04847348076596553,0.03532694536862876
robot3,2805,0.04805938915470986,0.03527638304537789
robot3,2806,0.047601963860267896,0.03522163578098377
robot3,2807,0.0471738799705032,0.03516357364253879
robot3,2808,0.046832394247840456,0.035103220722298885
robot3,2809,0.04639272290763496,0.03504149537269924
robot3,2810,0.04597774383386719,0.034979519254424545
robot3,2811,0.04556501808057767,0.034918467244837964
robot3,2812,0.04520484545665888,0.03485963107866516
robot3,2813,0.04486166553420421,0.03480435018394806
robot3,2814,0.044480203731386066,0.03475401680820788
robot3,2815,0.044116800937872985,0.03471013405424378
robot3,2816,0.043754514267820885,0.034674236222804924
robot3,2817,0.04331774327695775,0.034647867647083774
robot3,2818,0.04296383071643254,0.03463281710809892
robot3,2819,0.04267188385020591,0.034631011536157975
robot3,2820,0.0422909739998064,0.03451333042047763
robot3,2821,0.04196782607932226,0.034495117185042105
robot3,2822,0.04156051695847567,0.034481228981088144
robot3,2823,0.04117954347533745,0.03447103197207133
robot3,2824,0.04077732459945988,0.03446309846809467
robot3,2825,0.04037642752898306,0.03445763237136772
robot3,2826,0.03997321750210598,0.03445372447649578
robot3,2827,0.03951250829684054,0.03445035880789831
robot3,2828,0.03911761416946134,0.03444814838623332
robot3,2829,0.03875244388155898,0.03444682711379129
robot3,2830,0.03847404633558851,0.03444633493557857
robot3,2831,0.03813622385907924,0.03444577920449352
robot3,2832,0.037640233673797416,0.034444195103563086
robot3,2833,0.03723644309162998,0.03444161266562277
robot3,2834,0.03683539025804652,0.03443791995049687
robot3,2835,0.03636639937696638,0.0344327148955685
robot3,2836,0.035964497776384774,0.03442600516720154
robot3,2837,0.0355686242914001,0.03441763417085202
robot3,2838,0.03520542040130748,0.034407810094116704
robot3,2839,0.034808036504246555,0.03439608861200568
robot3,2840,0.03448224253665683,0.03438298101345934
robot3,2841,0.034092504689415534,0.034367865541085625
robot3,2842,0.0337326357911635,0.03435100144365265
robot3,2843,0.03336016391614414,0.03433239420494091
robot3,2844,0.03298666320332802,0.034312052380520354
robot3,2845,0.032606627732027375,0.034290070335600116
robot3,2846,0.03225567259524051,0.03426684653959901
robot3,2847,0.03191429420602811,0.034242767627987565
robot3,2848,0.03152094411213788,0.034217235127391166
robot3,2849,0.031125181106567017,0.034190847557989505
robot3,2850,0.030739175742726204,0.03416380175501456
robot3,2851,0.030400389585377205,0.03413641813457479
robot3,2852,0.030041974782326158,0.03410856754929485
robot3,2853,0.029682125782823268,0.03408017258832008
robot3,2854,0.029302627371279717,0.034052406965838077
robot3,2855,0.028900789960442073,0.03402430018724394
robot3,2856,0.02845759791980076,0.03399552002141856
robot3,2857,0.028031101464703046,0.03396643254901667
robot3,2858,0.027629825921930164,0.033937160181161434
robot3,2859,0.02718348300884669,0.03390792482733908
robot3,2860,0.026842186711472628,0.03388010279559554
robot3,2861,0.026429285358554638,0.03385329989604266
robot3,2862,0.02600250987271826,0.03382701836005002
robot3,2863,0.025581454228176568,0.03380167517759617
robot3,2864,0.02515967021992164,0.03383229911399161
robot3,2865,0.024762819171840644,0.03381002838763736
robot3,2866,0.024336446679949164,0.03382081869299306
robot3,2867,0.02390923997468313,0.03383075775425858
robot3,2868,0.02348886925621239,0.03383900931324384
robot3,2869,0.023106625917021836,0.033846016228373584
robot3,2870,0.022734147259952795,0.03385130147693068
robot3,2871,0.022327140951162294,0.03385444872116792
robot3,2872,0.021939190799925772,0.03385626990251921
robot3,2873,0.021556442056001497,0.03385662601201368
robot3,2874,0.02117337205775552,0.03385467685350404
robot3,2875,0.02076904703058308,0.033850732376740994
robot3,2876,0.020406533765293184,0.03384565600252029
robot3,2877,0.020106093795434536,0.03384042001688862
robot3,2878,0.0197287619595498,0.033834427897612485
robot3,2879,0.019402294183053514,0.0338277917635137
robot3,2880,0.019078901601436493,0.03384680771444325
robot3,2881,0.018746341806163414,0.033865013407064416
robot3,2882,0.01837953335577295,0.033881830662541024
robot3,2883,0.01806568204696727,0.0338904663675559
robot3,2884,0.017709229134980794,0.033870060337934355
robot3,2885,0.017366643765703113,0.03384752324224752
robot3,2886,0.01702604684739112,0.03381869867029991
robot3,2887,0.016641154487435746,0.033783205617328296
robot3,2888,0.016290680065127672,0.03374191523779767
robot3,2889,0.015899608792861182,0.03371693677365437
robot3,2890,0.01552461883077507,0.03370025102223175
robot3,2891,0.015094235858650757,0.03368027604044896
robot3,2892,0.014710413237695369,0.03365686095081978
robot3,2893,0.014382426163684799,0.03363010253501095
robot3,2894,0.014047364614567492,0.03359990659304058
robot3,2895,0.013740102084733696,0.03356671261004869
robot3,2896,0.013434799232525238,0.03353035819211225
robot3,2897,0.013121988020473478,0.033490564011195614
robot3,2898,0.012777011609634249,0.03347071912012796
robot3,2899,0.012457573881142471,0.033450229124631886
robot3,2900,0.012197957974243112,0.03327228501829434
robot3,2901,0.011956329778051984,0.033123949756920575
robot3,2902,0.011710404094314446,0.03298553391746558
robot3,2903,0.011414994250195707,0.03285744783437792
robot3,2904,0.01108300050008201,0.03273989651083627
robot3,2905,0.010737949071691337,0.03263383104124029
robot3,2906,0.010402440638200021,0.03253968090785793
robot3,2907,0.01005602388808326,0.032457880670547445
robot3,2908,0.009688278048685942,0.03239075626703604
robot3,2909,0.009301911876450863,0.03233812717753404
robot3,2910,0.008949421228048206,0.03228456722629965
robot3,2911,0.00868761116096513,0.03222915604933759
robot3,2912,0.00833543137688699,0.032173874617598505
robot3,2913,0.00804923060834399,0.032118138092873075
robot3,2914,0.007721185190012712,0.03206162503100106
robot3,2915,0.007377744976840049,0.032004465087277265
robot3,2916,0.007126188622661692,0.03194643222207608
robot3,2917,0.006784880231163651,0.031887564708216194
robot3,2918,0.006494103442470904,0.03182774198778385
robot3,2919,0.0062101793860968955,0.03176744214331689
robot3,2920,0.0059201389962267505,0.031705862425091304
robot3,2921,0.0055952036559394494,0.031642306302028654
robot3,2922,0.005266831896501721,0.03157583076007135
robot3,2923,0.0049458596802557705,0.031505668748820014
robot3,2924,0.004673869989650751,0.031432849818758976
robot3,2925,0.004499625147109981,0.031360126630759724
robot3,2926,0.004379170320794077,0.03128775183797101
robot3,2927,0.004344800515232363,0.031216614986281605
robot3,2928,0.004283334023413854,0.031147576301307614
robot3,2929,0.004322864621336442,0.03108138196089409
robot3,2930,0.004377146603830071,0.031016633407901135
robot3,2931,0.004592147945768416,0.031027041757349026
robot3,2932,0.004923650642284451,0.03103847014523706
robot3,2933,0.005324603193892846,0.0310494635799642
robot3,2934,0.005692389966517784,0.03090579160368762
robot3,2935,0.006078221606371182,0.030616035051805903
robot3,2936,0.006386010211957479,0.030351289197039055
robot3,2937,0.006660977425018448,0.030240941910170977
robot3,2938,0.006979502027832285,0.030303107552067433
robot3,2939,0.007304991303575745,0.030495226295435232
robot3,2940,0.007595613879343795,0.030830300049417513
robot3,2941,0.007895788138957506,0.031182399175557516
robot3,2942,0.008216248586162538,0.03154896288389191
robot3,2943,0.008536511352539617,0.03192941413385124
robot3,2944,0.008890783903673639,0.03232289321007092
robot3,2945,0.009219512261476789,0.03272780184971125
robot3,2946,0.009552460909413987,0.03314310464631244
robot3,2947,0.009849846859811303,0.03356775809561895
robot3,2948,0.010249488418167715,0.033729065858684036
robot3,2949,0.010621587512303056,0.033655230398746724
robot3,2950,0.01094346895908274,0.03358064911721538
robot3,2951,0.011185775632096615,0.0335050379662074
robot3,2952,0.011471180600508175,0.033428518247016224
robot3,2953,0.011804119218817256,0.03335150064736564
robot3,2954,0.012141988796468153,0.03327438639130501
robot3,2955,0.012523697373539413,0.03319714638468189
robot3,2956,0.012905709264703542,0.03311985846526794
robot3,2957,0.013277786444933245,0.03304250464974131
robot3,2958,0.013651853031328171,0.03303369801890197
robot3,2959,0.014016593010834584,0.033087302314133815
robot3,2960,0.0143934014943328,0.03314055486137273
robot3,2961,0.014795186947176572,0.03319349958560984
robot3,2962,0.015192855103819885,0.0332459746113178
robot3,2963,0.015583315845580703,0.03329788347399077
robot3,2964,0.015954091010878076,0.033349151989062055
robot3,2965,0.01635641463807847,0.03339967495408669
robot3,2966,0.016731022388460748,0.03344946215269456
robot3,2967,0.017121930703853386,0.033498673646541875
robot3,2968,0.01747899241492454,0.033547021312908855
robot3,2969,0.017883187375689804,0.0335945411748315
robot3,2970,0.018362483724229408,0.03364144679397604
robot3,2971,0.01882888178524569,0.03368756568100935
robot3,2972,0.019272398785226727,0.03373282528053331
robot3,2973,0.019699446372241695,0.03377701009825248
robot3,2974,0.020127219650321482,0.03382008201547214
robot3,2975,0.020563023744747933,0.03386214430262926
robot3,2976,0.02098336773308178,0.03390316580769521
robot3,2977,0.02141656292088388,0.03394329326938535
robot3,2978,0.021806189993972994,0.03398219906623196
robot3,2979,0.02217207756733172,0.03401994182726078
robot3,2980,0.022553315487984688,0.03405629809510401
robot3,2981,0.022957753228901475,0.03409129476187747
robot3,2982,0.023410118365544814,0.03412508687130421
robot3,2983,0.023845642197435152,0.034157449151967036
robot3,2984,0.02427322312882405,0.034188501577879345
robot3,2985,0.024699029469575858,0.03421814404496339
robot3,2986,0.025166256651897628,0.034246416982784265
robot3,2987,0.025585813406314686,0.03427309848869858
robot3,2988,0.026001458163099275,0.034298266500127274
robot3,2989,0.026464692314625695,0.034321834744688175
robot3,2990,0.026855327826771344,0.03434358246750952
robot3,2991,0.027306308523919093,0.034363487319977244
robot3,2992,0.027728550205371794,0.03438141899344861
robot3,2993,0.028135875209441184,0.03439765291030673
robot3,2994,0.028512179618404732,0.03441195585984183
robot3,2995,0.028891579095097864,0.03442438098746645
robot3,2996,0.02929590274269873,0.03443481423406567
robot3,2997,0.02971427098191898,0.034443170079371824
robot3,2998,0.030131147926781468,0.03444960655097283
robot3,2999,0.03051833585910142,0.034454095744228135
robot3,3000,0.030944004925746723,0.03445643339074176
robot3,3001,0.03133215862940947,0.03445681855339935
robot3,3002,0.03162890158149607,0.03445558343224258
robot3,3003,0.03190647805811191,0.03445298555555314
robot3,3004,0.032153055982383966,0.034448984209797
robot3,3005,0.03247385097019184,0.034443320302724574
robot3,3006,0.0328814146376029,0.03443574458273908
robot3,3007,0.0333283903838063,0.034425769121347725
robot3,3008,0.03371932715386663,0.03441343671505705
robot3,3009,0.034191423673941033,0.034399106807741546
robot3,3010,0.03468174737226546,0.03438292885984002
robot3,3011,0.035099738491283214,0.03428620930414156
robot3,3012,0.03554029844467663,0.034266462022832504
robot3,3013,0.03597863250141073,0.03428370275998066
robot3,3014,0.03633707590888266,0.03430060114021889
robot3,3015,0.03671682800666933,0.034316966959200515
robot3,3016,0.037159929064395344,0.03433260037218902
robot3,3017,0.03758323986634301,0.03434764127443501
robot3,3018,0.03787118290858739,0.03436239105913736
robot3,3019,0.038218726798671186,0.03437653799923027
robot3,3020,0.038785076248887634,0.03448380140402789
robot3,3021,0.03929476230998333,0.03451399298003425
robot3,3022,0.039779327405400924,0.0345429768090768
robot3,3023,0.04022997158642997,0.034570752151543455
robot3,3024,0.04065539310652782,0.034597287492129036
robot3,3025,0.04108505751829953,0.03462253801237051
robot3,3026,0.04150263906833572,0.03464647790132384
robot3,3027,0.04193804190300666,0.03466907949641162
robot3,3028,0.0423582405579196,0.03469030791442249
robot3,3029,0.04275873449378556,0.034710147524513964
robot3,3030,0.04316886024434205,0.03472860081658281
robot3,3031,0.04361591252430522,0.03474561881229228
robot3,3032,0.04404220750461648,0.034761179663652775
robot3,3033,0.0444444387007946,0.034775294742254194
robot3,3034,0.04487822115105086,0.034787940257452445
robot3,3035,0.045300119471272444,0.03479908325717553
robot3,3036,0.045755064972540345,0.03480868865974245
robot3,3037,0.04620087048411086,0.03481674654226296
robot3,3038,0.04659007094374351,0.03482326967700796
robot3,3039,0.04697914094271312,0.03482824080649346
robot3,3040,0.04728497634383511,0.034831697152831666
robot3,3041,0.04746265784468568,0.03477253462329275
robot3,3042,0.04784565421306365,0.03481798746417887
robot3,3043,0.048050672219025585,0.034742064194720715
robot3,3044,0.04844121296965029,0.03478877996249606
robot3,3045,0.048747774630752,0.034774626963778914
robot3,3046,0.0490613889191609,0.03475934696514038
robot3,3047,0.049378340754727454,0.03474296034633798
robot3,3048,0.04968652145171492,0.03472537414991593
robot3,3049,0.050063215751564596,0.03470644538044114
robot3,3050,0.050406209531362434,0.034686264744852556
robot3,3051,0.05071005023574131,0.03466485228181253
robot3,3052,0.05101265620050097,0.03464221779184512
robot3,3053,0.05130214908113744,0.03461835592438945
robot3,3054,0.0515749475399392,0.03459333791562006
robot3,3055,0.0518732283319551,0.03456720800226277
robot3,3056,0.05220511785110632,0.03459204628843417
robot3,3057,0.052574584803312736,0.0346229163335197
robot3,3058,0.052928307669923604,0.0346527641749528
robot3,3059,0.053269073606363994,0.03468174435139044
robot3,3060,0.053578596496357545,0.034709861760061696
robot3,3061,0.05392528939284099,0.03473692106362283
robot3,3062,0.054264990182414576,0.034763009221973944
robot3,3063,0.05456815441000836,0.03478831241727512
robot3,3064,0.05493835037727962,0.03481249585818288
robot3,3065,0.05527880326569539,0.03483568323108976
robot3,3066,0.05562499336799063,0.034857925785928286
robot3,3067,0.055993190338340916,0.03487916368961891
robot3,3068,0.05634235492333043,0.03489946299833279
robot3,3069,0.05670107802981914,0.03491876467056399
robot3,3070,0.057170582510019864,0.03493669178755117
robot3,3071,0.05757558454911072,0.03492224782165987
robot3,3072,0.058082254493712356,0.03493891925625548
robot3,3073,0.05859281174014466,0.03494542676514696
robot3,3074,0.0591777723332675,0.03497801970334492
robot3,3075,0.0597023175618013,0.03498197137577833
robot3,3076,0.06013868231519257,0.0349845314626503
robot3,3077,0.06057912836311756,0.03498574808389758
robot3,3078,0.06104405125112154,0.0349856390857259
robot3,3079,0.061447781392716526,0.03498426574536567
robot3,3080,0.06177980791042858,0.034981712024320016
robot3,3081,0.06218768440009077,0.03497792818055967
robot3,3082,0.06247749774288324,0.03496464075460212
robot3,3083,0.06291231988969088,0.0349623989441193
robot3,3084,0.06327929867646821,0.03495167258490409
robot3,3085,0.06362451355765004,0.034940831917110414
robot3,3086,0.06391767714782938,0.03493000876874381
robot3,3087,0.06422715004194866,0.03491914849478668
robot3,3088,0.06463706455097165,0.03490799073111679
robot3,3089,0.06516578461472525,0.03489627132640372
robot3,3090,0.06567812800673398,0.03488404012470513
robot3,3091,0.06617720390470375,0.03487133625791922
robot3,3092,0.0666734574572163,0.03485815656124843
robot3,3093,0.06713760086590961,0.03484456935271086
robot3,3094,0.06760321741217168,0.03483055662810257
robot3,3095,0.06812207747478576,0.03481597189932309
robot3,3096,0.06858884248831841,0.0348009394521032
robot3,3097,0.06888431717198945,0.03478592142147497
robot3,3098,0.0691506845403606,0.034770975797349175
robot3,3099,0.06947495688955295,0.034755919172832515
robot3,3100,0.06980355459415084,0.034740735784285263
robot3,3101,0.07014141163335245,0.03472540086629953
robot3,3102,0.07050545585296907,0.034709841213362076
robot3,3103,0.07088353354989434,0.034694013087459924
robot3,3104,0.07127507527097748,0.03467788141913308
robot3,3105,0.07168235507916394,0.0346614082310799
robot3,3106,0.07211484097709517,0.034644492589668396
robot3,3107,0.07251173931244019,0.03462720710617926
robot3,3108,0.07295289900632686,0.03460943333296898
robot3,3109,0.07338503040478349,0.03459119284810027
robot3,3110,0.07384733978599137,0.03457238189338176
robot3,3111,0.07429017087814951,0.03455301788111809
robot3,3112,0.07475468970118118,0.03453302418143677
robot3,3113,0.07522574422760561,0.03451235794525196
robot3,3114,0.07568427342772324,0.03449106302688978
robot3,3115,0.07611814902885951,0.034469188648682314
robot3,3116,0.07656205080507213,0.03444666300357912
robot3,3117,0.07704792618303602,0.03442336086022414
robot3,3118,0.07752995683921433,0.03449967503966154
robot3,3119,0.07802534515238488,0.0345748918432463
robot3,3120,0.07848916140252245,0.034650332217718925
robot3,3121,0.07896589379432446,0.03472601089280241
robot3,3122,0.07942240257934335,0.03480191118247085
robot3,3123,0.07989863444440105,0.034878034929300236
robot3,3124,0.08040056102857174,0.03499100699740432
robot3,3125,0.08082631038578532,0.034971059498351866
robot3,3126,0.08130673348072491,0.0349877942743933
robot3,3127,0.08175198127064416,0.03500457141123424
robot3,3128,0.08224581510955635,0.03502128878582791
robot3,3129,0.08276833041761893,0.035071230439921226
robot3,3130,0.08320820070773866,0.03508682507270643
robot3,3131,0.0836143104739859,0.03508568735222817
robot3,3132,0.08409081401470128,0.035084648456048764
robot3,3133,0.08452353219533143,0.035083717465490154
robot3,3134,0.08493827888926116,0.03508287520684133
robot3,3135,0.08535260384615054,0.035082123874895926
robot3,3136,0.08573694300872171,0.035081478307725705
robot3,3137,0.08612171531926745,0.03508093693630854
robot3,3138,0.08651131942671682,0.03508048858670325
robot3,3139,0.08685932228118419,0.035080150699279854
robot3,3140,0.08718070522675199,0.03507992270975523
robot3,3141,0.08757930027687065,0.03507981132645497
robot3,3142,0.08804514734670525,0.035079800528030634
robot3,3143,0.08855551951282552,0.03507987447304131
robot3,3144,0.08904736779245308,0.03508002965221942
robot3,3145,0.08955318903338609,0.03508024996728075
robot3,3146,0.09003933840942334,0.03508053288482156
robot3,3147,0.09056336297121122,0.03508086327575769
robot3,3148,0.09108103673223118,0.03508122244977399
robot3,3149,0.09147317852297314,0.03508161980129043
robot3,3150,0.09199050278754689,0.035082070008971296
robot3,3151,0.092385061022442,0.035082589952312365
robot3,3152,0.09276558687872423,0.035083181487463096
robot3,3153,0.09312674402804055,0.03508385666877376
robot3,3154,0.09352502692506424,0.035084619948307125
robot3,3155,0.09398356411162194,0.035085494798161934
robot3,3156,0.09453492186666881,0.035086494258554396
robot3,3157,0.09510230466324805,0.03508761160411908
robot3,3158,0.09567227802593282,0.03508885982176714
robot3,3159,0.09623007444630308,0.03509025098300641
robot3,3160,0.09673583652819007,0.035091780060508754
robot3,3161,0.09724951598904064,0.035093465481041065
robot3,3162,0.0977991997362963,0.03509533103269191
robot3,3163,0.09827458938421486,0.035097371515573045
robot3,3164,0.09870842139258507,0.03509958414376402
robot3,3165,0.09908178647356226,0.03510198356550985
robot3,3166,0.09947115269368115,0.035104589629319546
robot3,3167,0.09983410030350445,0.03510740094780876
robot3,3168,0.10022230247170345,0.035110436119418366
robot3,3169,0.10051752360670456,0.035180730247344666
robot3,3170,0.10092776384398504,0.03518415898913069
robot3,3171,0.10134822612190865,0.0351878219030193
robot3,3172,0.10176716385984383,0.03519178937372428
robot3,3173,0.10214544277643321,0.03519612189561063
robot3,3174,0.10265374863072527,0.03510664637443695
robot3,3175,0.10291775212806921,0.03520602867647048
robot3,3176,0.10327932060124986,0.03521107241175801
robot3,3177,0.10367902552274359,0.03521602101243507
robot3,3178,0.1040645137747394,0.035220884671061416
robot3,3179,0.10447382467701968,0.03522567513640216
robot3,3180,0.10484749056835545,0.035230405452973776
robot3,3181,0.10519007838842485,0.03523508027632621
robot3,3182,0.10549964959966471,0.035239691103090734
robot3,3183,0.10582573273259525,0.03524423842562263
robot3,3184,0.1060994377180396,0.03524872422490334
robot3,3185,0.10638521350362418,0.03525317010103936
robot3,3186,0.1067336665108805,0.0352575797353149
robot3,3187,0.10712952887225956,0.03526198713705078
robot3,3188,0.1075611626929282,0.03526642294837876
robot3,3189,0.1080561099644576,0.03527091401282474
robot3,3190,0.10853217350108828,0.035275479897510204
robot3,3191,0.10898874252805461,0.03528014372222618
robot3,3192,0.10947706015604515,0.03528492994402301
robot3,3193,0.10991653167419371,0.035289829068247264
robot3,3194,0.11035595654385702,0.03529485195697907
robot3,3195,0.11082958873076638,0.03530002222258366
robot3,3196,0.11130857678646361,0.03530535574671117
robot3,3197,0.11181885735938205,0.035310885218804614
robot3,3198,0.11224284343418144,0.035316600510055286
robot3,3199,0.11263582890975124,0.03532250616069216
robot3,3200,0.11300798188750688,0.03532368199838344
robot3,3201,0.11332291395280862,0.03532504206350202
robot3,3202,0.11361443978032895,0.03532661136878196
robot3,3203,0.11388106721780973,0.03532839975417057
robot3,3204,0.11421301917007252,0.035330405761010576
robot3,3205,0.11456647137477625,0.03533263722460266
robot3,3206,0.11492836346227667,0.03533512279015943
robot3,3207,0.1152966471823356,0.03533789726328988
robot3,3208,0.11574490582521045,0.03534096952925453
robot3,3209,0.11627023425108578,0.0353443704955576
robot3,3210,0.11680723960446014,0.03534813589181241
robot3,3211,0.11722821714612283,0.03535229017879204
robot3,3212,0.11759412333862938,0.03535684448310444
robot3,3213,0.1180101640824542,0.03536181917049332
robot3,3214,0.11849709303727726,0.035367249265027885
robot3,3215,0.11874503796985096,0.03537312466806529
robot3,3216,0.11893148622808954,0.03537944197933495
robot3,3217,0.11927452823424593,0.03538624768095956
robot3,3218,0.11966443175658743,0.03539357794249748
robot3,3219,0.12008725347468524,0.03539604896321814
robot3,3220,0.12043345933715471,0.035399151274187864
robot3,3221,0.12050076676480201,0.03540259228170782
robot3,3222,0.12077432064332908,0.03540648135790226
robot3,3223,0.12124403808314739,0.03541085246673186
robot3,3224,0.12180999648220055,0.035415715159381
robot3,3225,0.12234595048305094,0.035421034361903025
robot3,3226,0.12277865230391528,0.03542676567311835
robot3,3227,0.12317645983656524,0.03543284680576206
robot3,3228,0.12336009593343425,0.03543903742930735
robot3,3229,0.12345346800880118,0.03544528381257401
robot3,3230,0.1235416393345093,0.03545152154579167
robot3,3231,0.12354749002324604,0.03545770710418126
robot3,3232,0.12370404443033146,0.03546381529114955
robot3,3233,0.12400731377620033,0.03546982194788677
robot3,3234,0.12446506264450771,0.035475656274776474
robot3,3235,0.1250047636923079,0.03548139962420479
robot3,3236,0.12539271117362372,0.035487154083051656
robot3,3237,0.12562507386654614,0.035492770530294614
robot3,3238,0.1257653095028414,0.03549814780181597
robot3,3239,0.12609260259977229,0.035503304899220336
robot3,3240,0.1264843671849141,0.035508323638045056
robot3,3241,0.12684170348636084,0.03551326007149804
robot3,3242,0.127143611125498,0.03551818008007175
robot3,3243,0.1272834435443211,0.0355231760835581
robot3,3244,0.12746206732022228,0.035528153603820715
robot3,3245,0.12764984672042698,0.03553305500200407
robot3,3246,0.12778883228277094,0.035537925341665715
robot3,3247,0.12810787080232958,0.03554266764424098
robot3,3248,0.1284364598705536,0.035547289771859836
robot3,3249,0.12865431253078416,0.035552170239275024
robot3,3250,0.12890598622070973,0.03555519648462235
robot3,3251,0.12921556372975362,0.03555704538734402
robot3,3252,0.1293882768554524,0.03555785668965406
robot3,3253,0.1295827586037378,0.035558078746487864
robot3,3254,0.12983386629392885,0.035558202307341566
robot3,3255,0.13004709324765826,0.035558475722479735
robot3,3256,0.13007243544370986,0.03555874069807035
robot3,3257,0.13010496615400213,0.0355592069789305
robot3,3258,0.13026935194380473,0.035560363385217356
robot3,3259,0.13044496504396969,0.03556231743459906
robot3,3260,0.13053478679789257,0.03556498745671819
robot3,3261,0.13058134562813933,0.034711409772660476
robot3,3262,0.13092618021805344,0.03557541490709578
robot3,3263,0.13119112106697647,0.03558188650641132
robot3,3264,0.13140569110077793,0.03558815949417623
robot3,3265,0.13156389531568458,0.03559447003358431
robot3,3266,0.13166764007432002,0.035601046150885135
robot3,3267,0.13176098186329516,0.03560815172575226
robot3,3268,0.13182751106262924,0.03561600408283216
robot3,3269,0.1320120417809621,0.03562432512963333
robot3,3270,0.1321676134363605,0.0356332360402801
robot3,3271,0.13232830702661247,0.034640551984708945
robot3,3272,0.13263140894574374,0.03566546414563771
robot3,3273,0.13281564688202083,0.03568860521304149
robot3,3274,0.13299216365279762,0.03571253927967223
robot3,3275,0.13303926988612644,0.03472299866833109
robot3,3276,0.13320856661154729,0.034745774819558574
robot3,3277,0.1334397324103778,0.03489446230593669
robot3,3278,0.1336295426644702,0.03503773508750715
robot3,3279,0.13387749302378094,0.03517289265797819
robot3,3280,0.1340372345993915,0.03530242093909212
robot3,3281,0.13422230428581516,0.035425272995434076
robot3,3282,0.13459916498952912,0.03553347107946472
robot3,3283,0.134835457602366,0.03563318289491269
robot3,3284,0.13499232468366051,0.03572797447436366
robot3,3285,0.13522920726310814,0.035814512728185616
robot3,3286,0.13550806361606307,0.03589155928714601
robot3,3287,0.13576784986542315,0.03596042892919803
robot3,3288,0.1361023844125113,0.036019210685536054
robot3,3289,0.13642287824618032,0.036068636464115324
robot3,3290,0.13658124734518048,0.036116325494428114
robot3,3291,0.13679037193037963,0.03616108733606818
robot3,3292,0.1371060553180481,0.03619805937081946
robot3,3293,0.13736321365394846,0.03622975259267976
robot3,3294,0.13751551251210048,0.03626154926705925
robot3,3295,0.1376799835658367,0.036292894307732644
robot3,3296,0.13791003098338617,0.0363204945916511
robot3,3297,0.13813483609919655,0.03634427225551266
robot3,3298,0.13834519246871138,0.03636499838856897
robot3,3299,0.13863888837103408,0.036379024793743144
robot3,3300,0.1388697119840414,0.03636847112105861
robot3,3301,0.13902426341643784,0.03635443830515964
robot3,3302,0.13923658667494512,0.03633838198668528
robot3,3303,0.13937514262070444,0.036322564403994985
robot3,3304,0.13946453644137513,0.0363083049133194
robot3,3305,0.13952327353390434,0.036295827077622814
robot3,3306,0.13966709203786074,0.036281654641398875
robot3,3307,0.13989091826509908,0.03626195403264383
robot3,3308,0.14004947801687345,0.03623841999914718
robot3,3309,0.14024688709263197,0.03620888220261029
robot3,3310,0.14040697378150535,0.0361740727939094
robot3,3311,0.1406012274783612,0.036131658621092126
robot3,3312,0.14078855740390983,0.03608122300356612
robot3,3313,0.14086571519070865,0.03602649351984759
robot3,3314,0.14092466791115515,0.03596742229559144
robot3,3315,0.1410893225454908,0.035898656963073566
robot3,3316,0.1412994804283956,0.03581734853026314
robot3,3317,0.14148081357788272,0.03572399243988874
robot3,3318,0.14158870833662562,0.03562111119038196
robot3,3319,0.14176163555303434,0.03550527338233017
robot3,3320,0.1419389944893893,0.03543412589866611
robot3,3321,0.14204439510025255,0.03537404839956261
robot3,3322,0.1420973929429519,0.0353114501457881
robot3,3323,0.142251151561074,0.03524489789843487
robot3,3324,0.14236576394849682,0.035175826046715104
robot3,3325,0.1424902060163599,0.03510450426443984
robot3,3326,0.14255306795288122,0.035032438207677194
robot3,3327,0.1426911107243842,0.034960002818200206
robot3,3328,0.14282509342825395,0.034887951109426586
robot3,3329,0.14294319666616181,0.03481702102938736
robot3,3330,0.14303160058306166,0.03474824284062367
robot3,3331,0.14303539741709392,0.03468188727348323
robot3,3332,0.14306204617772145,0.03461896799398288
robot3,3333,0.14321591011609325,0.034562252514849165
robot3,3334,0.14337731851041755,0.034513546975303386
robot3,3335,0.1434866997346092,0.03447273801722519
robot3,3336,0.14351970902120775,0.03443984171136847
robot3,3337,0.14353773484794874,0.03441441625800685
robot3,3338,0.14359719991559006,0.03439983955662987
robot3,3339,0.14370503885522526,0.03439826922704942
robot3,3340,0.14378722685687959,0.034409340885285675
robot3,3341,0.14377730025699909,0.03443064269634824
robot3,3342,0.1438790918620209,0.03446763463531584
robot3,3343,0.14396892780231932,0.034521603648309876
robot3,3344,0.14403225192616204,0.03459206032405533
robot3,3345,0.1441953059692235,0.034681575000079165
robot3,3346,0.14436696671020396,0.03479030977876941
robot3,3347,0.1445135979753459,0.034922666949599106
robot3,3348,0.1448032775229462,0.03502767624248502
robot3,3349,0.1450471998945831,0.03516615827793214
robot3,3350,0.1451153481402768,0.03532754922335173
robot3,3351,0.14505783633357697,0.03550527331103424
robot3,3352,0.14495562052162164,0.03569282443199979
robot3,3353,0.1448352799881296,0.035885651667411936
robot3,3354,0.1446037566985098,0.03607901451866469
robot3,3355,0.14447132282673,0.036268733766523724
robot3,3356,0.14427754188058808,0.03645151901071004
robot3,3357,0.14409843232701575,0.036625785151295734
robot3,3358,0.14390725825314962,0.03679808529479032
robot3,3359,0.14362982439180522,0.03679564936403571
robot3,3360,0.1431291200708342,0.0368089128853201
robot3,3361,0.14280211778469157,0.034919838496662796
robot3,3362,0.14252350518125162,0.034943182227124885
robot3,3363,0.14220095063792923,0.03496564720851305
robot3,3364,0.14170423456280937,0.03681613762980276
robot3,3365,0.1414833682442645,0.036817049456485444
robot3,3366,0.14124534396424007,0.03681886355357479
robot3,3367,0.14091438597315156,0.03682009965472669
robot3,3368,0.14049038557707405,0.03682078549322509
robot3,3369,0.14011064769116996,0.03682096253866523
robot3,3370,0.13990406424028176,0.03509880617883484
robot3,3371,0.13958140868290136,0.03511668980821127
robot3,3372,0.13922004151612702,0.03513413919284643
robot3,3373,0.1388876412720604,0.03515117234439638
robot3,3374,0.13851775520676338,0.03516776852303938
robot3,3375,0.1381032055202993,0.03518389821246134
robot3,3376,0.13781530788891555,0.035199645538703875
robot3,3377,0.13756630124497507,0.03521503852856051
robot3,3378,0.1372911642642021,0.03523006577056539
robot3,3379,0.1368181032957513,0.036823736007597245
robot3,3380,0.1367086521101333,0.035261103385299676
robot3,3381,0.13635699689295394,0.0352770944775947
robot3,3382,0.13572387662841462,0.03682141855319707
robot3,3383,0.13556218452148233,0.03530998926265079
robot3,3384,0.1350858701794089,0.03532672027496185
robot3,3385,0.13455287905936994,0.03534295637540743
robot3,3386,0.13412957174462056,0.03535880159537606
robot3,3387,0.13367949813173166,0.035374261800748194
robot3,3388,0.13326888137841034,0.03538939220772328
robot3,3389,0.1328372022384977,0.03540419396161381
robot3,3390,0.13236138119287366,0.03541866397712571
robot3,3391,0.13193030698668068,0.03543285897941664
robot3,3392,0.13150129772338323,0.0354467922561424
robot3,3393,0.13112920017168928,0.035460507538275024
robot3,3394,0.1307660231012202,0.03547404601114994
robot3,3395,0.13045444370758444,0.035487459619928045
robot3,3396,0.13010155515990496,0.035500721065087816
robot3,3397,0.12970775093120368,0.0355138686256518
robot3,3398,0.12898280871957304,0.03678376479209361
robot3,3399,0.128545011771695,0.03678080402433381
robot3,3400,0.12813224335004014,0.036775179715897964
robot3,3401,0.1277001043739863,0.036769175278915156
robot3,3402,0.12731842757506656,0.036762859966797345
robot3,3403,0.12695843665199083,0.036756334481735334
robot3,3404,0.1265209751733806,0.036749683198502345
robot3,3405,0.12603717586564175,0.036743004806376996
robot3,3406,0.1255834573222003,0.03673640280407332
robot3,3407,0.12523741595522375,0.03673000696697107
robot3,3408,0.12486456383573365,0.03672391671568363
robot3,3409,0.12445258991043238,0.03671822470702711
robot3,3410,0.12400903173943825,0.036713035273807704
robot3,3411,0.12356030088895766,0.03670845117112696
robot3,3412,0.12313804868560974,0.03670459848891131
robot3,3413,0.12273343921920385,0.03670157566956811
robot3,3414,0.12266995162221825,0.03566674166325071
robot3,3415,0.12224694639742018,0.035678019785899684
robot3,3416,0.1218525360399936,0.035689389172849556
robot3,3417,0.12112317546366763,0.03670209677150446
robot3,3418,0.12110218272593602,0.03570442006582503
robot3,3419,0.12071339635937159,0.03570740761979923
robot3,3420,0.12028465495925679,0.03571003997753232
robot3,3421,0.11983862170119354,0.035712388601352535
robot3,3422,0.11945955314193928,0.0357145152230774
robot3,3423,0.11911620130777713,0.03571647115382991
robot3,3424,0.11879476849132879,0.035718314478291074
robot3,3425,0.11845461595949804,0.03572010130130086
robot3,3426,0.11761750472866087,0.03659191917183106
robot3,3427,0.11753980543777408,0.035757890753706056
robot3,3428,0.11718939502756295,0.03579302818189809
robot3,3429,0.11682973388049663,0.03582748170093651
robot3,3430,0.11634881195514439,0.03586086745963339
robot3,3431,0.11585592049383114,0.03589312029923078
robot3,3432,0.11542550206971014,0.035924291527725
robot3,3433,0.1150111884490573,0.035954540504018716
robot3,3434,0.11466749924276308,0.03598411180171597
robot3,3435,0.11426948348591388,0.036013047603696655
robot3,3436,0.1138276241744078,0.036041187561981936
robot3,3437,0.11331695006681367,0.03606819151230065
robot3,3438,0.1127967819885923,0.03609418449658182
robot3,3439,0.11234040913150263,0.0361193802131076
robot3,3440,0.11178964494971255,0.036143330104107155
robot3,3441,0.11115595265871142,0.03616568318534476
robot3,3442,0.11074171114771801,0.036187259398175124
robot3,3443,0.11060074352726275,0.036208729743027676
robot3,3444,0.11009962547453955,0.03622893112213503
robot3,3445,0.10942488443030228,0.036247368057313135
robot3,3446,0.10901572069908162,0.03626478996488146
robot3,3447,0.1087172891035189,0.036281480381974734
robot3,3448,0.10835567286073507,0.0362970550763685
robot3,3449,0.107987797273183,0.036311440752552444
robot3,3450,0.10713187149268662,0.036983033519570566
robot3,3451,0.10674219628308262,0.036977756347643505
robot3,3452,0.10661005789184651,0.03680138022349027
robot3,3453,0.10648544088393308,0.03671015316139788
robot3,3454,0.1064091088094989,0.036692590220647955
robot3,3455,0.10655682064321424,0.0361175348245701
robot3,3456,0.10624144674222012,0.03610229121576371
robot3,3457,0.10589775711921459,0.03608155853345652
robot3,3458,0.10551918076081751,0.036056243547335956
robot3,3459,0.10508810855638215,0.03602718867319632
robot3,3460,0.10441736567725356,0.036545940776915
robot3,3461,0.1039606154525938,0.03654073529898786
robot3,3462,0.10346239680123559,0.036513569536303796
robot3,3463,0.10300260275382755,0.036484381653559265
robot3,3464,0.1025511139291432,0.036453161573590354
robot3,3465,0.10234370562951724,0.03596867203491214
robot3,3466,0.10197408947252157,0.03596635233423864
robot3,3467,0.10160648837124353,0.03596389932984088
robot3,3468,0.10122816633046222,0.03596131430721204
robot3,3469,0.10087597874893035,0.03595860874193317
robot3,3470,0.1005252977899645,0.035955789819438026
robot3,3471,0.10021555384698222,0.03595286324039747
robot3,3472,0.09987521567216745,0.03594982316387454
robot3,3473,0.09953981397461084,0.03594667319365431
robot3,3474,0.09925091072645031,0.03594340486667244
robot3,3475,0.09896563841863909,0.035940044292363436
robot3,3476,0.09875362426200411,0.03593659467317869
robot3,3477,0.09846902661201706,0.035933062418062184
robot3,3478,0.09824436508078703,0.035929486890428325
robot3,3479,0.09791539155159823,0.03592584566234158
robot3,3480,0.09752710764726602,0.03592208954269757
robot3,3481,0.09714639202994337,0.035918243134172134
robot3,3482,0.09679880494938138,0.035914326084309556
robot3,3483,0.09643892349782253,0.03591029522825941
robot3,3484,0.09610558256288786,0.035906136920843976
robot3,3485,0.09577163272638549,0.03590190119364114
robot3,3486,0.09550503541390404,0.03589760095288917
robot3,3487,0.09514876515219757,0.0358931893637382
robot3,3488,0.09482607055209272,0.0358886637035703
robot3,3489,0.09451388421257019,0.035884033467330205
robot3,3490,0.0942425551226223,0.035879292500616
robot3,3491,0.09397454103447024,0.03587445470385327
robot3,3492,0.09364148162091591,0.035869462780136016
robot3,3493,0.0930825776300979,0.03618582008422496
robot3,3494,0.09270331518386574,0.036175760771799424
robot3,3495,0.0923102436869281,0.03616128425829325
robot3,3496,0.09190271943310842,0.03614700585894386
robot3,3497,0.09153634132173227,0.03613297869710977
robot3,3498,0.0912190248668566,0.036119235831717326
robot3,3499,0.09093318522713588,0.036105813440601736
robot3,3500,0.0907400534186608,0.03609274011315954
robot3,3501,0.0907035111140812,0.035705833050888834
robot3,3502,0.09035563678342551,0.03568362298437445
robot3,3503,0.08983163992766469,0.03605417999140254
robot3,3504,0.08953270963281719,0.03604157336271229
robot3,3505,0.08928515760832408,0.036015123010523925
robot3,3506,0.0889500448104794,0.035989165917308816
robot3,3507,0.08868611653377403,0.03596347685983337
robot3,3508,0.08842731395553663,0.035951444040689576
robot3,3509,0.0881779541681624,0.03594107781454626
robot3,3510,0.08795500585491979,0.035931073058775034
robot3,3511,0.08777045559016722,0.03591825819804337
robot3,3512,0.08759320600441056,0.03589388088646838
robot3,3513,0.08742433376245007,0.03586820578962792
robot3,3514,0.0872369190213659,0.03587683872491595
robot3,3515,0.08703194533266893,0.03588471717341514
robot3,3516,0.08682463197800731,0.03589197488703359
robot3,3517,0.08658860039269754,0.035899041104342916
robot3,3518,0.08637500595159865,0.035906335185540976
robot3,3519,0.0860947272800567,0.035914282890097605
robot3,3520,0.08584583642716724,0.03592357863421887
robot3,3521,0.08555749778736116,0.03593498773412763
robot3,3522,0.08528431369902989,0.03594942853617441
robot3,3523,0.08499930571048708,0.03591225120461187
robot3,3524,0.08469989857607889,0.035945413389733304
robot3,3525,0.08438802466614417,0.0359873197392416
robot3,3526,0.0842919911699847,0.03577325533931086
robot3,3527,0.0839958838195251,0.03576940637141541
robot3,3528,0.0834203831155594,0.035956313973103365
robot3,3529,0.08308819099949724,0.03594828775286283
robot3,3530,0.08269566438867407,0.03593578621226187
robot3,3531,0.08230192442659905,0.0359233102379935
robot3,3532,0.08198376681852455,0.03591120435560921
robot3,3533,0.0816172139696442,0.035899743253952954
robot3,3534,0.08126000989728106,0.035889224922210174
robot3,3535,0.08092847631088482,0.035879954342267706
robot3,3536,0.08077541785359596,0.03573083858188138
robot3,3537,0.08040475495107635,0.03572759597569293
robot3,3538,0.08002493885379014,0.03572206132974561
robot3,3539,0.07972365331633094,0.035715187134902446
robot3,3540,0.07938890366575205,0.035707367956825824
robot3,3541,0.07899140894323847,0.03569829329056888
robot3,3542,0.0786393832834613,0.035688131475590426
robot3,3543,0.07837451500018391,0.035677469341502406
robot3,3544,0.07808584880188829,0.0356663669167032
robot3,3545,0.07770800989109797,0.0356544394226811
robot3,3546,0.07736517407364747,0.03564181569361489
robot3,3547,0.07707045672561687,0.035628597518940965
robot3,3548,0.0768500304742444,0.03561509489113403
robot3,3549,0.07660185301370392,0.03560134291621438
robot3,3550,0.07632964551857237,0.03558749254960155
robot3,3551,0.07610786956640969,0.03557350107958015
robot3,3552,0.07582631202971137,0.035559437455015455
robot3,3553,0.07556953829079943,0.035545343782988924
robot3,3554,0.07533598607174065,0.03553120641769506
robot3,3555,0.0750667292677738,0.0355170156649639
robot3,3556,0.07481658295734851,0.0355028443819135
robot3,3557,0.07464313749633401,0.03548872422483963
robot3,3558,0.07451534321104292,0.0354746112831891
robot3,3559,0.07434150851713112,0.03546054156705045
robot3,3560,0.07413188744868542,0.03544645133954561
robot3,3561,0.07392182741367698,0.0354323844841978
robot3,3562,0.0737634053438975,0.035418413221359586
robot3,3563,0.0735977084834737,0.035404521355458685
robot3,3564,0.07333469450225838,0.03539063856025563
robot3,3565,0.0730399173792111,0.03537665358103893
robot3,3566,0.07286422344212913,0.035362725951892826
robot3,3567,0.07266544694316611,0.035348886249606075
robot3,3568,0.07250088374064002,0.03533517448186864
robot3,3569,0.07223465981428963,0.035321443597984524
robot3,3570,0.0720020624270982,0.03530775268377402
robot3,3571,0.07182897503245635,0.035294165434260553
robot3,3572,0.07162533933709635,0.035280661281689246
robot3,3573,0.07148225493385922,0.03526730432312517
robot3,3574,0.07132477145494985,0.03525407465560543
robot3,3575,0.0711616926461979,0.035240951152857594
robot3,3576,0.07094120689048017,0.03522791222444112
robot3,3577,0.07074902190857951,0.03521500816445941
robot3,3578,0.07058519962638385,0.03520220664047771
robot3,3579,0.07044457796957208,0.03518957288887548
robot3,3580,0.07029476397011929,0.0351770711945279
robot3,3581,0.07013564122513674,0.03516473031090021
robot3,3582,0.06986596663162183,0.0351525629458824
robot3,3583,0.0696445834679279,0.03514049210891162
robot3,3584,0.06939897910113003,0.03512862683099462
robot3,3585,0.06911402969608046,0.035117151337266804
robot3,3586,0.06885361717285442,0.03510610711642839
robot3,3587,0.06861756102959052,0.03509544539552808
robot3,3588,0.06839307036240665,0.035085319129617897
robot3,3589,0.06813796645981443,0.03507589000592733
robot3,3590,0.06796979726297052,0.03506712263201318
robot3,3591,0.06783628918360372,0.035059147399624596
robot3,3592,0.06771496670180717,0.035052018795476564
robot3,3593,0.06760845235915595,0.03504562922112448
robot3,3594,0.06751914531316834,0.03503998715341757
robot3,3595,0.0673941579706667,0.035035253322439064
robot3,3596,0.06728130483047384,0.035031498970986834
robot3,3597,0.06720186956615756,0.03502879110460506
robot3,3598,0.06712446608752144,0.03502719307664887
robot3,3599,0.06703914182393893,0.03502678435444529
robot3,3600,0.0669744216395561,0.035027406507833626
robot3,3601,0.06691055300011883,0.035029269493306786
robot3,3602,0.0668351540223446,0.03503248068052729
robot3,3603,0.06678186705240247,0.035036929480515774
robot3,3604,0.06674081402501293,0.0350426457243096
robot3,3605,0.06669623488563751,0.035049715527029755
robot3,3606,0.0666602506153933,0.03505816428550587
robot3,3607,0.06661032869442848,0.03506804858767796
robot3,3608,0.06658966098223114,0.03507927429564003
robot3,3609,0.06664240348201414,0.03509144726885218
robot3,3610,0.06668618473203919,0.03510452688748075
robot3,3611,0.0667693715175305,0.0351183651434877
robot3,3612,0.06682907600454921,0.03514374278858977
robot3,3613,0.06713224830762228,0.03515798040557564
robot3,3614,0.06750654622443727,0.03517008647484197
robot3,3615,0.06788033953465711,0.03518118821140149
robot3,3616,0.06825101616109466,0.03519131649391028
robot3,3617,0.06861670920693269,0.035200470870277535
robot3,3618,0.06904616186912416,0.03520863441206334
robot3,3619,0.06953449218720405,0.03521579874927504
robot3,3620,0.07000944314582072,0.035221960070216184
robot3,3621,0.07039658989854544,0.03522711977039981
robot3,3622,0.07081246928719086,0.035231252455766346
robot3,3623,0.07120303675955714,0.03523434406113307
robot3,3624,0.07172834379556343,0.03523637502047345
robot3,3625,0.07232338744284574,0.035237326492146406
robot3,3626,0.07275550027676748,0.035237186429304894
robot3,3627,0.07316270343152684,0.03523593864361979
robot3,3628,0.07359138165941902,0.035233607161053435
robot3,3629,0.07399094559301715,0.03523021233238267
robot3,3630,0.07450398580781412,0.0352257607847564
robot3,3631,0.07501718016235825,0.03522026723115816
robot3,3632,0.0754664395598142,0.03521372541777781
robot3,3633,0.0760091513235881,0.03520612808727028
robot3,3634,0.07650373600086537,0.035197477466215606
robot3,3635,0.07691298267955742,0.03518780021237849
robot3,3636,0.07738404865889431,0.03517709795271031
robot3,3637,0.07798193241560555,0.035165326313811605
robot3,3638,0.07857426600493485,0.035162498128355195
robot3,3639,0.07908942732820394,0.03515542855770653
robot3,3640,0.0795573796103728,0.03514753759434833
robot3,3641,0.08002538313936833,0.03513883652676828
robot3,3642,0.08044583668316728,0.03512932311672739
robot3,3643,0.08074911275698769,0.0351189695622897
robot3,3644,0.08114275649032093,0.03509624489765221
robot3,3645,0.08153921954847779,0.03507594698026366
robot3,3646,0.08194350297904465,0.03497734664452236
robot3,3647,0.0823834093009559,0.03491354211642487
robot3,3648,0.082794482675713,0.03493155537322871
robot3,3649,0.08327584189959827,0.0349445848179843
robot3,3650,0.0837200385351468,0.0349571522783283
robot3,3651,0.0841504329289161,0.03496926659455224
robot3,3652,0.08458362577942025,0.034980955191723596
robot3,3653,0.08503180108703938,0.034992256942267146
robot3,3654,0.08545654251349243,0.035003190309074075
robot3,3655,0.08592059544530427,0.035013790970564854
robot3,3656,0.08638976141725736,0.035024088499225406
robot3,3657,0.08683755967842606,0.03503409148694733
robot3,3658,0.08729053046230857,0.03504382354470734
robot3,3659,0.08767677782289743,0.03505328187613341
robot3,3660,0.08800707193320768,0.03506246037765634
robot3,3661,0.08839264019160963,0.035071400778590035
robot3,3662,0.08891920891047836,0.035080178684633596
robot3,3663,0.08957565760613911,0.03508887608320501
robot3,3664,0.09018668016704186,0.035097504299041044
robot3,3665,0.09081325935188773,0.03510609937664622
robot3,3666,0.09142493138860631,0.03511468493488101
robot3,3667,0.09206732590006,0.03512331205742921
robot3,3668,0.09265968683136752,0.03513199369128328
robot3,3669,0.09328359807487335,0.035140771106328884
robot3,3670,0.0938964652233809,0.035149671262630924
robot3,3671,0.09455055624313231,0.03514003837223583
robot3,3672,0.09510663594006309,0.03514531291140461
robot3,3673,0.09562382586570928,0.03514201375516677
robot3,3674,0.09620658269424527,0.03513890340174429
robot3,3675,0.09679071567800872,0.03513595667502744
robot3,3676,0.09727182898348943,0.03513314164911602
robot3,3677,0.09764974297772593,0.035130424908526164
robot3,3678,0.09804363020182628,0.035127771795047225
robot3,3679,0.09847120580915321,0.03512516878184799
robot3,3680,0.0989413425067747,0.03512257340507456
robot3,3681,0.09950956788520451,0.03511995524156319
robot3,3682,0.10004278632766425,0.03511731598806891
robot3,3683,0.10064877360875314,0.03511461569110709
robot3,3684,0.10125244512786825,0.035111821473533415
robot3,3685,0.10177073747048472,0.035108954163946354
robot3,3686,0.10221155516069604,0.03510603099068882
robot3,3687,0.10258156339494383,0.03519256119877311
robot3,3688,0.10302866388267785,0.03519251108718684
robot3,3689,0.10352117267810987,0.03519258696371652
robot3,3690,0.10398110933792831,0.03519281395761828
robot3,3691,0.10445570962033383,0.035193196329542445
robot3,3692,0.10488985812590747,0.035193732284271
robot3,3693,0.10527888151215406,0.03519443251096648
robot3,3694,0.10561842016902591,0.035195302288664854
robot3,3695,0.10594304890629365,0.0351963354869915
robot3,3696,0.10625589332848019,0.03519752733874209
robot3,3697,0.1066134161263793,0.035198869592879586
robot3,3698,0.1069232562523762,0.03520038359372293
robot3,3699,0.10723323725037096,0.03520206670540412
robot3,3700,0.10754703695107291,0.0352039180362977
robot3,3701,0.107875074092327,0.03520593239258013
robot3,3702,0.10823306803354889,0.035208108034891925
robot3,3703,0.10860939017298094,0.03521044339760685
robot3,3704,0.10900965557096962,0.03521293397087436
robot3,3705,0.1093926474828987,0.03521559191431476
robot3,3706,0.10982188321839179,0.03521840970983958
robot3,3707,0.11025990824639709,0.035221372389195274
robot3,3708,0.11061695859554732,0.035224508987383336
robot3,3709,0.11097995467150777,0.03522782196288849
robot3,3710,0.11136010220257454,0.03523128280335432
robot3,3711,0.11175354152696798,0.0352349042280657
robot3,3712,0.11214858971455104,0.035238703960520396
robot3,3713,0.1125056732346306,0.03524267161406124
robot3,3714,0.11285774521834299,0.03524679889774897
robot3,3715,0.11320068692215676,0.03525109102629374
robot3,3716,0.11358173975129196,0.03525554880566843
robot3,3717,0.11397002976732094,0.03526016742627718
robot3,3718,0.11438231020944309,0.035264956014787886
robot3,3719,0.11477274234022766,0.035269912062577374
robot3,3720,0.11515980154413372,0.03527503362662954
robot3,3721,0.11553422897466303,0.03528032531443762
robot3,3722,0.11597905069031976,0.03528577059602235
robot3,3723,0.11641091010919781,0.03529137771412581
robot3,3724,0.11686265154823484,0.03529715873500138
robot3,3725,0.1173184617654086,0.03530311857434494
robot3,3726,0.11779217701322811,0.03530925328605557
robot3,3727,0.11827257322537517,0.035315563290987506
robot3,3728,0.11868596431694822,0.03532205578846102
robot3,3729,0.11906556956325438,0.035328735617037775
robot3,3730,0.11945440120145288,0.03533559128674113
robot3,3731,0.11984226601706476,0.035342613842319515
robot3,3732,0.12020327212841128,0.03534981849577526
robot3,3733,0.12055351880140659,0.03535720614185008
robot3,3734,0.12097958846066552,0.03536476340708413
robot3,3735,0.12137625288793598,0.03537249619910765
robot3,3736,0.12179006672084507,0.03538041742036016
robot3,3737,0.12223464093090951,0.03538853295478638
robot3,3738,0.12267247154294429,0.035396837887098305
robot3,3739,0.1231236546636799,0.0354053233107463
robot3,3740,0.12358462835709001,0.03541400180808306
robot3,3741,0.12402413337003038,0.03542287889820681
robot3,3742,0.12450354456498988,0.034937619714320356
robot3,3743,0.12487873538598984,0.03543395656301974
robot3,3744,0.1253197703881316,0.03543649912330552
robot3,3745,0.1259043460248397,0.03543975793100789
robot3,3746,0.12668606199257848,0.03544391003364578
robot3,3747,0.12768877054155595,0.03544916393509872
robot3,3748,0.1286862342183172,0.03545532717385964
robot3,3749,0.12919014002496323,0.035461718644388296
robot3,3750,0.1294834713105434,0.03546818058737956
robot3,3751,0.12978041269421123,0.03547465726847118
robot3,3752,0.12979456094333638,0.03548079796745941
robot3,3753,0.12970886963505415,0.035486514026224165
robot3,3754,0.12949352460586436,0.03549181468338298
robot3,3755,0.12918171946906085,0.03549667170032736
robot3,3756,0.1291527947965644,0.03550093990058505
robot3,3757,0.12925352293638054,0.035504558983975
robot3,3758,0.1295412918508151,0.03550801267862318
robot3,3759,0.12977615412493426,0.03551196615921984
robot3,3760,0.1300139636957842,0.03551681317180636
robot3,3761,0.1302264590932541,0.035522634395858246
robot3,3762,0.13033123282806294,0.03552957224179249
robot3,3763,0.13020406365156087,0.03553780972649903
robot3,3764,0.1299544031463526,0.03473566387636848
robot3,3765,0.1300738362779396,0.035554673949413904
robot3,3766,0.13037014459518098,0.035560750884560774
robot3,3767,0.13062435966313624,0.035565901106250575
robot3,3768,0.13072538944650192,0.03557054979552201
robot3,3769,0.13089681662332608,0.03557519664384541
robot3,3770,0.13109017366687553,0.03467018209741116
robot3,3771,0.13127112655592632,0.034658586710970656
robot3,3772,0.13141578281572155,0.034646345818293
robot3,3773,0.13160554334752225,0.03463242378429019
robot3,3774,0.1317314190055322,0.03461718868488006
robot3,3775,0.13183416554853125,0.03460107096309836
robot3,3776,0.13206410325887233,0.03458444766730373
robot3,3777,0.13236474132499426,0.034567508312486527
robot3,3778,0.13252409606022852,0.03455032289620663
robot3,3779,0.13271517461306537,0.034533029437158504
robot3,3780,0.13299847931561493,0.035577656154567025
robot3,3781,0.13317866326028374,0.03554035136807262
robot3,3782,0.13331914358457597,0.03549596749201602
robot3,3783,0.13347691661428437,0.03544719552361609
robot3,3784,0.13355601431451478,0.03539510192676733
robot3,3785,0.13373628788982983,0.0353420630194429
robot3,3786,0.13394881847554793,0.03528918155010983
robot3,3787,0.13416687267634175,0.035237401412206264
robot3,3788,0.1343375093197565,0.03518739536079157
robot3,3789,0.13447268086639516,0.03513978709421018
robot3,3790,0.13468092856225872,0.0350961841610085
robot3,3791,0.13496506216398252,0.0350583671900142
robot3,3792,0.13521033963027412,0.03502630127880643
robot3,3793,0.13540174956237838,0.034999698914437195
robot3,3794,0.13546507762667162,0.03497717737668388
robot3,3795,0.1355692657765504,0.03496011671019115
robot3,3796,0.13581945479608257,0.03495187469052094
robot3,3797,0.13605553571700627,0.03495301281871808
robot3,3798,0.1361620586155841,0.034961405269558814
robot3,3799,0.13632266415064911,0.03497881559220046
robot3,3800,0.1365525878186933,0.03500763162696661
robot3,3801,0.1365274864887012,0.03301975867050782
robot3,3802,0.13671749270248792,0.03302714472320842
robot3,3803,0.137034956880102,0.03292045443292551
robot3,3804,0.1372658613647455,0.03282889318086447
robot3,3805,0.13722715629622856,0.0327575654066828
robot3,3806,0.13722714943347228,0.03270487941782617
robot3,3807,0.13740421973067984,0.03266657241038122
robot3,3808,0.1376227855908,0.032641316185798526
robot3,3809,0.1377498567496532,0.03263110385023575
robot3,3810,0.13793845904603594,0.03263416522349556
robot3,3811,0.13811599631474103,0.03265063524596519
robot3,3812,0.13835014725748282,0.03267955052154993
robot3,3813,0.13859915463094272,0.03272024340473438
robot3,3814,0.13875310829692375,0.032773597850541146
robot3,3815,0.138906434668231,0.03283879789968031
robot3,3816,0.13912540949994934,0.0329142098901337
robot3,3817,0.13927097818087106,0.033000426935370364
robot3,3818,0.1394122393517284,0.03309675811840722
robot3,3819,0.13951861539922164,0.03320309040788808
robot3,3820,0.13974310890344818,0.03331668832637834
robot3,3821,0.1400333054150499,0.03343564362765704
robot3,3822,0.14018194413069968,0.033561668412236574
robot3,3823,0.14023993864782086,0.03369555368595984
robot3,3824,0.14040463932811328,0.033834735506359646
robot3,3825,0.14058525714021863,0.033978432131931954
robot3,3826,0.14073360978071967,0.034126739853544544
robot3,3827,0.14089258500780721,0.034278833350386076
robot3,3828,0.14107733002083458,0.034433817065389664
robot3,3829,0.14121785152933927,0.034591452507699176
robot3,3830,0.1414323377657094,0.03475015163935425
robot3,3831,0.1417424661211565,0.03490716213606532
robot3,3832,0.1420275655554305,0.03506176560734021
robot3,3833,0.14210845245077172,0.03521646230242637
robot3,3834,0.1422596136487892,0.03537055062215717
robot3,3835,0.14238703882969792,0.03552449611612798
robot3,3836,0.1425613026047575,0.03567685403091561
robot3,3837,0.1427899478267677,0.03582617910260693
robot3,3838,0.142881167360029,0.03597533955149492
robot3,3839,0.14313242187684536,0.03612080139832819
robot3,3840,0.1435899450590442,0.036259785435887426
robot3,3841,0.14397508384950938,0.036390698103575786
robot3,3842,0.14405191188500943,0.03651750270156885
robot3,3843,0.14412557824819952,0.036641576074429756
robot3,3844,0.14437002258228915,0.03675998942406698
robot3,3845,0.14457156572593927,0.03687321327630947
robot3,3846,0.14476541441818103,0.036981285553635355
robot3,3847,0.144945381237202,0.03708485571780665
robot3,3848,0.14519408045239526,0.037181438639334666
robot3,3849,0.14538463185041248,0.03727166920037402
robot3,3850,0.14557725414855416,0.03735479670754432
robot3,3851,0.1459509918706323,0.03742787286105829
robot3,3852,0.1462377649470676,0.037491930910699
robot3,3853,0.14659701112549386,0.03754626614035835
robot3,3854,0.1470375078887,0.037591997505384306
robot3,3855,0.147517309047557,0.03762986173243502
robot3,3856,0.14808866974676388,0.03765898216447127
robot3,3857,0.14870779332214962,0.03767954085396968
robot3,3858,0.1491874682291123,0.03769428547087979
robot3,3859,0.14963335521349513,0.037705361041491345
robot3,3860,0.15016594238111686,0.03771270678058928
robot3,3861,0.15065141770405954,0.03771651526928073
robot3,3862,0.1511194730277988,0.03771650207641004
robot3,3863,0.15154220187780884,0.03771317954795382
robot3,3864,0.15205746303258677,0.03771315264467649
robot3,3865,0.15261762524413064,0.0377131260139698
robot3,3866,0.15317958358004424,0.03771309965849091
robot3,3867,0.15380076549481073,0.037713073580405
robot3,3868,0.1543764513902767,0.03771304762228204
robot3,3869,0.15490788414004844,0.03771302181619186
robot3,3870,0.15550424129083823,0.03771299622763162
robot3,3871,0.15607063843540273,0.03771297089749243
robot3,3872,0.1566790200015318,0.0377129458241525
robot3,3873,0.15724664451815268,0.03771292094398093
robot3,3874,0.15774401028963358,0.03771289620951329
robot3,3875,0.15824116971834093,0.037712871681624155
robot3,3876,0.15888994702319734,0.037712847502146984
robot3,3877,0.1594854807333505,0.03771282358410563
robot3,3878,0.1599806775604606,0.037712799787785224
robot3,3879,0.16048047340261665,0.037712776212220266
robot3,3880,0.16096816259455632,0.037712752903888806
robot3,3881,0.161475697154304,0.037712729817861765
robot3,3882,0.16197858306871943,0.03771270695787443
robot3,3883,0.16243334335950524,0.0377126843123773
robot3,3884,0.1628626919999947,0.03771266187110552
robot3,3885,0.16329341927970634,0.03771263967002377
robot3,3886,0.163749208229321,0.037712617688896444
robot3,3887,0.1642316643383702,0.03771259596216228
robot3,3888,0.16471707285450604,0.03771257440272145
robot3,3889,0.16521195767203317,0.03771255304589184
robot3,3890,0.16562913501427695,0.03771253192737428
robot3,3891,0.16608545233901803,0.0377125110445762
robot3,3892,0.16653950298768885,0.03771249038243727
robot3,3893,0.16699530872075513,0.03771246992846786
robot3,3894,0.16729849879253922,0.03771244953677567
robot3,3895,0.16765239753968295,0.0377124292184277
robot3,3896,0.16793779033277628,0.037712409130870476
robot3,3897,0.1682050249151324,0.03771238930887746
robot3,3898,0.16846496406434996,0.03771236965051941
robot3,3899,0.16881309433505368,0.037712350145973995
robot3,3900,0.1690744588000251,0.037712330726262185
robot3,3901,0.16930034499087554,0.037712311277472724
robot3,3902,0.16955654494931793,0.03771229195023661
robot3,3903,0.16975436193385057,0.037712272798484894
robot3,3904,0.17008400771811386,0.03771225381421088
robot3,3905,0.17053373377500297,0.03771223504123537
robot3,3906,0.17103001782993604,0.03771221644781434
robot3,3907,0.1715291008980621,0.037712198004248985
robot3,3908,0.1720381561037716,0.03771217969495832
robot3,3909,0.17255794659950285,0.03771216155193513
robot3,3910,0.17303180385327324,0.0377121435872596
robot3,3911,0.17352698119417065,0.03771212582423198
robot3,3912,0.1740072683568884,0.037712108272547916
robot3,3913,0.17450235698662725,0.03771209087887735
robot3,3914,0.17498018208826036,0.03771207362621769
robot3,3915,0.175435249685766,0.03771205659921009
robot3,3916,0.17588362713061892,0.037712039765840734
robot3,3917,0.17635680735316084,0.03771202311275928
robot3,3918,0.17684804537656776,0.03771200665237393
robot3,3919,0.177313630945048,0.037711990383247275
robot3,3920,0.17784118092645326,0.03771197434284644
robot3,3921,0.17838943457011897,0.037711958433923796
robot3,3922,0.17892174538923694,0.037711942678167396
robot3,3923,0.17941251931284027,0.03771192713902442
robot3,3924,0.17998254889742382,0.037711911839310504
robot3,3925,0.18050400131422226,0.03771189669215251
robot3,3926,0.18102125628391494,0.03771188168006492
robot3,3927,0.18152125593081425,0.03771186684750113
robot3,3928,0.18203722837790237,0.03771185223453552
robot3,3929,0.18253948235006845,0.03771183778629793
robot3,3930,0.1830596917013975,0.03771182351770895
robot3,3931,0.1835263248563034,0.037711809430788355
robot3,3932,0.18404064200737472,0.037711795506780964
robot3,3933,0.1845258103965354,0.037711781733933136
robot3,3934,0.18494032534836038,0.03771176812871283
robot3,3935,0.18533556561669173,0.03771175468394441
robot3,3936,0.18578776784973725,0.03771174143958302
robot3,3937,0.18626968523061282,0.037711728391197914
robot3,3938,0.18673453798948175,0.03771171550681449
robot3,3939,0.18716619393450448,0.03771170275747684
robot3,3940,0.1875392234888654,0.0377116901315909
robot3,3941,0.1879049924139473,0.03771167764902666
robot3,3942,0.18831695568113863,0.03771166534721581
robot3,3943,0.18875087767469081,0.03771165323396137
robot3,3944,0.18915565383031493,0.037711641264194413
robot3,3945,0.18961783528525133,0.037711629504169605
robot3,3946,0.19006794360096452,0.037711617923453504
robot3,3947,0.19053276449845577,0.037711606498647424
robot3,3948,0.19101919385034843,0.037711595269684185
robot3,3949,0.1914645752148286,0.037711584222227715
robot3,3950,0.19189281119069276,0.037711573339358796
robot3,3951,0.19237700859291143,0.03771156264695312
robot3,3952,0.19284231507316937,0.03771155211214095
robot3,3953,0.1933245558327335,0.03771154172870161
robot3,3954,0.19383878060110227,0.03771153151871711
robot3,3955,0.1943255990878486,0.03771152145154285
robot3,3956,0.1947969678680877,0.03771151153155912
robot3,3957,0.19524500130567188,0.03771150174538269
robot3,3958,0.19570608788779456,0.037711492116497054
robot3,3959,0.19622812199045123,0.03771148270637885
robot3,3960,0.1967694332178279,0.03771147350104358
robot3,3961,0.19740464890615922,0.03771146453060053
robot3,3962,0.1980091021101686,0.037711455706528535
robot3,3963,0.19858931396840523,0.037711447011810575
robot3,3964,0.19914679000683325,0.03771143849161727
robot3,3965,0.1996595838731831,0.03771143011741309
robot3,3966,0.20016370369833109,0.03771142187172756
robot3,3967,0.20063179489429586,0.037711413754994566
robot3,3968,0.20102747552044056,0.037711405769544154
robot3,3969,0.20141609006563266,0.03771139789748754
robot3,3970,0.20178176780937435,0.037711390141877923
robot3,3971,0.20207966299008523,0.03771138252461024
robot3,3972,0.20239837915154565,0.03771137502748706
robot3,3973,0.20267689852726786,0.0377113676711135
robot3,3974,0.20295489062357375,0.0377113604775197
robot3,3975,0.20327070154701601,0.0377113689910897
robot3,3976,0.20361783308254974,0.03771136220509856
robot3,3977,0.20396739660127133,0.03771135558538359
robot3,3978,0.20429073875700848,0.03771134906953482
robot3,3979,0.2045543179499124,0.037711342714304354
robot3,3980,0.20456256583856489,0.03771133655110791
robot3,3981,0.20456718859490572,0.03771133051887516
robot3,3982,0.20465593651181618,0.037711324616500876
robot3,3983,0.2047351911561389,0.037711318841059285
robot3,3984,0.20456758700918853,0.03771129771369997
robot3,3985,0.20421288538063173,0.037711292241659616
robot3,3986,0.20414116198212673,0.03771128689928298
robot3,3987,0.20415099755425817,0.03771128173992294
robot3,3988,0.20393298696963066,0.037711276731198264
robot3,3989,0.20368651490971534,0.037711271862016414
robot3,3990,0.20351744380001174,0.03771126714778467
robot3,3991,0.2033445743505518,0.0377112625829898
robot3,3992,0.2031033107674931,0.03771125814509513
robot3,3993,0.20288270600820857,0.037711253831986175
robot3,3994,0.2026628195631222,0.03771124964970587
robot3,3995,0.20243953287746733,0.037711245566287833
robot3,3996,0.2020561382357427,0.03771124156632695
robot3,3997,0.20168768891948954,0.03771123763817266
robot3,3998,0.20136735541757342,0.03771123380832781
robot3,3999,0.20121396367245917,0.037711230122572464
robot3,4000,0.20115800207107828,0.037711226550969965
robot3,4001,0.20100461757543897,0.03771122303225406
robot3,4002,0.20068290380000733,0.03771121953521962
robot3,4003,0.2003624049753521,0.037711216000143974
robot3,4004,0.2001194705644859,0.03771121244488247
robot3,4005,0.19962993725883754,0.03771120887811213
robot3,4006,0.19897662312019027,0.037711205344336717
robot3,4007,0.19837563458346796,0.03771120185286713
robot3,4008,0.1981070196661335,0.03771119843074599
robot3,4009,0.19804174524845153,0.03771119505029688
robot3,4010,0.19780495488364963,0.03771119168680879
robot3,4011,0.19736062465691462,0.03771118831405768
robot3,4012,0.19693019629449032,0.03771118494121284
robot3,4013,0.19648557840608155,0.03771118156633262
robot3,4014,0.1959897939066601,0.037711178167556654
robot3,4015,0.19562068551585182,0.03771117477932417
robot3,4016,0.19532396211735678,0.037711171418774954
robot3,4017,0.19503517636779213,0.03771116811434734
robot3,4018,0.19461014889808953,0.03771116479368815
robot3,4019,0.19412765751337016,0.03771116141632923
robot3,4020,0.1936352679494355,0.037711158038699566
robot3,4021,0.1932629385096814,0.03771115465902684
robot3,4022,0.19287068386397987,0.03771115128678255
robot3,4023,0.1924717298971463,0.03771114792251218
robot3,4024,0.19208427872916686,0.03771114455286947
robot3,4025,0.19166909133998075,0.03771114116313031
robot3,4026,0.19124644555982487,0.037711137759894015
robot3,4027,0.19076452203807379,0.03771113436312474
robot3,4028,0.19032792918624464,0.037711130997062775
robot3,4029,0.19008347688955143,0.03771112769079136
robot3,4030,0.18973274634500628,0.03771112437004711
robot3,4031,0.1894266670700455,0.037711120984142955
robot3,4032,0.18918785420157827,0.03771111760668264
robot3,4033,0.1890947321598009,0.037711114316645644
robot3,4034,0.1889067816929241,0.03771111112749814
robot3,4035,0.18854568592458393,0.03771110798478416
robot3,4036,0.18812450693785185,0.03771110482729174
robot3,4037,0.18761795944671533,0.037711101675213674
robot3,4038,0.1872727750176409,0.037711098584793705
robot3,4039,0.18691256931369546,0.03771109545960547
robot3,4040,0.18658545747154584,0.037711092311213563
robot3,4041,0.18658840875432917,0.037711089244465035
robot3,4042,0.18649416274816516,0.03771108619727491
robot3,4043,0.18631208087583737,0.037711083142482955
robot3,4044,0.1863779435953441,0.03771108017602137
robot3,4045,0.18639375313773993,0.03771107737296549
robot3,4046,0.18625324783391284,0.0377110747269601
robot3,4047,0.18593487548194468,0.037711072230049957
robot3,4048,0.18555199407380962,0.037711069879686504
robot3,4049,0.18515769444418143,0.03771106768329177
robot3,4050,0.18483262067416206,0.037711065625864404
robot3,4051,0.18449002363556846,0.0377110636751576
robot3,4052,0.1842078538502658,0.03771106182117354
robot3,4053,0.1840700317314625,0.037711060057434694
robot3,4054,0.18383724163033316,0.03771105838638128
robot3,4055,0.18359432094921302,0.03771105679342195
robot3,4056,0.18341569583682213,0.03771105529854599
robot3,4057,0.1832855207781457,0.0377110539152106
robot3,4058,0.18311317705674904,0.037711052645154196
robot3,4059,0.18297756346204072,0.0377110515060968
robot3,4060,0.1827288827167941,0.0377110504457387
robot3,4061,0.18259301024235827,0.0377110494932198
robot3,4062,0.18242952829640663,0.03771104863607588
robot3,4063,0.18228846834881451,0.03771104784828217
robot3,4064,0.18214319270926693,0.03771104713902914
robot3,4065,0.18197901555559218,0.037711046501473715
robot3,4066,0.18181127226623492,0.0377110459511308
robot3,4067,0.18161320983145723,0.03771104535886359
robot3,4068,0.18143632157982206,0.03771104490335996
robot3,4069,0.18129684745168081,0.03771104451084798
robot3,4070,0.18113557996244684,0.037711044206036805
robot3,4071,0.18093417903485132,0.037711043992259156
robot3,4072,0.18074402511874574,0.0377110438576091
robot3,4073,0.18059293314404778,0.037711043772753014
robot3,4074,0.18048362036811041,0.037711043816860614
robot3,4075,0.18035284703864232,0.03770460730225102
robot3,4076,0.18020935403742588,0.037704607526210104
robot3,4077,0.18001185948665463,0.037704607832458
robot3,4078,0.1797904031563288,0.03770460820578821
robot3,4079,0.17959458139342271,0.03770460864739835
robot3,4080,0.17936238456077738,0.03770460916343837
robot3,4081,0.17925140522898342,0.037704609762561986
robot3,4082,0.1792142173535497,0.03770461043642695
robot3,4083,0.17916459802125645,0.037704611203362055
robot3,4084,0.1790964671082122,0.037704612033497904
robot3,4085,0.17901905235103382,0.03770461295230135
robot3,4086,0.17907990902064636,0.03770461397522994
robot3,4087,0.1791087193743288,0.037704615089111236
robot3,4088,0.17909909290308684,0.03770461623193201
robot3,4089,0.1791356023306146,0.03770461739515071
robot3,4090,0.17953670703809924,0.037704618593996105
robot3,4091,0.17983124983421686,0.03770461979785523
robot3,4092,0.1800951949577226,0.03770462104586588
robot3,4093,0.1805567639617725,0.03770462236056172
robot3,4094,0.18093269721960825,0.03770462378157378
robot3,4095,0.18105927036214226,0.037704625282841506
robot3,4096,0.18114480012456688,0.037704626882534155
robot3,4097,0.18113473584067624,0.03770462856161105
robot3,4098,0.1811351684668939,0.037704630348408714
robot3,4099,0.1810259644395359,0.037704632253792586
robot3,4100,0.18076524680287703,0.03770463421942663
robot3,4101,0.1805273129108149,0.03770463625145064
robot3,4102,0.18031554828041443,0.0377046383468045
robot3,4103,0.18011295533581143,0.037704640509221045
robot3,4104,0.17982621228202386,0.03770464272415036
robot3,4105,0.17935631785038078,0.0377046449654343
robot3,4106,0.17890811835754283,0.03770464717981511
robot3,4107,0.1785533683494528,0.037704649355645596
robot3,4108,0.17828046065599573,0.037704651496769825
robot3,4109,0.17805848558889018,0.037704653584483466
robot3,4110,0.17780877342341297,0.03770465560286902
robot3,4111,0.1774506507591056,0.037704657522784894
robot3,4112,0.1771220055821387,0.037704659358021426
robot3,4113,0.17691421131854942,0.03770466112954176
robot3,4114,0.17674173877440943,0.03770466283766789
robot3,4115,0.17647472501859113,0.03770466448686792
robot3,4116,0.17626344717285966,0.03770466606531422
robot3,4117,0.1762016755473739,0.03770466760492262
robot3,4118,0.17597275267430795,0.03770466909305783
robot3,4119,0.17574835421325347,0.03770467050949548
robot3,4120,0.17553175495639042,0.03770467186469245
robot3,4121,0.17537983853154532,0.03770467318203801
robot3,4122,0.17520398506215348,0.0377046744666969
robot3,4123,0.1749419668837617,0.037704675708317224
robot3,4124,0.17472009590448226,0.037704676900501374
robot3,4125,0.17454997343715795,0.03770467802840835
robot3,4126,0.17444789980570752,0.0377046790948658
robot3,4127,0.17441446858730322,0.03770468010690065
robot3,4128,0.1743944479973642,0.03770468106762339
robot3,4129,0.17442448042699418,0.037704681987714886
robot3,4130,0.17440442503478676,0.03770468286138561
robot3,4131,0.1743389121693442,0.037704683696123294
robot3,4132,0.1742474496446867,0.037704684489219965
robot3,4133,0.1741318586201517,0.03770468523680287
robot3,4134,0.17398489033494943,0.037704685936999965
robot3,4135,0.17383117538188142,0.03770468660503523
robot3,4136,0.17366007328532415,0.03770468723326805
robot3,4137,0.17335172962469664,0.03770468781592032
robot3,4138,0.1730894150218352,0.03770468835492649
robot3,4139,0.1728764062046744,0.037704688853581754
robot3,4140,0.17260984287733105,0.037704689313840835
robot3,4141,0.17233260464459063,0.03770468973849144
robot3,4142,0.17199312898890307,0.037704690119780775
robot3,4143,0.17166987124640062,0.03770469044870385
robot3,4144,0.1714066808333118,0.03770469072587657
robot3,4145,0.1711811389377647,0.03770469095757662
robot3,4146,0.17092336111207768,0.037704691140633045
robot3,4147,0.1706067058835093,0.03770469128050947
robot3,4148,0.17037048154442855,0.037704691378073106
robot3,4149,0.1701748078484455,0.03770469144153408
robot3,4150,0.1699957528209702,0.037704691475776556
robot3,4151,0.16979218957413653,0.03770469148185009
robot3,4152,0.1697544405469212,0.03770469147963069
robot3,4153,0.16985416459716934,0.03770469148100767
robot3,4154,0.16984263771602923,0.037704691483623314
robot3,4155,0.16979849955001416,0.03770469148529203
robot3,4156,0.16977720648816344,0.03770469148671017
robot3,4157,0.16976478506603274,0.03770469148808663
robot3,4158,0.16975481811184676,0.037704691488947215
robot3,4159,0.16974793258080853,0.03770469148971358
robot3,4160,0.16974166899951312,0.03770469149018427
robot3,4161,0.1697316610839902,0.03770469149037835
robot3,4162,0.16972090416943886,0.03770469149008434
robot3,4163,0.1697243183245421,0.037704691490137915
robot3,4164,0.1697221001108107,0.0377046914901871
robot3,4165,0.1697238768980334,0.03770469149034126
robot3,4166,0.16972586917076016,0.037704691490560084
robot3,4167,0.1697239533592026,0.03770469149076826
robot3,4168,0.16971631260756473,0.03770469149090309
robot3,4169,0.16971652610665,0.0377046914909787
robot3,4170,0.16971397091840024,0.037704691490927644
robot3,4171,0.1697120348680101,0.03770469149078577
robot3,4172,0.16971462500476153,0.03770469149068589
robot3,4173,0.16971967462737939,0.03770469149062683
robot3,4174,0.16972336790192655,0.037704691490523815
robot3,4175,0.16972593944380582,0.03770469149046123
robot3,4176,0.16973094597804894,0.03770469149042302
robot3,4177,0.16973023881120353,0.03770469149040507
robot3,4178,0.16973156507247047,0.03770469149039438
robot3,4179,0.1697278384731272,0.037704691490394855
robot1,284,8.822512260223127e-05,0.0004103526258423763
robot1,285,9.17732674747435e-05,0.0008030047744459608
robot1,286,9.411624793477837e-05,0.0012110980940963048
robot1,287,9.637999770526027e-05,0.0016216975641243842
robot1,288,9.92187106906432e-05,0.002032120922318621
robot1,289,9.961914107840155e-05,0.002441756368014774
robot1,290,9.571671056540527e-05,0.0028506354494489293
robot1,291,0.00010119173810213958,0.00325573375844734
robot1,292,0.00011702316396907003,0.003646465882897322
robot1,293,0.00014155568589076557,0.004021988347075374
robot1,294,0.0001711901123886045,0.004401439512005505
robot1,295,0.00019837967185680976,0.0047895200546052025
robot1,296,0.0002228472788886476,0.005166675800451838
robot1,297,0.00025549965506340116,0.005529686644273427
robot1,298,0.0002791515587813262,0.0059394353181879515
robot1,299,0.000305324730740458,0.0063486719777970275
robot1,300,0.0003300393478934638,0.006757057219092887
robot1,301,0.00035187161110925133,0.007164279513215178
robot1,302,0.00036902234278432116,0.007570197609518753
robot1,303,0.0003971669482226004,0.007974752639280224
robot1,304,0.00045726186490941827,0.008374983036044415
robot1,305,0.000556886410557377,0.008770739047233474
robot1,306,0.0006491210779192852,0.00915290763067859
robot1,307,0.000737819769574919,0.00953027554378674
robot1,308,0.0008298153086286471,0.009905599542904585
robot1,309,0.0009585248408801643,0.010292755772733196
robot1,310,0.0010976265466606991,0.01068070532026662
robot1,311,0.0012348188630422856,0.011050146398619422
robot1,312,0.001381487016889395,0.01141424412667028
robot1,313,0.0015125266943153235,0.011780244588938348
robot1,314,0.001632957549348456,0.012152547931479095
robot1,315,0.0017606793347456537,0.012523091268754416
robot1,316,0.0018655311640598847,0.012881653352813783
robot1,317,0.001983865632213225,0.013222052379223439
robot1,318,0.002140826420117021,0.013562765842205747
robot1,319,0.002272577695665803,0.013900831197083956
robot1,320,0.002415756021278149,0.014236341695832162
robot1,321,0.002558130791849781,0.014611176993696618
robot1,322,0.0027140526998149003,0.01494930672640506
robot1,323,0.0028759699911303028,0.015292140367791387
robot1,324,0.0030223378970361697,0.015647655564626158
robot1,325,0.0031816542265349183,0.016001534404619246
robot1,326,0.0033620142051114864,0.016353702644297318
robot1,327,0.003392777603991764,0.01670358402074136
robot1,328,0.0033625246847143156,0.017050862414896038
robot1,329,0.003356797060578527,0.01739540108872237
robot1,330,0.003359854139459064,0.017737218401692498
robot1,331,0.003367100106082915,0.01807634301471446
robot1,332,0.0033654703711056646,0.01841280499113817
robot1,333,0.003364391702324447,0.01874657025393048
robot1,334,0.003364100898194881,0.01907765697948202
robot1,335,0.003356586816287869,0.01940606845928837
robot1,336,0.0033550330387016655,0.019731825448872503
robot1,337,0.0033559520991137824,0.020054881154206478
robot1,338,0.0033530784301069568,0.020375245595857402
robot1,339,0.0033490884139387523,0.020692911739864695
robot1,340,0.0033470442176073496,0.021007889034940472
robot1,341,0.0033491270353513893,0.02132018881264228
robot1,342,0.00335039109758865,0.021629797108926554
robot1,343,0.003347461095909184,0.021936705364916823
robot1,344,0.003347091265098397,0.02224092281267092
robot1,345,0.003349285600985888,0.022542474154617263
robot1,346,0.003352428066287465,0.022841336859120844
robot1,347,0.0033515685555986726,0.023137484771525066
robot1,348,0.003344662337290665,0.02343091904710055
robot1,349,0.0033435419019779457,0.02372166205104889
robot1,350,0.003344366775274554,0.024009718190530382
robot1,351,0.0033412335254435076,0.0242950635845307
robot1,352,0.00333582462030631,0.02457769276398754
robot1,353,0.0033298297343292197,0.02485761004456074
robot1,354,0.0033282324431497634,0.025134827932696804
robot1,355,0.003330264284016315,0.025409335634119228
robot1,356,0.003329168056238879,0.025681134123883925
robot1,357,0.0033274350158242556,0.025950213128222443
robot1,358,0.0033245975660738166,0.026216583055219976
robot1,359,0.003324692615860757,0.02648025256701279
robot1,360,0.0033300357554199903,0.02674123312934897
robot1,361,0.0033297769385633984,0.0269995245961388
robot1,362,0.0033328495060119265,0.027255126954672797
robot1,363,0.003333748576599001,0.02750803213920603
robot1,364,0.0033297815832533406,0.02775822428022824
robot1,365,0.00332580921240234,0.028005736559973248
robot1,366,0.0033231288618708406,0.028250538647664414
robot1,367,0.0033231811928011875,0.02849263679043565
robot1,368,0.00331906265097358,0.02873204182339923
robot1,369,0.0033256649071138587,0.02896876478866544
robot1,370,0.003452451086270047,0.02920284623225762
robot1,371,0.0035705392450318288,0.02943432073533683
robot1,372,0.0036221507043603398,0.029663343089075887
robot1,373,0.0037043632570939776,0.029889536198554865
robot1,374,0.003775254333678736,0.03011293699141171
robot1,375,0.003844320632126443,0.03033363006389021
robot1,376,0.0039055962056451323,0.030551470296215053
robot1,377,0.003976956708355505,0.03072663561809703
robot1,378,0.004059599361789336,0.03093909865959498
robot1,379,0.004179375684975224,0.031064911567682204
robot1,380,0.00438693338978086,0.03119014930548202
robot1,381,0.004642364564455202,0.03131434793075535
robot1,382,0.004844576821310991,0.031437667019956254
robot1,383,0.0050102382407582,0.03159545934380188
robot1,384,0.0052412203396803555,0.031778357352699585
robot1,385,0.00550840859746186,0.031946208223586604
robot1,386,0.005786857457681195,0.03209940106904766
robot1,387,0.006076409731191462,0.032238320349157926
robot1,388,0.006374152872889493,0.03236292550969898
robot1,389,0.006669713638343105,0.032408848172232434
robot1,390,0.006995889506493123,0.03235114346398201
robot1,391,0.007348014263839335,0.032284637822272325
robot1,392,0.007698601055042569,0.03220960193698345
robot1,393,0.008077919905556126,0.03212603983051653
robot1,394,0.008464143145698627,0.03203415582415225
robot1,395,0.008821497716132743,0.03193442074161311
robot1,396,0.009212432019831221,0.03182072580028633
robot1,397,0.009600406927506648,0.03164334253686027
robot1,398,0.010008771268598697,0.03145904228958394
robot1,399,0.010401529251224789,0.031268307473883594
robot1,400,0.010776875012197944,0.03122398199821736
robot1,401,0.011181156176805039,0.03132892189417013
robot1,402,0.011600931701260492,0.03143231427701816
robot1,403,0.011993361283173978,0.03150299737108182
robot1,404,0.01243408900254324,0.031546430975739705
robot1,405,0.01288412096581027,0.031590026458501674
robot1,406,0.013376395961361694,0.03163370533676354
robot1,407,0.013846713917548307,0.03167752869992222
robot1,408,0.014298007338109835,0.03172155403892527
robot1,409,0.014762052735133296,0.03176581135690771
robot1,410,0.015217866627384375,0.03181034129176712
robot1,411,0.01570945655836489,0.031855081008505155
robot1,412,0.01621514860849431,0.03190000832358567
robot1,413,0.016733990188747903,0.031945095604726366
robot1,414,0.017250290829673613,0.0319903617840036
robot1,415,0.01774821139720463,0.03203588293933899
robot1,416,0.01822964694643661,0.032081728814896196
robot1,417,0.01871094008476627,0.03212789553752159
robot1,418,0.019232988308225583,0.03217429886250165
robot1,419,0.01972591801641351,0.0322210264128426
robot1,420,0.020230340621049173,0.03226805849512278
robot1,421,0.02072853175755023,0.03231540887739558
robot1,422,0.02118849786869206,0.032363158961398825
robot1,423,0.021649257371202355,0.032411330726333544
robot1,424,0.02200010780975295,0.03246002340118286
robot1,425,0.02228770597195011,0.032509272966346835
robot1,426,0.022584508718536074,0.03255926341208967
robot1,427,0.02280823616519812,0.032610126865782324
robot1,428,0.0230482796007433,0.03266178444881683
robot1,429,0.023329886215873067,0.0327142857658032
robot1,430,0.023620331306351907,0.03276766155193531
robot1,431,0.023995716778622986,0.03282168393007796
robot1,432,0.024436032135131628,0.03287628712218013
robot1,433,0.024819053724680157,0.0329315864492482
robot1,434,0.025278196578038904,0.03298748779876244
robot1,435,0.0257476348427684,0.033043998229906967
robot1,436,0.026197604545083856,0.03310108185910488
robot1,437,0.02671748055419676,0.033158654678058175
robot1,438,0.027185334736093338,0.03321677612831879
robot1,439,0.02770759481410791,0.03327535363058174
robot1,440,0.028195022878105658,0.033334477520380414
robot1,441,0.028659325464997935,0.033394207871319075
robot1,442,0.029130574022267767,0.03345451393458243
robot1,443,0.029616401599862875,0.033515410502516246
robot1,444,0.030125495516087928,0.03357689629535236
robot1,445,0.03059964738721587,0.033639033354400466
robot1,446,0.03111199816130582,0.033701802281171575
robot1,447,0.031617753000698294,0.03376526591312074
robot1,448,0.03214923189142415,0.03382936469638219
robot1,449,0.03270073552504627,0.03389410690480093
robot1,450,0.033272272933921314,0.033959576526930206
robot1,451,0.033820904473250084,0.034025821420752715
robot1,452,0.03439252999863495,0.03409276261723985
robot1,453,0.034973173500034815,0.03416043003784561
robot1,454,0.03553360072318994,0.034228407907558586
robot1,455,0.03616735890863893,0.03433571145798427
robot1,456,0.03675583032995767,0.03436331395883952
robot1,457,0.03730275381032491,0.03438968590728819
robot1,458,0.03783277694760215,0.03441489304728744
robot1,459,0.03834265049635907,0.0344390275476129
robot1,460,0.038781513290825055,0.034462220832354104
robot1,461,0.03921532779432497,0.03448449386581748
robot1,462,0.03964946281759266,0.03450587050317622
robot1,463,0.040109553905879565,0.03452635033629373
robot1,464,0.04052321416563097,0.03454602689578839
robot1,465,0.04090278619375834,0.03456498720342249
robot1,466,0.041318139189908294,0.034583198848922185
robot1,467,0.04173594688331349,0.03460068230173808
robot1,468,0.042154927367033856,0.034617485930401086
robot1,469,0.042601116011843444,0.03463362030741791
robot1,470,0.043004613738205216,0.034649148310057366
robot1,471,0.04342777612005292,0.03466408211097133
robot1,472,0.04385259006102698,0.03467844225434738
robot1,473,0.0442494597624663,0.03469230999330604
robot1,474,0.04469166283569001,0.034705656653184626
robot1,475,0.045087580688652276,0.03471853840711595
robot1,476,0.04551683227825842,0.034730976277421506
robot1,477,0.045955595648219445,0.03474299341206365
robot1,478,0.046384795585333524,0.03475461917376784
robot1,479,0.046818859382982726,0.034765843624647234
robot1,480,0.0472544347770217,0.03477671785221999
robot1,481,0.047624784387193086,0.03472656562068002
robot1,482,0.04805164701641931,0.03473773218519253
robot1,483,0.04843373655983967,0.03474425911770435
robot1,484,0.04879457571632264,0.03475064270745326
robot1,485,0.04913164922113778,0.03475694785461397
robot1,486,0.04947216339816174,0.034763247138980734
robot1,487,0.04983662841524841,0.034769612574200255
robot1,488,0.05026049448220164,0.034776063684419316
robot1,489,0.05072327257263108,0.03478256072061771
robot1,490,0.05113208058586752,0.0347890546602674
robot1,491,0.05150840384922012,0.03480087727001197
robot1,492,0.051875751452852316,0.03481407607819129
robot1,493,0.05222327048133914,0.03482663809824277
robot1,494,0.05255827297834123,0.034838558390935415
robot1,495,0.0528577126829976,0.03484989661220694
robot1,496,0.05314910390939984,0.034860644806553834
robot1,497,0.05346635019730029,0.03487075999288479
robot1,498,0.0537857389588061,0.0348802628385308
robot1,499,0.054082758650435304,0.03488918480849113
robot1,500,0.05438948385995262,0.034897500043089405
robot1,501,0.05469402008585309,0.03490516628464936
robot1,502,0.05503760473827016,0.03491212256791835
robot1,503,0.05536937303995351,0.03491842587914098
robot1,504,0.055711904671135286,0.03492409711555736
robot1,505,0.056025927734980226,0.03492915680734664
robot1,506,0.05635611052576249,0.034933551327561846
robot1,507,0.056655500568044574,0.03493734051147061
robot1,508,0.056930936455865375,0.03494055911312072
robot1,509,0.05718493356323106,0.03494321553942097
robot1,510,0.05746407664992637,0.03494524554441918
robot1,511,0.057755508812247676,0.034946586009294144
robot1,512,0.058084205376272784,0.03494725358402154
robot1,513,0.058455103990702834,0.03498676373831967
robot1,514,0.05875074667911687,0.03499497421811183
robot1,515,0.059026831107184326,0.03500262297709773
robot1,516,0.059311798453169695,0.035009724354662285
robot1,517,0.05963360720596132,0.03501634437284573
robot1,518,0.05993654052959211,0.03502253176777115
robot1,519,0.0602185311695726,0.035028323352575136
robot1,520,0.060494876267887944,0.03503373378316788
robot1,521,0.060796701831990596,0.03503876805682232
robot1,522,0.0610966492129799,0.03504350376272837
robot1,523,0.06140424618258675,0.03504797259243866
robot1,524,0.06172119433585771,0.03505218216685996
robot1,525,0.06207264816761725,0.035056139931392456
robot1,526,0.06241804534284744,0.03505993913056746
robot1,527,0.0627424784270616,0.03506364967108463
robot1,528,0.06304322257205876,0.03506729205720295
robot1,529,0.06330777929624012,0.03507083291474377
robot1,530,0.06357947291118503,0.035074266428462605
robot1,531,0.06387997596299531,0.03507755471732078
robot1,532,0.06420094912398644,0.035080797183153795
robot1,533,0.06452644372258438,0.035084092005786466
robot1,534,0.06486420655611623,0.03508760686538003
robot1,535,0.06522508353511461,0.03509135674418067
robot1,536,0.0655625374006343,0.03509535792010183
robot1,537,0.06583735491741481,0.03509960397004966
robot1,538,0.06612341718833328,0.035104123527355584
robot1,539,0.06639754207659618,0.035108908796257866
robot1,540,0.06661651852894565,0.035113895581993376
robot1,541,0.06681125041120263,0.035119057290991615
robot1,542,0.06701584890681307,0.035124414043038274
robot1,543,0.06716671099089407,0.035129862381958615
robot1,544,0.06719656400270414,0.03513518463175777
robot1,545,0.06733995380622186,0.03514049812472647
robot1,546,0.06737138144718396,0.03514556424306674
robot1,547,0.06719219113135569,0.03515899312156488
robot1,548,0.06730388619269927,0.03515652570759607
robot1,549,0.06737434439587044,0.03516244106210382
robot1,550,0.06740230589528748,0.0351681707553153
robot1,551,0.06740859666544231,0.035173819970695075
robot1,552,0.06738420003264087,0.035179508048214625
robot1,553,0.06734494759369794,0.035185274677920195
robot1,554,0.0672856138130712,0.03519115534554757
robot1,555,0.06720737007743675,0.03519718324132634
robot1,556,0.06714534984627539,0.035203272411236365
robot1,557,0.06713802716478023,0.035209228243005104
robot1,558,0.06709337135664593,0.03521515257912708
robot1,559,0.06702514765671254,0.03522108974100257
robot1,560,0.06700388078697084,0.035226867426970426
robot1,561,0.06700395710699018,0.03523241440628746
robot1,562,0.06704822336604303,0.035237596433982284
robot1,563,0.06709146101343005,0.035242434781011384
robot1,564,0.06711122254630777,0.03524700402025999
robot1,565,0.06717197925991737,0.035251217320196836
robot1,566,0.06726771118935336,0.035255026229123604
robot1,567,0.06735554205938407,0.035258485282814854
robot1,568,0.06746128776617649,0.03526160226607156
robot1,569,0.06761043532443772,0.03526435196180863
robot1,570,0.06778278193912944,0.03526676240026302
robot1,571,0.06796907951714434,0.03526888506726855
robot1,572,0.06808340563345835,0.03527086791242898
robot1,573,0.06819631919489305,0.03527275359945488
robot1,574,0.0682411853151656,0.03527466748397595
robot1,575,0.06840007698709322,0.03527627741648212
robot1,576,0.06856747092899353,0.035290067180528
robot1,577,0.0687119039980687,0.03530344879840829
robot1,578,0.06884241350935394,0.03531647251128593
robot1,579,0.06900382533567255,0.035329015337598
robot1,580,0.06920303939723192,0.035340961791402586
robot1,581,0.06936999546954643,0.03535242608305247
robot1,582,0.06961590514332607,0.03536325790870233
robot1,583,0.06991384676078383,0.03537337750345825
robot1,584,0.0701121553424689,0.035383140977423136
robot1,585,0.07027702707215647,0.035392703367196195
robot1,586,0.07049515992286577,0.035401914966340944
robot1,587,0.07070791421446529,0.03541080493455919
robot1,588,0.07091960148872435,0.035419426895603644
robot1,589,0.07115656213721626,0.035427784129690915
robot1,590,0.07135952168712,0.03543598610340232
robot1,591,0.07152490322932294,0.03544413366389153
robot1,592,0.07168686026591405,0.03545225038703483
robot1,593,0.07188704447630048,0.035460305274832536
robot1,594,0.0720563093358222,0.03546832656608657
robot1,595,0.07218981655351175,0.035476338328577585
robot1,596,0.07238263675400688,0.03548429759871398
robot1,597,0.07258258161089276,0.03549221919239847
robot1,598,0.07285345641473379,0.03550012983314317
robot1,599,0.07308776344649559,0.035508073350589184
robot1,600,0.07331933815638686,0.035516069209933394
robot1,601,0.07355910383307847,0.03552414742729013
robot1,602,0.0738111891337261,0.03553233747166427
robot1,603,0.07399387228198961,0.0355405966543315
robot1,604,0.07424374735365592,0.035549014432639386
robot1,605,0.07445402515731261,0.03555755722042239
robot1,606,0.07462830314373609,0.035566205207757474
robot1,607,0.07480049019285943,0.03557491010150499
robot1,608,0.07522148774977949,0.035584167545463
robot1,609,0.07557350539343578,0.035593903531055224
robot1,610,0.0757405699743625,0.035603620583459054
robot1,611,0.07595186022847511,0.03561341514627697
robot1,612,0.07627125696132651,0.035623674666332136
robot1,613,0.07650430949835074,0.03563408482096759
robot1,614,0.07673202833608407,0.03564466211803903
robot1,615,0.07695765638402682,0.03565538329643598
robot1,616,0.07723989744953189,0.0356664639693886
robot1,617,0.077500225091282,0.03567786371663191
robot1,618,0.07773020008292862,0.03568935435408841
robot1,619,0.07802148075852226,0.03570122636664819
robot1,620,0.0782894692599758,0.03571343070645999
robot1,621,0.07852487509099883,0.03572576086057278
robot1,622,0.07870961504779728,0.03573795527944166
robot1,623,0.07895938440877319,0.03575037847505308
robot1,624,0.0791979742271772,0.035763017657115884
robot1,625,0.07946940444691913,0.03577599602507909
robot1,626,0.07972364007033565,0.03578927412027877
robot1,627,0.07993232213200664,0.03580263995676862
robot1,628,0.08015162948834843,0.03581614035162704
robot1,629,0.08041461118118234,0.035830205074531954
robot1,630,0.08064310189417594,0.03584472796107012
robot1,631,0.08090564148016263,0.03585985853850179
robot1,632,0.08113533071706015,0.035875481068910954
robot1,633,0.08170403015588291,0.035736273309881654
robot1,634,0.08204577359037364,0.03574453914923551
robot1,635,0.08213265981856578,0.035917034639233174
robot1,636,0.08267243312385249,0.03575844694783962
robot1,637,0.08300177727218125,0.03576433368597485
robot1,638,0.083047002043332,0.03595283784496553
robot1,639,0.08327973770570637,0.03596889301869355
robot1,640,0.08350563548484212,0.035988428546165206
robot1,641,0.08379207670217723,0.036007370502925636
robot1,642,0.08406248807188056,0.03602550061913507
robot1,643,0.08439392675475939,0.03604266378879301
robot1,644,0.08475928872849109,0.03601926731340295
robot1,645,0.0851562123436108,0.036003617632351305
robot1,646,0.08548511673338124,0.03604264410148229
robot1,647,0.08578145395309499,0.03609949545083091
robot1,648,0.08599760191791668,0.0360419150735102
robot1,649,0.08630214320922376,0.035992395667399105
robot1,650,0.08660472754637626,0.03594534977646133
robot1,651,0.0868908118546397,0.035900534123161416
robot1,652,0.08714722920434156,0.03585785043684098
robot1,653,0.08742056828894418,0.03581726253239106
robot1,654,0.08774007917923579,0.03591865846185107
robot1,655,0.08809249535666296,0.03602236599560632
robot1,656,0.08841004495280201,0.03602261401290385
robot1,657,0.08867515219671203,0.0360389159027211
robot1,658,0.08892587962127292,0.036041843812102306
robot1,659,0.089203302132379,0.03605888157623607
robot1,660,0.089467466040409,0.03605572939044122
robot1,661,0.08974201239700946,0.036067922163276284
robot1,662,0.09033088795068374,0.03571233571638868
robot1,663,0.09042379465515045,0.03608483605146992
robot1,664,0.09079886795997173,0.036092984265943866
robot1,665,0.09124628059959117,0.036101446314384944
robot1,666,0.09154750063321297,0.03610995940368209
robot1,667,0.0919041857356353,0.0361185159984932
robot1,668,0.09225514677779374,0.03612711711688811
robot1,669,0.09261999743174071,0.03613575797477055
robot1,670,0.0929492286236041,0.03614443823418485
robot1,671,0.09324194226034149,0.03615315860069647
robot1,672,0.09350624602654771,0.03616192149376391
robot1,673,0.09376183718550672,0.03617072486979526
robot1,674,0.09402919735392279,0.03617956434460864
robot1,675,0.0943038464509338,0.03618843835366504
robot1,676,0.09454770078084435,0.036197346261988235
robot1,677,0.09485609233236257,0.03620627946203153
robot1,678,0.09514906604124906,0.03621523508574165
robot1,679,0.09542891885261083,0.03622421117735994
robot1,680,0.0957175219605403,0.036233204483518085
robot1,681,0.09598389213180063,0.0362422145660766
robot1,682,0.09628614607372911,0.03625123459498543
robot1,683,0.09657209647999727,0.03626026308655083
robot1,684,0.09685095927372978,0.03626929793351535
robot1,685,0.097127309826117,0.03627833696037877
robot1,686,0.0973648314714621,0.036287381683098203
robot1,687,0.0976302616389196,0.03629642678352757
robot1,688,0.0978984010552683,0.036305469628496914
robot1,689,0.09816572211505725,0.03631450835179624
robot1,690,0.09841622118914989,0.03632354251310357
robot1,691,0.09865818641248207,0.03633257088195384
robot1,692,0.09891303426752805,0.0363415905089533
robot1,693,0.0992157786324622,0.03635059418289941
robot1,694,0.09949954239606074,0.036359580605426434
robot1,695,0.0998132899491907,0.03636854343846427
robot1,696,0.10012620504660195,0.03637748013277609
robot1,697,0.10045805800383519,0.036386385571048875
robot1,698,0.10082512947158909,0.03639525559699137
robot1,699,0.10118743400668774,0.036404090952517475
robot1,700,0.10154953807643209,0.0364128852859428
robot1,701,0.10191470532178482,0.03642164098894063
robot1,702,0.10230641524690016,0.03643036774492578
robot1,703,0.10263528833758316,0.03641568400204389
robot1,704,0.10296345299777765,0.03640255539988153
robot1,705,0.10329771222011944,0.03639096228371652
robot1,706,0.10357347060700224,0.03638057726126271
robot1,707,0.10388768614660857,0.0363714964581807
robot1,708,0.104222455646207,0.03636378839856183
robot1,709,0.10456694756180031,0.0363436867394134
robot1,710,0.104905323098101,0.03634773412697049
robot1,711,0.10521797416300624,0.03624987951398549
robot1,712,0.10553687189277333,0.03604970559848662
robot1,713,0.10585204276990387,0.035858529448523295
robot1,714,0.10617150707740132,0.035676595100541914
robot1,715,0.10651203021089346,0.03557881889804823
robot1,716,0.10684976157612684,0.03558213103277412
robot1,717,0.1072155424047514,0.03558712063576059
robot1,718,0.10755178897050328,0.035593635531164285
robot1,719,0.1079356413899973,0.03560191399030676
robot1,720,0.10830287681376881,0.03561184838368062
robot1,721,0.1086807320474282,0.03562354522849207
robot1,722,0.10907238320436462,0.035637081700740626
robot1,723,0.10948726068004583,0.035652624071826185
robot1,724,0.10987307333472118,0.0356700217238041
robot1,725,0.11028319785756173,0.03568941247913321
robot1,726,0.11068800790123522,0.035710721617645866
robot1,727,0.11108006707886624,0.035734010285910944
robot1,728,0.11148850629692153,0.035759389535180944
robot1,729,0.11187470387849388,0.035786735100197205
robot1,730,0.11220672932583328,0.03581586127745424
robot1,731,0.11254563407050022,0.03584671078711698
robot1,732,0.1129026486226376,0.03587931724356243
robot1,733,0.11326330825414122,0.03591373998314823
robot1,734,0.11361323397203558,0.03595002768030432
robot1,735,0.11396620191156119,0.03598817739307179
robot1,736,0.11433489410592385,0.036028209522664556
robot1,737,0.11468381346340582,0.03607007551261523
robot1,738,0.11501713218952717,0.03611377816122983
robot1,739,0.11534110373036031,0.03615924558705998
robot1,740,0.11565813856017808,0.036206407365745485
robot1,741,0.11599234955955301,0.036255346073070446
robot1,742,0.11632074167520699,0.03630607046834189
robot1,743,0.1166339393006789,0.036358595189929455
robot1,744,0.11693161168401066,0.03641282414899219
robot1,745,0.11721145842696143,0.03648648948871324
robot1,746,0.11749465177102332,0.03654384166004277
robot1,747,0.11781572572438308,0.03655433227136824
robot1,748,0.11813388910142762,0.03656461117616489
robot1,749,0.11844588017525295,0.0365747118168837
robot1,750,0.11878020528999567,0.03658464233062073
robot1,751,0.11911019556118302,0.0365944202900195
robot1,752,0.11944988635970977,0.03660406261261047
robot1,753,0.11977816632956448,0.036613604098604764
robot1,754,0.12011208747872862,0.03662307405834798
robot1,755,0.12043454585263054,0.03663248799216928
robot1,756,0.12074690486892783,0.03664186025721674
robot1,757,0.12106255297553407,0.03665121522698833
robot1,758,0.12136494524702038,0.03666057385966815
robot1,759,0.1217035096510944,0.03666997266530453
robot1,760,0.12203463621916966,0.03667943431399171
robot1,761,0.12239221711388036,0.03668899717826868
robot1,762,0.12272782109605905,0.03669867849820487
robot1,763,0.12340426616056774,0.03565004323753019
robot1,764,0.12370254883776034,0.03564537384947803
robot1,765,0.12398637294989241,0.035640430422639355
robot1,766,0.12431630600617223,0.03563518990327217
robot1,767,0.12467037490244245,0.03562964199327138
robot1,768,0.12502701189398027,0.03562378428000158
robot1,769,0.12534024635999855,0.03561763673663746
robot1,770,0.12578755770329045,0.03561114405301774
robot1,771,0.12615731114514847,0.035604342391260944
robot1,772,0.12652090476892988,0.035597234230178715
robot1,773,0.12687834385758673,0.03558982562630176
robot1,774,0.12719486566134,0.03558213551044916
robot1,775,0.1275190771356451,0.03557416784579389
robot1,776,0.12787624296088843,0.035565917454469964
robot1,777,0.12824553056282129,0.03555737757345876
robot1,778,0.1285848064537416,0.035548570330812226
robot1,779,0.12860038020234565,0.03678079663328691
robot1,780,0.1292573187404546,0.03552981462381345
robot1,781,0.12959313667580644,0.035519924179190594
robot1,782,0.12992961067164216,0.03550983736157253
robot1,783,0.1302525015963856,0.035499564036808574
robot1,784,0.13057250159451136,0.03548910797044876
robot1,785,0.13088481934749727,0.03547847533564507
robot1,786,0.13120504638868638,0.03546766381229412
robot1,787,0.13153894489059595,0.03545667115996809
robot1,788,0.13187292280053498,0.03544550092776429
robot1,789,0.13218773045765417,0.03543416537161149
robot1,790,0.1324657598397072,0.03542268370923885
robot1,791,0.1327813414513744,0.035411042222632555
robot1,792,0.13309010823611925,0.03539924703079687
robot1,793,0.1334066570234633,0.03538729568252763
robot1,794,0.13369600920322983,0.03537520333373894
robot1,795,0.13395092102563433,0.03536299107038511
robot1,796,0.13424532955738505,0.03535064555357273
robot1,797,0.13456388626386057,0.03533815912831118
robot1,798,0.13489254966529945,0.03532552786100221
robot1,799,0.13523987967623435,0.03531274774212562
robot1,800,0.13556440396478767,0.035299833641606986
robot1,801,0.13592120882699849,0.03528677296818184
robot1,802,0.13623735418282276,0.03527358629070217
robot1,803,0.13653159812701293,0.03526028337288613
robot1,804,0.13684000297956855,0.03524686604024383
robot1,805,0.13713036911842794,0.03523334764245039
robot1,806,0.13744765209832166,0.035219718652477694
robot1,807,0.13774912279970025,0.035205983868613275
robot1,808,0.13806881213444008,0.035192137807915205
robot1,809,0.13834778873827952,0.035178202164446296
robot1,810,0.13862926663420896,0.035164188057488575
robot1,811,0.13890961634504245,0.035150101363149895
robot1,812,0.1391945147542917,0.035135938022997235
robot1,813,0.13953419045261028,0.035121675886911445
robot1,814,0.139821389078255,0.03510733092325875
robot1,815,0.13993326374911425,0.036819286908188385
robot1,816,0.1401972581011485,0.03681914870605682
robot1,817,0.14049414499335827,0.03681744916187441
robot1,818,0.14077762551183948,0.0368160564924684
robot1,819,0.1410819974061571,0.0368149148408139
robot1,820,0.14136256655486157,0.03681397893025553
robot1,821,0.14163520945784497,0.03681320238803661
robot1,822,0.1419023422739063,0.036812546334837076
robot1,823,0.14213266160762755,0.03681196724271103
robot1,824,0.14237592614095895,0.03681141630122301
robot1,825,0.14260605949267688,0.03681085336622466
robot1,826,0.1428324116864476,0.036810232328673136
robot1,827,0.14309735449618682,0.036809490373062116
robot1,828,0.14333824758666316,0.036800186893248606
robot1,829,0.14349832988038214,0.03679983577834127
robot1,830,0.1436138880382901,0.036799480147947546
robot1,831,0.14364953803940994,0.03679914706002508
robot1,832,0.14367650070858307,0.03679884485858152
robot1,833,0.14366484912934313,0.03679857864496916
robot1,834,0.14369277173316386,0.03679833869652004
robot1,835,0.14366364827255923,0.03679813342675948
robot1,836,0.1436330496298147,0.03679796108309086
robot1,837,0.14360526468971183,0.03679781869861509
robot1,838,0.14358429993153773,0.036797704240460694
robot1,839,0.14359252429447827,0.03679762463471593
robot1,840,0.14361379198092106,0.03679758457669178
robot1,841,0.14365614375953842,0.03679759381400457
robot1,842,0.14374383272738767,0.03679763107729811
robot1,843,0.14389692363379572,0.036797694597688904
robot1,844,0.14397448548826025,0.03483706335345466
robot1,845,0.14395458018511312,0.03484326054363146
robot1,846,0.14386265157952982,0.034849226531838404
robot1,847,0.14376851053979162,0.034854877150308224
robot1,848,0.143674440816293,0.03486015215195351
robot1,849,0.14347059170578477,0.034865016558907884
robot1,850,0.14314594265456623,0.03486939801662564
robot1,851,0.14287298478081714,0.034873281609047554
robot1,852,0.14269760697574246,0.03487665021566232
robot1,853,0.1426952407016452,0.03487946681668941
robot1,854,0.1429129050903457,0.03488159338081494
robot1,855,0.14315073809592807,0.03488288708369065
robot1,856,0.14341177270435695,0.03488325436415701
robot1,857,0.14354498650458236,0.03488253040686815
robot1,858,0.14366476348267596,0.03488056057296562
robot1,859,0.14370589948020654,0.034877187362946795
robot1,860,0.143768178782359,0.03487229355959422
robot1,861,0.14393737516500574,0.034865850904230736
robot1,862,0.1440933973360431,0.03485791029213054
robot1,863,0.1439630947878712,0.03685401682064401
robot1,864,0.14397522075133876,0.03484582142025094
robot1,865,0.14411393822877544,0.034818374650267624
robot1,866,0.14442103066828363,0.03476506425197157
robot1,867,0.14471472495152057,0.03468385066768798
robot1,868,0.14492404850162682,0.034573079708999574
robot1,869,0.1450115420967605,0.03443145581448835
robot1,870,0.1450398535611956,0.034259820077887075
robot1,871,0.1450009705774254,0.034060360911243856
robot1,872,0.14496326609194826,0.03383747494383597
robot1,873,0.1449543904244284,0.033596336634201036
robot1,874,0.14486743172387817,0.03334326733827946
robot1,875,0.14474002902346897,0.03308728202459409
robot1,876,0.1445755599779618,0.03284085412087701
robot1,877,0.1442907093969498,0.03513746649725612
robot1,878,0.14414986213230824,0.0350104550489155
robot1,879,0.14388021232645185,0.03504357591180382
robot1,880,0.1435994993851737,0.03509274591441564
robot1,881,0.14332070891802964,0.03514980087420538
robot1,882,0.14299997246802668,0.035210081634651044
robot1,883,0.14259435931142023,0.03526800894149229
robot1,884,0.14226863584578603,0.0353233106597039
robot1,885,0.14184505292716795,0.035739583192519304
robot1,886,0.14137337397755986,0.03619896065674406
robot1,887,0.14092841284441254,0.03662846011133194
robot1,888,0.14059536662125455,0.03652499250446565
robot1,889,0.14031917375334277,0.03636282436488167
robot1,890,0.14004779460058234,0.036194895461986246
robot1,891,0.1397465401908927,0.03601973148130176
robot1,892,0.13945190979157376,0.03583697015470358
robot1,893,0.13918041410771467,0.03564621986110266
robot1,894,0.13895560365960924,0.035447282548373656
robot1,895,0.13868342328876374,0.03524084360213967
robot1,896,0.13848290372410277,0.03502665390694615
robot1,897,0.13826096104091015,0.03480549181290779
robot1,898,0.13800386799500586,0.034580033616702525
robot1,899,0.1377598608977155,0.03435244703940085
robot1,900,0.1375149690617149,0.03412411005640828
robot1,901,0.13731560060712072,0.03389766940761698
robot1,902,0.1370684351901778,0.033675411240314625
robot1,903,0.13683722646908458,0.033460172968013444
robot1,904,0.1366520482233082,0.03325203785586377
robot1,905,0.13650771267265202,0.03317372898222169
robot1,906,0.13628218930024713,0.033256258617748446
robot1,907,0.13603814638526837,0.03332588409860482
robot1,908,0.1358173808054942,0.033382283117303686
robot1,909,0.13560943977427684,0.03342641673724206
robot1,910,0.13541209281983144,0.03345895538330441
robot1,911,0.1352422175989321,0.03348151845452053
robot1,912,0.13507426350149135,0.03349551216458934
robot1,913,0.13492069546809793,0.03350289383247773
robot1,914,0.13477405324115135,0.03350569078087681
robot1,915,0.13466326337102794,0.03350555200524694
robot1,916,0.13454531237211279,0.033504612535861955
robot1,917,0.13443574756157087,0.033504930288431836
robot1,918,0.1343427139709648,0.033508934170890146
robot1,919,0.13417503322303434,0.03352082160437801
robot1,920,0.13402138795152332,0.03354297832661768
robot1,921,0.13386229191420418,0.03357802253579834
robot1,922,0.13372922661633707,0.03362720485948883
robot1,923,0.13362176260689393,0.03369101096753438
robot1,924,0.13352580072762196,0.03376976967798674
robot1,925,0.13348407549708016,0.033861404126213544
robot1,926,0.1333983969656694,0.033967347524476346
robot1,927,0.13330695751832383,0.034085869064160126
robot1,928,0.133187377652732,0.034215197817079664
robot1,929,0.13312502612335878,0.034349418145974815
robot1,930,0.13304964955530876,0.03448462127892589
robot1,931,0.132975994805127,0.03461194612681251
robot1,932,0.13292935564011135,0.03565513706501829
robot1,933,0.13270434789039554,0.03458485184067949
robot1,934,0.1325514939743889,0.03457128337352038
robot1,935,0.1323877522468799,0.03459468283748998
robot1,936,0.13221613591455214,0.03461779073646189
robot1,937,0.13216769111584273,0.03562410337649601
robot1,938,0.1320580812339302,0.035617736122983176
robot1,939,0.13195107376265197,0.03561231881358136
robot1,940,0.1318721066922939,0.035607624025386024
robot1,941,0.1317890668689569,0.0356034894929856
robot1,942,0.13168468931722005,0.035599735754225
robot1,943,0.13159914544332846,0.03559617873783262
robot1,944,0.1315072363008637,0.035592570940853024
robot1,945,0.13135678979169066,0.035588500100881465
robot1,946,0.13116775763460997,0.03465673618700403
robot1,947,0.131125566991751,0.035579934778527667
robot1,948,0.13101800543247424,0.03557677329113573
robot1,949,0.13092238751998464,0.0355740300315173
robot1,950,0.1308248891030652,0.03557169268800289
robot1,951,0.13070064006321677,0.03556969013454188
robot1,952,0.13059467151117957,0.0355678750543266
robot1,953,0.13053673876380087,0.035566004770529965
robot1,954,0.13046234483398692,0.03556369713183754
robot1,955,0.13033157793038722,0.03555801761777205
robot1,956,0.1302076033007985,0.03555365935825063
robot1,957,0.1300829680885294,0.035550367423654965
robot1,958,0.12996998194457102,0.03554783534052291
robot1,959,0.12981602323688093,0.03473471007380168
robot1,960,0.1297448203810075,0.035542675258499815
robot1,961,0.12965376257210656,0.035540330812867026
robot1,962,0.129552879543187,0.035538632210343556
robot1,963,0.1294644475074267,0.03553749648320222
robot1,964,0.12933385169963238,0.0355370033093962
robot1,965,0.12923739699615153,0.035537035080531236
robot1,966,0.12911819436897015,0.03553758197947384
robot1,967,0.1290207212504673,0.035538536606865075
robot1,968,0.12889294365532059,0.03553980564519508
robot1,969,0.1287668561472867,0.035541221148856224
robot1,970,0.12868152146108772,0.03554261055800887
robot1,971,0.12862055665954167,0.03554377594615711
robot1,972,0.12848204506292474,0.03554441119499017
robot1,973,0.12835262117130403,0.03554410350665958
robot1,974,0.1282088193482484,0.035539793572986644
robot1,975,0.12809421821650216,0.035535567870296485
robot1,976,0.12794896258248634,0.03553143270576106
robot1,977,0.12784579479144326,0.035527299814800815
robot1,978,0.1277605506959208,0.035523121269594296
robot1,979,0.12765868708189124,0.03551888559682904
robot1,980,0.1275649694782509,0.03551456086914632
robot1,981,0.12748021811579463,0.03551009790141557
robot1,982,0.12734766403251194,0.03550549772753796
robot1,983,0.12722504558778022,0.03550074858980299
robot1,984,0.1272452000849349,0.03549582501882395
robot1,985,0.1272105536163865,0.03549074229679525
robot1,986,0.12705367826524355,0.03548554250068156
robot1,987,0.12698587172875875,0.03548021687859248
robot1,988,0.1268671289444357,0.03547472950471306
robot1,989,0.1265514471225912,0.0354689686934803
robot1,990,0.1261132190029186,0.03546274789126543
robot1,991,0.12558056901206377,0.035455788273871705
robot1,992,0.125022799091808,0.035447903464314194
robot1,993,0.12448096545182946,0.035438951182317324
robot1,994,0.12402529954083098,0.035436189020969615
robot1,995,0.12359198163039471,0.035433160791404884
robot1,996,0.12307234409150918,0.03542981732523089
robot1,997,0.12255224490813059,0.035426089930161386
robot1,998,0.1220279498294216,0.03542191485324252
robot1,999,0.12148223760754358,0.03541721897440421
robot1,1000,0.1209869714306846,0.035411926876899404
robot1,1001,0.12031621179335183,0.035405921351411476
robot1,1002,0.11972085631774432,0.03539912240506469
robot1,1003,0.11910066240890461,0.035397003460246976
robot1,1004,0.11843100136305963,0.03539409668042475
robot1,1005,0.11784630035116361,0.0353903926909364
robot1,1006,0.1172144170150229,0.035385913213413
robot1,1007,0.11659063883246328,0.03538066933172457
robot1,1008,0.11600158334454568,0.035374678553132186
robot1,1009,0.11536825140248493,0.03536802469664294
robot1,1010,0.11477524829178899,0.035360764954368996
robot1,1011,0.11422055745105131,0.035352963501559066
robot1,1012,0.11364042390695679,0.03534473852453635
robot1,1013,0.11313897575270965,0.03533613533781945
robot1,1014,0.11262565196181315,0.03532727347301901
robot1,1015,0.11214860871323964,0.035322882351245824
robot1,1016,0.11167837256238936,0.035318185068052656
robot1,1017,0.1112227347746137,0.0353131949625343
robot1,1018,0.11074900842940898,0.035307947936122075
robot1,1019,0.11031520474959014,0.03530246434348064
robot1,1020,0.10991238429238694,0.035296763358204315
robot1,1021,0.10944195291412386,0.03529088579563012
robot1,1022,0.10914249490717623,0.03528482694272585
robot1,1023,0.10889431565250389,0.03527857087572824
robot1,1024,0.10851529750953924,0.03527218079963641
robot1,1025,0.10806116115978398,0.03526571933516891
robot1,1026,0.10748614167203453,0.03525927733133813
robot1,1027,0.1069560047936226,0.035252858412641044
robot1,1028,0.10652009803982558,0.03524643214127956
robot1,1029,0.10602488511637011,0.035240055542355916
robot1,1030,0.10560833176420253,0.03523372366466808
robot1,1031,0.1051237428574032,0.0352275354979143
robot1,1032,0.10455148534445745,0.03522159325834519
robot1,1033,0.10399459018908516,0.03521591456704967
robot1,1034,0.10350316382385362,0.03521049313962495
robot1,1035,0.10302033163375929,0.035205365493869996
robot1,1036,0.10251607565577404,0.03520058304815761
robot1,1037,0.102182959183236,0.03510796140481932
robot1,1038,0.10150497372029457,0.03519248640660207
robot1,1039,0.10100300013336122,0.03518914618899568
robot1,1040,0.10065788544870308,0.035113476360620385
robot1,1041,0.10016968704549133,0.035114578207176686
robot1,1042,0.09966618545338667,0.035119375960587465
robot1,1043,0.09920726803587168,0.03512388019217021
robot1,1044,0.09871207621458904,0.03512810858796208
robot1,1045,0.0982443533361123,0.035132064067670166
robot1,1046,0.09776807381651959,0.03513575641381297
robot1,1047,0.09733029272572162,0.03513922209760987
robot1,1048,0.0968996387376893,0.03514247575596504
robot1,1049,0.09644644182800755,0.035145521654505255
robot1,1050,0.09605495712070454,0.03514838951974969
robot1,1051,0.09559957247992901,0.03515108718110472
robot1,1052,0.09514465435980235,0.03515363035125381
robot1,1053,0.09458077326456585,0.035182806430925924
robot1,1054,0.09413806435842004,0.0351874776300898
robot1,1055,0.09372450096411789,0.035190430531072396
robot1,1056,0.09332132346667248,0.03519169399188095
robot1,1057,0.0929596703571583,0.035191265249740616
robot1,1058,0.09260409854395402,0.03518913451615585
robot1,1059,0.09223635510936115,0.03518534183120121
robot1,1060,0.09188380545460105,0.03517991413004222
robot1,1061,0.09152476722785384,0.03517285930659446
robot1,1062,0.09119376403316588,0.03516422926843144
robot1,1063,0.0908682495771632,0.03515406122353433
robot1,1064,0.09047767385750137,0.035142359576356384
robot1,1065,0.09010609751768112,0.035129170927218366
robot1,1066,0.0896605790382685,0.03511454966925283
robot1,1067,0.0892844571755187,0.03511397108140932
robot1,1068,0.0887722956009535,0.035105621701486886
robot1,1069,0.08840631092933714,0.03511149660697919
robot1,1070,0.08805445643270131,0.03511616586867569
robot1,1071,0.08770535336225771,0.03511966436082976
robot1,1072,0.08733222726581723,0.035121998804659466
robot1,1073,0.08694224515966625,0.03512317052600703
robot1,1074,0.08657413583345303,0.03512323282164203
robot1,1075,0.08623295458697945,0.03512222947429782
robot1,1076,0.08587945099640745,0.035120163061563126
robot1,1077,0.0855442736850152,0.03511703287099282
robot1,1078,0.08519131340110252,0.03511285515529906
robot1,1079,0.08478500229943967,0.0351075921343811
robot1,1080,0.08437935634436618,0.03510126842806761
robot1,1081,0.08397914022136957,0.035093925996358584
robot1,1082,0.08363132125137544,0.03511705073875799
robot1,1083,0.08322696481068391,0.03510341616032279
robot1,1084,0.08276939084881516,0.03507297334469275
robot1,1085,0.08235886143587184,0.03507551457819875
robot1,1086,0.08197237594049057,0.03511350719664
robot1,1087,0.08153582780644776,0.035117626305667955
robot1,1088,0.08110358208862121,0.03509558978351858
robot1,1089,0.08069979487891649,0.0350734112233134
robot1,1090,0.08028963879785436,0.03505106475970524
robot1,1091,0.07985344901203048,0.03505071560038325
robot1,1092,0.07942924216915985,0.03508708980710439
robot1,1093,0.07897256050763686,0.03512328146801098
robot1,1094,0.0785428996649902,0.03515932855283176
robot1,1095,0.07811404028539033,0.03519523419076631
robot1,1096,0.0776587606823448,0.03523096306927275
robot1,1097,0.07719185545486654,0.0352182334916414
robot1,1098,0.07676165065889975,0.03520647701689259
robot1,1099,0.07634127824122862,0.03519541576513237
robot1,1100,0.07593727552999892,0.03518499715415339
robot1,1101,0.07558184053869933,0.035175147675233706
robot1,1102,0.07520746098604181,0.035165862840907884
robot1,1103,0.07482024818656412,0.03515713668172001
robot1,1104,0.07445223211675507,0.03514893069188738
robot1,1105,0.07403733619495434,0.03514130482720245
robot1,1106,0.07363420031155203,0.035134235513100735
robot1,1107,0.0732173484447768,0.0351277429728033
robot1,1108,0.07282959736386965,0.035121776877860444
robot1,1109,0.07239913810903073,0.035116399176698954
robot1,1110,0.07193869396167966,0.035111612036065436
robot1,1111,0.07153602816825977,0.0351073565819945
robot1,1112,0.07114892551903054,0.03510362267462795
robot1,1113,0.07073235528235969,0.035100420034300105
robot1,1114,0.07035351488060357,0.03509769013202708
robot1,1115,0.06994467459689048,0.035095469374740826
robot1,1116,0.06952453752105997,0.03509374335722625
robot1,1117,0.06911559489334974,0.035092497946217244
robot1,1118,0.06870032762108226,0.03509172634242572
robot1,1119,0.06830881497081183,0.035091405339606405
robot1,1120,0.06794303721912845,0.03510733835343905
robot1,1121,0.067713948576859,0.03508478916642803
robot1,1122,0.0674752838144845,0.0350776586854222
robot1,1123,0.06721572176701628,0.035070046341154924
robot1,1124,0.06690578134861089,0.03506225870385615
robot1,1125,0.0665929516358868,0.03505436677717573
robot1,1126,0.06626518534108937,0.035046317993783986
robot1,1127,0.0658654645942367,0.035038117605097556
robot1,1128,0.0653568488319799,0.03502993866492786
robot1,1129,0.06485718561996583,0.035021741170801375
robot1,1130,0.06443700217220134,0.03501336804553532
robot1,1131,0.06398739062129488,0.035004772560580634
robot1,1132,0.0635235634639463,0.03499592392642791
robot1,1133,0.06306327709503913,0.03498677934891629
robot1,1134,0.06259952679224827,0.034977300417149894
robot1,1135,0.0622492851260679,0.03497265802886992
robot1,1136,0.06191016031946307,0.03496894357360601
robot1,1137,0.06147447322243266,0.034966087400219927
robot1,1138,0.06105991693708903,0.03496410165649677
robot1,1139,0.060617996478159054,0.03496295947602955
robot1,1140,0.06020937969219961,0.03496268313475876
robot1,1141,0.05981903228975021,0.03496327278266551
robot1,1142,0.0594127734906493,0.034964705637512986
robot1,1143,0.059032950101799944,0.034966988627800205
robot1,1144,0.05857195123133951,0.034943160652596
robot1,1145,0.05825114840802633,0.03497425341163398
robot1,1146,0.0578150410678448,0.03497948060579713
robot1,1147,0.05739767279976417,0.03498572157890339
robot1,1148,0.05694998581058265,0.034993009628087865
robot1,1149,0.05652510771825762,0.03500137889058196
robot1,1150,0.05607709567600356,0.03501085020730601
robot1,1151,0.05562645333917208,0.035021412589955406
robot1,1152,0.05518614385127621,0.03503308721200622
robot1,1153,0.054697978588932536,0.03504584517277692
robot1,1154,0.05423929624844205,0.03505962527985339
robot1,1155,0.05378702015980417,0.03507440175445191
robot1,1156,0.05334593024893795,0.03509019091850472
robot1,1157,0.05289219616555844,0.0351070554151781
robot1,1158,0.05245486701910791,0.03512491390909233
robot1,1159,0.05202269070307592,0.035143723215313276
robot1,1160,0.051580540424865866,0.03516345032902703
robot1,1161,0.05111356613398927,0.0351841510992386
robot1,1162,0.05066754507730546,0.03514744224634511
robot1,1163,0.050175313898625735,0.03510515262038008
robot1,1164,0.049731477794810235,0.03506276445207772
robot1,1165,0.0492515513052697,0.03502034984236017
robot1,1166,0.04879940054042812,0.034977917316099054
robot1,1167,0.048363243219254455,0.03493538515309242
robot1,1168,0.047940821667347214,0.034892773926105444
robot1,1169,0.04754470201645971,0.03485025635152138
robot1,1170,0.04711037536596743,0.03482640335364659
robot1,1171,0.046636196446842894,0.03480300836786194
robot1,1172,0.04617800804405156,0.03478009596441426
robot1,1173,0.0456854296054379,0.03475761429543749
robot1,1174,0.04523579099056588,0.03473560777430944
robot1,1175,0.044777607922859904,0.03471408464165037
robot1,1176,0.04433120890199615,0.034693030336027525
robot1,1177,0.04386579412417146,0.03467241249528342
robot1,1178,0.043453385060663346,0.034652273969912474
robot1,1179,0.04305645530968309,0.034632656175616124
robot1,1180,0.042661836044821676,0.03461353608099653
robot1,1181,0.04223501169474974,0.0345948575122552
robot1,1182,0.04183017179973337,0.03457664821478924
robot1,1183,0.04140203220134635,0.03455888026789081
robot1,1184,0.04097060698982446,0.03454153573462591
robot1,1185,0.04055279949251722,0.03452466534191031
robot1,1186,0.04016421034693056,0.03450829625296813
robot1,1187,0.039802277969940784,0.03449241530813311
robot1,1188,0.03946287533736965,0.034477053973498394
robot1,1189,0.03909269309721025,0.034462178648715806
robot1,1190,0.03869397662043253,0.03444774408255089
robot1,1191,0.03821229952721056,0.034357844105862
robot1,1192,0.037967400406963024,0.03440136374768114
robot1,1193,0.03765076373086486,0.034369191899434784
robot1,1194,0.03733302470131591,0.03433729899507053
robot1,1195,0.03700040956737469,0.03430566790965933
robot1,1196,0.036703874898722795,0.03427426149860719
robot1,1197,0.036410494501035555,0.03424308598711805
robot1,1198,0.036115819924557216,0.03421214743673192
robot1,1199,0.03579405873158285,0.03418145121332669
robot1,1200,0.03549062331736029,0.034151030714693435
robot1,1201,0.03517906039479539,0.03412085579545912
robot1,1202,0.034827524937286365,0.03409090502667704
robot1,1203,0.034421968200156645,0.03406114543267769
robot1,1204,0.034047190059297135,0.03403156902735646
robot1,1205,0.03369669389809022,0.03400218614593951
robot1,1206,0.03329105998273715,0.033972969630526526
robot1,1207,0.032894096740741494,0.03394391097683218
robot1,1208,0.032497715717818426,0.03391498697487391
robot1,1209,0.03209829308245514,0.03388620830193808
robot1,1210,0.03170653035907444,0.03385758407426301
robot1,1211,0.03134598168466696,0.0338291228476175
robot1,1212,0.03098012399093969,0.03380081507646306
robot1,1213,0.030599522012289437,0.033772674277487154
robot1,1214,0.03023155694251075,0.03374468953124723
robot1,1215,0.02984210858112333,0.033716833749300984
robot1,1216,0.029465728090850424,0.03368912510895681
robot1,1217,0.029115920884020728,0.03366154721391713
robot1,1218,0.0287837268051162,0.033634104869061245
robot1,1219,0.028476615343573753,0.03360681718751972
robot1,1220,0.02816375315144309,0.03357969187275794
robot1,1221,0.027851779977797538,0.03355275396855087
robot1,1222,0.02750467731690118,0.03352594352297669
robot1,1223,0.02713279857466304,0.03349926595375518
robot1,1224,0.02677305073957908,0.03347270582589343
robot1,1225,0.026405071511409528,0.03344624363754138
robot1,1226,0.026064967765578578,0.03341991591095883
robot1,1227,0.025727542287597112,0.03339369992482853
robot1,1228,0.025413063403491292,0.03336759715140869
robot1,1229,0.025149603034099223,0.03334161447246323
robot1,1230,0.024941957925934823,0.03331578575373222
robot1,1231,0.02473187595586684,0.03329018900673932
robot1,1232,0.02453699548087531,0.03326482191588738
robot1,1233,0.024308816850254877,0.03323964941920233
robot1,1234,0.0240823979253277,0.03321467121689658
robot1,1235,0.023903664340905146,0.0331898687854111
robot1,1236,0.023769408265413905,0.033165257508743606
robot1,1237,0.023655882675716052,0.033140868075757356
robot1,1238,0.023519204264955528,0.03311669427188819
robot1,1239,0.02346104095915404,0.033092769233711294
robot1,1240,0.023400713360627587,0.03306910450123155
robot1,1241,0.023262261664861224,0.03304571784461085
robot1,1242,0.023121508992130016,0.033022597327219384
robot1,1243,0.02293233686788809,0.03299956085806239
robot1,1244,0.02283076565454587,0.03297676150288231
robot1,1245,0.02259824777568886,0.0329540783747312
robot1,1246,0.022381032489210962,0.032931541221944374
robot1,1247,0.022134776053754742,0.03290911193968592
robot1,1248,0.02184077627643546,0.0328867814676926
robot1,1249,0.021521577151536398,0.032864522734620705
robot1,1250,0.02119447504374502,0.032842297802890094
robot1,1251,0.02086009188673777,0.032820078273308316
robot1,1252,0.020505706626184787,0.03279785313405581
robot1,1253,0.020141704703571427,0.03277562102988205
robot1,1254,0.019802860953558644,0.03275338278633346
robot1,1255,0.019480560545702588,0.032731152036060425
robot1,1256,0.019136842679039635,0.032708957995781156
robot1,1257,0.018813789881628327,0.03268680464946517
robot1,1258,0.01851740087918235,0.03266469019555479
robot1,1259,0.018214312735946217,0.03264260750467012
robot1,1260,0.01789880118576307,0.03262056149698267
robot1,1261,0.017581734318544956,0.03259853600811695
robot1,1262,0.017232378780710735,0.03257652603928304
robot1,1263,0.016843271156133856,0.03255448189843416
robot1,1264,0.016515375139243792,0.03253242147230299
robot1,1265,0.016123144245473692,0.03251031315730405
robot1,1266,0.01577250476738414,0.03248818043075428
robot1,1267,0.015373990432584616,0.032465976736868705
robot1,1268,0.014984145574058761,0.03244370577648171
robot1,1269,0.014602775319468499,0.03242136177188561
robot1,1270,0.014259638929627193,0.03239898170900844
robot1,1271,0.01389999354075199,0.03237655068922203
robot1,1272,0.01353051268225193,0.03235403435583876
robot1,1273,0.013154226233012965,0.03233142451769655
robot1,1274,0.01281944263328939,0.03230874021623095
robot1,1275,0.012476624929216558,0.03228596136733924
robot1,1276,0.012154868977241778,0.032263120441804266
robot1,1277,0.011873714955355576,0.03224022621383275
robot1,1278,0.011589068169701601,0.03220809793274414
robot1,1279,0.01132606183041278,0.03216553726594242
robot1,1280,0.011089437044047423,0.03212264128648408
robot1,1281,0.010863790014228592,0.03208938726159594
robot1,1282,0.010667473343125518,0.03206628982640214
robot1,1283,0.010478639225890258,0.03204318909323267
robot1,1284,0.010293633772299075,0.03202007746930869
robot1,1285,0.01011665152520435,0.03199695226883963
robot1,1286,0.009913940641105592,0.03197376948870023
robot1,1287,0.009721891175231367,0.03195052293178862
robot1,1288,0.009533762984264567,0.03192720355190323
robot1,1289,0.009360438157824107,0.031903819756702534
robot1,1290,0.009179412936680538,0.031880348602250336
robot1,1291,0.009027314505657615,0.03186838452304319
robot1,1292,0.008889486645135563,0.031869799577765555
robot1,1293,0.008756835831705308,0.03189780227794712
robot1,1294,0.008663024576869916,0.03188215482874748
robot1,1295,0.008582384137894332,0.03185843856985899
robot1,1296,0.008477771462318005,0.03183465434083117
robot1,1297,0.008305555982495537,0.03181071389900413
robot1,1298,0.00812037181897953,0.03178658714804604
robot1,1299,0.007958942229301406,0.03174791615263532
robot1,1300,0.007775174202693402,0.031698246667342216
robot1,1301,0.007559360360795534,0.03163799394517737
robot1,1302,0.0072890003421734895,0.031560450560999424
robot1,1303,0.00703052387794344,0.03147924381399767
robot1,1304,0.0067355699748235884,0.03139425052116182
robot1,1305,0.006402378517826546,0.03132403528853745
robot1,1306,0.006050047429328574,0.031271703263580516
robot1,1307,0.0057168339852368185,0.0311784533634352
robot1,1308,0.0053824218940795535,0.03112608466238018
robot1,1309,0.005139298964811662,0.03116897087547749
robot1,1310,0.004999195622637092,0.031224718176695018
robot1,1311,0.005005540589028956,0.0312918251705593
robot1,1312,0.0051181952830229764,0.03136905083688462
robot1,1313,0.005321799910034826,0.03145414792304645
robot1,1314,0.005481827966682741,0.03154370107784879
robot1,1315,0.005668458103771921,0.03163432009374674
robot1,1316,0.005923510685634414,0.031724473031182636
robot1,1317,0.006174170991748136,0.03181303209053567
robot1,1318,0.006452225070645181,0.03189865780716494
robot1,1319,0.006744715139523714,0.03198024327629539
robot1,1320,0.00705801502992708,0.03205666969583921
robot1,1321,0.007382351183570851,0.0321271348610766
robot1,1322,0.007731235916560387,0.03219060851945147
robot1,1323,0.008069550826538421,0.03224609578472743
robot1,1324,0.00844193383121051,0.03229298451475175
robot1,1325,0.008805813922730894,0.03233113419211354
robot1,1326,0.009167786641488767,0.03236062856775195
robot1,1327,0.009504325452527855,0.03238111137829174
robot1,1328,0.009873128766804719,0.03239371313137152
robot1,1329,0.010206252493605947,0.032414639963643334
robot1,1330,0.010580906704696743,0.032443172847880265
robot1,1331,0.010933766592288117,0.03247844809644858
robot1,1332,0.01125235515527354,0.03252164509332712
robot1,1333,0.011537230096426668,0.032571793952226105
robot1,1334,0.011792704819347938,0.0326294515882415
robot1,1335,0.012109114011480477,0.03269287402576829
robot1,1336,0.012445552482924374,0.03276660326951281
robot1,1337,0.012779556622359352,0.03284753537255606
robot1,1338,0.013078108274777449,0.03293756349587703
robot1,1339,0.01344120677558338,0.03297864979634621
robot1,1340,0.013624214697718729,0.03293817419028866
robot1,1341,0.013841331882178816,0.03290957991774226
robot1,1342,0.01405814072495715,0.03288315037680149
robot1,1343,0.014345547542658196,0.03286014521741106
robot1,1344,0.014519882964349445,0.03284037546760132
robot1,1345,0.014650903539210369,0.032823398248598985
robot1,1346,0.014789661727612249,0.03280910582695548
robot1,1347,0.014901783329463342,0.03279782078696704
robot1,1348,0.015165266984150386,0.032790445482176814
robot1,1349,0.015470512086608901,0.032787201601701635
robot1,1350,0.01581792414957177,0.032787876957224994
robot1,1351,0.01612839523658528,0.03279185902748477
robot1,1352,0.016526919323081157,0.03280158662677798
robot1,1353,0.016889600518631868,0.032815147741986656
robot1,1354,0.01729538471276532,0.032833620194056376
robot1,1355,0.017690664546005673,0.03285609329351288
robot1,1356,0.01812877126754953,0.03288300878432002
robot1,1357,0.018546914015620745,0.032913747148173196
robot1,1358,0.018965537463397648,0.03294828683147962
robot1,1359,0.019380833668921144,0.032986399694368396
robot1,1360,0.01980839821399941,0.03304859169654333
robot1,1361,0.02023996808773348,0.033089812221665925
robot1,1362,0.020612950904471794,0.03313819750974463
robot1,1363,0.020973467061661727,0.033188598054715045
robot1,1364,0.021362860620706414,0.03324094001953013
robot1,1365,0.021760514349785702,0.03329535967048289
robot1,1366,0.02215881949124108,0.0333517035154103
robot1,1367,0.02252924810814598,0.03340960569226811
robot1,1368,0.022919193699537592,0.033468976560786234
robot1,1369,0.02328472925611825,0.03352932031926792
robot1,1370,0.023682584432229377,0.03359015926960543
robot1,1371,0.024094448721116647,0.03365136030815954
robot1,1372,0.024462883037963304,0.033712642256592124
robot1,1373,0.02481793903496064,0.033773763762231714
robot1,1374,0.025209686312183715,0.03374648660891312
robot1,1375,0.025568265311658258,0.033777530933542584
robot1,1376,0.025908380469141824,0.03381122106202916
robot1,1377,0.026263765413915542,0.03384798157003411
robot1,1378,0.026622176142875164,0.033886544541526266
robot1,1379,0.026966798899826526,0.03392693510332814
robot1,1380,0.027303712995775307,0.03396901551456859
robot1,1381,0.02767530139733012,0.03401148906416819
robot1,1382,0.028030973828859027,0.034054671766846095
robot1,1383,0.028352965425369994,0.034098641968359246
robot1,1384,0.028720499162457818,0.034141689791633026
robot1,1385,0.029130410288648274,0.034183610844240174
robot1,1386,0.029504795291714597,0.03422393960248478
robot1,1387,0.029845071789725106,0.03426319835869042
robot1,1388,0.030184730072308777,0.034300846179093916
robot1,1389,0.030558352585761075,0.03433683224225134
robot1,1390,0.030936488693427387,0.03437148643653492
robot1,1391,0.031288666172196784,0.0344046350391757
robot1,1392,0.0316172306796336,0.034436167895907
robot1,1393,0.03197251017914547,0.03446569929810883
robot1,1394,0.03230351097477979,0.03449367903345296
robot1,1395,0.032591311885903536,0.034520332143416585
robot1,1396,0.0329136968622158,0.03454527967232195
robot1,1397,0.033288914624281726,0.03456826680055596
robot1,1398,0.03366282531552313,0.0345893698902793
robot1,1399,0.03401184031615708,0.03460878632732895
robot1,1400,0.03435856648112348,0.034626543605594494
robot1,1401,0.03477803481630822,0.03464228159327527
robot1,1402,0.03510410434072221,0.034656629689958064
robot1,1403,0.03542633737195222,0.0346695577818763
robot1,1404,0.03578101733132895,0.03468088874925958
robot1,1405,0.03613780291423294,0.03469079440876744
robot1,1406,0.03653650931721149,0.03469894486079501
robot1,1407,0.03693892169662295,0.03470536331841859
robot1,1408,0.03728874955975219,0.03471018957327929
robot1,1409,0.037542817029521676,0.034714093745146175
robot1,1410,0.03780396963342138,0.03471715740036791
robot1,1411,0.03803922083507038,0.03471991121473262
robot1,1412,0.038270950626986065,0.03472173246198398
robot1,1413,0.03847433502913688,0.034722458172898596
robot1,1414,0.03874561218098397,0.03472181202783963
robot1,1415,0.0390123030943156,0.0347196258763183
robot1,1416,0.03928943555263677,0.03471547197906439
robot1,1417,0.03951365448655309,0.03470989396817875
robot1,1418,0.03973932522410688,0.034702662086631905
robot1,1419,0.04002362208323767,0.034693033318315754
robot1,1420,0.04036180837253015,0.03468090075157662
robot1,1421,0.040736221534569565,0.03466569111448137
robot1,1422,0.04108376335063778,0.034646746194472826
robot1,1423,0.04145968664235518,0.034719295154784224
robot1,1424,0.04178492909243102,0.0346925739010105
robot1,1425,0.042159351073121965,0.03473219979067285
robot1,1426,0.0425116440321361,0.0347787412942633
robot1,1427,0.042869718708355285,0.034828026571850516
robot1,1428,0.043284097143710155,0.03487924280776656
robot1,1429,0.04376194991434683,0.03493155565490579
robot1,1430,0.04423940492151478,0.03498417783858526
robot1,1431,0.0447147687347213,0.03503653321427568
robot1,1432,0.045158461818535583,0.035088057906269995
robot1,1433,0.04560171424470502,0.0351382150739589
robot1,1434,0.046024678782233173,0.03518645273966773
robot1,1435,0.04642067414073086,0.03523237861898503
robot1,1436,0.046745597592924536,0.035275671673097204
robot1,1437,0.047091045744063295,0.035316056593716665
robot1,1438,0.04743155295783322,0.0353532760697486
robot1,1439,0.0477771092405006,0.03538720975017497
robot1,1440,0.04809941610887706,0.03541777921949254
robot1,1441,0.04844280797857079,0.03544497409734431
robot1,1442,0.04878540047521865,0.03546886184751641
robot1,1443,0.04913550832060459,0.03548952297586112
robot1,1444,0.04945727942911715,0.03550707990886881
robot1,1445,0.049776873420550476,0.03552320789067155
robot1,1446,0.05006445064365759,0.035523716005998636
robot1,1447,0.05040192400931345,0.035524312682857336
robot1,1448,0.05073125975021457,0.03552505662674815
robot1,1449,0.05100081471472053,0.03552594786262047
robot1,1450,0.05122295915728266,0.035526971632392136
robot1,1451,0.051469057279564016,0.035528132691868546
robot1,1452,0.05174374126054771,0.035529476962000484
robot1,1453,0.052014862869757164,0.03553103743891657
robot1,1454,0.05220791015535447,0.03553281425930926
robot1,1455,0.052341047310029885,0.035534834055210726
robot1,1456,0.052443433039279376,0.03553710400821641
robot1,1457,0.052581238779530894,0.03553963101146825
robot1,1458,0.05269092409389665,0.03554243639527192
robot1,1459,0.052756110792892295,0.03554552785228076
robot1,1460,0.052930140852349816,0.03554895328432135
robot1,1461,0.0532158790161953,0.0355527813331293
robot1,1462,0.053362512678778694,0.03555698803702688
robot1,1463,0.05352615427618678,0.035561600706429254
robot1,1464,0.0536342140613862,0.035566631955845224
robot1,1465,0.05371461670269764,0.035572091103958585
robot1,1466,0.05372271313730383,0.035577962346447445
robot1,1467,0.05376236078347525,0.03558427717284185
robot1,1468,0.05387906154750891,0.03559107204221212
robot1,1469,0.05398050784465887,0.035598364162293186
robot1,1470,0.054051715639493625,0.035606150401733455
robot1,1471,0.05416631240069019,0.035614462650439375
robot1,1472,0.05424079343918049,0.03562328764439048
robot1,1473,0.05436290710483947,0.03563267268967417
robot1,1474,0.054555589581671435,0.03564266251128574
robot1,1475,0.05470508874485594,0.03565325080735456
robot1,1476,0.05482828773017243,0.03566444564125715
robot1,1477,0.055041214062873954,0.03567631724362528
robot1,1478,0.05530844729769871,0.035688936743021565
robot1,1479,0.05556927510794115,0.03570231949254402
robot1,1480,0.055750511899488264,0.03571642964111413
robot1,1481,0.05592654759680227,0.035731277496667296
robot1,1482,0.056073844455946494,0.03574686742713183
robot1,1483,0.05627012217104755,0.03576324851305543
robot1,1484,0.05653172448946853,0.035780490291077036
robot1,1485,0.05671025611302834,0.03579854603038582
robot1,1486,0.05686502866267132,0.03581742399063147
robot1,1487,0.05704790473078205,0.03583716453845256
robot1,1488,0.05722643178525201,0.03585778497510874
robot1,1489,0.05737265638603494,0.035879273163460054
robot1,1490,0.057598560900085194,0.03590273733474437
robot1,1491,0.05786590986777218,0.03592562445850904
robot1,1492,0.058139860800840874,0.03594792810540568
robot1,1493,0.05844918297698449,0.03596965186736636
robot1,1494,0.058758192672118584,0.03599076108687729
robot1,1495,0.05900649631461124,0.036011210974883974
robot1,1496,0.059213047503992346,0.03603095161000664
robot1,1497,0.05941449490507659,0.03604993741407937
robot1,1498,0.059648433640426754,0.03606822044535688
robot1,1499,0.05982173908563114,0.036085819436973414
robot1,1500,0.05996376537015255,0.036102765690127936
robot1,1501,0.06006610426376735,0.03611911116011885
robot1,1502,0.06028498982923818,0.03613040832357106
robot1,1503,0.06062293351621216,0.03613809680287567
robot1,1504,0.06093055352497679,0.0361454459071583
robot1,1505,0.06116147417235601,0.03615244708661783
robot1,1506,0.06139359676734542,0.036159075428410355
robot1,1507,0.06166050609463782,0.03616538078583415
robot1,1508,0.061892720864843986,0.03617136729539435
robot1,1509,0.06209091323099307,0.03617696531957085
robot1,1510,0.06224793473844294,0.03618213545457725
robot1,1511,0.06240698490638055,0.0361869289590658
robot1,1512,0.06254373493852676,0.03619141866502377
robot1,1513,0.06269182938889054,0.03619562763888966
robot1,1514,0.06284877651969471,0.03619956324554756
robot1,1515,0.06304858752117508,0.03620321220073822
robot1,1516,0.06326720741296671,0.03620659583244594
robot1,1517,0.06343825970375715,0.0362097598117672
robot1,1518,0.06370568540748818,0.036212709121114
robot1,1519,0.06395512994030879,0.036215480677570557
robot1,1520,0.06417667737453947,0.03621804126671855
robot1,1521,0.06444837966763046,0.03622044906681485
robot1,1522,0.0646820503888667,0.03622266159296143
robot1,1523,0.06485049486608027,0.03622466687298181
robot1,1524,0.06512930190202873,0.03622650461345255
robot1,1525,0.06539850226321908,0.03622831554084747
robot1,1526,0.0655929600235664,0.03622997086444202
robot1,1527,0.06593443928520826,0.03623392374554508
robot1,1528,0.06624578209246045,0.036236533288199736
robot1,1529,0.06653289173723935,0.036237957312257166
robot1,1530,0.06674336080788788,0.03623934336782697
robot1,1531,0.06696286241643877,0.036240749760204326
robot1,1532,0.06715191400207063,0.03624217097153835
robot1,1533,0.0673841850859638,0.036243605216825715
robot1,1534,0.06768130545967063,0.036245060047246445
robot1,1535,0.06786708703037612,0.036246493345558864
robot1,1536,0.06807364510987453,0.036247839309951214
robot1,1537,0.06837767545751999,0.03624912853931113
robot1,1538,0.06858902825880572,0.03625124534681901
robot1,1539,0.06881834305339932,0.03625299664427078
robot1,1540,0.06908963859392175,0.03625444829803234
robot1,1541,0.06936573837817805,0.03625566157280427
robot1,1542,0.06967240547374531,0.03625660223223395
robot1,1543,0.06993120970067139,0.03625719125140781
robot1,1544,0.07030720634780867,0.03625739808306833
robot1,1545,0.07048519639534206,0.036256892108070135
robot1,1546,0.07079251291300544,0.036256041241166374
robot1,1547,0.07111184109220964,0.036254765775381954
robot1,1548,0.07141246988164619,0.036253214099020624
robot1,1549,0.07164968273927327,0.03625135578697835
robot1,1550,0.07196800091031784,0.036249280845861036
robot1,1551,0.0722054458457724,0.03624704793821925
robot1,1552,0.07257818941087268,0.036244561504727026
robot1,1553,0.07284752817974072,0.03624189481236162
robot1,1554,0.07314874771525108,0.03623910128578339
robot1,1555,0.07355589715273551,0.03623608185322822
robot1,1556,0.07390775286342859,0.03623286106805757
robot1,1557,0.07417194783060112,0.03622943109699037
robot1,1558,0.07447263396435022,0.03622594569292156
robot1,1559,0.0747422728611783,0.03622231463914777
robot1,1560,0.07510681047752789,0.03621846146261237
robot1,1561,0.07536236318884743,0.03621446292779935
robot1,1562,0.07566004610431659,0.036210283701487975
robot1,1563,0.07591664854912367,0.03620879452934398
robot1,1564,0.07618686646238332,0.03621093149210813
robot1,1565,0.07645174017220441,0.03621321454554703
robot1,1566,0.07672262973455285,0.036212147256861706
robot1,1567,0.0769184567271766,0.03620714847666324
robot1,1568,0.07714866697543685,0.036202060179133085
robot1,1569,0.07748372108022827,0.03619671912444347
robot1,1570,0.07777335756203725,0.036191071264664754
robot1,1571,0.07804218196964295,0.03618515169104667
robot1,1572,0.07820575868821253,0.03617905755291272
robot1,1573,0.07839252696111139,0.0361728915371605
robot1,1574,0.07868177637608981,0.036166487673444075
robot1,1575,0.078890980874693,0.03615983771668897
robot1,1576,0.07912206955652944,0.03615292238136313
robot1,1577,0.07937595464734862,0.0361458350854596
robot1,1578,0.07963080883743082,0.036138567835965994
robot1,1579,0.07990053347681302,0.036131071399488277
robot1,1580,0.08019200102911744,0.03612847175013308
robot1,1581,0.08045638332712608,0.03612584145593609
robot1,1582,0.08068106022827916,0.036123241896517014
robot1,1583,0.08096617314366603,0.03612070872202753
robot1,1584,0.08123607080144746,0.03611814567386951
robot1,1585,0.08151664411084696,0.03611562781105212
robot1,1586,0.08177553385708465,0.036113288658286606
robot1,1587,0.08197920068640466,0.03611109238095628
robot1,1588,0.08225189281367193,0.03610913849593171
robot1,1589,0.08255554354719252,0.03610744388545201
robot1,1590,0.08283956677161039,0.036106092773105926
robot1,1591,0.08311126740333767,0.036111711637178884
robot1,1592,0.08345062767795516,0.03611893351935379
robot1,1593,0.08376855821875216,0.03612511993181795
robot1,1594,0.08406291255899687,0.03613027431044958
robot1,1595,0.08435244638927475,0.036134466134164676
robot1,1596,0.08460653543136712,0.03613777409369147
robot1,1597,0.08489523803080636,0.036140179518862794
robot1,1598,0.08513771647200304,0.03614167077974877
robot1,1599,0.08541268200554915,0.036142162802013655
robot1,1600,0.08569101864391496,0.03614167767550336
robot1,1601,0.0860389249967673,0.0361401598674067
robot1,1602,0.08641431300288442,0.03613760425917867
robot1,1603,0.08677967579534772,0.0361340652123071
robot1,1604,0.08715310295784864,0.036129448379407195
robot1,1605,0.0875397830996463,0.036123807902705155
robot1,1606,0.08786332384647166,0.03613160232844473
robot1,1607,0.08821627482434766,0.03611819564936128
robot1,1608,0.08858645875989313,0.03611938605808287
robot1,1609,0.08895795503673128,0.03612081850866819
robot1,1610,0.08933654571276341,0.03612255497389983
robot1,1611,0.08963605541573892,0.0361246738282209
robot1,1612,0.0899650698278488,0.03612722752637763
robot1,1613,0.09028868966173965,0.03613027348425068
robot1,1614,0.09060124089699681,0.036133866546221693
robot1,1615,0.09097115185542545,0.03613803304629491
robot1,1616,0.09130964422705101,0.03614284361335486
robot1,1617,0.09168600469737603,0.03614831657459506
robot1,1618,0.0920571681107414,0.03615449070146149
robot1,1619,0.09244850177827639,0.0361806978785805
robot1,1620,0.09279112742251304,0.03617439315426669
robot1,1621,0.09314464673412902,0.03618714204936973
robot1,1622,0.09350177146996141,0.036199664389852296
robot1,1623,0.09385796191240352,0.03621198837728028
robot1,1624,0.09422027847576978,0.03622413486610943
robot1,1625,0.09468051377290256,0.03623607074260221
robot1,1626,0.09496641573385525,0.03626728342777272
robot1,1627,0.09531463641413462,0.036259210091298906
robot1,1628,0.09562051637663531,0.03627040558780553
robot1,1629,0.09591669999867845,0.036282120979621
robot1,1630,0.09622740637610026,0.03629376901016552
robot1,1631,0.09653259050429334,0.036305433653945
robot1,1632,0.09685760426397295,0.03631712757900374
robot1,1633,0.09719015216655125,0.03632886750470203
robot1,1634,0.09752763827667776,0.03634068098078432
robot1,1635,0.09788264475163116,0.03635258059115423
robot1,1636,0.09823406021546417,0.036364595054139914
robot1,1637,0.09859785168879003,0.03637675031465558
robot1,1638,0.09898502871883026,0.036389057574063015
robot1,1639,0.09942244858096104,0.03640151402227831
robot1,1640,0.09981607374242227,0.03641416446587525
robot1,1641,0.10022724887186109,0.036427034020034284
robot1,1642,0.1006245303130588,0.03644015558532764
robot1,1643,0.10100618476758304,0.036453550655322284
robot1,1644,0.10140155051117243,0.036467113481883286
robot1,1645,0.1017807093328438,0.03648048566613287
robot1,1646,0.10215360799523293,0.03649349876969934
robot1,1647,0.10253983154348902,0.03650611971286304
robot1,1648,0.10293208995008167,0.03651828241006668
robot1,1649,0.10331030080343528,0.036529935678737274
robot1,1650,0.10365255413833135,0.03656031053398219
robot1,1651,0.10406314064424073,0.03657385629245549
robot1,1652,0.10443286661938705,0.03662326779321128
robot1,1653,0.10480420672786006,0.03666910288241034
robot1,1654,0.1052306268838139,0.03668617194888997
robot1,1655,0.1056441077473714,0.03671478695195359
robot1,1656,0.10607358345349546,0.036715241573776876
robot1,1657,0.10670311202551841,0.03674561825813843
robot1,1658,0.10694403261811991,0.03661943335193441
robot1,1659,0.10681997812470258,0.03658034960522098
robot1,1660,0.10671865712704233,0.036655149928230435
robot1,1661,0.10656970128485246,0.03683292777454951
robot1,1662,0.10741284301847276,0.036030610116060346
robot1,1663,0.10781302234148343,0.036022201911529945
robot1,1664,0.10821006442044628,0.03601367019293608
robot1,1665,0.10862068785534011,0.03600500843308209
robot1,1666,0.10900179428491161,0.03599624474842702
robot1,1667,0.10939523170586929,0.03598739716173799
robot1,1668,0.10979396841104393,0.03597845843000526
robot1,1669,0.11018994036034428,0.035969418615913004
robot1,1670,0.11057247575603311,0.03596029509002899
robot1,1671,0.11094970461207362,0.03595109181944935
robot1,1672,0.11131163532028795,0.03594183180490216
robot1,1673,0.11171732919484345,0.03593251500212858
robot1,1674,0.11214352247192504,0.035923101758158764
robot1,1675,0.11253812912355994,0.03591360407574238
robot1,1676,0.11297628795721873,0.03590402074452003
robot1,1677,0.11341865002614931,0.035894338933708296
robot1,1678,0.11387209595900175,0.03588454874672941
robot1,1679,0.11428111742384538,0.035874671497409444
robot1,1680,0.11473314605052314,0.03586469145913981
robot1,1681,0.11525052490291775,0.035854587062314085
robot1,1682,0.11573733119771465,0.03584437176827763
robot1,1683,0.1162056735719528,0.03583403722564874
robot1,1684,0.1167182031384496,0.035823551757444054
robot1,1685,0.11724121827150089,0.03581290465877685
robot1,1686,0.11773524033034924,0.03580211550871584
robot1,1687,0.11826888662564661,0.035791148721010815
robot1,1688,0.11870596321592207,0.03578004121572425
robot1,1689,0.11920602086656014,0.03576875341892671
robot1,1690,0.11967847290969073,0.03575728201745392
robot1,1691,0.12013209515080375,0.03574561686346848
robot1,1692,0.12059020191030727,0.03573371396394683
robot1,1693,0.12068417975325932,0.03672318850549194
robot1,1694,0.12113746167427601,0.03671548169470162
robot1,1695,0.12158259244695081,0.03672100643879691
robot1,1696,0.12196818098507028,0.03672634400636137
robot1,1697,0.12235410785998467,0.03673148102660464
robot1,1698,0.12267997583320202,0.03673641763429585
robot1,1699,0.12298413302239879,0.03674114611849946
robot1,1700,0.12330123026883678,0.03674565167270841
robot1,1701,0.12361076957124367,0.03674992613422312
robot1,1702,0.12396151126539054,0.0367539525581224
robot1,1703,0.1242714850198508,0.036757730683065905
robot1,1704,0.12455371765058165,0.03676125730556162
robot1,1705,0.12486338495926816,0.03676452476124571
robot1,1706,0.12517929006921932,0.03676753045709775
robot1,1707,0.12553076135932173,0.03677026737538405
robot1,1708,0.12589715195068435,0.03677273646752526
robot1,1709,0.12627729589217243,0.036774932601482804
robot1,1710,0.12668680603052407,0.03677685426388691
robot1,1711,0.1270490538205208,0.03677851248610439
robot1,1712,0.12739001708393874,0.03677991796579807
robot1,1713,0.12770716901896426,0.03678106430965054
robot1,1714,0.12800711836578887,0.03678193898752648
robot1,1715,0.1282870749489891,0.036782571648118115
robot1,1716,0.12855913678909017,0.03678298989829315
robot1,1717,0.12915242265846266,0.03553570293453751
robot1,1718,0.12942775172438825,0.0355279493677558
robot1,1719,0.12967357237034227,0.03552006092549962
robot1,1720,0.1299018294735735,0.03551205066484197
robot1,1721,0.13014419614158185,0.035503917497917994
robot1,1722,0.13041824432485408,0.0354956548991543
robot1,1723,0.13068390370314278,0.03548726474499788
robot1,1724,0.13094833984647028,0.035478750958578935
robot1,1725,0.13118455955689606,0.03547012920845881
robot1,1726,0.13141147676603668,0.03546140732275585
robot1,1727,0.13163525238129023,0.035452593672568034
robot1,1728,0.13186827835783313,0.03544368590233386
robot1,1729,0.1321054611404471,0.03543468543413997
robot1,1730,0.1323446993273281,0.035425597915818625
robot1,1731,0.13258757164603432,0.0354164281055469
robot1,1732,0.13282785588403703,0.03540717751093758
robot1,1733,0.13309848983206904,0.03539784016792681
robot1,1734,0.13334895843521458,0.0353884266389445
robot1,1735,0.13361875924153335,0.035378938498450314
robot1,1736,0.133891051012512,0.03536937921443746
robot1,1737,0.13414101183023777,0.035359750044412525
robot1,1738,0.13440347545612766,0.03535005761031653
robot1,1739,0.1346558515311889,0.0353403181451661
robot1,1740,0.13491717212921486,0.035330525174819945
robot1,1741,0.1351988112651643,0.03532067133172361
robot1,1742,0.13544192042125933,0.035310775450267166
robot1,1743,0.13565833713903772,0.03530084691821985
robot1,1744,0.13567539768403952,0.03682111235582249
robot1,1745,0.13617200309823477,0.03527892757168094
robot1,1746,0.13645101342353977,0.03526687500162644
robot1,1747,0.13675338220049557,0.0352547586824688
robot1,1748,0.136835538532194,0.03682295183276575
robot1,1749,0.13733660132578404,0.035228334387454256
robot1,1750,0.13767203079679938,0.03521404922296
robot1,1751,0.13799139722438974,0.035199758789100734
robot1,1752,0.13832081940672572,0.035185445842459896
robot1,1753,0.13868816654560892,0.035171083225385404
robot1,1754,0.13900950201871837,0.035156670176522214
robot1,1755,0.1393598500728944,0.03514218015519785
robot1,1756,0.13967928600995438,0.03512760802303681
robot1,1757,0.1400170577855932,0.035112929502801635
robot1,1758,0.14030828689577446,0.035098147383301345
robot1,1759,0.14058794610893996,0.0350832522764749
robot1,1760,0.14080657584244682,0.0350682594219256
robot1,1761,0.14103780943842462,0.0350531488536782
robot1,1762,0.14131156125662364,0.03503788098700455
robot1,1763,0.1414179645173258,0.03681736130032314
robot1,1764,0.14163722018277192,0.03502018115779021
robot1,1765,0.1416986203246885,0.035017989545824774
robot1,1766,0.14170240155056266,0.03501588812960741
robot1,1767,0.14164669968239932,0.03501387645570583
robot1,1768,0.14156169667419188,0.035011951645393925
robot1,1769,0.14149805232078672,0.035010106844486306
robot1,1770,0.14146113371011587,0.035008334551389145
robot1,1771,0.14144517653127614,0.03500662747337536
robot1,1772,0.14144226739009033,0.03500497863354443
robot1,1773,0.14144313946462356,0.035003381374023534
robot1,1774,0.14145146674825967,0.0350018288286495
robot1,1775,0.14146212996525068,0.03500031405779849
robot1,1776,0.14144231018865108,0.036815741855107886
robot1,1777,0.14171968657924075,0.03498790093332629
robot1,1778,0.14188078013004113,0.03497827990723292
robot1,1779,0.14201655649952105,0.03496989596773516
robot1,1780,0.1420980325717985,0.03496264530728175
robot1,1781,0.14220467145173246,0.034956422276326955
robot1,1782,0.1423271071216398,0.034951147186456734
robot1,1783,0.14245925442711974,0.03494675046491131
robot1,1784,0.14254207675621397,0.03494311213651516
robot1,1785,0.1426406301745421,0.034940101607772514
robot1,1786,0.14284510275714432,0.03493766475485073
robot1,1787,0.14309692536840468,0.034935733645517046
robot1,1788,0.14342908157845174,0.03687476038188246
robot1,1789,0.14396110093143769,0.036883419765729036
robot1,1790,0.14451848370310635,0.03696944531153661
robot1,1791,0.1450298247805112,0.0370514086173576
robot1,1792,0.14554298165045235,0.0371291284813879
robot1,1793,0.14606983606754526,0.037202152078110944
robot1,1794,0.14659204464464998,0.03727031094640662
robot1,1795,0.14709495322071178,0.03733364727066167
robot1,1796,0.14760139697886213,0.03739215144111008
robot1,1797,0.14809442116922727,0.037445221946598425
robot1,1798,0.1485609496091724,0.03749301332215096
robot1,1799,0.1490286183309245,0.03753601011559052
robot1,1800,0.1494702276181831,0.037574033564675126
robot1,1801,0.14991360502108814,0.037607016005702924
robot1,1802,0.15029532712372815,0.03763561992902045
robot1,1803,0.1506188374794123,0.03766055380411417
robot1,1804,0.1509167182534925,0.037680887723252336
robot1,1805,0.15124728266175283,0.03769592873257927
robot1,1806,0.15162018951477726,0.03770681180172737
robot1,1807,0.15207110457223708,0.03770680460802744
robot1,1808,0.15253682877736432,0.0377067974988751
robot1,1809,0.15294422320516257,0.037706790468998067
robot1,1810,0.1533867549548027,0.03770678353174016
robot1,1811,0.15377990884690299,0.037706805228899055
robot1,1812,0.15416282682727214,0.037706798462777684
robot1,1813,0.15452024631342479,0.0377067917327902
robot1,1814,0.15489237707397346,0.03770678508587752
robot1,1815,0.15530279493087037,0.03770677853848713
robot1,1816,0.15571885197166818,0.037706772085927424
robot1,1817,0.15614849352396565,0.03770676570216816
robot1,1818,0.15655275882345135,0.03770675939193178
robot1,1819,0.15696058690764733,0.03770675316281372
robot1,1820,0.1573688182156496,0.037706747010470804
robot1,1821,0.15779573539735023,0.037706740944829724
robot1,1822,0.15823000020518235,0.03770673497155362
robot1,1823,0.15866902575838285,0.03770672908059221
robot1,1824,0.1591234163834907,0.03770672326643328
robot1,1825,0.15955411816119808,0.0377067175421473
robot1,1826,0.15999747657921282,0.03770671190948801
robot1,1827,0.1604213150215231,0.03770670634052551
robot1,1828,0.16079275915709665,0.037706700828422604
robot1,1829,0.16104287878761725,0.037706695327737835
robot1,1830,0.161195494434668,0.037706689823570845
robot1,1831,0.1612485123117666,0.03770668434363261
robot1,1832,0.16124097748937138,0.037706678910917266
robot1,1833,0.1612668739571631,0.03770667349293506
robot1,1834,0.16129427390221054,0.03770666807183509
robot1,1835,0.1612427671542542,0.037706662684350155
robot1,1836,0.16118808931946232,0.037706657329591456
robot1,1837,0.16120508484831084,0.03770665199185248
robot1,1838,0.16119729742567251,0.03770664668781648
robot1,1839,0.1611701252478662,0.037706641425072955
robot1,1840,0.16124170133437907,0.03770663617476401
robot1,1841,0.1613354810987153,0.037706630934437275
robot1,1842,0.1612790591735448,0.037706625729918085
robot1,1843,0.16119071535396015,0.037706620577619775
robot1,1844,0.16116542429200942,0.037706615483185504
robot1,1845,0.16111596956482307,0.03770661045082429
robot1,1846,0.16114277113217465,0.037706605492020345
robot1,1847,0.1611076019538225,0.037706600600643216
robot1,1848,0.1611019260068134,0.037706595776683775
robot1,1849,0.16113364241221728,0.0377065910015248
robot1,1850,0.16114242233869747,0.03770658627806056
robot1,1851,0.160992120725255,0.03770658160029502
robot1,1852,0.16075055783130604,0.03770657695496751
robot1,1853,0.16061308466375565,0.0377065723640581
robot1,1854,0.1603757234572161,0.03770656783493206
robot1,1855,0.16016504278601734,0.03770656337369636
robot1,1856,0.15999954500110572,0.03770655899141257
robot1,1857,0.15979941296398223,0.037706554674560626
robot1,1858,0.15958112656914644,0.037706550423129155
robot1,1859,0.15936004012935295,0.03770654622988504
robot1,1860,0.15916356869080328,0.037706542088641375
robot1,1861,0.1590341444681339,0.037706538005729144
robot1,1862,0.1588066851379379,0.03770653397467899
robot1,1863,0.1586312949295908,0.0377065299939424
robot1,1864,0.158438152357785,0.03770652607607858
robot1,1865,0.15821444652048938,0.03770652221028716
robot1,1866,0.15811250710450803,0.03770651840111754
robot1,1867,0.15809111259920608,0.03770651467904095
robot1,1868,0.15806374255426475,0.037706511031261734
robot1,1869,0.15809826081202136,0.037706507438268255
robot1,1870,0.158126415770728,0.037706503896771444
robot1,1871,0.15813819191850548,0.03770650040468383
robot1,1872,0.15809556507911127,0.03770649696418616
robot1,1873,0.15808114649666805,0.037706493575070214
robot1,1874,0.15806745826990357,0.037706490245591064
robot1,1875,0.15811380861868182,0.03770648697150232
robot1,1876,0.15818249535944856,0.03770648375382343
robot1,1877,0.15828917482913454,0.03770648059928087
robot1,1878,0.15839559958593286,0.03770647752043867
robot1,1879,0.1584947443346442,0.03770647450678042
robot1,1880,0.15862349305921877,0.03770647155379999
robot1,1881,0.15875850495592136,0.03770646866950624
robot1,1882,0.15884650467607997,0.0377064658445742
robot1,1883,0.15900283771778556,0.03770646309638084
robot1,1884,0.1591222490998725,0.03770646041236841
robot1,1885,0.15925872463100318,0.03770645779503154
robot1,1886,0.15939569155747432,0.03770645523734674
robot1,1887,0.15960634988186276,0.03770645275865265
robot1,1888,0.15979370915458557,0.037706450358668486
robot1,1889,0.1599281904005973,0.03770644802737714
robot1,1890,0.16006943758467163,0.037706445771992746
robot1,1891,0.16026238012772362,0.03770644359693811
robot1,1892,0.1604607070504742,0.03770644149067266
robot1,1893,0.16064113948303496,0.037706439453966296
robot1,1894,0.16079426257740675,0.037706437483778
robot1,1895,0.16097021817444396,0.03770643557482301
robot1,1896,0.16114460707561679,0.03770643373850521
robot1,1897,0.16134753785710523,0.037706431976329786
robot1,1898,0.16156119632232976,0.03770643028301934
robot1,1899,0.16173836261438132,0.03770642865545299
robot1,1900,0.16188819644605523,0.03770642709673835
robot1,1901,0.16211936270147806,0.03770642559688423
robot1,1902,0.1623814297082666,0.037706424157445885
robot1,1903,0.16267003994895043,0.03770642278742077
robot1,1904,0.16283209944268293,0.03770642147585368
robot1,1905,0.16297297629804727,0.03770642020936931
robot1,1906,0.1631273432336792,0.03770641899785128
robot1,1907,0.163235804596108,0.03770641783857637
robot1,1908,0.16337680262423254,0.037706416733297214
robot1,1909,0.16352941739341584,0.03770641566548339
robot1,1910,0.16361655145934986,0.03770641461759406
robot1,1911,0.1636712014367294,0.0377064135844967
robot1,1912,0.16372106429036984,0.03770641256238238
robot1,1913,0.16369870596669428,0.037706411534647585
robot1,1914,0.1636806841183752,0.03770641050586183
robot1,1915,0.16368849392126505,0.037706409492322526
robot1,1916,0.16373966409859605,0.037706408510302825
robot1,1917,0.1638904072697283,0.03770640757125005
robot1,1918,0.16408783845954852,0.03770640668043308
robot1,1919,0.16425496053610605,0.03770640582926644
robot1,1920,0.16446817239381828,0.03770640501983524
robot1,1921,0.16469984969276152,0.037706404252572025
robot1,1922,0.16493521794603727,0.037706403532630356
robot1,1923,0.16515826247027557,0.037706402857714885
robot1,1924,0.16539020672911395,0.0377064022292826
robot1,1925,0.16562071781832932,0.03770640164506728
robot1,1926,0.16585085449841072,0.03770640110149447
robot1,1927,0.16605956339666492,0.03770640059876672
robot1,1928,0.1662561919583694,0.037706400131849276
robot1,1929,0.16644586397914887,0.037706399696124715
robot1,1930,0.1666428215336011,0.03770639929923382
robot1,1931,0.16687563058392502,0.037706398937338036
robot1,1932,0.1671015139102181,0.03770639861174898
robot1,1933,0.16731410161302487,0.03770639832001799
robot1,1934,0.16753813268507436,0.03770639805693475
robot1,1935,0.16777881407953382,0.03770639782318282
robot1,1936,0.16801750219285919,0.03770639762316783
robot1,1937,0.16825921426386536,0.03770639745272645
robot1,1938,0.16850276938437023,0.03770639731000789
robot1,1939,0.1687510879905506,0.03770639719535799
robot1,1940,0.1689668177072181,0.037706397105212106
robot1,1941,0.16919116392960729,0.03770639704059613
robot1,1942,0.1694176168830808,0.03770639699883019
robot1,1943,0.1696300441306456,0.03770639697625342
robot1,1944,0.1697526791095466,0.037706396962450546
robot1,1945,0.16978858280600906,0.03770639694601329
robot1,1946,0.16977956186060675,0.0377063969285775
robot1,1947,0.16972300334489637,0.03770639691117637
robot1,1948,0.16968798483949482,0.037706396894914014
robot1,1949,0.16966659563922587,0.037706396878906534
robot1,1950,0.1696459418807032,0.0377063968627712
robot1,1951,0.16963919195969052,0.03770639684701839
robot1,1952,0.16967848868605206,0.03770639683704295
robot1,1953,0.16972701969525994,0.03770639683178809
robot1,1954,0.16974475405660522,0.03770639682517965
robot1,1955,0.16980751724271242,0.037706396822144814
robot1,1956,0.16984951907229448,0.037706396822566324
robot1,1957,0.16986891675590457,0.037706396822500404
robot1,1958,0.1698937274538827,0.0377063968224946
robot1,1959,0.16989255752562302,0.037706396822490204
robot1,1960,0.16989064293612746,0.037706396822494416
robot1,1961,0.1698858067454896,0.037706396822500585
robot1,1962,0.16987933747570474,0.03770639682253155
robot1,1963,0.16987848117146123,0.03770639682255972
robot1,1964,0.16987485671238708,0.03770639682259159
robot1,1965,0.1698714273589229,0.037706396822596654
robot1,1966,0.16986468327728402,0.03770639682259626
