robot_id,keyframe_id,timestamp,tx,ty,tz,qx,qy,qz,qw
robot1,150,1722894275697938011,0.2809558385051787,-0.3270400324836373,0.4295889707282185,0.0024455654820736,0.0064250656801999,0.4674755926569418,0.8839792463686684
robot1,151,1722894276199053375,0.287529405672103,-0.3306636977940799,0.4296676786616444,0.0024553118353550013,0.006445287199574682,0.4674439955744107,0.883995780939104
robot1,152,1722894276697757121,0.28932427894324036,-0.3310099020600321,0.4347954085096717,0.0024453245152926007,0.006440410510166863,0.46738001604248736,0.8840296726380849
robot1,153,1722894277199464428,0.27503140037879314,-0.3266016077250246,0.43471282534301287,0.0023951774870392024,0.006365262766762845,0.46731044442959147,0.8840671326781318
robot1,154,1722894277697124892,0.27860295260325024,-0.3297590417787437,0.4233869668096304,0.002438049081314204,0.006403679146335929,0.46725914306541766,0.8840938536331081
robot1,155,1722894278196879401,0.28853338584303795,-0.335744701325894,0.42061380576342344,0.0024418657243619035,0.00647719328031391,0.4671944944408893,0.8841274724965374
robot1,156,1722894278697195873,0.28691533021628796,-0.33652731869369823,0.42229809146374475,0.002409299833667806,0.006462406637900891,0.46713794732137076,0.8841575486004372
robot1,157,1722894279198548172,0.2810705136507742,-0.33599192462861627,0.4284510770812632,0.0023432449605363076,0.006457329215360074,0.46706810980246666,0.8841946578146751
robot1,158,1722894279697571130,0.2759479689411812,-0.33467015624046415,0.4343100553378465,0.002304764566905409,0.006448722405045957,0.4670216680391368,0.8842193526617568
robot1,159,1722894280199049384,0.267639391589909,-0.33084431663155656,0.43649001512676505,0.002249431281376009,0.006389238906428038,0.4669784307949225,0.8842427624003596
robot1,160,1722894280697653887,0.26330486591905267,-0.33053373266011593,0.43931145593524007,0.0022593723330786093,0.0063986548018890215,0.4669651528491014,0.8842496810731695
robot1,161,1722894281196300217,0.26512115215882565,-0.3301313463598503,0.4352360637858512,0.002270702050490912,0.006387661104988804,0.4669225753565381,0.8842722150561012
robot1,162,1722894281704672716,0.2626848621293892,-0.330345638096334,0.43995575979352014,0.0022572820716853124,0.006411226514007787,0.4668651757129065,0.8843023852499733
robot1,163,1722894282198861322,0.2630675733089436,-0.33032544236630357,0.44152819644659774,0.0022639049362829125,0.00640826280450947,0.46680791750859263,0.8843326167531982
robot1,164,1722894282704030611,0.2643965431489037,-0.32847321964800524,0.4417086169123651,0.0022699786310884135,0.006408116888198951,0.46674680818859965,0.8843648569910024
robot1,165,1722894283199699413,0.26836724020540575,-0.3268702710047382,0.4296247260645034,0.002323398253210715,0.006379526802535035,0.4666914612191927,0.8843941335645705
robot1,166,1722894283696627005,0.2658419990912066,-0.32884568162262634,0.43314990028739,0.002303600724227316,0.006361296520878317,0.4666574878969057,0.8844122434249913
robot1,167,1722894284200326071,0.2612177408300326,-0.3254300719127079,0.4335877522826198,0.002285717199736816,0.006330251789081998,0.46664769269881745,0.8844176809110272
robot1,168,1722894284703936539,0.2638643360696717,-0.3254072517156622,0.42487123236060176,0.0023353114342798183,0.006307177705178281,0.4666341928642676,0.8844248390224089
robot1,169,1722894285197538349,0.27313684904947694,-0.33637132029980654,0.4299252200871709,0.002660233754922017,0.005654725337743062,0.4661612402183481,0.8846777070525826
robot1,170,1722894285700169670,0.37360625248402085,-0.4609988518059283,0.592214687727392,-0.0006159617015508822,0.005032769381224556,0.4621611227526506,0.8867814772758545
robot1,171,1722894286197447883,0.4622434498742187,-0.5791125558316744,0.7623552698642021,0.004700620279135713,0.0030438512066869225,0.46129085614196275,0.8872313030876662
robot1,172,1722894286695977227,0.45830830838530856,-0.6042570034042037,0.900126873515547,0.007730074217680009,0.0019683184206172955,0.46095065639539373,0.8873899165777351
robot1,173,1722894287199193500,0.4448411511257248,-0.6360944062471428,1.0865573305636655,0.005805923614446507,0.0009236322607714835,0.45699436141740885,0.8894501626213381
robot1,174,1722894287697185264,0.42103513283654587,-0.665177283808593,1.2117555635049946,0.009326799956741716,0.0005950609532215537,0.441942249469571,0.896994818735763
robot1,175,1722894288198570800,0.4798146765679061,-0.8551523387432144,1.3963429648429169,0.0022813124522952496,0.0017717851871103625,0.37824840368471324,0.925699628119571
robot1,176,1722894288697517954,0.5529942796565518,-1.0295894639566592,1.4865178940817725,0.005143185561222969,-0.0021596292432941623,0.31439641737586094,0.9492753954385618
robot1,177,1722894289198373729,0.659454012755296,-1.1841190522536698,1.5530216535553345,0.002494830090762902,-0.006779041652094259,0.20852799082256465,0.9779897225741188
robot1,178,1722894289695767102,0.7630464541725718,-1.3171587772667481,1.5570377595722684,0.006240686847850546,-0.008696453801774275,0.10483013092815709,0.9944325362580038
robot1,179,1722894290197036478,0.8428918886929644,-1.4363193465396842,1.5482288133353006,0.0003319228810278931,-0.010053769280076943,-0.004292282541441617,0.9999401921420343
robot1,180,1722894290698060223,0.9115962884388749,-1.5296914819628087,1.5268811061978351,0.0008483256374714043,-0.019581240131486738,-0.10578035092322925,0.9941963451638134
robot1,181,1722894291197480359,1.0036248257383578,-1.6349897179752686,1.4552195481956018,-0.0006590683419944685,-0.0256009982566752,-0.2115480759706957,0.9770320189585799
robot1,182,1722894291702387717,1.0935682174749535,-1.7336577819660413,1.3638547416776436,-0.004000755342393436,-0.02943988682779276,-0.31563217634452,0.9484163728427926
robot1,183,1722894292197197277,1.1872509387321628,-1.8189872335642694,1.2168486975133435,-0.004048287604390783,-0.028305955860154622,-0.4167451482430732,0.9085735334281833
robot1,184,1722894292697145742,1.2613864112645239,-1.8729737773537767,1.036519317887725,-0.005153766819190932,-0.028043982930575875,-0.523813155283759,0.8513558316360061
robot1,185,1722894293198882804,1.3315759473480138,-1.868290967307998,0.8173803277313728,-0.004288908714724091,-0.02924828896266741,-0.637183698458832,0.7701448417493407
robot1,186,1722894293698166035,1.3172579351812461,-1.8142585707828531,0.5624309247359652,0.002475007017196245,0.028977215620110137,0.7457226183949568,-0.6656214928390911
robot1,187,1722894294199025528,1.25465078745036,-1.72791772708298,0.35077362507581894,0.006848983463904343,0.034446747757338525,0.8285357273060104,-0.5588336618099823
robot1,188,1722894294698500879,1.2296779197640597,-1.6312800906598688,-0.01693088747560774,0.0054672411282060225,0.034444800144067804,0.8602103234354128,-0.5087453827531252
robot1,189,1722894295197594453,1.1353288972750222,-1.408181883394729,-0.6007312135770896,0.0041907397133382936,0.031164960382344183,0.8806915323571477,-0.47264532979755636
robot1,190,1722894295698366224,1.1204592166468441,-1.2354506375268206,-1.2754898443818072,0.001348756205260542,0.024361309006094296,0.8836358911301841,-0.4675385752927491
robot1,191,1722894296198077643,1.1667739832773767,-1.104730811901401,-2.0169212501496063,0.0033482154000298607,0.030076391973654682,0.8870103885605553,-0.46075673699375785
robot1,192,1722894296698668174,1.1864069798029955,-0.9236382143572076,-2.7573231076821663,0.002935977683740747,0.030499786539257872,0.8899500641900683,-0.4550275006020997
robot1,193,1722894297200749577,1.163814761675897,-0.7220967542380192,-3.422340614721177,0.010617927358816108,0.026814468347053307,0.8961715293832136,-0.4427695041766309
robot1,194,1722894297696771011,1.04011572944001,-0.45201029907912776,-4.060376251116392,0.00882219458667959,0.02611563276379161,0.9014574395265823,-0.43198915186634024
robot1,195,1722894298197981775,0.9167406777851392,-0.1620459156110942,-4.692330307327207,0.0011643498255093814,0.026868100838708043,0.9055397976887875,-0.4234081060260359
robot1,196,1722894298697558411,0.8262313073501147,0.15539522655307803,-5.312299824319776,-0.002267620551450257,0.02323012719743765,0.911115082608661,-0.4114906139032073
robot1,197,1722894299197385870,0.6542437421158163,0.4759686412289722,-6.031990231014785,0.002699725359583955,0.027591488044862316,0.9139381518073958,-0.4049055148319601
robot1,198,1722894299697509235,0.5078472844325259,0.7572752702981242,-6.728742851875718,0.003210713806814428,0.02611835246821782,0.9111905466702198,-0.4111439050259931
robot1,199,1722894300196947772,0.4014908964746003,1.0363365411758454,-7.457242220640177,-0.0014530490870758813,0.027541628906198164,0.9005348139484407,-0.433908280852522
robot1,200,1722894300698886003,0.3667715694755654,1.2244567861780564,-8.11526582296937,-0.005112854337216785,0.029616123500551414,0.888461342779036,-0.4579663593940046
robot1,201,1722894301197485707,0.34607365680862257,1.4317100662738134,-8.82217207271605,-0.0036124833495310383,0.024872886944016726,0.8756051554135243,-0.48237319709160614
robot1,202,1722894301699356770,0.3195668547414651,1.5928998216986716,-9.537148326635355,-0.00032088061883492634,0.02902755369998294,0.8559243075623307,-0.5162856553166741
robot1,203,1722894302199210904,0.3118992815725942,1.7075692545622654,-10.231005898676809,0.0005982173506562563,0.02911176489345124,0.8489483468528598,-0.5276730537525924
robot1,204,1722894302698097452,0.32932658074428367,1.861519276164479,-10.810029954649504,0.0011379049067051666,0.03326494940655594,0.8479886444963508,-0.5289682477414349
robot1,205,1722894303197840586,0.28369307937105603,2.057783168740578,-11.44385012052953,-0.003254257763942943,0.03441597331924806,0.8515568171074984,-0.5231213413966603
robot1,206,1722894303698442392,0.28329337993642073,2.188203680329033,-12.046539635397492,-0.004301059919632395,0.030039537029586363,0.8551490762313592,-0.5174931734035424
robot1,207,1722894304196664367,0.2702443008311673,2.4065638212487186,-12.689327551051973,-0.0015183718282523288,0.028582748588054034,0.8589560342848562,-0.5112487185272703
robot1,208,1722894304697935157,0.24483012128627551,2.63029639981688,-13.353699099272488,0.0031186121260886207,0.024629904192025386,0.8630480823213232,-0.5045112978709052
robot1,209,1722894305197213883,0.21063657058409566,2.8392766444012625,-13.978746870532628,0.005926428102524394,0.023858412741075856,0.8652560747756994,-0.5007270500533909
robot1,210,1722894305699129509,0.20264726458124477,3.032696701586258,-14.598216671496624,0.0037243081877256124,0.02892429081958139,0.8570976807490404,-0.5143277948776667
robot1,211,1722894306198414621,0.2508501769044259,3.214805242605519,-15.182095852680497,0.002521446821352599,0.029506394163277397,0.856285997780228,-0.5156523102003207
robot1,212,1722894306697289951,0.19045233633376982,3.3298429334536315,-15.791326240636401,0.00024474528996160555,0.03341026156306644,0.8497746132378222,-0.5260863058648652
robot1,213,1722894307199232861,0.1759065221995938,3.489810544997467,-16.406642683781676,0.0042041442073028805,0.032381930245587796,0.8505666754899412,-0.5248524233639807
robot1,214,1722894307698459811,0.1543469871395206,3.698799899779274,-17.087844257242967,-0.0013944772940795555,0.031028768602062128,0.8518191745570565,-0.5229142996792601
robot1,215,1722894308198047444,0.13307504402482817,3.883611197583393,-17.670649074949317,0.0007890615878893944,0.03867087133327371,0.8545391442741538,-0.5179447769746625
robot1,216,1722894308697593466,0.14378430694351282,3.9917136635631483,-18.291761233471323,0.006744776620054257,0.03723615740428004,0.8560077804807977,-0.5155760432045381
robot1,217,1722894309199858444,0.1299262293615453,4.171767430380005,-18.95347983017563,-0.008740522297633916,0.031204726223259375,0.8571025541951948,-0.5141255487946199
robot1,218,1722894309697590281,0.1761547354982347,4.330471230670828,-19.502738877199576,-0.000754572758877195,0.03578937611586511,0.8550934363067572,-0.5172366637838915
robot1,219,1722894310197344492,0.22612358815978725,4.391121550463158,-20.05913042277096,-5.745113156629733e-05,0.03410069419986574,0.8367432212303619,-0.5465326349629016
robot1,220,1722894310697443557,0.2613844922744846,4.549848784692602,-20.768877579830566,0.004953463507805521,0.03140217768269822,0.8287722634769501,-0.5586822905080793
robot1,221,1722894311200008659,0.30165801616397164,4.7270917119458495,-21.493699000217,0.0002775684450932938,0.031342330534180764,0.826302960686322,-0.562353090534286
robot1,222,1722894311697170887,0.37796701071795813,4.8001872012391855,-22.17695599049328,-0.003088863538499209,0.03328552146464109,0.8263866668814014,-0.5621099623592479
robot1,223,1722894312198273850,0.4501968487167087,4.851622215472179,-22.791104390285888,0.0018864548380335812,0.03472004701590153,0.8306706411651503,-0.5556772854181062
robot1,224,1722894312696955904,0.4986777286977817,4.939328769221918,-23.43990782275793,0.004271363558157126,0.031633013170027785,0.8376333654636323,-0.5452994159113027
robot1,225,1722894313200195474,0.45406632125390606,5.14161905646326,-24.10207595117387,0.004618498673180119,0.03331446363404346,0.8406417886285488,-0.5405462044952087
robot1,226,1722894313697397256,0.4706278759987505,5.263811106793602,-24.771924344822736,-0.00016674394804166924,0.027435138068895193,0.8461183212018194,-0.5322885231922733
robot1,227,1722894314196914224,0.45582533115535057,5.447072878479977,-25.442678278312055,0.005921200486722687,0.025503112379268607,0.8524460698596107,-0.5221591985445339
robot1,228,1722894314699241440,0.48155699763461723,5.713908179663143,-26.157674161717264,-0.0034985208324027094,0.028280016982131388,0.8572715878936875,-0.5140753111964347
robot1,229,1722894315197746760,0.3935243287125265,5.886365971528018,-26.807770067825885,-0.0024901329724133863,0.03267220899977914,0.8653366309378697,-0.5001188270340874
robot1,230,1722894315699018470,0.3590972567910067,6.119884173385825,-27.569070165045517,0.0019283059775836526,0.02953113415339456,0.8721120848880229,-0.4884103859910606
robot1,231,1722894316199651228,0.37226351397128765,6.308253732509938,-28.28019848372783,0.0013225879275684505,0.02266067955599497,0.8716392082764636,-0.48962213487383754
robot1,232,1722894316697899723,0.39957743370922805,6.466662789694993,-29.08250987343486,-0.0004156801044317146,0.019769850379104795,0.8662902236554205,-0.49914950528381763
robot1,233,1722894317200800758,0.34978103172052183,6.735947757959397,-29.83355790190394,-0.004180948532299501,0.02363673535160803,0.8662018851986752,-0.4991173393998142
robot1,234,1722894317697954084,0.3163541047835742,6.938860064372454,-30.630628461018162,0.004714037656381239,0.03733791533824923,0.8667617846367865,-0.4973003786650687
robot1,235,1722894318199186139,0.3454909380527295,7.121883174404537,-31.41529665887352,0.002439130990292974,0.017667578219199526,0.8695577100577975,-0.4935091652633415
robot1,236,1722894318698470635,0.40040385490303515,7.305723798461295,-32.13491226918991,0.010162648439228346,0.017821811642251207,0.8732708233301442,-0.4868030122408663
robot1,237,1722894319199705713,0.4198680594565536,7.425227503292298,-32.73324604891236,0.006220425015536338,0.019481057856291454,0.8722452940737676,-0.4886409128016119
robot1,238,1722894319699345578,0.4108803370038286,7.558532134629824,-33.34410798363385,0.004913876609115134,0.021968704930371494,0.8626273615474165,-0.5053387625445879
robot1,239,1722894320199151720,0.4196487311275986,7.7142412569374255,-34.06554654892531,0.0028072856197477207,0.023765349242688076,0.8480118130048093,-0.5294367689602967
robot1,240,1722894320698718619,0.44640877749793234,7.8441440099850706,-34.78245052136478,0.004802718028073239,0.019922728542147817,0.8265301528945971,-0.5625192664638367
robot1,241,1722894321199994022,0.6028284616770637,7.909604635089675,-35.463910678401575,0.013447223169445877,0.017929645230266477,0.8048156357527283,-0.593101586963717
robot1,242,1722894321699533517,0.7589591215366954,7.945018960163034,-36.192121907137306,0.009339874969728405,0.014732131129085202,0.7820407405924469,-0.6229831547494382
robot1,243,1722894322199234826,0.9313521073202139,7.932457678951355,-36.8624991616234,0.009432118084752663,0.028521536291369973,0.7598140623323523,-0.649446031474536
robot1,244,1722894322699911445,1.104805063922194,7.937532613985268,-37.56473210826515,6.50128605011347e-05,0.03169498620982993,0.745905980237106,-0.6652966949181462
robot1,245,1722894323197900313,1.285171151161434,8.007710792124296,-38.21852526348083,-0.006383177781087794,0.02899213164204052,0.7449407276698476,-0.6664698219746965
robot1,246,1722894323699519523,1.497353787999845,8.106923564337214,-38.954979849047945,-0.015409509651387881,0.018032802915660916,0.7823960980208478,-0.6223292623949646
robot1,247,1722894324200996918,1.5619729692118884,8.244429677724856,-39.56977474968877,-0.007332379647251717,0.02571632678434136,0.8199659779432067,-0.5717872871628662
robot1,248,1722894324697447046,1.5664437282833017,8.343837134540097,-40.090186585672186,0.0059907456275867825,0.027545748335730286,0.8435562412678272,-0.5363004853004942
robot1,249,1722894325200155328,1.5671304906721035,8.54448471590878,-40.70070048607886,-0.002156602513702155,0.02733528582036558,0.843469464139364,-0.5364768348019987
robot1,250,1722894325699861421,1.5773637974637447,8.69305740948768,-41.286306574009366,-0.00978755351384244,0.023701740218310466,0.8470545351565488,-0.5308870367390415
robot1,251,1722894326199359956,1.4902074262502552,8.877807431854327,-41.8064931947738,-0.01662102568635721,0.027753402165227634,0.851218842098485,-0.5238129179677637
robot1,252,1722894326698316500,1.4235443137588903,8.997103516012452,-42.168567631393685,-0.002932185745689626,0.035549064282300986,0.8597309268464456,-0.5095001469471397
robot1,253,1722894327200448411,1.3498323974202429,9.086131012067229,-42.575847927480936,-0.0022199112728656,0.025654889792521337,0.8686103098592223,-0.49482626065108964
robot1,254,1722894327698030669,1.2066376605074045,9.288208111189338,-42.976906474679716,-0.013159279759117518,0.01936806511615113,0.8778832727178981,-0.4783018616856832
robot1,255,1722894328198574383,1.212358105928,9.408353368751735,-43.200006038881845,-0.021445130621967734,0.013378337866739002,0.8862644376112868,-0.46248943022957806
robot1,256,1722894328699979028,1.296576278284484,9.360384618863494,-43.279530395753696,-0.02047015005881676,0.01391384275355627,0.8887124606325569,-0.45779639606797334
robot1,257,1722894329200336546,1.1688295751813067,9.576579475775393,-43.486670179292574,-0.03462190185184509,0.013800800787864794,0.8837212790190345,-0.4665271297778261
robot1,258,1722894329699195322,1.0023914133201635,9.81345408037309,-43.70672734454275,-0.025314075243142307,0.022592941943656165,0.880977628475948,-0.4719397998620268
robot1,259,1722894330199319490,1.0364702269438013,9.8622265895829,-44.00612899102272,-0.0040744324622080585,0.028296086008559075,0.8741892201693323,-0.4847431669002068
robot1,260,1722894330699494556,0.9197938553992079,10.044771062210243,-44.328016921877875,0.007300110617135042,0.01613768731858866,0.897837251640438,-0.439971082003954
robot1,261,1722894331200311959,0.7542626303623844,10.166276967152998,-44.575645676814034,0.007437888169116193,0.01986011951109601,0.9178398689404071,-0.3963839407141075
robot1,262,1722894331701184487,0.7217218540612159,10.260485113598456,-44.87703921459615,0.009448110677191287,0.02132990091354035,0.9194467393127584,-0.39252192562809335
robot1,263,1722894332199507101,0.6177162029783789,10.445497393608143,-45.20808272901923,0.007542919343308167,0.021544520255957416,0.9269556604072802,-0.3744758225221277
robot1,264,1722894332698707182,0.44598811119829135,10.678845532238542,-45.501891045831144,0.00678738411542532,0.01931607242460114,0.9361487715071459,-0.3510075474524995
robot1,265,1722894333202767798,0.3801692188720911,10.822115517221453,-45.767715280875585,0.005266441842128774,0.017805165880010392,0.9423194489334346,-0.33419948656468174
robot1,266,1722894333699467027,0.2902642604898494,10.999255524016984,-46.068199011497214,0.0068522189034796455,0.01097226888833311,0.9474051010325556,-0.31977528195442817
robot1,267,1722894334199392864,0.12200484005770701,11.17811712343253,-46.32632421702149,0.007868454493013882,0.00819151806184233,0.9522132984278406,-0.3052225757589139
robot1,268,1722894334697688376,0.039499141276252744,11.326946984045286,-46.6159988511354,0.005717446213585739,0.0069718735145180176,0.9551956443794775,-0.2958377676142234
robot1,269,1722894335201791154,-0.13835879880897117,11.566569195129057,-46.91316184960308,0.005264572499954436,0.008075568074575065,0.9590946253745923,-0.2829214892054616
robot1,270,1722894335699867680,-0.3552490603174843,11.806136237457485,-47.18643656466157,0.011468469812774898,0.007721088139665042,0.9592908224755036,-0.28208150756893796
robot1,271,1722894336201311348,-0.49305754667108487,12.005808266811172,-47.502475411631174,0.01122014653123405,0.007011427556173625,0.9591663171174346,-0.28253304993012573
robot1,272,1722894336698433921,-0.6243098140690174,12.206787623465164,-47.85030986648054,0.007844969403281218,0.00725479808898326,0.9593658661829592,-0.28196269108300487
robot1,273,1722894337197623286,-0.7902287379834422,12.39167223684501,-48.1904612798244,0.002498263664405047,0.005163745422205926,0.9599398087426076,-0.2801475646924017
robot1,274,1722894337699966179,-0.9300261256280833,12.59263313934219,-48.506440391764066,-0.0074119378772188205,0.0030161927832947685,0.9607369324318344,-0.2773454748494503
robot1,275,1722894338199099563,-1.06908895587506,12.808777925558513,-48.81151005811992,-0.013219805121216965,0.002846692832148848,0.9609476493769591,-0.2763996169486736
robot1,276,1722894338698098284,-1.2367597473780914,13.041035108268392,-49.09265325125311,-0.009762992493647276,0.003869640685917861,0.9617031197175256,-0.2738919848847525
robot1,277,1722894339200918698,-1.4472618470895293,13.310910174623272,-49.36132695339624,-0.002275629803228315,0.0035396270656345005,0.9626668754792881,-0.2706562014884927
robot1,278,1722894339699625756,-1.61062816670119,13.54502370953575,-49.60987212695184,-0.0016018083226786617,0.0026227019663268543,0.9637690221054667,-0.2667205047880005
robot1,279,1722894340206481374,-1.7716856542970074,13.79069406352953,-49.88972380664204,-0.002864766909127995,0.002597912138517747,0.9646034171552416,-0.2636764903731615
robot1,280,1722894340699485089,-1.870868565048551,13.938557852991083,-50.1206984771416,-0.001702109329911719,0.003192144015606902,0.9648238107224298,-0.2628724544402886
robot1,281,1722894341197735263,-1.876392717472736,13.975096587091844,-50.271823982708206,-0.0016699353346002694,0.0028716497611272988,0.9634210576995388,-0.2679716972456789
robot1,282,1722894341699288508,-1.9195534819732305,14.043202462606294,-50.3928360557184,-0.0037036681751577366,0.003236173734908105,0.9561306623525783,-0.29289924296731396
robot1,283,1722894342199549961,-1.9285623440514192,14.062738198787134,-50.39681320637469,-0.004056725688286096,0.0035846853137953653,0.9497272471817163,-0.3130317060115958
robot1,284,1722894342699241551,-1.9412108948799411,14.08084850302992,-50.42946636081542,-0.003608092369121841,0.004637962065072027,0.9444589312872809,-0.32857692872297994
robot1,285,1722894343201003635,-2.027784765413304,14.206873333136768,-50.55728899236114,-0.007514282291363773,0.004284466086529682,0.9189245931576973,-0.3943383965605678
robot1,286,1722894343705817959,-2.103548863281823,14.3229864587563,-50.73389783781782,-0.010012646468762269,0.007638312858734439,0.892766823934562,-0.4503429817030112
robot1,287,1722894344199149727,-2.12145652708153,14.397848803775213,-50.95034813606475,-0.011345402447100174,0.008409241945374282,0.8685729197758694,-0.4953601210485547
robot1,288,1722894344699346576,-2.112994890039384,14.470714334427477,-51.20745845395742,-0.012465470652992167,0.007492738506448059,0.8401127875912241,-0.5422167233097629
robot1,289,1722894345203068400,-2.2021602254260375,14.671314373195527,-51.611984324284215,-0.016565001921571763,0.006471076917196148,0.8374899462486288,-0.5461632684530686
robot1,290,1722894345701858526,-2.3467287883482366,14.958770903843215,-52.17443196711265,-0.010879626117733347,0.010911646444379738,0.8384556382298193,-0.5447519733126606
robot1,291,1722894346200174475,-2.4331153641582857,15.184412122548444,-52.74804071089966,-0.013718690489496413,0.012680404024511252,0.8344745572812522,-0.5507297142294817
robot1,292,1722894346700672733,-2.447764494671157,15.316107416187949,-53.305351892543996,-0.012524834526843703,0.014822864076758206,0.8289909661178799,-0.5589252090535738
robot1,293,1722894347202741420,-2.52351865307175,15.565318676625607,-53.97216321343127,-0.009613403082368443,0.01838741306488054,0.8286895723640356,-0.5593237686502059
robot1,294,1722894347702004061,-2.5984637142512153,15.789101404707077,-54.563855537951206,-0.008068591663124514,0.022318802514876827,0.8373464513583099,-0.5461572019854003
robot1,295,1722894348201596833,-2.718435330155409,15.99070315410534,-55.0374018696102,-0.003144353598741556,0.030658924732101335,0.8746462844908051,-0.48378096324798386
robot1,296,1722894348701867351,-2.985624336341747,16.33732597096116,-55.430597091412366,-0.010708126464981371,0.035054101856602043,0.9202907012674568,-0.3895145326316974
robot1,297,1722894349202305524,-3.2418968806161264,16.657395552858155,-55.7706967041255,-0.006802759410803558,0.04436871600277085,0.9327881410422957,-0.3576191038458691
robot1,298,1722894349701564257,-3.5035901843384116,16.995709731525213,-56.04334327232023,-0.012339147873432115,0.04849014670544149,0.9580376097259791,-0.28224172167270867
robot1,299,1722894350201773922,-3.8501985191217134,17.404994027028287,-56.230396715556196,-0.0215024521218017,0.046240570157630966,0.9806250698376964,-0.1891399657133837
robot1,300,1722894350701879085,-4.219067544660407,17.795867469571995,-56.28885101526555,-0.022343974166347064,0.04066945656404536,0.9932391618304213,-0.10640822114686864
robot1,301,1722894351205755350,-4.523081490445334,18.122058857343244,-56.27446000309935,-0.021476146039398757,0.03273255466270285,0.9991973394142829,-0.008487162303488806
robot1,302,1722894351701304055,-4.732675944084854,18.323219000190644,-56.264870157875364,-0.02504195199622851,0.032082720208271125,0.9982191151594078,0.04361419304108992
robot1,303,1722894352201522788,-5.029460776485697,18.591704599944773,-56.202325859119924,-0.027044269414182632,0.034070578825728004,0.9968846793630195,0.06579315467146234
robot1,304,1722894352701535242,-5.519146294223851,19.04341673145627,-56.03086010007154,-0.023676157395119236,0.03385343375106524,0.9964040488282995,0.07397537477320111
robot1,305,1722894353205045898,-6.167790032125041,19.62883397972521,-55.778621876654974,-0.027562239135391818,0.039161094174409807,0.9945776892707847,0.09231441751802943
robot1,306,1722894353700073024,-6.707656446676183,20.126150427788442,-55.502167370246596,-0.032953555295612426,0.031578444807173846,0.9837294021573872,0.17376227538798206
robot1,307,1722894354201423719,-7.198324622426855,20.51471678300752,-55.14565828057329,-0.025377152091516895,0.017947263175603315,0.9692575821147988,0.24407710955598388
robot1,308,1722894354699522973,-7.654356115185393,20.875068721555596,-54.73611693364255,-0.03449727685997191,0.019116018676814832,0.9617130141084461,0.2712058152282907
robot1,309,1722894355200380530,-8.204194667152231,21.332276713604976,-54.300915586314126,-0.028792964525210015,0.0176755584370747,0.9644548302216248,0.2620790344342036
robot1,310,1722894355701728377,-8.766252694723777,21.819597129283945,-53.861293956555365,-0.030304211157383316,0.018735490331026474,0.9668512601441472,0.2528423954677285
robot1,311,1722894356201711914,-9.318307647316262,22.286792569831864,-53.53168901398011,-0.02840223586070756,0.020934703616352,0.9767530427386609,0.2114439516358313
robot1,312,1722894356698822589,-9.884753926551838,22.745045187423596,-53.23062202063488,-0.03231009988918302,0.022543641564707572,0.9821770544278925,0.1837826853256354
robot1,313,1722894357200765444,-10.381168029708657,23.19561426021445,-53.09091736422542,-0.03669873691540855,0.024584665884439603,0.9901018330279812,0.13321845647955763
robot1,314,1722894357700837978,-10.809395287469618,23.602397165272745,-52.98329879774654,-0.03649464269205251,0.02651471493439205,0.9954195228094976,0.08429166362363094
robot1,315,1722894358202150495,-11.277460516885718,24.010539876965343,-52.944599251325016,-0.025372330263362275,0.021555963291140994,0.998844965868454,0.03464562689351649
robot1,316,1722894358700527814,-11.654331205457552,24.323819836296412,-52.93903482321522,-0.023531895409754387,0.015677769838674843,0.9994947666779623,-0.014514434700520188
robot1,317,1722894359201781255,-12.054718169447415,24.69441857892177,-52.90523820514945,-0.027145720655783398,0.014821673634046656,0.9991009519771746,-0.028995096121019547
robot1,318,1722894359702141156,-12.56110388862051,25.18178195299771,-52.88127011437778,-0.04447961302159806,0.016765032684467277,0.9985381300650367,-0.025731313817162843
robot1,319,1722894360202413246,-12.95505262372147,25.605725215479634,-52.85636120273156,-0.04841283887004275,0.014541329639647582,0.9984413852501602,-0.02365474549842897
robot1,320,1722894360698927035,-13.395544251508788,26.03846991992335,-52.87781342163364,-0.05272556155918183,0.01783029546689735,0.9980449295182233,-0.02843262887593932
robot1,321,1722894361200664408,-13.818960406396847,26.441902199204616,-52.999065690738355,-0.05247236298403401,0.017593366349989915,0.9959802162708016,-0.07043105409202756
robot1,322,1722894361700354057,-14.26261002544094,26.986822648201137,-53.136665555604445,-0.053889329832511344,0.021894988898224707,0.9911112286894275,-0.11964565164301896
robot1,323,1722894362199549997,-14.706543258992479,27.49308259863337,-53.304688525251485,-0.03903872599583267,0.031543720568403634,0.9888288016091534,-0.14035160374406142
robot1,324,1722894362700174284,-15.115784810835665,27.910705313796647,-53.461496824462756,0.009180807617087507,0.058832430952498044,0.9894385754939876,-0.13215809912429125
robot1,325,1722894363202633023,-15.56570738255766,28.327791033536307,-53.62174384723663,-0.0062511782419286495,0.03908316884747917,0.9916636338765448,-0.12262408380980064
robot1,326,1722894363702510661,-16.048188325209473,28.790480457120434,-53.70119945310502,-0.009899921051009994,0.041494762294947134,0.9926241788105682,-0.1134787024331653
robot1,327,1722894364201037314,-16.10490355810964,28.92660792137795,-53.85221754130206,-0.008203050685284237,0.042007768441651175,0.9935212186114478,-0.10527889398559888
robot1,328,1722894364701817273,-16.009867499691055,28.905178052305036,-53.96605516711834,-0.007580594346480176,0.0424917127564285,0.9933913401015846,-0.10635146612791589
robot1,329,1722894365202600769,-15.997950955374769,28.89778471660135,-53.915665108769204,-0.00829842154736258,0.04268461770719364,0.9906857253371021,-0.12903857262195984
robot1,330,1722894365702375489,-16.020278324685403,28.891610129932406,-53.85325204876878,-0.00872221572610632,0.04293560374644637,0.9891802149555129,-0.14001056825940228
robot1,331,1722894366202742328,-16.05133792704936,28.89641656148212,-53.80264381522241,-0.008932621415741367,0.043318387732557105,0.9888480211728123,-0.14220870782588532
robot1,332,1722894366702452254,-16.074022191634857,28.869156735968822,-53.79398595988424,-0.008731933703363177,0.0435835946556192,0.9892509970930088,-0.13930789052018025
robot1,333,1722894367201130325,-16.05386361372464,28.899664272241964,-53.77505035847387,-0.008449753036991779,0.043782761200269193,0.9896051461341295,-0.13672353945148658
robot1,334,1722894367702312562,-16.047857468476185,28.916350777532102,-53.76554447446467,-0.008237303189036085,0.04387940187565173,0.9899127382513916,-0.13446008915227867
robot1,335,1722894368200556697,-16.04418903867652,28.895612954054485,-53.77198153533959,-0.007801652490114344,0.043879056708979285,0.9902173877003477,-0.1322243838959099
robot1,336,1722894368704363232,-16.05231306959606,28.889296125806855,-53.78136274221156,-0.007626434500075404,0.043762425496708154,0.9904107795878891,-0.13081733557740277
robot1,337,1722894369200731042,-16.04668171552729,28.90879813372652,-53.76017318782369,-0.0075579663926884045,0.04400528096774023,0.9908368667054609,-0.12747045135348828
robot1,338,1722894369701709112,-16.040907643723727,28.911982285784422,-53.753773404541924,-0.007210541844544809,0.04410723406515466,0.9911887963367807,-0.12468893297271212
robot1,339,1722894370207689904,-16.03402882120534,28.911091611319364,-53.74606754700396,-0.006923621085334574,0.04429016821224013,0.9915864392018577,-0.12143631278072778
robot1,340,1722894370705413624,-16.039987393677617,28.902460175872754,-53.73998051984923,-0.006636024025610969,0.04440332471907627,0.9919611773590399,-0.11831031464539009
robot1,341,1722894371203496752,-16.04986778915826,28.907596748386037,-53.73637097096187,-0.006617025437311224,0.04453982426654177,0.9923121696497437,-0.11527782524703399
robot1,342,1722894371698283729,-16.051233114803747,28.919168555122482,-53.728116104113624,-0.0063822175505184875,0.0447038638248348,0.9926880239783936,-0.11194337366785302
robot1,343,1722894372200880793,-16.052825507635713,28.911725461010793,-53.72088264686186,-0.006059539721243717,0.04492669436197022,0.9930448412993389,-0.10865917945964676
robot1,344,1722894372701596508,-16.05869907961759,28.910158655988123,-53.71678439781138,-0.0059128157220052074,0.04508619416033013,0.9933862479551028,-0.10543261392973974
robot1,345,1722894373201723868,-16.068920051233775,28.9158339625739,-53.72706127786959,-0.005704202738695434,0.045139775552580065,0.9937050482086214,-0.10237255442197438
robot1,346,1722894373699138871,-16.078758478675038,28.92326454489426,-53.721530423480836,-0.00562944675180245,0.04535843262522548,0.9940154925375824,-0.09921755144287127
robot1,347,1722894374198441989,-16.08026754701109,28.922878080850577,-53.70561301492093,-0.005305045009949606,0.04562613305036844,0.9943432186148642,-0.09576886798404255
robot1,348,1722894374709043625,-16.06513490868667,28.92132111169218,-53.70318277616604,-0.005012622436583072,0.04579208764716878,0.9945836905683743,-0.09317317629347444
robot1,349,1722894375202490730,-16.05875782399403,28.933171750431775,-53.70836823243484,-0.004765254902226859,0.045906992006506414,0.9948372825378012,-0.09038042765684677
robot1,350,1722894375701559747,-16.059759049262773,28.942970427831103,-53.713316545563686,-0.004601160986733501,0.04600266355641467,0.9950738436935697,-0.08769623629435158
robot1,351,1722894376203255188,-16.056878483760478,28.940066735215595,-53.707013941835285,-0.004379493732481253,0.04626305303536809,0.9953251314448923,-0.0846665971484716
robot1,352,1722894376708406929,-16.047977726979486,28.936126074133995,-53.701205649994826,-0.004146655487563513,0.04650627581697632,0.9955231754538111,-0.08218015996737262
robot1,353,1722894377211888273,-16.043666474919696,28.924350630490213,-53.698047169023724,-0.0038781347013539615,0.04672297666824966,0.995696164904408,-0.07994417250275489
robot1,354,1722894377700239943,-16.04046142598265,28.92885447465969,-53.699497385974,-0.0036826623358467746,0.04689899433869554,0.995860173309395,-0.077778130244439
robot1,355,1722894378213616066,-16.046154241675065,28.932971624330857,-53.6871054303496,-0.0036184822030180036,0.04714846010436467,0.9960323903541908,-0.07538837219127788
robot1,356,1722894378701996799,-16.042531600292012,28.938388912428653,-53.68129428722275,-0.003453659032310647,0.047344756733786034,0.996157348921554,-0.07360083177986822
robot1,357,1722894379202748441,-16.040173520219184,28.93828520379857,-53.668036170656634,-0.003230904060791405,0.04758425007649091,0.9962858357921177,-0.07169263423538892
robot1,358,1722894379707510056,-16.043042534916026,28.928400678814373,-53.66191011439205,-0.002996549187976857,0.04778758066097128,0.9963845888085319,-0.07017919216112511
robot1,359,1722894380200949762,-16.04565664890159,28.930145180796952,-53.65955694784515,-0.0028959820236350094,0.04791080876324843,0.9964755775850157,-0.06879382943534612
robot1,360,1722894380702115833,-16.05638062958854,28.940346862215616,-53.65893372300342,-0.002791812590915024,0.048046875864728784,0.9965606426924781,-0.06745805317715266
robot1,361,1722894381201480889,-16.05687123273403,28.944980073527965,-53.66573551691442,-0.002596246930928373,0.0481237794755228,0.9966326629503223,-0.06633774560093421
robot1,362,1722894381702718299,-16.064190385231335,28.951401042549755,-53.66757298798738,-0.0025437709646445503,0.048243536911958394,0.9967058544704352,-0.06514238282303811
robot1,363,1722894382199417517,-16.070928237461477,28.94984716510481,-53.66473774168225,-0.002361550066466599,0.048417996977669416,0.9967774343830784,-0.0639129639012427
robot1,364,1722894382673107412,-16.069121482427054,28.94112304305529,-53.655185939486806,-0.0022447561998225787,0.048659633608688614,0.9968089556721276,-0.06323849317080646
robot1,365,1722894383223625872,-16.06722308174865,28.937172569349055,-53.67045044483149,-0.0020388375834730784,0.04873307046366799,0.9968404100969207,-0.06269073123113406
robot1,366,1722894383700388061,-16.066668918717006,28.930962963159544,-53.65989697813172,-0.0018496146971509417,0.04896397306820006,0.9968625103179753,-0.06216304198953913
robot1,367,1722894384209965511,-16.06441156921712,28.936574452618757,-53.65170037801325,-0.0017457779028247646,0.04914056033833031,0.9969075430653728,-0.061298516854086264
robot1,368,1722894384701469206,-16.06317043764224,28.928642675041417,-53.65343729133783,-0.001595644688561489,0.04931709941665935,0.9969523113121754,-0.060426538809256296
robot1,369,1722894385201546928,-16.077019373668996,28.935869775498826,-53.65128654867049,-0.000541355899448575,0.05037659316565538,0.9969781478002211,-0.05913102911037999
robot1,370,1722894385701441421,-16.279107730018506,29.073138436510316,-53.55047473414902,-0.0011376901819774117,0.05108559275041943,0.998497484561875,-0.01979245305656209
robot1,371,1722894386201997777,-16.459925091335936,29.214370771146218,-53.49188366102609,-0.004374921666984193,0.04896764465572909,0.9987205350990059,0.01184578443300762
robot1,372,1722894386700110889,-16.53578701183715,29.314534863213666,-53.62992215737732,-0.00620538028692652,0.04695993428139762,0.9986242477806371,-0.02249154446315734
robot1,373,1722894387201800844,-16.6499734057147,29.393284321829945,-53.437744759460124,-0.007354586855306565,0.04719115387473066,0.9953520303596454,0.08362559839601133
robot1,374,1722894387700221794,-16.74027189215828,29.469116564803905,-53.28902061588593,-0.008822712392823425,0.044081264253436864,0.9853865556853384,0.1642934501507523
robot1,375,1722894388199311326,-16.83150339786186,29.551425259094998,-53.20911650191575,-0.01090555586191482,0.03896971723874239,0.9682169007128474,0.24681665900761932
robot1,376,1722894388698504170,-16.898391298633772,29.606206700605938,-53.02318501438258,-0.010702357892897101,0.03765880281223046,0.9419103587523842,0.33357480447605276
robot1,377,1722894389202201688,-16.993387429270264,29.66973247851818,-52.86402562725071,-0.00840356339942222,0.03531009339359177,0.915283084304592,0.40117259753452866
robot1,378,1722894389700196223,-17.087765515560655,29.730334756954345,-52.6481293328698,-0.006984075319737509,0.03026599341223993,0.8848589624681786,0.46482234119546917
robot3,234,1722894326626535261,3.907544351850131,12.02135189281452,-43.68786003134625,-0.0247122469418486,0.019096036021533307,0.9301016375201461,-0.36597211661777235
robot3,235,1722894327126398800,3.9985216407123185,12.115238895633016,-44.17793043912156,-0.010971800081459092,0.021655216049565603,0.92960321912263,-0.36776150725390305
robot3,236,1722894327623552259,4.061024815007632,12.20135662509627,-44.58286960445693,-0.0028870777843845704,0.028532687338457582,0.9285259053222296,-0.3701583359599602
robot3,237,1722894328125479662,3.845386167059723,12.289474714893192,-44.82271443046886,0.006156725038762807,0.023222531824979898,0.9290879454469108,-0.36907776738469766
robot3,238,1722894328623660640,3.584859523077764,12.369074548860933,-44.90403491538096,0.007207371657599147,0.024091071883415364,0.9274787830783389,-0.3730291958933257
robot3,239,1722894329125785005,3.1962642944306476,12.393980856746145,-44.91376304935752,0.0061991625011792685,0.02262358696990531,0.9390644333991597,-0.3429398396535669
robot3,240,1722894329675540125,2.954960501491085,12.444747893834995,-45.18379076294323,0.0023411361665731465,0.01975107717687207,0.9471039593822851,-0.32031001257251
robot3,241,1722894330174984772,2.6848133335237043,12.514842189370743,-45.426925790898395,0.005096279266784544,0.014237219680439495,0.953017401302234,-0.30253786924704607
robot3,242,1722894330626899203,2.3013332290683133,12.573607111037827,-45.683714471167164,0.00677324669421943,0.007148730747619452,0.9543615283020879,-0.29849136013429317
robot3,243,1722894331132956104,1.8180348786886962,12.630136085693648,-45.94123805747526,0.004301289908686505,0.0035255164149061336,0.9560142149664926,-0.2932676088850086
robot3,244,1722894331677008888,1.4158598578195567,12.750953455024717,-46.37745093883474,0.0031129058557406277,0.007789856380388123,0.9563193775632779,-0.29220348398280765
robot3,245,1722894332175223665,1.13460474837777,12.889709297200934,-46.980776602008625,0.010085649235284785,0.009652088381376774,0.95428563274642,-0.2985700051966803
robot3,246,1722894332625264496,0.8780203293418445,13.000078269001161,-47.43348675399061,0.008124325822533321,0.007666656596926664,0.9528009187747672,-0.30339022213728906
robot3,247,1722894333175722874,0.4700229346001494,13.105847703232824,-47.91956534598725,0.0032885806258463107,0.006476488843859749,0.9479858110452791,-0.31822970066690354
robot3,248,1722894333626004009,0.1310019073941036,13.205993901671862,-48.25279814127894,-0.007910269535097911,0.0047478539227486785,0.9402416438093286,-0.34038292666604486
robot3,249,1722894334129322002,-0.23886442408518396,13.356218903437457,-48.70859113786505,-0.01614070320727692,0.0039761292972680645,0.9366621313481174,-0.34983956293448
robot3,250,1722894334676444668,-0.6930325970817287,13.528547527272046,-49.249163967566844,-0.0057733148088680575,0.0025597238645305165,0.9243577768614666,-0.38147452995656517
robot3,251,1722894335127042536,-0.992026236662317,13.655248428918208,-49.775215920709535,-0.0033357789230644827,0.0014873021148048456,0.9108405630185193,-0.4127422067968123
robot3,252,1722894335625544879,-1.2448726243941521,13.80046576245523,-50.39765713939363,-0.0030546220077170565,0.0039719169218547234,0.8981650091295322,-0.4396299688780364
robot3,253,1722894336126908767,-1.549212765594356,13.90952738492875,-50.99722495788918,-0.005722419748043843,0.004088819126138146,0.8752148942006779,-0.48368318602126037
robot3,254,1722894336676780769,-1.8677062836418192,14.06605627093636,-51.599183758702445,-0.014241141248010363,0.004339105393717504,0.860475958109403,-0.5092734899600032
robot3,255,1722894337126403980,-2.0214858322019147,14.235734561451661,-52.16565853708069,-0.013839411149290723,0.009129186254453912,0.842569361189776,-0.538332611163048
robot3,256,1722894337624410083,-2.2161601553879873,14.343078523607852,-52.784274037014335,-0.010326105176138268,0.012903723421308542,0.8369732012112203,-0.546994264986389
robot3,257,1722894338126653090,-2.3169125528138284,14.436329615060712,-53.35852717021702,-0.013800097389714631,0.012824508497874488,0.8416680016329295,-0.5396666233157775
robot3,258,1722894338626255721,-2.515037620358082,14.547138585954773,-53.91829425811396,-0.010815813441733222,0.019770121027686133,0.8454422513134623,-0.5335911920076725
robot3,259,1722894339172923011,-2.7188511540012623,14.659943393320122,-54.44707812781786,-0.008182626779130849,0.02607233820142598,0.8497088767862097,-0.5265435428437252
robot3,260,1722894339623930615,-2.776967607275865,14.766268584549954,-54.89170900405137,-0.008489921125074306,0.03262832388212598,0.864770255049793,-0.501034649202078
robot3,261,1722894340125796338,-2.840412308357847,14.857121258565535,-55.30489335094192,-0.002937841771861462,0.03803096631815263,0.8890128242335178,-0.4562907110987197
robot3,262,1722894340675394633,-3.143368081284571,14.989322743207056,-55.731586351342976,-0.007444642484189175,0.0401695649412298,0.891987269218363,-0.4502107227766599
robot3,263,1722894341174537499,-3.518029000823593,15.060063677396004,-56.07757959071539,-0.006085903942593571,0.047914248855319766,0.8917717972064967,-0.4499002647664558
robot3,264,1722894341675676757,-3.747879306139962,15.189446152696274,-56.58300272822097,-0.008097479050401674,0.04717170913309746,0.884534633871741,-0.46401265302993167
robot3,265,1722894342125351214,-3.999656630020163,15.311771128169852,-57.14057643466733,-0.007820748323912446,0.04559985013835236,0.8553549683990499,-0.5159722546785573
robot3,266,1722894342630272360,-4.288217225207282,15.461184374641089,-57.78834941928419,-0.00806712009760657,0.046844971812910315,0.8184664088460379,-0.5725846730221205
robot3,267,1722894343126851094,-4.494673779878973,15.616394644573635,-58.522535815396736,-0.02255336427611862,0.03861811975851486,0.7586438005634477,-0.649968899604276
robot3,268,1722894343627742470,-4.3440673014102655,15.698449682943382,-59.18410193652823,0.016508617843604828,-0.04270827396367524,-0.6934643617631432,0.7190345247874915
robot3,269,1722894344175885428,-3.962790876961116,15.782632100990726,-59.76872739722647,0.01069536272251494,-0.038744063668906654,-0.6377848646788307,0.7691651143501371
robot3,270,1722894344625611915,-3.7061651400660054,15.828617055126678,-60.20585195673099,0.010219933818867434,-0.03966714723028341,-0.544450292423435,0.8377923068776563
robot3,271,1722894345126236006,-3.429096871432422,15.93853153873814,-60.48832753503195,0.007105699732924387,-0.04279085588691258,-0.4388759145861314,0.8975000742506697
robot3,272,1722894345627635116,-3.1084159401969735,15.951133137652803,-60.6245308701637,0.006760318174381506,-0.045472995622814816,-0.3464062029620202,0.9369574415717633
robot3,273,1722894346125637630,-2.6791031651168122,15.92150619199395,-60.62829238950731,0.0075295567990561005,-0.03905667269506714,-0.23961668727934704,0.9700524342888234
robot3,274,1722894346624364101,-2.214367505151253,15.849676942520137,-60.717886289155246,0.003354027196029868,-0.04451397723736818,-0.1929403283273155,0.980194514388357
robot3,275,1722894347128368404,-1.5764571245469905,15.806016160348607,-60.92062784796028,0.0007903854835945872,-0.04786742273533617,-0.08045039721175534,0.9956082656948638
robot3,276,1722894347623975248,-0.9296377511443333,15.746408493517455,-60.76853615066583,-0.003017861962908848,-0.04757834549338006,0.03110459387976657,0.9983785343189526
robot3,277,1722894348128663387,-0.12259705465635097,15.646324358500411,-60.75727071758781,-0.00254732902666127,-0.03478345959258791,0.05236720070080155,0.9980186863703319
robot3,278,1722894348628456964,0.555780369426584,15.627323398072072,-60.942580699888275,-0.0003604091678235084,-0.03397299674195581,0.056408101995143956,0.997829560409446
robot3,279,1722894349126320016,1.1715995770252832,15.506436525653731,-60.8352512119605,-0.001127807356680001,-0.035524161819541544,0.03874921556250106,0.9986166733391127
robot3,280,1722894349674071846,1.8004304536357312,15.390772330075924,-60.81538944147289,-0.001934390546438089,-0.04408921633216256,0.03460976825961582,0.9984260428681964
robot3,281,1722894350124684898,2.4092762606172182,15.3360636810249,-60.96955287942916,0.004219205335531742,-0.04657992007160477,0.06827049155825288,0.9965699420185489
robot3,282,1722894350628770416,3.047290031757144,15.303253457499443,-61.13725281206562,0.0033220852283650433,-0.03932444461095877,0.08233453881129345,0.9958230643666106
robot3,283,1722894351126022674,3.7624440937983783,15.257863054127276,-61.323313799432114,0.005633387986184803,-0.03764376120484123,0.08095769704090972,0.9959904936654678
robot3,284,1722894351627991292,4.419184751018123,15.233441246534198,-61.48531833724848,0.005863845301162027,-0.04082563793651653,0.06727067492656988,0.9968819082019115
robot3,285,1722894352174538415,5.110965058825398,15.151757801633286,-61.578101672549394,0.004966061542149598,-0.03649530370907834,0.07717183163706538,0.9963372618956506
robot3,286,1722894352626809690,5.695489544201795,15.085890912200632,-61.737039916701995,0.004667936173870122,-0.036313972926807186,0.08510258715065007,0.9956992796032413
robot3,287,1722894353124851305,6.285969732409181,15.02890226321964,-61.900156797262156,0.007039305177425635,-0.03818187420233064,0.07593676573251865,0.9963564624546283
robot3,288,1722894353676552348,6.944217143012178,14.997150138980476,-62.118536793603994,0.009649169203200745,-0.039880866290148385,0.07112682612316691,0.9966229902241269
robot3,289,1722894354127765171,7.509151345989357,14.943016644874668,-62.21235353676837,0.01012227095726383,-0.03526003187679759,0.0886917925192797,0.9953833611842384
robot3,290,1722894354636948331,8.171093590992328,14.880689179599852,-62.37464725063023,0.008604445890741367,-0.03415872507701616,0.11255036984797816,0.9930214294057855
robot3,291,1722894355128595122,8.792256802787069,14.850469584306701,-62.5767598598676,0.009437567934893533,-0.03254491333956988,0.13782829350682574,0.9898763167366873
robot3,292,1722894355627102956,9.427643008393224,14.789195685318537,-62.740749884321836,0.010934045988018302,-0.04276627425058688,0.13807225480969235,0.9894379944578755
robot3,293,1722894356175609057,10.200617546425393,14.688195451529463,-62.92263135747673,0.011940435135155953,-0.03439163947111665,0.15031432587437601,0.9879677345845884
robot3,294,1722894356674447342,10.864821501437113,14.634671645148392,-63.04739460904594,0.012154852193333721,-0.03723824874384262,0.171773310619554,0.9843574057005149
robot3,295,1722894357125084097,11.482705569388926,14.626551485089811,-63.1267015340052,0.012421690991728535,-0.03449167717555357,0.204843988441051,0.9781078499828564
robot3,296,1722894357673892444,12.065664047757812,14.560416654168355,-63.299412442041536,0.014430823454427755,-0.03909268609960758,0.23794789795240337,0.970383589663375
robot3,297,1722894358125887636,12.423590242755195,14.512373040291637,-63.434751535006335,0.016896621760297725,-0.037866053133644106,0.2578520681036514,0.9652942438281913
robot3,298,1722894358631792729,13.034887942345582,14.383145776801957,-63.618373285365095,0.013528152465477615,-0.03786276048651368,0.2663783324548938,0.9630295864913818
robot3,299,1722894359129697072,13.773766444768958,14.397658573560953,-63.72240653202873,0.012227937749006225,-0.036162530180562626,0.31079428084927857,0.949710305272469
robot3,300,1722894359628669347,14.521235970685982,14.310168091297667,-63.75218418414941,0.01134524025743125,-0.04006998751574133,0.3374201892676763,0.9404325055518631
robot3,301,1722894360133155621,15.301350654698876,14.19041552536897,-63.885968790135166,0.00990149980748222,-0.03381690349237329,0.3438824306305212,0.9383513474404962
robot3,302,1722894360623470618,16.016770378129124,14.037048347758837,-64.11637089185889,0.011067510473305432,-0.03681111536945458,0.3023733727175505,0.9524141932313867
robot3,303,1722894361125779711,16.79347978565328,13.959282602825322,-64.23993516674444,0.012107951335769427,-0.034806376730144396,0.29866574390333767,0.9536459967262674
robot3,304,1722894361624758758,17.576530851337957,13.94605823153027,-64.41207136107752,0.014075214132917143,-0.03277645322634739,0.2965101927942448,0.9543632945739968
robot3,305,1722894362178267166,18.442349662295392,13.909448729224787,-64.59340545826532,0.010539893553774644,-0.01851963440425927,0.31834284986957734,0.9477361255762721
robot3,306,1722894362628184191,19.037915658830343,13.869793937953771,-64.69339404322271,0.01179159734622088,-0.02055516981608089,0.3347882036016721,0.9419953831919888
robot3,307,1722894363127794642,19.690327521542994,13.853191900086372,-64.7886679041463,0.00992456476156788,-0.020752186655165646,0.34066118285487923,0.9399046804113901
robot3,308,1722894363676434658,20.54089849129087,13.785410385806854,-64.88855221227746,0.01403543498915587,-0.02388027135727752,0.32828137386116574,0.9441737545496558
robot3,309,1722894364176002065,21.36498779099491,13.744564797309561,-65.02243464282597,0.015508225698995869,-0.03652190608855893,0.3110528845888107,0.9495639779921664
robot3,310,1722894364675673164,22.23584927709934,13.64998257120285,-65.15867021157547,0.014894950835396983,-0.03160480704655815,0.3136784176263407,0.9488862560531668
robot3,311,1722894365176277214,23.159116397677074,13.53496800270064,-65.25925019030703,0.013849493641571307,-0.026501693685884273,0.32335880389044847,0.9458038568879862
robot3,312,1722894365675166846,24.005563123589514,13.422183453508127,-65.38845418193795,0.016269967965723425,-0.03248931037763475,0.34219523883477415,0.9389260627825772
robot3,313,1722894366126780891,24.7598775980371,13.343214384817095,-65.46592360133398,0.016058832961328498,-0.03668471991564626,0.3445827238279249,0.9379014296011915
robot3,314,1722894366675487232,25.707735431373116,13.261806590993066,-65.54736915078236,0.006401412239634519,-0.029108508531522755,0.3436545158386988,0.9386230821773339
robot3,315,1722894367127815511,26.490713805948296,13.09671404686929,-65.60038386498108,0.010460653947770977,-0.031335072947506946,0.3568055728583577,0.9335943825342881
robot3,316,1722894367624002377,27.35373574633282,12.889584448899088,-65.64013224861692,0.01169967687840758,-0.03333564161422039,0.3762433908307378,0.9258470518478189
robot3,317,1722894368128886048,28.275715287609046,12.885834992567043,-65.70703632759019,0.00844381647699347,-0.031641401675341824,0.3891238289069084,0.9206031552412526
robot3,318,1722894368676431629,29.264997746207552,12.759533187897238,-65.92394634650218,0.007771276488042118,-0.0305966165897353,0.3890966126239105,0.9206558968255216
robot3,319,1722894369173794136,30.020666878437268,12.631368746282988,-66.17583392522504,0.010452466553518058,-0.03204629921285728,0.38736622450952524,0.9213094967267752
robot3,320,1722894369625854772,30.73825308954872,12.65218988030136,-66.29283007170552,0.011664989156834059,-0.031806684604085894,0.38702984508354843,0.9214446059623289
robot3,321,1722894370173361961,31.578025739315322,12.537323463644485,-66.42020854781329,0.014077600233311373,-0.03601724256614676,0.3769591762769753,0.9254222597442677
robot3,322,1722894370624710257,32.41831948275966,12.428810550923139,-66.50487584032108,0.0129924779800586,-0.03946082839474998,0.3828657224777463,0.9228693716284723
robot3,323,1722894371174456395,33.3695235948784,12.370946603686056,-66.62969874736218,0.007578256120447178,-0.038310309678582295,0.3932942554856898,0.9185828861939793
robot3,324,1722894371624798606,34.15393607573901,12.303656485796651,-66.74332513500585,0.008870795446060202,-0.03663327908689445,0.3985479207039689,0.9163726680527081
robot3,325,1722894372123896611,34.923456532986535,12.273323153887143,-66.8898656127109,0.010768456275091924,-0.038077515320183046,0.40240375172393245,0.9146066716217395
robot3,326,1722894372625093728,35.710433332649465,12.222329134577413,-67.00547746051423,0.00601752580726534,-0.028577198989026106,0.42812078159894684,0.9032495388563491
robot3,327,1722894373125845968,36.463609244655224,12.096303976296136,-66.98271107717402,0.008119217122031274,-0.0306834776687946,0.4493916492702273,0.8927708261797419
robot3,328,1722894373672582339,37.24128825474666,11.974187358262556,-67.06895585280573,0.010535900903018557,-0.034064046104448825,0.448501621315403,0.8930705074251476
robot3,329,1722894374177382017,37.98174363275082,11.815507038794637,-67.14677327991689,0.010408625775796375,-0.02954300935699494,0.4220802748284495,0.9060171702061349
robot3,330,1722894374677075959,38.724121754228314,11.73614572865002,-67.24159579882644,0.01719625385151699,-0.04571134786577913,0.4142918663649223,0.9088327739433901
robot3,331,1722894375173074412,39.462274633834575,11.694298043381558,-67.37445076985767,0.017280268205617847,-0.038589776394794766,0.4060975731111458,0.9128510188424939
robot3,332,1722894375626125027,40.216700452968595,11.497119695737846,-67.45558200305584,0.018780539004333144,-0.041972758830002,0.40029077729032414,0.9152337802371663
robot3,333,1722894376124815701,41.03400123432765,11.35165150122463,-67.49026316034535,0.019318690991212865,-0.04171664802290941,0.4219326519117742,0.9054608476940438
robot3,334,1722894376676002439,41.88502174600415,11.230901671575474,-67.53421307265081,0.01898700161211795,-0.04829394975861547,0.44551507417126174,0.8937692693713903
robot3,335,1722894377124079104,42.79708680006281,11.02206727856324,-67.51643940621557,0.019014544247069692,-0.045546030568783064,0.44423511871943183,0.8945496998506209
robot3,336,1722894377627771987,43.834110592207345,10.859616652863439,-67.52604934287689,0.014662309173771617,-0.030576790869336373,0.4489478218565056,0.8929142902877774
robot3,337,1722894378124530468,44.29408785812903,10.820322826387386,-67.6612338555651,0.016973700772292395,-0.03476177456020869,0.4576913487615049,0.8882691831761318
robot3,338,1722894378676375404,44.79896436966286,10.794047945598564,-67.78904002397417,0.016692301714614992,-0.03648487495032002,0.4907667065284389,0.8703667392120156
robot3,339,1722894379128128832,45.406554963222554,10.659022810726759,-67.56688080072328,0.016544066411284992,-0.03677649653171076,0.5131419712518486,0.8573558773981776
robot3,340,1722894379624813060,46.23394368363472,10.49627057383987,-67.40274342761656,0.01785800918492071,-0.03584497577713699,0.5195899331147354,0.8534767311563406
robot3,341,1722894380126213573,47.17427325472815,10.360652710222748,-67.32442087253827,0.0198433552705988,-0.03303157395414039,0.5143498926878343,0.8567142722435119
robot3,342,1722894380623543705,48.00584955376796,10.23125876236156,-67.27557196948847,0.020654665574739512,-0.042310281806758436,0.5177445583380409,0.8542387237504371
robot3,343,1722894381124389291,48.816753788481186,10.07285027264381,-67.19030022734803,0.019698931817685873,-0.040284996306980854,0.5294544226051544,0.8471523390404061
robot3,344,1722894381625389733,49.71501821926569,9.877653612618808,-67.05783491280386,0.019347163921945104,-0.03895397561613732,0.5310107613037802,0.8462480997978398
robot3,345,1722894382175491383,50.64989216382189,9.729542680348288,-66.98852626455633,0.017205473519966732,-0.04544706333258779,0.5226396190722883,0.8511676478176146
robot3,346,1722894382624443813,51.47273040789973,9.603677315152838,-66.91066925221149,0.007011097700467083,-0.025197353258172402,0.5139251462262553,0.857436226184863
robot3,347,1722894383123831368,52.28514864194358,9.483690672412294,-66.82403899012259,0.0069774609927909315,-0.021196112919514457,0.5058003710026231,0.8623618872195166
robot3,348,1722894383624322513,52.91048435411345,9.383629521130674,-66.82217819125397,0.011019239988122567,-0.02406673665978234,0.4987738821360928,0.8663278727107445
robot3,349,1722894384125535179,53.461431612275156,9.25229035920431,-66.79120776154785,0.009089055588054902,-0.02146014933150196,0.48741525540689606,0.8728592210980056
robot3,350,1722894384623944312,54.03134317009605,9.179910495144153,-66.75860057204196,0.007890035124509405,-0.024124260937641553,0.4607237643789915,0.8871805793165212
robot3,351,1722894385125816034,54.69288692322955,9.134657673864178,-66.75326525331167,0.008164806340205277,-0.025468264399074885,0.44844267594977905,0.8934113665232424
robot3,352,1722894385624025955,55.23097126288127,9.109138372065575,-66.75477739254981,0.0065171273617496105,-0.020728332105276623,0.4471073287441761,0.894216360777598
robot3,353,1722894386175837684,55.655136427485516,9.142878757332236,-66.73871034166149,0.008121687034195796,-0.020578651372995114,0.4655887026296383,0.884724656201599
robot3,354,1722894386675829761,56.186101775419836,9.064896690440191,-66.69913844060586,0.004038912320883069,-0.013523350734120813,0.4678554093759541,0.8836923232040916
robot3,355,1722894387176394867,56.95134682806013,8.931543398530533,-66.54471328806066,0.004386322859035242,-0.009014555950530365,0.46916950789103384,0.8830512277428054
robot3,356,1722894387625801003,57.5701660415222,8.744445917625661,-66.55309716069954,0.00544412789687037,-0.005130910762858159,0.4678782574765386,0.8837612638076552
robot3,357,1722894388177838446,58.30661198771516,8.651255230635643,-66.52347283325064,0.004211806525646665,-0.007549953398540337,0.472113634826468,0.8814953061136576
robot3,358,1722894388674009813,58.9071704100586,8.58651605754678,-66.46079104296444,0.006456765913465158,-0.014275255290118694,0.47692809147299037,0.8788026643247456
robot3,359,1722894389125266964,59.68915060438631,8.526196964709015,-66.36053680686427,0.004551915545994985,-0.011057770302278565,0.4840944799427818,0.8749340205236802
robot3,360,1722894389625612589,60.510264096778464,8.447710161308134,-66.3055860552107,0.003681513289251033,-0.008045410494106352,0.48624153442454676,0.8737796564525547
robot3,361,1722894390126659875,61.10865340329038,8.379856317996376,-66.36918055954386,0.006189471581772319,-0.012295964324913077,0.48960599052926385,0.8718351184373782
robot3,362,1722894390631812753,61.83054140603245,8.354638991115314,-66.39281607878742,0.006903335986525463,-0.009518580421315483,0.4912869360953526,0.8709184158123314
robot3,363,1722894391126490496,62.39037813105543,8.30967485371979,-66.4075530526701,0.006210511347358551,-0.012043515268554196,0.4932681881073214,0.8697717389580444
robot3,364,1722894391624668717,62.92097627689202,8.272105803943157,-66.40740857739733,0.004231264416567499,-0.01338818986839626,0.4880192632435939,0.8727199158244668
robot3,365,1722894392123437930,63.51708778202763,8.226150819344518,-66.38513946513997,0.00264805353989127,-0.011340348384027761,0.4836032865383517,0.8752098294467926
robot3,366,1722894392626903814,64.18848947739959,8.171231552326088,-66.3594419982989,0.009133845815949075,-0.018678155501901775,0.48231608951488303,0.8757504719740256
robot3,367,1722894393125528947,64.82048588407943,8.050139516921288,-66.34771546089799,0.011515520449720483,-0.030657475436200347,0.48227868211109476,0.8754054973381402
robot3,368,1722894393677571658,65.52394834325182,7.937250910482237,-66.30431378181108,0.01038026892062973,-0.02468632648182639,0.5151690820018257,0.856670095340887
robot3,369,1722894394126381662,66.10006710620061,7.847458353040746,-66.27569622681858,0.013921197852763276,-0.03187659911988521,0.5301720774443666,0.8471762809340326
robot3,370,1722894394626884864,66.83522246145225,7.698075381197987,-66.06221291692842,0.011215381735033562,-0.029078019995289604,0.5592768972217875,0.8283948552469778
robot3,371,1722894395125666533,67.54854206140891,7.5758785831729165,-65.85240261519773,0.00880290799237598,-0.028508291097938128,0.5801114804807724,0.8139904522560196
robot3,372,1722894395624270186,68.17775534069156,7.503890163617739,-65.76775852086135,0.008336574851322321,-0.02979547337502442,0.5786303717522451,0.8150028369103787
robot3,373,1722894396127766024,68.85683198934805,7.332099643462413,-65.55058703562734,0.0010324929636606347,-0.02914637671873654,0.5799403768786865,0.8141367096183887
robot3,374,1722894396627389944,69.53196461459616,7.127901903445998,-65.31056695378574,-0.0003260139966222185,-0.028535707205580383,0.5806007031307506,0.8136881654867726
robot3,375,1722894397134811992,70.07629721879178,7.003819428591108,-65.21421279730824,-0.0015774197516070928,-0.033300068294836206,0.5876976021194875,0.8083935586467096
robot3,376,1722894397674692734,70.60307996457804,6.891961389532741,-65.1351384432112,-0.00034836177639787876,-0.03398051861775431,0.6256304109289577,0.7793791066736424
robot3,377,1722894398125794628,71.01039190804745,6.791070217916733,-64.86088777905415,-0.002258259129020266,-0.03152185591915309,0.6418457900012494,0.7661822594675436
robot3,378,1722894398626926918,71.27878990771681,6.730662582495847,-64.61765165312882,0.0015935484431190742,-0.030604885100971164,0.6629633394647131,0.7480243392678553
robot3,379,1722894399176238283,71.65309737048042,6.591642339451467,-64.38390825061913,5.03251440308579e-06,-0.028734661837395276,0.6809845441379178,0.731733810773451
robot3,380,1722894399629236945,72.12698339361717,6.379591770576797,-64.00127223507873,-0.0016997863866700575,-0.030874958162066903,0.6830203081264612,0.7297445487097278
robot3,381,1722894400175806994,72.86094417742767,6.124363474841796,-63.61578453425308,-0.0021336039525312682,-0.03120453215063988,0.642506771464044,0.7656414131499708
robot3,382,1722894400675272417,73.65316600018541,5.972885934692682,-63.45036548087202,-0.00018704289271422833,-0.032325421246979555,0.5738876492299864,0.8182957889525289
robot3,383,1722894401127735877,74.26504509025818,5.864085386213443,-63.344992038451046,-0.00041150348300007176,-0.034231641971534846,0.5554436646548413,0.8308491805060748
robot3,384,1722894401628754080,74.9784790725142,5.756735788408125,-63.25872029995958,0.005133937111431966,-0.03975493856611143,0.5368459839067619,0.8427274631294042
robot3,385,1722894402175081463,75.78299542523574,5.616949504898361,-63.10436319930637,0.010821832495911522,-0.04233617570639277,0.5316787747653253,0.8458180753755682
robot3,386,1722894402624026754,76.32585302729863,5.494292197782102,-62.99972575569195,0.012127375868191754,-0.039361239012530476,0.5303467172553984,0.8467797701376507
robot3,387,1722894403173860255,76.4681335379815,5.494876385300328,-63.15953814032176,0.012592035310823316,-0.03979584890872614,0.5285121754286748,0.8478989394261645
robot3,388,1722894403625437050,76.5043628998233,5.516152733025088,-63.275278265683006,0.013074839469365796,-0.0409321583385913,0.5246531953556716,0.8502309283892691
robot3,389,1722894404126409769,76.4930695034034,5.497517704689892,-63.26766920695099,0.012774101064997441,-0.04152041306363589,0.5160067978716137,0.8554822395533935
robot3,390,1722894404624901463,76.44557526797291,5.480330332478484,-63.21498352173673,0.01259843980299731,-0.042006180795687534,0.5085765523884355,0.8598992094717748
robot3,391,1722894405124060391,76.4128977766446,5.47791544042129,-63.1809901657854,0.012550465808091991,-0.042356163121830395,0.5036561156372885,0.8627739903559652
robot3,392,1722894405676966895,76.38957363155083,5.474695065102979,-63.13822542798543,0.012520148354779865,-0.042559545506051934,0.4996703948030173,0.8650788562488909
robot3,393,1722894406178015731,76.35346988621762,5.486457451646749,-63.134576435909935,0.012735966420577456,-0.04282337501776519,0.49713615405256617,0.8665215508256242
robot3,394,1722894406625973713,76.35316332043166,5.487793305208217,-63.11517901167266,0.012801322596370544,-0.04291570248320373,0.4952852438286407,0.867575296943015
robot3,395,1722894407124480015,76.33918806480352,5.4871917169767,-63.112265844302485,0.013020789572521691,-0.04309371910166331,0.49366487619339106,0.8684862580523994
robot3,396,1722894407676174952,76.32614208803346,5.49414120898888,-63.10230191016554,0.013173721439362051,-0.04324884007166899,0.4920730283761699,0.8693791610342396
robot3,397,1722894408126308591,76.33480801039842,5.495029039384443,-63.094026341309494,0.013270609187959649,-0.04334315314321978,0.4908806510593029,0.8700468081792949
robot3,398,1722894408675795543,76.34257044288601,5.487339708416942,-63.06904046615326,0.013341357020278827,-0.04341836299263601,0.48966372121373014,0.8707274510861706
robot3,399,1722894409129865594,76.34535130527779,5.494213192984862,-63.07503301355219,0.013554845147989242,-0.04348770938402263,0.4888855335825023,0.8711578619052329
robot3,400,1722894409624630648,76.33794420692062,5.504183333060061,-63.07227084057563,0.013751177304834801,-0.043636322557383894,0.48812031391400007,0.8715763509990947
robot3,401,1722894410175238189,76.33156151931908,5.507802288733026,-63.05643445550042,0.013873564873336098,-0.043746059938759,0.4872813244409603,0.8720382544869253
robot3,402,1722894410624293483,76.34168608472005,5.503358332239863,-63.06184170283263,0.014134500512710929,-0.043795175242946544,0.486637632938503,0.8723909746946644
robot3,403,1722894411174221724,76.33737610991443,5.503658061990081,-63.05478127567819,0.01426569410137457,-0.0439384720660854,0.4860678586648334,0.8726992250582599
robot3,404,1722894411623820341,76.34299501966066,5.507536864140346,-63.059499151472586,0.014360770427623723,-0.043967491990288356,0.4856214085936443,0.8729447149942164
robot3,405,1722894412173958572,76.34023582972208,5.5076043164806325,-63.06464598488862,0.014497757705836728,-0.04407648257424659,0.4851152255371766,0.8732183556576207
robot3,406,1722894412676631269,76.34056919101359,5.509357821354984,-63.077101419860185,0.014788483949625479,-0.044191741072213284,0.48463486472635653,0.8734743491683911
robot3,407,1722894413126119260,76.33495271666781,5.508395785022462,-63.07271273486252,0.01487938207042013,-0.04436667522834223,0.4842417415580264,0.8736819431871274
robot3,408,1722894413675768705,76.33928832182296,5.514494083995564,-63.076633220208926,0.015082162848172969,-0.04451889325139547,0.4837785066337944,0.8739273156428214
robot3,409,1722894414176148607,76.33812573613,5.510798966419225,-63.06588519064454,0.015114790504931176,-0.04467887952782196,0.4834129883742925,0.8741208288921885
robot3,410,1722894414624380392,76.32789542456497,5.510887271406999,-63.077304118249685,0.015289603910461714,-0.04490151698276041,0.48307570047102544,0.8742928281756269
robot3,411,1722894415127238368,76.33682337038348,5.5061547226939895,-63.08148678495178,0.015401063951762385,-0.04498881608181274,0.4827648163488606,0.874458086904319
robot3,412,1722894415626974970,76.33746991283533,5.498659777980585,-63.07503314388133,0.015460687221237886,-0.04514846732327046,0.48246328102092184,0.8746152099726676
robot3,413,1722894416124429951,76.32656660993038,5.500673645195206,-63.09662740468306,0.01554124397183167,-0.045258765611151615,0.4822448617131658,0.8747285334447553
robot3,414,1722894416674542858,76.34816378989765,5.499333493567729,-63.11290173934986,0.015676268150530918,-0.045363456936827834,0.48195386283040637,0.8748810693428353
robot3,415,1722894417127398444,76.35078726531823,5.496749093329558,-63.10744574431707,0.01579362429431051,-0.04565116754919247,0.48158461058516827,0.8750673089429051
robot3,416,1722894417677262327,76.35785136485494,5.491487701584612,-63.11772041652101,0.01584663296844246,-0.045818251331902565,0.48128922347808567,0.8752201182744322
robot3,417,1722894418123712958,76.35675633104431,5.49212468286501,-63.118676356989106,0.015854766214425848,-0.04595595010810104,0.4810405010671027,0.8753494807053115
robot3,418,1722894418624425228,76.34469858390057,5.4957730548259764,-63.12981200913588,0.015922801070974376,-0.04607893421361209,0.48080864201601997,0.8754691576466315
robot3,419,1722894419179130375,76.3555388479866,5.489984931531048,-63.128779469272615,0.01591553472642421,-0.046159671276161725,0.48057928479856094,0.8755909613081625
robot3,420,1722894419673326775,76.34582578550692,5.488863347962152,-63.13060589706082,0.01584444196033723,-0.046343755331284965,0.48039214342358033,0.8756852165805118
robot3,421,1722894420123804121,76.33333676555176,5.48558373644123,-63.12588421601708,0.015916611536667177,-0.04654151228437406,0.48012757207867085,0.8758185106751941
robot3,422,1722894420625804238,76.32986764242766,5.483925889903892,-63.126773893193565,0.01600487457292065,-0.046736755956459604,0.47987295677024516,0.8759460400008403
robot3,423,1722894421172948836,76.32835616869033,5.479564461148561,-63.124740973950736,0.01609040286392053,-0.04688133051863467,0.4796171086251419,0.8760768624376164
robot3,424,1722894421623622710,76.33482731559288,5.4767315369653575,-63.127025256018676,0.01621878938391933,-0.047081694352773026,0.479351110896663,0.8762093228275577
robot3,425,1722894422173314137,76.35757803363498,5.477806815315856,-63.08948336522162,0.016265885016604253,-0.04722657429807438,0.47909234498195763,0.8763421687014633
robot3,426,1722894422625718244,76.36359502209453,5.487290080975177,-63.07272691520622,0.016332228497103977,-0.04736956332368309,0.4788653271072925,0.8764572900474201
robot3,427,1722894423125607594,76.36711177532362,5.490361362479942,-63.06154110011067,0.016422477017533892,-0.04744150295149494,0.4786398408439684,0.8765748734724106
robot3,428,1722894423623786796,76.36109823082855,5.494696336148888,-63.05432688054524,0.016551647690129158,-0.047674910645846315,0.4783840335099791,0.8766994139021514
robot3,429,1722894424123728914,76.3733652798072,5.496363612924879,-63.06017496153111,0.01654792350378916,-0.0478057033814155,0.4781847195554254,0.8768010920018405
robot3,430,1722894424624582650,76.36545075809515,5.494745999025441,-63.053668748021785,0.016664206720386997,-0.04802082719945293,0.4779489363165027,0.8769156850252959
robot3,431,1722894425175488012,76.37186848159556,5.498158815980028,-63.05765753539708,0.016926261730443447,-0.048191431092137305,0.47771080633117896,0.8770310559766622
robot3,432,1722894425625911341,76.38027748569196,5.49865888224213,-63.061716678585476,0.017068213286710803,-0.04832248659868219,0.47747846337967625,0.8771476103784942
robot3,433,1722894426125712871,76.37855230875016,5.498829462419329,-63.059508591526715,0.017182743496260398,-0.04854861299277901,0.4772418700784853,0.8772616388207164
robot3,434,1722894426675557617,76.38377331836467,5.496193723412842,-63.046980106814615,0.017127295582115613,-0.048691522291069045,0.4770694283656662,0.8773485920213684
robot3,435,1722894427174843611,76.38032104288467,5.4948661059392006,-63.047189610296904,0.01726409214416631,-0.048912295145363216,0.4768546448441729,0.8774503895928182
robot3,436,1722894427674542242,76.3934095579176,5.495102095002903,-63.047905094360154,0.017351265841197425,-0.04903930959799032,0.4766541860124133,0.8775504923619519
robot3,437,1722894428177923861,76.39554780686497,5.499649364628383,-63.054877518390626,0.017448071087804422,-0.04920659550885924,0.476463847945971,0.8776425681188561
robot3,438,1722894428623887474,76.3940365147862,5.499528993252548,-63.0580454206263,0.017540267230007293,-0.04942050408333979,0.4762658003196069,0.8777362019693461
robot3,439,1722894429176181277,76.3824865310754,5.4975868536705725,-63.05109980952146,0.017560325415956056,-0.04961660712724834,0.4760768218193895,0.8778272535042503
robot3,440,1722894429674005161,76.37261621468282,5.497489940097063,-63.04926674475407,0.01763172918565403,-0.049855479538733864,0.475854907650584,0.8779326056997432
robot3,441,1722894430177418285,76.37216223737309,5.49452436180484,-63.04726059031038,0.01765209135234276,-0.0499907730868297,0.47567213970469363,0.8780235428425757
robot3,442,1722894430623975741,76.37593314955694,5.494732519888008,-63.047936681493354,0.01775312247889541,-0.050159698286284964,0.47544953457056094,0.8781324338542081
robot3,443,1722894431176083171,76.37655916224317,5.497085265639516,-63.04822212035555,0.01785865789852298,-0.05030270277775469,0.47520391529469835,0.8782550570989645
robot3,444,1722894431625293053,76.36771484089,5.5015614823498575,-63.04567481662543,0.017912424243222057,-0.0504981101045127,0.4749957346637975,0.8783553597404656
robot3,445,1722894432176405055,76.35746379644078,5.492462792952968,-63.04720554191768,0.017991667733425386,-0.05072010542576438,0.47476887071016866,0.8784635964013311
robot3,446,1722894432625845244,76.34862588472646,5.491747703234741,-63.045733611886,0.018066905828787866,-0.05094112968275667,0.47453550126399063,0.8785753503602017
robot3,447,1722894433176605527,76.3511110808474,5.49726430073567,-63.046615989665995,0.01817375017736725,-0.0510907662613286,0.4743131592231162,0.8786845141432207
robot3,448,1722894433623799244,76.34914864796903,5.505194949773456,-63.048698837259145,0.018274587847105072,-0.05134681227174012,0.47407691745798847,0.8787949821443457
robot3,449,1722894434173936640,76.34143860835697,5.514051657860028,-63.05269618031413,0.018393617135641218,-0.051562068981009804,0.4738778514618984,0.8788872565835278
robot3,450,1722894434625806842,76.34863809625362,5.519958772317673,-63.05974848145434,0.01848631565331979,-0.05161761094710431,0.47371343600149374,0.878970681493608
robot3,451,1722894435125263331,76.3482734232106,5.529139141949794,-63.06101027702512,0.018588826648424477,-0.05177637524642493,0.4735156912513485,0.8790657271381552
robot3,452,1722894435624752653,76.35552805847007,5.5329295818038515,-63.05812036089577,0.018602236813543643,-0.05186960832984095,0.4733267395464462,0.8791617019340482
robot3,453,1722894436126658807,76.36887348398555,5.532674639290995,-63.051816281615054,0.019011077102297737,-0.052393466350158756,0.47286708606611383,0.8793692185575794
robot3,454,1722894436623647143,76.63379476134187,5.472773828877403,-62.970974652706545,0.015513539417651713,-0.043023477007990106,0.46772335968945544,0.8826908684934314
robot3,455,1722894437176188238,77.11598648500346,5.372773240494628,-62.81971311480292,0.010988625363515454,-0.022048576974086496,0.4623805071017031,0.8863393125764027
robot3,456,1722894437625641685,77.27142633460981,5.344342027352486,-62.809364076704135,0.013958066041328859,-0.02294315848661404,0.4597736345603234,0.8876299841906166
robot3,457,1722894438123582653,77.43953227425122,5.310382125884424,-62.81797701939601,0.014634433874148147,-0.02322042250417635,0.45674267725982376,0.8891753325938812
robot3,458,1722894438675139147,77.73521729934369,5.248381422182917,-62.78737977318605,0.01321745693358512,-0.02148849440297253,0.4556946525225725,0.8897785831895675
robot3,459,1722894439124337286,78.0560124211734,5.181221524502998,-62.70443271530832,0.01512105440069404,-0.02247868764182193,0.469801396383491,0.8823563397357298
robot3,460,1722894439624524233,78.38178843944922,5.096565122420339,-62.56775858479351,0.01586732842629555,-0.022592144909696493,0.5114502106148402,0.8588693177306003
robot3,461,1722894440124411083,78.70544031904019,5.034590078633261,-62.34886227932783,0.013320084052053675,-0.013440650838113076,0.5747573207965204,0.8181050949949523
robot3,462,1722894440676993844,78.94174292644493,4.995179428233851,-62.16336156614738,0.010273180872022428,-0.013964088182614874,0.6293523179191296,0.7769267185042728
robot3,463,1722894441175733046,79.09297320211377,4.911170669214918,-62.029446838685885,0.013349668504259575,-0.018544315485511734,0.6701416922346638,0.7418813968842064
robot3,464,1722894441624914574,79.27638193504032,4.803682855214635,-61.72036614084313,-0.0017508641824478513,-0.02824186705125255,0.7108591929333072,0.7027649245959
robot3,465,1722894442124656667,79.50437582835339,4.649907161890248,-61.30684699261014,0.0045134089965758305,-0.02680282359466615,0.7455464225992083,0.6658992187531875
robot3,466,1722894442626813075,79.7821151941561,4.473346557250991,-60.92044341150291,0.029174913475383948,-0.04210500563308049,0.7474117385445723,0.6623833376603929
robot3,467,1722894443125750123,80.0692860861534,4.2673973970909005,-60.48076236653479,0.028284206400531565,-0.04599305991475617,0.763190776620704,0.6439134107852208
robot3,468,1722894443626014900,80.35673445696108,4.078094047335869,-59.94743282877718,0.013312528245337945,-0.035293051808271574,0.7919215802324134,0.6094566332791637
robot3,469,1722894444125859748,80.60235189641048,3.8791900553737606,-59.3343072555603,0.0084638199422649,-0.031590489113432665,0.8136428906537355,0.5804443567114703
robot3,470,1722894444623846846,80.8622071281053,3.6867763196537626,-58.76619523206247,0.007553225909736715,-0.02637981734465526,0.8287074601490347,0.5590089440327006
robot3,471,1722894445174268390,81.11739688874236,3.4941454459099996,-58.163792447859876,0.007889047005419276,-0.02763598802908315,0.8267441302101403,0.5618435353958267
robot3,472,1722894445676795595,81.37190985119295,3.3385280422073556,-57.617977681847265,0.004556361583696382,-0.023959467549487766,0.8263668617479382,0.5626037622418888
robot3,473,1722894446124196197,81.5736393717004,3.154152067021759,-57.18108821878599,0.0028910613481122377,-0.02508963260470424,0.8249256846423352,0.5646766923801768
robot3,474,1722894446625153913,81.77158348199094,2.95626296296002,-56.6548458214348,0.0009764580521215017,-0.027856370361474547,0.8236415357841018,0.5664253610946132
robot3,475,1722894447177039702,82.00058191519933,2.7932740447947078,-56.12572259065877,0.0009488858646509685,-0.028686886455266528,0.8220362157606768,0.5687113697992899
robot3,476,1722894447625956541,82.15142857647358,2.6360161446967663,-55.77444542625138,0.003529596481379075,-0.027755188230636,0.8209412346352766,0.5703268192453064
robot3,477,1722894448176050394,82.32777555478627,2.432841198071526,-55.274542859496684,0.0017170213344398545,-0.027282415468169775,0.8168858376757884,0.576151238694047
robot3,478,1722894448624204687,82.37100980796828,2.421743174121615,-55.33931535580323,0.002472878540689104,-0.027962021488265324,0.8163635556513116,0.5768557490658828
robot3,479,1722894449175251933,82.2944400390784,2.52227304487867,-55.615808125045774,0.002981478642304713,-0.028204171229441567,0.8177785525559604,0.5748337798788831
robot3,480,1722894449625675135,82.09121654373664,2.676658821305919,-56.05336196744377,-0.0007831583551197987,-0.029767613191472007,0.8174492250670072,0.5752304236610084
robot3,481,1722894450124109696,81.87366725473031,2.9072534227809146,-56.68851179370768,0.00044248254927686456,-0.02939339633199444,0.8116406201477818,0.583416948834526
robot3,482,1722894450625074290,81.63174111359109,3.188164755085161,-57.464041411793545,0.008026110385896732,-0.02980191967652318,0.7470776793391861,0.6640198552519672
robot3,483,1722894451173115936,81.14093823360272,3.4799265246017366,-58.213054505808394,0.013040414508677252,-0.041160513406549734,0.6567566710631113,0.7528654824997965
robot3,484,1722894451623632878,80.5833930985609,3.7168850398468156,-58.6132142770375,0.005729924148031793,-0.050883762344903195,0.6410334866027759,0.7658028987623211
robot3,485,1722894452124520643,80.39692588374541,3.77023348681505,-58.67969949235483,0.006298355198414043,-0.04734465577107542,0.6455368483574095,0.7622342105314454
robot3,486,1722894452623374958,80.47045999473178,3.71673757738179,-58.596792009010635,0.008854900914958913,-0.05107842634868818,0.6007779207289835,0.7977333358059491
robot3,487,1722894453126482210,80.80576423873799,3.670116532399733,-58.60774457301646,0.015109854965398226,-0.05010212226678125,0.5011359695389227,0.8637848167579546
robot3,488,1722894453627291069,81.15336221072846,3.614940611406235,-58.69080272985305,0.024706909876325876,-0.039338915089610973,0.40137765778561235,0.9147338378973806
robot3,489,1722894454126579065,81.45127246336891,3.5642850015966765,-58.80918529725736,0.03166652286621662,-0.03322265625236996,0.2935134447778051,0.9548525248308067
robot3,490,1722894454625983607,81.75620286797931,3.5431715200201146,-58.994154937945005,0.0325400812695418,-0.02878660639849315,0.16999763557691971,0.9844863017336943
robot3,491,1722894455179303387,81.98274089257056,3.5768487600613126,-59.26252318891003,0.03712626469728476,-0.030722669563481735,0.03972340600732814,0.9980479993766319
robot3,492,1722894455625834422,82.17109701503658,3.614801633131148,-59.54174750423591,0.03133334090234196,-0.036655115303657074,-0.07450328423775265,0.9960541576178286
robot3,493,1722894456125274381,82.265561741191,3.653593386661691,-59.866048073428075,0.030358292064302805,-0.03931104212650259,-0.21394108420987093,0.9755830198178789
robot3,494,1722894456625605197,82.21387261242188,3.7312282052618353,-60.23961579220268,0.037538188109617426,-0.032094158536206945,-0.35263460790759393,0.9344568918506393
robot3,495,1722894457126526836,82.10397827213221,3.840618001307119,-60.6180250747422,0.043936475362342194,-0.02742684641287672,-0.4541536465486171,0.8894165613227429
robot3,496,1722894457624614452,82.10434077707805,4.002422925432043,-61.135233925332855,0.04758054935418253,-0.030491958600155588,-0.46409911971571993,0.8839786981952532
robot3,497,1722894458127786887,82.08240861295417,4.195824262527023,-61.67576468757927,0.06917981833391915,0.0005883158119772149,-0.46790484959908507,0.881066886417512
robot3,498,1722894458676478437,82.10780642650103,4.285099600340552,-62.09339326251462,0.04828552578430797,-0.030203276891666415,-0.4286277296391107,0.9016842792514238
robot3,499,1722894459126181468,82.35923346686342,4.336931489868828,-62.50468882438816,0.04146392788409515,-0.04294686478667362,-0.30001143977050576,0.9520658829599168
robot3,500,1722894459624925395,82.55929413300684,4.310562708193188,-62.671751191837025,0.0361334942574041,-0.05202656394965193,-0.2064301979065547,0.9764088183894098
robot3,501,1722894460125966636,82.88184544604923,4.330702183640738,-62.844900503404524,0.030219253791695995,-0.055899355446676346,-0.09322722427446413,0.993614987515284
robot3,502,1722894460625706166,83.24519442267037,4.288719073684493,-62.971036551700514,0.028278947242699342,-0.05975957404923323,0.04007609280101752,0.9970070216593778
robot3,503,1722894461126532266,83.60259170325814,4.210726935921018,-62.97969698443159,0.026463743388297194,-0.062480477005390396,0.16746976252758342,0.9835393936787749
robot3,504,1722894461628318478,83.96511076766136,4.133943556923753,-62.88857486596174,0.021697214110132135,-0.0659288073540933,0.29712932600601627,0.952311286758661
robot3,505,1722894462126790174,84.2177342268555,4.010054199201092,-62.71459628123653,0.018966270289465584,-0.0672535345098656,0.4128265131855317,0.9081252736810672
robot3,506,1722894462624758110,84.40307423423984,3.917394389894401,-62.47568973833902,0.01160457787339863,-0.06272820047216288,0.5316816927220562,0.844538385310054
robot3,507,1722894463127740279,84.60975696534744,3.865496036240317,-62.29202548200028,0.0075978142233561075,-0.05858761351073623,0.5651774244517047,0.8228512889047946
robot3,508,1722894463627446205,85.01989424751044,3.713466275925823,-62.02017863367878,0.008308235229771768,-0.05977500586011452,0.5717930208770363,0.8181752032285646
robot3,509,1722894464174498064,85.41158367731228,3.5492896654978288,-61.72464669258553,0.01715046315700847,-0.061542332749164805,0.5711637664318682,0.8183461094235457
robot3,510,1722894464623840340,85.57133640568374,3.4455698706402003,-61.55478180300703,0.021215514990942052,-0.06125565738451354,0.5833806208836647,0.8096077430085821
robot3,511,1722894465123525117,85.79191096782243,3.281122332032861,-61.240504427507666,0.023582366623030114,-0.05610513612421171,0.6293339469667631,0.7747482616180408
robot3,512,1722894465627786561,85.94457417667783,3.161330028392976,-60.90109635016147,0.006445408584899426,-0.050968166472154276,0.6620807835315566,0.747669538494702
robot3,513,1722894466126376878,86.15879510206089,3.0226280623111594,-60.55469717767909,0.006599463569298369,-0.051552671386406845,0.6529737713298825,0.7555951449743129
robot3,514,1722894466625051876,86.4963438372396,2.8300438251789615,-60.15948097489692,0.010468899457579419,-0.05338939265835694,0.6448844312053498,0.7623411606916364
robot3,515,1722894467126625059,86.75074125029826,2.6707636177665948,-59.853622272307895,0.01173629480345199,-0.05386190266386808,0.6402019535807489,0.7662262155898264
robot3,516,1722894467625478499,86.85810216718102,2.5423334271938054,-59.5662777529451,0.013896202082040624,-0.05376857870664563,0.6546131961061673,0.7539213480166422
robot3,517,1722894468126857533,86.95025359480233,2.4105272236244786,-59.2711571947199,0.010111452628247433,-0.0529885792288757,0.6741311903686337,0.7366390616640016
robot3,518,1722894468627789167,87.08045663465788,2.2797226874521392,-58.902103400290365,0.004703782903315923,-0.046877585950338266,0.7022165697287991,0.7104028825674809
robot3,519,1722894469126886307,87.15869337751829,2.1949923679750625,-58.652436708010974,0.003245351229758877,-0.04589099227728188,0.7100681484332166,0.7026284289038022
robot3,520,1722894469624000699,87.13030379435082,2.1819389346915465,-58.57504995914053,0.005061050151986372,-0.04648878024256734,0.7083418836501255,0.7043187878723025
robot3,521,1722894470177598573,87.31959571794127,2.018112918430164,-58.23298529968449,0.008542914816089223,-0.046182245284280214,0.7146939850894373,0.6978586722997194
robot3,522,1722894470677809951,87.51773638820796,1.8324499310246862,-57.779292225056665,0.004907258033336909,-0.044728644193268774,0.7361691375022069,0.6753001319387426
robot3,523,1722894471125043707,87.58634395944506,1.709160221063105,-57.41039703569632,0.0034116570463146303,-0.04618819508625247,0.7447802112169191,0.6657007197010936
robot3,524,1722894471624372089,87.64956600854038,1.5547237685733337,-56.90366197887476,0.0038154695773588623,-0.046642331293455984,0.7609356870971111,0.6471374005769279
robot3,525,1722894472125606605,87.69319606834333,1.4129093793981693,-56.33347087537987,-0.002274994972848575,-0.04181111613917091,0.7795255419673018,0.6249692667528977
robot3,526,1722894472627221028,87.71313651674261,1.2967712575673316,-55.79856122133756,-0.0011415393164201696,-0.042670961792084676,0.7817540999815391,0.6221241138790404
robot3,527,1722894473125859058,87.73429448295437,1.1566804930473862,-55.313615468351706,0.00048497525642369533,-0.04430379886609291,0.7763723435324438,0.628715295187714
robot3,528,1722894473623601192,87.77399816265441,1.0231746888962971,-54.83102139484623,0.0007870197472873019,-0.04437694759791457,0.7703380556068355,0.6360891031967844
robot3,529,1722894474123712930,87.82056874322507,0.8825372216702332,-54.382684541763176,0.0025725219130569785,-0.04618763347705423,0.7515298546004421,0.658075195011204
robot3,530,1722894474623786987,87.90843517648717,0.7279587932214413,-53.908307438485224,0.0026137168574189517,-0.04474237147965227,0.7385511059868942,0.6727061412861498
robot3,531,1722894475125922613,88.04128902166993,0.5342826909085553,-53.354060200005954,0.005497830472185836,-0.045990519584473324,0.7211017120874472,0.6912792249106011
robot3,532,1722894475628682670,88.203013928104,0.33928329068015767,-52.77853469353499,0.008363996483928765,-0.043416472899966946,0.7014172475005671,0.711378168313079
robot3,533,1722894476126931605,88.26978371020344,0.1442716968662639,-52.19128056345293,0.007950497880647238,-0.04243107091283428,0.6919132684032332,0.7206888529817812
robot3,534,1722894476624711790,88.29127858885012,-0.05057864361447196,-51.61988627095916,0.009913210026488681,-0.04149037686315565,0.6935058901356662,0.7191869417904229
robot3,535,1722894477177128357,88.24651778029452,-0.20401953221721067,-50.96222299393519,0.015229970064787195,-0.048089836440495255,0.6939883150377729,0.718216982696723
robot3,536,1722894477624061954,88.29568180006395,-0.3429584555419921,-50.44135814956501,0.011140232076103714,-0.049065141463200415,0.6830578811673429,0.7286291499093804
robot3,537,1722894478125359520,88.3793569770959,-0.5148403824610769,-49.86923868986538,0.012238022243470752,-0.05231778061934031,0.6731700425348879,0.7375331683905559
robot3,538,1722894478626018267,88.43899508675901,-0.6747096884421665,-49.33554620131863,0.012902439163525233,-0.0538271484857281,0.6661271591769459,0.7437814013245954
robot3,539,1722894479174919232,88.49172115676876,-0.9394869782621007,-48.7153862748733,0.012331908571336208,-0.05517511675799178,0.6594521816553035,0.7496175362355065
robot3,540,1722894479624583827,88.55166777907455,-1.139266501688086,-48.22689710470775,0.01240042916391696,-0.0549098450744156,0.6589539020899814,0.750073925150609
robot3,541,1722894480174284476,88.58944989958182,-1.3949273898714794,-47.53997733664953,0.008019485769499663,-0.048924339434532976,0.6672299218669147,0.7432000593543829
robot3,542,1722894480627566256,88.60347500159628,-1.5937929027856206,-46.90136678492498,0.009713330524895846,-0.050715470002688834,0.6736690748927223,0.7372269459574197
robot3,543,1722894481127798597,88.6812398028912,-1.795438920421268,-46.16331091167593,0.010419106383791905,-0.049884930088422194,0.6716482920192207,0.7391153548668165
robot3,544,1722894481674675069,88.69349014481186,-1.9548166250732382,-45.42454134545954,0.014000931496185372,-0.0563134671927026,0.668081246351235,0.7418222264153025
robot3,545,1722894482126174040,88.67719462601312,-2.1008746433272747,-44.84199602235336,0.008585696160161112,-0.049277649601827476,0.6653059998397137,0.744893231039485
robot3,546,1722894482625957011,88.71704215387582,-2.315676587548729,-44.12682319657045,0.00883939971871929,-0.053903994903591476,0.6621379307199432,0.7473885101123496
robot3,547,1722894483126582408,88.80153541860707,-2.5399496480622488,-43.393440244404864,0.00889202969771303,-0.052794233497535425,0.6600342337398724,0.7493253705892269
robot3,548,1722894483626475672,88.80061223400992,-2.7646891325217045,-42.642767814041484,0.00998053098744423,-0.05598384578351974,0.6567454956808781,0.7519651267947027
robot3,549,1722894484175375169,88.88668956305465,-2.990705883871968,-41.7886424917723,0.0013610163158859281,-0.04865289835581975,0.6529580690614762,0.7558285540806688
robot3,550,1722894484623445175,88.9670487971451,-3.172124268865435,-41.120191974897836,0.007278975469222094,-0.05196455921185036,0.6509877715903917,0.7572724888320007
robot3,551,1722894485175784629,88.95245538299176,-3.441461020225426,-40.26819053389013,0.008884143198674557,-0.05496894786867364,0.6475204399254955,0.760011030609773
robot3,552,1722894485675582462,88.98004348407791,-3.733205806897804,-39.493136389014175,0.01176712852388329,-0.05709734549667705,0.6494918015903689,0.7581304818370201
robot3,553,1722894486174613447,89.04494144525451,-3.981722375467834,-38.729704263337524,0.010688010113930361,-0.053981033682224115,0.6478439195310086,0.7597829100270045
robot3,554,1722894486631304373,89.07934943202737,-4.17307082537104,-38.063560185940396,0.009223697377648454,-0.05430224421972089,0.6484486037873283,0.759263194107058
robot3,555,1722894487125500097,89.03960910178745,-4.4164790181694435,-37.40668224142281,0.012242320510670654,-0.060317613349125415,0.6500189217748285,0.7574214892931602
robot3,556,1722894487673898560,89.17173652276509,-4.734437551921313,-36.557662410268776,0.007874488374993275,-0.060259689796619914,0.6553600362328142,0.7528678404124934
robot3,557,1722894488173592115,89.3990912347669,-4.9535329539881685,-35.75915174234254,0.00701304512792018,-0.05163328589234645,0.6574892646686694,0.7516599549207377
robot3,558,1722894488679134714,89.43504115485202,-5.334909444066049,-34.87780065748988,0.005365825168736676,-0.051980845992669965,0.6727777010555238,0.7379968594327411
robot3,559,1722894489124473727,89.50838294384805,-5.55535739085523,-34.11551351924198,0.008841229330298779,-0.05555943969298475,0.6715605950240069,0.7388107663914574
robot3,560,1722894489627636275,89.53617425569118,-5.852849382690131,-33.180440675945654,0.010591728859581415,-0.06059996545794543,0.6688515981237745,0.7408461373008122
robot3,561,1722894490178953964,89.59757227539754,-6.14437246673507,-32.21902069149583,0.011391804134350031,-0.06155367474411402,0.6657519959439567,0.7435426361821482
robot3,562,1722894490623575014,89.62487033965299,-6.290962345459015,-31.43585510520169,0.007825287290399385,-0.05043946434467989,0.6595111309795917,0.7499597945419902
robot3,563,1722894491173589407,89.60622101123354,-6.508694437606769,-30.629195744614055,0.011502394743127349,-0.05223342278582846,0.6408539802331978,0.7657973233686038
robot3,564,1722894491675407322,89.47905462399079,-6.7389489382751275,-29.830747144378616,0.0026929108599644523,-0.046201381291652396,0.667154920153147,0.7434799883744629
robot3,565,1722894492124434029,89.49252924880804,-7.032649068969611,-29.08662952030438,0.0058979188094736845,-0.04525766395867331,0.6650105345772356,0.7454380908620246
robot3,566,1722894492623621518,89.52020115461539,-7.288632261098904,-28.359205375490713,0.012811819228279828,-0.0492062107214121,0.662644913608313,0.7472056775637703
robot3,567,1722894493124038168,89.48578158783307,-7.505392029987562,-27.64542217632048,0.016214542758865802,-0.056155338769830254,0.6594551498512781,0.7494681926975919
robot3,568,1722894493624055477,89.60438737005273,-7.687333087729408,-26.926910811293606,0.006465763071435907,-0.03616100337781885,0.6558459580641667,0.7540004343722281
robot3,569,1722894494125908030,89.67312760248285,-7.963159628317394,-26.18419291459284,0.01599471961169558,-0.04555209889208815,0.6517122462793811,0.7569282154078761
robot3,570,1722894494624623321,89.63624315904394,-8.205211429145685,-25.4602495109623,0.018208847968546875,-0.04708352803930258,0.6564327882607914,0.752693545700502
robot3,571,1722894495181409233,89.6591293977213,-8.484350594661134,-24.612909727401938,0.019637173816700205,-0.04892178927057604,0.659729364079668,0.7496520566970353
robot3,572,1722894495673311402,89.72901102848589,-8.710226731776125,-23.865536605543713,0.014415601171844702,-0.047239256628807465,0.6589303813582358,0.7505807055867489
robot3,573,1722894496174730720,89.7084181326796,-8.943199568329332,-23.11189005182769,0.01891882714282586,-0.05336682356928584,0.6638578226304082,0.7457123114540072
robot3,574,1722894496624256901,89.7217079576657,-9.161930446910706,-22.400660217813975,0.016702341216500043,-0.05048313251724039,0.6627808641169216,0.7469230290261246
robot3,575,1722894497124640764,89.76025544556052,-9.421651299400784,-21.572825651180736,0.01392001846268955,-0.04774179339515821,0.6629788450613731,0.7469846084428382
robot3,576,1722894497676535557,89.74960660941686,-9.747699172126204,-20.77292714040661,0.01986033468191573,-0.056825829212199294,0.662669020702027,0.7464892237952835
robot3,577,1722894498124983806,89.71267982380748,-9.983330475966326,-20.062345419482778,0.014765633776744022,-0.05678124646372394,0.6625513694012065,0.7467151726152235
robot3,578,1722894498628304242,89.68411084458583,-10.192573784864848,-19.28073312171983,0.010336606263958232,-0.057924539876693916,0.662416121712905,0.7468217886121502
robot3,579,1722894499126809748,89.70805451792785,-10.415848668764522,-18.520680445510788,0.008587727794661727,-0.059819944986371776,0.6617051463698953,0.7473246445693784
robot3,580,1722894499625559948,89.72112789794599,-10.66263088343061,-17.83003679911949,0.008728262572614314,-0.060027738353710884,0.6620057287910208,0.7470400947127747
robot3,581,1722894500126572767,89.67241682970024,-10.861719178420179,-17.180114376698533,0.004837433775644924,-0.057896791814246035,0.6611445896776007,0.7480056097865319
robot3,582,1722894500628080435,89.6855764113462,-11.011368679644725,-16.558226649106405,0.005138296920255392,-0.05637237050676243,0.6591949245604021,0.7498385194040204
robot3,583,1722894501125661283,89.74324001461531,-11.230470788063585,-15.896353099749605,0.009862432174321716,-0.05677993724605824,0.6516651091983099,0.7563143239497024
robot3,584,1722894501625646087,89.8998700714518,-11.4919345002672,-15.21152105808717,0.010396040013926446,-0.05680443775508181,0.6411452742854441,0.7652436967821431
robot3,585,1722894502129947880,89.97937174449173,-11.741648541900675,-14.521040450644671,0.009669313036114893,-0.05496359203276183,0.6305055153255577,0.7741758863981225
robot3,586,1722894502625978380,90.01156367081941,-11.970267561751673,-13.83948043460079,0.013192131962202832,-0.05552260203471816,0.6210286442402069,0.7817075101025681
robot3,587,1722894503127447449,90.01076661085908,-12.191061693937678,-13.168832620426631,0.012626419426378654,-0.05742412677532159,0.6262549026553061,0.7773981220049055
robot3,588,1722894503626151577,90.11922138519797,-12.464888656847616,-12.421527037352899,0.009617977463643087,-0.059559779383235686,0.6288666977232772,0.7751688872006857
robot3,589,1722894504124589020,90.24494544266658,-12.752592479437167,-11.728961917589906,0.011730695009018634,-0.06049540993762585,0.6353507953370998,0.7697610428149756
robot3,590,1722894504624988411,90.34552808927339,-13.036955065126406,-10.93427385056567,0.008192833227179962,-0.058003970173054836,0.6377407053484154,0.7680203185265221
robot3,591,1722894505126977909,90.40998842579916,-13.271384322008617,-10.111410575147797,0.00429306821299905,-0.05077332547119242,0.6433979822261738,0.7638341936920623
robot3,592,1722894505675308241,90.40304608366435,-13.526749954948645,-9.254803609709187,0.00925045666527978,-0.05508899461791268,0.64911782031798,0.758634093004728
robot3,593,1722894506126390075,90.43473555400055,-13.739832533636193,-8.586901717124599,0.01010354911731592,-0.055614451899003284,0.6499765050031961,0.7578492554453278
robot3,594,1722894506628268899,90.49282650969634,-13.98748554910288,-7.868932958742095,0.008678746490086863,-0.054249147522268615,0.6486220711210208,0.7591252322292714
robot3,595,1722894507126134416,90.50378606785972,-14.204289196393933,-7.143221750105353,0.008465777717149696,-0.053479502490625185,0.648747376757998,0.7590751705665355
robot3,596,1722894507624460698,90.4874828496224,-14.386583452019257,-6.446155885489727,0.00818717040317621,-0.056962205539338714,0.6518439723057093,0.7561664586250815
robot3,597,1722894508124617304,90.53606093351603,-14.652558623647268,-5.685842033625699,0.009960636657687325,-0.05756115266230888,0.6578039513747332,0.7509204092161482
robot3,598,1722894508626743998,90.56121945293252,-14.906913273745467,-4.957134011769222,0.00777139542949796,-0.057465439437499856,0.6574305498056672,0.751280507444158
robot3,599,1722894509127180233,90.56130434900776,-15.145524926673922,-4.24233217700228,0.010211790062494588,-0.05969852876138054,0.6569163446894281,0.7515269263887533
robot3,600,1722894509625061574,90.59305804464748,-15.368995254856232,-3.4628181475164053,0.010855618644056037,-0.05842163098282294,0.6558456860804214,0.7525526590391287
robot3,601,1722894510175807016,90.62992481694822,-15.646513291338636,-2.631913395245545,0.010183630213477415,-0.058270937126819265,0.6539466588038702,0.7542244752070116
robot3,602,1722894510624976257,90.59880238357135,-15.829354996681616,-1.9310941658249505,0.012295290902585332,-0.05751526117405581,0.6526692177707235,0.7553566791445303
robot3,603,1722894511125900619,90.66861539578689,-16.03456292921145,-1.113049904634757,0.012046446899500733,-0.06106273169494324,0.6523524231261909,0.7553559041646766
robot3,604,1722894511627809300,90.69173385779611,-16.30431720771294,-0.35288015033680703,0.009337999613184355,-0.058406989233198064,0.651410148034754,0.7564167134650562
robot3,605,1722894512128387294,90.65490991715635,-16.577236939820036,0.3880867181536185,0.011969188259634484,-0.05843392652172178,0.6501259272923382,0.7574816786074345
robot3,606,1722894512626093447,90.694621753581,-16.838317652832828,1.0820247228235547,0.01025343459100943,-0.05365789716143266,0.6487514106285438,0.7590370902391895
robot3,607,1722894513126945009,90.74425023851309,-17.04754206328214,1.7383986133024718,0.011893761881758126,-0.05515817952889176,0.6470343971902309,0.7603700431448054
robot3,608,1722894513626603553,90.72142965694822,-17.329084066305107,2.412688130997629,0.009056109856782789,-0.05283112596127127,0.6449296314345594,0.7623599081153267
robot3,609,1722894514126900061,90.74801178261932,-17.588612546387115,3.100809774708058,0.008018396263201187,-0.05236561925047613,0.64326060589253,0.7638123723458895
robot3,610,1722894514626275886,90.75734774969662,-17.759982434351826,3.8254272371717097,0.011298020227046587,-0.053866848922274946,0.6507336718211335,0.7573086594542013
robot3,611,1722894515127494555,90.79325062309694,-17.932790629955328,4.513545216656366,0.01095530107435737,-0.051766156678204285,0.6503943249406058,0.7577515875840786
robot3,612,1722894515626195124,90.94597684085223,-18.191094622569395,5.289594985704932,0.009033424040424301,-0.0524891468707232,0.6470085074179234,0.7606203244981825
robot3,613,1722894516124306439,91.03315244616556,-18.417924584221744,6.080148972379,0.009146590683177655,-0.05290558435443537,0.6441334615560536,0.7630264888762422
robot3,614,1722894516628125237,91.1585753125239,-18.641985875353654,6.851273842471542,0.006842915118214328,-0.050858873136041476,0.6408733991599634,0.7659293934725127
robot3,615,1722894517127422881,91.20661656000193,-18.93536084129489,7.7040618383376644,0.0020978761269353483,-0.050612842734276,0.6371892010086522,0.769040870945145
robot3,616,1722894517630473038,91.22922070277299,-19.1518197430661,8.508355387727576,0.005456276561636977,-0.05307709358481141,0.6338205481381007,0.7716375858786232
robot3,617,1722894518123930133,91.2016062299238,-19.315669919572112,9.208518937236864,0.006698304422213224,-0.05475833127010552,0.6376224445635015,0.7683711837798483
robot3,618,1722894518627512709,91.13728360241855,-19.57869721011754,9.890123186542535,0.008505238244167884,-0.056285298866032896,0.6370996806225799,0.7686765399077677
robot3,619,1722894519126391570,91.18507342655032,-19.8290160104963,10.627142615898768,0.009490526395812007,-0.05494141758346489,0.6473548004192275,0.7601467837969401
robot3,620,1722894519625071464,91.22125498982935,-20.095006409846135,11.317700328603847,0.012389705058032625,-0.057466547652407544,0.6473393810224817,0.759931455387207
robot3,621,1722894520127943860,91.31886523069724,-20.272820982944793,11.968251439523636,0.008777430126465846,-0.05591210783716594,0.643563335972031,0.7632974685600176
robot3,622,1722894520628642368,91.48322313084914,-20.51657794386475,12.79728840339424,0.01154171189615326,-0.05888146796003826,0.6365426310239729,0.7689039215054475
robot3,623,1722894521123565579,91.53644594112605,-20.751167132735876,13.438590868314579,0.013936299163756952,-0.05559696291100081,0.6232603768823846,0.7799110589606478
robot3,624,1722894521626062725,91.58085633464236,-20.975537358481812,14.124433558872063,0.009522869432019677,-0.05054097949162638,0.6128277535542626,0.7885411015435045
robot3,625,1722894522125477553,91.6693904773835,-21.238640093559166,14.828738229692627,0.011468424106414325,-0.05260499979632159,0.6290781438922117,0.7754752595164298
robot3,626,1722894522625608556,91.619313619308,-21.609699637647946,15.537060658057213,0.012345485243346357,-0.055237243661988684,0.6426110254688207,0.7640991466116442
robot3,627,1722894523130919291,91.6672291161598,-21.899570846235914,16.34583108269874,0.010723274198932332,-0.055843350155299176,0.640888152497313,0.7655252495002814
robot3,628,1722894523624141831,91.6335923978283,-22.15438271373862,17.085112529008583,0.01328957073577013,-0.055404302644771045,0.6440102677386652,0.7628922110005307
robot3,629,1722894524128219818,91.5669440117768,-22.36862502660377,17.81535299777863,0.011819431830430495,-0.053349251504939785,0.6535915798781696,0.7548723104654367
robot3,630,1722894524624845170,91.47994284726299,-22.52027136358774,18.459503231434528,0.014316051412133327,-0.05366593106958161,0.6540223054851662,0.7544334579287083
robot3,631,1722894525127172543,91.52498355508399,-22.708641271711638,19.21076352181062,0.00957963749027296,-0.059254705585065154,0.652379158233805,0.7555121073243858
robot3,632,1722894525627170696,91.61189282905116,-22.948654343204456,19.91481883888996,0.009414853126398306,-0.054965698680275815,0.6516938982916709,0.7564292402059845
robot3,633,1722894526127836379,91.67048839047482,-23.19194634986109,20.5671878090635,0.006780768032329055,-0.05047856838234783,0.6493749807966815,0.7587608777699796
robot3,634,1722894526624044250,91.67347630596005,-23.486992209360988,21.196556703795178,0.013180161486651262,-0.05305083379375886,0.650517481063132,0.7575215503259629
robot3,635,1722894527176388758,91.71786987347684,-23.727434510990566,21.956556178226084,0.008475255455722204,-0.051371335555221644,0.6256695194501778,0.7783487703845987
robot3,636,1722894527626768810,91.79764065793734,-23.911026322858685,22.50292035133709,0.009063874493440493,-0.057957468348517886,0.6186483084948684,0.7834749826498839
robot3,637,1722894528124848058,91.98045607624034,-24.114837825386225,23.32403702239,0.006494340834622674,-0.05376744066921117,0.6237868048825234,0.7797159148789122
robot3,638,1722894528624427015,92.1182256120101,-24.35253187482725,24.078522199148196,0.0071261141732686835,-0.05374548337114497,0.6263381297964782,0.777663930420488
robot3,639,1722894529126164055,92.00833703693922,-24.52820231651074,24.702681675874736,0.011755951024906465,-0.05948018830658691,0.639741345951612,0.7661950894481984
robot3,640,1722894529625174217,92.02042942477638,-24.790992423538917,25.381488983847017,0.002199161826376912,-0.05308473949444699,0.6389677199153763,0.7673965252893795
robot3,641,1722894530124505135,92.27579408573219,-24.989869964844537,26.157444913476407,0.003189057168301454,-0.05126848743907182,0.6473634950582668,0.7604484712168421
robot3,642,1722894530629181763,92.28371226937703,-25.105544965423658,26.85144190440523,0.0007073434156614406,-0.05156511407281323,0.6529530728713472,0.7556406707581422
robot3,643,1722894531126197697,92.10920189672386,-25.244181289471392,27.51201287924663,-0.0013615548754121953,-0.05064895535196541,0.6673681323010954,0.7430024262941699
robot3,644,1722894531680334273,92.1316471768884,-25.575194586355412,28.20928724022133,0.009503709954325364,-0.05459138521414068,0.6622233666404496,0.7472547576515616
robot3,645,1722894532126994244,92.20437773984875,-25.769385959741463,28.8075557579716,0.007869384598677578,-0.05267706699882299,0.6567847698918919,0.7521947656268916
robot3,646,1722894532626071646,92.30733320138333,-25.872381974329404,29.508734632905178,0.009154826802680609,-0.054280272419643234,0.6514793642496284,0.7566666895860835
robot3,647,1722894533125663205,92.44775945011597,-26.019308086241463,30.250387728971756,0.009895668845186554,-0.05642130904799697,0.6457465944161893,0.7614000574095792
robot3,648,1722894533628263597,92.4420601480832,-26.141401162667847,30.884045155537244,0.006415543500457276,-0.051568322831112255,0.6395826258963173,0.7669638932398002
robot3,649,1722894534132428154,92.40946633243134,-26.26333232486901,31.49389622041037,0.007894547488680508,-0.05543063267053676,0.6343586120599191,0.7710086072068885
robot3,650,1722894534626425923,92.37285146271769,-26.400923834377494,32.12257710175551,0.005467079014469449,-0.05476766440784782,0.6284672278751595,0.7758863044733236
robot3,651,1722894535124335768,92.35457750948709,-26.64525150392757,32.75522276048309,0.005702065335450107,-0.05744621803302188,0.6226654797983192,0.7803557642204878
robot3,652,1722894535624704127,92.21746417249125,-26.792908525554232,33.218658093594996,0.005127166063401911,-0.0561824868114685,0.61907928324791,0.7832994838483499
robot3,653,1722894536124873101,91.99040498367296,-26.927437243898108,33.569984521117036,0.006940803382225945,-0.0541988673870663,0.6114133406923797,0.7894225958545603
robot3,654,1722894536623968128,92.11998630970561,-27.095248828156084,33.92405787806947,0.010809488983887824,-0.05613712822344691,0.5567511090650495,0.8287098287926654
robot3,655,1722894537129177888,92.55072020450602,-27.284365213156885,34.20383278004464,0.01083158335051168,-0.05461639225699083,0.5264530040661842,0.8483790196655275
robot3,656,1722894537628498647,92.83811917540736,-27.482166363597763,34.51226708146089,0.015159083108959798,-0.053440727082317514,0.5092368164095151,0.8588318553135478
robot3,657,1722894538127612027,93.07073665649895,-27.669912384493756,34.79500343081065,0.016526800007519594,-0.0639197949628467,0.4391222673693623,0.89599819140097
robot3,658,1722894538623401650,93.39979341164991,-27.970516565699434,35.045702584099544,0.004497034338444645,-0.06658214293546552,0.38202303542655036,0.921740199474757
robot3,659,1722894539127016643,93.59843739251568,-28.272765575251164,35.14346262440241,0.012428531652516821,-0.07474705028514748,0.2873710789596451,0.954817402989808
robot3,660,1722894539627319288,93.54341391436348,-28.49741559318981,35.219360546287334,0.021003980239894963,-0.06892652669388706,0.2138796934110322,0.9741988726530132
robot3,661,1722894540126618451,93.63410483679706,-28.69956166210024,35.146387589077136,0.032827717505624965,-0.06142160987201217,0.11870169829740475,0.9904845448695366
robot3,662,1722894540627893587,93.73811949795362,-28.804217007980746,35.10454841355958,0.03670974117492652,-0.06017552664038692,0.03201520251363447,0.9969986598308108
robot3,663,1722894541127387349,94.15279758409025,-28.781824670500146,35.06789625535313,0.03894559328252944,-0.05812096516119359,-0.03266641930263245,0.9970145932846458
robot3,664,1722894541627605221,94.59338686705897,-28.783657536675932,34.95876235728929,0.03887825633924795,-0.05557497943281069,-0.06810990121858149,0.9953697525045944
robot3,665,1722894542124202921,95.16216261024962,-28.906661049476124,34.72388261285122,0.04053696501076869,-0.0504154798649731,-0.13853310655194134,0.9882426889417238
robot3,666,1722894542624472511,95.86241235461144,-28.900839718231364,34.73978572661442,0.040334698009785785,-0.048566173558627905,-0.1436424126276062,0.9876139408781415
robot3,667,1722894543126162153,96.47502586981179,-29.036563479332443,34.66622252068977,0.038227006930223364,-0.04874254322942067,-0.16493946004779303,0.984356558844318
robot3,668,1722894543628835375,96.97087684967617,-28.98294070927913,34.70140111258973,0.038724632898177354,-0.04797835713967442,-0.1718352391803816,0.9831943503849584
robot3,669,1722894544126980248,97.63879591614904,-28.97654903770908,34.60475394981899,0.039484259448463906,-0.05113528973955039,-0.17060624099555835,0.9832190427022983
robot3,670,1722894544626518953,98.2581569879518,-29.006464025717747,34.42754825986322,0.03974123677113328,-0.05124455643449662,-0.16290872006885826,0.984507683292141
robot3,671,1722894545127248366,98.86601780173581,-29.09665551228723,34.37182969662062,0.03671835931879394,-0.0539262924639024,-0.14212064204947872,0.9876970386578455
robot3,672,1722894545624639375,99.38679047163166,-29.2121963173597,34.431422367073864,0.04019946401741631,-0.05563302157241792,-0.13153578189229995,0.9889324082491263
robot3,673,1722894546127121558,100.06986949971488,-29.358708327747006,34.44777714050457,0.035767304065722025,-0.05327711927032773,-0.10547400845067527,0.9923494757712488
robot3,674,1722894546627291921,100.52205821300682,-29.542152120902646,34.17192328018546,0.03719743732013622,-0.05701609335804415,-0.07815836554737877,0.9946138877222476
robot3,675,1722894547127472917,101.12124267903214,-29.632878887788394,33.92692571839579,0.0377949830839985,-0.058946586491018714,-0.0741881186517278,0.9947828719100739
robot3,676,1722894547625006326,101.7049145018833,-29.859968239977977,33.91164026656499,0.03808062131958833,-0.0564270402846116,-0.058623917138914794,0.9959563704017975
robot3,677,1722894548123526468,102.19638228235968,-30.063133059144445,33.86636426954215,0.03654554216758646,-0.05807744322824961,-0.0585329716975781,0.9959243571476687
robot3,678,1722894548623664101,102.72544338638522,-30.20918008918542,33.74933501283476,0.037496029351671505,-0.05869311839345977,-0.05888093099360446,0.995832416424288
robot3,679,1722894549126524825,103.3151088828609,-30.340271305129598,33.57582246754303,0.03724324101522029,-0.06161842719863522,-0.06049224642463665,0.9955685805361425
robot3,680,1722894549624424746,103.83087835911196,-30.433850182193137,33.43774097102418,0.0407086070798383,-0.056049900608238064,-0.06160145370997163,0.9956939684723636
robot3,681,1722894550123600494,104.42030839791661,-30.63830412893529,33.44067926347702,0.040158084535777454,-0.0575450666848306,-0.06333787731864597,0.9955220775268743
robot3,682,1722894550627793916,105.18535800224078,-30.913846623894834,33.36215427239242,0.03816801442949038,-0.05706037643398829,-0.0649376102614665,0.9955251995249803
robot3,683,1722894551126042532,105.78748109125881,-31.190945255780598,33.398057909697165,0.03584897798262255,-0.059566494862615,-0.0672389728703172,0.9953118124460938
robot3,684,1722894551629551450,106.44907175201851,-31.42911252155272,33.50124230998322,0.03683541348508586,-0.06281435899258828,-0.06524897008882427,0.9952085613177173
robot3,685,1722894552125255998,107.1456282044184,-31.591021032196384,33.3614867107833,0.03616497605544687,-0.05789135535041348,-0.06227922682536678,0.9957218403694054
robot3,686,1722894552625983057,107.83276550959572,-31.794567960911568,33.19315011181457,0.03709206486259732,-0.05964215927773765,-0.035146697385341624,0.9969110798982129
robot3,687,1722894553128225381,108.43589207855928,-32.049977729200485,33.25968330785486,0.03790554999046033,-0.0617863597536016,-0.017161587895673167,0.9972216879557014
robot3,688,1722894553624844829,109.1805180652809,-32.35325784665827,33.250241699788965,0.037763672022225844,-0.05960093819772338,0.0008966330304487785,0.9975073078882969
robot3,689,1722894554128111636,109.85003854147052,-32.470798317148144,33.170054544909306,0.034730085739563536,-0.06384592556381222,0.028694575123118946,0.9969423956738556
robot3,690,1722894554628326486,110.62930344178233,-32.638463049170774,33.04307964877775,0.03617628003885138,-0.06614258794086574,0.06210991396045485,0.9952179627653734
robot3,691,1722894555126902526,111.313994629718,-32.79529164087491,32.96728673940624,0.034652558987978026,-0.06830021602225685,0.1064898831670822,0.9913597658922612
robot3,692,1722894555624343298,112.02003045660086,-33.033179356446134,32.99773266230222,0.032834585118985224,-0.07488065954740532,0.17711368092114124,0.9807882140790508
robot3,693,1722894556127729575,112.90297555457684,-33.33948671954365,32.895679768634146,0.03122405450293858,-0.06891267353782195,0.24841070818699792,0.9656957191084059
robot3,694,1722894556626500973,113.5862055772582,-33.69747665319293,33.04872827024664,0.029146537060485533,-0.07522987524163542,0.3343028543249669,0.939006148456276
robot3,695,1722894557125218147,114.44596645989478,-33.9256028469919,32.81315458202166,0.026159044146274398,-0.07642680249086373,0.35836295575804317,0.9300809858344243
robot3,696,1722894557628116835,115.13378993148562,-34.14927289486417,32.77049943784618,0.030383904150062434,-0.0843030815696506,0.36105686503470635,0.9282282849696892
robot3,697,1722894558126442601,115.75701082916453,-34.39812545851606,32.77145378542048,0.02214594442288864,-0.07551451631823032,0.3718194815934927,0.9249634522933263
robot3,698,1722894558626366371,116.51015213043746,-34.65344803804871,32.72262711911268,0.025436813924419138,-0.07258841082055224,0.3665573137204173,0.9272106701661671
robot3,699,1722894559127771528,117.29494937348235,-34.81660681390005,32.64634384141451,0.03296565902183161,-0.07674787580267835,0.3626088246196,0.9281906426984842
robot3,700,1722894559626233274,118.11154851990574,-35.02169073350275,32.610825395057304,0.03443300489352709,-0.07965015497349302,0.35849818062709693,0.9294887172385484
robot3,701,1722894560124561719,118.97850194848807,-35.2190547540599,32.57888053480142,0.03322083038521138,-0.07602954816657163,0.35318993231796836,0.9318652026679249
robot3,702,1722894560628761239,119.76982507868667,-35.41110925311004,32.51069637766887,0.03341483113767997,-0.07563107582985995,0.3570806253444422,0.9304068015833077
robot3,703,1722894561127808012,120.54405501112345,-35.642278640306664,32.41162875314326,0.03243893352073498,-0.06999848345021241,0.35626282321077496,0.9311953225315277
robot3,704,1722894561626132755,121.2720605770972,-35.838412576594195,32.30110817808348,0.032641859711614554,-0.0722118629022974,0.3548328069570376,0.9315651533616619
robot3,705,1722894562128504609,121.96388692899464,-36.01418121587664,32.236116666183705,0.0314215074389086,-0.07584377712982515,0.365453561921676,0.9272022996195102
robot3,706,1722894562627967030,122.7372520676492,-36.267986270657964,32.23652259583215,0.035450970574480455,-0.07624133896152242,0.36317342932962043,0.9279200111796516
robot3,707,1722894563125890584,123.46460402999182,-36.4916172075869,32.183012533738655,0.03277785376746585,-0.07105529726284189,0.3603593420843633,0.9295256325706207
robot3,708,1722894563626960318,124.09144295785744,-36.71169019402539,32.100893956455394,0.03296220109133584,-0.07605237485610358,0.35737151341693857,0.9302769109120401
robot3,709,1722894564126340458,124.81326101850333,-36.94660142895629,31.990283128848503,0.03328381215823503,-0.07623079885685462,0.35342972418025626,0.9317555919980995
robot3,710,1722894564625347769,125.57752373820718,-37.1471721875593,31.89246806009405,0.035823804299076605,-0.07208194797432284,0.35167279286740255,0.9326559357976603
robot3,711,1722894565124015498,126.37972795652331,-37.372608337189455,31.828675914362545,0.03467803402441427,-0.07002198400194383,0.35045811960741197,0.933313164009739
robot3,712,1722894565623691398,127.10564172900222,-37.56226307954585,31.740915301059538,0.033422474382633856,-0.06739019949942732,0.37049228438326437,0.9257845140366304
robot3,713,1722894566125949669,128.01621012768123,-37.842065334718654,31.68774631221997,0.03555223822210125,-0.07165029875374444,0.3758774013361227,0.9232109467563204
robot3,714,1722894566627445917,128.81446084576368,-38.022077986430524,31.62842438426124,0.0372527644456887,-0.07577341994621695,0.3714229902048043,0.9246164516804415
robot3,715,1722894567125305981,129.54097620808957,-38.129804446743314,31.549103611963393,0.03481917417485683,-0.07081041276437551,0.35661903379504245,0.9309115829599556
robot3,716,1722894567626458098,130.31964094878964,-38.29809458749931,31.457193979958596,0.03703971859800973,-0.07164810429976984,0.3434655347176411,0.9356954819050665
robot3,717,1722894568127171129,131.03761777680063,-38.50050715307042,31.301919468208805,0.040882483884551304,-0.07573567355656635,0.33295774027181174,0.9390057898945307
robot3,718,1722894568626173377,131.74719928520432,-38.695410343046,31.203254946904536,0.037836987942955376,-0.07021320643938914,0.34522802603249175,0.9351235629726232
robot3,719,1722894569126765656,132.35480550527464,-38.8903841340536,31.076941837952727,0.04027886242931588,-0.07113679522513704,0.34667950739953446,0.9344145165587451
robot3,720,1722894569626217312,132.99798384503933,-39.09837268610656,30.94003913780424,0.03961852356144964,-0.06842735537033047,0.3491268015427233,0.933733659065786
robot3,721,1722894570126602169,133.69760266161157,-39.36612063674844,30.84375878770776,0.039009064762255484,-0.07103927032170573,0.35060163089816704,0.9330113672137543
robot3,722,1722894570624664478,134.44816449537757,-39.66512306848382,30.740584317052047,0.038614303962257124,-0.0714230888527673,0.35043164746190825,0.9330623443079101
robot3,723,1722894571127290743,135.21192833658597,-39.93061002924709,30.708155864054213,0.037240348888374596,-0.07086778339808818,0.3495400185019642,0.9334948790199977
robot3,724,1722894571625655265,135.86290858891067,-40.07690967848353,30.627159979813985,0.03764439439388668,-0.07202510590426384,0.3572417271641321,0.9304695761082062
robot3,725,1722894572124760427,136.52856071705992,-40.255037315166774,30.579434847279106,0.03710566112562268,-0.07182906181376389,0.36221564139156337,0.9285814907280262
robot3,726,1722894572626649509,137.22201874672777,-40.42515556832621,30.503944998001902,0.03891252464838824,-0.07476190570055924,0.36069111005854043,0.9288694181671864
robot3,727,1722894573127612269,137.9625993534269,-40.52665044675356,30.40308652368549,0.03777066646920064,-0.06739068637859823,0.36040331008706133,0.9295920213847488
robot3,728,1722894573625507309,138.68865907260897,-40.69764296878304,30.309122185138502,0.03891189725781263,-0.07378824997772396,0.3583588271760777,0.9298495090077794
robot3,729,1722894574124812427,139.4146048508614,-40.876888025773695,30.23210391343948,0.0411212475293673,-0.07851247531236864,0.35666837520611455,0.9300174752926869
robot3,730,1722894574626085950,140.17607337651134,-41.116571776047564,30.18657119141637,0.03954415047431808,-0.07086068206045623,0.3630584121214632,0.9282260572129147
robot3,731,1722894575125747592,140.99262110628612,-41.39576768067689,30.12190788199316,0.04117394745626785,-0.07221494813048929,0.36197522978845226,0.9284738231834954
robot3,732,1722894575625315549,141.82131906014322,-41.633037794583764,30.045955763817283,0.04127994080566515,-0.069110649010853,0.35960421206447984,0.9296259975634632
robot3,733,1722894576130258856,142.64862077070373,-41.89333095943625,29.910974679503674,0.04255287537442038,-0.06850352031379534,0.3575606035115364,0.930401491464009
robot3,734,1722894576623604909,143.3855318401672,-42.12927227386264,29.812695472192672,0.04207142544423093,-0.06570410192731095,0.35646594565228695,0.931045109401922
robot3,735,1722894577124092150,144.1099057450106,-42.36660109750789,29.69797014916672,0.04196348743546638,-0.06678797503441553,0.3538354964179872,0.931975790236899
robot3,736,1722894577625887720,144.84231591158894,-42.603048930322345,29.581339976994943,0.0447069058592709,-0.06557323234076291,0.3524907861275825,0.9324439336839687
robot3,737,1722894578129068869,145.48928516487737,-42.820255618067385,29.509539305559997,0.044951742643860204,-0.06546059166303451,0.35065612111221295,0.9331315751269714
robot3,738,1722894578625550438,146.1763299203128,-43.0106026129313,29.401833189152445,0.046564668233808386,-0.06874818758545138,0.34874212810855143,0.9335332594280237
robot3,739,1722894579127714214,146.8906792409111,-43.2188682027717,29.275603156422868,0.0462817910105938,-0.06550684086094433,0.34703194880177674,0.9344172922908222
robot3,740,1722894579625434148,147.63731407584197,-43.45914826540445,29.134342297221142,0.04625838110983348,-0.06447150380365599,0.34613377059698164,0.9348235128764726
robot3,741,1722894580126468325,148.30773086434414,-43.646871385339104,28.996715540200956,0.04715871326991175,-0.0646348966476274,0.34585078215390874,0.934871981814412
robot3,742,1722894580627215451,148.70860642011533,-43.73391701627091,28.869686880405478,0.04835062280815647,-0.07759378519633865,0.3441648735320153,0.9344474097559797
robot3,743,1722894581128444335,149.29674692461683,-43.86100598551372,28.771449866255935,0.040368182177917274,-0.07665692114616837,0.3418859969863133,0.9357393287517177
robot3,744,1722894581628987158,149.91706383030365,-44.05426920906304,28.71180415893797,0.040405082604297135,-0.07409096580872153,0.34145178892100936,0.9361028970833887
robot3,745,1722894582123919203,150.4531544089605,-44.20130106484704,28.619854187799962,0.040504979860706315,-0.074377176853305,0.33849659939240206,0.937148565793917
robot3,746,1722894582628308111,150.98021355358117,-44.33829012350164,28.480510197621026,0.04274886425502468,-0.07487531013434148,0.3358504472621304,0.9379609264841573
robot3,747,1722894583124316932,151.49915917179175,-44.4914821942204,28.39610298733156,0.044566110053380376,-0.07116197103955521,0.3392455020524067,0.9369430746046881
robot3,748,1722894583626990828,152.13084445598514,-44.688899679517014,28.346637463659583,0.04003822097427282,-0.06970559909325034,0.34751744347218577,0.9342214388456426
robot3,749,1722894584126892913,152.7859046192083,-44.834208653382184,28.23910976765118,0.038593621039423244,-0.07030798790220624,0.34805164576210773,0.9340382064640058
robot3,750,1722894584627472454,153.54568644597396,-45.078011800209566,28.162753748089845,0.04036269504271771,-0.07182792493090942,0.3511026848684216,0.932704940872082
robot3,751,1722894585129118078,154.2945273175389,-45.28007018396921,28.104377308715854,0.038227231966746524,-0.07332526563235567,0.35617628071529145,0.9307526745660885
robot3,752,1722894585625388563,154.97542512489994,-45.44634123321014,28.01678695088699,0.03511802380679004,-0.07045995500876905,0.3571223642101916,0.9307339770981777
robot3,753,1722894586128381972,155.72759121438867,-45.660073853183505,27.944822767564254,0.035705191709639955,-0.0738492992640525,0.3574132946762655,0.9303371201192842
robot3,754,1722894586625971568,156.36970745230377,-45.81169344495225,27.820665139770195,0.03402725397998255,-0.0727377801676537,0.35649248612957374,0.9308407321642191
robot3,755,1722894587127202155,156.97747968241046,-45.97039011392781,27.68776439408122,0.0340635373494263,-0.0755668025621116,0.35551564978502315,0.9309876242634569
robot3,756,1722894587628643773,157.63817554473928,-46.192785731293554,27.585289862024283,0.032508293057787255,-0.07721155257765432,0.3547728763087999,0.9311915985803342
robot3,757,1722894588124748098,158.32151606625177,-46.37093862180438,27.49120993139048,0.029040012247640155,-0.07224319533786788,0.3541569759522209,0.931939072472235
robot3,758,1722894588625964445,159.0159736372742,-46.58950136243363,27.397639026382215,0.030150338109830057,-0.07246988510568778,0.35356841146114093,0.9321096777104487
robot3,759,1722894589126853435,159.62113684724986,-46.7852406090658,27.312532745497258,0.030700709037638135,-0.07276387299194102,0.35405949245539176,0.9318823751171761
robot3,760,1722894589625122226,160.187522598901,-46.93115108073996,27.247356464163712,0.02682749248358344,-0.07213639767068303,0.3701002090302563,0.925798283134021
robot3,761,1722894590125402350,160.7016597815425,-47.06615348827051,27.242545655383665,0.025115039810100447,-0.07643294803770094,0.4030740646101925,0.9116241208240496
robot3,762,1722894590628353170,161.00090383402133,-47.147456871180076,27.261475948373917,0.01984041807671127,-0.07690745466681562,0.47798359058234025,0.8747704203739555
robot3,763,1722894591130352666,161.09769815927092,-47.2990800413019,27.22163875265202,0.018968466983791808,-0.0767257071365074,0.5202428937003982,0.850353276396889
robot3,764,1722894591624944721,161.2156605854611,-47.45230447400025,27.4233185439345,0.01197091353635046,-0.07549573237775721,0.5946247666402202,0.8003614674132651
robot3,765,1722894592176332530,161.3478330582624,-47.60186803405366,27.694920655794522,0.005797375695106425,-0.07690709853728554,0.6546512366111096,0.7519863343393756
robot3,766,1722894592627187205,161.4826709101522,-47.691310226226356,27.930867273316526,0.0011643609771115665,-0.0769953189376655,0.6969995640053946,0.7129249419830198
robot3,767,1722894593126488042,161.59580175958337,-47.770187092749865,28.181550378004697,-0.004989082740242409,-0.07598628892003455,0.737388555572739,0.6711626561869497
robot3,768,1722894593627121270,161.65135937912098,-47.84548411325445,28.392327990029063,-0.006836497493044814,-0.07602768276971093,0.7716294042202783,0.6314753489229442
robot3,769,1722894594124953859,161.7143305571829,-47.95370630526761,28.5785995004121,-0.009063051320696016,-0.07519912600778203,0.801110645407377,0.5937042078033472
robot3,770,1722894594628757049,161.74919960959318,-48.01944995450516,28.710308753057756,-0.01017222783220442,-0.0745053544293692,0.8180906941040885,0.5701518167668808
robot3,771,1722894595124929514,161.7435935546108,-48.17555977728316,28.979495215331138,0.014974975187858081,-0.09194398519014489,0.8440509874213387,0.5281098222325926
robot3,772,1722894595625531116,161.73132194916099,-48.29582620852442,29.222938716294482,0.020593693669986892,-0.08721848060686302,0.8665572847204341,0.4909656899617379
robot3,773,1722894596124892993,161.75931911750848,-48.41446013599628,29.37039860082399,0.00024918809546324144,-0.08133776993915336,0.872001844420789,0.4826975123339259
robot3,774,1722894596626579702,161.85526273937742,-48.625536220813316,29.79879824548969,0.001908613652453751,-0.08182558844904507,0.8710872385873046,0.4842602121166237
robot3,775,1722894597124525840,161.92914700939477,-48.766611421845745,30.159909843449217,0.0029077407756451946,-0.08065149285140122,0.8698319091343598,0.48670250831087436
robot3,776,1722894597626668125,162.08389287960333,-49.019085878600116,30.65380975379869,0.004695475342770926,-0.07825209223227117,0.8674258456736826,0.4913521800398102
robot3,777,1722894598125823906,162.16374730685789,-49.188248695692856,31.07940697480233,-0.004188212867441321,-0.06987140840105205,0.865444606769632,0.496090795897674
robot3,778,1722894598627441389,162.3170268481376,-49.35102353917621,31.540175890604747,-0.001934799725261494,-0.07398508782435215,0.8487543580283918,0.5235823746627254
robot3,779,1722894599125942133,162.5389780530806,-49.57559122828958,32.014287041787284,-0.0007225305477654785,-0.07501513390254332,0.8322110008751937,0.5493605898292117
robot3,780,1722894599625461869,162.72859597407322,-49.78135533732496,32.484471312466674,-0.002634138130930343,-0.07230659106911191,0.8277944929381875,0.5563462012681315
robot3,781,1722894600123969156,162.8878524982604,-49.96037396172356,32.797315380761184,-0.00493379978596369,-0.07192572388094896,0.8325703530183063,0.5492075701762007
robot3,782,1722894600626836274,163.0029601985082,-50.11345020245767,33.06359043615368,-0.00381062066291168,-0.07300680959700181,0.828032114958712,0.5558941459663277
robot3,783,1722894601124773080,163.06281956349403,-50.27929979047354,33.39072333188881,-0.008129168786007838,-0.07442595318726787,0.8231323798538238,0.5628923337044086
robot3,784,1722894601625357995,163.16401312027585,-50.41365230774134,33.76079073277145,-0.005817156883789155,-0.07337699204943002,0.8179785060301838,0.5705200622205986
robot3,785,1722894602124780612,163.2713160467152,-50.5879254362781,34.14996105311479,-0.004889533253619013,-0.071879853923082,0.8143842771083506,0.5758364596508868
robot3,786,1722894602627978242,163.42176427741353,-50.73475503732768,34.5188934407228,-0.004389480026433063,-0.07142892636762055,0.8137598037071107,0.5767786601579773
robot3,787,1722894603124228157,163.5594079582371,-50.85013724027842,34.74915794546471,-0.003890670678001273,-0.07200415923861452,0.8207929050191304,0.5666562192407953
robot3,788,1722894603626684190,163.58374172295026,-50.9416464101182,35.0202818010098,-0.007527985018622666,-0.07059047623771174,0.8501709472234807,0.5216988351560908
robot3,789,1722894604126725684,163.58247182255155,-51.04114755220952,35.27163939836457,-0.009852341191912922,-0.06883137431052935,0.8580634723725385,0.5088145542961047
robot3,790,1722894604623393867,163.5761518934761,-51.17081383998065,35.68508015162765,-0.013608728483075367,-0.06886683653822172,0.8583611565807523,0.5082207061972631
robot3,791,1722894605126805412,163.56522977061005,-51.26471493625869,36.18558647722683,-0.011361943409035576,-0.06808433238716981,0.8704671502961906,0.48736266802104605
robot3,792,1722894605628969306,163.54451867985887,-51.462589735657964,36.772008982737944,-0.011367491273251306,-0.06920991886805693,0.8702472278468079,0.487596687537329
robot3,793,1722894606128380624,163.53716526418725,-51.671303049243285,37.317458581663345,-0.00640314472481465,-0.07048593552207909,0.8626779420196228,0.5007768974144062
robot3,794,1722894606625566192,163.48120726430417,-51.861216425237345,37.836939867256355,-0.004426317015592151,-0.07282595927491907,0.864628237808862,0.49708630815674976
robot3,795,1722894607128153579,163.39924571103262,-52.09782570576016,38.54012515611216,-0.010830132789583502,-0.0718804518626015,0.8695278423352074,0.4885051077191179
robot3,796,1722894607623706783,163.3490198486954,-52.29295634535563,39.17541358343031,-0.01118307793882471,-0.06924371540779621,0.8608571032416082,0.5039893792956408
robot3,797,1722894608125722859,163.37938233642018,-52.474289395147764,39.81713037434714,-0.013571254121882467,-0.06496464805885149,0.8481289124049342,0.5256165555868386
robot3,798,1722894608632068087,163.3087888807176,-52.6337169145154,40.38082137944132,-0.006426566144369415,-0.06976964505169432,0.852660919325611,0.5177453549108444
robot3,799,1722894609127619124,163.18992674920364,-52.77530573019682,40.90562232014632,-0.010128065766314698,-0.07112469929789957,0.851029481133758,0.5201802780525454
robot3,800,1722894609625650220,163.0684551941744,-52.985156097703126,41.60547501774936,-0.014045013715274696,-0.06522358412086836,0.8651117464972581,0.497122004880723
robot3,801,1722894610126363124,162.9530419753296,-53.16968935762516,42.27354709002987,-0.014726090296106529,-0.06645477943212463,0.8624628105524453,0.5015224870025227
robot3,802,1722894610624609108,162.79994956153382,-53.329252017072285,42.86779129618545,-0.013847049947135407,-0.06766655751378785,0.8677769663863334,0.492130707039631
robot3,803,1722894611127246818,162.5740944724739,-53.49418536235044,43.575568065179944,-0.01615953518805199,-0.06598629811987711,0.8702847794727162,0.4878412451823509
robot3,804,1722894611628645055,162.31580574173773,-53.66183649915536,44.38854371822453,-0.0210588575986896,-0.06699325770407881,0.8706092246381197,0.48693737370820595
robot3,805,1722894612124673932,161.92525864944895,-53.7291502278042,45.13750877789299,-0.02945698838211995,-0.06396788022744317,0.8975457792810633,0.435260807136838
robot3,806,1722894612625140512,161.39453851422408,-53.7367764434947,45.83239240316925,-0.02832634924426376,-0.06210733299153246,0.925659828365602,0.37214806096140707
robot3,807,1722894613126963955,160.72930165699597,-53.73900617010904,46.438612354689624,-0.03761528394438602,-0.05508994019330829,0.9625483516640744,0.26277530251538966
robot3,808,1722894613628603124,159.87250278231343,-53.69592286486857,46.82582631432214,-0.043453473647678625,-0.05014312169210943,0.9887951719414998,0.13372199116114292
robot3,809,1722894614125007804,159.03780328175773,-53.550181378592285,47.08153596781659,-0.04583144068715121,-0.04246295278366544,0.9977531320611179,0.024188099298247518
robot3,810,1722894614626675526,158.20506559446153,-53.25582191288109,47.18187018621795,-0.046873751583610374,-0.03549801511088985,0.997031775402211,-0.049702929229372445
robot3,811,1722894615128324048,157.481218831707,-53.00094549139942,47.24078407499183,-0.06035673777899999,-0.033315104016025415,0.995339278195259,-0.06743062605981763
robot3,812,1722894615626409817,156.87576552713878,-52.77331676307037,47.170971033677986,-0.05578158864753393,-0.031939955515626284,0.9930691288922722,-0.0983969453324687
robot3,813,1722894616124261641,156.25367775948374,-52.5408157617933,47.172159491105994,-0.061501877761063965,-0.03042102770730958,0.9919828979098563,-0.1061226194524897
robot3,814,1722894616628542398,155.63713783822217,-52.36683319725224,47.27456866250752,-0.0523744164381358,-0.029068403666469813,0.9918582547793249,-0.11237949473618358
robot3,815,1722894617125524743,155.03680932054866,-52.14269898752355,47.321874413360675,-0.056135171859205725,-0.031214680124372136,0.9918405099042306,-0.11012215552733523
robot3,816,1722894617625442543,154.5061834377787,-51.829992283342015,47.347045088138756,-0.05492081680517026,-0.031897860892406676,0.9927723759971345,-0.10182946434576572
robot3,817,1722894618125282966,153.82052470468787,-51.66170871372384,47.4177213376572,-0.05420105511695046,-0.03261248327038662,0.9939446203977184,-0.08984855670284028
robot3,818,1722894618627012548,153.21043889038583,-51.491286468001626,47.4805388367037,-0.05266242220882002,-0.03293585919910127,0.9924812970356442,-0.10546456039998592
robot3,819,1722894619126922107,152.60041347905064,-51.308237799902706,47.56430960021332,-0.05098439953992556,-0.028325245574693677,0.9926919860169852,-0.10564512465958907
robot3,820,1722894619624693734,151.84459360622967,-51.09947697871086,47.6394646275321,-0.05974417850012627,-0.025872565929522084,0.9894494866990319,-0.12942548720630728
robot3,821,1722894620123648294,151.20726801042778,-50.91595680761416,47.70210885639014,-0.051354415010079174,-0.02765142198203305,0.9904915409365096,-0.12459787419760775
robot3,822,1722894620623879601,150.575545633263,-50.74303915132237,47.787552690846965,-0.052241633043561185,-0.027117474159264035,0.9907962469209379,-0.12189442751638634
robot3,823,1722894621126321232,149.88840790364858,-50.49444089006054,47.85362190675969,-0.05669768824933672,-0.029172754456519442,0.9920485422014899,-0.10850812163381773
robot3,824,1722894621624630698,149.22749948854317,-50.29526064233935,47.96217183255405,-0.05162649662629606,-0.02719549521088647,0.9923938509449333,-0.10839536195343125
robot3,825,1722894622126396251,148.5743532963582,-50.10797374803755,47.99111702459998,-0.05885301089585918,-0.02971749595886542,0.9926623373281247,-0.10136408433311654
robot3,826,1722894622629393034,147.98547335295177,-49.94097641820901,48.032025877619986,-0.053733278736322644,-0.02886235077690108,0.9937384393810432,-0.0936141739289754
robot3,827,1722894623126421561,147.4082105257364,-49.709180453969395,48.13400712143749,-0.054086604265033894,-0.0292227080005714,0.9950460274629391,-0.07812858507879555
robot3,828,1722894623624414247,146.76942062376173,-49.57412774911539,48.23576140147635,-0.054197700111151756,-0.02876979830348932,0.9960363591632163,-0.0643931613847521
robot3,829,1722894624124366938,146.25351735040923,-49.51159621017309,48.33256168039458,-0.05190089325343805,-0.029543371142710946,0.9970006585813767,-0.0492257380779669
robot3,830,1722894624624018451,145.86176902289634,-49.42424988370069,48.385295806079725,-0.0520088843895647,-0.02857349189853577,0.9969412238910071,-0.05086086523033316
robot3,831,1722894625127222320,145.40273059891908,-49.21225567030873,48.528830928061,-0.050813943389555735,-0.028049106508141148,0.9968909826803397,-0.053287516661266514
robot3,832,1722894625624822418,144.88272214396545,-49.012475046402166,48.63874186734548,-0.054325008427305116,-0.028481858630224177,0.9966878060721528,-0.05339470400161409
robot3,833,1722894626125192566,144.42957412287828,-48.8357140712145,48.75021983822698,-0.047522987291629466,-0.029413321066690284,0.997369459028903,-0.046158254073361805
robot3,834,1722894626628660585,143.79673692999228,-48.663564561102994,48.85763006444776,-0.044820240883704864,-0.029163048475516595,0.9973690620791161,-0.04894503670614058
robot3,835,1722894627130116065,143.16363236683438,-48.49456356646713,48.97699550571958,-0.054270343171585966,-0.027001247379013587,0.9970353235501002,-0.04739436765442529
robot3,836,1722894627625805349,142.45497071124757,-48.25586094714651,49.1392726333032,-0.05095077659567354,-0.026763150154337372,0.9968879798213615,-0.053871215373321894
robot3,837,1722894628128813486,141.74074807714626,-48.02657298985034,49.32207013857661,-0.05806861857836046,-0.024659270074315304,0.9962364628631976,-0.05943791717100819
robot3,838,1722894628624843116,141.0195878845905,-47.7813135640644,49.473157420304545,-0.05264759046697159,-0.02617315724732552,0.9969145401614424,-0.05200573691842607
robot3,839,1722894629126600903,140.34607451261644,-47.56230600895924,49.53813444940817,-0.05231436814672829,-0.027147755998849953,0.9970214107056945,-0.04974447531196032
robot3,840,1722894629626265787,139.69739826537065,-47.34372590427839,49.634020071937364,-0.05500322703052884,-0.028660261665083252,0.9973116838632978,-0.03902101545667852
robot3,841,1722894630126272085,139.04772702825764,-47.200493280812985,49.67560870671033,-0.04944266766241575,-0.02585499556382529,0.9980831206468057,-0.026777343011444094
robot3,842,1722894630624822309,138.3380869495951,-47.030798851863196,49.77411002411452,-0.050406976799083666,-0.02567495098613871,0.9983197115715821,-0.012557351212313888
robot3,843,1722894631126414377,137.63770119094306,-46.889932548713716,49.89428182034869,-0.04715592107179377,-0.02949372910315666,0.9984335364386384,0.006075554797255875
robot3,844,1722894631624596128,136.9840533243055,-46.66730622549491,49.95260735913924,-0.046198454379715134,-0.030651921891544715,0.9983590820197294,0.0143284976882847
robot3,845,1722894632124661063,136.4177383316229,-46.43690149010383,49.97123587246183,-0.0449600858952331,-0.03415653728318761,0.9981291091568993,0.02345640830924416
robot3,846,1722894632629211987,135.78697310306896,-46.251322232335625,50.02939476308959,-0.04630002854715002,-0.03219336218598737,0.9979793686182041,0.029275836454412455
robot3,847,1722894633126206119,135.2234716439798,-46.03049400846795,50.080234474058045,-0.04603337971719291,-0.03198190158609421,0.9978369185490835,0.034344867203409665
robot3,848,1722894633625403486,134.5501448440314,-45.827879051075854,50.26148849497219,-0.04238889213909454,-0.02837599049763743,0.9977027820089862,0.04457739065969934
robot3,849,1722894634127966207,133.91855964512942,-45.63298373848907,50.37834793533041,-0.046160903768224675,-0.03288391157392884,0.9963339329254901,0.06408208348769504
robot3,850,1722894634625723812,133.35920980370346,-45.45251297502749,50.39389220793583,-0.04619437458911727,-0.032669682359774584,0.9944748982379997,0.08842199039465194
robot3,851,1722894635126543884,132.731748913964,-45.25162790870964,50.483839409501456,-0.0398754288311748,-0.03289307079599409,0.9926097233678239,0.10979040552248501
robot3,852,1722894635625971868,132.163921941125,-45.08314588516936,50.59552194266569,-0.03753786563310221,-0.031025499487549686,0.9898594092400046,0.1334416612767105
robot3,853,1722894636128835777,131.66156176580833,-44.88948729812514,50.63790533538824,-0.043346798664188474,-0.03095183142872156,0.9832580510463613,0.17426027725584864
robot3,854,1722894636624624177,131.19727331738747,-44.738394160705745,50.69792088056082,-0.036920211739951345,-0.028843061044191542,0.9791106327854231,0.1978568789837912
robot3,855,1722894637127391742,130.7144472465432,-44.64486653448848,50.85735911788682,-0.031340335335189824,-0.029925078251748848,0.9799245490076273,0.19460254706684255
robot3,856,1722894637630056976,130.13672684903236,-44.5538747336887,51.16129837379567,-0.02957836225884377,-0.03039754546883644,0.9798921638651852,0.19496783558105082
robot3,857,1722894638128213941,129.5644961832183,-44.405590085020414,51.429201385233846,-0.03020600721122847,-0.030460107424912782,0.9801715565940408,0.1934515407745134
robot3,858,1722894638627452396,128.76629752769077,-44.095235774422356,51.473147631652836,-0.03706825303477289,-0.027342433559140032,0.9902126088512709,0.13174720192844294
robot3,859,1722894639126785009,128.07419303851924,-43.841741664728126,51.52036170618677,-0.033746040839324275,-0.028313249792775913,0.9917456777366445,0.12041625847254273
robot3,860,1722894639624542783,127.48432453387657,-43.651246477742944,51.53687234305709,-0.03658215639415719,-0.028180645809095878,0.9916498992438183,0.12040794975856318
robot3,861,1722894640127681059,126.88075930006264,-43.48742402144402,51.53151968877288,-0.03032347656075913,-0.03201189686414809,0.9923456309805969,0.11535108973108697
robot3,862,1722894640623998813,126.17041129025924,-43.306405278645045,51.699896160524816,-0.04542088712869536,-0.03104371873084021,0.9919100145536397,0.11440172012693316
robot3,863,1722894641127558884,125.51261758343396,-43.12354850572498,51.850681318390976,-0.04700079785360351,-0.029410553895732265,0.9903717439475594,0.1268453905782184
robot3,864,1722894641624781314,124.93685135836972,-42.84943490199887,51.738846954088324,-0.04843775739306571,-0.02970567967167468,0.9919563679367965,0.11311021334792608
robot3,865,1722894642124746439,124.34810987670777,-42.6381788374623,51.833937110223225,-0.04188743754443889,-0.03297623902281672,0.9913100854085871,0.12025940629776245
robot3,866,1722894642625675189,123.72237948678087,-42.407959087121135,52.025532705249866,-0.043966890158313864,-0.03339143076268888,0.9882185383122761,0.14274468626668976
robot3,867,1722894643124188051,123.23397611390301,-42.1623060477457,52.14671215702638,-0.045193348539232216,-0.0339767142620402,0.9842532821534392,0.1674772244394733
robot3,868,1722894643627859057,122.65614450483277,-41.927728739618594,52.10357836973586,-0.03881399986414372,-0.033249385232579975,0.9878866491652507,0.14651935093104446
robot3,869,1722894644127730592,122.09468338127506,-41.75972528509584,52.17246042765646,-0.039744600843905104,-0.033895846732193785,0.9855172388096423,0.16132950842014274
robot3,870,1722894644626086610,121.64362554864796,-41.64212597201471,52.290557586366525,-0.03754189662998522,-0.035133846429385815,0.983635854288684,0.1726752008548731
robot3,871,1722894645125841259,121.13833219520889,-41.47468329305519,52.36448264188558,-0.03821306359072146,-0.036079020073007735,0.9792532947603731,0.19570654251336791
robot3,872,1722894645625086827,120.6718715480093,-41.34031324509075,52.470937886806595,-0.030017187809039864,-0.035909686599856126,0.973005229450647,0.22598735873059494
robot3,873,1722894646125917543,120.34764575599938,-41.2481813976173,52.477360130224746,-0.027012577218957216,-0.036266972526905215,0.9625058270411226,0.2674650636767487
robot3,874,1722894646628268550,119.93822507168781,-41.147029146502945,52.64625061531024,-0.027168156270356538,-0.03644491353332198,0.9495652291330926,0.3102572081093936
robot3,875,1722894647130220142,119.46815918712487,-41.14938242204764,52.9834625618957,-0.02721199134891555,-0.033380675422595506,0.9392461170760363,0.34053189218154944
robot3,876,1722894647626916729,118.86066648455204,-40.99219034490239,53.088633015624474,-0.02137388338587949,-0.03555954277190236,0.9383881031927976,0.3430837271178618
robot3,877,1722894648127554038,118.20025037480158,-40.74093919149775,53.01941027554199,-0.02328221901340702,-0.037128982129804707,0.9362357783704404,0.3486286624230888
robot3,878,1722894648624898871,117.65914920701019,-40.57974370674071,53.064383428363236,-0.015620119377340888,-0.038356072598722424,0.9269440924633678,0.3729067886385314
robot3,879,1722894649126787560,117.13925943186533,-40.3957388957532,53.25179636595178,-0.023283083196153347,-0.039656545822424845,0.9148888810074779,0.4010780370690969
robot3,880,1722894649624781324,116.56457282857106,-40.18927282825853,53.39287542058823,-0.026947409696397008,-0.034721584821487725,0.9007057965108555,0.43220055158442866
robot3,881,1722894650125121043,115.91864068176167,-39.99083943444697,53.319037469042875,-0.019430299744425568,-0.039231537041399554,0.8932324394362137,0.4474585557256023
robot3,882,1722894650626312125,115.35549441977211,-39.79805377628259,53.269880850220176,-0.014989391005334552,-0.040631326654359555,0.8865877727180109,0.460528538440901
robot3,883,1722894651127996463,114.83002538918812,-39.60557892593885,53.389313086161394,-0.01912107648939986,-0.03790252893375785,0.8794762750103622,0.4740456353856768
robot3,884,1722894651624029193,114.25346940686984,-39.36875673536611,53.37169856341877,-0.012329086281686111,-0.041554344612265474,0.8807634362182762,0.4715686583057427
robot3,885,1722894652125945319,113.65114133540565,-39.13855980984658,53.47322648938304,-0.016558377058579092,-0.03859118512138656,0.8809183232400607,0.47140157865670407
robot3,886,1722894652624957815,113.09666301033612,-39.00016595536745,53.76391204213985,-0.013186581266641436,-0.04175242762237495,0.8844985990049777,0.4644836673343511
robot3,887,1722894653124388946,112.46757284710286,-38.82061731805138,53.86958018526266,-0.02061070378067081,-0.0371559324117074,0.8861038950605731,0.46153496371863634
robot3,888,1722894653627959333,111.80257403819648,-38.601259938449566,53.86080986418095,-0.01847424612830803,-0.03851809989497918,0.8847588452353835,0.4640871081900701
robot3,889,1722894654125860848,111.20083452196995,-38.38506892841468,53.92833752170011,-0.014355694732688877,-0.04019203155250988,0.8840561046628351,0.4654281023281663
robot3,890,1722894654624855456,110.60202816158143,-38.202108858214345,54.134145621960755,-0.016277738359646823,-0.0377056706133666,0.8933840961146294,0.4474127562407419
robot3,891,1722894655175813961,109.94215432297628,-38.055070952520616,54.42267814386198,-0.013832523199381956,-0.035938685431325744,0.8922346465237833,0.4499271138017648
robot3,892,1722894655628556190,109.34847635712951,-37.88140332729377,54.51579038939868,-0.017220751645607813,-0.0325470885341432,0.8917706748664294,0.4509869135451539
robot3,893,1722894656128710766,108.65097531686389,-37.62978189048829,54.445806352448855,-0.01712813597536658,-0.03405475837386724,0.8913507994257727,0.4517085927377771
robot3,894,1722894656626101439,107.99430132172357,-37.32500678932899,54.27217705904952,-0.016573878126366723,-0.03633469772586288,0.8844238928870728,0.46497255187322445
robot3,895,1722894657126353334,107.42656704523573,-37.09559968759144,54.28896461234611,-0.016606531220933408,-0.034040940839139486,0.8798304176069425,0.47377618526176224
robot3,896,1722894657623552064,106.94715611357731,-37.01152812492964,54.54181978043736,-0.013913627124549079,-0.03402254124396359,0.8783525127051275,0.4765980917839795
robot3,897,1722894658126388701,106.34928583320676,-36.91161309136963,54.80513877796561,-0.01431957829337494,-0.0345575434925721,0.8808220320178745,0.47196744991276807
robot3,898,1722894658633343028,105.66072298145738,-36.66665257308907,54.82198927799691,-0.016211297561698614,-0.03224281335347251,0.8856076469076946,0.463029902443714
robot3,899,1722894659127830676,104.9632147362468,-36.44011476346392,54.90983914929624,-0.013384305581742207,-0.03168140723589035,0.8899677099743366,0.4547247783029677
robot3,900,1722894659625694554,104.29240314475658,-36.244972530342096,55.10740763060198,-0.01490580568508699,-0.03061456198727008,0.8894769102496722,0.45570976693933435
robot3,901,1722894660127704904,103.58184399542957,-36.02239972609554,55.259311311994225,-0.016943512031637104,-0.027408486222072214,0.8894608989137773,0.45587388780949406
robot3,902,1722894660625671697,102.84258921101178,-35.75919212582326,55.31872245421396,-0.009211246105053843,-0.03295314132922872,0.8899184230230165,0.45483452352031856
robot3,903,1722894661124477438,102.13847017718145,-35.47369646812943,55.376715968143074,-0.01822825537804786,-0.028943130620929656,0.8898983806064665,0.4548745960039105
robot3,904,1722894661625089485,101.40437869726104,-35.21340972014719,55.402576189888045,-0.016181676277939025,-0.02899799836464122,0.8884898933244023,0.45769310558940307
robot3,905,1722894662128835676,100.68246153121557,-34.896421832462046,55.333340293006366,-0.010906281635344085,-0.02972197603158235,0.8858612953013916,0.4628686883432592
robot3,906,1722894662625925602,100.06830469062702,-34.6684379375449,55.52515814589946,-0.01155221023719859,-0.026804723203888846,0.883281376785825,0.4679338229663849
robot3,907,1722894663125852203,99.47293863012679,-34.55582626928934,55.784121959680455,-0.007279745625531224,-0.02761794849756132,0.8801312259567676,0.47387053012426394
robot3,908,1722894663625023953,98.7187643772144,-34.29555551807535,55.886469816650774,-0.009076821800630302,-0.02793349312744329,0.8773606722190695,0.4789317092352532
robot3,909,1722894664130020164,97.90423778252061,-34.06283019807014,56.03640141688136,-0.009075260251993391,-0.02384739707554454,0.8920619772191793,0.4511921653839838
robot3,910,1722894664624908006,97.14049094206625,-33.839036281687015,56.126824256789526,-0.009069171723611241,-0.02389718084400913,0.8978990247537016,0.4394587764720462
robot3,911,1722894665128408326,96.25625484947255,-33.519202998963095,56.141713209292426,-0.010933657262497797,-0.02281494071245064,0.918851409945633,0.39379184864605316
robot3,912,1722894665627763006,95.50156498268025,-33.14264785701124,56.06605333677346,-0.017462743380416784,-0.015516748234808836,0.9295282074353872,0.3680103187409328
robot3,913,1722894666129169017,94.80031103490819,-32.870951861105745,55.98931562851373,-0.018501517992538786,-0.014348339993934483,0.9409936344642431,0.3376133866853691
robot3,914,1722894666627186206,94.22360477744846,-32.6364200164313,55.81331994902568,-0.018160361972438057,-0.014021759264275116,0.9546778128683193,0.296755564627063
robot3,915,1722894667128445748,93.78118618115059,-32.44510250490031,55.61541724788432,-0.014249583732698332,-0.015436903297672723,0.9683265866806465,0.24880167384370885
robot3,916,1722894667627052398,93.26707951128184,-32.23121502734308,55.66269100387272,-0.014240134215760281,-0.012186671521299888,0.9856668148627156,0.16765927857753227
robot3,917,1722894668125059990,92.66079508831427,-32.0524785828764,55.60246689562718,-0.01782767887998021,-0.01554614660209837,0.9967850777536972,0.07655063656909747
robot3,918,1722894668626761363,92.24722034518044,-31.83113356883822,54.98639792705724,-0.011878866502325783,-0.01248025076498107,0.999757392259364,-0.01372197122206717
robot3,919,1722894669126487139,92.25040340030705,-31.59200000214533,54.29177584417505,-0.00650540416520827,-0.0038537589134198715,0.9975229540913224,-0.06993414273304556
robot3,920,1722894669625690714,92.02502868104229,-31.455341628400266,53.86168254216828,-0.015795354856545485,-0.0008731968239890281,0.9820366525366641,-0.18802594865296046
robot3,921,1722894670126148659,91.97416684926725,-31.336179579165144,53.62667393039175,-0.027625476581219933,-0.002091378499971398,0.9542464095486825,-0.29773519953656524
robot3,922,1722894670624892679,92.01107689391793,-31.116436399103783,53.33733037403438,-0.03304584632259252,-0.002040939238642622,0.9417695930803517,-0.3346249245903786
robot3,923,1722894671127892415,91.85421683920953,-30.904864148591678,52.991916109439806,-0.027128748104149364,-0.0005262183313794207,0.9402342633411687,-0.33944555404344207
robot3,924,1722894671628620862,91.79304497365463,-30.812483931282497,52.47725133199795,-0.02566145854541913,-0.0007917559191683537,0.9403861020829848,-0.3391383813092469
robot3,925,1722894672127084409,91.78747354912196,-30.737489120994,51.81222851329532,-0.029121812953247398,-0.0014545963944777994,0.9360234380847886,-0.35072771135964875
robot3,926,1722894672626060629,91.91837010913757,-30.589075711481026,51.053601679925215,-0.02103279432514203,0.0019797806695452647,0.9351041509780298,-0.35374274389029503
robot3,927,1722894673128205973,92.09163835488528,-30.414801361946388,50.24572516714527,-0.025373765932124027,-0.0021096514108540037,0.9362060508297829,-0.35052810409872714
robot3,928,1722894673624397050,92.13677037311702,-30.209911860516428,49.669355181409614,-0.01599515516553722,0.0007565493608550246,0.9380136896078757,-0.3462281050875488
robot3,929,1722894674125208341,92.09929159327737,-29.975582308283894,49.016258874032204,-0.023989857745220677,-0.003681220757577696,0.9397901699401904,-0.3408890902080706
robot3,930,1722894674626207008,91.93849949935115,-29.738394016558082,48.401302739289804,-0.020796411695403017,-0.006464522338056387,0.9422723334513642,-0.3341385473477392
robot3,931,1722894675125260705,91.7947689240052,-29.48580561576307,47.676128316714156,-0.024701398345707684,-0.0068864389718184035,0.9440788986927149,-0.3287209316748851
robot3,932,1722894675625121628,91.78042608011854,-29.24849262844803,46.92067058661555,-0.027567375615421972,-0.00878921785662934,0.9459517619629553,-0.3230140143868799
robot3,933,1722894676125763328,91.77059136265589,-29.004725503308695,46.11941488253149,-0.03115728485986766,-0.006564840521009928,0.9406854973872973,-0.3377823581454598
robot3,934,1722894676625681994,91.7970670146345,-28.810266830861643,45.35454964655098,-0.027772519799745293,-0.0037359735116187713,0.9411762289598784,-0.33675218735259305
robot3,935,1722894677126040748,91.8442169987921,-28.579836510593445,44.7148986050417,-0.0294530475437988,-0.004636185552992951,0.9418903044699639,-0.33459479691020255
robot3,936,1722894677626418231,91.69600288926863,-28.306069213477812,44.11269249342557,-0.035794518953597546,-0.0059570118620413705,0.9397930913330576,-0.33981202436819596
robot3,937,1722894678123540159,91.52786591147341,-28.08454257822331,43.457960340439236,-0.03189174328959662,-0.00015849794166335388,0.9376190731867875,-0.3461984476925087
robot3,938,1722894678625328578,91.42168084597564,-27.77555313600965,42.61019270164601,-0.03677094386397071,-0.005993491770450441,0.9301213193427402,-0.36535777950916903
robot3,939,1722894679126828199,91.32430199563765,-27.483444639513984,41.8431168484897,-0.04042917456397308,-0.010580714904354629,0.9312872902194715,-0.36188052364262757
robot3,940,1722894679625931468,91.41268997982102,-27.303821847880943,41.06606641031969,-0.03626856186938963,-0.010361387321215398,0.9332792128572883,-0.35716542934778345
robot3,941,1722894680124986320,91.4912278321235,-27.103869670894234,40.38377932865725,-0.025171913003321434,-0.0004428525141350934,0.9356057281487097,-0.35214783846096015
robot3,942,1722894680625874907,91.5255013195345,-26.890212970354558,39.80298450358487,-0.023153642719233848,8.571824413854476e-05,0.9341731576427954,-0.3560679893235303
robot3,943,1722894681135794918,91.51939410527876,-26.726811874745046,39.149283733351396,-0.02714350078607785,-0.0015332131387078868,0.9273075399750842,-0.3733116739775291
robot3,944,1722894681624771762,91.54571246624845,-26.524982385926652,38.495506699966576,-0.028660382581773933,0.0015376643260050738,0.9051317523329397,-0.42416120635601345
robot3,945,1722894682127558561,91.67175146174347,-26.31899132363949,37.71401535451937,-0.03149923166593922,0.005835937601484203,0.8386215119931195,-0.5437717350682557
robot3,946,1722894682626162488,92.04642848218296,-26.31840355709237,37.11438429511241,-0.03121402689795251,0.010138518135548315,0.7947498755739262,-0.6060491153776714
robot3,947,1722894683132202257,92.49036103442694,-26.309580142175676,36.55702019336831,-0.031028535031569604,0.011171078760015668,0.7361771915202434,-0.6759848960579659
robot3,948,1722894683623924290,92.78366603544613,-26.28978252902506,35.95959772085551,0.034974048317907604,-0.01639276679439263,-0.6448092190991289,0.7633669917581273
robot3,949,1722894684125412552,93.28762880503331,-26.294824503715933,35.521674496977106,0.036562443458896296,-0.023635546388987783,-0.5358463339705379,0.8431923001578844
robot3,950,1722894684626313882,93.91297581349798,-26.3696653989043,35.48892893247054,0.03151136124634252,-0.04409002762083764,-0.4164383851335199,0.9075473403432917
robot3,951,1722894685127713529,94.45046567230114,-26.623360571402486,35.796031696944496,0.026195633950846363,-0.046339416980346174,-0.31362721301388763,0.9480529618396729
robot3,952,1722894685625912007,94.84661757580749,-26.865903084243563,36.10312046072721,0.030028983525345384,-0.0421809299814157,-0.24651837292436535,0.9677539569048844
robot3,953,1722894686123673232,95.34890399974518,-26.96713131222816,36.109627815179515,0.02883563075067113,-0.04511036399273327,-0.23600048509105556,0.9702769359808779
robot3,954,1722894686626088202,95.92196102592955,-27.26195747305234,36.157334591703986,0.03086994620961006,-0.0422283467171614,-0.22663864555680288,0.9725732555929806
robot3,955,1722894687127497932,96.45736416212776,-27.688563655101945,36.29424457808234,0.030078893204888796,-0.043843829120077844,-0.24038970364432113,0.9692191543781281
robot3,956,1722894687626709035,97.26108846070684,-28.137467450859738,36.21648437779176,0.029559277441950537,-0.044568589932860274,-0.2609352477511623,0.9638737917328939
robot3,957,1722894688126369821,97.60733903659865,-28.34389968953437,36.578973387426444,0.028873551103967984,-0.05129503138163574,-0.3200113783704013,0.9455833413907414
robot3,958,1722894688631481357,98.14208257394449,-28.760769731611134,36.855277249230085,0.031681859242127776,-0.04638174619059093,-0.31582829738557405,0.9471523003117307
robot3,959,1722894689126651451,98.84150736396671,-29.212986945805795,36.957498796993,0.03261480074809,-0.0488604519340875,-0.29581567435485717,0.9534369500994495
robot3,960,1722894689623956870,99.66361840231411,-29.466684371103504,36.994803230653574,0.033979882250539266,-0.046919752722522384,-0.2383392093800283,0.9694525907329351
robot3,961,1722894690133022487,100.51191600002441,-29.75028937429786,36.98599601317644,0.030116463136058428,-0.04603676221865456,-0.11595056670515311,0.9917303470466916
robot3,962,1722894690627354708,101.1793391450222,-30.220144097085335,37.388898931499085,0.022546983422000493,-0.046110610896645865,0.010343677151888291,0.9986282859223864
robot3,963,1722894691127571257,101.34188325291413,-30.480202238207152,37.790059575313734,0.014319561873861,-0.05730149007722945,0.10523070599341662,0.9926922926560863
robot3,964,1722894691627258242,101.56240132760597,-30.627321216434503,37.955067788418916,0.01772991342336024,-0.05757619218957008,0.18765963882313547,0.9803848694363454
robot3,965,1722894692129062304,102.08140247599067,-30.624091605547427,37.993207430205146,0.0315630520258038,-0.05208807670642434,0.22579432767363694,0.972269267025474
robot3,966,1722894692627961151,102.53491229858342,-30.80893922799981,38.11966618473741,0.026535192404250466,-0.04879157752337255,0.2524228134243497,0.966021733083571
robot3,967,1722894693126422908,102.97411749972866,-30.991800004837653,38.3277693689798,0.03344017360361583,-0.059738137711742814,0.3039608744808647,0.9502214986396176
robot3,968,1722894693625110531,103.5015018149511,-31.31599309829384,38.581901402766064,0.034062662148640885,-0.055539696315723745,0.36464110023513874,0.9288659457638719
robot3,969,1722894694126682283,104.00098096334044,-31.665514581711573,38.80981411392394,0.018913745958608705,-0.05160871438182181,0.413187288382265,0.9089857400052983
robot3,970,1722894694625629233,104.46155991404106,-32.061813304165845,39.02603437690049,0.01441070776264121,-0.07169983983305575,0.4149945504254406,0.906879808787736
robot3,971,1722894695126976045,104.92384603277259,-32.34710612576087,39.32893839936794,0.011256630819287239,-0.06411838528187491,0.4099044283663093,0.9098024403886442
robot3,972,1722894695626242544,105.28236875814886,-32.71112189598635,39.6436447000557,0.015879040338695062,-0.06712971098061019,0.39324310136897295,0.916843127916272
robot3,973,1722894696127706862,105.76633764987483,-33.00918491478963,39.923469856792174,0.01821258829949562,-0.0656272049747058,0.3840655163277652,0.9207904488875457
robot3,974,1722894696625003610,106.30024112106318,-33.33522671721977,40.1406117153467,0.013804870928451616,-0.0554933269174476,0.3826911965935271,0.9221048553478592
robot3,975,1722894697128078773,106.89541541096727,-33.68134881886814,40.430585122427324,0.010495515307233303,-0.06578699150157803,0.3914520686649358,0.9177838491962851
robot3,976,1722894697631857541,107.4123797059434,-33.971855627588205,40.6994047408357,0.011033637879265545,-0.060964089752337275,0.39115126908852205,0.9182387071378861
robot3,977,1722894698126301838,107.86712799683775,-34.257104170503,40.94006287167842,0.011542835663797194,-0.062295560014350986,0.39154324538609664,0.9179759872348839
robot3,978,1722894698628879692,108.400913230437,-34.498263903907244,41.160207647290555,0.018757582272596857,-0.0643601846948522,0.39172716427848947,0.9176359564117268
robot3,979,1722894699125143292,109.04524947064287,-34.78457087769741,41.48878701220408,0.020829320315857155,-0.06679125983268829,0.3953988668095359,0.9158410359614144
robot3,980,1722894699626226692,109.60366388549171,-35.08567389107114,41.827955453751656,0.01749322171212232,-0.06316953728901667,0.40661567960088457,0.9112449099202327
robot3,981,1722894700126767011,110.15756956634965,-35.422740837792325,42.11674977703741,0.02073401291363363,-0.07025910573802083,0.4073175994466878,0.9103439635381665
robot3,982,1722894700627024336,110.84081658626678,-35.67758687538293,42.385157764614995,0.01114643267665025,-0.07371322492447456,0.40349187337655174,0.9119410209157714
robot3,983,1722894701125740775,111.40196085228814,-35.99927247829478,42.62369181801545,0.01712908508841307,-0.07228301271635444,0.39861160284154473,0.9141064219207607
robot3,984,1722894701627155121,112.01149802906804,-36.310631745570994,42.838277222853904,0.02139713378117126,-0.07169060968231662,0.4036373594357055,0.9118549781720225
robot3,985,1722894702126620463,112.61518742506821,-36.59733432966857,43.15270042734427,0.021386748750897536,-0.06568863739136811,0.4031933688265899,0.912503543680679
robot3,986,1722894702627752141,113.20293684369382,-36.94668752187189,43.44942971901463,0.031953434589256355,-0.06645083892704962,0.394656307274202,0.9158655267846543
robot3,987,1722894703124340269,113.82705400484285,-37.32065589410257,43.77412368632338,0.026950788576257524,-0.06286727565701129,0.40053810008083857,0.9137234762389634
robot3,988,1722894703627855775,114.48446914513427,-37.695396557332735,44.03402149454818,0.030922133428181873,-0.06588269080613922,0.39870386460198054,0.9141873555611224
robot3,989,1722894704125100864,115.08403958727078,-38.0865319291991,44.285973947006426,0.03842968445965847,-0.0540532811886218,0.4031654934236424,0.9127206511619784
robot3,990,1722894704627430495,115.56486449864698,-38.45816997551561,44.643600915366164,0.03420356844315795,-0.062198212172303084,0.42044546233524366,0.9045369597258184
robot3,991,1722894705127762332,116.16079571059932,-38.8071308573665,44.98966465562355,0.027536949408644103,-0.06878125574049214,0.4187529614408012,0.9050728216892746
robot3,992,1722894705626351271,116.88370793652558,-39.10465095538289,45.254192282137595,0.03253014978649214,-0.06392471005118677,0.3890013914311844,0.9184407102607889
robot3,993,1722894706123971373,117.65481457720085,-39.07345586898898,45.737218250411296,0.03193643839283146,-0.06557213321271627,0.40068853961268003,0.9133066590536678
robot3,994,1722894706629267673,118.23951822461407,-39.392432252821855,46.04055912297093,0.0322810902739589,-0.0760385639946246,0.39597444583569447,0.9145383022276731
robot3,995,1722894707126499938,118.83800640464192,-39.7760795405925,46.41879182409753,0.02680006106759983,-0.07485410840336952,0.40704688663535776,0.9099403558818412
robot3,996,1722894707629132704,119.52788790156494,-40.16298645840969,46.76797863528471,0.026292767308699047,-0.07013159902103247,0.40320461736178936,0.9120396294811628
robot3,997,1722894708124766547,120.27277001922465,-40.58250585549733,47.10071437240675,0.03083919611512329,-0.07202654865052113,0.39693841146244563,0.9144949522977901
robot3,998,1722894708625123258,121.02463079761905,-41.02911083457975,47.38630254180957,0.024016787604006728,-0.06502974345369995,0.38232421673077543,0.9214241801042172
robot3,999,1722894709124767799,121.66054797705048,-41.48958529026773,47.680621664067196,0.029195489144526368,-0.06523347740026171,0.37248393468580354,0.9252826245212127
robot3,1000,1722894709624008636,122.36070333353149,-41.89141365163622,48.00696992828332,0.034290035928109835,-0.0546521334035635,0.36538745033647335,0.9286169010345974
robot3,1001,1722894710125070302,123.04943118207342,-42.21867387290251,48.37826774581044,0.021199507246942476,-0.06853178888066432,0.40596306159449685,0.9110696830792503
robot3,1002,1722894710625415518,123.71624455054541,-42.51053877593654,48.67925938252208,0.017586373782738373,-0.08025598114958818,0.4154075861413748,0.9059173440900041
robot3,1003,1722894711128597633,124.34939853271919,-42.83488899028497,48.918673311925836,0.014383800729311284,-0.06931126862851064,0.4139678906809031,0.9075349248391985
robot3,1004,1722894711625737044,124.97206414574725,-43.244591185792125,49.21280476081975,0.013815464128583737,-0.063514584177443,0.4216973362006591,0.9044038849921789
robot3,1005,1722894712124638828,125.37005276592309,-43.54720686733646,49.643090957172,0.014941641912192945,-0.06483944381337925,0.46234956461461896,0.8841976441744299
robot3,1006,1722894712626087063,125.48628553083928,-43.73614013159466,50.108717818587564,0.01768688938541533,-0.07851741391982768,0.5880794125804196,0.8047886642804303
robot3,1007,1722894713127638803,125.46871693725383,-43.873701936924746,50.40936306379711,0.01711292093329039,-0.08220329153774895,0.6652340443604713,0.7418985328340401
robot3,1008,1722894713626191701,125.36306993393165,-43.992937047617666,50.79119307182249,-0.005985299125071546,-0.0657982963656222,0.7734113017304695,0.6304519955915326
robot3,1009,1722894714129272044,125.16528025120381,-43.96486750400371,51.15035160733091,-0.017669226554346915,-0.05948065188385989,0.8666692866494061,0.49500929088558693
robot3,1010,1722894714625751537,125.00463582277763,-43.805683468249434,51.48589493282722,-0.029766104359837335,-0.05370394606033438,0.93239569754577,0.356185525263064
robot3,1011,1722894715124926537,124.50868450198786,-43.7471471690689,51.743237824586416,-0.04359328482576774,-0.045450893485462315,0.9822917453583945,0.1764561384600482
robot3,1012,1722894715627483837,123.99132855941441,-43.62125765753734,51.84018308005016,-0.04290409366102329,-0.037310572146012896,0.9973186470477712,0.04607251028614326
robot3,1013,1722894716124640675,123.3750322223443,-43.456639759035276,52.05403680109826,-0.04947678633372193,-0.03598418527496758,0.9980542674215193,-0.012036000410382212
robot3,1014,1722894716633259856,122.4365820526227,-43.199807679796535,52.26269409310591,-0.055031830405106855,-0.033419260765756305,0.9946000633406803,-0.08139634300660374
robot3,1015,1722894717127884772,121.5248645733162,-42.901484192882414,52.524882010786094,-0.0509118913323456,-0.0312362093613743,0.994722953990792,-0.08341776399262134
robot3,1016,1722894717624923725,120.63736837821324,-42.59257614086569,52.63585459496853,-0.05479139104442512,-0.027877917776218092,0.989009013870571,-0.13446893935269838
robot3,1017,1722894718128619660,119.84181718775427,-42.23662806777598,52.643336130942934,-0.04927525670295841,-0.023556593607604388,0.9813110122212142,-0.18451485920608052
robot3,1018,1722894718626584084,119.01630899138144,-41.82067517893539,52.64204339188702,-0.05545496678546913,-0.024070081079039404,0.9813941218912425,-0.1822387318134875
robot3,1019,1722894719127959690,118.27552951940898,-41.488676314175954,52.67359880917941,-0.05710268065923539,-0.02289726666592602,0.981674762921247,-0.1803598039593974
robot3,1020,1722894719626577663,117.59207167898593,-41.245857076828365,52.62297501432906,-0.05246829704837949,-0.022178579213024824,0.9813102555876433,-0.18380797237184426
robot3,1021,1722894720130542537,116.79408737055114,-40.988452700706,52.609616549786395,-0.047386675942635056,-0.02368702531326066,0.9816812507261781,-0.18301734821487095
robot3,1022,1722894720629202020,115.81063163412323,-40.58272044063829,52.73859075314963,-0.059266168718163814,-0.0268324326966386,0.9817396626355013,-0.17875899028967135
robot3,1023,1722894721128050258,114.939134822231,-40.24765720312951,52.793958759917864,-0.05783246839824421,-0.02333892692906064,0.9825214925617487,-0.17539160967104334
robot3,1024,1722894721627306857,114.04921137529088,-39.92644482432704,52.82431966197898,-0.054492383785250856,-0.024727326711912998,0.9832730120117973,-0.1720271004008712
robot3,1025,1722894722124843677,113.21060888868026,-39.51032780522304,52.89901042359172,-0.048955023421040716,-0.023252014839851405,0.9842044425752926,-0.16853594483904613
robot3,1026,1722894722626377140,112.2989529483738,-39.1263520221371,53.002046045232376,-0.04847667418190317,-0.023744757002836056,0.984952477027537,-0.1641792208912475
robot3,1027,1722894723124486846,111.37844228944742,-38.71952262734088,53.12211497363354,-0.05687276450792259,-0.024833745438218795,0.9853630059985543,-0.15877191235929974
robot3,1028,1722894723627850133,110.44430919013955,-38.285860404572695,53.151623109378626,-0.05140587375032475,-0.02167991630336807,0.9863538236530347,-0.15489852141993696
robot3,1029,1722894724125803046,109.4725046061639,-37.9456382907359,53.244854696351446,-0.05211000346693196,-0.020201663148124,0.9869072809221224,-0.15129593255480753
robot3,1030,1722894724628845330,108.53159123607693,-37.61027566572922,53.28169396988482,-0.05383551505393108,-0.020032202133973113,0.9877562023379232,-0.14504527892870397
robot3,1031,1722894725126304527,107.68256254738404,-37.26654223002396,53.42411440847566,-0.05463422854369455,-0.025386566386099114,0.9932063216070888,-0.09955815405217117
robot3,1032,1722894725626247944,106.83649306623582,-37.01956949619674,53.563246512331595,-0.05201211450678909,-0.023549694132892002,0.9951823978301273,-0.07970035696192539
robot3,1033,1722894726125450659,105.9498313034947,-36.743015747331945,53.79031989403115,-0.05246412216077023,-0.023540582701210937,0.9963593662659055,-0.06293941615705136
robot3,1034,1722894726628283505,105.15874784172931,-36.47814265384181,54.00320093737864,-0.0481059102693439,-0.01816011257070598,0.9955382143742523,-0.079118237019681
robot3,1035,1722894727128379502,104.3373479382849,-36.142416250884324,54.13838988568944,-0.05113235046299822,-0.019979388722579934,0.9954949736660805,-0.07730500739260582
robot3,1036,1722894727625835464,103.52389531747974,-35.83583226084562,54.39803023457245,-0.05208327037083299,-0.020050019645659445,0.9955516818332962,-0.07590901434337421
robot3,1037,1722894728126343567,102.80256323755614,-35.58489197602952,54.64721810792537,-0.05701206916168532,-0.016572686090858088,0.9957573785971525,-0.07030087492317741
robot3,1038,1722894728626297016,102.09191110737774,-35.259048486717816,54.81736473323062,-0.045231835307730624,-0.016481908283782418,0.9968697424809477,-0.06271478533797496
robot3,1039,1722894729128101749,101.28333448852959,-34.92856903258743,54.97303937687983,-0.05362393466739522,-0.020959211621305138,0.996865409416147,-0.054263621226177616
robot3,1040,1722894729629926929,100.45539539974592,-34.65740046046205,55.17278232812598,-0.050573470770364566,-0.016481447368464103,0.9974963750698597,-0.04660115523642559
robot3,1041,1722894730129965342,99.59886754595152,-34.44050594199154,55.33360008500859,-0.05190018415360774,-0.01362983972115191,0.997905656257998,-0.03612339356001657
robot3,1042,1722894730627032485,98.69516229247724,-34.11070004375669,55.58806462267395,-0.04897598734863582,-0.016049812723795766,0.9983218898662991,-0.026403794964706157
robot3,1043,1722894731124245121,97.8784562163943,-33.766731764179646,55.67804302580206,-0.04869521194178388,-0.016670554029859175,0.9985441239643912,-0.016140057573284648
robot3,1044,1722894731626297845,97.14841079111793,-33.48281096520689,55.84863649952339,-0.0502205761309141,-0.015115731922120597,0.9985118863338974,-0.01494728174149633
robot3,1045,1722894732124545952,96.4851482169442,-33.2919769612092,56.02303580511113,-0.04663721202112601,-0.01402474333675405,0.9987676473040008,-0.009563667082549247
robot3,1046,1722894732626458652,95.79808623893463,-33.071563065742026,56.3717329144137,-0.050133074968841215,-0.011353790304620703,0.9986207524993789,-0.010693872893468898
robot3,1047,1722894733127506670,95.07444808811812,-32.67434414293014,56.71024275186139,-0.054282025090062816,-0.01124582001255584,0.998453187994492,0.004269035957071082
robot3,1048,1722894733624431375,94.42847047516878,-32.485692316129715,57.052979835050856,-0.04603811839343016,-0.0192333454224392,0.9920941524283579,0.1151510434000137
robot3,1049,1722894734128643335,94.00495832654188,-32.520886326522486,57.570028657547255,-0.031316365085845205,-0.026083759021865494,0.9622521433029021,0.2690905711876033
robot3,1050,1722894734628511147,93.64395677407711,-32.45006861298801,58.13021880256562,-0.02711469756910254,-0.03104468684852759,0.9248025546919932,0.37820795262576884
robot3,1051,1722894735131943180,93.39872011274856,-32.41926257130758,58.52803307407756,-0.022186550625557962,-0.03722412693554854,0.878640555451371,0.4755132970394539
robot3,1052,1722894735625160850,93.32587000480231,-32.38036679224918,58.71526481388787,-0.014138790224314156,-0.0395383436565661,0.8192885351883856,0.571841857597673
robot3,1053,1722894736128117400,93.37042544557957,-32.53921793102012,58.9847740011396,-0.009548548571638343,-0.038246687690350986,0.7322467306953305,0.6798975963238082
robot3,1054,1722894736625142433,93.51054990109036,-32.75203293823704,59.28814681086345,-0.004387142406618186,-0.044075499008439656,0.6373869722042127,0.7692697517990729
robot3,1055,1722894737125084548,93.72943223698253,-32.9929297939838,59.808376145201976,-0.005380571913763071,-0.04391299689096514,0.5672339936996829,0.8223674936069901
robot3,1056,1722894737627903082,94.00123508280217,-33.353145989881206,60.38357713267015,-0.004744968395628967,-0.04085334712505347,0.5567769586419611,0.8296432411759962
robot3,1057,1722894738132646437,94.19921158114612,-33.584542098481556,60.98738321338529,-0.002099090239950362,-0.04143333971134362,0.5533948260723874,0.8318852316617005
robot3,1058,1722894738626414131,94.12815485769691,-33.68169062592305,61.69508095580371,-0.0048995205383767435,-0.04283262566357281,0.5695256186999825,0.8208422080532046
robot3,1059,1722894739125175464,94.12061852642915,-33.91723324356648,62.356888183813496,-0.01026404240187784,-0.039368702266674764,0.5901552093739452,0.8062639664304769
robot3,1060,1722894739628297027,94.283883134375,-34.21797154358521,63.062323434263604,-0.013088668118622877,-0.03950424471427536,0.6109846460330365,0.7905478250734236
robot3,1061,1722894740127173516,94.39066212886084,-34.48287469509282,63.7117526768664,-0.011685494659608922,-0.03605353124437784,0.6402150153423913,0.7672602728080691
robot3,1062,1722894740629371167,94.43826726658607,-34.69104200171623,64.36431849339266,-0.009145115217883784,-0.035116506778274416,0.6395736574453926,0.7678728635140497
robot3,1063,1722894741126794377,94.35158336531089,-34.791673009383985,65.03670227477564,-0.007011221372167294,-0.03744191397488651,0.6752275506340005,0.7366252104819491
robot3,1064,1722894741626760880,94.28063807094185,-34.89535861760018,65.69589769265016,-0.013913898412262518,-0.03132656660687398,0.6912396034682926,0.7218122056688956
robot3,1065,1722894742126053782,94.24809625439819,-35.03689259726848,66.3365637466159,-0.011381807026266223,-0.0357081607697161,0.6975253337112871,0.7155793391051886
robot3,1066,1722894742628257520,94.16285403101327,-35.15073337460035,66.91905991641237,-0.015979745908562278,-0.031399737619781515,0.694547260397987,0.718583890211684
robot3,1067,1722894743125654940,94.03266839146238,-35.304709128987554,67.55572777708512,-0.011945908862644081,-0.04112964203302636,0.6900822146791621,0.7224625836617308
robot3,1068,1722894743627717675,93.97741483478316,-35.43882872911652,68.18858365880537,-0.011655568816091493,-0.03829487479884639,0.6864256352714974,0.726097443544484
robot3,1069,1722894744128413115,93.83427977694632,-35.5863751164408,68.74688719913763,-0.006042564740232639,-0.04666743678200649,0.6778670099221383,0.73367700973574
robot3,1070,1722894744627516142,93.72872363859982,-35.75255030880978,69.31597375901481,-0.0024668344615856375,-0.05191080103916406,0.6649240431552562,0.745100798749591
robot3,1071,1722894745127698570,93.70437734907368,-35.89073587335322,69.78052491633089,-0.007622723570069885,-0.04236677496966248,0.6532776805109076,0.7558936582683656
robot3,1072,1722894745633318192,93.69748433236146,-36.02510285438624,70.28005500794953,-0.003195123126473528,-0.0406872624657441,0.6440609708180816,0.7638846796016534
robot3,1073,1722894746127912936,93.78536656962801,-36.19758308009487,70.85583142783463,-0.004062407116826124,-0.035807708407784564,0.6377257886727173,0.7694199915057841
robot3,1074,1722894746623652886,93.79075280095265,-36.42513284640298,71.41970718361831,-0.0036180334308628403,-0.04035520409002709,0.6321708605740994,0.7737689386231189
robot3,1075,1722894747126669456,93.72589512838718,-36.58399806826516,71.92250617376712,0.0006261124703799622,-0.04938958537319061,0.6256489012909514,0.7785394846462599
robot3,1076,1722894747625591801,93.82929764678404,-36.73026978092276,72.5254511788574,-0.014897519839388763,-0.026328252269730117,0.6188583223442411,0.7849199092266216
robot3,1077,1722894748127753633,94.06416783572497,-36.97529719306954,73.21554510620412,-0.01058444672940389,-0.036393777382550244,0.614040527449831,0.7883639344264773
robot3,1078,1722894748628106987,94.05216340835076,-37.17565054892876,73.89954007598863,-0.009449901493538524,-0.03734093750188544,0.6198523015379179,0.7837725933115989
robot3,1079,1722894749127982247,93.90390566421864,-37.34155209042067,74.53659569710968,0.0010118086600000359,-0.04818353273621456,0.6205144545412485,0.7827126772460445
robot3,1080,1722894749624932388,93.7862438605159,-37.50432244626249,75.13106107520697,0.0018429592628888896,-0.045330749111446654,0.6270102560631825,0.777688797320453
robot3,1081,1722894750125815151,93.88669408427998,-37.76044483134266,75.79332247134585,0.002267891603231448,-0.04123972166471669,0.6306080037562244,0.7750017339485651
robot3,1082,1722894750625329767,93.967329394056,-37.97334043649901,76.41885817884139,0.0031361654317165573,-0.036271055697602875,0.6274197980999983,0.7778296548326783
robot3,1083,1722894751124861574,93.98319975836618,-38.12220575969078,77.03849531219564,0.004865232462579307,-0.03928165420690013,0.621636286406955,0.7823053167261647
robot3,1084,1722894751628211709,94.01459973488024,-38.262146848886566,77.69380222499302,0.004484314305812649,-0.03453836199610956,0.6182484737676547,0.7852106832944888
robot3,1085,1722894752125502403,94.04690626904082,-38.45029564525634,78.33820752019244,0.005474791601030303,-0.03649139930972698,0.6139995284086204,0.7884433927349098
robot3,1086,1722894752626338875,94.11994384308875,-38.66084492662003,78.96467012043477,0.0018560601661246163,-0.03429553012463177,0.6091531035830853,0.7923085687086977
robot3,1087,1722894753123860647,94.18397920142951,-38.83445732825102,79.59541398504587,0.005100894640807246,-0.03723599851618525,0.6162088317483767,0.7866855388042079
robot3,1088,1722894753628052642,94.19552457953468,-39.00306243738236,80.18547569333832,0.007782610483528756,-0.03634341460370158,0.6100269842918457,0.7915084747649902
robot3,1089,1722894754124487140,94.12720525619461,-39.107361478879355,80.82181734965438,0.005078889551795456,-0.037391957219858094,0.6131600991317412,0.7890568669297178
robot3,1090,1722894754625736519,94.08377371704712,-39.249839038944295,81.50424564623019,0.0014212953596896497,-0.03707608463852146,0.6475260679089393,0.7611394978883735
robot3,1091,1722894755125434444,94.04034905005332,-39.48743192260212,82.23250573159075,0.0022038525242401006,-0.03998205091190417,0.6757867385317577,0.7360087381706408
robot3,1092,1722894755628766511,93.89402013542492,-39.60957703108524,82.91060789986383,0.0002835991632987629,-0.036629208294609576,0.6975039207586357,0.7156441163019197
robot3,1093,1722894756125775395,93.73406890778658,-39.708224526071106,83.47987492851833,-0.0028326445188012355,-0.03973982611517801,0.700560724323153,0.7124797498042909
robot3,1094,1722894756625115784,93.59694029788962,-39.82692545583326,84.06477656773754,0.0008523761321566344,-0.04601608946342135,0.7129077852312928,0.699745870100022
robot3,1095,1722894757127030679,93.4995720486338,-39.95716041907429,84.67041225957003,-0.003257000003913928,-0.04785080187150497,0.7129431250095624,0.6995797261305019
robot3,1096,1722894757625530239,93.40345658068709,-40.159477391372604,85.35108417995009,0.0015878630756711533,-0.04397214749075731,0.7087158827888532,0.7041205340129774
robot3,1097,1722894758126957198,93.2491448938708,-40.229567471514095,86.00585238281559,-0.005217405535031766,-0.036457267278286375,0.7062403300863953,0.7070136084274065
robot3,1098,1722894758626676397,93.02034375749265,-40.3414146008021,86.68207090974262,-0.007271822693996658,-0.042378321978381255,0.7006043665187013,0.7122532695859901
robot3,1099,1722894759126887708,92.9522551782583,-40.586404154015504,87.45224794743001,-0.007330868779796023,-0.04237107566721014,0.6880002130939054,0.7244354057419321
robot3,1100,1722894759625371777,92.74888533666083,-40.76570997043918,88.11851374733641,-0.004871960081320541,-0.04648884909858702,0.6624320502930938,0.7476622430342077
robot3,1101,1722894760127181219,92.54087049301667,-40.9418873133464,88.75038856630609,-0.0034328908331663437,-0.04880419503586213,0.6528140862211615,0.7559365943243249
robot3,1102,1722894760625815747,92.3985123287535,-41.08345025620849,89.52264664209328,-0.0036722705267873187,-0.047241406257338046,0.6727226586894862,0.7383759126960713
robot3,1103,1722894761130618319,92.31776579427073,-41.20572825548497,90.26456499179555,-0.010430991705791696,-0.03905927192100278,0.6678803017085055,0.7431698798247884
robot3,1104,1722894761627087533,92.26973820668664,-41.33495477176002,90.92469541370625,-0.004159878832656111,-0.03518736929450403,0.6636625903829008,0.7471924187091888
robot3,1105,1722894762124587612,92.23886123514541,-41.490128000040244,91.57700644577339,-0.0042556613072154085,-0.031699509032737584,0.6582528482127631,0.7521171572924704
robot3,1106,1722894762627931879,92.14572877725473,-41.66233588272161,92.21112745272423,0.0010409462589212218,-0.034845653044782945,0.6509721777347125,0.7583006796186422
robot3,1107,1722894763124612669,92.10023981924175,-41.80011288151439,92.82111150526934,0.0026727684750730766,-0.03041378816022638,0.6372501851400376,0.7700519848279148
robot3,1108,1722894763624504524,92.08111350429772,-41.99072898982112,93.42726121173003,0.000239511466639965,-0.03184837317061486,0.6193653934156906,0.7844565846493159
robot3,1109,1722894764125040804,91.9478617706661,-42.03909955511685,93.92902252609618,0.0020741481552982257,-0.0341478874391325,0.6079082637410873,0.7932699178515284
robot3,1110,1722894764629230028,91.96805137693512,-42.15720455076993,94.48070242061083,0.004250725606011446,-0.033846358976395305,0.597513304222221,0.8011330767065525
robot3,1111,1722894765127660802,92.19645854621336,-42.430450046837755,95.0759154408442,0.005544207583121426,-0.030443829757132196,0.5864055206587643,0.8094263402761969
robot3,1112,1722894765627336918,92.27954493988474,-42.62353083524178,95.70768737493572,0.006893745840119267,-0.03449649453694008,0.5844235553805049,0.8106858676758616
robot3,1113,1722894766126732085,92.17019485107592,-42.80290542956898,96.34331560389965,0.0023199308254768032,-0.031637378363372,0.585637292803122,0.8099522550678454
robot3,1114,1722894766627291703,92.00643743790727,-43.129494052911724,96.95211288631006,0.0044512818793375555,-0.03280696465750748,0.5850562432372995,0.8103166550236085
robot3,1115,1722894767127183181,92.03970690009146,-43.41704922107458,97.53108923285808,0.0003183130528986789,-0.024710135278756012,0.5832988889351204,0.8118815886928094
robot3,1116,1722894767627113862,92.05692754880619,-43.65504483632941,98.11765940858164,0.0012874873787200548,-0.028544453641711785,0.5861147704919796,0.809724047039286
robot3,1117,1722894768124685422,92.14373414492398,-43.84207945306879,98.85003735067413,0.0029238008744698262,-0.02808215645457838,0.5856856486811712,0.8100463966997339
robot3,1118,1722894768625345782,92.22255005560916,-44.10728476143066,99.57653222116198,0.0037461589863934715,-0.03128648228268695,0.5925937147439505,0.8048849679085759
robot3,1119,1722894769127767871,92.23678214211114,-44.30088700108223,100.3133839737231,0.007900984062015308,-0.036389404127662006,0.5909432037739983,0.8058532841847877
robot3,1120,1722894769628523606,92.2441750917235,-44.51535995871857,100.97606126000889,0.007308660663876777,-0.03453115333767086,0.5880691171856106,0.8080401576289431
robot3,1121,1722894770125529036,92.23373302317016,-44.70683073871041,101.603606717729,0.011231014195005069,-0.03726951380877648,0.5862874125904327,0.8091674224155496
robot3,1122,1722894770626670779,92.19210955742213,-44.94306940545489,102.22755652442092,0.010641713045474899,-0.03340268350208212,0.59888346037528,0.8000685067962917
robot3,1123,1722894771128348890,92.40637051800334,-45.17323117198059,102.9685014873134,0.009186091761531068,-0.032646657505868946,0.6019110596063711,0.7978426460119682
robot3,1124,1722894771628022071,92.53497160350013,-45.37518700137055,103.65597644062687,0.006996476140997385,-0.03239255679340359,0.6016407819163009,0.7980790318766284
robot3,1125,1722894772131808805,92.64355591949159,-45.48208886431488,104.35986158345786,0.009109563424546795,-0.030982080167420087,0.6008830384222272,0.7986843561127174
robot3,1126,1722894772625653685,92.69577626562187,-45.72530019476753,105.11843104768788,0.010315040938330957,-0.037675602429560785,0.598985493839504,0.7998065560383059
robot3,1127,1722894773125157797,92.72077675980624,-46.0911728692125,105.8533566973925,0.01050830909735463,-0.03860410362545576,0.596947332514147,0.8012822104773286
robot3,1128,1722894773627582039,92.6044347012921,-46.39463293010739,106.57273241665948,0.005409531451220058,-0.03354531264131458,0.5937652839393761,0.8039205411964958
robot3,1129,1722894774128298646,92.44430374559899,-46.62702966961626,107.2964805825129,0.00624326127093235,-0.0360034190750859,0.5909926633803887,0.8058488985747646
robot3,1130,1722894774624571678,92.4406225799513,-46.97080211566663,107.95082759545502,0.011321495868231786,-0.039891033227116506,0.5917610784304509,0.8050461820629972
robot3,1131,1722894775126018687,92.41273200245134,-47.273064639184255,108.68797180992806,0.0071930762330503365,-0.03444491433632952,0.6039675583613896,0.7962317476574581
robot3,1132,1722894775629853017,92.47331185315224,-47.595692426241534,109.44764331508128,0.008245592708252626,-0.037150675552870376,0.5924999022923175,0.8046711771217165
robot3,1133,1722894776124848452,92.44423767062467,-47.81551520341727,110.1260393393532,0.00932684983659137,-0.03658121962212335,0.5828518519586141,0.8117010181781821
robot3,1134,1722894776635632781,92.36086486867143,-47.92778762047048,110.80490981918534,0.008525675156531881,-0.03799471677325328,0.5862546571930927,0.8091904542688668
robot3,1135,1722894777123770057,92.31038707939712,-48.0162762828368,111.41330610220722,0.007015323880045488,-0.03772171896155427,0.5899099739978306,0.8065569290058342
robot3,1136,1722894777628371738,92.33350294677936,-48.17019777425801,112.05799815495334,0.006898217917746691,-0.03708064861880972,0.5898406564988613,0.8066383576476883
robot3,1137,1722894778127590121,92.39109031853138,-48.29601474335047,112.70971518685884,0.0053735194987830845,-0.03925473433108798,0.5886645066621811,0.807405901462804
robot3,1138,1722894778629961957,92.42831435289945,-48.48494415438621,113.3881190738784,0.0017251175314831114,-0.035173248177353615,0.5897119020505694,0.8068455485172218
robot3,1139,1722894779124897921,92.44543977813436,-48.68496725006699,114.08501668606722,0.0027151078179246907,-0.03675258037598478,0.5879488627511458,0.808058172915093
robot3,1140,1722894779626181394,92.47360306503137,-48.85994494532773,114.74814247196768,0.006198167441719076,-0.039082230073039036,0.5919712851807601,0.8049870555073053
robot3,1141,1722894780127131089,92.5408739596362,-49.05521258848676,115.41752630573117,0.002507331812090186,-0.03861002184448424,0.6002235186054,0.7988959301519225
robot3,1142,1722894780627308566,92.5695886777698,-49.278483190832965,116.07277124197282,0.0029745717536903277,-0.038480096312609624,0.598228108489966,0.8003958797514964
robot3,1143,1722894781125310551,92.66185999846938,-49.52880456884241,116.77541769234874,0.0013419189065793776,-0.03920588177123075,0.5942642878530224,0.8033125507987091
robot3,1144,1722894781628355730,92.7223598685201,-49.76312505687567,117.45303443902058,-0.00019744981518847105,-0.037795401905170604,0.5909182947546495,0.8058455419822426
robot3,1145,1722894782124704756,92.77382922099461,-50.02348166074027,118.1091949174266,0.0016878428495337755,-0.042380280850316435,0.5876849182372513,0.8079774129627875
robot3,1146,1722894782626189101,92.82444865174577,-50.240199712740946,118.7524716271442,-0.006383102754503923,-0.02517157291507728,0.5772750009628863,0.8161367662221242
robot3,1147,1722894783127665474,92.89353437510066,-50.4107799512856,119.3892940545022,0.002759551759603167,-0.03294560043247844,0.5686675962262011,0.8219027541555898
robot3,1148,1722894783627357690,92.98225488335774,-50.60157822876712,119.99791445695556,-0.002882258573643197,-0.02421990123732823,0.5599821595648348,0.8281455608398035
robot3,1149,1722894784128730114,92.94570347662626,-50.725682021127916,120.55284692900503,-0.0006093101843379431,-0.025220364305252735,0.5577155074759846,0.8296487055894287
robot3,1150,1722894784627682936,92.99393671377861,-50.83099041358667,121.10172359058987,-0.006024580526747362,-0.021509133554269966,0.5602622084358994,0.8280140816445999
robot3,1151,1722894785129166453,93.13434484337785,-51.0299183149304,121.69689712703155,0.002033555177672424,-0.025157109946025824,0.573515413475883,0.8188058713627363
robot3,1152,1722894785627840020,93.29108613645745,-51.222334220159695,122.31658639132715,0.007225555155947079,-0.025108904202095234,0.5812143336357667,0.813330949035379
robot3,1153,1722894786126932755,93.50615346354611,-51.44156625900398,122.86445668274521,0.003428814320872144,-0.025709084663438853,0.536378885370058,0.8435786729922085
robot3,1154,1722894786624710680,93.6071578395971,-51.653439428089555,123.45529838713547,0.002472163636954178,-0.026892640958471305,0.5483218853589811,0.8358311936662828
robot3,1155,1722894787127273411,93.63441966681425,-51.83353124113216,124.06076709348437,0.005972552838855749,-0.03224880319470236,0.5574161934687284,0.8295851557036985
robot3,1156,1722894787627343052,93.661400111765,-52.06924260908536,124.71750303242729,0.0031124106634385475,-0.032086880684209604,0.5573981094634413,0.8296192455303825
robot3,1157,1722894788125529508,93.75210039565296,-52.284780409107206,125.37330549695443,0.002011928000379294,-0.03383710472823276,0.5561764584777514,0.8303726570188098
robot3,1158,1722894788626218088,93.80732924791752,-52.437666599840604,125.94471607378358,-0.0001046918670405992,-0.0330431681716537,0.5550135567081202,0.8311847507906981
robot3,1159,1722894789124978304,93.8971730777455,-52.62480335782062,126.53120024819131,7.368201485364307e-05,-0.0355603279892202,0.5535176313653777,0.83207793469838
robot3,1160,1722894789628643427,94.01461041801025,-52.85635894674959,127.12680226205266,0.0023855602065423935,-0.03499124495119929,0.5515293118360802,0.8334178664180927
robot3,1161,1722894790125402589,94.27888283813002,-52.937570948093246,127.9444952686178,0.002212505591334969,-0.03268133521589058,0.5490243064999132,0.8351642628967096
robot3,1162,1722894790624822897,94.54657031112536,-53.03170921529926,128.75330328638893,0.005575508453032064,-0.0361502454994407,0.5516333652518612,0.8332842875014067
robot3,1163,1722894791127170102,94.60803721049852,-53.17593721166789,129.49378407479932,0.003313445450856371,-0.03443889269833156,0.5627270035171495,0.8259184604194092
robot3,1164,1722894791632823145,94.55729879508343,-53.344542026650366,130.10580938231573,0.007139934642116475,-0.0330771750895184,0.5648664578690221,0.8244882088883431
robot3,1165,1722894792126407181,94.69057031179776,-53.57879690338665,130.75486730891637,0.005742001353045805,-0.03144062201778643,0.5644473020035511,0.8248501439464675
robot3,1166,1722894792625763914,94.63531733592464,-53.69820075194266,131.29584152548583,0.005802597209985209,-0.033544977387227615,0.5779623829792007,0.8153530206105285
robot3,1167,1722894793127028466,94.64339405996351,-53.88201405323285,131.85191915740475,0.006342918395313675,-0.032716431498262026,0.5828791117055456,0.8118752020068133
robot3,1168,1722894793624730334,94.80437900609792,-54.13896811822137,132.43757155494737,0.005335566972737905,-0.03667808642951172,0.584143338540906,0.8108038047143298
robot3,1169,1722894794130162197,95.0006478007906,-54.428082068868456,133.15393573451718,0.0030943843418371622,-0.033399417240247496,0.5821897387005416,0.8123607646023729
robot3,1170,1722894794627002284,95.10680955651641,-54.65263024099484,133.8806826224034,0.0017424292351133957,-0.032320413695669986,0.578726327795975,0.814879250143656
robot3,1171,1722894795127207865,95.01020089867376,-54.80599282727956,134.52917661211637,0.00488025233245754,-0.04004478545915837,0.5764710060572903,0.8161211781776018
robot3,1172,1722894795625276055,94.98278608053626,-54.98654698212608,135.1710021799276,0.001283570316920997,-0.036353835373324414,0.5755059327005377,0.8169881715957551
robot3,1173,1722894796127913023,95.09566156283131,-55.22682496955174,135.84146657993912,-0.007136332137978455,-0.0210812644202219,0.5833959188668155,0.8118829071384649
robot3,1174,1722894796625048164,95.23013815987893,-55.49070321821341,136.58426299317532,0.010007139949427792,-0.034285429326030896,0.5781464162966418,0.8151509601351841
robot3,1175,1722894797125094989,95.22372499985234,-55.718092456026454,137.34404249541694,0.010669039498415106,-0.032606537408650806,0.591795686139113,0.805357592117648
robot3,1176,1722894797629365716,95.14390120466501,-55.978665784103036,138.0706720146879,0.010949289832637632,-0.040552376813862534,0.5897390830603804,0.8065007326084764
robot3,1177,1722894798125972162,95.19455449494092,-56.23622801523196,138.8013222131996,0.004996184367068313,-0.034260102740829586,0.5923827896030088,0.8049123642261408
robot3,1178,1722894798626938140,95.26016394740323,-56.470749429737104,139.5189501638436,0.004166266858168301,-0.029181717839846404,0.5938200961710409,0.8040576863308987
robot3,1179,1722894799128081388,95.36169024009732,-56.678980043735194,140.2925662913548,0.0060131080913286535,-0.0294742228314064,0.5919390775430466,0.8054211576542137
robot3,1180,1722894799626034422,95.37916962568669,-56.8805732694122,140.98901496798308,0.005091985171705895,-0.029999658906730953,0.589865245697559,0.8069281777646937
robot3,1181,1722894800125584007,95.35779070545279,-57.08408173918642,141.7270888138337,0.006753981176312006,-0.03373408013752595,0.6047840404558931,0.7956460645195135
robot3,1182,1722894800628815757,95.30804665522517,-57.31164126506575,142.4728049532244,0.003962558835794241,-0.030630759057461897,0.6202753407303908,0.783775833008925
robot3,1183,1722894801128010609,95.29833174198646,-57.53520960648752,143.17058679343606,0.007202162981496295,-0.0308867532711289,0.6187534010048035,0.7849448172105765
robot3,1184,1722894801628459299,95.27677334131249,-57.700875307095785,143.80441442424814,0.004895114602251146,-0.028117365488331172,0.6168983669384089,0.7865251785415077
robot3,1185,1722894802125960040,95.32470713619367,-57.8405857351644,144.46476975272026,0.009805167931009754,-0.03301423632721886,0.6151609570118262,0.7876489800982855
robot3,1186,1722894802624725627,95.44317650085881,-58.072106298524254,145.19783057396447,0.010587277402984683,-0.03246749261041548,0.6134174640012955,0.7890201431769687
robot3,1187,1722894803127076728,95.41920694448822,-58.2858498935538,145.89497902861314,0.007826163268342599,-0.033386562317573275,0.6103428386893549,0.7913947863650178
robot3,1188,1722894803628815974,95.38059997931293,-58.49030426403923,146.61575596950317,0.00503875427809237,-0.028963441958960518,0.6072462061661662,0.7939696310829609
robot3,1189,1722894804125251078,95.34891598494401,-58.74722411765488,147.38148294333533,0.005355344775151527,-0.03036249319389995,0.6032089377800507,0.7969870868914081
robot3,1190,1722894804628565074,95.35576418208161,-58.98814904349141,148.12291106091968,0.0053127563641685764,-0.027924017061866636,0.5999937374757777,0.7994995552724161
robot3,1191,1722894805127155618,95.31202567837667,-59.154531816893,148.77132320713716,0.007508332363416182,-0.025991264538171324,0.5976486746976277,0.8013015292291638
robot3,1192,1722894805624362750,95.35319355038912,-59.290846542687284,149.42467990747903,0.008564149048240953,-0.02649961995654224,0.6033970884477411,0.7969544398182542
robot3,1193,1722894806125124942,95.29982785351626,-59.413189407344724,149.99678088900637,0.006804076268141898,-0.026215963660637463,0.6024640326506309,0.7976863526210166
robot3,1194,1722894806629579060,95.1730538509045,-59.46893966054228,150.39092519607763,0.00893213500737876,-0.026115108331148138,0.6021104437283622,0.7979356061953227
robot3,1195,1722894807125565170,95.12110947099653,-59.511091636004174,150.71494077153466,0.00881922772256724,-0.025672677062524372,0.6014997142214802,0.7984116912134357
robot3,1196,1722894807626263874,95.2448057509977,-59.61722911688932,151.01353564731576,0.010275438652274382,-0.02478618116901343,0.5943380990276226,0.8037675563418767
robot3,1197,1722894808124415167,95.37014894984581,-59.736633277042735,151.12270943509222,0.01195222964654622,-0.025877373728891886,0.5445878526835269,0.8382192889959743
robot3,1198,1722894808624164117,95.43116061122701,-59.783095197766656,151.1964775217199,0.014324828373315309,-0.027785113773045704,0.5032533751974879,0.8635732899395571
robot3,1199,1722894809127220189,95.79779305871523,-59.97419224413706,151.2097289282997,0.017405521828203246,-0.02780900047769985,0.3670450642680954,0.9296244554112962
robot3,1200,1722894809678690565,96.09081247946818,-60.13423125266237,151.12816603637341,0.02072014952284769,-0.03116423952216939,0.23128520114916826,0.9721659432978222
robot3,1201,1722894810126185082,96.27994411835462,-60.23453180592525,151.07146255375898,0.022331504117655002,-0.03110583005382117,0.11164304735534923,0.9930103530365216
robot3,1202,1722894810628759144,96.51626862987325,-60.36943293937995,150.94221031113474,0.024767341462285347,-0.027655711144399287,-0.015946764267362704,0.9991833871454174
robot3,1203,1722894811124063621,96.9500386527198,-60.56061712209006,150.89784424046806,0.02252225626489232,-0.029889805643848324,-0.02562173831479092,0.9989709074928257
robot3,1204,1722894811626081473,97.62184961465411,-60.84703417556633,150.83265967738114,0.021081036698966393,-0.03106227505387205,-0.024646925499409764,0.9989911180904467
robot3,1205,1722894812125703349,98.35387427188064,-61.17867272455193,150.8631442285049,0.023435523531527315,-0.035366742503163746,-0.014349206835939392,0.9989965315378716
robot3,1206,1722894812624964394,99.02998638982531,-61.613692169058254,151.16636095979166,0.020278400659250975,-0.03437402992838713,0.09734909597839109,0.9944497805547424
robot3,1207,1722894813125101655,99.62794358022177,-62.110030091600045,151.72365203127364,0.014864905778116708,-0.030745979778239493,0.18947636390159753,0.9812912038871606
robot3,1208,1722894813626302651,100.12513063378127,-62.53530860854328,152.3147193091453,0.008831765590987575,-0.029997432445712822,0.27525374204966635,0.9608629098112105
robot3,1209,1722894814127336259,100.71646517129372,-62.90718486009654,152.80303170507491,0.010520499707730712,-0.03175319235498867,0.27496176732952704,0.960873082341362
robot3,1210,1722894814627591723,101.32356578920867,-63.2308491432476,153.23923122590875,0.010893891587376888,-0.03673238980217502,0.2674952119730076,0.9627971573685805
robot3,1211,1722894815127991725,101.94995427118862,-63.56325403095234,153.47823643185606,-0.0013469659753153965,-0.03521938412048845,0.12524075500124168,0.9915001431929064
robot3,1212,1722894815625277223,102.25950772636887,-63.748365598812434,153.41131631822213,0.006097502619216299,-0.03078286345106378,-0.033150098371245634,0.9989576100904075
robot3,1213,1722894816125787984,102.44426080736238,-63.97119803818217,153.60332708818478,0.008601812153230609,-0.038274542916886194,-0.050289125665854,0.9979639632932383
robot3,1214,1722894816627782533,103.03089959518329,-64.29609708826469,153.63962975057837,0.008518486774062063,-0.04934408877898138,-0.06711926137068545,0.996487632155415
robot3,1215,1722894817124048367,103.63370415782322,-64.61329784583835,153.58093838175847,0.010010910387339993,-0.033609705752585366,-0.08527442038939351,0.9957401481208309
robot3,1216,1722894817624805927,104.37297031144378,-64.85118097714873,153.50975392053863,0.011476054910875597,-0.027460773014390757,-0.1229973120779538,0.9919606178325494
robot3,1217,1722894818127637462,105.03118516740501,-65.06964769023878,153.46572044125588,0.01128311581187417,-0.0318471100994644,-0.13305451166908774,0.9905326596333858
robot3,1218,1722894818628591822,105.70598773552534,-65.40036754256401,153.315141617389,0.015909438170027136,-0.02705290300893218,-0.12336827610181211,0.9918645566142438
robot3,1219,1722894819126983868,106.33386252974435,-65.68965506051946,153.19036269980157,0.01669432579791313,-0.027664475709363614,-0.10508611074109582,0.9939380692976747
robot3,1220,1722894819627490873,107.10990476918707,-65.98100298125897,152.97432314056582,0.017020098054309596,-0.0341745386675304,-0.10423730512401333,0.9938194007914952
robot3,1221,1722894820123384112,107.72465476459853,-66.3331718107419,152.82268726188445,0.018463878750186867,-0.03118303236109635,-0.10442592138609519,0.9938721902824982
robot3,1222,1722894820681404344,108.43657672223168,-66.72947370788965,152.77130440381214,0.017938202341533403,-0.03148130725114811,-0.10243706761922061,0.9940793707587379
robot3,1223,1722894821127202820,109.09318613274235,-67.01966709252783,152.64854530723954,0.017919469574491947,-0.03323159652612476,-0.10193306876028826,0.9940745460455187
robot3,1224,1722894821625010068,109.9007462674282,-67.35889728199814,152.48916835550645,0.017436782069927118,-0.03150640491473323,-0.08149930136929437,0.9960226749209637
robot3,1225,1722894822124279079,110.72492178662102,-67.73179542284761,152.42583694958304,0.016885938710694312,-0.02902635263671201,-0.07775623056314084,0.9964066963519863
robot3,1226,1722894822625096929,111.43443777690916,-68.10161918967741,152.35942450555035,0.018765888743429184,-0.030715129262470726,-0.07525123440717735,0.9965147635505732
robot3,1227,1722894823125774506,112.11527554644502,-68.39750978530496,152.28788746884703,0.018439266923853656,-0.03388911081526969,-0.0702174517668277,0.9967853485434235
robot3,1228,1722894823625324048,112.81461806113715,-68.72758515902848,152.1917234766006,0.020224231288073838,-0.02816954046702492,-0.06245655873037668,0.9974450539905655
robot3,1229,1722894824127537293,113.54031358102237,-69.0849985883371,152.0425334103537,0.021627224658741586,-0.028072777046901757,-0.053618932439613284,0.9979324588500322
robot3,1230,1722894824626421279,114.28210168145442,-69.44907493148486,151.93683350181158,0.018249823028322024,-0.02679904580658092,-0.044916460244460034,0.9984644544010566
robot3,1231,1722894825126683847,114.96104214387616,-69.71820266242194,151.97004051532102,0.017181170745138072,-0.030483995396193023,-0.009486292415265945,0.9993425557098644
robot3,1232,1722894825625922028,115.70133531470385,-70.10963121323168,151.90388611331284,0.014511957574233804,-0.03205864490110665,0.012599622429088863,0.9993012037864824
robot3,1233,1722894826124792691,116.42792466026688,-70.50766334660833,151.7953693483811,0.011175071993190573,-0.039312336768620934,0.01716399324954734,0.9990170445390143
robot3,1234,1722894826628568480,117.1340583897712,-70.82651730091011,151.76276287742982,0.016426624691993814,-0.030204969782862273,0.002688212610110078,0.9994051227178133
robot3,1235,1722894827124354287,117.85296328068436,-71.12337657538217,151.71667992859045,0.016240138178274657,-0.02359363496006441,0.022057299255139245,0.9993463232788177
robot3,1236,1722894827628939665,118.53424621537182,-71.4429113332596,151.70443295250448,0.013906564203534906,-0.031563689266362466,0.03146477073486768,0.9989095600676527
robot3,1237,1722894828125630767,119.2337307671715,-71.72403382434972,151.62453237719657,0.013710148754365941,-0.026214124612329994,0.04247319474763222,0.9986595411950321
robot3,1238,1722894828625397671,119.91426914319013,-72.0175153816125,151.53200674507818,0.015612722507143371,-0.03253584221050608,0.05446166531090272,0.9978635121493976
robot3,1239,1722894829127239770,120.5217052537552,-72.35925593668371,151.4116968068757,0.013839973278239093,-0.033953122915384305,0.07136163430785289,0.9967763830131925
robot3,1240,1722894829624423281,121.23054815049068,-72.74564298793466,151.2347282583482,0.007583267799047865,-0.026729116544803106,0.07504124818478324,0.9967932882243399
robot3,1241,1722894830133181427,121.80504030480404,-73.06388293945349,151.15133411844718,0.008378793412613755,-0.02541849598584184,0.08020368227386658,0.9964191212700001
robot3,1242,1722894830624008802,122.41103739909859,-73.3765094153466,151.0419669793289,0.0071564538524827095,-0.029669095401589657,0.08234530401748226,0.9961364268274587
robot3,1243,1722894831127391708,123.1684866151994,-73.70131420667623,150.89126822385273,0.011108998434067418,-0.02601814754681106,0.08808662855810301,0.9957109982426081
robot3,1244,1722894831625147586,123.9292731985938,-74.02514504601051,150.72559561051665,0.012889194818385666,-0.0282495432811606,0.09849100917946044,0.9946533833814426
robot3,1245,1722894832126767016,124.6220835434832,-74.3299179613092,150.56916682693017,0.016635796480024796,-0.03589626141743843,0.10532202112317375,0.9936508343267548
robot3,1246,1722894832625657297,125.37379106081235,-74.6755995159737,150.42328358103947,0.0172414022736893,-0.027420445730607017,0.1090921893499936,0.9935037732320883
robot3,1247,1722894833127709970,126.16382107467972,-75.00414430588587,150.26769436634865,0.01774095280853532,-0.029614615823426872,0.11535036436034832,0.9927247990077669
robot3,1248,1722894833624283392,126.86842456182535,-75.34446731557655,150.08190598940382,0.01395901620093354,-0.035362600893820706,0.12173924665385473,0.9918337502570067
robot3,1249,1722894834128697690,127.57368907952458,-75.6699201022577,149.8197346509096,0.01636625858629585,-0.028495329461688552,0.13125643345248217,0.9908036689758928
robot3,1250,1722894834625084062,128.40430767188866,-75.83831739159147,149.6270799424283,0.0170364326627338,-0.03260821380175836,0.13871770816600373,0.9896483525959906
robot3,1251,1722894835126405350,129.10782756672475,-76.15478110107533,149.54091367845027,0.01720965083936857,-0.03545866102150054,0.23878876666635462,0.9702713209151914
robot3,1252,1722894835625501328,129.8089396614741,-76.54793181073451,149.48491850650942,0.012315129419295825,-0.02955254097747811,0.295901899049244,0.9546816490580571
robot3,1253,1722894836127489554,130.58621378076532,-76.8880450601229,149.42021852153616,0.017227363433421967,-0.028339577819030556,0.29263231480164553,0.9556497342708794
robot3,1254,1722894836626678100,131.31524256671725,-77.14052790616374,149.323772928496,0.01666652569629784,-0.03315628381827493,0.28853711610041816,0.9567492986132943
robot3,1255,1722894837125309911,132.01172967480048,-77.44778628899408,149.21670135568712,0.013380949704408554,-0.031121595714654927,0.28495398235117875,0.9579423909648146
robot3,1256,1722894837625167491,132.69616910567692,-77.80250344488418,149.1218409630808,0.014873039452398594,-0.031114092958084923,0.2853304663294479,0.9578085564981464
robot3,1257,1722894838126264992,133.33794295563152,-78.23153928104647,149.03501229408212,0.01502806428891669,-0.028796908425942732,0.2941150536772957,0.9552178968953824
robot3,1258,1722894838628502356,134.04035197962105,-78.52882764129002,148.94192017706663,0.01724197359967124,-0.034626614399924496,0.30232771127940594,0.9524188505663584
robot3,1259,1722894839126536609,134.7862855882783,-78.84574494531479,148.8742857954358,0.011714278782433345,-0.022193576795594933,0.2995173281778476,0.9537607619014471
robot3,1260,1722894839626638871,135.5236118691242,-79.27804612322713,148.80857278972573,0.012160456360770393,-0.027214590676673325,0.3008313950461781,0.9532113937159843
robot3,1261,1722894840125417428,136.2847427837744,-79.70775267310114,148.7106567209904,0.012132806630492746,-0.030475042561927467,0.298905128745377,0.9537189265154726
robot3,1262,1722894840627947150,137.0138118901778,-80.06768154306961,148.60859115973244,0.01263499707734161,-0.033595830884366615,0.29645324927472144,0.9543726462920574
robot3,1263,1722894841127294194,137.719721307196,-80.38629174026084,148.47669946630754,0.011274420947171328,-0.036186477128096514,0.28304222743357216,0.9583582439749793
robot3,1264,1722894841624824752,138.4997529097622,-80.71021895927895,148.32882196011303,0.010397715730542111,-0.03277809595490759,0.2698080166128532,0.9622999106851232
robot3,1265,1722894842127315692,139.2067381511861,-81.05850154165473,148.16773212344768,0.009234469898926146,-0.03711906050384547,0.2582340660469121,0.9653248505274671
robot3,1266,1722894842625980322,139.91415533173307,-81.38019030428609,147.97695637164412,0.0061180304775115425,-0.02867360021597934,0.24760597037057538,0.9684170990800277
robot3,1267,1722894843127339673,140.61594826699246,-81.70926656347001,147.83311394453656,0.004852851574962477,-0.03149229345032062,0.2599223222118936,0.9651036585262781
robot3,1268,1722894843624979650,141.34152277380116,-82.05972174692988,147.72197389420012,0.003999394542517792,-0.028778567457900344,0.2591465114230379,0.965400893160781
robot3,1269,1722894844130038790,142.02231264507378,-82.31038342550569,147.51220645849966,0.005025483686163337,-0.028558291669287025,0.2573074712543488,0.9658944216255442
robot3,1270,1722894844627631649,142.69018773175358,-82.62736302911304,147.29991250299744,0.006961832456990429,-0.025699958183158532,0.2561882665485131,0.9662601187677636
robot3,1271,1722894845124301805,143.2904480166057,-82.87650890056632,147.15637952841558,0.006910816075453489,-0.026044679503688245,0.2542522670235113,0.9667624837591322
robot3,1272,1722894845628751258,143.95750853848796,-83.16215859032194,147.01796085126733,0.01013529331832626,-0.026300055951448676,0.25460317582194003,0.9666347840563594
robot3,1273,1722894846123615022,144.60299433487526,-83.37210173084144,146.95429314571095,0.00724052403924191,-0.02627558765302405,0.2769177062639867,0.9605070287419128
robot3,1274,1722894846625917356,145.15838398005985,-83.58177670831022,146.85550921807933,0.0054706428725606005,-0.0249537859454819,0.2786905559034641,0.9600411213504171
robot3,1275,1722894847126886090,145.73721169781504,-83.84974207184699,146.75230857517954,0.00706980357682546,-0.027749276287238014,0.279482234293668,0.9597237499703438
robot3,1276,1722894847624912147,146.33393978519902,-84.15634577272236,146.65509858795141,0.0064874739536729675,-0.027531156540626822,0.2779475191452474,0.9601797356236167
robot3,1277,1722894848125114629,147.00190310618922,-84.49720812534306,146.57070559718085,0.006529923664855765,-0.0285250724987629,0.2758483300468533,0.960755629255553
robot3,1278,1722894848627910697,147.708768958948,-84.8263015691815,146.49123113959587,0.0052062535971739285,-0.024288328761068664,0.2745256999734574,0.9612588683926716
robot3,1279,1722894849126705301,148.39881550305552,-85.15852315602692,146.32953376703355,0.006354420746230784,-0.025259903632028763,0.27255802653689704,0.9617867127257439
robot3,1280,1722894849624676131,149.07594755301466,-85.5100541165875,146.14093896529653,0.00651249842191415,-0.02199493971141021,0.27098795513789575,0.9623093775712559
robot3,1281,1722894850128080520,149.86765235535418,-85.85580828694799,145.94853794432458,0.00699713173029704,-0.02338797591635004,0.26781162535232683,0.9631619677168686
robot3,1282,1722894850626644753,150.55190820944725,-86.15949328866444,145.8419039951919,0.009155283038209257,-0.026095413983861743,0.27896702939018647,0.95990239434784
robot3,1283,1722894851126469858,151.2561411810971,-86.54132671220553,145.67828365288298,0.008802409815431114,-0.022772562285693895,0.27745347166912215,0.9604288099839243
robot3,1284,1722894851625803049,152.01639755455543,-86.94883072853708,145.49402089923137,0.009088274288816374,-0.02298455144513907,0.2764090264557438,0.9607222094648925
robot3,1285,1722894852123816906,152.75241711219584,-87.2183351526378,145.39636356670334,0.00845427719391109,-0.024161924786826803,0.2991599657868568,0.9538595501739922
robot3,1286,1722894852625025204,153.50341339036038,-87.56064630111638,145.25374869519644,0.007045115099200135,-0.023721487112335418,0.2922784745522504,0.956013049448504
robot3,1287,1722894853127163177,154.19081975759494,-87.9312414032062,145.07525614535092,0.004945795340537956,-0.026333710969642984,0.28443301554796857,0.958321414996715
robot3,1288,1722894853625886082,154.8866918913032,-88.23135285149137,144.87505091535965,0.0034919107868991257,-0.02225607661451488,0.2765767263273506,0.960727738782862
robot3,1289,1722894854125002323,155.49638177052216,-88.53660590252777,144.66277000944183,0.004954209495446975,-0.024224358431968122,0.27054846298313195,0.9623887808179705
robot3,1290,1722894854625608896,156.13282266262243,-88.82796006269403,144.51301630060345,0.004964051676305802,-0.019770550139918498,0.26401669059851957,0.9643026862056983
robot3,1291,1722894855132560292,156.72880031796927,-89.0849877500377,144.39891702841336,0.00635013360458072,-0.01947165686922174,0.25835873499401396,0.9658319183140844
robot3,1292,1722894855626575585,157.28972192289424,-89.34530732616577,144.2911530309547,0.00502428362801092,-0.019954975189522054,0.2637122300327735,0.964381882487613
robot3,1293,1722894856128095564,157.80018016113337,-89.55735736269814,144.17490894143484,0.00547581133125355,-0.019316268458754605,0.27855739076524394,0.960209704863033
robot3,1294,1722894856625268859,158.29801283591837,-89.7320567011889,144.05492137491294,0.0027999795332628425,-0.01789485315398866,0.2813991689399444,0.9594198466078963
robot3,1295,1722894857127452414,158.8202470119734,-89.95120947878354,143.98070449810353,0.001816047733012757,-0.01917202953452008,0.2841510775958649,0.9585860943886406
robot3,1296,1722894857628864977,159.2740849488893,-90.15662352532179,143.90994523811221,0.005577105923597517,-0.02184472658285996,0.2849859639580053,0.958266509984025
robot3,1297,1722894858124917917,159.83434283746465,-90.44389709041859,143.83859083908914,0.003986694890066771,-0.022429402305903606,0.2828546901388804,0.9588922006370119
robot3,1298,1722894858628203725,160.4562515925962,-90.74221201121327,143.77240687305138,0.004967069116391416,-0.019279265836429922,0.28202370384525016,0.9592008489375975
robot3,1299,1722894859128343314,161.17722310422968,-90.9303974206143,143.74560561065368,0.00607990756482297,-0.019276421187055293,0.2807333774688246,0.9595729389083296
robot3,1300,1722894859627882488,161.71146823564192,-91.0972375441808,143.65099353705781,0.00620371212586831,-0.02120913488382354,0.28255911840515635,0.958995323846493
robot3,1301,1722894860126839244,162.44565669693708,-91.4057801143221,143.5752510098122,0.004883723483006954,-0.023958354801873714,0.28140829046050453,0.9592765610293129
robot3,1302,1722894860629166846,163.0997275807693,-91.69820833259536,143.4787339171001,0.0071618430527240606,-0.028013047428902267,0.28071298975370274,0.959356135416547
robot3,1303,1722894861126893851,163.71097748551665,-92.00890312781243,143.29159893443054,0.009733685086775414,-0.027016243003807918,0.27874053222439465,0.9599370258948511
robot3,1304,1722894861628014773,164.30401884586317,-92.32807475760147,143.1254407381874,0.006818383541796236,-0.028901087197417075,0.2744730457167857,0.9611361942927941
robot3,1305,1722894862123774343,164.9453530269273,-92.55339288497653,142.99674739692637,0.0022226804316874296,-0.026640511233577906,0.26306740687522623,0.9644070107028756
robot3,1306,1722894862625383349,165.7068987243655,-92.88457796819641,142.75202727415447,0.0009314618553238281,-0.023640034170718617,0.22962136417992773,0.9729924512941343
robot3,1307,1722894863124515512,166.436263630599,-93.17916314944942,142.3865993434491,-4.2485002559167495e-05,-0.025171402023047056,0.1635823454246857,0.9862085048206477
robot3,1308,1722894863625829774,167.05651709965767,-93.40185123905809,141.91156754981563,0.0019916413447931725,-0.019856625549781397,0.09688020130116917,0.9950959623987902
robot3,1309,1722894864129190059,167.51766079226928,-93.54881532694993,141.29797188796834,0.004762591989673603,-0.02009677807557802,0.0018073220895477302,0.9997850623085872
robot3,1310,1722894864628296899,167.893522579719,-93.57208201767877,140.62919286836163,0.0019398921909281103,-0.017632994885013145,-0.11853680120997194,0.9927911870421595
robot3,1311,1722894865126127007,168.0006883587684,-93.53922966203754,140.16994140761673,-0.0032934503761300345,-0.017594404705973316,-0.18175469693889088,0.9831809702431766
robot3,1312,1722894865623844803,168.2433201319672,-93.51140600685687,139.5658236640256,-0.001030419514898787,-0.013409476126713005,-0.2104709467737083,0.9775075983079667
robot3,1313,1722894866125834284,168.46168073028556,-93.50484492919323,138.94638047942684,-0.005699446147233999,-0.018830799718786196,-0.28792409530466284,0.9574511124013366
robot3,1314,1722894866623803206,168.4745144420977,-93.4305817468481,138.304495892585,-0.005267778710924168,-0.01910220595870165,-0.3540541152723489,0.9350149943683675
robot3,1315,1722894867126473080,168.48484248721851,-93.28676000688816,137.75904373614654,-0.005732189137243852,-0.019517140755717456,-0.3646702887005138,0.9309144986321247
robot3,1316,1722894867625610547,168.4376195282089,-93.148505488003,137.27448289242977,-0.004403348844986112,-0.019448346641655158,-0.37401188959640824,0.9272095117999921
robot3,1317,1722894868124700746,168.4283094903705,-93.0956942363096,136.80705357251682,-0.005417787460422078,-0.01895404535255015,-0.385279613147047,0.9225892972699548
robot3,1318,1722894868625189581,168.4655347635025,-93.08967663592873,136.33422260504287,-0.0032795411948550817,-0.01397435288426051,-0.39620945799620955,0.9180479439905997
robot3,1319,1722894869127041302,168.40598353626496,-92.99040751367009,135.7688938445778,-0.005315213589871185,-0.019485860465095563,-0.440082402085358,0.8977302095402662
robot3,1320,1722894869628729276,168.2968327649916,-92.87248313569734,135.27674651310545,-0.00855233952051159,-0.02349385665611377,-0.480869072869504,0.876435868130562
robot3,1321,1722894870124895214,168.10911758975402,-92.68774196742196,134.79213519558715,-0.007953910333281987,-0.021235400214854535,-0.5369601189802284,0.8433028066553935
robot3,1322,1722894870625200665,167.9783122564279,-92.45376249798294,134.23101259736544,-0.008573417957463417,-0.02379455942106641,-0.5806326315435325,0.813772734019343
robot3,1323,1722894871124682831,167.7482817756688,-92.24317630222603,133.69796832013287,-0.009069641779070162,-0.024698398864162262,-0.5907503959653492,0.8064252602432103
robot3,1324,1722894871627764215,167.5508422104281,-92.06103214786091,133.08160689135747,-0.008565795430555176,-0.020718675413941155,-0.5945623364931003,0.8037368920620721
robot3,1325,1722894872125719490,167.43198261573792,-91.95095484829213,132.51706250420466,-0.009685040651347192,-0.025861017346986568,-0.5542210241976536,0.8319113318777817
robot3,1326,1722894872626121765,167.24606231573196,-91.8166643072254,131.89237024872105,-0.0058057049586585675,-0.023895525573143284,-0.5438104541070311,0.8388477142195842
robot3,1327,1722894873126989770,167.3067301940884,-91.74508175992658,131.37279894227478,0.0001582576468552807,-0.0242781550554616,-0.4655672294793718,0.8846794340191945
robot3,1328,1722894873625021344,167.44704144419993,-91.63410603602514,130.85107935788992,0.0007593036080947913,-0.02948936301813277,-0.4018368267747261,0.915236016322803
robot3,1329,1722894874127641926,167.62618960439698,-91.56520021593961,130.4628095097292,-2.4680691025334137e-05,-0.023084730320924594,-0.3174832057743929,0.9479828630666739
robot3,1330,1722894874627062614,167.7624627668475,-91.61104690120933,129.86937085025212,-0.002535683530748916,-0.019754856662529463,-0.3207352066833285,0.9469594728081436
robot3,1331,1722894875127846083,167.98253718036634,-91.52833467248058,129.1978683488198,-0.004652869929626352,-0.02216116837783016,-0.327340044800348,0.944635235679706
robot3,1332,1722894875624959226,168.15743804087936,-91.46751695583363,128.47950394438712,-0.005078970207510967,-0.02117455067727276,-0.33657173952970243,0.9414060264387503
robot3,1333,1722894876127075947,168.3717445305975,-91.44168422432561,127.74594076922878,-0.011765837157940327,-0.024708204445347912,-0.34583031605748615,0.9378978954047391
robot3,1334,1722894876625912316,168.54619768353993,-91.38450574273524,126.98860923070278,-0.00827074387094645,-0.019902059302440305,-0.35488194802697104,0.9346626695208949
robot3,1335,1722894877126219745,168.67141349954971,-91.26694486587725,126.2113808429126,-0.012230725620268657,-0.02450546804279513,-0.36842512943213035,0.9292539025421004
robot3,1336,1722894877628116111,168.7987492295003,-91.23020570135118,125.52567199059456,-0.007753094286284021,-0.021339940988749438,-0.3800215882363679,0.9246989179846017
robot3,1337,1722894878124712865,168.88149539418947,-91.1840955668527,124.78383106248044,-0.009730058118586496,-0.02324125344521374,-0.3937033985694881,0.9188921612801685
robot3,1338,1722894878628495383,169.1016393691516,-91.12903710395612,124.011453138461,-0.00738825501515549,-0.015006797707884666,-0.40989570523417584,0.9119790132130032
robot3,1339,1722894879123418175,169.29314898431554,-91.08993200394484,123.37374877318413,-0.011502959916923476,-0.016734253892219133,-0.4328802992165828,0.9012226657213976
robot3,1340,1722894879624513269,169.26364927946133,-90.97136890740514,122.71502592456058,-0.013324061308585194,-0.023519501565134063,-0.47394802740326825,0.8801378129343855
robot3,1341,1722894880124345816,169.2770795624192,-90.87695430736437,122.08886417368949,-0.015228338224003664,-0.03694664759424303,-0.49824315134342795,0.8661159305115291
robot3,1342,1722894880627400774,169.37728965066995,-90.82070195167377,121.36525097182867,-0.013198941136920349,-0.04107284839895313,-0.5218274629252356,0.8519594520951526
robot3,1343,1722894881127216433,169.3699024262465,-90.75257731545504,120.63907392445398,-0.014511470765360676,-0.0466512936267568,-0.5339803459009097,0.8440841570665338
robot3,1344,1722894881630915277,169.53563508653883,-90.72338831907865,119.99335425413278,-0.020667729072134253,-0.03833779344102338,-0.48224910957940476,0.8749507728317893
robot3,1345,1722894882128056747,169.64101976464855,-90.73250510662572,119.36844984407462,-0.022530342940523262,-0.03360495431363546,-0.49486906724571456,0.8680251707041203
robot3,1346,1722894882627402040,169.76817941541574,-90.66228683445418,118.69738168200816,-0.02236060267242405,-0.028288902343374278,-0.5004335566755804,0.8650236972507526
robot3,1347,1722894883123868851,169.87761929799802,-90.63978896221099,118.17189130500265,-0.02319859299815229,-0.030612105509062737,-0.5287847749155564,0.8478864228755597
robot3,1348,1722894883630111976,169.96822290813074,-90.54821862570894,117.51430640035059,-0.019054008381023807,-0.024306790108280813,-0.5499552059718483,0.8346229065534384
robot3,1349,1722894884126184854,169.93428449667687,-90.41172552088435,116.83303746385472,-0.01627642413069636,-0.02251568096352148,-0.6021698027547673,0.7978844846082365
robot3,1350,1722894884684878818,169.9660176721865,-90.31541977897075,116.08983291777736,-0.017483181982882796,-0.026011449403677264,-0.6131856454783794,0.7893168609797567
robot3,1351,1722894885125298407,169.94414307029368,-90.17931109369691,115.32594382377161,-0.018532964545809348,-0.024508556482950607,-0.6212454525245641,0.7830133763875399
robot3,1352,1722894885627765295,169.88663679363674,-90.08728708987289,114.67910160891564,-0.017792063062009606,-0.02067380873133796,-0.6351109299651572,0.7719392092408125
robot3,1353,1722894886125502233,169.81507085827607,-89.91472270209444,113.9853215489743,-0.024767330129400567,-0.02600143776115198,-0.6503402096516656,0.7587938562632421
robot3,1354,1722894886625881099,169.6987169079992,-89.769645445836,113.28222763239003,-0.02345467669144823,-0.02419333931013555,-0.6574732364925121,0.752724055527911
robot3,1355,1722894887126310874,169.65319410796607,-89.5884983430829,112.56799481743177,-0.02283735482203371,-0.021703196047929297,-0.6640499051089177,0.747024196415936
robot3,1356,1722894887624594128,169.53719394482087,-89.4370727178762,111.88834046156379,-0.02261370252892374,-0.023623167808344784,-0.6767034221968692,0.7355290917344315
robot3,1357,1722894888123847550,169.42358311370577,-89.30600865626366,111.1565068315724,-0.024009446467926337,-0.022487623471839014,-0.6876387012273252,0.7253074312629714
robot3,1358,1722894888628946692,169.37729877286736,-89.15731910937713,110.50023853652291,-0.024811745456665635,-0.02449797668931852,-0.6757945850507316,0.736264833630965
robot3,1359,1722894889123651407,169.42454105734384,-88.95530282892014,109.768499012508,-0.022976687016618702,-0.02461295677779334,-0.6577110339759944,0.7525174217243235
robot3,1360,1722894889629869504,169.35361306589476,-88.78157076559674,108.92547629334018,-0.023347311196325757,-0.023425328324589843,-0.6605868040393083,0.7500208206322806
robot3,1361,1722894890126882193,169.30020312607436,-88.6371847224977,108.14397624656299,-0.02540326122157217,-0.025175779872118997,-0.6649379438929993,0.7460418119639741
robot3,1362,1722894890627757718,169.31001077562334,-88.52589700544344,107.48401951297458,-0.025339733220131583,-0.024798310727830754,-0.6623438325468963,0.7483606010423501
robot3,1363,1722894891123990797,169.2333968465077,-88.44058878983856,106.80389280242579,-0.026337213748543614,-0.025270794776651912,-0.6603654865729636,0.7500567726822904
robot3,1364,1722894891627071416,169.15683177880854,-88.36380855862245,106.06974938083326,-0.02752481859989632,-0.027058334723130142,-0.6642875054825523,0.7464799668730714
robot3,1365,1722894892178191941,169.10977673716607,-88.2144028330709,105.20860657816355,-0.02340428316461655,-0.017694908871528758,-0.6693384843116033,0.7423780190368142
robot3,1366,1722894892628261527,169.05083585498102,-88.06761715491886,104.63972929316651,-0.02269381207622235,-0.017321153326950098,-0.6783882220561914,0.7341487510827169
robot3,1367,1722894893126485056,169.05080158464818,-87.94881349255411,104.07727990666127,-0.02017734116903851,-0.01696936012466687,-0.6828572185815258,0.7300759787524925
robot3,1368,1722894893625782449,168.94517998896364,-87.81328183507445,103.36804161623408,-0.022185565228898002,-0.02279768971002203,-0.6774052449586336,0.7349219007091117
robot3,1369,1722894894125717420,168.86681296116026,-87.71484016536621,102.59235250847735,-0.01776925413207006,-0.019674136023210914,-0.6892334488012146,0.7240541658142113
robot3,1370,1722894894623504811,168.7849644175413,-87.55986477053617,101.91876621513906,-0.01853843898453252,-0.02169251941309841,-0.6951626958376022,0.7182858673239552
robot3,1371,1722894895127234740,168.7144631882446,-87.41775689967163,101.30738955286574,-0.0191421906529559,-0.024975504873365317,-0.7017540792953572,0.7117239723977632
robot3,1372,1722894895627515475,168.6275897272375,-87.24704198378797,100.58124552226778,-0.01676118432996183,-0.024442589571000223,-0.7037923911118114,0.7097872165149495
robot3,1373,1722894896131114420,168.5877865790179,-87.06091539129052,99.80926469415715,-0.016405546406019298,-0.024155674224488787,-0.7039687482160144,0.7096304411347204
robot3,1374,1722894896627900265,168.57025098271228,-86.8619156474898,99.06686506760437,-0.015422339489682293,-0.025256827889026615,-0.7057622877107405,0.7078303732780553
robot3,1375,1722894897126299712,168.45627342318215,-86.6797342467745,98.19988991700004,-0.01427998740187325,-0.023063097044979757,-0.6927388259597044,0.7206782184321007
robot3,1376,1722894897631784736,168.4090826791346,-86.47063171674489,97.32066954161817,-0.016650313937937745,-0.03149562007874301,-0.6917489238875077,0.7212587741317942
robot3,1377,1722894898125871119,168.43609227859142,-86.34204590445499,96.55958366507289,-0.010117327223258745,-0.02724694554835564,-0.6896869872889058,0.7235240861315504
robot3,1378,1722894898625822939,168.38162919021735,-86.0977254233676,95.63733385052844,-0.0001712672056062348,-0.020588467470385084,-0.6937632070650336,0.7199088124183537
robot3,1379,1722894899126547558,168.31485510804777,-85.88958383484238,94.88750435479791,-0.0010868769372708387,-0.025494058597715228,-0.6903442002593307,0.7230309515110986
robot3,1380,1722894899630414291,168.23109599949555,-85.77706493181881,94.15546256468464,-0.017753532054752483,-0.04163152911897137,-0.6928560475037775,0.7196541706404822
robot3,1381,1722894900127163834,168.10214179515944,-85.6513043222254,93.42758792223967,-0.020898008999365468,-0.046210308541190764,-0.676811061156304,0.7344076988300626
robot3,1382,1722894900625710203,167.9895625839432,-85.57582604514006,92.62930778608174,-0.025396357289549795,-0.046827629152456515,-0.6824552222673198,0.7289835854012384
robot3,1383,1722894901126972182,167.9019500674606,-85.4892644930339,91.84201985263721,-0.027003995093440942,-0.044216465315835146,-0.6832596801201143,0.728335017671213
robot3,1384,1722894901625985782,167.82778953521532,-85.3159360731604,91.08395870660283,-0.03121105593754113,-0.04950543283424674,-0.6855394996131506,0.7256794585609465
robot3,1385,1722894902126391688,167.75282745115513,-85.14069562247988,90.27881498784333,-0.024038733441626447,-0.043453240092057865,-0.6903146628414385,0.7218030351045467
robot3,1386,1722894902624714501,167.6884334108469,-84.97453592176797,89.52020749420186,-0.028036113216857273,-0.04770721147740999,-0.6928794918795665,0.7189269838178665
robot3,1387,1722894903136043023,167.6365917853209,-84.84457627176515,88.90005303673885,-0.025114727733212956,-0.0458980783885696,-0.6995561214527838,0.7126597012523307
robot3,1388,1722894903626294648,167.62252112802256,-84.73196323000869,88.21758662931322,0.025645736638419573,0.05293887851676491,0.7074296179050883,-0.7043316740317171
robot3,1389,1722894904126951198,167.53396094327712,-84.52646510095623,87.46358231047033,0.024986156578324665,0.05284921439154401,0.7125436334950379,-0.6991882599724693
robot3,1390,1722894904625329678,167.52576399055476,-84.35567154331535,86.73455997201123,0.026262343300498817,0.050506601232987114,0.7200000802233176,-0.6916352051729834
robot3,1391,1722894905127448639,167.43286267227538,-84.12221449968678,85.96220254286493,0.027016555611837464,0.0514654866989469,0.7264865899410896,-0.6847179302731016
robot3,1392,1722894905625624344,167.24425743352637,-83.84373618231422,85.24479065458047,0.024412900710371808,0.0533398289780787,0.7376375210694747,-0.6726438585417808
robot3,1393,1722894906125966458,167.09776117606305,-83.64470569616736,84.41442593757652,0.022726745191711643,0.049229344692572855,0.729350014765487,-0.6819886528643381
robot3,1394,1722894906624958963,166.96299455317748,-83.46036665544253,83.66925457791288,0.027982014262522698,0.05321527422903291,0.7361377657306937,-0.6741560140884031
robot3,1395,1722894907135433789,166.69675895050682,-83.6170549180867,82.79408415090916,0.02428060574470911,0.048676007954044156,0.7492593673648748,-0.6600390131274935
robot3,1396,1722894907625277216,166.4791779895348,-83.53729180022432,82.06157909934575,0.02791043386885655,0.05058055151582856,0.753035943848787,-0.6554383897525178
robot3,1397,1722894908127968012,166.35859625854275,-83.18530566216936,81.26809444829189,0.031751026461755996,0.05095856313687687,0.7695199406230243,-0.6357941161611884
robot3,1398,1722894908624332987,166.21060647641644,-83.11549891812504,80.48818496635081,0.029783018278346,0.05628634254916393,0.7812693241036565,-0.6209372453632376
robot3,1399,1722894909128626677,166.00619353009478,-83.26972940590058,79.70380859208409,0.03301646368810794,0.05371357704327846,0.7787358641413236,-0.6241756312664039
robot3,1400,1722894909626334198,165.7991598705681,-83.25753828681252,78.88315347323669,0.03566654884682897,0.05401630933413254,0.7892883135930677,-0.6106014196222339
robot3,1401,1722894910124635601,165.68791074261782,-82.96422251799902,78.10926956550813,0.03424024136366335,0.055250944870693354,0.817274508388623,-0.5725707964089576
robot3,1402,1722894910625462482,165.5451580305581,-82.64428164981571,77.29042750426852,0.030062770818406567,0.053059291792263596,0.8494764372723143,-0.5240903775918417
robot3,1403,1722894911127676350,165.432059831259,-82.51949809870203,76.57983023496351,0.0354897772698435,0.05410453293913482,0.8872712281512429,-0.4566869200226342
robot3,1404,1722894911628799153,165.28608933969448,-82.42035655767287,76.06648225913608,0.03587586447038869,0.051986394604103696,0.9222694608665669,-0.38135204034784
robot3,1405,1722894912124577241,165.29068984956388,-82.38685254014361,75.29317106173511,0.03949521431849682,0.04935200948489534,0.945351702330647,-0.3198666380013498
robot3,1406,1722894912626078854,165.38093624835858,-82.23652821409483,74.2989497561636,0.05145532825993354,0.05711901379906627,0.962498660139191,-0.26016551786612024
robot3,1407,1722894913130470544,165.3195985480536,-82.06287882432342,73.61172362122724,0.04683561351665044,0.05528064221908104,0.9672918551620342,-0.24309862780269892
robot3,1408,1722894913630214767,165.33512133158013,-81.9285222977611,72.82562007731335,0.04618005416215784,0.054042858743033294,0.9599754639926568,-0.27091304979373776
robot3,1409,1722894914126810491,165.2550779050346,-81.74208158914466,72.16135084083001,0.046340157070296845,0.05521587173603592,0.9627392441797321,-0.2606471658533196
robot3,1410,1722894914625700336,165.1028286832846,-81.59616273446765,71.54361494216421,0.05366009740576208,0.057589888313332865,0.9569731912401507,-0.2792960972840545
robot3,1411,1722894915125566078,164.96049692330345,-81.52950669876842,70.8981252653703,0.048083804305613376,0.04916980219013487,0.9611701070573978,-0.2672495156503615
robot3,1412,1722894915625543515,164.78038498215918,-81.47332395068423,70.29840196722415,0.0466693817165151,0.053215591135872015,0.9673326436664526,-0.2434288934525434
robot3,1413,1722894916124705057,164.65873947611672,-81.37104639682028,69.65415620904015,0.04528108560779193,0.05095633240130699,0.9700240071610091,-0.23325201179343763
robot3,1414,1722894916627665332,164.7272065333804,-81.23863826656739,68.83622292032607,0.051220260073818705,0.040778934823105,0.9725491719780368,-0.22329727163021565
robot3,1415,1722894917127916852,164.77374150623868,-81.15472290920745,68.13722251080974,0.051337659786267954,0.04201506047496435,0.9729701013376754,-0.22119756165904766
robot3,1416,1722894917629439460,164.81265743664105,-81.07644166268928,67.42986813970084,0.049770184642156386,0.04060164166208699,0.9708489054909712,-0.2309260447026539
robot3,1417,1722894918124867264,164.79556716731568,-80.93726374553161,66.84973863319615,0.04977261348267238,0.04167589600316905,0.9709979673414079,-0.2301059626743547
robot3,1418,1722894918627754870,164.48783299043473,-80.7888952021077,66.37420353476296,0.049728419552341925,0.04664735297862705,0.9722444021178077,-0.2238122679825672
robot3,1419,1722894919128603282,164.217130074284,-80.75472822293929,65.78522893027409,0.04948881599982201,0.0498337930534969,0.9738017168962572,-0.21628145165672114
robot3,1420,1722894919625871090,164.01482591732008,-80.70944764041984,65.09665423687446,0.047463613608514206,0.05000671924546001,0.9729567064738996,-0.22045811561607162
robot3,1421,1722894920128415031,163.81787740370035,-80.54892176632102,64.412199194171,0.04591053529044345,0.05512338541704783,0.9712557648044036,-0.22697108728585108
robot3,1422,1722894920628377480,163.61916010363578,-80.36111160807891,63.695600509039245,0.04692168891549061,0.057625065199914664,0.9695308699509343,-0.23342578945396772
robot3,1423,1722894921129319022,163.49740860444197,-80.22413717730409,62.89845333165327,0.052912679765872904,0.06123857195449384,0.9679847819919286,-0.23760376145382706
robot3,1424,1722894921629773307,163.5194485724038,-80.14657498950459,61.991079630755976,0.04819270877604171,0.05435478195581991,0.9652971534598157,-0.250847415816348
robot3,1425,1722894922127868607,163.37137419121427,-79.92924201325965,61.20448398495081,0.046394670907381697,0.05022547916454387,0.9671559768369548,-0.24481473040371474
robot3,1426,1722894922625908002,163.30229196096874,-79.75749408413911,60.49309339227664,0.0376239120866305,0.05169325499427885,0.9683186288555851,-0.24139445237750112
robot3,1427,1722894923129154724,163.19652067334764,-79.70489040420794,59.6368832696954,0.04408278499162481,0.04892998759274866,0.968285795772519,-0.24100867637231504
robot3,1428,1722894923625041676,163.15002638500758,-79.65087172982614,58.817665917702826,0.04192465040252798,0.04863801349754092,0.9675755622048257,-0.24428303001980006
robot3,1429,1722894924126382400,163.1761630747562,-79.51041930551827,58.011976676385814,0.04608015590351779,0.04879932044074044,0.9641538796274594,-0.25671490403899044
robot3,1430,1722894924628306983,163.11462307479644,-79.37998710043655,57.24727899444163,0.04574783651936645,0.051108975615932195,0.9644068122169348,-0.2553713151762691
robot3,1431,1722894925127703546,163.11032711393977,-79.34486499703864,56.45657363403315,0.041522971277444747,0.05170866734376389,0.9647167083588398,-0.25480135241224605
robot3,1432,1722894925628495109,163.05629866392815,-79.31238441499774,55.727870154644805,0.04342364707344462,0.048791041983559116,0.9657924018480013,-0.2509558878163022
robot3,1433,1722894926128127213,162.87919456920926,-79.27745833083577,55.020326964014174,0.04586092459445674,0.048390186691398156,0.9667007141283441,-0.24707265071444626
robot3,1434,1722894926627647180,162.71731264445862,-79.04588061773296,54.3201303063135,0.042769361721747834,0.04884450492946931,0.9679800099121009,-0.2424864871424352
robot3,1435,1722894927126035356,162.4765091361878,-78.96058000384848,53.548336375488574,0.04542690903107448,0.04675773846718304,0.9688428865953151,-0.238942610103293
robot3,1436,1722894927629142757,162.39051982208053,-78.8885608272576,52.72836163780991,0.045593700680195755,0.046095778511957966,0.9698988493483136,-0.2347181622595031
robot3,1437,1722894928128619139,162.37056702677438,-78.9154661273295,51.99317254149677,0.04494595338497321,0.04404837681141502,0.9686071811448258,-0.24049891976736645
robot3,1438,1722894928626404268,162.2969950773665,-78.86259141808777,51.29653394018683,0.045413864414386045,0.04642794931461952,0.9697207428182376,-0.23542240205519185
robot3,1439,1722894929127510077,162.1731768440163,-78.74079210553926,50.60047866375396,0.04862332040945725,0.04924994370928031,0.9700298698114986,-0.23292116140548297
robot3,1440,1722894929626069902,162.11859048726237,-78.64260789765693,49.822243216821605,0.045504691358350856,0.04613242173524414,0.9691126257064745,-0.23795344381942773
robot3,1441,1722894930126263740,162.10263117087936,-78.59634606083623,49.09526918401105,0.04561026103668996,0.048016544904136794,0.9673477858893623,-0.2446474537749829
robot3,1442,1722894930627144386,162.08953723990024,-78.52424695955897,48.411314296748564,0.04317327363588671,0.04369711938430648,0.9673253550544247,-0.24598432403286488
robot3,1443,1722894931130799048,162.11255188926145,-78.4842654704882,47.74146781132579,0.04201471051786908,0.04429580664448405,0.9676504027542635,-0.24479653523554198
robot3,1444,1722894931626182862,162.0351559744884,-78.35925856961501,47.164960165629594,0.04723385733651435,0.04457569890963912,0.967685889458009,-0.2436513680070218
robot3,1445,1722894932125711075,161.9529991385403,-78.25300991886968,46.66420484623469,0.0475138960539613,0.04528200368746881,0.9677116353524062,-0.2433642550322317
robot3,1446,1722894932628105749,161.7877215718487,-78.11842929005216,46.26464657885445,0.043600859649139116,0.04538849157774224,0.9675893809081131,-0.24456009450441338
robot3,1447,1722894933125394690,161.8190810856234,-77.99445633904865,45.699651882357394,0.043022777794326936,0.04425443577378707,0.9681618559574012,-0.2425967975351779
robot3,1448,1722894933627706533,161.7006006186625,-77.83411048503866,45.25565618792796,0.03181025883559261,0.04053185400654899,0.966174654997118,-0.2526891613916283
robot3,1449,1722894934127678867,161.52094148811497,-77.65579688459276,44.87855133190171,0.024679106285541794,0.04027248568506009,0.9665044813341862,-0.25226604244453776
robot3,1450,1722894934626212676,161.48811149478325,-77.49421099382435,44.24591383343812,0.02704412596028816,0.03855225616065577,0.9659818893713475,-0.25428591821516333
robot3,1451,1722894935128998450,161.45823015882166,-77.4023804960706,43.80375976455987,0.027699021713921655,0.04003224081170069,0.9665816180372938,-0.2516945759528656
robot3,1452,1722894935629081128,161.50332202271312,-77.29531182715984,43.19967328784138,0.02617824208842894,0.038310129897026576,0.9678543830386889,-0.24719410757789428
robot3,1453,1722894936127796072,161.39858255003708,-77.16493531395115,42.72956521284879,0.019663743960072682,0.03526398808682404,0.9675963510334776,-0.249253063741219
robot3,1454,1722894936626041259,161.31111276171947,-77.00190856480104,42.19383131912628,0.015722312849165462,0.03311226333327414,0.9685316567128093,-0.24617639375204525
robot3,1455,1722894937125425566,161.27722758673718,-76.84400707783337,41.60662341914942,0.01826091564549135,0.03183655594190869,0.9691649839625367,-0.24366412646600605
robot3,1456,1722894937626149145,161.31732223433602,-76.70689157641763,41.01167263038973,0.018786103281980868,0.029513207198322976,0.969801315221656,-0.2413741119480171
robot3,1457,1722894938128559493,161.36565951543514,-76.55504559511473,40.529525429278884,0.020939308981996498,0.029874866036375767,0.9701325678884256,-0.2398162597508231
robot3,1458,1722894938625946634,161.26587893238315,-76.36045492749739,40.0725758184016,0.02359271143857495,0.02518948281327124,0.9711870070524542,-0.23580642751009195
robot3,1459,1722894939128631265,161.2961843241297,-76.21866195961063,39.50192392710661,0.018308354314048085,0.024742707568516424,0.9708528910509933,-0.23769153649723943
robot3,1460,1722894939628889986,161.46212365199523,-76.1491144874293,38.85240665645226,0.018430985454005115,0.023299166989678717,0.9705468928371617,-0.23907357946229132
robot3,1461,1722894940126231222,161.41256512281078,-76.1032170012967,38.380049040811286,0.018964199436100195,0.022893864456406572,0.9700960758325301,-0.24089382259478037
robot3,1462,1722894940627719556,161.31952146659697,-75.98716692039268,37.774695900370276,0.020093344609196973,0.023372685582686233,0.9698297641340717,-0.24182680511208776
robot3,1463,1722894941129937883,161.2269341825336,-75.8466458429566,37.19439956878646,0.023665817951986214,0.022361608641415707,0.9697198855697157,-0.24203973031361858
robot3,1464,1722894941637802874,161.25669811635478,-75.77342143901198,36.5755490489801,0.023005181084345155,0.021597109981329483,0.9698893046639182,-0.2414934019435567
robot3,1465,1722894942129078037,161.22281490943607,-75.676721319308,36.0074726426551,0.024098127016185963,0.022564332904097265,0.9698203060735227,-0.24157546457031487
robot3,1466,1722894942630054437,161.13246156867294,-75.51761608916486,35.524991804818995,0.017729786054031253,0.021121417162752124,0.9702007901932794,-0.24072799407599274
robot3,1467,1722894943128435333,161.26175254173833,-75.51474399830533,34.922562041264385,0.021108901491440353,0.021964688802283496,0.970072946044525,-0.2408950935078164
robot3,1468,1722894943628442173,161.35535783596143,-75.49550712217912,34.386158649493126,0.022422021506326096,0.022132871677083676,0.9699542982032893,-0.24123857141813
robot3,1469,1722894944127417758,161.24235100322267,-75.37216360804119,33.973790697764706,0.015892659991615293,0.019657420962735095,0.9705615613194895,-0.2395229944046282
robot3,1470,1722894944628893013,160.9868435712955,-75.20623533338915,33.68408412822591,0.01791824830731166,0.022238194609981707,0.970630903982447,-0.23887244988132053
robot3,1471,1722894945128239419,160.85227633109355,-75.03319656936213,33.187637136122206,0.01485426276439884,0.021840438953739893,0.9709180663134251,-0.237950529754051
robot3,1472,1722894945625766964,160.85128497278626,-74.9216497462247,32.630473582854414,0.016357701036343878,0.02318977040276977,0.9709672688306884,-0.23752309998176208
robot3,1473,1722894946130800517,160.82706463281934,-74.77784214928636,32.085554616556706,0.017241585352962007,0.02257210446813875,0.9712752114694471,-0.23625768012781453
robot3,1474,1722894946628933661,160.77017358917732,-74.60743675481022,31.535400131303277,0.01698061554776998,0.02267867789710097,0.9716333368921284,-0.23478925636477926
robot3,1475,1722894947129917887,160.7609682652683,-74.5015205657567,30.990366902370027,0.019270646985576446,0.02463985909202657,0.9719331254536845,-0.23316843515903868
robot3,1476,1722894947624856035,160.72513525058463,-74.35973673199506,30.451752937969637,0.016092109264022478,0.022898048159415468,0.9707172635585067,-0.2385890140794591
robot3,1477,1722894948126327710,160.6800908410423,-74.20826124832399,29.957276094466824,0.016837650923644927,0.022497810335479568,0.9678444396132556,-0.2499749642487934
robot3,1478,1722894948627092158,160.66612467438514,-74.07519435181317,29.42044325390333,0.01543724359304696,0.02236264611226455,0.967853757803481,-0.25004141071987857
robot3,1479,1722894949133449567,160.65902710195286,-73.9854973833638,28.945402118927177,0.017445351415023194,0.024325710914312952,0.967486093559051,-0.2511465274941443
robot3,1480,1722894949627151411,160.609813574491,-73.88036965053539,28.468499675973455,0.016337181431940462,0.02413062625796981,0.9663836513418343,-0.25544754412301923
robot3,1481,1722894950128457908,160.42727913067,-73.72685500142529,28.028013058089904,0.017251963107329276,0.022745817897711306,0.9667205707629872,-0.2542367707488271
robot3,1482,1722894950628488045,160.35258453584032,-73.56681604135032,27.499585375928806,0.014664132354535488,0.02327972149851779,0.966976955050771,-0.25337439923950367
robot3,1483,1722894951129338326,160.41248055796768,-73.51138522556771,26.941684215450916,0.018418612710810224,0.023707508677706764,0.9670966488736011,-0.2526317091648556
robot3,1484,1722894951628029539,160.6069704708753,-73.5231630822638,26.379435882253496,0.016888061665375324,0.023067042751255075,0.9672259340591104,-0.25230278911533954
robot3,1485,1722894952128508087,160.39946438093065,-73.36235784944294,25.922704850070794,0.013657489762571192,0.02008534065189526,0.9674600538940942,-0.25185530803125605
robot3,1486,1722894952626442782,160.01736209376253,-73.09844506350657,25.55343265869009,0.00785929225030877,0.019978696215343813,0.9675312618947326,-0.25183792502172037
robot3,1487,1722894953129988833,159.86170965654136,-72.92293884133818,25.015621201938583,0.010234214015653418,0.022855497622488032,0.9674895565458671,-0.25166812485213913
robot3,1488,1722894953628081340,159.95391581438906,-72.83547695204457,24.375210794031382,0.0115331181586602,0.023485531747279683,0.9670972254775003,-0.25305804365363854
robot3,1489,1722894954133548827,160.0254626331739,-72.73449091552075,23.661137310904543,0.013595917458574521,0.021042153920654078,0.9669619538307402,-0.25368673325713487
robot3,1490,1722894954628872161,159.97980634626708,-72.60596376575079,23.029942925696,0.01344940244294819,0.018758395251059226,0.9668354691739827,-0.25435489326658856
robot3,1491,1722894955128995866,160.1867479617655,-72.5808751760701,22.371478831549584,0.014765315815926536,0.018896782991733054,0.9678245542912934,-0.25048059635883685
robot3,1492,1722894955626642895,160.09013328205688,-72.41704168478557,21.867247152376823,0.016346447118865685,0.01883908281941263,0.9701168351851724,-0.2413528717778562
robot3,1493,1722894956126529189,159.9308969084787,-72.15783650566208,21.449919090903634,0.010680485087208402,0.016654533102538383,0.9725735910496921,-0.2317523759492973
robot3,1494,1722894956630511541,159.8570696621529,-71.93374761717358,20.944770058056715,0.008341922872177948,0.017244296797552874,0.9744837755682043,-0.2236390343949151
robot3,1495,1722894957128254166,159.85807761214548,-71.73462124955395,20.353391510604645,0.006614730011964975,0.016835533044523628,0.9758099075640658,-0.21787114190223728
robot3,1496,1722894957629643847,159.9104634341283,-71.60938806830731,19.7502992298897,0.0014885948791929701,0.011869408514196282,0.9772423848049542,-0.21178815492735828
robot3,1497,1722894958127157368,159.8353615959196,-71.3863755751794,19.183835297883377,-0.005726783618378498,0.01241668020277855,0.9748870279714383,-0.22227980721411975
robot3,1498,1722894958626979655,159.78237641546602,-71.1109614528309,18.611498019644458,0.0003739758326100023,0.015121057310247201,0.9717500889546705,-0.2355270226205198
robot3,1499,1722894959141141556,159.80753945345174,-70.87085044803125,18.030340837818976,-0.0010366276076682942,0.01588112613109676,0.969212545092102,-0.24571071948960893
robot3,1500,1722894959628710173,159.7092762218324,-70.66351619860227,17.448116145644455,-0.004436631077030159,0.01468442635044964,0.9689843605434382,-0.2466454802944272
robot3,1501,1722894960133020036,159.54576142806022,-70.39840872244345,16.890946090972125,-0.006422186871930333,0.014039806517033808,0.9686578594291831,-0.24791851628069048
robot3,1502,1722894960629864044,159.5419666677367,-70.26004948163093,16.269880452786335,-0.004825649201757751,0.014448039629311656,0.9650161981939559,-0.26174740587813855
robot3,1503,1722894961129153473,159.55961804958696,-70.16120352765999,15.659382938407791,-0.0009469873702125396,0.01587032859121201,0.9622648418340393,-0.27164979303404413
robot3,1504,1722894961629024382,159.26982860142115,-69.92616435924006,15.14213318776689,-0.006815959962614679,0.013293067553393469,0.9618820781499716,-0.27305623006754653
robot3,1505,1722894962128728961,159.17175962636696,-69.77198771737336,14.58898014443027,-0.0028121648796310956,0.014374635166678596,0.961950231132043,-0.27283184274846584
robot3,1506,1722894962625374719,159.1570984710418,-69.58856162270453,13.966717068775738,0.0004022316564083285,0.015426195361321348,0.9605106466984017,-0.2778149893101288
robot3,1507,1722894963129039562,159.00905490777095,-69.3684378320568,13.383338709226244,-0.0001678819575517464,0.013775848887146683,0.9609123499536292,-0.276509771092598
robot3,1508,1722894963627252752,158.80912109994298,-69.17114285434555,12.804598370841484,-0.0014004507564957158,0.014274681545725714,0.9606325294438005,-0.2774516454787259
robot3,1509,1722894964129506699,158.63179264720387,-68.94794129837877,12.127645325139978,-0.008745783137217966,0.010987798966365024,0.9590512299115611,-0.2828842836855972
robot3,1510,1722894964633040037,158.39901125967071,-68.75554575197553,11.473444854887783,-0.0015471195824746174,0.013925404137693678,0.9597656043796478,-0.280452623789418
robot3,1511,1722894965127464620,158.21209610370738,-68.62853746532817,10.674124105145937,-0.004656270316462878,0.01505282874826562,0.9581720755524639,-0.285758648381635
robot3,1512,1722894965626871174,158.15691350263532,-68.53297422266026,9.86568170597708,-0.009484917507692151,0.016061463900812235,0.9587661196542685,-0.28358348597958266
robot3,1513,1722894966128398852,158.0983995920518,-68.32741212956672,9.035964585224463,-0.005483754810953288,0.021326801493370653,0.959255131380912,-0.28168189308264896
robot3,1514,1722894966626190746,158.0077733551988,-68.05663860536497,8.197325829358501,-0.006517883880106472,0.02525953156438134,0.9606850941381022,-0.2764120532027124
robot3,1515,1722894967128229124,157.89624564244778,-67.73174846025961,7.430926077868115,0.00014349817549107768,0.02798418760031469,0.9575832625034573,-0.2867946303992787
robot3,1516,1722894967627114108,157.73925044931124,-67.4916603695052,6.650818940902229,0.016426298070419204,0.033471735474641315,0.9574949735319978,-0.2860300601632218
robot3,1517,1722894968126490860,157.6291408544942,-67.17384799656982,5.845463864240235,0.014541571478622064,0.032204393645742936,0.9514412665640605,-0.30579557879050273
robot3,1518,1722894968624608814,157.61060209157114,-66.91425074050433,4.988506811034469,0.012110330043795497,0.029770682398488534,0.9505809706169133,-0.3088087833543043
robot3,1519,1722894969127905074,157.79132960572312,-66.78190868784262,4.144169546594977,0.015480140143108485,0.029129966919990303,0.9525626264156021,-0.3025495877448854
robot3,1520,1722894969626251637,157.99922557230093,-66.67605381102157,3.2655412098443577,0.01165880604547871,0.029892577373684396,0.9571013746487347,-0.2879712914598513
robot3,1521,1722894970128357158,157.94676115143133,-66.56411969431281,2.5206958537202233,0.012733629792602999,0.02868882102431182,0.9613662988773934,-0.2734769562565048
robot3,1522,1722894970627398161,158.08331754972656,-66.47256377579808,1.7458447154370569,0.016844729465182378,0.028855517445323327,0.964598189682851,-0.26159882771674287
robot3,1523,1722894971130568612,158.36677885040345,-66.42620812617575,0.9625534022080603,0.025237909830438898,0.030759516326521158,0.9624843589199648,-0.26840409627495154
robot3,1524,1722894971627550279,158.53363469283806,-66.32998295187276,0.2797081721565408,0.01740199087800967,0.027798564884322113,0.9623068383989547,-0.26998140542352556
robot3,1525,1722894972126753911,158.33832645400656,-66.1293684687236,-0.30324039004437997,0.0171367338531437,0.025110713695913185,0.9698528691789274,-0.2417875028944438
robot3,1526,1722894972634893941,158.03381522331193,-65.92128718352286,-0.7138576771293388,0.013037425265085627,0.023717267205860246,0.984306199926658,-0.17438125347836259
robot3,1527,1722894973129009029,157.9330914179581,-65.72691079952753,-1.2081742658575088,0.015776076967356608,0.025432095891006572,0.9899464093616916,-0.1382404806343094
robot3,1528,1722894973628245717,157.72903336644876,-65.50738601170173,-1.8966349983695592,0.017025845422349323,0.023038852157376742,0.9775585429358579,-0.20870703632615636
robot3,1529,1722894974126826160,157.50786681299823,-65.23277941635571,-2.6943257371546863,0.019863849742290853,0.021869002125251297,0.975028619467272,-0.2201053507736851
robot3,1530,1722894974628657943,157.35927664541714,-64.96677775251402,-3.5771747520014605,0.0178782676217559,0.01984481452394222,0.9690920902431027,-0.24524899900225733
robot3,1531,1722894975128646253,157.0187619545461,-64.73660779667127,-4.427851349269836,0.023512576771292933,0.01904946942847897,0.9685941045753872,-0.24679898101465375
robot3,1532,1722894975626940601,156.78537949197747,-64.59866088737651,-5.233137316169681,0.01863465168562203,0.014406771278175606,0.9635785270257193,-0.26638621764805837
robot3,1533,1722894976129527951,156.6550935429354,-64.42822988181676,-6.15716515695398,0.01957454656542025,0.013934160491874724,0.9609501449646763,-0.2756764320548862
robot3,1534,1722894976627306713,156.54510774013704,-64.16817472868372,-7.080115568075455,0.021567635620060414,0.014794315154323348,0.9600632669075282,-0.27855787346208544
robot3,1535,1722894977128205863,156.36383762600673,-63.910489259825525,-7.937551641717031,0.022165872404859448,0.01190506177853925,0.9613730579052585,-0.2740963099687282
robot3,1536,1722894977626872350,156.20432043833512,-63.657013069089366,-8.783381350825575,0.020953881856824546,0.017030892729209737,0.9625358811383147,-0.26980652521624576
robot3,1537,1722894978128999922,156.1828541722138,-63.40133917660312,-9.69431861255155,0.020166538370823144,0.013225652869210132,0.9647333296953429,-0.2621221001961838
robot3,1538,1722894978626842434,156.21610611804562,-63.19572691109118,-10.62058220878616,0.023900497945199686,0.015348398318729991,0.9662545285957457,-0.2560183173822423
robot3,1539,1722894979126108475,156.2103059230573,-63.00120630760726,-11.554694750921389,0.017683625633931742,0.015678240231809044,0.961371636927893,-0.274237229198109
robot3,1540,1722894979627397660,156.1991629597982,-62.777140370190324,-12.431587257439512,0.018536846041076062,0.010992467777237148,0.9555191878053656,-0.29414049827725264
robot3,1541,1722894980131166571,156.05770036678072,-62.503989448914105,-13.304501209340309,0.02682728724731254,0.010250623831705604,0.9557003448354241,-0.29293697658619766
robot3,1542,1722894980628879082,155.85405735402358,-62.19357844369602,-14.088913670723121,0.026116060062192203,0.006620760587835769,0.9635950557662395,-0.2660050477696321
robot3,1543,1722894981128029377,155.66439895808853,-61.902364601917,-14.963125724023124,0.019274273967147464,0.007767403322507038,0.9596957540577615,-0.28027170647814154
robot3,1544,1722894981627668282,155.66248751580025,-61.72052496723962,-15.873330424018805,0.024880017972617387,0.009823313657597863,0.9584827907608281,-0.2838929851718802
robot3,1545,1722894982131016519,155.5188314972905,-61.48462843338029,-16.825501161170727,0.021025138926253795,0.01061162476484392,0.9673877951494328,-0.25220267791778267
robot3,1546,1722894982630465372,155.30406895533784,-61.26709645977865,-17.60833730405379,0.021445368989707312,0.011888331258267238,0.9689821676348638,-0.24591120863927657
robot3,1547,1722894983126601758,155.39250351124147,-61.1431089140924,-18.58189532784551,0.021197375589672614,0.012261729992813494,0.9633852675093513,-0.26700027638867635
robot3,1548,1722894983633682055,155.41912879344966,-60.99938722403535,-19.552939064545157,0.022922874704938513,0.012758385652475049,0.9587814652616157,-0.2829308524738749
robot3,1549,1722894984128589232,155.41471232930968,-60.739896261925,-20.40228471346855,0.019092491977432055,0.010653390463873902,0.9585939779156759,-0.2839358510747039
robot3,1550,1722894984628282010,155.13563817436926,-60.48147466275163,-21.19678292772296,0.019904370845448202,0.0140573857449193,0.9580066236050105,-0.2857087941527053
robot3,1551,1722894985130011220,154.96334644000942,-60.20543415647344,-22.126663004114782,0.022518277576775853,0.013414517880864646,0.9546617281664669,-0.29653661267913306
robot3,1552,1722894985627740640,154.8466179361566,-59.935559049200776,-22.99047836702477,0.0229859008184365,0.018222904789432424,0.9564847876896325,-0.2903040217133046
robot3,1553,1722894986132862957,154.78549900686815,-59.7374515549046,-23.87157514536743,0.02339204392908165,0.017670409605479474,0.9569064311261707,-0.2889128778275031
robot3,1554,1722894986631100965,154.70711678199459,-59.51524116529455,-24.771942304075846,0.024395828106499075,0.017840579090738422,0.957444438800356,-0.28703084140728924
robot3,1555,1722894987130242236,154.57797947058467,-59.31859867894894,-25.70311128295102,0.01654081103424102,0.0150764409331851,0.9581742883420113,-0.28530884258886546
robot3,1556,1722894987627102559,154.4750955705408,-59.13659414643155,-26.617249395958908,0.014664682044304623,0.015795253519996902,0.9583017716061728,-0.28494415523616035
robot3,1557,1722894988129191039,154.44447546573969,-58.97264813423984,-27.575875666391866,0.017561111784569088,0.016165602548035448,0.9590457827247448,-0.28224363107965805
robot3,1558,1722894988631671020,154.37382180779787,-58.81727508020432,-28.519446904620615,0.0160363680836579,0.016483974122281513,0.9599352062518107,-0.2792767682678152
robot3,1559,1722894989134748171,154.2975180384375,-58.732200146319364,-29.45925239639071,0.014058349528161639,0.018077232974752933,0.9609296896195196,-0.27584362973295934
robot3,1560,1722894989631977075,154.22388323741336,-58.611822677786215,-30.388086484250017,0.016860097345785984,0.017724296982101866,0.9620074857499636,-0.27192495982350395
robot3,1561,1722894990127946055,154.02970771649882,-58.45078654040388,-31.296427489326906,0.015471131346940179,0.018155610249990014,0.9611705209182758,-0.2749222574274158
robot3,1562,1722894990634036387,153.9550821425862,-58.294016642519814,-32.2618778973528,0.008468158537510146,0.01410903749723468,0.9604497978667204,-0.2779665647693279
robot3,1563,1722894991129078869,153.99662599717348,-58.11012609246593,-33.191222625395284,0.014355096515256526,0.018140239566559142,0.9604822830753637,-0.2773781657067526
robot3,1564,1722894991627237374,154.23768240789417,-58.04202768781032,-34.02195826679748,0.01865435856433172,0.019931886786430746,0.9607287796144109,-0.27614298255847625
robot3,1565,1722894992128599678,154.28406264597984,-57.880815933889785,-34.83782228374346,0.0107054976457749,0.017125534731223937,0.9611790029691375,-0.275185451344327
robot3,1566,1722894992627635714,154.33451800035783,-57.7640178395794,-35.62569982978714,0.015392795574966709,0.017239980156255427,0.9615430889353475,-0.2736799829166715
robot3,1567,1722894993130825239,154.2751291344467,-57.51061711686247,-36.291723155620225,0.01350915305378149,0.015699292956571777,0.9618790564309572,-0.2726897793902895
robot3,1568,1722894993627262144,154.2491305484447,-57.35628545269171,-36.889837388048655,0.01768076747911525,0.018298824488569253,0.9621119274609652,-0.27146488266630825
robot3,1569,1722894994130038654,154.1882954460601,-57.18894127352327,-37.445062835120744,0.018335773385959667,0.018406588208554227,0.9622810609628226,-0.2708138782210466
robot3,1570,1722894994629104686,154.0273520737481,-57.00045837313539,-38.03459603384692,0.015316161303849102,0.014324559473932874,0.9628972755809411,-0.2690521489927066
robot3,1571,1722894995131008395,153.85821323249834,-56.74594973567958,-38.689697752199436,0.012630947078531246,0.014272869627676783,0.9629958788376801,-0.2688413690452693
robot3,1572,1722894995630726529,153.6521132922065,-56.46643013251321,-39.31729736185669,0.016381079010297728,0.014355394546308606,0.9628057435714917,-0.269315211311253
robot3,1573,1722894996132652374,153.4538997535954,-56.165782950337714,-40.0810861150807,0.018896341815993527,0.01591405620281142,0.9628779075800085,-0.2688044013320682
robot3,1574,1722894996631866757,153.15725206053375,-55.84204583333533,-40.82342381850451,0.011579316582005684,0.013253543861875793,0.9636972158797127,-0.2664168521476927
robot3,1575,1722894997126900113,152.9560687264839,-55.54475477009735,-41.57529987706716,0.009088565438623936,0.012532921769425427,0.9644945607394481,-0.26364856562137506
robot3,1576,1722894997627636195,153.0308110643767,-55.36481489082471,-42.34602632428272,0.014175667872600555,0.01434914214108127,0.9649583388051974,-0.26162675117520867
robot3,1577,1722894998128686645,153.09309132388805,-55.24759784179799,-43.09014104066779,0.01680332203162711,0.014862953065394986,0.965617642165612,-0.25899673768872344
robot3,1578,1722894998631657973,153.06123493100245,-55.11923272438158,-43.69498741338169,0.01334894925924246,0.014774509554009708,0.9661194712846173,-0.2573260317687351
robot3,1579,1722894999128533300,152.99568790182877,-55.008450132752806,-44.29546311432696,0.011583460663210546,0.016786543724930478,0.9665433548139696,-0.2556911782869947
robot3,1580,1722894999629102049,152.9316203472677,-54.87872182857312,-44.94790393798259,-0.0011629880909301805,0.013403161262749723,0.9671183017186548,-0.25397085109848744
robot3,1581,1722895000131805891,152.7127042153047,-54.68022258201435,-45.5320483758339,0.005616210582080413,0.009940357792343844,0.9679277692335273,-0.25096908377779414
robot3,1582,1722895000630349144,152.53448495943272,-54.50207356420187,-46.08694344126714,0.0053452087707166265,0.009682504051813883,0.9657278285826667,-0.2593211116733298
robot3,1583,1722895001125835335,152.42217231799958,-54.30286134913794,-46.72506385995899,0.005876815187136669,0.010789180435183843,0.9644111296669783,-0.26412161896228076
robot3,1584,1722895001628808631,152.22259773225673,-54.012298195460666,-47.42987425446299,0.006624507536363825,0.01100700461038893,0.9648995960927965,-0.2623046534268229
robot3,1585,1722895002126937279,152.12498124761004,-53.80299980218753,-48.12246989897631,0.010026936870044507,0.01310589370402601,0.9651522161700986,-0.261168328304123
robot3,1586,1722895002629839466,152.19081027253523,-53.6631330607006,-48.87345325388741,0.007993287098109777,0.012872594767009781,0.9653458118123833,-0.2605338121657574
robot3,1587,1722895003132622911,152.2313301221783,-53.52005053310957,-49.62634697593896,0.0067761817626959325,0.01467311766890939,0.9654858822435479,-0.2599534461533278
robot3,1588,1722895003630869946,152.02456362429697,-53.2614636460972,-50.23260337643942,0.007799431742332969,0.01574093030223647,0.9655423801850124,-0.25965227525361306
robot3,1589,1722895004125414717,151.87333040242578,-53.01042175690523,-50.888113265197724,0.0018705625827987618,0.01627553369992702,0.9656888139918813,-0.25918472665139825
robot3,1590,1722895004628408169,151.80339917813382,-52.74696324997046,-51.60518093678083,0.00405010987890991,0.01626897658570659,0.9663159550823074,-0.25681197784408427
robot3,1591,1722895005132422402,151.6997084569598,-52.49814174051705,-52.23301698442053,0.004220022763991795,0.01750861775797166,0.9677969507776338,-0.2510870402422051
robot3,1592,1722895005627062035,151.83609108655523,-52.43723481474887,-52.92980221138894,0.007357653476374723,0.01789298205870755,0.9705154930480876,-0.24026107442112993
robot3,1593,1722895006129256597,151.85227622128818,-52.32695132180692,-53.594274070972844,0.007507321457388932,0.016477853943344178,0.9742194326843109,-0.22487467050385324
robot3,1594,1722895006630977134,151.74107390032316,-52.15134615517108,-54.06746608509859,0.005584207133271159,0.01636947460673576,0.977332134470787,-0.21100416077074816
robot3,1595,1722895007127824333,151.65089897076146,-52.0197184735134,-54.6045160195049,0.0005958006432053638,0.013702258954024073,0.979042836645736,-0.20319206956429484
robot3,1596,1722895007632153930,151.53318119654315,-51.88987135792992,-55.08329243053199,0.002455987910790671,0.01353822204687875,0.9806363350364737,-0.1953536871252355
robot3,1597,1722895008127999053,151.38306979425536,-51.75949947931325,-55.52987434192444,0.005687780253113124,0.01292527521705733,0.9789658855792694,-0.2035347176487396
robot3,1598,1722895008628858497,151.26089225340678,-51.687076108895816,-56.0598634433674,0.007015288509557189,0.011509796365650775,0.9784200667049725,-0.20618555571083522
robot3,1599,1722895009128734277,151.0960274008111,-51.5759405642045,-56.498236808866764,0.007055852275008484,0.00898870782684935,0.9769433086706509,-0.21319284632444435
robot3,1600,1722895009628015938,150.94822507151608,-51.42191851299854,-56.849494641583576,0.0029820477215623618,0.00923112592566882,0.9763780225296711,-0.21585145546551177
robot3,1601,1722895010129166517,150.7310942263693,-51.23775460793552,-57.20562652036697,0.004047421587954782,0.009331738742640108,0.9759743640218487,-0.21764782976789926
robot3,1602,1722895010629233414,150.58631230265988,-51.0669451929625,-57.567825999605084,0.004462139495114251,0.009829459493095953,0.9755881892906183,-0.2193425539056488
robot3,1603,1722895011128053365,150.4030956441947,-50.811914725460035,-58.0383232359467,0.00420654586547968,0.009735163044606728,0.9752363698261148,-0.22091073885340634
robot3,1604,1722895011626204579,150.08102020334115,-50.53864550949131,-58.43913499896252,0.006967923681201129,0.01010814260387115,0.9749351569950006,-0.2221502040237784
robot3,1605,1722895012128426993,149.90236269124546,-50.31441454315053,-58.926934700209785,0.0073195513564672295,0.009348119970390584,0.9741879141803609,-0.22542614020090274
robot3,1606,1722895012631445540,149.74347982134645,-50.04930366214881,-59.49256195697305,0.006703856857742031,0.006110121547846046,0.9736691796076584,-0.22778510355168252
robot3,1607,1722895013126838711,149.6394892953629,-49.745080335332474,-60.073337983467404,0.007102646203319519,0.0038575639843121587,0.9731095171554539,-0.2302010843556055
robot3,1608,1722895013626681121,149.62207416839897,-49.51489875575921,-60.71706527959444,0.008146521162645621,0.002520260461838632,0.9721875785787844,-0.23404827394636185
robot3,1609,1722895014130441683,149.5264654283487,-49.25168919998187,-61.334844090783676,0.009420405270809692,0.0003407888056893068,0.9776177872550181,-0.21017754844446562
robot3,1610,1722895014628445542,149.38379683043723,-49.02615248982243,-61.81104425503656,0.008021064373430855,0.001154958352824316,0.982221523587132,-0.18755054571952998
robot3,1611,1722895015130310845,149.2750193797108,-48.85794276482935,-62.181076724962196,0.009608793491557207,0.001456557593830237,0.9947799347267889,-0.10157967804919471
robot3,1612,1722895015627298337,149.0118622290251,-48.64910497979414,-62.571125164976564,0.006073510513345795,0.0022146557192894854,0.9960407890845508,-0.08866202259092978
robot3,1613,1722895016129607849,148.663343234505,-48.40066279582684,-62.86853238236018,0.007620833374920645,0.003122260507552767,0.9997798190355597,-0.0192999439693044
robot3,1614,1722895016634934593,148.36038587786035,-48.10445986194481,-63.33476679778482,0.004481629909671155,0.003397745191953816,0.9985192888479728,-0.05410730190558471
robot3,1615,1722895017127122628,148.08010712571527,-47.81835423565547,-63.947575724450076,0.006078871152029674,-0.00017713912531734294,0.9981646840062711,-0.060251801217125214
robot3,1616,1722895017627243663,147.60729866516513,-47.460783057228646,-64.57616143269507,0.005513954251518117,-0.0013669575365222108,0.995681394569718,-0.09266222662610263
robot3,1617,1722895018131108101,147.17008518075332,-47.100249149603684,-65.24531539283252,0.0014768936930587896,-0.0012107366802436986,0.995444581123296,-0.09532281371201909
robot3,1618,1722895018627298773,146.8610692172553,-46.79893331381661,-65.96808885747774,0.004396179872588288,0.0017116800365579608,0.9935688088444105,-0.11313163061442921
robot3,1619,1722895019129754508,146.56353449951487,-46.51876469286354,-66.56102394304763,0.0024304038387872582,0.0024082655772394435,0.9915663027041814,-0.12955524202304386
robot3,1620,1722895019629094546,146.40697916856934,-46.315344998300944,-67.1614871867148,0.005100872466406971,0.0029293047998754044,0.9903646421991997,-0.13835922721351757
robot3,1621,1722895020128480467,146.06862240170062,-46.009497916072036,-67.63605899727077,0.0028614520974317814,0.003510451918911396,0.9894474581931094,-0.14482132541312479
robot3,1622,1722895020629569188,145.7430751444839,-45.7305351110426,-68.11565749716519,8.587018389410001e-05,0.00258115940977193,0.9866477596705376,-0.16284817646974678
robot3,1623,1722895021126553075,145.47360681472134,-45.4647576743754,-68.59418558021547,0.001961917572920942,0.003665923020929787,0.9850788236868964,-0.1720535469308384
robot3,1624,1722895021631120277,145.10201966806855,-45.12823531057694,-69.00477656922467,0.0029251332690515617,0.005249755144408049,0.9833280317131146,-0.18174120532640373
robot3,1625,1722895022127641677,144.9967127134491,-44.91301394184028,-69.54075925313059,0.0039115370769179075,0.005363929525741683,0.9797963094997553,-0.19988776858126844
robot3,1626,1722895022628569843,144.8833176031913,-44.63075602142004,-70.08869417617238,0.004008897726678052,0.003927370106292293,0.9782031770765648,-0.2075742008544899
robot3,1627,1722895023128935839,144.63537966034974,-44.327048855364055,-70.49818882106575,0.002291994263226802,0.00516867773723449,0.9753555834828118,-0.22056635577904846
robot3,1628,1722895023625500407,144.34946610599982,-44.005883732043905,-70.83611608212293,0.001280901031153603,0.005299910764520047,0.9729378909929991,-0.23100244697520314
robot3,1629,1722895024129139059,144.13796741017882,-43.701780444544546,-71.35668699699546,-0.00038033996025465096,0.008216883889171281,0.9707609461781695,-0.2399073228059775
robot3,1630,1722895024627421885,144.07814962758613,-43.541354969694495,-71.84056516989499,-0.0033495155735341954,0.0077442839149167945,0.9683486623892132,-0.24945876384903648
robot3,1631,1722895025131437021,144.21576157657904,-43.45859314225207,-72.37691249386363,-0.00575789911181747,0.008801011824632504,0.958785014046907,-0.2839378200024666
robot3,1632,1722895025630187635,144.39844660517426,-43.4585246734986,-72.80013161213533,-0.007185853367715822,0.009254540836450352,0.9474114409847497,-0.3198034997877356
robot3,1633,1722895026128461218,144.4684130928068,-43.39111492040175,-73.14682540034335,-0.00787057858796583,0.010060020530746719,0.928620993839588,-0.3708097892181212
robot3,1634,1722895026629989639,144.31484859303131,-43.182688490714774,-73.59734094692605,-0.010019299706965306,0.011399945947832077,0.8660378797734379,-0.4997479821503001
robot3,1635,1722895027127099862,144.2387027741762,-43.10748631161909,-73.75620927392784,-0.010820129623761304,0.014463276480411435,0.8121529833150983,-0.583164873874243
robot3,1636,1722895027630680894,144.10871452885985,-43.00879367723728,-73.63292361354401,-0.009541363978301949,0.0149175994277975,0.8551197466455162,-0.5181280213399518
robot3,1637,1722895028132635880,143.81997138545896,-42.84412382752581,-73.44622964790457,-0.01470496071841502,0.011826648599494538,0.9232940452736276,-0.38363003072678575
robot3,1638,1722895028629887558,143.6695178753489,-42.66582866045889,-73.53689481722459,-0.025690607881400852,0.012869057062263104,0.9377329984105396,-0.3461664393452829
robot3,1639,1722895029130698923,143.5654963810544,-42.5515762387132,-73.59913199641522,-0.028620972559880647,0.011548687404240577,0.9699557221756149,-0.2413159024344379
robot3,1640,1722895029629667425,143.60850500292395,-42.53334810545102,-73.76979317280751,-0.030087330524674702,0.007734555835973454,0.984146832942287,-0.1746136890326337
robot3,1641,1722895030129214289,143.43738591133,-42.37003646202657,-73.74249857070899,-0.034751914814534886,-0.001379345660014956,0.9979703353645265,-0.0533442738697218
robot3,1642,1722895030630401144,143.19725028293936,-42.21057621544553,-73.64951542255884,-0.03721404463990764,-0.008191757901574606,0.9979294502093267,0.05181527177321365
robot3,1643,1722895031128750922,142.85780842701337,-41.959728360340485,-73.64014572471488,-0.03287633464334895,-0.00350245756665844,0.9982954303488335,0.04809483502466589
robot3,1644,1722895031630795358,142.54134641748269,-41.73083076372298,-73.68454726652034,-0.021981611266309865,0.00036733332312248397,0.9963887538295871,0.08201295674641323
robot3,1645,1722895032130541635,142.1621415851356,-41.441997259975835,-73.82691054252915,-0.018091653251456553,0.007583114093542359,0.9975592447217247,0.06701299675059656
robot3,1646,1722895032629751298,141.80679465409372,-41.1928948684902,-73.87967938713463,-0.024074997791974688,0.009656297580420928,0.9977519712548322,0.06179121503459193
robot3,1647,1722895033130896645,141.48180459952437,-40.90687072962736,-73.94663759011486,-0.02782929933795908,0.013244388077000074,0.9977359676582167,0.05977503763232637
robot3,1648,1722895033629013465,141.2893370758897,-40.72876171705963,-73.98632995841824,-0.02638889533578181,0.01778535531372109,0.9976514411290255,0.06065401349045612
robot3,1649,1722895034125738725,141.006891257531,-40.54837654954144,-73.91145406070338,-0.015489033718926766,0.01691167225406538,0.9978410424068455,0.06154136222448445
robot3,1650,1722895034629316207,140.56314793452393,-40.31854725982792,-73.78493013630029,0.03073835021276938,0.0006770090939551863,0.9972649767132534,0.06721057733718692
robot3,1651,1722895035129920292,140.23091111325337,-40.063292252486164,-73.7770960330453,0.05342260291191641,-0.009710757083986261,0.9962458700593622,0.0674232384614991
robot3,1652,1722895035630678025,139.6610179482863,-39.75443912961725,-73.61969608376693,0.031087660975980393,0.0008796898806231571,0.9968855574489235,0.07247046867866605
robot3,1653,1722895036129978042,139.11746094363005,-39.44589266459087,-73.55780525932542,0.02737872485428531,0.003950034694680687,0.9983440538929589,0.050437612035435855
robot3,1654,1722895036629622233,138.5536680791866,-39.12745319996828,-73.65049389442237,0.0266304076015466,0.0013351878265968195,0.9989230058341731,0.03797192488752109
robot3,1655,1722895037132840787,138.1839459359749,-38.90397396537085,-73.81300941164403,0.032711202827468665,0.001905172155997446,0.9989751531529206,0.031224844462939893
robot3,1656,1722895037630809697,137.91750983086936,-38.715728375949745,-73.8987754628401,0.030251885658447424,0.004449445061813875,0.9991800273039807,0.026538630137342676
robot3,1657,1722895038128437531,137.66759142179123,-38.6499047195684,-73.92882573529998,0.022990951122168916,0.006793122589719162,0.99960132442751,0.01491515520358376
robot3,1658,1722895038627058229,137.53753951990964,-38.63628310108979,-73.91934490782549,0.01881031022955972,0.00821067200632353,0.9997873916629494,0.001982061065785545
robot3,1659,1722895039130474633,137.55183860417225,-38.699192889042536,-73.91691032677869,0.018483011277288627,0.008949173161946246,0.9995656131148115,-0.02113943405704305
robot3,1660,1722895039629427999,137.53338821383866,-38.75979909519798,-73.84749613360557,0.018081152594277925,0.009488329029231099,0.9986940237757368,-0.04683257848681411
robot3,1661,1722895040128433106,137.29800833725736,-38.69954385671522,-73.75104762183265,0.005545172748278464,0.010808899453463633,0.9949000157843433,-0.10013179986453045
robot3,1662,1722895040631144295,137.0416428903681,-38.57141437941076,-73.80756611241706,-0.0014882236742627323,0.011993957945247668,0.9862416554654297,-0.16486760502873685
robot3,1663,1722895041126649721,136.8385270036619,-38.416864528041515,-73.93696235346252,-0.0018377672599733867,0.013510039008188092,0.9781247008310878,-0.20757208647019498
robot3,1664,1722895041631515185,136.35739989240903,-38.100963787119056,-73.99114754363507,-0.007237920990331031,0.014627714922951118,0.9763741976086965,-0.21546941476656167
robot3,1665,1722895042128574529,135.67654053229688,-37.63413805770053,-74.08768668706891,-0.0157849004904468,0.01341140904979009,0.9752898171089549,-0.21995623125382774
robot3,1666,1722895042627858843,135.07589279337114,-37.229135649143586,-74.17632765192735,-0.015276692738100481,0.008977253350101796,0.9829914603482602,-0.1827944760206619
robot3,1667,1722895043129155704,134.44669364348266,-36.868950233486885,-74.1077618294464,0.010620583797192388,0.007055753870722093,0.9925751407280542,-0.12096284365790247
robot3,1668,1722895043630211068,133.85413418327335,-36.53152461181724,-74.08120265659501,0.01807323179030271,-0.004166637615590962,0.9939484758817566,-0.10827014692872311
robot3,1669,1722895044130897632,133.21861505066292,-36.16240394611703,-74.04908715986086,0.01833809359916192,-0.0001992653216894931,0.9956742124166126,-0.09108533002101978
robot3,1670,1722895044629529655,132.6132360152741,-35.74051134437795,-74.02103427014131,-0.003971715416662463,0.0005666638547580367,0.997062397992061,-0.07648842317008417
robot3,1671,1722895045130491084,132.08589591554127,-35.36427737856197,-73.99100621434289,-0.013365831921548513,-0.0007858854385842411,0.9980842393914741,-0.060403542938018404
robot3,1672,1722895045630601658,131.47254626543182,-34.95304909886583,-73.9248253572299,-0.013194826583785084,9.401996833124442e-05,0.9988015569670445,-0.04713106737468329
robot3,1673,1722895046128648002,130.89855472834898,-34.63082570414838,-73.71692794585162,-0.011202133687320965,0.0003061501487769342,0.9999336777865748,-0.0026567839867050655
robot3,1674,1722895046630940402,130.41767682895969,-34.24439460611976,-73.55872454184265,-0.012757911782145616,0.0035380532787927118,0.99976355404659,0.017249749739823666
robot3,1675,1722895047129306182,129.96950369810685,-34.010917052254946,-73.46519029121528,-0.017408817026429615,0.007033498007986235,0.9998063038176435,-0.005900664540027161
robot3,1676,1722895047628986848,129.67138424536134,-33.88258086802517,-73.52057321809333,0.0028568467522447297,0.01481317961604196,0.9995342503845562,-0.02652716427514243
robot3,1677,1722895048132059246,129.44624306896645,-33.744167209601265,-73.60863615661383,0.01742546510089218,-0.004093586294352157,0.999175925318532,-0.03642891682611145
robot3,1678,1722895048631934468,129.41325243582108,-33.76503941559899,-73.59213594721122,0.018145267579819494,-0.004317448329920261,0.9980296245215132,-0.05990807526387944
robot3,1679,1722895049130070855,129.1473908607431,-33.71208636303564,-73.59256069613663,0.01340114636529328,0.005337307580042707,0.9921869336650768,-0.1239234081527149
robot3,1680,1722895049630673739,128.77224835610588,-33.56502460115786,-73.59799389630474,0.012221034489620893,0.004960649783245224,0.9795799408696876,-0.20062197714974025
robot3,1681,1722895050135917054,128.23676430410362,-33.309401299757255,-73.73165486538738,-0.006127191079832156,-0.004733788171386266,0.9702493366023089,-0.2419840358407947
robot3,1682,1722895050628709994,127.48292966666759,-33.0079715359478,-73.9711482560452,0.027315578608197475,-0.00939088811364137,0.9702200151254337,-0.24049697011758772
robot3,1683,1722895051131815428,126.5936497502183,-32.58963345513493,-73.95537047799311,0.015952233515900915,-0.0148568295497342,0.9911724138190608,-0.1307747947644368
robot3,1684,1722895051629305756,125.82457077283009,-32.267305429698396,-73.56242665400407,0.011760917172949732,-0.012294275974127146,0.9998544787723681,-0.001246147807833818
robot3,1685,1722895052127621109,125.17453230214504,-32.05677534447042,-73.2987881944426,0.010869495829304148,-0.012749565486029403,0.9997251488984047,0.016399064009772604
robot3,1686,1722895052630770647,124.41880642168564,-31.689965096526283,-73.06260160961307,-0.002624322020141169,-0.021122603304276427,0.9990903963052691,0.036950352828695576
robot3,1687,1722895053131220053,123.9500679895057,-31.415101416171428,-72.81631318669825,0.0005112234874708901,-0.026534014847664218,0.9944656993999454,0.10165459863472583
robot3,1688,1722895053632976678,123.59323368075738,-31.344723996470623,-72.57505334305834,0.00834610528299349,-0.027108070274744246,0.9853259433686871,0.1683100721204516
robot3,1689,1722895054128014806,123.07309373275176,-31.149264706090168,-72.29939064723331,-0.008128442057174863,-0.01939002555330385,0.9815685519162731,0.18995034411065442
robot3,1690,1722895054627999602,122.68266937838843,-30.904112656051385,-72.18129637640746,0.001458242376881445,-0.007187648157849639,0.9805070882504084,0.1963467879386743
robot3,1691,1722895055129890814,122.32544506836956,-30.809891906688048,-71.9616307564512,0.006041803113204366,-0.0072562288693810715,0.9768862406829116,0.21355120351368898
robot3,1692,1722895055629646052,121.96373035372982,-30.601805250528226,-71.3826647245015,0.0073585371929987715,-0.007177350661621985,0.9751816325783241,0.2211676311075695
robot3,1693,1722895056128398508,121.30609883052469,-30.283871873813972,-70.96381722491232,0.013467340321847899,-0.004530409941368413,0.9873662967073455,0.15781603928891663
robot3,1694,1722895056632560972,120.5717388537992,-29.733591424201315,-70.75223584370987,0.0028188093563327635,-0.00564033618295209,0.9991095839019575,0.04171666665510801
robot3,1695,1722895057129221879,119.70079178656637,-29.229599496558407,-70.37667783720347,0.013559588372800555,-0.011932734701650223,0.9989390319797378,0.042362221295449025
robot3,1696,1722895057627938550,118.95006976902118,-28.859868427730483,-70.0541460943832,0.018446633632395217,-0.009514966088181639,0.9985187924782434,0.05029322216525405
robot3,1697,1722895058131305100,118.37436449048342,-28.477156904631535,-69.93672701209704,0.0058593440814132805,-0.0074015658947239665,0.9984105338309018,0.05556339482730787
robot3,1698,1722895058631804261,118.05301758497363,-28.17597071914034,-70.10325747916276,0.01483765138313084,-0.022879113111452506,0.9968930464742002,0.07389617159267581
robot3,1699,1722895059130812143,117.53538478230118,-27.997863706684733,-69.8765167965272,0.010188471514892813,-0.02725764870348162,0.9991353744475024,0.029693756296518065
robot3,1700,1722895059629730673,116.72184629728567,-27.694786624169655,-69.60485028636161,0.012952075251183661,-0.03125944769424708,0.9983939168639289,0.04543872187507858
robot3,1701,1722895060130002137,115.8620106964481,-27.379515272085776,-69.24863859016506,0.01653202675822405,-0.03457009164525883,0.9981309397081484,0.04760491626116251
robot3,1702,1722895060637255464,115.05982218932786,-27.01345146368709,-69.06380546791009,0.007937779901314824,-0.032304812350491784,0.9991942219350216,0.022456571441441926
robot3,1703,1722895061130395161,114.34036329699434,-26.651142522082242,-68.87614619618107,0.006674848172609164,-0.03423862828712957,0.9989429671059378,0.029935116576919055
robot3,1704,1722895061627024857,113.53204526052636,-26.319196099690245,-68.6614877961981,0.008145503289615769,-0.03298520193444226,0.9986511148843311,0.03926293378984269
robot3,1705,1722895062132523769,112.73077527168309,-25.917705135396396,-68.48514946811139,0.00834078695474773,-0.03291161048498991,0.9980688532447791,0.05201751004143952
robot3,1706,1722895062634984759,112.00432308150577,-25.57697886341998,-68.43103753340465,0.010629417373996149,-0.030809536442617705,0.9979094949343076,0.05580705932438435
robot3,1707,1722895063130824424,111.22614106078609,-25.226038266663696,-68.21835845169221,0.009685995861191435,-0.02925009746906522,0.9975925934611253,0.06212592658249315
robot3,1708,1722895063629431836,110.27168979650686,-24.816396083854993,-67.86912465067962,0.017736828292487367,-0.033348873043874176,0.9966460753750505,0.07259378780815673
robot3,1709,1722895064128705314,109.51774208701042,-24.432064673675445,-67.74933106414355,0.011382190627690032,-0.03591882788654348,0.9967047368562575,0.07183279938907003
robot3,1710,1722895064632419304,108.66275201609666,-24.011664850652476,-67.60307103279773,0.009585621900963104,-0.03424691030324548,0.9970144324946252,0.06853821112980622
robot3,1711,1722895065129373765,107.74180394513564,-23.865656855656965,-67.44703118472873,0.011002736576900755,-0.03531131197539579,0.9982334613359395,0.04649739459007283
robot3,1712,1722895065632608301,107.14367965819673,-23.607132250186417,-67.3792280971066,0.0072868714324967904,-0.035423217738531715,0.9984865157489535,0.041433983845264435
robot3,1713,1722895066133894652,106.35160338556898,-23.22556683080927,-67.21827591941668,0.009372468223358488,-0.03338467303774339,0.9978431741658829,0.055737063217582
robot3,1714,1722895066629746709,105.49518229300452,-22.85699263385301,-66.91099133148052,0.010529681488306353,-0.033262870934966875,0.9976547820290234,0.058886697305423695
robot3,1715,1722895067131219781,104.49691719889212,-22.52281997417238,-66.6895772724052,0.005904301305271728,-0.03330336209104626,0.9982354768049301,0.04880530860022525
robot3,1716,1722895067632860834,103.67214591983966,-22.07495177711237,-66.59906690374157,0.004476801476460223,-0.03462973476317092,0.9985019942715978,0.04212489945881018
robot3,1717,1722895068131876481,102.87258084777106,-21.63265443749045,-66.43329543921409,0.004745521257480736,-0.036210078299212294,0.9990023935265041,0.025700739014194122
robot3,1718,1722895068632377984,102.15285716584866,-21.23498469936551,-66.28237454146716,0.007653659409368403,-0.033958589319454224,0.998914465650566,0.030953610825271115
robot3,1719,1722895069128729174,101.44880893375313,-20.844627914565756,-66.0895046156864,0.006467723329886917,-0.02903120034130012,0.9985804367767545,0.044186754219084336
robot3,1720,1722895069631042192,100.75713357575536,-20.472160610946155,-65.9621067534842,0.00471112679211764,-0.02727747898427443,0.9981085498518553,0.054891412235773304
robot3,1721,1722895070132656691,100.15731017535947,-20.153869571146075,-65.80731729897285,0.006782339014511258,-0.026994653412982846,0.9978931906677723,0.05860433928898452
robot3,1722,1722895070630210256,99.63443319863461,-19.87019405135776,-65.80657551762617,0.006189743869791346,-0.02800836908198269,0.9973604911895008,0.06670284061740919
robot3,1723,1722895071132712502,99.0996031882692,-19.57993765302863,-65.72658586075899,0.00039437255403468525,-0.03082738902157752,0.9960970632600754,0.08270524240369655
robot3,1724,1722895071628341817,98.53230469271669,-19.351277574335416,-65.61743923555878,-0.0027555690815286287,-0.025525580188025847,0.9972687800708229,0.06925194503517178
robot3,1725,1722895072130064111,97.9728984635817,-19.07552885693709,-65.65396840227011,-0.001630657889806946,-0.023612273647932287,0.9983174657054208,0.0529342909230628
robot3,1726,1722895072628765169,97.34156088048394,-18.859367977157387,-65.56450999274549,0.002390112462582757,-0.020880366848968542,0.9994077128456292,0.02724924122497646
robot3,1727,1722895073132720191,96.55293353686349,-18.553352668574703,-65.39915840616584,0.0014706437261331148,-0.02169087777234729,0.9997178347195473,0.009570473977592054
robot3,1728,1722895073629648572,95.7228571564931,-18.129380540659998,-65.34956410844339,0.004949427117166119,-0.024390380137986903,0.9994632346773238,-0.02130387420816392
robot3,1729,1722895074131245105,95.01495621828813,-17.70173511077258,-65.5235866013261,0.006684144868736548,-0.02475198565591522,0.9959149673823787,-0.08657966942197627
robot3,1730,1722895074635935692,94.30649761716425,-17.197108522670295,-65.82489239018837,0.0026182497739908293,-0.02880141714485197,0.9901142475186585,-0.13724940801012483
robot3,1731,1722895075134450337,93.56629757871123,-16.683598187921838,-66.00393519746657,-0.007830156255309051,-0.029824326801194054,0.98766814622638,-0.15349537815067615
robot3,1732,1722895075637699188,93.01685762735724,-16.369623349863446,-66.16696662603442,-0.0018904945062285757,-0.027426301217087598,0.9960294897098059,-0.08467277992658008
robot3,1733,1722895076132322656,92.57656642455397,-16.054771429579798,-66.16685532746628,-0.002697684913433143,-0.023888465873006793,0.998991478351842,-0.0379221554601422
robot3,1734,1722895076631017302,91.90207553330313,-15.629321790030337,-66.06633970223263,-0.009960959870130525,-0.01818197025509191,0.999764385302294,-0.006431882868569828
robot3,1735,1722895077134095087,91.34492774650009,-15.298377511317193,-66.04007895264319,-0.00453846233716077,-0.01602475357121505,0.9998162970151392,0.009485876634809258
robot3,1736,1722895077630044150,90.67392955048174,-14.879009804645642,-66.01239677238263,-0.005743291502493599,-0.015088674189658355,0.9998622267369287,-0.0038566901076203747
robot3,1737,1722895078131972021,90.00876783506286,-14.486194079224909,-65.99176299392751,-0.0044616157557465065,-0.01588939030222405,0.9998637140137099,-0.00041792269815156357
robot3,1738,1722895078637227829,89.40534674996655,-14.184801434154194,-65.90429673529044,-0.015004585160996634,-0.016483467440258123,0.9995299022201668,0.021050707661171494
robot3,1739,1722895079133617940,88.90810543943374,-13.842964501566549,-65.78001090810817,-0.015029834626649478,-0.018706520396169258,0.9990004943553165,0.03771183426454765
robot3,1740,1722895079633745512,88.46564600240815,-13.667787735548767,-65.74490516048192,-0.014393936768037225,-0.018297691526367437,0.9986743208712364,0.04590871269703042
robot3,1741,1722895080132057711,87.99214910182444,-13.43269760017625,-65.65176932196117,-0.013282086448139942,-0.020409004586932535,0.9982577809066492,0.05374440966916586
robot3,1742,1722895080632346377,87.49546418891829,-13.126831557358727,-65.4307072292198,-0.009898157615192499,-0.024460845302556825,0.997632956058121,0.06349943708131914
robot3,1743,1722895081131542782,86.96767652399828,-12.828164609449814,-65.23081163719014,-0.014787056531112822,-0.03043960490508468,0.9963451126515569,0.07842952191441879
robot3,1744,1722895081629731719,86.4044718197769,-12.537924807639303,-65.0661803016093,-0.0201239049426216,-0.03397842167553656,0.9972693285391887,0.062404981093622955
robot3,1745,1722895082132548943,85.82507981700583,-12.192078932319937,-64.9987956956099,-0.01864473948868837,-0.03313319126736754,0.9977632805213713,0.05498182762577517
robot3,1746,1722895082631458859,85.25082216167515,-11.858140524530157,-64.77477313224372,-0.017114011075536714,-0.03093457160985271,0.9974949892281103,0.061269155119304294
robot3,1747,1722895083127805631,84.70595605529559,-11.578935986780518,-64.75524458385364,-0.007421960636427989,-0.03169553176388982,0.9979025896768561,0.05595292023424385
robot3,1748,1722895083636602237,84.1534548153357,-11.317844277704753,-64.580885070708,-0.010270808626047654,-0.02959499572936749,0.9957132849036192,0.08702701295798768
robot3,1749,1722895084132484265,83.62428869586824,-11.02646762129707,-64.42247617669955,-0.0160843829876475,-0.029636671653177373,0.9932925728903894,0.1106021019602202
robot3,1750,1722895084632527414,83.11093980610812,-10.712523213712561,-64.23713359228465,-0.018050482539481258,-0.03027488131901674,0.9906278923518229,0.1319620799161505
robot3,1751,1722895085132360708,82.79930650191602,-10.481293394029294,-64.252210943833,-0.021314904354259628,-0.027431222140957102,0.9891618834244054,0.14266033535816977
robot3,1752,1722895085629289102,82.46245083890932,-10.281011574260164,-64.23012888275345,-0.02594584649067171,-0.020079971156029337,0.9892742556981888,0.1423378193631262
robot3,1753,1722895086131729651,82.14418486606601,-10.15433227669811,-64.20629500061848,-0.016759433822014756,-0.01967792340154542,0.9932358698669412,0.11320073991908752
robot3,1754,1722895086628356935,81.6887591807637,-9.929519797831706,-63.93120611278055,-0.015683602902026153,-0.021555338441821992,0.9957431728141742,0.08823222641774077
robot3,1755,1722895087127192050,81.25464516765666,-9.746876903773453,-63.66899569579529,-0.021630177631814785,-0.022960382495560316,0.9950677752170523,0.09404828002605736
robot3,1756,1722895087628404317,80.81304454866998,-9.47124712994998,-63.60768558979451,-0.014901811672830964,-0.027890025115136614,0.9973383542975705,0.06569847452535314
robot3,1757,1722895088130005712,80.34957621359176,-9.24552917405377,-63.4896467696593,-0.012106804285452225,-0.03064845790669352,0.9971120142217504,0.06842315699073782
robot3,1758,1722895088627209436,79.82658716249924,-9.024910987792476,-63.23365937729333,-0.010733718731146352,-0.034572003941998865,0.9945158125618718,0.09812167135773237
robot3,1759,1722895089131578811,79.23458849843452,-8.735406912996359,-62.92694405246237,-0.019684091600243803,-0.030175513710400982,0.9927129445336412,0.11499123734239189
robot3,1760,1722895089629635986,78.66833624880975,-8.424321654532823,-62.751301602964496,-0.027783761242006173,-0.024447844994679224,0.9931227035441197,0.11107502505775942
robot3,1761,1722895090152359296,78.17322915666487,-8.144776652009037,-62.566291761692,-0.025893562014778267,-0.023526093655420192,0.9903565288083659,0.13405219957221
robot3,1762,1722895090630963227,77.75431396648112,-7.946302273600055,-62.36710746454699,-0.02225749662186313,-0.020163251563231413,0.9844803948986713,0.17290575233543226
robot3,1763,1722895091130343211,77.42001808149982,-7.812943075515611,-62.05333317240467,-0.0037985157949304944,-0.02588192025619746,0.9644788394696111,0.2628616854867966
robot3,1764,1722895091632709982,77.19008424294132,-7.7765252745466045,-61.74392423425058,0.001955842934718513,-0.025667244361338774,0.9244675563022834,0.38039072621423686
robot3,1765,1722895092131905090,77.14444936825726,-7.758425281075681,-61.62659889353482,0.004366493731359205,-0.02936211775065683,0.8694376923363073,0.493149976091054
robot3,1766,1722895092630916827,77.17317474307875,-7.809368784356622,-61.35401977595359,0.013071731781514202,-0.03243348363727479,0.7886726908852348,0.6138180395029343
robot3,1767,1722895093130120966,77.15345359888822,-8.006612105527182,-61.005010978512935,0.022254265968088507,-0.03396877646192754,0.7545070492911568,0.6550343368418583
robot3,1768,1722895093631783482,77.26660769340319,-8.22696732808691,-60.469479803889634,0.01306748996161375,-0.02672281993704739,0.6933508563215234,0.7199859176670925
robot3,1769,1722895094128231953,77.25080401789053,-8.368566330372934,-60.04817841814246,0.016423628875391057,-0.022110508547848066,0.6644121632364833,0.7468586661274914
robot3,1770,1722895094631463517,77.35142603755847,-8.494134336849035,-59.56809184207468,0.021483148112259532,-0.02508005366184295,0.5964689158484909,0.8019565435121978
robot3,1771,1722895095135160928,77.45807871723585,-8.658092150383062,-59.12170306661714,0.025840176317267257,-0.02584368999975953,0.5626829007212499,0.825864602832092
robot3,1772,1722895095632047752,77.50949834721708,-8.831117105225596,-58.70786320689477,0.02752421820650401,-0.025763823183669685,0.5155809449100958,0.8560110583822466
robot3,1773,1722895096130775879,77.56411410781561,-8.92777225151191,-58.257221890039105,0.0268042551068916,-0.018670252608891543,0.4900161954617598,0.8711010743655797
robot3,1774,1722895096633617113,77.70280146639088,-9.12486231102397,-57.77513886431047,0.030589571547859372,-0.018542110556706355,0.4818242208211995,0.8755374854788717
robot3,1775,1722895097130420845,77.80738290082958,-9.272623461628527,-57.31053501277715,0.03161926102581233,-0.019443730630530058,0.5037309981797965,0.8630627121734172
robot3,1776,1722895097636554049,77.927012008274,-9.540574459919048,-56.79354823306288,0.02788529655217293,-0.01831474404800734,0.5159453719267817,0.8559715845599013
robot3,1777,1722895098132257732,77.96563263788673,-9.721819345969035,-56.32721946746124,0.028586532390249247,-0.019851827874105995,0.5416612949633743,0.8398760364688104
robot3,1778,1722895098631975198,77.98238983084501,-9.848630350657489,-55.84303490188603,0.027988928020617813,-0.018944476667589957,0.5719332481885274,0.819603615370606
robot3,1779,1722895099132001723,78.08101478130003,-10.101677277731373,-55.16269152214373,0.027062267553683458,-0.016689473488025512,0.5952458673317652,0.8029143494632537
robot3,1780,1722895099632618013,78.24093309874758,-10.353915849246146,-54.46583651404285,0.028854296317595417,-0.018645874855722763,0.590832261521724,0.8060626524532732
robot3,1781,1722895100128807609,78.27342338395327,-10.56632478681207,-53.74186735038052,0.02870625627410275,-0.02135685582188146,0.5872642876499703,0.808604039076668
robot3,1782,1722895100635961875,78.17638083452076,-10.733509270838052,-52.99616031409933,0.02804538120958114,-0.019273579872488882,0.583762401356341,0.8112110973565305
robot3,1783,1722895101130055313,78.18693349048831,-11.029981688517069,-52.18268367615953,0.030533338364332058,-0.019766859058012173,0.5779304149737361,0.8152750590933069
robot3,1784,1722895101633150910,78.20164819360815,-11.307072541552714,-51.43073647183001,0.029486485534877063,-0.016710003277958373,0.5605826841954252,0.8274046030458765
robot3,1785,1722895102132380061,78.13666447075411,-11.504737357893347,-50.68376105369053,0.02956892983970441,-0.021224532868990093,0.5477085993857932,0.8358770769386372
robot3,1786,1722895102629154138,78.15136478437269,-11.74637672873798,-49.915806510651755,0.0348346131921682,-0.023339828059708023,0.5575877801494179,0.8290583028822156
robot3,1787,1722895103132622796,78.15035505102786,-11.985826155052461,-49.087084022384325,0.03367151879291276,-0.02670413850854357,0.5533132792445997,0.8318638908020245
robot3,1788,1722895103632587955,78.2170965087504,-12.312137383177536,-48.200314077883384,0.03052168854221595,-0.028903226747457395,0.549126491132814,0.8346814522608494
robot3,1789,1722895104129199910,78.26878635061298,-12.659662342970952,-47.35027977094263,0.03183028149919302,-0.03004801355629825,0.5464425520547646,0.8363518920674948
robot3,1790,1722895104635494061,78.16439247699662,-12.898736728288938,-46.52476522362886,0.027308554657875992,-0.023511297036921897,0.5593979878849684,0.8281155432090308
robot3,1791,1722895105132186441,78.10377621052851,-13.123350318345302,-45.723189902262945,0.028719116320843414,-0.02556441486380819,0.5568482089750798,0.8297238969751725
robot3,1792,1722895105631088165,78.16193458148611,-13.421801169561588,-44.89766839380018,0.03279884668538561,-0.028094340094835895,0.5538355196533628,0.8315053582996527
robot3,1793,1722895106129021200,78.29273028611453,-13.64759003531731,-44.07610537865007,0.026905303782335646,-0.02178036588716131,0.5510617094253213,0.8337461920125598
robot3,1794,1722895106631850167,78.29900359482767,-13.884254368170952,-43.25290233129297,0.026621666333901933,-0.027911838191900257,0.5458603832515906,0.8369878482790428
robot3,1795,1722895107131719601,78.30135081818518,-14.126265023172778,-42.47033372888262,0.026755501967751092,-0.027773344749300845,0.5424493687884496,0.8392028757916067
robot3,1796,1722895107632385992,78.32764674048148,-14.42395748863044,-41.69770798771566,0.030083238779683195,-0.03386023207948643,0.5456283817913627,0.8368023377188826
robot3,1797,1722895108133216129,78.4603777546309,-14.661713615669804,-40.80172883144686,0.024866352013451904,-0.022636425720195204,0.5450458262789942,0.8377316420095432
robot3,1798,1722895108631107907,78.58930201174867,-15.034418485275284,-39.86995799957098,0.027609003870585982,-0.02515854435402802,0.5495208505892921,0.8346446101897989
robot3,1799,1722895109131898827,78.55157507858758,-15.375772492386918,-38.9504544366834,0.029318079119058114,-0.02761881494494332,0.5607634017283492,0.826995803241985
robot3,1800,1722895109631175994,78.44592316155277,-15.684369285426863,-38.130068475068626,0.029189482028310048,-0.028058660015133213,0.5584969085022534,0.8285178869104154
robot3,1801,1722895110129270682,78.43771087818908,-15.912349524357257,-37.31206504321231,0.02894785885423469,-0.029392500311651703,0.5562200135953835,0.8300104811802899
robot3,1802,1722895110629394346,78.49555413553288,-16.193876273358583,-36.5056127378101,0.03355775224716061,-0.03377853648354943,0.5536930333638639,0.8313584741502734
robot3,1803,1722895111130467902,78.55448380191658,-16.50956280293416,-35.66336163714969,0.028793416580592188,-0.029491211568006857,0.5500698844851307,0.8341009110319821
robot3,1804,1722895111630699586,78.5727161469609,-16.860632901903486,-34.82872997356866,0.029385205746633555,-0.02560206646995162,0.5465222035077707,0.8365372226916786
robot3,1805,1722895112128125915,78.53669317706516,-17.140048597289237,-34.02117383469089,0.029507215124019458,-0.025916633502652112,0.5504817202238195,0.8339229748981248
robot3,1806,1722895112628554448,78.53868155366669,-17.410727423181882,-33.221890494324654,0.030852797833846587,-0.02724508848908478,0.5554746770636808,0.8305141137633033
robot3,1807,1722895113130696609,78.5843750479433,-17.75828537765591,-32.24444102934209,0.03143033964580811,-0.036132003893463126,0.5683735448583471,0.8213757517418859
robot3,1808,1722895113627153591,78.62831859559958,-18.08396106339665,-31.355521497568052,0.032066168260602025,-0.03311495393988552,0.5617853305599766,0.8259978226643578
robot3,1809,1722895114128556760,78.65100675856121,-18.337739539605973,-30.437979032715297,0.0323257979764541,-0.030008389951985723,0.5476523730849011,0.8355425887243279
robot3,1810,1722895114631016355,78.75407081933156,-18.656863686400555,-29.586733677886965,0.02903197361219559,-0.02457572683118947,0.5335694563786422,0.8449004754281415
robot3,1811,1722895115135513766,78.75645115672654,-18.928111669554784,-28.741874066413594,0.03144243840764444,-0.020787116158497057,0.532193905865986,0.8457830191177289
robot3,1812,1722895115630685109,78.76811621448104,-19.142292532070993,-27.91997754760417,0.03545739682053434,-0.023714912507272257,0.5341541222880944,0.8443102211735443
robot3,1813,1722895116130440093,78.75435967082282,-19.39261000279789,-27.000037688877594,0.03250459517724256,-0.02386158090730307,0.5606044572078173,0.8271013957234605
robot3,1814,1722895116629912224,78.87278326528511,-19.750108499377124,-26.043358292724925,0.03245431807190954,-0.01645346054863689,0.5520261315766183,0.8330325029259158
robot3,1815,1722895117130682996,78.96339512507068,-20.066421073217672,-25.22221203089357,0.03900562510839049,-0.023680923639569983,0.5427551834898142,0.8386504551125091
robot3,1816,1722895117629678165,78.9157621066876,-20.28400620858157,-24.407676117121703,0.040877496730470544,-0.02325333705798717,0.5398989906069355,0.8404150120733983
robot3,1817,1722895118126982662,79.00783235884656,-20.58953421454868,-23.55856449541997,0.03865331712749159,-0.02348267357585755,0.5371747616764628,0.8422575381286929
robot3,1818,1722895118630061320,79.09957523268768,-20.908431081480046,-22.757363655070122,0.0406757873491406,-0.02795946707681491,0.5361835020817951,0.8426571073809379
robot3,1819,1722895119130731858,79.13500497768017,-21.205354470977387,-21.89962085630098,0.03886637177666949,-0.025496396209142926,0.5521868858271687,0.8324235592808252
robot3,1820,1722895119628696371,79.20835611639176,-21.46546856034942,-21.051664622631435,0.03622450017109871,-0.02272779054800258,0.5510388993637023,0.8333830838889159
robot3,1821,1722895120127895180,79.30251270956308,-21.769116533924354,-20.191350926774888,0.04001670839338275,-0.03054466444726729,0.5541160854544871,0.8309157901759711
robot3,1822,1722895120633367467,79.25758550716341,-22.078269499736095,-19.35750986431143,0.03471677923134096,-0.031951639021409434,0.5696753280585833,0.8205143865923334
robot3,1823,1722895121130471886,79.1066435802138,-22.286099015416557,-18.637846118915782,0.03188274687342464,-0.03297321806706578,0.5696562707963768,0.8206022120884586
robot3,1824,1722895121630756355,79.14612191583878,-22.557204999364377,-17.87851476927867,0.028430406555985756,-0.03358012719519491,0.5618098946501663,0.8260954722753205
robot3,1825,1722895122130502181,79.31751001755482,-22.932411441914436,-17.059084365860272,0.028835576199309924,-0.03286354018822498,0.5352921166746433,0.8435347337825104
robot3,1826,1722895122630450734,79.40685799867464,-23.267700132395778,-16.24732441054487,0.0270006699043757,-0.027675193597052485,0.5302129104653409,0.846982477422026
robot3,1827,1722895123131471528,79.33982122785534,-23.527262072722163,-15.403792190136933,0.031185504253275646,-0.03095030462411926,0.5369613052452581,0.8424619277079837
robot3,1828,1722895123628736473,79.38560517967622,-23.813845726336332,-14.551520585187525,0.03136114672478273,-0.031820972555232925,0.535173836339015,0.8435596416851193
robot3,1829,1722895124128651151,79.41927408809566,-24.154435257111498,-13.673601042656404,0.03226699614200913,-0.0291103561825266,0.5333512440862297,0.8447768217432159
robot3,1830,1722895124632899578,79.41754321069466,-24.488544449637057,-12.80568718551669,0.032200703376830384,-0.02850819021625244,0.5397150390167851,0.8407485203387167
robot3,1831,1722895125132502776,79.4735557378349,-24.734268825350345,-11.946801511953815,0.029922475870179044,-0.03384052038126252,0.5388588535051339,0.8411840468157111
robot3,1832,1722895125632588910,79.49989311847972,-25.001112190221463,-11.112959412994018,0.03114219049246191,-0.03372376044770201,0.544448686866265,0.8375371629499176
robot3,1833,1722895126130489429,79.47460608624186,-25.278614239220037,-10.355602841636248,0.028471247442406585,-0.031630443324292976,0.5433956604142182,0.8383973159350988
robot3,1834,1722895126630556628,79.4612453989193,-25.491604080618384,-9.658090283887335,0.026105960350532805,-0.022620350414587244,0.541187684332109,0.840192054775899
robot3,1835,1722895127130059072,79.37244951746565,-25.618760422480218,-9.114596244044334,0.03410290198304207,-0.03422579843788427,0.5382416309414368,0.8414045005341524
robot3,1836,1722895127630419967,79.45278991473552,-25.832119747816368,-8.506670834227782,0.030418653991807428,-0.028061206310889007,0.536653925780743,0.8427869470594697
robot3,1837,1722895128130976249,79.59665466770045,-26.108243297116093,-7.955825892439196,0.031079036395356384,-0.029169735458885116,0.537022100849536,0.8424906428139991
robot3,1838,1722895128630587359,79.70600553368416,-26.369166132719357,-7.323583319912667,0.032049401170206104,-0.02780353688090684,0.5377840299068041,0.8420143326563634
robot3,1839,1722895129131454839,79.77617422326247,-26.67241188243466,-6.626565013486163,0.03135182871575576,-0.026572152385364808,0.5450353216040953,0.837405207625142
robot3,1840,1722895129630089005,79.764974415433,-26.904618979127136,-5.866988304379151,0.030590631748576708,-0.030136867785416202,0.5596330067783697,0.8276272592015735
robot3,1841,1722895130139709870,79.66685748793411,-27.09656455788647,-5.139191243312029,0.03158245556886001,-0.03078555452217366,0.5648696365994951,0.8240006624881788
robot3,1842,1722895130633128301,79.67130658166039,-27.30094652287129,-4.493793546351186,0.029442272243493044,-0.03062320305160715,0.5602254189794442,0.8272501749587644
robot3,1843,1722895131133377697,79.67700320248608,-27.518576387602355,-3.94692167330558,0.032601754117292464,-0.03211523752542623,0.5441264141816144,0.8377542494890844
robot3,1844,1722895131630697186,79.6592112863091,-27.683597930301644,-3.383805477184059,0.033741544735455056,-0.03132472286242308,0.5349614361136449,0.8436210830507285
robot3,1845,1722895132130307260,79.75208066603014,-27.942635638685292,-2.838017691781626,0.03380540257794508,-0.03190632927825494,0.5256536863087881,0.8494276796634972
robot3,1846,1722895132632396299,79.77178191872054,-28.168792840851324,-2.2451427504985335,0.03314766628393376,-0.031332269232835615,0.5258761717216761,0.8493372552408167
robot3,1847,1722895133129587578,79.86577830393576,-28.33044537833059,-1.6929151077153184,0.03542148079942889,-0.03018982021164993,0.5249948503247498,0.8498319249040116
robot3,1848,1722895133631130888,79.90942184445142,-28.527064623421005,-1.1618523745629137,0.03763495644178141,-0.033292901395195904,0.5231196134301099,0.850776740875682
robot3,1849,1722895134133785398,79.96096380568531,-28.78157208925289,-0.630759494953795,0.03407698779044057,-0.03094925207476047,0.5229901633018255,0.8510947020095198
robot3,1850,1722895134630572543,79.96369950965557,-28.974883191266414,-0.1392765341991861,0.032812045229948565,-0.03095926470355215,0.5255540702405721,0.8495633071586901
robot3,1851,1722895135132325946,80.03934945329499,-29.21248152687185,0.4115719010928958,0.035112634380775394,-0.030649358713252535,0.5284395298740495,0.8476906174919019
robot3,1852,1722895135628481488,80.21739884509971,-29.51516229026336,1.024867881246936,0.035790206889780435,-0.029123827166731796,0.5264543576395828,0.8489503360646271
robot3,1853,1722895136131285324,80.36019882295656,-29.854435076942742,1.7723541093887316,0.03331749977569848,-0.02678585486341948,0.5354525474711941,0.8434826800797637
robot3,1854,1722895136629797102,80.40401378788708,-30.04227057725101,2.5042487735752093,0.03359058055379217,-0.027211811231628653,0.5447260271545113,0.8374991018311696
robot3,1855,1722895137132829387,80.32397557816499,-30.218256603073186,3.248683278882328,0.03222315474937601,-0.027471295018510544,0.5438720573454422,0.838099147766444
robot3,1856,1722895137630015742,80.35854708830419,-30.474124352877528,4.010555588374874,0.03043126484832356,-0.02777883251610553,0.5529060399964487,0.8322242399252853
robot3,1857,1722895138128839468,80.37948907718794,-30.69882823154076,4.76985045367195,0.03362863290556631,-0.025011854595321723,0.5529663425078907,0.8321488726376135
robot3,1858,1722895138633392819,80.38195761657076,-30.949823661443414,5.491512068753874,0.031725866306984964,-0.02765526739563355,0.545103102588373,0.8373119270265276
robot3,1859,1722895139130119365,80.3802615259823,-31.185388657544,6.204790746400769,0.0344601098780154,-0.02630886507710065,0.5389809295886924,0.841201463375605
robot3,1860,1722895139629237299,80.31284882612448,-31.457648156447572,6.867381748103916,0.03023744932261627,-0.02432328193776789,0.5394572173500184,0.8411182944528154
robot3,1861,1722895140133339285,80.32223386593456,-31.69489844425535,7.609423263124758,0.03235394160148431,-0.03339072857294855,0.5391823535931344,0.8409046743133158
robot3,1862,1722895140631680389,80.35682948475707,-31.907549044402202,8.267509246163677,0.028044658319390403,-0.02734377788974014,0.5355978150643874,0.8435643398394218
robot3,1863,1722895141130238018,80.32675298327241,-32.03037442146141,8.835573750869248,0.02776280139846642,-0.02601303476945407,0.5400572028385621,0.8407679623670139
robot3,1864,1722895141631620104,80.37123075441562,-32.228340179208566,9.405226600566213,0.028349303067871135,-0.028792772210596118,0.5396613475842683,0.8409119592487232
robot3,1865,1722895142132212062,80.45724577794411,-32.523867907288796,10.017929108991577,0.02915301947608092,-0.028168981089389623,0.5377965829441258,0.8420994272254524
robot3,1866,1722895142631654789,80.48915310425764,-32.74253753199288,10.607735639848952,0.031748651701827224,-0.029028321793159617,0.5473502143200357,0.8357972975146545
robot3,1867,1722895143130162657,80.4055980313533,-32.75231444152872,11.156487126799597,0.030269505113060525,-0.02897285566964969,0.5811348597251239,0.8127278791248744
robot3,1868,1722895143629347122,80.34176711684643,-32.94466619103355,11.77314362592311,0.03153242874820535,-0.03324162726057373,0.5795592383115693,0.8136410691711807
robot3,1869,1722895144129345188,80.40518890218675,-33.36081412574432,12.327598628743628,0.030838053949135236,-0.02691580306714233,0.5347605550675435,0.8440116721454354
robot3,1870,1722895144628521555,80.34594128983926,-33.5329869769894,12.791305266218417,0.03386074548961159,-0.030367080414420777,0.5272123789686297,0.8485154081124454
robot3,1871,1722895145130049636,80.3450065782353,-33.71136556377782,13.314345776913134,0.039049980673371454,-0.033491838995025794,0.5137611703986705,0.8563894298277676
robot3,1872,1722895145631864016,80.43253360088792,-34.025796338571624,13.84072186586568,0.033253892996173186,-0.025214366194509327,0.5052242769156795,0.8619784477311697
robot3,1873,1722895146128093163,80.45579006465574,-34.25806826144212,14.422690221218371,0.033316581898211406,-0.02473363111461665,0.5248105318782326,0.8502071268180434
robot3,1874,1722895146630485867,80.44775612301164,-34.46228047780949,15.058540125687305,0.034252113685175604,-0.027360909196735776,0.5264707898901978,0.8490622360866233
robot3,1875,1722895147132262342,80.43000073887403,-34.64501897545807,15.569075505473556,0.036327583965155126,-0.028505327359039864,0.5264128224542315,0.8489742595103683
robot3,1876,1722895147628285982,80.39408881979512,-34.7044624081997,16.04010761460529,0.03346778067471533,-0.023949550153469005,0.5263755127955432,0.8492556424501309
robot3,1877,1722895148131721878,80.49917964553313,-34.79442056739328,16.64687180614486,0.03375577258156439,-0.03078333181958361,0.5329714685988987,0.8448990164268392
robot3,1878,1722895148628053383,80.73264524974576,-34.906036785262984,17.177831124701076,0.036687308062764074,-0.029940676843606018,0.532304578377312,0.8452274446181965
robot3,1879,1722895149130308793,80.89368887716299,-35.13748130770225,17.82680810792225,0.03678864971323189,-0.02968015580530013,0.5486609949431128,0.834707611221848
robot3,1880,1722895149628639133,81.00520125118095,-35.43235448769006,18.53569487070444,0.03525064308605583,-0.027528856614691708,0.567312600478467,0.8222870347718407
robot3,1881,1722895150128793310,80.99111422329368,-35.66314723312986,19.21100589437915,0.03533769882563043,-0.027842631086456883,0.5650033244464011,0.8238612008708792
robot3,1882,1722895150631259839,80.9939129329171,-35.948028544009006,19.82926303073252,0.03162549081630897,-0.028016268199564813,0.5508609875896578,0.8335268978254657
robot3,1883,1722895151131820351,80.94946654998381,-36.18683427328579,20.40576646388493,0.03287498144632939,-0.02977201324836863,0.5410089098589458,0.8398465468615547
robot3,1884,1722895151637767923,80.95668235123942,-36.43291945494568,20.968102088301364,0.033052072461541786,-0.024485997334653693,0.531609237307373,0.8459903162861839
robot3,1885,1722895152131723198,80.88558373249728,-36.59917725693045,21.533684752557498,0.03683488893078173,-0.028680149750340684,0.5249365762191274,0.8498601243234649
robot3,1886,1722895152631265273,80.82736268580597,-36.74752947069614,22.14748572295136,0.03121856367627252,-0.023931440798368342,0.5370570979119366,0.8426282460288839
robot3,1887,1722895153129346998,80.82020618954887,-36.93189297145406,22.71089992872376,0.0313174434969803,-0.030623546548491743,0.5332161688785614,0.8448443249357099
robot3,1888,1722895153637896109,80.90158097434103,-37.185965716496675,23.302139870686567,0.02869402481977282,-0.027815085566646424,0.5247176028627916,0.8503378218099488
robot3,1889,1722895154128508380,80.96342335954253,-37.36142146683852,23.871657686496057,0.028602047012937046,-0.028899199348748014,0.5148252309040973,0.8563303923184171
robot3,1890,1722895154632817982,81.01591004014475,-37.617021361021244,24.58162886657509,0.027968072819662224,-0.02728932082760482,0.5045832716356777,0.862478290658355
robot3,1891,1722895155130408373,81.05757361496214,-37.92102432809807,25.22667842428049,0.027144111562664216,-0.028558847749935203,0.49808043854887707,0.8662352256504166
robot3,1892,1722895155628527000,81.12519830594164,-38.15979847667847,25.902891790134575,0.0268151819338744,-0.02764553302936037,0.5104854966578031,0.8590234154104368
robot3,1893,1722895156132676319,81.21620463066363,-38.46982666165725,26.685851800704143,0.023717650041789162,-0.02460461377859288,0.5172556692187392,0.8551483255660246
robot3,1894,1722895156629152530,81.22203117065774,-38.73434635721426,27.424490705055806,0.025365778927009815,-0.02856453238212381,0.5349785487485187,0.8440015385816222
robot3,1895,1722895157131739049,81.09423284569665,-38.824893663740326,27.92293474279835,0.018779046379196498,-0.02149977397410886,0.5388050687057044,0.8419466759083923
robot3,1896,1722895157630360785,80.76212041524293,-38.897239886383424,28.23380351600081,0.030320404504536578,-0.030360854246897658,0.5493975543541544,0.8344586382018908
robot3,1897,1722895158128218009,80.52941091659434,-39.172823710572224,28.490238048312897,0.033358759249199,-0.032821003857381216,0.5503411813413474,0.8336273502032896
robot3,1898,1722895158630807396,80.57994059175874,-39.618241361399086,28.920229316572943,0.0288540190860917,-0.028316153188298797,0.5545873001550204,0.8311429284773838
robot3,1899,1722895159134728088,80.71469649732884,-39.73372804780678,29.429964135269707,0.03049708577816027,-0.030587610577781046,0.5552418982645391,0.8305665296951069
robot3,1900,1722895159630434718,80.66072976234507,-39.779865236830275,29.85505023489743,0.030603413351787987,-0.029397189266915643,0.5577716537230673,0.8289089326683959
robot3,1901,1722895160133568568,80.82413660087671,-39.67001518543999,30.330120628740822,0.032076990718043666,-0.033322008521307435,0.5609757250026097,0.8265391378346079
robot3,1902,1722895160632895184,80.96753278788363,-39.697467257172256,30.76523745280778,0.030347853284403304,-0.031247287967557918,0.5773788089057785,0.8153136364750962
robot3,1903,1722895161129537931,80.96679194465945,-39.89552093194496,31.220298550847023,0.02698987860746967,-0.025990645604160742,0.5932822656497401,0.8041219970000474
robot3,1904,1722895161628036158,80.90342452992964,-40.08832225953056,31.697043713187355,0.02942997559888566,-0.02913440589424983,0.5981657614797687,0.8003016835686194
robot3,1905,1722895162130205470,80.91578669626155,-40.29598213869424,32.307646576610225,0.025495226645329362,-0.030671124154775894,0.5971656931960643,0.8011257144986982
robot3,1906,1722895162631876312,80.87762164101608,-40.59235064549172,32.74356553345874,0.025963802165936793,-0.03035728461422939,0.5748216441441907,0.817303122269399
robot3,1907,1722895163129423097,80.73742924368473,-40.728822812543505,33.145115405962976,0.030362228970972672,-0.03573491088588969,0.5678211786628543,0.8218152226977904
robot3,1908,1722895163629738755,80.68988796281567,-40.85872515836179,33.663935296586565,0.023876006147012567,-0.023422738756783468,0.561054929653728,0.827102579823597
robot3,1909,1722895164134698754,80.67858980250925,-41.000527310822584,34.10603332212291,0.025896368658025092,-0.02913909522840252,0.5541277607781431,0.8315183196746772
robot3,1910,1722895164628928092,80.66273344600893,-41.110026592941985,34.562585333670484,0.027334176469882197,-0.027125782043889258,0.548595863573498,0.8352003431604114
robot3,1911,1722895165130087611,80.7483009323347,-41.314669928809856,35.12235639606047,0.02799723980771461,-0.030356262015136755,0.5400344448242659,0.8406291990663687
robot3,1912,1722895165630242412,80.81543574186543,-41.60195986102367,35.66279539598799,0.027277412968075933,-0.02697381943429913,0.5403710063322802,0.840551920658286
robot3,1913,1722895166128705223,80.71734038938159,-41.745471709374456,36.15135680655776,0.026144775209220622,-0.032408985949987784,0.5570337710533475,0.829445288289131
robot3,1914,1722895166632403331,80.66436125658086,-41.83447555631212,36.64831647767614,0.025004455377085004,-0.02606572771459958,0.5567243595818548,0.829911647404817
robot3,1915,1722895167129555545,80.77280137561515,-41.97598214442419,37.31136221723595,0.022103978651828643,-0.02684546146486107,0.5549687274746431,0.8311440590244711
robot3,1916,1722895167630340605,80.97497557195953,-42.152883892030665,38.0062480233483,0.023130122553748307,-0.028614505872233163,0.5537266733763632,0.8318851956104779
robot3,1917,1722895168129137999,81.05913766426711,-42.23081908231773,38.60048402467065,0.021578068476226574,-0.02178116197955031,0.5424054970323277,0.8395571718071195
robot3,1918,1722895168629673990,81.09815898119204,-42.34436745091474,39.18365156162957,0.02521716156512448,-0.02486992456502851,0.5284478558773871,0.8482266473256547
robot3,1919,1722895169131235288,81.158832221935,-42.53683005747854,39.75393339654908,0.024017179589981723,-0.02767168771822696,0.516285247121683,0.8556325124654102
robot3,1920,1722895169627840626,81.1992155164027,-42.736735402957365,40.30587263800321,0.030429332446569198,-0.03789325366878098,0.4999062718499888,0.8647149104868579
robot3,1921,1722895170128665032,81.35809888549768,-43.01410730625538,40.91657415138821,0.03290936979533629,-0.03740912904700123,0.48971661586171955,0.8704568723334681
robot3,1922,1722895170628016962,81.59369358083518,-43.33461187849347,41.569765214126356,0.034526910242589144,-0.03376001810211269,0.479516799691831,0.8762030543544971
robot3,1923,1722895171129778090,81.67424781536464,-43.59606647690238,42.30270199963172,0.027137255482179438,-0.03199174203479563,0.5090321670497708,0.8597245784058335
robot3,1924,1722895171629474223,81.7274102987641,-43.87587018891355,43.05236971242466,0.02730143121405074,-0.0319022221339749,0.5117643076224859,0.858099162987738
robot3,1925,1722895172130614676,81.82000631354069,-44.22137258728982,43.849865119529845,0.027801204670824593,-0.03194414420021781,0.5104167046281968,0.8588838409858802
robot3,1926,1722895172629095522,81.8314759170126,-44.50394832856171,44.530771309298316,0.027847195419958157,-0.03161615722589926,0.5092850496161085,0.8595659896407185
robot3,1927,1722895173129582454,81.81787886703995,-44.68936718921799,45.23108151790336,0.025820728830585754,-0.027198995868729373,0.5069474934718817,0.8611606954854399
robot3,1928,1722895173632453028,81.77459992434409,-44.855402683637585,45.87505644550937,0.027950843819165,-0.028846010623807133,0.5132792208473667,0.8572812254139291
robot3,1929,1722895174131678720,81.78560650542536,-45.00174119726902,46.47231942048052,0.02929603915363323,-0.02733982610172273,0.5120827738361436,0.8580008792180327
robot3,1930,1722895174628928730,81.90508900808534,-45.20659382693971,47.10179625080889,0.027377016725067642,-0.021662734365680242,0.5123096099903768,0.8580909557888053
robot3,1931,1722895175136133516,81.99555223890926,-45.44749474904546,47.71989383635261,0.029751518418893255,-0.02880333991523744,0.5110802028188521,0.8585349387463148
robot3,1932,1722895175630660842,82.05057312367003,-45.65868801352762,48.35737968373955,0.02574576297147115,-0.022597767653958583,0.511025419212275,0.8588827146386131
robot3,1933,1722895176127182437,81.9305233843566,-46.077312999639624,48.971689586645354,0.02653193567677554,-0.028424415962829214,0.5101627256333686,0.8591985232417173
robot3,1934,1722895176631418492,81.87000510978199,-46.40727376903159,49.603904340216125,0.023515442568020746,-0.022977577887185945,0.5098660284541952,0.859625318323986
robot3,1935,1722895177130913498,81.85800698501954,-46.62890079786169,50.206476094094114,0.025629049969166186,-0.03047134907861683,0.5087668473635033,0.8599831066403624
robot3,1936,1722895177631476119,81.8354347483544,-46.84996773610609,50.7815941364683,0.0239403378881118,-0.026498131785754952,0.5106287672862736,0.8590593525789522
robot3,1937,1722895178128540185,81.82529815822878,-47.062029884960815,51.304652079119364,0.02441553609175403,-0.02602328096440747,0.5238501828908216,0.851062662986958
robot3,1938,1722895178630215643,81.86324147376844,-47.230656432637645,51.85102026872158,0.02622699530615801,-0.029922288042813543,0.5271932655241854,0.8488133258740931
robot3,1939,1722895179127305474,81.95141282928262,-47.41849324604619,52.390313172155324,0.0272701324136001,-0.03340022339849951,0.5308902502867325,0.8463429016099596
robot3,1940,1722895179630926532,81.97691123221075,-47.62155753805269,52.938662705737045,0.0225153465124331,-0.027485521652255387,0.5333824888803437,0.8451276387781543
robot3,1941,1722895180127615143,82.04739289259724,-47.87472549602405,53.52745755509009,0.01915185214828104,-0.01658704514112911,0.5392313450921699,0.8417764744650837
robot3,1942,1722895180632727446,82.13957643734328,-48.15926880517583,54.19730013440508,0.024566238519499125,-0.02614735763626183,0.5429935156893946,0.8389701171870877
robot3,1943,1722895181127634327,82.13418342704271,-48.36019021973518,54.87162723487804,0.02043430782645019,-0.02452316879767543,0.5554270645658398,0.8309523627763202
robot3,1944,1722895181630766207,82.10708480380254,-48.53337954001611,55.611933906064735,0.02139623876162484,-0.021698604511070023,0.5554092060673747,0.8310186431992584
robot3,1945,1722895182135899733,82.11989899927644,-48.7230844006801,56.35203954382967,0.021843649493172846,-0.02195597540861625,0.5542500168467396,0.8317738328091746
robot3,1946,1722895182629182242,82.12858442001694,-48.91761692393027,57.05884890233449,0.020753891802048,-0.02449661961053619,0.5518110713569899,0.8333509063597259
robot3,1947,1722895183130993898,82.04729321673967,-49.16192048860213,57.73678610970905,0.020294132838411125,-0.027478190752216435,0.5495052246867619,0.8347916537958876
robot3,1948,1722895183631025352,81.97611821562688,-49.33710806351966,58.36079838594977,0.021550290389870323,-0.026027127349338097,0.5487905816056211,0.8352766434942483
robot3,1949,1722895184131159140,81.95664439571094,-49.57485353258547,58.9764807757382,0.017824659182038207,-0.02442965875793844,0.5457367527025985,0.8374108131900602
robot3,1950,1722895184632457116,81.9664534704495,-49.761424447603005,59.62598739095277,0.017550677910439856,-0.025086056974950626,0.5468960139769883,0.8366405520571037
robot3,1951,1722895185128464582,82.04877023550414,-49.96294745547482,60.35971440817465,0.01840914345573913,-0.026991767415234673,0.5458994308529518,0.8372134490818045
robot3,1952,1722895185629078411,82.0945126850269,-50.048028568760536,61.060221512672044,0.016998339717588618,-0.021638876164220087,0.5452263142767787,0.8378371450976343
robot3,1953,1722895186128191886,82.05379692833114,-50.25633216019815,61.81141753295981,0.015531163049840086,-0.022647562608597637,0.5446176528419749,0.8382347422381794
robot3,1954,1722895186631822346,81.94862033400995,-50.515590703583705,62.484891152250185,0.014763571036640442,-0.021974804107160757,0.542789542050266,0.8394514029981488
robot3,1955,1722895187127842271,81.90549546490095,-50.7812782644707,63.160137847255214,0.01927571647377876,-0.02106854433275726,0.5406416722340007,0.8407681876939352
robot3,1956,1722895187630647156,81.91403288989589,-50.96975413214068,63.886775421284646,0.02370241199632111,-0.022464376952814193,0.5436365626533785,0.8386851824016555
robot3,1957,1722895188129463815,81.84974162010943,-51.0565486046891,64.43834805107721,0.015752710982699987,-0.017690267944893583,0.5450727887023658,0.8380540325855843
robot3,1958,1722895188630456165,81.84040763153219,-51.25091227962556,65.09663599355034,0.017796677930163426,-0.021635319387852448,0.5449566051696908,0.8379961155587544
robot3,1959,1722895189131796478,81.87215806286461,-51.4230836622146,65.68159826346077,0.01211692290452617,-0.018983102437457346,0.5566510609530807,0.8304410986584084
robot3,1960,1722895189631789200,81.8493464834454,-51.60956684328192,66.2490989644689,0.01611829800198916,-0.02444059031023292,0.559845530009338,0.8280796100275444
robot3,1961,1722895190130334340,81.84841168766803,-51.851654552834574,66.83718113049078,0.015210371301573761,-0.02502839205614057,0.5691594081050012,0.8217054170209157
robot3,1962,1722895190629133183,81.9954390743314,-52.27297278853143,67.65416781919059,0.022241410762545797,-0.03862514863422849,0.5673691502205765,0.8222564471734207
robot3,1963,1722895191131172660,82.13509260560714,-52.68898219081511,68.64831838275192,0.015597756080799144,-0.027688607036985214,0.5650764734220756,0.8244262430505628
robot3,1964,1722895191629525344,82.04122708733189,-52.927011246638706,69.5090601192919,0.01693851689121893,-0.022102078865702257,0.5555807410179021,0.83099616423022
robot3,1965,1722895192127980549,81.83752720531251,-53.004386680997335,70.35873744512769,0.020474838368252257,-0.027538824336077884,0.5488448265648957,0.8352195822063382
robot3,1966,1722895192629365001,81.71896991582346,-53.12694920257696,71.19033106208823,0.014260936748599224,-0.021525010951649538,0.5523872044460654,0.8331876595046548
robot3,1967,1722895193131082201,81.73880018308563,-53.3503517017845,71.99650383709036,0.011169995712571126,-0.020626007199966462,0.562805460080664,0.8262565056483127
robot3,1968,1722895193631327376,81.72042002777752,-53.608999240287524,72.85902812739053,0.013681670060920716,-0.023203177955962044,0.5613337754823714,0.827151024263281
robot3,1969,1722895194129831186,81.6262089508496,-53.85911854052632,73.66470498237878,0.023488626750430792,-0.034628622801018916,0.5529639696906155,0.83215382659715
robot3,1970,1722895194630877540,81.56522115727142,-54.07139276593038,74.46308033878428,0.02391292141779692,-0.02696048375615161,0.5445633645069713,0.8379451333719579
robot3,1971,1722895195128373144,81.54347100227592,-54.25290173665342,75.24622069215002,0.025456199408221133,-0.022305668056409527,0.5476621299753099,0.8360147310156401
robot3,1972,1722895195628696574,81.4785726290379,-54.46376016544422,75.98445761222166,0.02638419866555976,-0.02731254554447764,0.5490550469888611,0.8349230229744036
robot3,1973,1722895196131851825,81.60966578258345,-54.697971495457494,76.7725245356589,0.02622464762504049,-0.02480351503584728,0.5374341542438823,0.842532838143993
robot3,1974,1722895196629613442,81.7578183320519,-54.94006202987818,77.54752574072783,0.025146642631692327,-0.0215752888910971,0.5262507817828331,0.8496836281502527
robot3,1975,1722895197130523413,81.81112591830971,-55.29756320539605,78.34790813442753,0.027157965780811314,-0.021597812343630694,0.5137050659560943,0.8572648859061373
robot3,1976,1722895197630201813,81.81193931838247,-55.56515856836291,79.14681700324081,0.028690427335758953,-0.02167519956238672,0.5225085045294404,0.8518755236521529
robot3,1977,1722895198132125245,81.71588815114497,-55.76396411685658,79.97264020804728,0.028085867862499555,-0.027104278161467987,0.5417788819784073,0.8396143073899961
robot3,1978,1722895198629853091,81.75433559426493,-56.05017242105511,80.82269612708268,0.025778948556701434,-0.026277235048432396,0.5630331936556835,0.8256140596982356
robot3,1979,1722895199131723632,81.75796478423796,-56.31702730193544,81.55331320983312,0.02320030841365866,-0.028668139566658667,0.5640121781031944,0.8249425109755153
robot3,1980,1722895199631060754,81.59808308838086,-56.40792225837576,82.13716282906788,0.021390861438270223,-0.028514339179574747,0.5817392358597415,0.8125938868644071
robot3,1981,1722895200128765640,81.43874643479535,-56.487588830976755,82.66277471908187,0.024312944981739987,-0.0355629994950395,0.5864980574746017,0.8088041681097777
robot3,1982,1722895200628938889,81.38960275062365,-56.70859521390879,83.30676857608832,0.022558510732930647,-0.03409033651483689,0.6090561628938115,0.7920729467611456
robot3,1983,1722895201135842959,81.37746496547716,-56.907989501630304,83.98805927345258,0.02281246626922311,-0.03761623357924369,0.6175993003891798,0.7852615580256191
robot3,1984,1722895201640022210,81.14590235857406,-57.021850122612996,84.84554520321363,0.010877489147910202,-0.031164389910673926,0.6998843510442969,0.7134930666759388
robot3,1985,1722895202139757597,80.82971312440958,-57.13144900834351,85.71567159819807,0.007923934321052517,-0.030100021403264544,0.7114764397929203,0.7020202814705495
robot3,1986,1722895202632232124,80.54132340986621,-57.145887479094995,86.45243984262977,0.009455066056268394,-0.030745168963840098,0.7095104194857003,0.7039604399058813
robot3,1987,1722895203131276935,80.29633016439855,-57.142261109328416,87.0802033859978,0.010762457097576764,-0.030859817739080735,0.6856794720786715,0.7271695144436735
robot3,1988,1722895203629905458,80.1256590996029,-57.18213377546044,87.68721483839349,0.014787113870651594,-0.03177665493792484,0.6698647700816094,0.7416554289343837
robot3,1989,1722895204132447126,79.98515961610813,-57.274881417633864,88.32255823403895,0.015554718401845167,-0.03408859678222859,0.6367190880892178,0.7701849266037947
robot3,1990,1722895204632248525,79.93927361426945,-57.417421219341044,88.97592219385778,0.015796041833169055,-0.025655467482724934,0.5892295828707521,0.8074037284534962
robot3,1991,1722895205128052254,79.83142868635647,-57.57415951341272,89.56580390667952,0.017160229127401366,-0.028431678369367327,0.5581253696318943,0.829091815165641
robot3,1992,1722895205634207480,79.79536940178528,-57.74988980277035,90.22102974733001,0.01978018767857591,-0.023119490136428306,0.5468925625075475,0.8366497226588677
robot3,1993,1722895206132134152,79.8126369904078,-57.997707867285236,90.93905740161969,0.025089370014073614,-0.0216751643316118,0.5380847488637011,0.8422383948762858
robot3,1994,1722895206632250264,79.93411061712298,-58.31781593997161,91.75983838125963,0.022472295834645047,-0.01787376382752419,0.5304828884059177,0.8472092006081335
robot3,1995,1722895207133788806,79.8893529383143,-58.513299432265164,92.45279115795219,0.02341706187056876,-0.021646125798800837,0.5213659599155747,0.8527371355186567
robot3,1996,1722895207632008106,79.76987559288361,-58.798189200272866,93.18429925758821,0.025061299203525175,-0.020772318806404014,0.5219546861773151,0.8523518919033247
robot3,1997,1722895208129062191,79.81846056504827,-58.969645645967574,93.7844919508548,0.025032570808694702,-0.014276553422521947,0.5197778156181398,0.853815303688284
robot3,1998,1722895208634000354,79.84642234312766,-59.106552561522065,94.41451808024927,0.025380386028215844,-0.017508176553768687,0.5227421843083717,0.8519330422652553
robot3,1999,1722895209127819261,79.80224366876736,-59.08796395417896,94.945303899882,0.026234735528823702,-0.021585516635063997,0.5310778013328912,0.8466417028795311
robot3,2000,1722895209634306141,79.75896284016919,-59.18682761840283,95.37502685022854,0.023998643487808252,-0.017666980418698564,0.5304719923180793,0.8471784984758042
robot3,2001,1722895210128825964,79.60174188053769,-59.37626484851046,95.67338255700406,0.022078686523517257,-0.017050779767165115,0.5300511489479082,0.8475066855250938
robot3,2002,1722895210628857600,79.45088092809657,-59.588181467204436,95.89161013188811,0.024138297629584263,-0.016923615796276572,0.5294123055275373,0.847852312948395
robot3,2003,1722895211129386423,79.53760620722059,-59.80231940108026,96.27172436814394,0.022832623612652325,-0.015865147921026803,0.5283618922614681,0.8485638922239667
robot3,2004,1722895211634290677,79.80326382946706,-60.05006369329762,96.76928999842416,0.021608307831473977,-0.012352313635416898,0.5250435129743046,0.8507113557865053
robot3,2005,1722895212131113183,79.96124761439104,-60.18338660043263,97.14903321278301,0.02313587439965698,-0.013214933512404211,0.5219872933387695,0.8525370152907681
robot3,2006,1722895212631475761,80.10454996545366,-60.20849115269443,97.62472475932482,0.02515458273422886,-0.013974892231224082,0.5184165526325535,0.8546439184310455
robot3,2007,1722895213131128158,80.23588623029137,-60.417357207159306,98.1954080691476,0.022865428943475933,-0.011542734773891611,0.51480074541667,0.8569271438994165
robot3,2008,1722895213630841532,80.38777486246111,-60.695854829044066,98.70999914761212,0.02740200795426837,-0.021928482370538002,0.5088093152293228,0.860163561397986
robot3,2009,1722895214132520223,80.38203175532058,-61.07593800330181,99.22057640515185,0.030737272030201226,-0.02132676975049177,0.5079692302086168,0.8605624034091987
robot3,2010,1722895214630629408,80.47182599220659,-61.3752973657935,99.7795825932806,0.029023145329433207,-0.02047462978089337,0.5152757415529406,0.8562881271730847
robot3,2011,1722895215132166896,80.53539720068991,-61.68709735764185,100.4251361450994,0.03283450264681775,-0.024269964149161462,0.5146355254103984,0.8564363025127424
robot3,2012,1722895215632266291,80.65452093346056,-62.07421649609926,101.17396006732689,0.03110954901112708,-0.02099034204894474,0.5190577810152961,0.8539148795216474
robot3,2013,1722895216131774547,80.68496811972183,-62.328758360228825,102.03153902870335,0.028889462772626544,-0.020797078233310753,0.5420818603527507,0.8395714008672326
robot3,2014,1722895216629090183,80.73572744529173,-62.62092641075013,102.82953546705679,0.028170931000129802,-0.016955295905149763,0.532317868784171,0.8459057885843039
robot3,2015,1722895217130819327,80.67983371429906,-62.90841327346851,103.67076148749442,0.02971059186387685,-0.02371039219857932,0.520018736693247,0.8533086261844814
robot3,2016,1722895217631504933,80.54795489072235,-63.14560682971077,104.45714770153796,0.031167728178849274,-0.026668471057577477,0.5098523665510699,0.8592833814836023
robot3,2017,1722895218129565523,80.38034888005194,-63.40608352432356,105.2500176278682,0.02644370402380935,-0.02123356848126068,0.4988392528334273,0.8660307534491143
robot3,2018,1722895218633379595,80.28661491095,-63.62083252829966,106.00275496264878,0.02786205518299913,-0.02357569588774294,0.4882465479809375,0.8719422003946629
robot3,2019,1722895219131115758,80.25433172355783,-63.9079621128621,106.74787196168917,0.031791087276062474,-0.02818354122229007,0.4883861126819819,0.8715928061390593
robot3,2020,1722895219627768326,80.23965936262306,-64.21277192421398,107.62371275878759,0.024155481200737454,-0.019207297914137104,0.5244642327965533,0.8508729993083112
robot3,2021,1722895220132857576,80.11451339165546,-64.48846863918666,108.54309988169634,0.02797675111717469,-0.02557018012435105,0.529927492369703,0.8471955619076944
robot3,2022,1722895220628919136,79.98557526572031,-64.76473707947181,109.35329448627803,0.027379550439280653,-0.026013022145900108,0.5302004213660138,0.8470308117653579
robot3,2023,1722895221133371095,79.98913857064211,-65.11609785796263,110.1902495006345,0.026297857664782945,-0.026141357907842874,0.5289392305980523,0.847849245103938
robot3,2024,1722895221631047030,80.02502117493697,-65.37988544120039,111.05456686505873,0.02434159864641834,-0.023885486593121976,0.529122937363607,0.8478595917138964
robot3,2025,1722895222128210461,79.9392729262682,-65.481627288571,111.91777870838101,0.021857053421337046,-0.024370280721055237,0.5282526123752626,0.8484559718406278
robot3,2026,1722895222634322505,79.84470651290046,-65.68211356990332,112.72952727598661,0.021449817623418382,-0.02371175517794169,0.522475231830389,0.8520547459606598
robot3,2027,1722895223132399981,79.8066500567906,-65.90811982615779,113.49539710458554,0.025443373969649807,-0.025864321461617226,0.5091090536241463,0.8599369995030433
robot3,2028,1722895223630672642,79.75269788179479,-66.04376748649202,114.14745710029929,0.021551171564570665,-0.025184422208465704,0.4996427871332229,0.865597121730407
robot3,2029,1722895224133215985,79.78079046892289,-66.3029221399102,114.82128083834613,0.022331277868956875,-0.027359520131138966,0.49088819502624914,0.8705064908837868
robot3,2030,1722895224631883376,79.90772724317122,-66.6272578701683,115.5511200310294,0.021294982156827673,-0.0265377294036238,0.4805180527124409,0.8763245253160981
robot3,2031,1722895225130251020,79.942110868663,-66.9508530079427,116.38063680677156,0.01976298655956846,-0.02868559068832118,0.4998850743239759,0.8653909369280577
robot3,2032,1722895225629297266,80.02697894451607,-67.23790052402317,117.24748058102942,0.015358770427034311,-0.01616233193198503,0.4976735038872786,0.8670778342951968
robot3,2033,1722895226132195788,80.12237835065228,-67.5065235009416,118.05758068508307,0.019504605430677467,-0.015268101972574546,0.5012774439540288,0.8649320086643021
robot3,2034,1722895226630198333,80.2478045156649,-67.72495615358447,118.81610550994858,0.019885572319923925,-0.012490243692121164,0.5010986045371759,0.8650715267288108
robot3,2035,1722895227138437376,80.37891882569016,-68.01481061200951,119.68084889273794,0.017548446137658207,-0.008436287724629885,0.5006920751393683,0.8654064518942612
robot3,2036,1722895227631410126,80.50953889518117,-68.31733834416018,120.55896704303734,0.025315108387542026,-0.015059921427232484,0.4989550176689652,0.8661271467844056
robot3,2037,1722895228132414413,80.60779074487311,-68.60943335147658,121.44968289498287,0.02329909942475578,-0.014866469317162253,0.5235862759733333,0.8515242519555233
robot3,2038,1722895228629650502,80.51200673577254,-68.79633245768267,122.41132391154783,0.02102936235709414,-0.015876902404966635,0.5830447159003342,0.8120126533186388
robot3,2039,1722895229132818018,80.15030422907552,-68.84984626083238,123.54721179805945,0.019782374896575042,-0.015362861384103943,0.6990444736748722,0.714639394350861
robot3,2040,1722895229640576424,79.64481120067246,-68.75396183184385,124.64114649569707,0.01566362635708806,-0.016020371888403016,0.7750449711376046,0.6315087419887491
robot3,2041,1722895230131017788,79.06311799702256,-68.61497052170753,125.61858780474024,0.015134593211270038,-0.016135594472703296,0.8166559633126313,0.5767006366090295
robot3,2042,1722895230630377020,78.34226831587387,-68.33855830195448,126.51850380188574,0.010557635026509072,-0.014397061363564676,0.8691471190795446,0.4942312680946734
robot3,2043,1722895231135626426,77.33412777419147,-67.76984209064653,127.21615414217978,0.007366121568321815,-0.011760529816570773,0.9442602318486605,0.3289073497819531
robot3,2044,1722895231633149051,76.3281708538208,-66.96126829511905,127.26058102622818,0.002422894344334425,-0.01184814500197499,0.9902352536101249,0.13888086099495492
robot3,2045,1722895232133421858,75.68872094074297,-66.29011307238085,126.9272975975865,-0.001282450882764322,-0.012816452417667787,0.9992616979197487,0.036196034833937116
robot3,2046,1722895232632092686,74.93310674034409,-65.63912563251479,126.72794668541775,-0.004591460321823296,-0.019582132939576415,0.9997313675153218,0.011517437544630495
robot3,2047,1722895233132213256,74.26625540708517,-65.04775833162604,126.6767750215858,-0.0001698148645887805,-0.015613256703043124,0.9997902964043822,0.013249928062981734
robot3,2048,1722895233628803695,73.46594450289265,-64.32431549841685,126.25591997635568,0.001630357016421385,-0.010902295496923137,0.9974057054607434,-0.07113607104172694
robot3,2049,1722895234132204905,72.71711987051073,-63.62571481460663,125.50488139193398,-0.00681928942344806,-0.014956989825160433,0.9938709830094536,-0.1093172213283502
robot3,2050,1722895234631619502,72.13549614017592,-63.17713943093778,124.79898132282186,-0.007780385094742895,-0.019577297961332334,0.993737203077699,-0.10973862688963576
robot3,2051,1722895235128429760,71.93123352496237,-62.88422142416918,123.93104199094398,-0.0009957854847187414,-0.02118136309748336,0.9900996641861736,-0.13875522781872873
robot3,2052,1722895235631790387,71.45473483813254,-62.27750313669166,123.17072371981787,-0.0027116011057740476,-0.02431459886703015,0.9812681599848289,-0.19108701081278953
robot3,2053,1722895236129953768,70.91198061269313,-61.67489675666885,122.32418846760028,-0.008195209166680772,-0.024572380825238688,0.9644636538671144,-0.26294276376540354
robot3,2054,1722895236631023443,70.41090507101853,-61.178960932397594,121.68745786619235,-0.0010227831071118465,-0.022785011528349806,0.9806358000947782,-0.19450764698808887
robot3,2055,1722895237131092181,70.0573093406209,-60.736549672045335,121.05828927397184,0.003456646292301991,-0.022390455073834536,0.9753628081656915,-0.21944045106846818
robot3,2056,1722895237631853674,69.60436026179146,-60.18476980671813,120.51703467255348,0.0041597873751399225,-0.021425017461685354,0.9832392701086141,-0.18100884650215263
robot3,2057,1722895238128565460,69.07425418187735,-59.603096164468,120.02734086395014,-0.002870629645695538,-0.022333832094969305,0.9854704532446493,-0.1683476914340563
robot3,2058,1722895238635743061,68.46028938666733,-59.04448731631996,119.54108561441512,0.0016914157238184192,-0.018704713119801823,0.9875751466652085,-0.15602116045314815
robot3,2059,1722895239130953610,68.01298400184741,-58.511901119859424,119.05796949619698,-0.006630449262736881,-0.015613000421338381,0.9838338001944616,-0.17827878436690592
robot3,2060,1722895239628122117,67.58399530291734,-58.02362185360835,118.5776599528543,-0.002480330411993489,-0.012934901382953643,0.9766208261144683,-0.21456537066067757
robot3,2061,1722895240132274784,66.93575487689127,-57.352178757813434,118.34739766669055,-0.002752260591785614,-0.012726641364069794,0.9754526674648542,-0.21982390952061123
robot3,2062,1722895240630037545,66.23135237029385,-56.69389148688339,117.99559059069273,-0.0037474345089030937,-0.014473185323309896,0.972631568837647,-0.23187133272920138
robot3,2063,1722895241130330125,65.67384616918483,-56.10179714081969,117.43338841927942,-0.004214373637840928,-0.01688239871704875,0.9722336345918084,-0.2333644862373047
robot3,2064,1722895241630182870,65.13553438616707,-55.51472930105452,116.86164510249134,-0.005305470919381214,-0.017262281817794285,0.9719770234053332,-0.2343811672828577
robot3,2065,1722895242128943741,64.6523156574585,-54.94032843798972,116.23268650360382,-0.0029212535425623613,-0.016719755209049118,0.9716673807557098,-0.23574226867243844
robot3,2066,1722895242631663639,64.20617266751712,-54.41599880192337,115.65747490520091,-0.003218776428258641,-0.019811721607125434,0.9717841254652145,-0.23501648593040186
robot3,2067,1722895243134706492,63.77523037775876,-53.8907841343804,115.09766757353154,-0.0024724056991091365,-0.016310359781854394,0.9743637912696271,-0.22437259555597225
robot3,2068,1722895243628342641,63.33001923790303,-53.37746410220829,114.72997702541855,-0.004196596585285185,-0.016301503902218944,0.983425016660291,-0.1805322302369657
robot3,2069,1722895244131702167,62.83492138860476,-52.843386113931196,114.64515266335664,0.0026045948264351894,-0.018474884360949347,0.9986695443672287,-0.048073234621685834
robot3,2070,1722895244631325240,62.292679670019524,-52.36994078021677,114.62443188007067,0.009763674021652787,-0.014347831434644118,0.9998263488398044,-0.006788414276387571
robot3,2071,1722895245130091792,61.75203253160068,-51.97310561955502,114.46253404823877,0.008710891649396412,-0.015160552806991853,0.9998466655197134,-0.0009609653320315856
robot3,2072,1722895245632899612,61.19425725864196,-51.46146501821706,114.28310860657989,0.00565387798929365,-0.017055568240845687,0.9998269320060148,0.00482154447287237
robot3,2073,1722895246127744256,60.50724048588142,-51.00689600134488,114.24922368824838,-0.0009487590206478106,-0.01728451129475048,0.9997250536903184,0.01581652773247812
robot3,2074,1722895246633707347,59.89415103456026,-50.56635118461842,114.21322075455073,-0.0065332811602705375,-0.017020386486999807,0.9992410063139422,0.03442432253239227
robot3,2075,1722895247130902238,59.45294761120876,-50.13480578821311,114.09367010823075,-0.004819470762495608,-0.01895449188076299,0.9988459872446216,0.04386563238377653
robot3,2076,1722895247631722552,58.88109169239099,-49.72357206212071,114.14963268278635,0.003734077796294474,-0.024196088523433426,0.9968429004562972,0.07553037649220432
robot3,2077,1722895248129456216,58.217522896556034,-49.25912118572537,114.24680399971813,0.0041145736966252955,-0.02962785353601727,0.9934076090139634,0.11066428028638636
robot3,2078,1722895248629076074,57.584156938152,-48.81633810354086,114.38389063758953,0.0061967418943827774,-0.030531898090864637,0.9884137374590579,0.14855196798117423
robot3,2079,1722895249132586972,56.871436010182485,-48.43802099129213,114.58232140316026,0.008389777482923062,-0.03187526840193341,0.9844589169885989,0.1724941148553386
robot3,2080,1722895249632626360,56.24807792065432,-47.92624371726458,114.8096774295679,0.001005779007165015,-0.026439648071577993,0.9817146069499145,0.18851091193778366
robot3,2081,1722895250129699177,55.54082117230643,-47.470018300430674,115.05996781303347,0.008627386978075025,-0.022752867443457413,0.9786840451260472,0.2039250230666851
robot3,2082,1722895250626699324,54.943009496668594,-47.01709294175223,115.18006739069985,0.00748297447889591,-0.018908461109801395,0.9762556382946305,0.21566502704275184
robot3,2083,1722895251132377984,54.381967738049454,-46.48221659556151,115.39469353957686,0.016438757984471915,-0.0204407834024059,0.9722972986932696,0.23227118754506454
robot3,2084,1722895251628349626,53.851857050460126,-46.06285388236282,115.76991072766053,0.012988608435293272,-0.02300005310139067,0.9691075397537724,0.2452200440433819
robot3,2085,1722895252128506784,53.21289757897061,-45.72030603980216,116.14785060890185,0.010510784590294232,-0.02479615314879206,0.9647752693799706,0.2616932436826051
robot3,2086,1722895252629582921,52.55484265713339,-45.371230085529476,116.41527855461582,0.009909089968202365,-0.027103354332910418,0.96028788318382,0.27751468344980373
robot3,2087,1722895253132442044,52.02360922642074,-45.04025728428666,116.70261258448916,0.010662508226886965,-0.027333941311567824,0.9548186277633652,0.29573730682274696
robot3,2088,1722895253628369721,51.48328667370133,-44.69960852346314,117.06129292963988,0.011134837023106602,-0.028291448323038947,0.9500405448807698,0.31064219359079925
robot3,2089,1722895254126583813,50.79164520385671,-44.31812902642329,117.52336818447728,0.007759461266316644,-0.026895707438468402,0.9448036022165636,0.32643922086790744
robot3,2090,1722895254629503182,50.14642814146909,-43.95290741021997,117.85864216749408,0.004323744038504627,-0.024320758297845323,0.9457196681910925,0.32404338467223337
robot3,2091,1722895255142642455,49.425435213776794,-43.56076047476602,118.26583214270195,0.0043166907867978515,-0.028085709631004676,0.9520681356466631,0.30456333361299615
robot3,2092,1722895255628969162,48.775698890216084,-43.139513387194604,118.62113609543175,-0.00022980967306537392,-0.0233788370282079,0.954243223673359,0.2981161640035614
robot3,2093,1722895256129444129,48.09149912150919,-42.67090276417675,118.88754730275883,0.003077006427776071,-0.029344454072894707,0.9541410139141339,0.2978999171089442
robot3,2094,1722895256630268239,47.39477001620183,-42.228676949156345,119.20817905515426,0.0008299171285679017,-0.028367857331349722,0.9582692490218312,0.2844549565170618
robot3,2095,1722895257130617735,46.77770169147597,-41.814043443463866,119.3915526300391,0.009203443772663565,-0.029419273999119217,0.9620337775249129,0.27118409584862174
robot3,2096,1722895257631071351,46.13601521972857,-41.359822871796155,119.54520277116588,-0.00040327095970576327,-0.0296487998353532,0.9633117413211019,0.2667419634661236
robot3,2097,1722895258131687439,45.463016296731844,-40.839771998424816,119.92103240237441,0.009092435081028251,-0.02606983403190816,0.9687558528501456,0.24647472273325133
robot3,2098,1722895258628937028,44.72582799101576,-40.37286731345371,120.07697794272295,0.005430367990396717,-0.028306261026847513,0.9715783034046234,0.23495716001765607
robot3,2099,1722895259133012192,43.977970879991624,-39.870931753343775,120.21134809702848,0.004430589204003101,-0.020930621102651863,0.9722856388950325,0.23281519576273607
robot3,2100,1722895259632174784,43.269598470380124,-39.40502089139672,120.42401181970851,0.009384321001552424,-0.025046376060403868,0.9737868682663926,0.22588437032586364
robot3,2101,1722895260134362986,42.51481867766438,-38.88122675232042,120.67009994671668,0.011514291500304481,-0.025385480330137735,0.977587971796513,0.20867380256858828
robot3,2102,1722895260631755100,41.772967838543764,-38.41496809572749,120.79288784356764,0.009480702950923814,-0.025715365569422846,0.9748424879592436,0.2212034355850276
robot3,2103,1722895261133188107,41.05649545289756,-37.86966613913148,121.01606018915938,0.006477656102076345,-0.025164441620935445,0.9761102553998645,0.21571638823358147
robot3,2104,1722895261631053005,40.35032739806323,-37.34505135545607,121.2484229888217,0.011688390425703781,-0.024375300906223852,0.9757864489007145,0.21704845628734756
robot3,2105,1722895262139461188,39.45457972045026,-36.749311922926815,121.46655561787037,0.01115586954742231,-0.025405300071641646,0.9787233080318897,0.20329978755036943
robot3,2106,1722895262627801655,38.55352953491788,-36.1633870115569,121.66685086735934,0.010133086280563707,-0.02300470586888984,0.9803829013050752,0.1954928921954956
robot3,2107,1722895263132416211,37.80230234244471,-35.70636036777296,121.83282367043115,0.01904575668753226,-0.025681985458361874,0.9812172420665322,0.19023779500000607
robot3,2108,1722895263629187893,37.18353938139647,-35.12730359452365,121.97779825480106,0.00843006476299724,-0.023903331760769617,0.9822388293331507,0.18591516046053896
robot3,2109,1722895264135429863,36.364977992961876,-34.55141958557988,122.27201738548284,0.004129843939807744,-0.019211520797705234,0.9834705675754395,0.17999862380172552
robot3,2110,1722895264632932080,35.43954099696202,-33.8915732647206,122.48798167062573,0.0009616713613367391,-0.02344025177318776,0.9828923959330994,0.18268050744919054
robot3,2111,1722895265132506300,34.58040198068398,-33.28166271960953,122.5743547326354,0.011250224762548066,-0.034843712534879286,0.9848247760108395,0.16964524365504235
robot3,2112,1722895265629886926,33.78299267766553,-32.75374396840563,122.64860121087848,0.003410913226007278,-0.033461650959800915,0.9843989856227702,0.17270587914390845
robot3,2113,1722895266129736564,33.046517345795195,-32.161243997988414,122.77234417129243,0.004413157947606335,-0.033570089974444814,0.9839787302721889,0.1750412279092222
robot3,2114,1722895266629319471,32.39532434712211,-31.658682231844956,122.84346814073717,0.003459963399385836,-0.030990281736411385,0.9830826332046876,0.18048869045596863
robot3,2115,1722895267137178735,31.882007180500118,-31.28319685494846,122.89402485316155,0.011060573186199152,-0.03314598053605653,0.9837303552375942,0.17622030495721203
robot3,2116,1722895267630276233,31.36867940879856,-30.845488096545015,123.06417843081991,0.00430147077934575,-0.031041728553148924,0.9895757423355898,0.1405622944410536
robot3,2117,1722895268128577840,30.610442936257616,-30.344930192718852,123.15677756763907,-0.007795305954044,-0.026690251798399792,0.9983382682938343,0.05047341601367023
robot3,2118,1722895268629385789,29.83048789597952,-29.731122740154014,123.16157457272485,-0.011439186154597988,-0.024463068017750937,0.9992812886103186,0.026600931498358404
robot3,2119,1722895269128073494,29.249798133761548,-29.108767469847738,123.10260233825183,-0.010609616649825796,-0.024612799035652617,0.9990847372522899,0.03333667571455484
robot3,2120,1722895269626901727,28.74764271782528,-28.699010291339587,123.05116815217058,0.0040246122544316636,-0.02124599226390686,0.9983554738836773,0.05309197750528647
robot3,2121,1722895270130228532,28.397846526714627,-28.274897339034265,123.01984282693692,0.0049736736544429465,-0.01721820012399026,0.9976310624098366,0.06641580737964478
robot3,2122,1722895270632353241,27.84781471857617,-27.793005751119114,123.1083959740212,-0.002714803103744676,-0.013904072644776388,0.9970779314328653,0.0750660060050824
robot3,2123,1722895271130855192,27.261612691769923,-27.354677642457588,123.19133334660192,-0.003929401011067741,-0.0137152746197165,0.996438822352471,0.08310309475958562
robot3,2124,1722895271632806739,26.565714099792533,-26.88977448602882,123.2340928846551,0.0030561712059912474,-0.014472265130438892,0.9969178406923523,0.07704565055116036
robot3,2125,1722895272131734907,25.908268329259602,-26.358879893796548,123.36921424558254,0.0020458005814336737,-0.017250788457711753,0.9965489479603487,0.08116907857485288
robot3,2126,1722895272629803005,25.35450780907817,-25.824991647638985,123.31791128408261,-0.003105955198247387,-0.017772360119871506,0.9970948169569509,0.07400285302378934
robot3,2127,1722895273132858121,24.867764516988544,-25.36595316528794,123.27752004086767,-0.007850694175403437,-0.014339052814293644,0.9975610336599361,0.06785825144131899
robot3,2128,1722895273631063054,24.446970015330503,-25.037393947931545,123.09670936319186,-0.005142273750898473,-0.012348975330075482,0.9997285679777442,0.019074857748793392
robot3,2129,1722895274129420994,24.225562623337073,-24.8932487648161,122.93792182293173,-0.0040077285921374115,-0.008657078699711208,0.9988711435172256,-0.04653419977294809
robot3,2130,1722895274628414907,23.972336376610663,-24.642395431342383,122.88045974601766,-0.006685942591618291,-0.004129462528853222,0.9927460359378049,-0.11997313799621623
robot3,2131,1722895275130693055,23.51844936022439,-24.275884329255586,122.76096613968814,-0.006628282121400586,0.0009581930781632829,0.981010970578385,-0.19383658928850153
robot3,2132,1722895275635198119,23.080184985709707,-23.88218074760474,122.49143831205168,-0.009843178467420135,7.411276970698089e-05,0.9733465243884815,-0.22912802056016487
robot3,2133,1722895276133475262,22.9524385664842,-23.75946526507835,122.18614629749136,-0.008554223887191355,-0.0011567672997619422,0.9585005960708693,-0.28495981203476783
robot3,2134,1722895276633218750,22.849581967972206,-23.53173132367672,121.888143372646,-0.01324654967493993,0.0006565068050419407,0.9409267427745894,-0.33835035488695137
robot3,2135,1722895277131459986,22.653658742341182,-23.338987763947546,121.6031641156424,-0.019162917730875265,0.0012895694194785417,0.9169586287018278,-0.39851975213785285
robot3,2136,1722895277647963012,22.680449159027205,-23.34218386900974,121.50407099434341,-0.01899776496461849,0.0037986312242219737,0.9068297003709338,-0.42105171873813063
robot3,2137,1722895278138251209,22.643168832326868,-23.29952746340466,121.36695820104765,-0.020011000695854934,0.003724116967294049,0.8964654790696337,-0.44264583544908276
robot3,2138,1722895278631064217,22.539903046981596,-23.127132740546482,121.17422939460785,-0.02433404384603551,0.006302625481759989,0.8711671688655713,-0.4903426303238184
robot3,2139,1722895279132055446,22.38916067882265,-22.836742265284588,120.84623464445397,-0.024663094312534217,0.010015320222356922,0.8715021662862312,-0.48966866276920434
robot3,2140,1722895279634213408,22.184729841558898,-22.548563168672217,120.4936861194755,-0.02397915502046324,0.011904205415478215,0.8785989103409954,-0.47680944282338444
robot3,2141,1722895280129656765,22.121015374932668,-22.475693920230857,120.29747090404155,-0.02144907487155638,0.012633335202741725,0.8832768152059801,-0.46819056349780314
robot3,2142,1722895280631150024,21.965468124187375,-22.33666313928455,120.02715245423515,-0.018411749198338944,0.012050880371169135,0.8883169969421788,-0.4587032774216537
robot3,2143,1722895281132629108,21.86668205529037,-22.214568452241146,119.85266793445615,-0.017060623455303146,0.009136781758139683,0.8931003493257454,-0.4494410087883081
robot3,2144,1722895281632297644,21.78781884939042,-22.117562443599617,119.66897342688745,-0.015070772509914517,0.007463681984408433,0.8979765554323637,-0.43972181110449493
robot3,2145,1722895282133711717,21.608370448067888,-21.898932206599554,119.43310755692302,-0.012537560456507365,0.006611279725795794,0.9028001848498678,-0.4298266241093396
robot3,2146,1722895282630991622,21.415717169362384,-21.642319454471735,119.18933195426466,-0.011019583725611341,0.0032926436809847877,0.9142415584802897,-0.4050062962715954
robot3,2147,1722895283137816640,21.211980928311586,-21.412583494467466,118.97905227613533,-0.009279920133195198,0.0013536998667471637,0.9214879952739075,-0.388293606881529
robot3,2148,1722895283627140025,21.026930882880613,-21.198514585532276,118.75818077934254,-0.010078398138266623,-0.0017324956118739407,0.9285772199676329,-0.3709983435368731
robot3,2149,1722895284131491784,20.863240328020005,-20.974014424818172,118.49897383870564,-0.010655471584854668,-0.0014016445227084079,0.931018913624672,-0.36481266259694384
robot3,2150,1722895284628346296,20.738683867041015,-20.803874947008566,118.25922354721176,-0.0048167221953043845,0.0019913658298778706,0.9297763502530341,-0.36808799513101764
robot3,2151,1722895285130439819,20.643923093425393,-20.60175876950438,118.04757341541065,-0.00014440552996334907,0.006571310268493463,0.9257892823499263,-0.377982806109493
robot3,2152,1722895285628309818,20.48761098823907,-20.32865626258371,117.7665153936538,-0.0022229046981996643,0.006779703867077691,0.9124311506639927,-0.40916804568313947
robot3,2153,1722895286128460615,20.326043081581886,-20.089884008343397,117.40359257581736,-0.000991255446537803,0.0069858812946498585,0.9014076128914589,-0.4329139987301156
robot3,2154,1722895286630314934,20.157905467697784,-19.83979049855167,116.95418828885111,-0.0023473316708059184,0.00777729868002783,0.8888225063917368,-0.45817961084140346
robot3,2155,1722895287129411666,20.069144260750175,-19.625165603791714,116.44500202806925,-0.001267120501670012,0.009848827344924023,0.8658250219531625,-0.5002483646803554
robot3,2156,1722895287627721306,19.996961734540648,-19.421693615774075,115.85840224796746,3.123320402783547e-06,0.011050817937678155,0.8407524769705368,-0.5413068925120577
robot3,2157,1722895288131628668,19.915453670347738,-19.195434692148595,115.26585234787368,-0.006071460889642842,0.00910189308279508,0.8318923957381837,-0.5548291041554688
robot3,2158,1722895288629423393,19.815559317145986,-19.01640229495987,114.75613909210723,-0.008116983195722016,0.010367832507904597,0.8344419931502423,-0.5509384563636299
robot3,2159,1722895289131892671,19.77376479021377,-18.856180369502137,114.30284787381137,0.0004471019171855152,0.011240633022166364,0.8387120717856112,-0.5444589138862769
robot3,2160,1722895289632083306,19.719619501523024,-18.73362451111198,113.8776033072314,0.0030118779300379863,0.007755242657185153,0.842837372152764,-0.5381040316753685
robot3,2161,1722895290128421174,19.61462272470985,-18.548430186347844,113.49316937613558,0.008406199085055405,0.003765966575226604,0.8453992462492564,-0.5340554912683566
robot3,2162,1722895290636363857,19.465825650222147,-18.30201118195604,113.0665192440362,0.0002345267570430235,-0.003135098629037069,0.8695533907531666,-0.49382893473697653
robot3,2163,1722895291136148307,19.29205307045042,-18.073292483512123,112.86293059707599,0.00036099072916984576,-0.0019926802681439035,0.9151836803129363,-0.4030319220606619
robot3,2164,1722895291637334034,19.190746353407608,-17.96449819565406,112.70903627542975,0.006780828979556936,-0.002925458328627022,0.9400513954053706,-0.34095283551883415
robot3,2165,1722895292133288222,18.863453685954,-17.66111985734304,112.57774049822487,0.0067729589445488176,-0.009052438676238986,0.9672190519358598,-0.253691714396519
robot3,2166,1722895292638392896,18.546305894827867,-17.330616333210752,112.48554471413496,0.010441830768103105,-0.014475581590638466,0.9836593852929764,-0.17915255910219882
robot3,2167,1722895293133000246,18.34919535108882,-17.148767295275825,112.37132288524668,0.01151100242345804,-0.01832570903823126,0.9902711701925321,-0.13745790154431414
robot3,2168,1722895293633216125,18.106398574524764,-16.897549364573983,112.27604931830292,0.008372728599326812,-0.023748048964016766,0.9939379712342852,-0.10701979688299744
robot3,2169,1722895294131292790,17.85790092468673,-16.632940049380604,112.2037481227299,-0.00275973170827135,-0.028750004750823017,0.9948511059500442,-0.09714472758570003
robot3,2170,1722895294629430453,17.525849814211142,-16.352013452277166,112.16425913276628,-0.007475057344601293,-0.02639437960697375,0.9963422651330177,-0.08092929600870857
robot3,2171,1722895295131571678,17.20787886480571,-16.098277858538676,112.10628909061535,-0.010212206209225657,-0.020676387959878036,0.9970264852816717,-0.07352812708174578
robot3,2172,1722895295632192128,16.96330035064765,-15.854400444533756,112.06093148350116,-0.01030415251626435,-0.01626411278225542,0.9977796330836229,-0.06375819068824473
robot3,2173,1722895296132214443,16.602986571272584,-15.532738039794866,112.01526863222628,-0.010665094336267137,-0.010394635858739992,0.9985840981355619,-0.0510686426190184
robot3,2174,1722895296630397192,16.384728127332433,-15.32453184995392,111.98860387953557,-0.005545119239035435,-0.007685003149083707,0.9991024981400468,-0.041284265641297696
robot3,2175,1722895297130785594,16.240090055705252,-15.163535771723492,111.89757403272564,-0.0019467678099615814,-0.007915843700164328,0.99953435934208,-0.029404319550470206
robot3,2176,1722895297628931829,16.01958536234247,-14.969014010501319,111.89110877392334,-0.0022075001115058742,-0.007071750051350854,0.9997826335335591,-0.019488534556764373
robot3,2177,1722895298133334173,15.699754196212384,-14.681314884277606,112.01145596073185,-0.009377183206773916,-0.007582344694288144,0.9992671083309862,0.03632936404442734
robot3,2178,1722895298629365859,15.376145180700671,-14.407119504353595,112.06664803635508,-0.005663321116625338,-0.008402038112918618,0.9984418485612045,0.054874471215344854
robot3,2179,1722895299128127006,15.140801443450124,-14.191548374362611,112.07130366196817,-0.006463084265299743,-0.010452962005050779,0.9971256752312929,0.07476196841736198
robot3,2180,1722895299629229065,14.797269498771252,-13.888179859687096,112.15402222658616,-0.019432790665508116,-0.005193122417983191,0.9959307299025806,0.08784861616562593
robot3,2181,1722895300134150826,14.507363249104339,-13.622090790956598,112.25714540576206,0.013562274260139447,-0.0031053749802159684,0.9945072809384548,0.10373856333845381
robot3,2182,1722895300627140436,14.116693359658143,-13.38113811918975,112.35837510967303,0.015686697566222315,-0.003938393381381539,0.9929474662969103,0.11744677837891297
robot3,2183,1722895301130086159,13.62598762718532,-12.9977942178822,112.61237861428137,0.004829072478049171,-0.0002545693973386829,0.9881448868963905,0.15344802948863015
robot3,2184,1722895301630218574,13.163303274940208,-12.621944049875827,112.8049390902683,0.005182066916901973,-0.0020805795779968283,0.9870998570163616,0.16000840493351293
robot3,2185,1722895302132318131,12.56052525658994,-12.174943281548156,112.99191245537564,0.006698993142924607,0.0020190247930288105,0.9875451383002462,0.1571803004492104
robot3,2186,1722895302628996434,11.913607540584756,-11.6747110901334,113.20157755547626,0.007024812070315923,0.003729058394103335,0.9877896121295026,0.15559057911042362
robot3,2187,1722895303130467129,11.277423194250575,-11.145203120431136,113.38571829287675,0.010523487223084205,0.001038318652244094,0.9883292623118093,0.15196528343420052
robot3,2188,1722895303628521832,10.697347969830743,-10.61699868148693,113.47577021427105,0.0055596396947473585,-0.00371707505537341,0.988724487574137,0.1495966624987256
robot3,2189,1722895304132747018,10.183236656267875,-10.185323627140985,113.5914882445764,0.009121972589987518,-0.003278023238307339,0.98782281235158,0.15528082810679417
robot3,2190,1722895304630126597,9.51526780976248,-9.690397236094928,113.82786761714239,0.009215791902192797,-0.004775978023825975,0.9877339686717197,0.15580072639607803
robot3,2191,1722895305128460148,8.897541291218367,-9.225528528153319,114.05591768913563,0.009790894600990117,-0.005406167594923548,0.9890375240580342,0.1472402381823705
robot3,2192,1722895305628317730,8.323705170452104,-8.7473444008739,114.17261546073586,-0.0038144314044498955,-0.0036758533507171517,0.9885581766217063,0.15074703860962552
robot3,2193,1722895306131526464,7.70174653986621,-8.2338574533421,114.2988452705323,0.005449125125448687,-0.002194486600196959,0.9886018046918463,0.1504392336591533
robot3,2194,1722895306628434489,7.185478849520539,-7.774239610509676,114.45311635163716,-0.00025572147567718236,0.0014153608741496258,0.9872526992391518,0.159154136625887
robot3,2195,1722895307131459338,6.725097793595643,-7.363577430128626,114.57672967817031,-0.00816565559706014,-0.0015373516071224592,0.9858046740154078,0.16769049856232723
robot3,2196,1722895307627510506,6.177982273171639,-6.901099864578145,114.79305735759974,-0.013134070371699932,-0.0041423803119940445,0.9849849195007044,0.17209022411808514
robot3,2197,1722895308127960573,5.622124134538548,-6.482694686700375,114.97150083790629,-0.0009653367764733791,-0.010867715642936135,0.9855779145661875,0.168870172620795
robot3,2198,1722895308630994608,5.025061448540394,-6.021981212669791,115.2664482249657,-0.0029309217483963743,-0.01218634390069451,0.9833148039378449,0.18147974839280712
robot3,2199,1722895309130149429,4.307457426850445,-5.494546095422919,115.6717764693816,0.006005596256458887,-0.009377087315372639,0.9817638294119998,0.18977825561789188
robot3,2200,1722895309632006966,3.575621207002126,-4.902406099240347,115.66561560823236,0.00829124098304648,-0.007841416732990386,0.9927973823939464,0.11926074382758409
robot3,2201,1722895310128233695,2.8254220359034896,-4.255462699606268,115.5242566096749,0.024024231030257966,-0.0161168764579458,0.998185201617019,0.052814637075676255
robot3,2202,1722895310635466656,2.0859160712024423,-3.583476924053719,115.3892407960536,0.018527963631550265,-0.006326441893854447,0.9991498548853812,-0.03628027258929134
robot3,2203,1722895311132318372,1.4732811848518168,-2.9244832714595272,114.86692309169776,0.004663178439916407,-0.002829710966890212,0.9818405180459161,-0.18962975669975593
robot3,2204,1722895311637506571,1.2621290137196821,-2.5083277454878297,114.13666412604528,-0.008594903220869065,-0.01592221910040592,0.942071843866252,-0.33492275463453175
robot3,2205,1722895312129700623,1.2652068790349122,-2.350688986791516,113.53838625194135,0.01116227729948912,-0.0038569421614759215,0.8950667403448256,-0.4457757932987622
robot3,2206,1722895312630450775,1.2326958976524016,-2.165998014213323,112.8535417872757,0.012499303580463438,0.003198644722410343,0.8051844633872275,-0.5928840662404122
robot3,2207,1722895313131030673,1.297414241415402,-2.1034122363935643,112.38957599967512,0.014332318246065857,0.009234515057322024,0.7419081002593056,-0.6702847746704215
robot3,2208,1722895313631002450,1.612055954776765,-2.0495414616161143,111.5588203103389,-0.011417474011767586,-0.002944900057896513,-0.6385227221338531,0.7695126393826249
robot3,2209,1722895314133945292,2.1593932592413783,-2.2249607223535297,110.7339637361349,0.0052042838031529665,0.002411219513956276,-0.4552046405637004,0.890368371327185
robot3,2210,1722895314628983539,2.6309685316304376,-2.5354995846706156,110.40094285773492,-0.0014616714728504653,0.002409724386585482,-0.3570476486695352,0.9340819200286677
robot3,2211,1722895315131874149,3.1561720549443004,-2.883821613536077,109.92901156659855,-0.0038160663042634073,0.0063495044692996015,-0.3278379133245034,0.9447049401892589
robot3,2212,1722895315631406300,3.627520741283066,-3.2084098869083753,109.43934426923344,-0.014798612704143734,-0.01670296907327419,-0.31298326168136303,0.9494964401162679
robot3,2213,1722895316129415374,3.9475237428889427,-3.4023506380142803,109.18232074634467,0.014214584735562539,-0.003276910229308716,-0.2992855579659334,0.9540520752208259
robot3,2214,1722895316630351938,4.527696254563531,-3.796381180523184,108.84063809051206,0.018186047856464167,-0.020507606307907107,-0.23916127439633791,0.9705929067204241
robot3,2215,1722895317130825542,5.09175526080011,-4.211188693555442,108.46185857476327,0.014660614977425912,-0.00569967437958161,-0.22571975060082117,0.9740652823446453
robot3,2216,1722895317629472686,5.501584373005504,-4.428807515691362,108.1550990136502,0.014579389550008773,-0.0076014934250148505,-0.22963888750799907,0.9731370099025867
robot3,2217,1722895318132923779,5.696432310227348,-4.629000351384383,107.95899491254818,0.013911217121425132,-0.00974995125129271,-0.23013481263792854,0.9730104750211601
robot3,2218,1722895318632021958,6.0329873448636375,-4.891647852763389,107.63343986758734,0.015113245545078874,-0.008323287194604565,-0.2253144294219545,0.9741333176694191
robot3,2219,1722895319131476528,6.3601521948506,-5.040969536356241,107.39680847138979,0.016632062061699107,-0.009286249281004622,-0.2241457282825717,0.9743694538410687
robot3,2220,1722895319630862570,6.858513755286203,-5.452963652371021,107.10002160329856,0.017841533750092405,0.003525900536023936,-0.18298935590737495,0.9829466635191648
robot3,2221,1722895320132576787,7.41839809238424,-5.888040878598056,106.79005654228311,0.01376624191950869,0.01143317597888306,-0.184594277332413,0.9826518843652485
robot3,2222,1722895320637106933,7.982076267776805,-6.272885570065829,106.52862283100669,0.0015646637660527974,-0.004957609105705066,-0.19036649428583158,0.9816993286096191
robot3,2223,1722895321133605178,8.323875910250013,-6.669199037660192,106.44083318161731,0.0015513153532831561,-0.007970616700746275,-0.16657225982709864,0.9859958138583439
robot3,2224,1722895321632792279,8.747195830768504,-7.048228308750937,106.10928022595212,0.0047576523365177965,-0.010569954776981009,-0.1590364669917051,0.9872046611351941
robot3,2225,1722895322129171397,9.179400629465409,-7.293533639644956,105.93970966135875,0.006021312382262809,-0.009002839923028671,-0.14501719820371933,0.9893698524291402
robot3,2226,1722895322632388857,9.552352536810243,-7.62381344925959,105.78294120735374,0.0046928167543830845,-0.011420872064793829,-0.12773530801704278,0.9917314315065247
robot3,2227,1722895323130386304,10.01481544019606,-8.078139966474762,105.63443049430386,0.006397129109087676,-0.015601898346792925,-0.05685206997620063,0.998240201377684
robot3,2228,1722895323632353621,10.453187903675422,-8.466832545105245,105.64106037090798,0.0040135519998809556,-0.012045193205370845,0.019566418882261644,0.9997279429790453
robot3,2229,1722895324131186253,10.86625252107272,-8.947292279024316,105.63512494434244,0.0038464418723796706,-0.004578586003138321,0.0429006820347681,0.9990614460162528
robot3,2230,1722895324629969378,11.36282717422608,-9.47852465747895,105.69651032760328,0.005161623777626809,-0.00908577050641135,0.09566373548257823,0.995358857964203
robot3,2231,1722895325130157512,11.94165269594451,-9.94675750038415,105.70922546479362,0.006519543617916127,-0.00408697935419888,0.11954755046485162,0.9927986580010201
robot3,2232,1722895325633885567,12.447615435138712,-10.396515544518486,105.72435587908645,0.0070616693618921695,-0.008219361624247416,0.13651209317076182,0.9905791353235996
robot3,2233,1722895326130917923,12.932953532430894,-10.830239456057422,105.68019523727841,0.008669716220138098,-0.006972074105020754,0.14192746990792837,0.9898145379256007
robot3,2234,1722895326630762651,13.535600246420328,-11.339340813243277,105.70948146902136,0.008510909269521128,-0.0005927453206273171,0.1420039601063394,0.9898293228584957
robot3,2235,1722895327130449634,14.01953776385827,-11.779093167183493,105.74863580049868,0.010329014284785673,-0.011507466239071838,0.14081937308478867,0.989914538659105
robot3,2236,1722895327630769256,14.366201035453658,-12.050068037264772,105.69868007960385,0.005171948755545893,-0.01215398998589417,0.13602520633290743,0.9906173200159498
robot3,2237,1722895328129144050,14.905865908531963,-12.522332986312064,105.73792759384986,0.003059974102796884,0.0014329152472872663,0.1363710879708541,0.9906520628747664
robot3,2238,1722895328633335526,15.27834506703669,-13.001607302667551,105.76310352125618,0.0036966393355706596,-0.017991508109264476,0.1369037706060288,0.9904140538620344
robot3,2239,1722895329132768551,15.704456637922595,-13.44618928431468,105.72582177812919,0.0012583773210591146,-0.012720189537264073,0.1379234835007584,0.9903604020575894
robot3,2240,1722895329632765167,16.210693062153368,-13.916184637262445,105.70183745163473,-0.0023144171829161285,-0.0167757439839328,0.13818696417418516,0.9902613699519998
robot3,2241,1722895330137637468,16.744956068512955,-14.346328457400455,105.6861299978638,-0.0043768608713126355,-0.017507903653663334,0.13930457765472068,0.9900851231298282
robot3,2242,1722895330632861570,17.22099098681571,-14.83963372091855,105.60460387023042,-0.0035297219876291013,-0.026232933282887207,0.11660749442269946,0.9928252950638021
robot3,2243,1722895331130257657,17.80206629475509,-15.402599070585872,105.45116276766933,-0.001027045238098341,-0.017804875118386944,0.06923313094368817,0.9974410785504232
robot3,2244,1722895331632927859,18.415478366865916,-15.949818109341075,105.2912009776984,0.0012154780800893252,-0.016546810293886684,0.05750788681943075,0.998207177211073
robot3,2245,1722895332129693210,18.98518017984801,-16.39968427736127,104.91998095096072,0.01164070162250346,-0.013350699683484742,-0.04782625880580203,0.9986986041105382
robot3,2246,1722895332631459854,19.554117266961494,-16.845900868943364,104.53042202130547,0.014395164329280624,-0.018674340954485148,-0.07669638035352207,0.9967756585483599
robot3,2247,1722895333131853548,20.157011998091676,-17.3457766043936,104.14113573901216,0.012866035432526958,-0.015980906296288514,-0.09117763645541618,0.9956232793464614
robot3,2248,1722895333631592535,20.622394074349206,-17.736789958131332,103.76959180319759,0.010128501415267737,-0.011442863281936633,-0.10319417039876672,0.9945438338930577
robot3,2249,1722895334132373057,21.017084659761338,-18.092474655947203,103.44960810092351,0.006885603511454468,-0.013833162254299758,-0.11182253379007137,0.9936080479862759
robot3,2250,1722895334633938518,21.578110388665298,-18.56417852664678,103.07313312736575,0.008366085316539866,-0.00629829776054768,-0.09947562334390586,0.9949848945698309
robot3,2251,1722895335128787032,22.028028154728336,-18.98659054880225,102.7526031807571,0.0091881156735809,-0.011258113482433356,-0.09400107915996551,0.9954660368530648
robot3,2252,1722895335632446241,22.533355275222945,-19.382581994236133,102.43673304101057,0.0102236109835835,-0.011945036411125173,-0.06499953302752884,0.9977614216784473
robot3,2253,1722895336131960292,23.20173300496371,-19.8778332953997,102.1030160767485,0.010224145176177145,-0.010419725110870267,-0.0621477137390862,0.9979601985355102
robot3,2254,1722895336631642113,23.802227935684158,-20.33856141774552,101.77587405608655,0.008324379332078177,-0.013165049451408005,-0.039268363046985236,0.9991072924592673
robot3,2255,1722895337130155471,24.24534388533433,-20.762452508475423,101.54208741827789,0.006126325796660709,-0.012465603944910583,-0.010840252366920565,0.9998447708415258
robot3,2256,1722895337632114726,24.695902251409375,-21.128989611587784,101.31606882500476,0.006853986492545057,-0.010482171364070338,-0.0072070646092844675,0.999895597136207
robot3,2257,1722895338129879348,25.089873294057405,-21.468448750238046,101.14463921414261,0.0066703003033519075,-0.011011481686622835,-0.004925735095367411,0.9999049912360167
robot3,2258,1722895338631115031,25.47243075579026,-21.800219532656612,100.98141769459643,0.006678547437897988,-0.010845580813674404,-0.003869422372661989,0.9999113950502994
robot3,2259,1722895339130852515,25.925733727290254,-22.180798040971744,100.77756221823915,0.006297485487981379,-0.008021313317069402,-0.003259019554988115,0.9999426878580283
robot3,2260,1722895339628415190,26.327964549893338,-22.542717596119658,100.58072485180486,0.008527298284829518,-0.008550439013738996,-0.0026294569380148638,0.9999236276500546
robot3,2261,1722895340133166390,26.82028360320947,-22.973779082926182,100.38287240273543,0.010616080623567354,-0.00803842843148677,-0.0024085955338900853,0.9999084363921029
robot3,2262,1722895340633790309,27.235418299588726,-23.36724530350925,100.18201577923509,0.011583109957928949,-0.009219474448847407,-0.002299130910958769,0.9998877671277131
robot3,2263,1722895341132970247,27.696381707696528,-23.827452516368552,99.96944575047503,0.012245121469553926,-0.008082232695707708,0.00865020104285278,0.999854943747725
robot3,2264,1722895341632060813,28.116761734342607,-24.258738700153646,99.81347412248265,0.013450776369870054,-0.008438803408844626,0.018084145532255538,0.9997103715038885
robot3,2265,1722895342131354482,28.592846501202814,-24.69836079497605,99.6374163673935,0.01577414688676236,-0.006553722253956649,0.023023497190234662,0.9995889873301647
robot3,2266,1722895342632117842,29.056424219827946,-25.148036938055352,99.44858550771966,0.017438957716478305,-0.007231871576940499,0.03183057906615309,0.9993149638745389
robot3,2267,1722895343130793674,29.61206239610389,-25.635343306983003,99.27100045036904,0.01977974726980205,-0.007578660073763312,0.042500062845340934,0.9988718987776016
robot3,2268,1722895343633483793,30.158713171263184,-26.07869631485052,99.15669629422537,0.020094730928418608,-0.00898140251162786,0.07742687077284628,0.9967550430673343
robot3,2269,1722895344133307986,30.629928414737428,-26.53763666485024,99.04619909691239,0.02161217342801547,-0.008552007115007185,0.10487247117957342,0.9942140322499536
robot3,2270,1722895344628123983,31.101942141908776,-26.987271279757245,98.90200242295282,0.027223826264993554,-0.013901372568926465,0.1351612961067319,0.9903519774095176
robot3,2271,1722895345130484151,31.695316824538367,-27.45883151576276,98.78345843077861,0.027904744507575983,0.0013203017785940387,0.1447317207186591,0.9890764940362279
robot3,2272,1722895345628215187,32.148942473802386,-27.91157861220767,98.61171553974211,0.02632000026154651,-0.00017654968965949715,0.14321273771601684,0.9893418712317409
robot3,2273,1722895346128327464,32.72647540821293,-28.439059386245827,98.50082220816802,0.025213109303913486,-0.005744266664409083,0.14478154005127405,0.9891256786577217
robot3,2274,1722895346629282752,33.300072398709034,-28.939624103282966,98.38600556575938,0.025599292888268857,-0.0006195578833959667,0.13809683680687498,0.9900876506732043
robot3,2275,1722895347127009157,33.79253227063194,-29.448435644283865,98.24456241543292,0.030811281397893547,-0.013617618134463142,0.13155367503217405,0.9907365219878052
robot3,2276,1722895347628022643,34.35016419096818,-29.97247318220831,98.15482390432275,0.024625272944697383,-0.002674414051513282,0.12670999033700345,0.9916304865173703
robot3,2277,1722895348132512933,34.8785586460661,-30.527554325363784,98.05779446696967,0.017982013379035263,-0.0051931761835209474,0.12751851143355492,0.9916595723118562
robot3,2278,1722895348632111325,35.327220796736285,-31.046504101167,97.88656412955348,0.014450872103681402,-0.012733847511350836,0.12564767310908373,0.9918879390663411
robot3,2279,1722895349129824767,35.83881426179178,-31.526338377304562,97.81770946209117,0.012195830897532527,-0.009995678096273025,0.14167289147962214,0.9897879267539678
robot3,2280,1722895349628791699,36.50281417186443,-32.07293705252092,97.79359031690811,0.010507202421766575,-0.009345213629797422,0.1382432993666796,0.9902984680689434
robot3,2281,1722895350133684899,37.11683809904252,-32.63003953862286,97.69231652226541,0.010905866197927033,-0.006127397070505402,0.13534671683543395,0.9907193262117592
robot3,2282,1722895350628732769,37.6671811526508,-33.12249715609854,97.58850804561618,0.011555398892143062,-0.007545034389951517,0.13303652342487896,0.9910150496574305
robot3,2283,1722895351132505015,38.362561979049964,-33.77327626972766,97.46531533802838,0.012106217874969167,-0.0053106119697030685,0.12510973902532807,0.9920548321994532
robot3,2284,1722895351629236541,39.05474763106797,-34.37837682933826,97.2867545973121,0.01083576905801462,-0.004993561471526545,0.11798029544041051,0.9929442584256908
robot3,2285,1722895352128931358,39.68726159210619,-34.931580411618995,97.07333182048119,0.010263130540122576,-0.003104821767622713,0.1115655402790952,0.9936992293725205
robot3,2286,1722895352632039336,40.24961994898131,-35.44852623534266,96.89961295969242,0.009095698790518657,-0.003336374330216182,0.10963461616182252,0.9939247395094312
robot3,2287,1722895353135766592,40.79406142008338,-35.92173467427565,96.74467059861222,0.009196881755737941,-0.006264433116679114,0.11056096783217267,0.9938070469843283
robot3,2288,1722895353629079164,41.226609280867685,-36.328530441049075,96.54892608278402,0.00923319854686537,-0.0076810198976598075,0.12058477215440805,0.9926303756698136
robot3,2289,1722895354129585117,41.652386289079615,-36.77860696353787,96.3709251383629,0.0076650942140940774,-0.00632478740573813,0.1206023400133029,0.9926511567405122
robot3,2290,1722895354630470448,42.261170074743525,-37.26526157290947,96.2898026579974,0.007158089701016123,-0.003747951035313677,0.12087008990883678,0.9926354496895116
robot3,2291,1722895355132770507,42.727677157906705,-37.69700291080125,96.15795525477392,0.008726671804973041,-0.008214459393059871,0.11996135642990635,0.9927062208023001
robot3,2292,1722895355631382533,43.19278353050666,-38.16912542144483,96.0552628210967,0.010359929732059925,-0.004735177854246344,0.1193058029212031,0.9927922115608897
robot3,2293,1722895356129838365,43.60809449489753,-38.565783325125366,95.93629518333033,0.007985294784088395,-0.00857865378854359,0.1168397496031016,0.9930816253858854
robot3,2294,1722895356630020610,44.1924524541828,-39.127154322987266,95.80577988902377,0.015359806323084965,-0.013067733620064316,0.1144626500585868,0.9932228412744634
robot3,2295,1722895357133266546,44.73317571370587,-39.61218705527591,95.70069195059521,0.011071999383799635,-0.008086630352226776,0.13191950407701342,0.9911656075970687
robot3,2296,1722895357630437533,45.14175699938839,-40.09912902484528,95.54815120008908,0.0093047212078778,-0.005105145232620407,0.1308177886224905,0.9913496183664564
robot3,2297,1722895358130907611,45.72021608469019,-40.69164599638604,95.4186466529709,0.007020894820375184,-0.002902107176279114,0.12889599749237052,0.9916290166389372
robot3,2298,1722895358630437481,46.32989949860867,-41.269706549951835,95.277512956201,0.006117466636190942,-0.0009926750394213956,0.13128705035484373,0.9913250231923664
robot3,2299,1722895359128431277,46.855602839948645,-41.77059084998504,95.11308301823692,0.004108297635696257,-0.005693683853840611,0.1295348484709383,0.9915500122970703
robot3,2300,1722895359628947695,47.47003392449155,-42.334541115881564,94.96140935101167,0.0053691669853380645,-0.0021808975950711605,0.127216574768764,0.9918580336094812
robot3,2301,1722895360135111903,48.06711301762764,-42.945567635060954,94.8518383564272,0.006582841663282513,-0.00690134456268419,0.12462577083405312,0.9921579787931363
robot3,2302,1722895360634368685,48.676885634791304,-43.5833661064158,94.70156359980913,0.006631402340797648,-0.006455321307992741,0.12190884882316401,0.9924981541083168
robot3,2303,1722895361132318433,49.25031261270185,-44.12871698869033,94.52656617268975,0.007393895708181162,-0.008372783040062592,0.11995414835005408,0.9927165905252283
robot3,2304,1722895361634053960,49.78377019230111,-44.642526288188016,94.37188676426382,0.007508187258384517,-0.008209000492774517,0.18348954123260508,0.9829587110826429
robot3,2305,1722895362127427813,50.05531808891253,-44.889579741503375,94.57429214556267,0.0017527106076625346,-0.003627440216358441,0.3766209556269177,0.9263586915799245
robot3,2306,1722895362635663115,50.15868354474296,-44.97775618633998,94.7258279863146,-0.0015478775638940714,-0.0012409904888973416,0.5081156822554551,0.8612865478246639
robot3,2307,1722895363140224840,50.18380696379039,-45.10883352712211,95.12578676497924,0.0008304745468197574,0.002288348707960089,0.6337983822299164,0.77349446310556
robot3,2308,1722895363635278709,50.31332862914048,-45.384627457276466,95.7486123145443,0.0033900643647257985,0.0008732916229279416,0.6694982387914208,0.7428053938149145
robot3,2309,1722895364140355243,50.30875644826265,-45.54156961710051,96.37133915706963,0.0009005033580903276,0.004776857010213948,0.7655164934652365,0.643397908734163
robot3,2310,1722895364629886450,50.37933792691745,-45.731383066999875,96.73185011299397,0.001477796215925651,0.007672617391918271,0.7907885974177431,0.6120394932149232
robot3,2311,1722895365136663242,50.33718684807466,-45.90194587635385,97.43444444549104,-0.005162176973750629,0.012985054734775464,0.7959104952883199,0.6052530245875093
robot3,2312,1722895365629327769,50.24160124379883,-45.96608701871454,98.33475951375854,-0.02144458189436756,0.029615524120813176,0.8195478604743107,0.5718429461228012
robot3,2313,1722895366131913730,50.10089060862356,-46.0791326553413,99.0933607632375,-0.01216180893878371,0.027933042050570452,0.8537574227543654,0.5197788940087521
robot3,2314,1722895366629253282,49.998690669658956,-46.24037838437674,99.86050344583072,-0.004594246502468327,0.024040159227167256,0.8519394720053595,0.5230679685113937
robot3,2315,1722895367131126325,49.91089414540111,-46.53739845854315,100.44480281064428,0.0012517006126280964,0.01962533155163646,0.8460098133293573,0.5328045376660101
robot3,2316,1722895367630848524,49.88787405422621,-46.65366022974195,101.081290079845,-0.0008544711762726534,0.017939967331285514,0.8401727289483092,0.5420214137676779
robot3,2317,1722895368130670827,49.79425270890462,-46.67282714230571,101.91056601250398,-0.004685408016733462,0.025412028417145988,0.8347332089765982,0.5500479484509271
robot3,2318,1722895368630999644,49.73412348458159,-46.836111327036704,102.65783673692586,0.018974904364978753,-0.009400601696669316,0.7977405708355658,0.6026288769508362
robot3,2319,1722895369130663358,49.8237983814203,-47.0559633205845,103.16278290276895,0.0077281181125585605,0.005396633514087892,0.7868402397594304,0.6170847507696775
robot3,2320,1722895369632560185,49.81793075536532,-47.34615272219204,103.8757334175677,-0.01159101850059176,0.020666368400925107,0.7502482658144791,0.6607314803682377
robot3,2321,1722895370131460901,49.972029435166846,-47.56755980178625,104.60083404099485,-0.012654737345909379,0.015354686659987604,0.6822724537934051,0.7308271957275574
robot3,2322,1722895370635660862,50.37689381255922,-47.90686312142797,105.27571097488186,-0.012826505021896657,0.015143696457771826,0.6262920846333765,0.7793358543991785
robot3,2323,1722895371127973278,50.760950632288484,-48.221227670540216,105.95602714665705,-0.011309303330492442,0.01538946472032929,0.6142474351436881,0.788882343859464
robot3,2324,1722895371632595976,51.13621585497589,-48.64962700867617,106.66741598422364,0.0019688636467582532,0.005441500089542271,0.5994449690631908,0.8003950541561
robot3,2325,1722895372129595338,51.48496996976717,-49.103938401681454,107.2672196998175,-0.0038688967550830956,0.007217028772011896,0.6025847696689971,0.7980128705080916
robot3,2326,1722895372628034824,51.66026389633845,-49.46011228762915,107.49478186152557,-0.002013890666511181,0.0075833130096687575,0.6060562411578684,0.7953830964772739
robot3,2327,1722895373131982191,51.73414599239817,-49.63687605426153,107.8356052183408,-0.0012876764951925833,0.008139650479597553,0.613212425360679,0.7898750593369736
robot3,2328,1722895373630512872,51.84933141527038,-49.811566687353135,108.29969840106277,-0.0031079781912336396,0.006563676871868249,0.6058499852324667,0.7955457585904814
robot3,2329,1722895374129296863,51.951420777384925,-50.03199784547822,108.75420569170225,-0.006034587271930667,0.002887929828335971,0.6065180210341182,0.7950415924834505
robot3,2330,1722895374630741957,52.06982173798861,-50.328687949597004,109.26686218725548,-0.008548592089049458,-0.007021522269446314,0.6028480870572371,0.7977792951247509
robot3,2331,1722895375134487065,52.23897300649066,-50.543147494052235,109.61254114510838,-0.0024394141322673767,-0.01694501903737895,0.6281142973238647,0.7779327381501964
robot3,2332,1722895375628873412,52.25069546165545,-50.60491116285105,109.8247235874503,0.005675700104238031,-0.022038479093913255,0.6800838192418398,0.73278106598969
robot3,2333,1722895376133998881,52.06375149928929,-50.83221381065157,109.921343443906,0.01677108199464674,-0.024823458355831246,0.7461663255847483,0.6650852135533766
robot3,2334,1722895376629409481,51.77086497756311,-50.8779701753873,110.24478113390873,0.020098103730731162,-0.02116473192426379,0.8319815238402182,0.5540350750065481
robot3,2335,1722895377133770162,51.53300258185696,-50.82913580339773,110.72366961432999,0.013512846257185643,-0.010011257351535418,0.8500123957246679,0.5264941640955593
robot3,2336,1722895377629087080,51.25903311536921,-50.82266857694776,111.19317989996358,0.003987483734211249,0.005427817842149541,0.8690094029854433,0.4947497309648842
robot3,2337,1722895378131820055,51.03634322624873,-50.77065148411788,111.80320613884939,-0.004741894076267748,0.02345447211356648,0.8697681436914876,0.4928800852113088
robot3,2338,1722895378628850919,50.77408590716453,-50.65579922581184,112.43277808896508,-0.0059920869984647716,0.028208709219747663,0.8644658745320037,0.5018636422248344
robot3,2339,1722895379128100464,50.552674006945196,-50.543122738096834,113.05876332656804,0.008134723507055637,0.025021125461910453,0.8736465185771305,0.4858492874669497
robot3,2340,1722895379632075520,50.27979231198681,-50.28878211926229,113.64084337771635,0.009695851324557001,0.0219735565470626,0.890077019025546,0.4551769474417207
robot3,2341,1722895380128101307,50.022999656941586,-50.08899444721791,114.24809403209944,0.013856344648067072,0.01715966363708642,0.8892844487651085,0.45682241280545016
robot3,2342,1722895380629212748,49.693669385106496,-49.876871881281424,114.7389233447629,0.01767017172753667,0.013614751512860434,0.9011553126629552,0.43292205537682377
robot3,2343,1722895381130738046,49.441195654725185,-49.64501156044707,115.22457852927059,0.02064142602360103,0.015997144908292637,0.9136071180414851,0.4057586188245754
robot3,2344,1722895381628812830,48.98343520502871,-49.28401945024578,115.6697554823131,0.01845365897517942,0.017180126603170205,0.9413349741568059,0.3365304921541766
robot3,2345,1722895382134471895,48.5300108018506,-48.862120514879265,116.06931969904446,0.019967169630085334,0.015626210709415268,0.9538010462010732,0.2993671624302949
robot3,2346,1722895382630373331,48.06523121302973,-48.50846671532846,116.52430919804745,0.01884121955382751,0.015968055949695973,0.9505774335295859,0.30950375199538005
robot3,2347,1722895383131810510,47.63766127730734,-48.17053708267297,116.88098455022653,0.01804227383970543,0.014642807374611967,0.9529435067299785,0.302256079389736
robot3,2348,1722895383627895109,47.12380142607213,-47.795722275880145,117.18376199332812,0.016394609275797983,0.012040586418958542,0.9505046991728633,0.3100436387279798
robot3,2349,1722895384131723782,46.69648186737496,-47.415552412731415,117.48952233369882,0.012335228843233147,0.013255450192461238,0.955061481080301,0.29585419132789426
robot3,2350,1722895384629137618,46.20108659334497,-46.92838524888109,117.87631277240324,0.008459893002132417,0.007982868390060857,0.9570587110328486,0.28966071127925136
robot3,2351,1722895385130193786,45.64834648481506,-46.46106362289345,118.24552785657613,0.008788621504882532,0.007214226727915011,0.9580150225103382,0.28649246361689573
robot3,2352,1722895385628731698,45.21471207333507,-46.03067199828152,118.51014469008626,0.009300445843708599,0.006964450396025134,0.9606648135464507,0.2774673208714007
robot3,2353,1722895386132082216,44.78629515487895,-45.65665562800791,118.71998977614642,0.012440898405184243,0.00521246436159321,0.9688074705794065,0.24744724531035556
robot3,2354,1722895386631144772,44.26388328422291,-45.21048147506409,119.0175270030261,0.01623221282040456,0.00585862487004652,0.9758082431186825,0.2179460126802401
robot3,2355,1722895387131610144,43.93057436890376,-44.528740674018394,119.44110941250037,0.02022403395163923,0.007736760981450514,0.9766661146324402,0.21366897647766275
robot3,2356,1722895387628682184,43.47613275969259,-43.903603835607825,119.64470847110574,0.011733104331807784,0.006119394145515794,0.9844880831962245,0.17495171140247412
robot3,2357,1722895388139102922,42.87126343488639,-43.35491074171013,119.92445539836525,0.019964976185389578,0.008583811777165048,0.9832714375853653,0.1808452319805533
robot3,2358,1722895388627903711,42.32350238974443,-42.83485646328649,120.11626712292444,0.015572519851271957,0.006244218309125238,0.9816568771747335,0.18991651286483707
robot3,2359,1722895389131441617,41.858400740395645,-42.33686368359926,120.23648374596996,0.020361234940395878,0.00868907365920077,0.9801663757878096,0.19693601977707673
robot3,2360,1722895389627986576,41.32417415056889,-41.87217353713089,120.41554905489274,0.016329852748417823,0.01000563727078783,0.97881287695875,0.20385920394172913
robot3,2361,1722895390130137353,40.82421254655464,-41.41062371772982,120.5690480898233,0.018663088806236416,0.008252866722453338,0.9791890012866642,0.2019219628131055
robot3,2362,1722895390627197349,40.3569643100467,-40.943264657160825,120.77584602423295,0.016684784532960798,0.009929143411975596,0.9847823896336249,0.17270401021308288
robot3,2363,1722895391131190393,39.948816130691434,-40.529446104761355,120.94152029566314,0.024644212555286083,0.009497986572587777,0.9846936547132462,0.17228133214619334
robot3,2364,1722895391628629145,39.531022015979055,-40.141794028080206,121.06854104418757,0.022558738437436963,0.009302286152165381,0.9844111263585547,0.1741818161977199
robot3,2365,1722895392131271391,39.112197998873356,-39.71669919205333,121.26828253742485,0.01881937468721737,0.008475339486427293,0.9840661464108571,0.17660073398787823
robot3,2366,1722895392629703391,38.663571444323416,-39.22721987751136,121.37148540518824,0.017509515226454234,0.007607167434463367,0.983632797457342,0.17917049881719424
robot3,2367,1722895393130581184,38.27293217987685,-38.78837959230843,121.50349589787218,0.022287985223266808,0.010187296402218828,0.9830439390040056,0.18172528358538861
robot3,2368,1722895393633006801,37.77893605727209,-38.35662762424768,121.66428586959093,0.01880960181818137,0.010825548100139524,0.9826261689117723,0.18432259372509446
robot3,2369,1722895394127023933,37.4414494687808,-37.91111414337635,121.7973051751754,0.02055143303760877,0.0108228381190427,0.9864480241033948,0.16242167502417207
robot3,2370,1722895394630332570,37.00364198733101,-37.54586453551537,121.88607872932077,0.023777644793227862,0.0112475589517287,0.9866283541488502,0.16084964039513927
robot3,2371,1722895395129557306,36.55927229132146,-37.209964299222996,122.03589316768516,0.025409152541476805,0.012991582499438504,0.98734858264401,0.15597554328210855
robot3,2372,1722895395632035222,36.166832121989955,-36.85475215452139,122.10657170767989,0.028129986139789443,0.011177683229884237,0.9873433292394226,0.155682091082439
robot3,2373,1722895396130308561,35.77286597751818,-36.51979594867679,122.14242097728462,0.021959388464754762,0.011396516897048724,0.987467544070705,0.15587095325248865
robot3,2374,1722895396629904012,35.411473696554665,-36.152726354478574,122.24846169920879,0.01933262103668294,0.010940724830514025,0.9874584307968868,0.15630866179513167
robot3,2375,1722895397131786459,35.08266295089143,-35.75042402698106,122.37857901695658,0.012433485826618745,0.012623762280414536,0.9869761520509545,0.15988784925308788
robot3,2376,1722895397631618641,34.82075799490692,-35.48098332584657,122.46538709297025,0.013908368900973585,0.016017751947825214,0.9858866275342074,0.16606488655426008
robot3,2377,1722895398132589424,34.511690095455734,-35.11007668877688,122.55078344359192,0.017254516947322083,0.013849593276230482,0.9850803837038724,0.17066665770685607
robot3,2378,1722895398629735241,34.082256993054806,-34.71855525577151,122.77914675934281,0.013615834209643842,0.013035571510990418,0.9847858729907476,0.1727468300490876
robot3,2379,1722895399128533430,33.669497675041676,-34.350089523383744,122.90384672725165,0.027521968939177,0.00814093653194586,0.9851899300866206,0.1690475318779109
robot3,2380,1722895399634643261,33.30815803567516,-33.98908878800694,122.95006641514455,0.023692897684177573,0.005976025949023081,0.9855269470279262,0.1677485332126595
robot3,2381,1722895400128467199,32.916259709823144,-33.569642820661535,123.065744826377,0.015075570646820483,0.007647623784609231,0.9852022864531808,0.17055994778243413
robot3,2382,1722895400633936062,32.57201308115683,-33.07903060819139,123.1618163696592,0.012826850856189434,0.008700920910926859,0.9850721135385443,0.17144298469497196
robot3,2383,1722895401128445201,32.18596038033956,-32.738995751667154,123.17192519895684,0.016621535262668394,0.005762139459557178,0.990271303937162,0.13803357168802588
robot3,2384,1722895401630751617,31.757329709316345,-32.31078991948351,123.21222909503176,0.018505966431739497,0.0026563681093005674,0.9944477556690485,0.10355739548524572
robot3,2385,1722895402128545041,31.307686910047728,-31.7750115585244,123.2762541265598,0.01506645526772758,0.006528139770556781,0.9990296108512216,0.04086834911344461
robot3,2386,1722895402630954401,30.971208488803235,-31.29342743194959,123.17756824773356,0.015532102996127383,0.0015309006261386559,0.9994127686806311,0.030504555691007237
robot3,2387,1722895403131953500,30.63934159749767,-30.85096062515152,123.1406024092534,0.015957160921772955,0.0008865665703895749,0.9983916751745473,0.05439343671063686
robot3,2388,1722895403633120295,30.18364212339791,-30.396466684772545,123.14925105035826,0.010727270866261967,0.0053086661785281064,0.9976878146432677,0.06690118261665698
robot3,2389,1722895404131206951,29.745762549871877,-29.907116283755517,123.17811647183328,0.009682511908797688,0.007116233825657571,0.9968300188679954,0.0786480874713848
robot3,2390,1722895404630026339,29.270422133121045,-29.3258868737625,123.2475742468304,0.009186855614208863,0.005663016532224311,0.9955599252462904,0.0935091822832392
robot3,2391,1722895405129995493,28.759303087054118,-28.73421275689138,123.32419857925444,0.008463172589771655,0.010344711742154417,0.9964126205606942,0.083565849699847
robot3,2392,1722895405630132070,28.264892123729247,-28.158498963208242,123.324173317148,0.0237931479982446,0.013127012720620527,0.9964363886744417,0.07985042874526826
robot3,2393,1722895406129494132,27.806854742987873,-27.614359728039265,123.36148170506601,0.01202175552374996,0.020034880408438628,0.9967444752630793,0.07716561406271308
robot3,2394,1722895406627235599,27.310521697308314,-27.014232569372382,123.34499649196874,0.009574191383939846,0.020812661273415085,0.9969200240418519,0.07500422424407308
robot3,2395,1722895407132209528,26.892218480982557,-26.513440748771146,123.31836244710414,0.013975277326026957,0.019157498308796192,0.9980619794647342,0.05753231291322823
robot3,2396,1722895407635086130,26.399245437199305,-26.000549285680204,123.23608376674852,0.02365913438009775,0.018218704436560654,0.9994906261261426,0.011261103631937178
robot3,2397,1722895408130894128,25.973975030772348,-25.492075919979793,123.15343968851982,0.014673309005466094,0.01711882950314381,0.999737901379632,0.003970922351499165
robot3,2398,1722895408628984624,25.548171634570878,-24.996931857217398,123.00721363983857,0.016414862139153337,0.016837035460402282,0.9992260953226955,-0.031532157617541946
robot3,2399,1722895409131968739,25.02110766119092,-24.417814587321548,122.84788310024553,0.011410218837523583,0.021411168922589405,0.9983615908158207,-0.051821836470278215
robot3,2400,1722895409631985676,24.579290862429577,-23.887776216719313,122.63433083201103,0.01620871961224793,0.025559703989383887,0.9972561900336451,-0.0675579039053528
robot3,2401,1722895410130610828,24.235725368718132,-23.39614221455766,122.38374979818458,0.017229838489525133,0.027406739350792013,0.9943329856849232,-0.10126162591371386
robot3,2402,1722895410633007443,23.87388611041813,-22.945136510243582,122.08401960952766,0.01704179564923976,0.02438683103420564,0.9843648221464776,-0.1736109345452999
robot3,2403,1722895411128699823,23.456549074166304,-22.448016762409615,121.6269092227463,0.014773931787746379,0.02443561070771587,0.9620092287985255,-0.27151956757356993
robot3,2404,1722895411638861530,23.27801516930313,-22.01942979939226,121.05022488727626,0.011549861010409088,0.02269203009694349,0.9365619971419025,-0.3495758830215416
robot3,2405,1722895412129191370,23.043488090569042,-21.630650158868008,120.57962367646081,0.012517956768944743,0.028063375085976026,0.9310034645298275,-0.36371458146542984
robot3,2406,1722895412630238989,22.694502532912157,-21.114451189688218,120.0451639929317,0.010925173005508418,0.03270560213660673,0.9274939660283524,-0.372244445445032
robot3,2407,1722895413130086650,22.481418094941066,-20.684551779664634,119.57843928813344,0.015102809945433369,0.028984249937875555,0.9263541652694488,-0.3752329661360174
robot3,2408,1722895413630204421,22.257398270365215,-20.253922255032915,119.1421224194781,0.019266437681079537,0.026653299800933374,0.9272166482664632,-0.3730786688706666
robot3,2409,1722895414132293738,21.998929947820695,-19.864819052665634,118.65982930090739,0.02011178698567394,0.021727722882332975,0.9306465657619076,-0.3647196069834452
robot3,2410,1722895414628030463,21.68801269470601,-19.473609132378268,118.15532260493326,0.025265704641909636,0.02511268410823578,0.9291510884385994,-0.36797996157290114
robot3,2411,1722895415128532152,21.541849540389606,-19.168380530915925,117.64982391065163,0.027328602606526097,0.0283569614642373,0.9082520005610705,-0.41656612163365325
robot3,2412,1722895415628511004,21.43704491772821,-18.927755473796736,117.13972733040575,0.03028794011795264,0.026413340000545345,0.8855607238711403,-0.46278200104395695
robot3,2413,1722895416133064422,21.35937273509905,-18.665703403794023,116.48152913353609,0.0293291704994476,0.025751163486427323,0.8517620957679602,-0.522472974946917
robot3,2414,1722895416631009304,21.282933610232696,-18.45209348253828,115.88740231553635,0.030868633449923768,0.027149748591346935,0.8429929086130338,-0.5363515401753762
robot3,2415,1722895417130679124,21.233229175197618,-18.301544509347494,115.36698270137188,0.03603621805347865,0.029057177423401543,0.8443408058834491,-0.5338030301044339
robot3,2416,1722895417629858314,21.157848842406832,-18.100277233918508,114.81704471352474,0.02460850866730841,0.021293770305323593,0.8440264112785009,-0.5353133789769223
robot3,2417,1722895418134641147,21.057580245508955,-17.840588065992197,114.17315972429742,0.027260189446715467,0.027693724977557236,0.8440367520571325,-0.5348755938020011
robot3,2418,1722895418632769171,20.9431108983623,-17.660542974013307,113.74511018653762,0.03184698959385923,0.025953642723752796,0.8606641315007999,-0.5075129854803225
robot3,2419,1722895419130552962,20.750861245004995,-17.422941459402534,113.2805825352105,0.03901507468058703,0.025347169929842216,0.9013545860431114,-0.43057549296641046
robot3,2420,1722895419630686952,20.47595062477164,-17.058656064469055,112.9416014873498,0.029053614375060696,0.02190958696578627,0.9396137912587792,-0.340296607046026
robot3,2421,1722895420133915270,20.21481470901102,-16.669989784718283,112.68113897850975,0.03361540744068842,0.022712599875863652,0.9690241127030682,-0.24361118855567138
robot3,2422,1722895420630021907,19.88389811981243,-16.241699990108938,112.39475935269851,0.03469388155883802,0.01839736994441132,0.981288724340563,-0.18849485627883958
robot3,2423,1722895421130259679,19.442423063550347,-15.695052865052181,112.16481957434934,0.03441947954449388,0.0062014318431065415,0.9921200666662622,-0.12031049409387799
robot3,2424,1722895421628200031,19.062799630709193,-15.195079312810352,111.97978113059689,0.015308769840404355,0.002219965233371049,0.9944100353402365,-0.10444804897634881
robot3,2425,1722895422136101243,18.67277981346862,-14.65155873657848,111.83377252374714,0.008244148537251205,0.009317516260792138,0.997204299362805,-0.07368041285146855
robot3,2426,1722895422630887748,18.437337266327976,-14.377994143883601,111.76133614795079,0.008010811977917793,0.012880603874181204,0.9981396080153978,-0.05905285637595252
robot3,2427,1722895423133244205,18.26289935265078,-14.148966726434248,111.68487988152347,0.007949876066919584,0.019503875350778913,0.9986503590458546,-0.04747482168905198
robot3,2428,1722895423628476623,18.080880594741345,-13.909223384666634,111.6310058649708,0.010299288160064146,0.021664144259217376,0.9988678858854634,-0.041079630762904516
robot3,2429,1722895424129194377,17.978016613160737,-13.75201615466465,111.60264108236265,0.014254600887758853,0.023063569934295237,0.9989854061270083,-0.035958815896424565
robot3,2430,1722895424632921930,17.87780508885913,-13.631145296259506,111.57906750038289,0.016991355210394448,0.023091891679770948,0.9993701411673447,-0.020913615897917327
robot3,2431,1722895425132715181,17.700781874400082,-13.465376029498852,111.61616311812821,0.016101214094690182,0.022467041938368168,0.9996174950136687,0.0009201053279021743
robot3,2432,1722895425631965155,17.50135079567771,-13.201802028223213,111.7128260760032,0.009846337057601016,0.026098717335559195,0.9983603102865745,0.04998597247710068
robot3,2433,1722895426129786758,17.15820115754693,-12.879971045472754,111.84638266925599,0.009167923538227967,0.025676126220577883,0.9935302501453265,0.11024666782477804
robot3,2434,1722895426628733595,16.759459928979382,-12.43899758126546,112.02975224204944,0.007234198926849277,0.024483727221356028,0.9905232285375565,0.13495164761785192
robot3,2435,1722895427136433138,16.467473748846448,-11.907812639773104,112.17209969635906,0.026757104527705595,0.025301892654552377,0.9896303544808063,0.13883671371645445
robot3,2436,1722895427631683997,16.211071215567912,-11.4601076609889,112.16848988317415,0.023079423834223598,0.03032366725415714,0.9912866730466776,0.12608944142864895
robot3,2437,1722895428128804515,15.919174080123332,-10.978503155046962,112.26611487415111,0.01989780404537423,0.032114272375935886,0.9911979356928339,0.12688342359111007
robot3,2438,1722895428630226658,15.490138234706416,-10.48788263733775,112.42139677270772,0.013846466239656336,0.03289989063814041,0.9904625355706909,0.13307831603815212
robot3,2439,1722895429136111804,15.144455391861188,-10.087012340028293,112.56622699344629,0.01750225355954248,0.03426625816879427,0.9899770358453923,0.13588584609965004
robot3,2440,1722895429629155994,14.75854671343723,-9.742857190052844,112.6441203085007,0.017793209204664012,0.03476465902245425,0.9909378395009778,0.12851855288006422
robot3,2441,1722895430129846382,14.281622223779227,-9.281112159241525,112.7696390381139,0.01835835470938495,0.03725592944579298,0.9917063920218855,0.12162811581385627
robot3,2442,1722895430630605701,13.79938093536852,-8.84581820117381,112.87034737586553,0.023910713466056784,0.03708638425350879,0.9912863408103223,0.12411393317201284
robot3,2443,1722895431131023699,13.330046942023897,-8.31735562870679,113.01001519970967,0.01578501108618303,0.038238109858551916,0.9901630025664837,0.13366341581741817
robot3,2444,1722895431629805175,12.831010315381807,-7.82654187717791,113.16656058636768,0.01746089924013856,0.03223967414333713,0.988390446321889,0.14744506105147817
robot3,2445,1722895432133490393,12.314788539684695,-7.42073930421431,113.28727798605037,0.020424881577602094,0.03155681952456849,0.9863376133397879,0.16039047311235755
robot3,2446,1722895432632498273,11.810941996064468,-6.977234893408712,113.40953208985646,0.02050540063861356,0.03238829170641068,0.9841174233078773,0.17333039043068732
robot3,2447,1722895433139169209,11.44639607489753,-6.558195920147194,113.46129000704703,0.021300714438328854,0.030316090685477682,0.9846391593141962,0.17062514514279442
robot3,2448,1722895433638046318,11.12955571821373,-6.12891771972169,113.47961276753333,0.016709712622233086,0.029980070844014342,0.9862567296524899,0.16161572965353802
robot3,2449,1722895434134118778,10.7326649639292,-5.701716726424292,113.61254542653569,0.013711451605144543,0.03170628187668926,0.9869838788125695,0.15706537094003514
robot3,2450,1722895434633773966,10.299853717725533,-5.1182576066819285,113.84293695717611,0.01574333156143619,0.03504330682412983,0.9880943870984479,0.1489751534408312
robot3,2451,1722895435132347558,9.886244051246077,-4.557516841933211,114.0043355966323,0.002940923496287978,0.03634742681961656,0.9875003038563381,0.15334068415205898
robot3,2452,1722895435630127215,9.415050978699655,-3.949909351999124,114.07824560756923,-0.003958777345078711,0.03232993782368376,0.9898334415160848,0.13845165675669038
robot3,2453,1722895436131830052,8.948129540621284,-3.3881940709393317,114.13577281670891,0.0026898578153328667,0.020598658977099886,0.9891972750136131,0.145111029969885
robot3,2454,1722895436629004184,8.559126297575197,-2.9359451768223037,114.20596264435,0.011924003787619387,0.015841646943406725,0.9887738505876632,0.14809838874828715
robot3,2455,1722895437129224755,8.248411186548449,-2.596572487997153,114.28795026639837,0.012395987583913798,0.016451740296107444,0.9882518533773227,0.15143960522048228
robot3,2456,1722895437630237422,7.972674687522446,-2.3201652435692814,114.26356093372286,0.018889246002514817,0.019005824440872815,0.9864286711342956,0.16198904835514996
robot3,2457,1722895438128743995,7.644345422201912,-1.981966530766929,114.38038666132917,0.021326645323028658,0.020928921056407625,0.9873843859066561,0.1554967167833976
robot3,2458,1722895438629952592,7.372521440441742,-1.7025130445155126,114.5115011776973,0.018590260510562766,0.021917225914505442,0.9870950452462289,0.15753542164448966
robot3,2459,1722895439131321441,7.147716271705807,-1.348462141632411,114.60120972912848,0.02025270455415861,0.020872449611720627,0.9868244914028541,0.1591590147398075
robot3,2460,1722895439630539701,6.9119374122635975,-0.9766643051924933,114.55370919251305,0.02484649755383144,0.02071213677637139,0.9982405008837686,0.0496946812524969
robot3,2461,1722895440130723547,6.684399237138075,-0.6629440183484684,114.32374766137886,0.03767847203126582,0.023844171081071123,0.9937399369700559,-0.1024340076419696
robot3,2462,1722895440633947714,6.445870746653897,-0.2526137193363464,113.85567766884755,0.04097605336713194,-0.0006457653293520457,0.96696031518864,-0.2516113965778964
robot3,2463,1722895441132182175,6.026957962736034,0.3757819405455156,113.37116220127817,0.042288681159541444,0.014857916077076521,0.9661584175761034,-0.2540252387509418
robot3,2464,1722895441630829137,5.745597286406255,0.938063528621729,112.66921908232187,0.030606399123845003,0.042587082008958686,0.9276639970795971,-0.36971488650166556
robot3,2465,1722895442130629977,5.7850149538968685,1.0387279492567394,112.12168768585968,0.0349561601640368,0.03419162216020246,0.8274796084978734,-0.5593625813020088
robot3,2466,1722895442633260113,5.834697158210825,1.1019479837503645,111.59188871520912,0.03554753851479775,0.027969107327186892,0.7656073840111559,-0.6417160081285597
robot3,2467,1722895443128674205,5.80531779586762,1.28711483933334,110.87296687763808,0.03785638812083035,0.02072566226081826,0.76504140778693,-0.6425332560838295
robot3,2468,1722895443631229915,5.5438936515012,1.625569895142659,110.36005669986984,0.03928668986717042,0.021695419327940897,0.8718646579634859,-0.48768625464911286
robot3,2469,1722895444131155026,5.276378773385838,1.8654218988886264,110.105853150137,0.040886810352762225,0.028590088486613804,0.9186509427215124,-0.39190728625069154
robot3,2470,1722895444635497433,5.02671505522159,2.2845111207283932,109.63438885574267,0.03775803714927262,0.03476535079065001,0.9333981672919704,-0.3551528717482488
robot3,2471,1722895445132891768,4.548626260741845,3.0126823210412854,109.25506021526267,0.032390078828782976,0.02850668439143777,0.9769563516195182,-0.20903238688957332
robot3,2472,1722895445628415228,3.9380890523079346,3.8750053051650837,108.77000450843076,0.02466542321524436,0.03252671541983686,0.982926827452332,-0.17941148668940815
robot3,2473,1722895446130386200,3.2996021882991746,4.80623779325053,108.21198904982502,0.021799112634553856,0.036783896223011286,0.9838977290255237,-0.17354250915962288
robot3,2474,1722895446633460052,2.564199708866955,5.752828133613296,107.67298835137473,0.02246924420045747,0.03918331033400065,0.9783286175807417,-0.20207156474596902
robot3,2475,1722895447131100341,1.958540133535501,6.621138827050471,107.15187060129253,0.022270339289476665,0.04072373604552722,0.978767414074179,-0.19964958917305714
robot3,2476,1722895447632978751,1.3527811528941651,7.623387011475306,106.636277383653,0.0015042333994713664,0.012845064680276071,0.9803319467213927,-0.19693150035655546
robot3,2477,1722895448130016926,0.7695931771423176,8.52266187284593,106.2827213941765,0.010877214502063207,0.03388556837342521,0.9827294819468717,-0.18159355652973858
robot3,2478,1722895448632333335,0.22079173461087823,9.358687288201386,105.95471989200432,0.00905259986323315,0.03949297084025466,0.9820803403991661,-0.1840558629638979
robot3,2479,1722895449131602152,-0.23272375928095268,10.0341224152867,105.50829945148534,0.010868342084390123,0.03741196443298618,0.9743520254103655,-0.22163112289640233
robot3,2480,1722895449635279438,-0.6251957230025093,10.630367072067177,105.08838507345747,0.014707675044416394,0.03257238475539755,0.9658236568838326,-0.2567243421447898
robot3,2481,1722895450128927216,-0.9935664651732143,11.178923013639709,104.54642614312652,0.01425395127702987,0.02913398007359772,0.9539904578981315,-0.2980775776830199
robot3,2482,1722895450631955439,-1.2092709787487153,11.639348211274815,103.98982642689873,0.016143802603335037,0.0354667832647372,0.9261735348231093,-0.3750787494855228
robot3,2483,1722895451130929051,-1.4127102769184905,12.149644417367758,103.28929592594929,0.016693849022677263,0.02936586679970449,0.8903196416021552,-0.4540813771223391
robot3,2484,1722895451629586007,-1.5322253747859274,12.565101264253792,102.4843206507537,0.02251357514659766,0.025398347023679255,0.8599905768202984,-0.5091799983138316
robot3,2485,1722895452130419921,-1.674706912544983,12.859133234388429,101.64652608708724,0.026265679579188794,0.031197475797184702,0.8389585780948949,-0.5426650309547498
robot3,2486,1722895452629925635,-1.7040343325570995,13.116077754113794,100.78089768456171,0.034621648245833296,0.025012205485085707,0.8288041723085365,-0.5579062421352492
robot3,2487,1722895453132620857,-1.8459921569676487,13.464727550496956,99.83794155280196,0.029645170532438595,0.027126883475138336,0.8333737798153055,-0.5512471670434048
robot3,2488,1722895453634291291,-2.0234139668235698,13.770814925739401,99.02394841877363,0.023038075734010715,0.031239106976100387,0.8377660589885779,-0.5446479557186975
robot3,2489,1722895454128658251,-2.1224367326617046,14.0169981474629,98.36466835608341,0.023216904679972176,0.03599789819120388,0.841129433933355,-0.5391348644206293
robot3,2490,1722895454629633353,-2.177852034296962,14.31311046526724,97.64966659207484,0.026908016496427992,0.03227186805875478,0.8450643009781691,-0.5330110809284407
robot3,2491,1722895455132225056,-2.342047837302573,14.683493430344686,96.96604909450785,0.02772403843741448,0.024083774306976925,0.8796054598994197,-0.47428428650228516
robot3,2492,1722895455631731234,-2.5396468427093795,15.098068885416879,96.18351802723808,0.027892391408376294,0.01937259644664228,0.8854189622591669,-0.46355148395872636
robot3,2493,1722895456131816398,-2.8066307043054453,15.564881019975765,95.41251303017442,0.031926923392986584,0.023717296236619327,0.8908358790898272,-0.4525810401995842
robot3,2494,1722895456633838015,-2.95247027580247,15.943111179974942,94.62341783012083,0.03483604748919449,0.019069328794421875,0.881116984851369,-0.4712278318404942
robot3,2495,1722895457128390266,-3.0652790780908026,16.229661385424663,93.8902799774202,0.03622445217825358,0.018345869925176735,0.883828714620774,-0.4660450850860509
robot3,2496,1722895457631793108,-3.19727081629409,16.599598013289622,93.11645630634153,0.03891719387823985,0.01561167157420017,0.8852363307032944,-0.46324762982045603
robot3,2497,1722895458131398754,-3.281210429071224,16.843191612379066,92.28700188045752,0.03680294527169959,0.0110209445351921,0.8484866670436564,-0.5278204788088731
robot3,2498,1722895458631283015,-3.305530366998267,17.048560181506655,91.50091960580774,0.0390832037327532,0.013158633113268115,0.8450362917851503,-0.5331163279497045
robot3,2499,1722895459132137007,-3.403004280389401,17.34308358930708,90.6590441881842,0.03780710302304661,0.012564859998023396,0.8464470589988712,-0.5309803419773618
robot3,2500,1722895459632680069,-3.5032256888786195,17.653570072262912,89.75137129069894,0.039739707182917194,0.01324612790636995,0.8473298997161572,-0.529412256011807
robot3,2501,1722895460132611030,-3.5346880646402803,17.86719721810038,88.80144172800397,0.03952077738716442,0.01139882515996188,0.8264277317916805,-0.5615384039096036
robot3,2502,1722895460631989022,-3.5120523360631077,18.04030165981926,87.93156803641847,0.040190305313733014,0.00871564097543278,0.821946177661766,-0.5680785667391341
robot3,2503,1722895461131629622,-3.510592921351248,18.243165443362702,87.06817916294366,0.03826591486203265,0.007973105433212816,0.8237271337003301,-0.5656374798007651
robot3,2504,1722895461632780451,-3.5192739688365275,18.44124702381425,86.21317169766364,0.03747040470372107,0.008454552681525866,0.8308194856345865,-0.5552147977136196
robot3,2505,1722895462133574660,-3.53697323269633,18.654864312437027,85.47074791685553,0.040334061077049885,0.009655688186455683,0.8403764076000572,-0.5404141233830785
robot3,2506,1722895462630687438,-3.551702551368868,18.86848363383007,84.7029986019288,0.03907713485558475,0.01006079953468527,0.8481426279522566,-0.5282289659744547
robot3,2507,1722895463130402662,-3.5601846295197146,19.10305680332621,83.90633962620662,0.04218011029217519,0.009128675441403807,0.8474096822800204,-0.5291827056494763
robot3,2508,1722895463632197201,-3.5636848023418684,19.27686392584416,83.19097307038153,0.04271045294324599,0.008864610192410253,0.8356192091128006,-0.5475744454019171
robot3,2509,1722895464132659362,-3.6164592244769533,19.522192728785214,82.32936825730798,0.038912637632547195,0.011933277399775831,0.8382306374902002,-0.5437948159883014
robot3,2510,1722895464630109405,-3.656014381266149,19.774631303428244,81.40483070644892,0.04156092513431413,0.01574839738410411,0.8449631855003887,-0.5329745703416325
robot3,2511,1722895465133335788,-3.6219804521675165,19.920077033758716,80.46777341001753,0.04143163879417602,0.013335170293086333,0.8387820500760509,-0.542724852029369
robot3,2512,1722895465632426287,-3.610451267356388,20.09175613181431,79.6374647450339,0.03571340382356191,0.011713772027666419,0.8403447695059,-0.5407476386414413
robot3,2513,1722895466131723355,-3.59910620630928,20.257718227196932,78.8648841334289,0.03927336190070167,0.010666739702017708,0.844114080152938,-0.5346169127484702
robot3,2514,1722895466631773146,-3.640139192454007,20.481242221316105,78.08354007773661,0.04024002156070666,0.010735477886363564,0.842488761035726,-0.5371016456014939
robot3,2515,1722895467132715841,-3.697084094115889,20.689559629268462,77.36092400924308,0.038731671912739164,0.009095379667832066,0.8438275307222286,-0.5351375804919408
robot3,2516,1722895467629487458,-3.7433488203138277,20.96734869528983,76.46912286856593,0.04269610881846816,0.011574686644165555,0.8465807861544659,-0.5304187415947305
robot3,2517,1722895468131809215,-3.8049336254610266,21.206616110821297,75.51855586278482,0.041062468835281765,0.009118166094229036,0.8471951982116509,-0.5296140376041323
robot3,2518,1722895468630786348,-3.8069675796877407,21.41280529076241,74.58958732779463,0.044038405757211074,0.008228845009364357,0.8433156680859961,-0.5355479333251554
robot3,2519,1722895469132533532,-3.8007100928591506,21.59740659161546,73.74271875255336,0.04192011826906665,0.009022888141092979,0.8337323352411194,-0.5505013027662061
robot3,2520,1722895469631917537,-3.7103912284621168,21.68568137133931,72.87075440259729,0.03930821245624376,0.003713659066474856,0.7857989465155036,-0.6172204539910819
robot3,2521,1722895470132472298,-3.6215035090564873,21.789307956718552,72.19658449127748,0.04139382492728585,0.0035774321788122967,0.7965330278119047,-0.603165722535436
robot3,2522,1722895470632085346,-3.588470245869938,21.945034183585943,71.6129039627747,0.039436933565531115,0.0061771228735911276,0.7955982352409361,-0.6045080805956696
robot3,2523,1722895471135684515,-3.6716323446750625,22.126971612143727,70.87046831666179,0.03752109007034241,0.006642343392300784,0.8120426198684906,-0.5823528402878362
robot3,2524,1722895471634711650,-3.689435806978537,22.246593353171225,70.20606681278421,0.04075708170531313,0.0030709513467251366,0.8192020452088505,-0.572046710220703
robot3,2525,1722895472132451247,-3.686813089448885,22.41690720247245,69.5941372911711,0.05102512427849262,0.011098202284624973,0.8325673926742694,-0.5514569822334131
robot3,2526,1722895472629636465,-3.698889435873013,22.619021457752062,68.9846112864746,0.05235933302473049,0.022441415973657116,0.8408945760508486,-0.5381925260188645
robot3,2527,1722895473130089630,-3.703430187843084,22.755531007045803,68.52648003704091,0.039747725989937345,0.016705505736699607,0.846360038776521,-0.5308631924695058
robot3,2528,1722895473631211079,-3.7157141268174168,22.831844731750646,68.17346766572103,0.04142234670821733,0.015730413188917835,0.8497482705914368,-0.525323347968613
robot3,2529,1722895474134310233,-3.7841288781773024,23.061096427971762,67.57063877560383,0.0380634808657252,0.012294439382369092,0.8529640258271556,-0.5204348074729334
robot3,2530,1722895474634096486,-3.8633342167673574,23.258973256018887,67.10450611633827,0.039631458747787014,0.014747755095482663,0.8604423689614561,-0.5077900953082518
robot3,2531,1722895475132326298,-4.017928711418541,23.51679539351112,66.72122301607176,0.04025416986194276,0.016372177852858792,0.9055987537283764,-0.4219033667164692
robot3,2532,1722895475633105490,-4.2648826028279085,23.90353787776456,66.28752606560471,0.04507190677954066,0.017683745070260205,0.9320251262060314,-0.35914477930241107
robot3,2533,1722895476130901154,-4.481560707161181,24.277421273743897,65.79819157903451,0.03909070961606091,0.020940899587539027,0.9474775237676042,-0.3167329113012829
robot3,2534,1722895476631604178,-4.727971448692792,24.703038913186315,65.35532163583173,0.038420291896475424,0.02241746360491126,0.9659745123772167,-0.2547833980731684
robot3,2535,1722895477131649011,-5.063978728456435,25.192184110324202,65.13059223862629,0.03923645118427694,0.03152026051186007,0.9875758099414786,-0.14886569011750372
robot3,2536,1722895477632728570,-5.417340360552055,25.72147361599027,64.9980544963881,0.025461196779457365,0.03573305741540378,0.9976514829743242,-0.05259652636284108
robot3,2537,1722895478134245332,-5.7300699281414404,26.11348510477152,64.9535115513968,0.026046567036637498,0.03858483020391967,0.9986566671265665,-0.02275188843587909
robot3,2538,1722895478634001183,-6.064632631542705,26.57951852553137,64.81362135728152,0.02413805608946094,0.03576970812262757,0.9990328680125045,-0.008438652721493418
robot3,2539,1722895479134591789,-6.431060696624027,27.103153636543688,64.85352132880004,0.020505634460989734,0.03569142460980915,0.9956606324599561,0.0834598474364455
robot3,2540,1722895479630408898,-6.668443493743978,27.480872995839736,64.94391567426186,0.019999125924388815,0.03829007397401993,0.9939497632483406,0.10098402515196277
robot3,2541,1722895480132823928,-6.920694109805108,27.90453644438113,64.99845274229246,0.019516557754257247,0.03741333237841356,0.9928199589719731,0.11192799292695575
robot3,2542,1722895480630545659,-7.219898668435455,28.378557487002247,65.0791603712712,0.01359199804067647,0.039039224698326574,0.9911052428814839,0.12649740731355186
robot3,2543,1722895481130858604,-7.598929694471409,28.890263133761447,65.15407492762182,0.01627848969786594,0.03728922865775982,0.9890812287434805,0.14164338017200997
robot3,2544,1722895481634904756,-8.002933768167594,29.432464261189384,65.30176078360448,0.015569904131044605,0.03927058935951402,0.9865291343944287,0.1580369130541522
robot3,2545,1722895482131984230,-8.377629720967198,29.957386850418413,65.48051277401937,0.016343043902503174,0.03858611025201814,0.9822482161067205,0.18284545104208944
robot3,2546,1722895482630966712,-8.807917515218312,30.53148327730744,65.67891816156931,0.016463937179212004,0.037250428123298894,0.974459859703748,0.22083778255394068
robot3,2547,1722895483133517506,-9.337065442490752,31.257321143679896,65.96538173693646,0.020512775246163958,0.037112342627379155,0.9717458839719118,0.2321892268389213
robot3,2548,1722895483632180892,-9.810782081804343,31.91458363305571,66.09936022459043,0.0156194783579291,0.037154250332411945,0.9829870310632955,0.1791984663422939
robot3,2549,1722895484131012748,-10.30411051503897,32.59814235635042,66.21760693398829,0.01660237010146396,0.03318149880971359,0.9818384475286747,0.18605540142182683
robot3,2550,1722895484631932798,-10.81242138314532,33.30738578803271,66.35957662966561,0.0126174093035773,0.03450138256668068,0.9805338589920931,0.1928828840346593
robot3,2551,1722895485130683702,-11.266677147580157,33.977127761730976,66.4963515866079,0.014650228285155147,0.03467725948982318,0.9797814758181267,0.1964971199003231
robot3,2552,1722895485634127070,-11.747095898816651,34.61242606712734,66.75220097012077,0.014261721093676034,0.03442709174184682,0.9713846279974587,0.23457042259390523
robot3,2553,1722895486134147853,-12.258581237674862,35.3121031181362,67.04739492752783,0.013191935715748008,0.03938270202296972,0.9737255535784765,0.22390516278489653
robot3,2554,1722895486632993750,-12.723892534664397,35.96934957592945,67.2114073450569,0.016897131429678067,0.038381609207401336,0.9767220819255366,0.21036946951291174
robot3,2555,1722895487132819043,-13.340505954706556,36.726757770779905,67.47613787909422,0.01560458270188488,0.03990211057253915,0.9742045928511699,0.22156202255405458
robot3,2556,1722895487632151070,-13.85962136015512,37.44936409091247,67.6621184111963,0.014266926359622463,0.04261365451473531,0.9768351061481418,0.20922166870975994
robot3,2557,1722895488130500577,-14.31747216632714,38.14465318981304,67.72163829037643,0.014804390268166177,0.04199619617987259,0.9821871582595334,0.18255282984733992
robot3,2558,1722895488630677311,-14.773014096782036,38.82475083251169,67.80484363934276,0.01707151998449205,0.04130064387027448,0.9844349842570221,0.16997229713161058
robot3,2559,1722895489132959111,-15.281034816815989,39.56127766736825,67.98010764130463,0.020634903972778514,0.041477966267403875,0.9843445781588059,0.17005743295050868
robot3,2560,1722895489632607061,-15.807832720932856,40.279942394401104,68.19140629316155,0.017997224202466907,0.042856771906037074,0.9835895803866629,0.1743299583479231
robot3,2561,1722895490131716344,-16.2725485288506,40.97977853910602,68.38200742892357,0.014138652158332357,0.04535342550956419,0.97961257931244,0.19519825758065204
robot3,2562,1722895490631255004,-16.529538827114294,41.39483037118888,68.55130084691774,0.01163959524264585,0.04580541359313459,0.9480035192313692,0.3147311732782255
robot3,2563,1722895491132609495,-16.78214536996922,41.76400917222652,68.71606537344319,0.009194822228496647,0.048641151150403496,0.9373042699364568,0.34497854892418395
robot3,2564,1722895491637723826,-17.184462027403303,42.241657041221046,69.20820359072835,0.012141620620625888,0.04724636301504942,0.9176034783103076,0.3944923558491088
robot3,2565,1722895492140435410,-17.643147601625223,42.83252442290272,69.71116141574613,0.012530966824511785,0.04751234705782621,0.922946204570593,0.38177985176831514
robot3,2566,1722895492633543389,-18.089902676913,43.46002986396816,69.81185490713743,0.0167094017450051,0.048452361678972815,0.9666465676079904,0.25093341322499263
robot3,2567,1722895493132209142,-18.41529303668753,44.020720069120486,69.86212185810955,0.01971007123129663,0.047688826278405066,0.9700137221799237,0.23750930028715764
robot3,2568,1722895493635655673,-18.910052821022557,44.62897957941342,70.14178577941357,0.020055956710866657,0.04703004630508953,0.9642508780390636,0.2600118796244662
robot3,2569,1722895494135581851,-19.395367516259896,45.274763827594725,70.36687187219405,0.021462074891810092,0.046880248170834714,0.9725459703948608,0.22692720670183603
robot3,2570,1722895494632782157,-19.871201571970843,45.894243902910375,70.52704321371596,0.028976299203528157,0.04266363469685012,0.9734455962867397,0.22303331461661816
robot3,2571,1722895495137989769,-20.23432981177927,46.39357600748214,70.67378657302065,0.016951560357797515,0.040208302195157135,0.9717788014385955,0.23182298874483032
robot3,2572,1722895495632445640,-20.609227260119866,46.97395579493125,70.77765557748815,0.01923618425483763,0.040108938668156256,0.9700227582350619,0.23890812200565847
robot3,2573,1722895496134706774,-21.05967866240063,47.64405844849708,70.93656635049432,0.027477896687894524,0.03962056104151038,0.9761624972745873,0.2116174738791836
robot3,2574,1722895496633830866,-21.595103844756643,48.405524848814494,71.15559338816338,0.022265315901634823,0.04037651453464395,0.9783665493876673,0.20167520378346773
robot3,2575,1722895497133085533,-22.04263602845397,49.08428391581198,71.2405731560736,0.018686699960540266,0.04082239244193704,0.9787068559007627,0.20029285991453846
robot3,2576,1722895497634933129,-22.384946820160536,49.63148013011777,71.32554770361364,0.02431380762174906,0.04246596340660234,0.9772467009498791,0.20638402601330183
robot3,2577,1722895498134255819,-22.864630425507254,50.35924087815126,71.44459575623934,0.015027535229349355,0.03582278144218084,0.9741129067494202,0.22269922859963368
robot3,2578,1722895498634943833,-23.31832704313766,50.9792559761656,71.6075020549811,0.017687205313809858,0.04205901431272277,0.9713555883046505,0.2332091832509082
robot3,2579,1722895499138218079,-23.68913706184156,51.54294221223218,71.74131363973063,0.017614770634330756,0.04139593106796834,0.9721412999431742,0.23003780057049578
robot3,2580,1722895499640631754,-24.109569928639132,52.17297244626882,71.91690856606021,0.02088659928981274,0.0425482045852774,0.9726693730810911,0.22730528134364444
robot3,2581,1722895500132308040,-24.477476981938786,52.80857452558593,72.0118246833578,0.025210169440734103,0.05314821456907518,0.9693804883066492,0.23841389123801315
robot3,2582,1722895500630876305,-24.811459536690133,53.35458615682768,72.12802465264271,0.012423138662677986,0.05237560080382555,0.9661651174748065,0.2522447776289919
robot3,2583,1722895501136683029,-25.17499461011511,53.977596930523816,72.2126610697159,0.02693934258600341,0.04635242743718875,0.9638735330744054,0.26090905796920355
robot3,2584,1722895501632702377,-25.50043721571066,54.45914466352749,72.35414265123286,0.003137676422929288,0.05418992527240176,0.9654744504495998,0.2547796940783935
robot3,2585,1722895502135285501,-25.754345644717898,54.8729906115116,72.34847448125514,0.01564588590774851,0.05539252618152885,0.9651490336113491,0.25529241511738915
robot3,2586,1722895502632583548,-26.060697004045867,55.350808438964435,72.50191792500262,0.019989296481262086,0.05567030154404213,0.9672647573052028,0.24677952675918371
robot3,2587,1722895503135607844,-26.44036262831776,55.92585954195759,72.62651849121491,0.02219691450485077,0.05612600306544381,0.9694510229000197,0.23774331318560285
robot3,2588,1722895503630070571,-26.851953363420492,56.60821402078737,72.72474350706379,0.021779204586710326,0.056131608463046316,0.9698755548359398,0.23604304037738447
robot3,2589,1722895504136647449,-27.168928887384432,57.22854263442331,72.72269883281751,0.020652547791563274,0.05578459534918178,0.9688629017154724,0.24034606065196928
robot3,2590,1722895504630659565,-27.419724366621736,57.69721499745826,72.63643268831525,0.022320282247578586,0.053891468694676675,0.9706167398975208,0.23345376165962187
robot3,2591,1722895505139290272,-27.802918955187938,58.21010353483669,72.7103863286505,0.020107772032743863,0.05302060771448013,0.972267154469767,0.22689440936419905
robot3,2592,1722895505632585093,-28.120428869274654,58.65026651218901,72.83973182868158,0.019534105336667825,0.052780806754289936,0.9690946387121628,0.24018365137203823
robot3,2593,1722895506133537514,-28.453230302851658,59.07323546079983,72.95679479427211,0.026289224954134906,0.051280350023377094,0.9625754643652178,0.26481630945785073
robot3,2594,1722895506634233771,-28.764450193142938,59.60226105689316,73.10863550619474,0.02273653452927469,0.05266658949161771,0.9601698232702902,0.2734651546907217
robot3,2595,1722895507137832650,-29.117915368851417,60.139230614053744,73.26271047771125,0.021882683746926913,0.05140436426937355,0.959055680507541,0.2776525547736074
robot3,2596,1722895507636238716,-29.429677387833117,60.59052433315644,73.35582818853251,0.02431204345318343,0.051814183447776774,0.9557414988500785,0.2885869059964017
robot3,2597,1722895508133029232,-29.774179214643123,61.04459827341251,73.44597902856576,0.020692016948625703,0.050070557319438776,0.9548732353255136,0.29203062199588764
robot3,2598,1722895508633001672,-30.166866024211554,61.505963839559186,73.54270640780602,0.02051858416934021,0.051139913590056575,0.9630346742305971,0.26368146156158784
robot3,2599,1722895509135584527,-30.537170207374743,62.033982405293514,73.5747357493278,0.022766068132628322,0.050121021569210195,0.9729966298422884,0.22415875547073363
robot3,2600,1722895509642595545,-30.90767929725914,62.58159659335052,73.625847664272,0.026136236450219744,0.046244645335051925,0.9802658925709885,0.19041299793884006
robot3,2601,1722895510135940001,-31.284833565192276,63.19886818634907,73.77805713934929,0.024871300939681505,0.04944949127494495,0.9802414114598312,0.18990245248931
robot3,2602,1722895510631200837,-31.6394599333537,63.84606814432986,73.95254666977394,0.022132224709340145,0.04919333756583702,0.9700331920352014,0.23690881477595307
robot3,2603,1722895511129052627,-31.99469604334597,64.45463225486988,74.05173386189239,0.020839760976435723,0.049033302003518915,0.9651327727146419,0.2562814286857793
robot3,2604,1722895511636655983,-32.433483188258435,65.1104830371379,74.19994205739694,0.014734021999796806,0.04972627253506943,0.961122093757339,0.27120937909111187
robot3,2605,1722895512135588214,-32.83588257519077,65.56129532054473,74.28343350605559,0.020334067576202177,0.04814115510923855,0.9574772237098854,0.28373635818725235
robot3,2606,1722895512632909608,-33.120178660095846,65.98662780229436,74.2414571995986,0.021568873604804327,0.0469558775131123,0.958326864823264,0.2809618291092352
robot3,2607,1722895513132768193,-33.377437146465134,66.43390257123247,74.36799267701635,0.01732371445491584,0.04851676423257061,0.963520383548579,0.2626299354458374
robot3,2608,1722895513631604074,-33.66064289490431,67.00586591451297,74.54696220723265,0.01893753649270102,0.050224335321116996,0.9670306781667054,0.24893885461611104
robot3,2609,1722895514133631092,-34.00412996711748,67.63422558004693,74.68592519288232,0.018349735306639522,0.049051684460976644,0.9687435765665288,0.2424728898800999
robot3,2610,1722895514635908852,-34.35300931220142,68.26561397332209,74.86332643567874,0.01809932955970043,0.0509771674004341,0.9652566826631548,0.25564287443118616
robot3,2611,1722895515135135935,-34.640630331732986,68.79989383598033,74.97844517355827,0.019591209939428048,0.05371374797749942,0.9530802614362694,0.2972692937924991
robot3,2612,1722895515631683544,-34.96922389525012,69.36968330043346,75.08019632828595,0.01943204813914231,0.05382563214048899,0.9551698219559025,0.29047514188743284
robot3,2613,1722895516133904369,-35.38227390247477,69.94098465360251,75.28867644218498,0.021138054990281267,0.05355186956551522,0.9526118624267527,0.29869050781887874
robot3,2614,1722895516632020645,-35.79329631426789,70.4964615715505,75.37344565101677,0.019302430299824678,0.05495005760149863,0.9591175706626218,0.27695016338746414
robot3,2615,1722895517134082118,-36.207074347926394,71.10124284224719,75.47057108673961,0.021127552738904255,0.05447144302680419,0.9594161231564349,0.27587531791974246
robot3,2616,1722895517630910125,-36.58721572962893,71.81150773013918,75.57567275179758,0.021191985636780878,0.05425475173227231,0.9606846934288886,0.27146314937884736
robot3,2617,1722895518136910452,-36.878860148035265,72.38237491730158,75.52771435785158,0.018279152485835757,0.05319441583160635,0.9622111771166171,0.26643174987337354
robot3,2618,1722895518636257866,-37.19536609640255,72.90069058187184,75.5209016956569,0.01926458365078101,0.050649046091843744,0.9646554008055769,0.2578827401036757
robot3,2619,1722895519138371630,-37.546821125958296,73.48427951300903,75.5866640832427,0.022198244492662913,0.052851030734525774,0.9688941168006956,0.240745087012679
robot3,2620,1722895519633453567,-37.76372253235438,74.13310958195378,75.69064343301628,0.021741706820599338,0.05258147351065849,0.9641953515093511,0.2590170090085472
robot3,2621,1722895520133339933,-38.03775415411716,74.76643789109475,75.88713304945581,0.024840315383257653,0.053075518381728685,0.9602162441215871,0.2730397637803027
robot3,2622,1722895520633887509,-38.35898146271037,75.47148686619292,76.09263761023871,0.01876881820443597,0.05399841952323037,0.9565243198568177,0.2859949784081082
robot3,2623,1722895521133812113,-38.67001324457597,76.11723660116047,76.24840236736557,0.01772170352409525,0.05389915013512053,0.9532134956962692,0.29692567161061434
robot3,2624,1722895521633248158,-39.04322284939633,76.63278947003697,76.3128711141707,0.016706596202398945,0.054680235148231005,0.958049274010658,0.2808425717285669
robot3,2625,1722895522133675923,-39.47157419047726,77.1260534429971,76.43008943054922,0.020642493126184457,0.05567671100960189,0.960220941380811,0.2728547875014064
robot3,2626,1722895522630251588,-39.89864787366216,77.69232883342174,76.55948676461485,0.0196581441045354,0.05555468670014463,0.960590692923545,0.271648218887365
robot3,2627,1722895523133107018,-40.26324389946638,78.28120968585424,76.6771613175028,0.02133218895178271,0.05599862837784075,0.9611436343626582,0.2694661490029254
robot3,2628,1722895523639859321,-40.745345245412445,78.89485677344504,76.86431107464404,0.022255876318746388,0.056478383817285586,0.9605140035539987,0.2715284830498286
robot3,2629,1722895524130968621,-41.140407987430265,79.48906002289522,76.97673361237536,0.021882724180627904,0.05629325056904112,0.9602609025214096,0.2724907620664843
robot3,2630,1722895524636181755,-41.41620893424307,79.96462877422755,76.93179660643304,0.02196132654441099,0.05747805008471569,0.9620265565515603,0.2659302133726366
robot3,2631,1722895525133129648,-41.621247332588126,80.32740715970228,76.8755589748526,0.0211284800288397,0.058681344102632975,0.9658108189917051,0.25163375986649944
robot3,2632,1722895525631232778,-41.81574877750032,80.80519462168604,76.96821407255725,0.021877541010991246,0.05965652326242649,0.969043598014835,0.23857279303813145
robot3,2633,1722895526133232223,-42.08218196791053,81.40146703441582,77.16495069035575,0.018807269273066793,0.056509065414253996,0.9700887544886554,0.23533129958241314
robot3,2634,1722895526629411909,-42.306001747353214,81.79952110966806,77.15725897800165,0.020243143556833248,0.056212911072103106,0.9710444481750437,0.23130716252671987
robot3,2635,1722895527129641008,-42.660402830143106,82.40995355008685,77.17396151623201,0.01898540565835414,0.055881550002036234,0.9715417273494301,0.22939807924270714
robot3,2636,1722895527633907113,-43.03038691758522,83.04863792911908,77.28006538787957,0.019377969188821762,0.0558695496641948,0.9700835051366338,0.2354592975277465
robot3,2637,1722895528134856575,-43.358075700724314,83.62971739798016,77.43525534650045,0.016224925742944603,0.05693458685125335,0.9593960157583613,0.27577978452325924
robot3,2638,1722895528632803998,-43.64917335688767,84.08083822657757,77.45707734712877,0.021799584393268175,0.05615718656070969,0.9572364839872495,0.2829654788867274
robot3,2639,1722895529133097113,-43.97481918669042,84.5911738130555,77.547411935948,0.020302600041200176,0.05323285016391705,0.9544095887886467,0.2930126361153722
robot3,2640,1722895529633160073,-44.292755357147996,85.09593814540105,77.71946073711167,0.01731231049689763,0.05510562037894933,0.9532909888352956,0.29647924904339323
robot3,2641,1722895530135621840,-44.62434082787914,85.61207891365082,77.90115040557382,0.018340543257737714,0.05206002473953301,0.9474009316415029,0.31525363284495633
robot3,2642,1722895530632841171,-44.90366233274158,86.08688407591978,78.06778045716236,0.019563969652898302,0.050834366137028804,0.9378704608921444,0.3426836980319077
robot3,2643,1722895531134820219,-45.13509246530796,86.45020210906434,78.23128512744975,0.01833672933835799,0.05043836757295696,0.9291498344057538,0.3657872614751738
robot3,2644,1722895531631861901,-45.32661941782872,86.83757756917208,78.49706918738838,0.011635290203577798,0.05038308986289126,0.9173710060597275,0.39466010885154035
robot3,2645,1722895532132452340,-45.51040209492568,87.17508956569644,78.59545933533337,0.016482246096671233,0.050883876970483084,0.9470108991948303,0.31671678742097087
robot3,2646,1722895532635648835,-45.754324632679854,87.57057822962932,78.45660190968434,0.019748287454786455,0.052105835706289044,0.9826106532006862,0.17711942650221382
robot3,2647,1722895533134535116,-46.05580541404324,88.0880413100987,78.10490089091597,0.03022355105980018,0.05258906533598546,0.9942686728773064,-0.08803824909221591
robot3,2648,1722895533631764456,-46.14695925809602,88.34705346550913,77.5295584880068,0.03829293173504825,0.0438857997657602,0.940492626708369,-0.3347854642382898
robot3,2649,1722895534136084200,-46.10835621729927,88.42648210716854,76.90189161961173,0.03861214783166344,0.032465911467578754,0.8855330833589454,-0.4618292161710907
robot3,2650,1722895534632431481,-46.12585151925381,88.67356258400251,76.20370846090614,0.04455182860600168,0.031155307534927332,0.8840881373830952,-0.4641472252623675
robot3,2651,1722895535134454563,-46.202278030768205,89.0113863319632,75.25780475562406,0.04595588241854979,0.034589133330299726,0.8833765772773698,-0.4651209213143508
robot3,2652,1722895535634425125,-46.29815366035586,89.32014559211886,74.32398689777857,0.04215061347579577,0.030988345071556445,0.8845383224722273,-0.4635245455543409
robot3,2653,1722895536131153128,-46.400355195134075,89.61377192353551,73.51340149961558,0.041491606000193054,0.030944329907926425,0.8856964384438133,-0.46137047370417905
robot3,2654,1722895536631564431,-46.523368532037686,89.99223537612495,72.6642158965273,0.03868190140192107,0.03179427252348762,0.8866265956289439,-0.45976745715857636
robot3,2655,1722895537136998626,-46.59987870542148,90.38832329955359,71.8107797410359,0.03589978937893683,0.03597867699313184,0.8893826793653761,-0.4543293844439701
robot3,2656,1722895537632249124,-46.685531039992746,90.7459619576238,70.98546687481547,0.04706390816645877,0.04383413387051954,0.8884296419663997,-0.4544846845949547
robot3,2657,1722895538139973563,-46.81547433472385,91.1232461885687,70.25577556041397,0.05199451348222549,0.044025445395543594,0.8905895374240046,-0.4496761129483845
robot3,2658,1722895538634744822,-46.93942762661097,91.44824093832469,69.49802675262639,0.05469398404645375,0.03936320496321521,0.8945337099666774,-0.4418920093613398
robot3,2659,1722895539132107908,-47.00870999019178,91.77969884020756,68.80332564665727,0.04875470668499852,0.03686091771494725,0.8996096436596979,-0.43239650826035003
robot3,2660,1722895539631875366,-47.066868429264645,92.07134119107391,68.14738990373826,0.04035487749014358,0.032341305547738904,0.9035083049249862,-0.4254389107143369
robot3,2661,1722895540133503338,-47.17528011472811,92.30045940307537,67.49796928706948,0.04567290264175651,0.034041002659397926,0.8854161738650611,-0.46129534482842494
robot3,2662,1722895540630916249,-47.34266449288105,92.52068584953008,66.77938465461887,0.0444815270509974,0.035044881146890444,0.8761107378898264,-0.4787726234975802
robot3,2663,1722895541136297060,-47.43373653390285,92.76618005305727,65.9171178834985,0.042715301524681316,0.033477315758868566,0.8647542140235187,-0.49925426555393887
robot3,2664,1722895541639277739,-47.530320700624415,92.99855838310901,65.19782784280278,0.04472231874485445,0.038753666506191595,0.8714408939233225,-0.4869176890774571
robot3,2665,1722895542134004455,-47.64773929457275,93.23223991319371,64.56097289538843,0.048235917747996425,0.03970586150493966,0.8754501294915099,-0.4792533897370551
robot3,2666,1722895542634799198,-47.70379162785965,93.49944481803793,63.88305307591596,0.04934216369956033,0.039025132289275635,0.8785920055748063,-0.47341153098682504
robot3,2667,1722895543136722104,-47.67216799605251,93.75120702356054,63.314384299479464,0.04763574801670793,0.04042432183666367,0.879462620968098,-0.4718497727400726
robot3,2668,1722895543635995545,-47.66315300751632,93.88298080867652,62.68521141991417,0.047630701758637865,0.03947825015876645,0.875351116282117,-0.4795135110067632
robot3,2669,1722895544132081748,-47.6903920561399,94.01920595564329,62.132206760996965,0.04669980919374524,0.03935792198483384,0.8785758955769992,-0.47368183151708193
robot3,2670,1722895544631555358,-47.797900574652836,94.13679045747314,61.58605177117121,0.04788777270593343,0.038039348485973914,0.8741294601152358,-0.4818272056979283
robot3,2671,1722895545133828933,-47.89593184716944,94.41029604664239,60.79122291439192,0.04761434419139342,0.03881216745295479,0.8646746533340085,-0.49856216640108153
robot3,2672,1722895545634504228,-47.9035751625219,94.61730305808965,59.99840345079259,0.052255022478184185,0.04082666956116558,0.8628515526536099,-0.5010886086927167
robot3,2673,1722895546133384498,-47.903625106751555,94.82365510248397,59.300890790530104,0.04977149777923643,0.03811613513404634,0.8633245864351712,-0.5007400690056621
robot3,2674,1722895546631867918,-48.02130213569145,94.95553371005101,58.51737197996373,0.05001123967263063,0.038108361093310054,0.8614590206959829,-0.5039196209542814
robot3,2675,1722895547133970993,-48.05000332659306,95.10927064262283,57.777589730094746,0.0478072292343911,0.03354489670877358,0.8614732449808521,-0.5044334018677678
robot3,2676,1722895547632583165,-47.87625771283547,95.24164984428225,57.004780074989874,0.051557477549183835,0.03554866603494833,0.8296094545590567,-0.5548209366616635
robot3,2677,1722895548131793247,-47.797575313598415,95.4104226426705,56.17419888915116,0.053154756984733965,0.03386147227047507,0.8403203061732495,-0.5384141115706998
robot3,2678,1722895548636755409,-47.78773967682377,95.55210492359967,55.35415769761391,0.053255791919236635,0.033260059537322154,0.8583226930880496,-0.5092541051348596
robot3,2679,1722895549136510972,-47.771968460778645,95.71264869985252,54.54777323688714,0.055636662372510415,0.03672993843912066,0.8661681304304004,-0.4952860216571938
robot3,2680,1722895549631345914,-47.70357789724991,95.89742584148563,53.866854804942854,0.057081500931180786,0.0376232868118674,0.8673600135648339,-0.4929632820096509
robot3,2681,1722895550132070983,-47.59843891923256,96.10402839566554,53.241534443996635,0.056749180340338434,0.037888744799370266,0.8603899597089743,-0.5050476123893841
robot3,2682,1722895550635151848,-47.59730414365805,96.203406192579,52.49369567802713,0.05379343123891315,0.03540338352558544,0.8624065230171458,-0.5021034318225296
robot3,2683,1722895551130265531,-47.65086594399562,96.30786643286108,51.79521619278314,0.05448506053511369,0.03867114413147653,0.8659468086747865,-0.49565315023310424
robot3,2684,1722895551632088597,-47.706705901946584,96.41086680997522,50.93777433817727,0.048354265485901236,0.02954253812045361,0.8686414521088885,-0.49219013717148175
robot3,2685,1722895552135269744,-47.7860856357391,96.5301381826484,50.162976512134136,0.05280808643142295,0.03445133734833927,0.8688362212422022,-0.49106825596848924
robot3,2686,1722895552632495860,-47.827826104058374,96.6683353874749,49.46953939353802,0.05400705492037304,0.03634706476897831,0.8789751830210547,-0.4724031715966891
robot3,2687,1722895553142959110,-47.91487412528949,96.76660691487923,48.67241123719002,0.05337743553002651,0.036335444067003606,0.8845657729112477,-0.4619242126957822
robot3,2688,1722895553632943539,-47.89223853045181,96.82353917089205,47.912035038616494,0.05815996455174451,0.03756491776970114,0.8853448170402001,-0.4597508568957214
robot3,2689,1722895554135117875,-47.933585543259994,96.84452722557258,47.179969490676285,0.05395141338620702,0.036602352330866526,0.8873423717364315,-0.456478945975214
robot3,2690,1722895554637502634,-47.89190246486049,96.93668414422704,46.5036211314773,0.05527404555654776,0.03589830887689662,0.8932574656854806,-0.4446877458450411
robot3,2691,1722895555134952467,-47.83769389018284,97.11607321697343,45.74727833943184,0.054534936677461204,0.035848922886967546,0.9102733735481614,-0.40883148217655496
robot3,2692,1722895555633399031,-47.76848551737904,97.37488200611085,44.90989329052106,0.05717584971350257,0.03848875387627159,0.9244441717150841,-0.37503668009489816
robot3,2693,1722895556134162963,-47.670025507235216,97.6909890676854,44.14837705565768,0.05113819252681038,0.03751426619432295,0.9284397711242851,-0.3660289011699453
robot3,2694,1722895556634313915,-47.70708009814124,97.94247348511692,43.32254257105881,0.05417997515603651,0.03807947914504836,0.930603536683569,-0.3599882512974087
robot3,2695,1722895557132642800,-47.793153684247635,98.04917063006215,42.518230589126496,0.056867238173069386,0.03997932160345108,0.9302770935210832,-0.36021146613713045
robot3,2696,1722895557634281879,-47.901607166298476,98.12359274170097,41.60284992258328,0.04893434196271918,0.03882156167692181,0.929569894669158,-0.36331546547100246
robot3,2697,1722895558132477311,-48.048383000191535,98.1753432311218,40.74602459292526,0.05488915565958051,0.04215774404956295,0.9353504023917234,-0.34688547094577316
robot3,2698,1722895558634823225,-48.10552336062216,98.26416234519193,39.97229464792068,0.05750540251044205,0.04184644663219908,0.9348978978728539,-0.3477181676865469
robot3,2699,1722895559136110752,-48.180434714807575,98.45800502941945,39.08467843970771,0.05322751569613224,0.04216539492732828,0.9396979901387784,-0.3351963579345407
robot3,2700,1722895559633237536,-48.22285255775474,98.64693357435536,38.24018140408354,0.05319424331223665,0.04432995858159014,0.941896918555299,-0.32868742304296544
robot3,2701,1722895560131868095,-48.16912623807102,98.85277654888988,37.36976495218564,0.052100606897308756,0.04581580690519586,0.9433043414201749,-0.324597224351053
robot3,2702,1722895560639121133,-48.159659013706644,98.95779881994764,36.601546472493055,0.05579604492101152,0.04601847318877905,0.9437261472446314,-0.3227228850009715
robot3,2703,1722895561141774896,-48.092936428036566,99.00737481513364,35.83584938163902,0.05431808228354902,0.044157428998657766,0.9451050103234109,-0.31918049261013937
robot3,2704,1722895561635157667,-48.07039248427017,99.13097533234735,35.11976925018285,0.05143420280122645,0.04138880836076276,0.9451162591981812,-0.3199949154657222
robot3,2705,1722895562132219918,-48.085719279359694,99.18386385268177,34.34757214949263,0.053308926569128154,0.04268139328309117,0.9469625075584718,-0.3140039271952389
robot3,2706,1722895562634286844,-48.10780638590795,99.43733442716365,33.49293523610034,0.05249317526071787,0.04260544815550912,0.9524149399957228,-0.2972120865837381
robot3,2707,1722895563138910606,-48.002526744006325,99.65631220698059,32.64242942575839,0.052834713336974266,0.04455347329052442,0.9564660581622302,-0.2835421673542677
robot3,2708,1722895563632538426,-48.139162359456655,99.90744219706623,31.726117417539964,0.05057749715249606,0.04173078197306135,0.9596152367439513,-0.2735672787936383
robot3,2709,1722895564133608850,-48.17926056425096,100.3333024570483,30.866433042501036,0.05548649438171736,0.042110064449629094,0.9647869833795127,-0.25364161353124937
robot3,2710,1722895564631839933,-48.228562386503185,100.63274695699607,29.872317834401407,0.04855695392189821,0.03936412393856471,0.9654096025576508,-0.253134326518263
robot3,2711,1722895565133644980,-48.28234596398846,100.86350636260183,28.96671355516686,0.05329704367881395,0.04019330609342301,0.9660161649164312,-0.24971322031588425
robot3,2712,1722895565638417885,-48.23584556245762,100.90951488946685,28.106364280449576,0.055911859777411886,0.04002118294446299,0.9653138165158616,-0.251875771950258
robot3,2713,1722895566134466545,-48.15110784224654,101.03419292768382,27.220803236441697,0.05266593999683681,0.035815809669316655,0.9662365985658906,-0.24966049373859442
robot3,2714,1722895566632206393,-48.10618520590916,101.24406044014972,26.350441774745814,0.05256016179928698,0.039252733848816494,0.9651555060066667,-0.25332094564414165
robot3,2715,1722895567133768565,-48.29837272036578,101.40948782377693,25.40443197450345,0.052370665204688874,0.04056615946415615,0.9708710193757596,-0.2302632490620688
robot3,2716,1722895567632194293,-48.292615309329946,101.60290362580373,24.48615281949701,0.051757316926123106,0.040560007247299544,0.979324747937187,-0.1913089230393427
robot3,2717,1722895568137368932,-48.371089119195986,101.60086787843407,23.568746945041422,0.04592216376919351,0.04178190085990725,0.9890578241506159,-0.13382842792821525
robot3,2718,1722895568635022865,-48.44093452601112,101.6509629856962,22.739294071575728,0.051027771017519284,0.0417595231153842,0.9964604064525514,-0.05214371665479286
robot3,2719,1722895569130944713,-48.22301330091823,101.78628315507007,22.03175600416964,0.04811622201084426,0.043483610311560804,0.9975082223830672,0.027773208166301463
robot3,2720,1722895569634945241,-48.213809764314014,102.02023081165679,21.43796500677397,0.04824402915755825,0.04200954216099242,0.9927463941110174,0.10179542719415739
robot3,2721,1722895570137183043,-48.176830750119485,102.10141588987139,20.473200885770737,0.04491192745758492,0.0394922246881204,0.9922517655807442,0.10890232625212082
robot3,2722,1722895570632580401,-48.167298371985964,102.32129455223019,19.4573359075877,0.044446369833424135,0.04087322101851619,0.9936965478976717,0.0944514198329069
robot3,2723,1722895571131872354,-48.075503318256665,102.50954842641777,18.426402973475728,0.04131411361440517,0.042130100119259994,0.9943478930183217,0.08826361838391494
robot3,2724,1722895571632454461,-47.85909544420568,102.48811938053512,17.390417194166236,0.0434544884840685,0.04181732130198598,0.9923025701694009,0.10816019741529455
robot3,2725,1722895572131973377,-47.682668843113284,102.4425192562845,16.525018504214632,0.04080000792290819,0.04221609531246263,0.9895191194017091,0.13192828729474973
robot3,2726,1722895572634731268,-47.67058885380683,102.65847127941677,15.799897493439577,0.04587026859735098,0.04312218963022071,0.9871820108714541,0.14665630784966108
robot3,2727,1722895573135194857,-47.69691974350708,103.00767097061062,15.006210765657594,0.03807697497400718,0.04564217981082924,0.9863957342809473,0.15326575217998242
robot3,2728,1722895573634404420,-47.67662556113392,103.13536016761653,14.192615572562888,0.0357015382088851,0.050901850644935055,0.9830098454219791,0.17270218751914185
robot3,2729,1722895574133566043,-47.55700227208941,103.02717488103544,13.304995476888873,0.034851950471540584,0.05349244428110347,0.9822824275795542,0.17619628946598248
robot3,2730,1722895574632890379,-47.481165724638494,103.0124549282747,12.458761895627754,0.03761158628005258,0.052507079437763796,0.980301936817765,0.18664535316410402
robot3,2731,1722895575136166421,-47.34181940883911,102.96619766625899,11.57797064596433,0.03750182195648829,0.051362587042884364,0.9785664196626731,0.19586541376869757
robot3,2732,1722895575632293985,-47.335556405390236,103.1718355755031,10.901911284828676,0.034891457542889054,0.04922419768651064,0.9788257415672741,0.19560095142388192
robot3,2733,1722895576134774956,-47.35978795867,103.5187093139588,10.230243461246092,0.03329583139688633,0.04950202303509205,0.9796887306552282,0.19144432181229937
robot3,2734,1722895576635837328,-47.36646990676428,103.77882793112065,9.622400143169852,0.03425998475145347,0.04863970378631203,0.9837630007254994,0.16932451406683924
robot3,2735,1722895577135691890,-47.38932408350812,103.88908962672996,8.945405278623776,0.03402785874380321,0.05005012601456269,0.9844243967035663,0.16506270593340536
robot3,2736,1722895577635861583,-47.432905187881914,103.88081274089667,8.201811698644764,0.035542276871383484,0.053036924937899875,0.9867056535661677,0.14945161213078803
robot3,2737,1722895578135920042,-47.6276609182739,103.93918181693154,7.474327258987071,0.03501393082342933,0.05333537765760226,0.9871354397310366,0.14660486269365663
robot3,2738,1722895578632409153,-47.85880348187284,104.11442912507152,6.824265813228893,0.037583883241268386,0.05072579823347368,0.9863626493931369,0.15199693745676293
robot3,2739,1722895579133427483,-48.12112645477768,104.29644861309106,6.16705633214085,0.03237497900990991,0.050693362762584744,0.9862857243662863,0.15369617307271874
robot3,2740,1722895579632225064,-48.199198132216694,104.43547843707461,5.392691073423283,0.036879825253888304,0.05074894394463045,0.9843726834783507,0.1645443502505574
robot3,2741,1722895580132552621,-48.251176810154334,104.55233802719009,4.531348316376856,0.03613117812405769,0.04856787498652691,0.983653808231997,0.16959034476452425
robot3,2742,1722895580632341181,-48.26440892329533,104.54113137328872,3.72906621863179,0.0332634059133052,0.04892731126898698,0.982314862310096,0.17764339369571683
robot3,2743,1722895581133468151,-48.380416919532216,104.74561739191688,3.018134221922074,0.03725631046521928,0.04794476153578221,0.9826340070107334,0.1753387448279071
robot3,2744,1722895581632094345,-48.422966527087254,104.82538880805976,2.428903434622788,0.035353578213029625,0.048368095109807115,0.9802605195374782,0.18841434584207573
robot3,2745,1722895582132515386,-48.50374552735139,104.95758599263834,1.7673424437278131,0.0347068907948289,0.04971953782962256,0.9793836933866739,0.19269400721777047
robot3,2746,1722895582636687663,-48.57302933241055,105.08424036995982,1.1570005984258576,0.03512959159412776,0.050840737588288776,0.9790756343034401,0.19388665118884468
robot3,2747,1722895583134995151,-48.54696501771965,105.17917823196018,0.5190169230847704,0.03709512324183603,0.051195322741084875,0.9788036243159699,0.19479850047428665
robot3,2748,1722895583639216676,-48.514951898806075,105.3150495140312,-0.08445953458140851,0.03248990470766171,0.050806148572506364,0.9788717530815203,0.19537971332363696
robot3,2749,1722895584138567433,-48.47071168067621,105.52864362687895,-0.6439818118358278,0.03093273983611823,0.05152406757742555,0.9787942860680092,0.19583202400813887
robot3,2750,1722895584632280684,-48.44804537219144,105.67418852770396,-1.2691562622301402,0.03230302201841774,0.051347686954449814,0.9790750742463854,0.19424708183738687
robot3,2751,1722895585138447794,-48.38991132515621,105.83335086546342,-1.9208691823441415,0.030444043494253163,0.050287872887311236,0.9793474598246698,0.19344984619057393
robot3,2752,1722895585632450578,-48.41208676838889,106.14389262703786,-2.468399844268691,0.03223564204086715,0.051587736038919,0.9807767189308704,0.18540926750243206
robot3,2753,1722895586132888570,-48.46334864707699,106.24136951247795,-3.284339149304361,0.03192377410000244,0.050780362246703334,0.9794271579271662,0.19267763173762412
robot3,2754,1722895586637459719,-48.46092613419123,106.38254596004805,-4.016545411911329,0.032585105654800224,0.04771101488939847,0.9796173017123643,0.19238454234546962
robot3,2755,1722895587135929743,-48.49436322944653,106.61371031133842,-4.64796681112328,0.03479736297508553,0.04874392278708149,0.979834601176063,0.19062352388793113
robot3,2756,1722895587633659317,-48.487754490624305,106.65919059678473,-5.391798782560249,0.033235558376998355,0.04978274810621393,0.9802326492553566,0.18857632137728075
robot3,2757,1722895588134155222,-48.52611142398267,106.89709660638337,-6.077198499331315,0.03587104196740937,0.049399201568393676,0.9802575335236708,0.18806423158768684
robot3,2758,1722895588634072634,-48.48439698207978,106.99288608669151,-6.768116706522358,0.03740457478746638,0.049455855110754336,0.9802306039935842,0.1878908703865255
robot3,2759,1722895589132591544,-48.379293932603744,107.03924966173565,-7.408869007648699,0.03448573286596289,0.04885847951204355,0.98260236977607,0.1758299352184376
robot3,2760,1722895589634324202,-48.39700025020968,107.23735850665554,-8.01576179394194,0.03675320882778178,0.051723793508188835,0.9808207376957658,0.18429468611958785
robot3,2761,1722895590131659078,-48.372355746544656,107.48810688070157,-8.495325543798202,0.03613902914043207,0.05127424805653827,0.980257811754163,0.18750878527141995
robot3,2762,1722895590638951538,-48.41338008257536,107.78365545588717,-9.178235150102335,0.03299764149673716,0.05016593631982995,0.9804365495687661,0.1874532121850681
robot3,2763,1722895591132724698,-48.40642000047925,107.91217494747313,-9.937944032462907,0.02911841456937984,0.04890756719167306,0.9808063789511708,0.18649132637484792
robot3,2764,1722895591632741439,-48.316344577883555,107.92029350175837,-10.69372549975596,0.03326258184630626,0.04532680337543356,0.9806208691791619,0.1876746985477465
robot3,2765,1722895592130712778,-48.226002763611824,107.90962516148493,-11.458372335101124,0.03534967581752723,0.046217710423858374,0.9803386309713341,0.1885483818228695
robot3,2766,1722895592635104034,-48.24720961307339,108.15183746388975,-12.104269508672811,0.02337555400861774,0.050264695346000934,0.9815258139321557,0.1831232384526422
robot3,2767,1722895593134378058,-48.25609242845562,108.58833057840042,-12.60601585732304,0.03317876493364249,0.05284170913958909,0.9819975540763203,0.17829113023594256
robot3,2768,1722895593632944662,-48.13521420308117,108.7599324430988,-13.337181926545957,0.034359490469481564,0.04962997523854735,0.9833177192011098,0.17158832733500878
robot3,2769,1722895594136718634,-47.99720532385037,108.87103567887654,-14.158119301813567,0.035585721307639595,0.04487501069974774,0.9837358424294077,0.17024594612916977
robot3,2770,1722895594634390542,-47.837214449041795,108.97713391717373,-14.883954306570487,0.030932623819318925,0.04623804403505747,0.9836351178779945,0.17136852378604578
robot3,2771,1722895595134388748,-47.65267804686383,109.24444156763961,-15.522708458752685,0.03521900880626473,0.046177859987469566,0.984195319750143,0.1672925558642579
robot3,2772,1722895595631915251,-47.45316005385147,109.32803657950991,-16.31303905893087,0.026862447263804753,0.04501893750975862,0.9852795453239108,0.16271423342412056
robot3,2773,1722895596132639861,-47.18196307441096,109.36707411314418,-17.113371451574075,0.02493433381353951,0.046134380927366984,0.9839900823697016,0.1703332489321778
robot3,2774,1722895596632451406,-46.98573971721367,109.63936139106144,-17.681725364624835,0.03057236218672948,0.04582566409465162,0.9822854205987154,0.17911083624340632
robot3,2775,1722895597133673106,-46.82847310746966,109.93597253312652,-18.25706642809526,0.02912107895343045,0.047275025349577886,0.9849770056513699,0.16351554383863937
robot3,2776,1722895597636350891,-46.583252867566735,109.88581081250216,-19.02637466176916,0.033534167828958385,0.04490977193135956,0.9865272800613717,0.15369612118659481
robot3,2777,1722895598135045587,-46.487799807174866,110.02699960199286,-19.64433183299643,0.03304257539851888,0.044715725496566716,0.9868924326626918,0.1514992358312843
robot3,2778,1722895598632816849,-46.49520393179543,110.29506537407578,-20.175126446676423,0.03538460417556674,0.04857854292326189,0.9866779542238859,0.15117760946435965
robot3,2779,1722895599135239341,-46.45023274636849,110.36532468152616,-20.930415147099268,0.0342497309363732,0.046778461311702074,0.9867882205180153,0.1512869437029662
robot3,2780,1722895599637452682,-46.3955311590705,110.38659863764002,-21.785371718057753,0.036563599540416714,0.04426616267204777,0.9870670170745228,0.14967402525001927
robot3,2781,1722895600134775386,-46.375983688225865,110.3626595727049,-22.55176939250727,0.03178268169874169,0.0438484023071856,0.9877225765779974,0.14653085162267232
robot3,2782,1722895600633306570,-46.390981968174344,110.4819838114218,-23.247602059522485,0.0370796511194957,0.04122513923314429,0.988013387042589,0.14406642354377894
robot3,2783,1722895601138355523,-46.3250722283044,110.51526294885343,-23.90246470543195,0.03384435355104821,0.041097476691502745,0.9902446087456994,0.1287678996970124
robot3,2784,1722895601643970191,-46.135877317658576,110.64111071898817,-24.47347497694061,0.03448214276730668,0.04232639441125278,0.9921084287233972,0.11287304293900316
robot3,2785,1722895602132610160,-46.10089873145472,110.76790207559391,-25.086735094507798,0.03130333822156778,0.04188832532578904,0.9939183482681063,0.09691122841851822
robot3,2786,1722895602632546671,-45.9629746259078,110.99446286952544,-25.683708076728045,0.033041651552247864,0.04178340723896669,0.9947692817895005,0.08715774291595567
robot3,2787,1722895603137023627,-45.82696232021205,111.13129280986793,-26.484945776950095,0.03595257516570275,0.039152860261356615,0.9964440906613101,0.06537308359305055
robot3,2788,1722895603634493200,-45.68237295365096,110.96145008231018,-27.31365512699492,0.03658536956650995,0.03856950590634096,0.9982802872632238,0.024705708034336814
robot3,2789,1722895604132751929,-45.45111632802876,110.91087859403731,-28.118773441850177,0.03653941858888383,0.03574003209108844,0.9978149474181731,-0.041867071836742605
robot3,2790,1722895604635185462,-45.281105032192144,110.9823619396832,-29.02686531777178,0.03766159360455219,0.03558319169061046,0.9883538077215586,-0.14308106652723526
robot3,2791,1722895605137561311,-45.082702104970345,110.79815521068585,-30.050440846349805,0.03949154366041078,0.03183772100175462,0.9741540860046903,-0.22011495683187593
robot3,2792,1722895605631713183,-44.89679422462503,110.57966157895694,-31.01536688219942,0.03349261795346093,0.02981687298283026,0.9613329210514322,-0.2717134769032815
robot3,2793,1722895606133619951,-44.582804969822654,110.21654785274022,-31.858963945414757,0.03479400369736618,0.03028688077484579,0.9456052004515926,-0.3220293263641392
robot3,2794,1722895606633679943,-44.221500913115584,109.53767181252829,-32.69590727632323,0.04089760549812545,0.023798999764441782,0.9160962965263929,-0.39815646292049445
robot3,2795,1722895607134881762,-43.80642440210214,108.88581797623975,-33.295650619101494,0.04215160243434581,0.021086440994596705,0.9010461091980824,-0.4311548602502306
robot3,2796,1722895607632837518,-43.453809315533505,108.21203336796823,-33.48978240772744,0.04418107818010718,0.023213557727310975,0.90383581417898,-0.42495880279846493
robot3,2797,1722895608131314018,-43.11510851577211,107.50855483415414,-33.1198496846118,0.04656981085209765,0.026238557506575038,0.9027487155815297,-0.42683433242075614
robot3,2798,1722895608639776795,-42.778233545389995,107.32850679236437,-33.32454853181477,0.0445231574335369,0.02544706510836906,0.8954392872030896,-0.4422201016041013
robot3,2799,1722895609133868015,-42.61110756044023,107.25221353519551,-33.639885926416255,0.04087469184300397,0.022016362664885554,0.887770545951584,-0.45793885736261136
robot3,2800,1722895609634827817,-42.43721371329732,106.89640587219775,-33.93643106390355,0.03903270423077297,0.020158749432612238,0.8839042873236802,-0.46559991803324347
robot3,2801,1722895610133239137,-42.13263688212382,106.50860698382651,-34.14514502704864,0.043015491497418755,0.026260985721219297,0.8790612759069403,-0.47403723621783944
robot3,2802,1722895610634896455,-41.97030471702819,106.26189318273504,-34.57568562197037,0.04268107069473361,0.03992538976538119,0.8696695521782953,-0.49016238071728524
robot3,2803,1722895611130754002,-41.75180587556568,105.9761256685367,-34.9735868812689,0.03763808479878039,0.04890407874044638,0.860509681117358,-0.5056825628381216
robot3,2804,1722895611633968136,-41.45211203638051,105.5072320762025,-35.484170169949095,0.030584177469332435,0.03875625194162129,0.8471281682715952,-0.5290901884790284
robot3,2805,1722895612136809702,-41.141200270357295,105.05931217131484,-36.06044001503823,0.029380680144397438,0.03840358496286414,0.8204212586245475,-0.5697112415014874
robot3,2806,1722895612634906784,-40.78820923345324,104.58987223644402,-36.73567776234074,0.03113405726266728,0.032391924340250365,0.8239208231459637,-0.564921154589185
robot3,2807,1722895613133910631,-40.48484885104116,104.10167628925885,-37.334025433879056,0.03098393997194201,0.03366393169316127,0.8103317475310783,-0.5841825006879289
robot3,2808,1722895613633065541,-40.3229237757815,103.62373578057009,-37.82044758133099,0.02964927810114251,0.030096895190278337,0.7907957151195423,-0.6106203682784896
robot3,2809,1722895614137730062,-40.09090544364251,103.00798656516194,-38.39853418350342,0.029209282077927657,0.024366792770226537,0.772332953718232,-0.6340779808915118
robot3,2810,1722895614633124663,-39.76655836061232,102.52611619096561,-38.94295154755132,0.0357169354502448,0.02011798019161495,0.7510527445423357,-0.6589683924973018
robot3,2811,1722895615137685901,-39.4515201535719,102.01982772890317,-39.463515947020774,0.03960100722938151,0.018938404895095195,0.7373275125207549,-0.6741077334717381
robot3,2812,1722895615633166355,-39.18005017945629,101.63216773220547,-40.06007957053727,0.038335575780515614,0.023408628063923166,0.7248549722925928,-0.6874355889132057
robot3,2813,1722895616134157077,-38.919167810363206,101.24137158238082,-40.60111064396124,-0.038187188920637105,-0.024417413717374103,-0.6989284228237813,0.7137538709378435
robot3,2814,1722895616631527025,-38.59019623844287,100.7625025797162,-41.02990307826591,-0.03767648244911771,-0.021750338317999884,-0.6796062967370353,0.7322859324667425
robot3,2815,1722895617133099945,-38.300594848818676,100.34939031517833,-41.600442476517415,-0.03835374128770737,-0.025947345968814074,-0.6643101744815557,0.7460212583074931
robot3,2816,1722895617630052413,-38.02331838571691,99.95729985122436,-42.25563793027824,-0.037677126159820086,-0.024756354884355226,-0.6582431539181747,0.7514542616666906
robot3,2817,1722895618130506360,-37.69373847854726,99.3175736786448,-42.76602284665362,-0.03912477616226383,-0.019947729022485174,-0.596618363533605,0.801322574430286
robot3,2818,1722895618632549154,-37.46856830575843,98.6221614017072,-43.026274087845685,-0.04101663827346896,-0.015779374561113876,-0.5086574660991626,0.8598466310364788
robot3,2819,1722895619132521227,-37.24610003569102,97.97357632582658,-43.054846626695664,-0.03925337936729551,-0.010799465013185483,-0.43482528815458577,0.8995940820975633
robot3,2820,1722895619640766364,-37.045022537447345,97.4032066901117,-43.20949933601293,-0.03824358175041274,-0.010941652077908079,-0.42055994179671874,0.9063923234784406
robot3,2821,1722895620132740049,-36.81985538985003,96.90248294493726,-43.46564249541944,-0.036799000015413114,-0.01433612160060857,-0.4059485273080937,0.9130422237726512
robot3,2822,1722895620632102986,-36.535013201291626,96.23253795897125,-43.72464552968762,-0.03662909573984655,-0.007495408202319849,-0.4253496666446261,0.9042564842379993
robot3,2823,1722895621136661361,-36.2846194200333,95.5967796812146,-43.963758217855116,-0.03445304389007763,-0.009054634557470652,-0.42141460846970746,0.9061681572026588
robot3,2824,1722895621633876030,-36.05665948196768,94.92117821956109,-44.298519457207114,-0.038343474768238024,-0.007948624015273244,-0.393808334477581,0.9183580962864948
robot3,2825,1722895622135198637,-35.737521859442715,94.36116557389103,-44.56551207745083,-0.03555516870083746,-0.00839238201324797,-0.380358110956276,0.9241174737729895
robot3,2826,1722895622631909880,-35.48860957523374,93.70382133937075,-44.83561981347256,-0.03423933361068984,-0.007888714071501917,-0.3559990582799316,0.9338255226368553
robot3,2827,1722895623135422074,-35.1960153646614,92.97108638608364,-45.16043720335525,-0.028937430503570033,-0.002143968177449835,-0.3042556995679795,0.9521483591314458
robot3,2828,1722895623636509504,-34.91998076555695,92.34702284936772,-45.32515373978567,-0.02500880100405327,-0.005384341192002815,-0.24034422233697478,0.9703505673371365
robot3,2829,1722895624138687583,-34.697059738387914,91.73010652498354,-45.451067440454814,-0.02538536781150603,-0.0010285789530006695,-0.18166932212853096,0.9830314249930019
robot3,2830,1722895624637910086,-34.5724386094779,91.24275868572309,-45.58645823769197,-0.02279259323815277,0.005441315034916893,-0.13352121039168968,0.9907688813036616
robot3,2831,1722895625133874222,-34.3864221840113,90.7115977723176,-45.81501641152249,-0.02076221476115037,0.005202981020740042,-0.11657921058223611,0.9929507274214227
robot3,2832,1722895625638033466,-34.02082757601448,89.95392878574725,-45.98631809897744,-0.018074427470549374,0.011612304730145524,-0.10865020967308543,0.9938478763817231
robot3,2833,1722895626136679296,-33.72478374066073,89.39887465913057,-46.24263256156981,-0.014803330769173277,0.007419546147337166,-0.08183995934555546,0.9965079190791329
robot3,2834,1722895626635408192,-33.51323159831044,88.7181281470986,-46.39804382045283,-0.015291484428588312,0.005756132403899958,-0.08181049343816975,0.9965139640803444
robot3,2835,1722895627133937291,-33.14797314934157,87.99802513609534,-46.42366392266983,-0.017111746341935838,0.00675624698769359,-0.065267152649942,0.9976982209309285
robot3,2836,1722895627631649159,-32.846969162592025,87.4289495178316,-46.578374476591264,-0.01852201630978499,0.004409997751243631,-0.070924941164315,0.9972999245725893
robot3,2837,1722895628134365343,-32.62062782641503,86.80088047945804,-46.75298994739045,-0.01928864500379619,0.008738585319681576,-0.05846739706733968,0.9980647017005952
robot3,2838,1722895628630157779,-32.35469504542739,86.26503389321486,-46.80992156575917,-0.020092439217162226,0.004821816478541911,-0.05793175796407051,0.9981066853755386
robot3,2839,1722895629133097058,-32.12996097294526,85.58495062088964,-46.82243773444217,-0.020327236197863714,0.0046591053753270665,-0.05214938977484942,0.9984215228808765
robot3,2840,1722895629632274672,-32.01741476820108,84.98414443359133,-46.88704825718307,-0.02253493462278281,0.00392168934179554,-0.03843615125608677,0.9989992289040431
robot3,2841,1722895630134749309,-31.815210185819883,84.31631869001647,-46.93376617167268,-0.02112291244882881,0.004447994285854881,-0.026269138104959542,0.9994218180026563
robot3,2842,1722895630637371477,-31.63836299421231,83.70751224910933,-47.00912215148966,-0.019972541508974925,0.011332687842926929,-0.0308222106258903,0.9992610565333067
robot3,2843,1722895631133927759,-31.481455970085875,83.05643304857755,-47.11160719394384,-0.018963375802003177,0.0078013608172311025,-0.03529437106573069,0.9991665709573484
robot3,2844,1722895631633808086,-31.28441320902001,82.4462379884366,-47.21428746864301,-0.018539054056107666,0.00816412688802606,-0.03959801062350128,0.9990103343116736
robot3,2845,1722895632131910412,-31.110396334439432,81.79784347223445,-47.32123245772678,-0.019180443764109916,0.0030236927019338155,-0.04453582001025738,0.9988190669963555
robot3,2846,1722895632632113647,-30.930976298872434,81.23387469791946,-47.450733435005105,-0.02062257971517546,0.008343130990793785,-0.04974472140219033,0.9985141781986774
robot3,2847,1722895633137165694,-30.821870577814984,80.62169959927998,-47.584266615620734,-0.018607516357569624,0.0010352688498838877,-0.054413009271520596,0.9983445862904393
robot3,2848,1722895633634602001,-30.6587555400909,79.91595553985677,-47.64681738960611,-0.02041588983302672,0.0012564239820997722,-0.059405270837448634,0.9980243617456602
robot3,2849,1722895634137081776,-30.45359030104386,79.28147299797395,-47.826817231925034,-0.019098844532151524,0.002411705326846564,-0.06259521019226442,0.9978533246303984
robot3,2850,1722895634632842250,-30.29897068073271,78.60362248455039,-47.959721613682866,-0.020429425202497895,0.0027366602342693254,-0.06337871337873816,0.9977766723907278
robot3,2851,1722895635135847630,-30.15861838367212,78.0142676477343,-48.053830084106785,-0.021418189465253614,-0.0003654366463833488,-0.06523599321371162,0.9976399113936394
robot3,2852,1722895635634548290,-30.026993038672135,77.35467656040744,-48.10996003114443,-0.021914844773381237,0.0014332908136362138,-0.067728165389101,0.9974620698898925
robot3,2853,1722895636136851001,-29.854259016379302,76.7267309363865,-48.148457990760214,-0.022296353198466404,-0.0008876410033782394,-0.07187292255820957,0.997164162879132
robot3,2854,1722895636634812658,-29.706521550038048,76.0663884958262,-48.34122889294873,-0.022028018760639905,-0.000489730280208333,-0.07625321417398766,0.996845009959858
robot3,2855,1722895637136194309,-29.459310102435857,75.41798820657365,-48.41896855014782,-0.019954086414244673,-0.0017026600366522333,-0.08059282336814938,0.9965459007018808
robot3,2856,1722895637633190551,-29.217647340892857,74.64216148174064,-48.44463826991564,-0.020300394001935337,-0.0033613461433783572,-0.08569624502854171,0.9961088037676802
robot3,2857,1722895638132732927,-28.997289246693423,73.88213602337918,-48.47298921858771,-0.01771037033095892,0.0019847789931286166,-0.08752211563669769,0.9960031539656715
robot3,2858,1722895638635803211,-28.754866285056224,73.20082195272423,-48.489090017014696,-0.018418690476959498,-0.0013699189003282403,-0.08972391224000101,0.9957954080711906
robot3,2859,1722895639146023643,-28.51487116355955,72.4047626294658,-48.527818226752956,-0.01886023746099052,-0.0036370144270132343,-0.09186755570344958,0.9955859660411281
robot3,2860,1722895639632782941,-28.342427271297513,71.82101325695524,-48.64275400443689,-0.019711610212156682,-0.0009670963824155574,-0.09488576839109668,0.9952925238864514
robot3,2861,1722895640135246689,-28.11438430430013,71.10351553860501,-48.73864879652841,-0.019481721746418882,-0.004088878865677046,-0.0949753935412145,0.9952805726070958
robot3,2862,1722895640642687631,-27.877819971157123,70.32964061142819,-48.75884397537882,-0.020679709264295562,-0.0010545008829238934,-0.08907951295652679,0.9958092578521552
robot3,2863,1722895641134198911,-27.62293268120719,69.59623491967348,-48.81597421681711,-0.020539365650942613,-0.002796893781061061,-0.09185669011544484,0.9955564576280289
robot3,2864,1722895641644392737,-27.393214700277962,68.77485397650356,-48.86039417145095,-0.020957731915455736,-0.002978283723817124,-0.09255674085096774,0.9954823720297951
robot3,2865,1722895642136876586,-27.15940455560601,68.07965306282935,-48.95918555766535,-0.02067802798040979,-0.0011395891738760898,-0.09266062037450008,0.995482360429942
robot3,2866,1722895642645400355,-26.958424603253867,67.2625714046823,-49.033131026327226,-0.019268725805230393,-0.0016047644716469902,-0.09532084619001312,0.995258799116317
robot3,2867,1722895643133025607,-26.737152585729806,66.47092422340316,-49.1104316756076,-0.017406460612784194,-0.005081298497861811,-0.09659042274076217,0.9951590253669371
robot3,2868,1722895643635798157,-26.519912148113068,65.72446338478206,-49.26690675820682,-0.015647049853480255,-0.0018677527342930262,-0.09891759114665369,0.9949708495691468
robot3,2869,1722895644132721479,-26.33484947924539,65.05823402610467,-49.46119082481703,-0.014299452956216966,-0.002665813114835953,-0.1001409472393504,0.9948669306855039
robot3,2870,1722895644631280542,-26.132718558989684,64.3966434149223,-49.519507811255814,-0.014545553503017011,-0.004279203159153744,-0.10246531969376255,0.9946210200642598
robot3,2871,1722895645136121708,-25.90148755365498,63.667036012276824,-49.534163219640305,-0.01438418091909041,-0.004668046812576465,-0.08784563663643871,0.9960193014205001
robot3,2872,1722895645634535483,-25.73203068666061,62.96520158729876,-49.68570361862329,-0.015603019753601247,-0.006037980695989524,-0.08699091314050683,0.9960686068713663
robot3,2873,1722895646132108610,-25.55651544906431,62.273165253794886,-49.79655950554947,-0.014703190246576613,-0.006228971775952818,-0.07706187792603061,0.9968984316758156
robot3,2874,1722895646637942774,-25.34741891186735,61.56867609457946,-49.7479016795918,-0.014752782095107324,-0.0062079408193847704,-0.0717679101562875,0.9972929278617373
robot3,2875,1722895647134374091,-25.16571545065222,60.80680723059172,-49.77803231059948,-0.016343267316187012,-0.0021096655145177215,-0.07212063622727717,0.9972597759636258
robot3,2876,1722895647632267457,-25.025399883218117,60.14277380734663,-49.914780658201785,-0.014338315742649902,-0.0004870135853879763,-0.07254231288502089,0.9972621462588077
robot3,2877,1722895648133834858,-24.896785136219638,59.65886732566778,-50.158049484620115,-0.012953232129842179,-0.0049950952269898026,-0.0723108372255778,0.9972855186057801
robot3,2878,1722895648640932801,-24.72308482254931,59.01672751612482,-50.36648201006206,-0.014851234244931568,-0.0003801346481930193,-0.07752521052167752,0.9968797009030834
robot3,2879,1722895649136176641,-24.586022943962185,58.448539885888586,-50.52245662654639,-0.01580219386689099,-0.0029590171944004805,-0.08196750184697243,0.9965053253882806
robot3,2880,1722895649634897208,-24.424014255672287,57.92511526951822,-50.699142692520546,-0.014391322048776628,-0.00280238480413239,-0.08499270293491144,0.9962736957969511
robot3,2881,1722895650132337720,-24.26186921416541,57.389915258660935,-50.89962187288646,-0.01669555416873284,-0.005795890630149396,-0.09001956595167974,0.9957831811537456
robot3,2882,1722895650632100928,-24.09125970396969,56.75957848046443,-51.04260763471969,-0.015113441209682442,-0.005602398792647106,-0.09389297922817785,0.9954518097197004
robot3,2883,1722895651135281821,-24.02232285320777,56.118895201558686,-51.06850573949677,-0.017118702677413618,-0.005687794795368189,-0.09569976054189301,0.9952467808745891
robot3,2884,1722895651637894575,-23.903371977826055,55.446925566298205,-51.12351342938438,-0.01670477298776919,-0.006146063782614949,-0.10354700620665162,0.9944652804221206
robot3,2885,1722895652132552325,-23.82937179756769,54.7763293720826,-51.20091547642069,-0.01733002957259512,-0.007404992917462767,-0.11290393973174602,0.9934271672085254
robot3,2886,1722895652634449052,-23.715253809040142,54.170563623243076,-51.33366664509261,-0.019218534987868324,-0.006335149764029657,-0.1218190303999892,0.9923460271612892
robot3,2887,1722895653136852103,-23.505397379755486,53.55520337366063,-51.465574490731996,-0.01900548815605891,-0.009472577603887452,-0.13027862133220802,0.9912499899204374
robot3,2888,1722895653634989790,-23.313999738624197,52.99569339246425,-51.55741083862578,-0.016496399328184915,-0.010513393643822986,-0.13792576813575091,0.9902493725559528
robot3,2889,1722895654135455315,-23.14196364603614,52.29145843652861,-51.65540447298064,-0.017352272045599963,-0.009780823667041515,-0.14629942337432128,0.9890397933670773
robot3,2890,1722895654631355717,-22.9501029219395,51.634741393614924,-51.76978432554218,-0.01665022552878903,-0.011463128488684792,-0.13885128740609315,0.990106906682689
robot3,2891,1722895655131095935,-22.722610921060127,50.871501080218145,-51.885719167810095,-0.014435107135387723,-0.009003565353358814,-0.13763478306025437,0.990336927507439
robot3,2892,1722895655636172806,-22.55265157056676,50.15101615369749,-51.96101059525905,-0.016176364238143903,-0.014380936761095637,-0.13848090529301202,0.9901285536571179
robot3,2893,1722895656136188619,-22.41572420117573,49.534722388153945,-52.023084527902625,-0.015631179448748866,-0.013006949796279539,-0.1302550980440463,0.9912719581021013
robot3,2894,1722895656634858333,-22.252819272887844,48.93677909117256,-52.11708807488097,-0.015316271815858248,-0.011556883111605049,-0.13201327097984414,0.991062231424248
robot3,2895,1722895657137588554,-22.090796759192436,48.42555648916227,-52.262323207964414,-0.017280184720688714,-0.012395768946778437,-0.13440887991584394,0.9906977304546555
robot3,2896,1722895657632491754,-21.930159287562255,47.914388181954145,-52.40451705843192,-0.0177587651089391,-0.010380615830632087,-0.1364611975449667,0.990431830385805
robot3,2897,1722895658136933469,-21.781608052684305,47.35996826958738,-52.53361672321257,-0.01814513018090461,-0.004578271184997063,-0.1388168930520422,0.9901412343130915
robot3,2898,1722895658632572475,-21.621993109837142,46.701200892717374,-52.581905957056016,-0.016676526781307013,0.0032456212183558614,-0.14117651020733446,0.989838649661195
robot3,2899,1722895659132796551,-21.454279624870896,46.13120289768844,-52.66272909648981,-0.016530955713928784,0.0003579477875998481,-0.14272952302885836,0.9896236065457009
robot3,2900,1722895659633582542,-21.302168124238044,45.67446662690836,-52.81485783467576,-0.018018314390408862,-0.0017651799532157762,-0.14543773197775803,0.9892017441368707
robot3,2901,1722895660137001749,-21.174712053833893,45.15914692050308,-52.91383080399691,-0.01809086705725155,0.0033046953687091833,-0.14681618709509126,0.988992824404958
robot3,2902,1722895660633213585,-21.040299996614,44.63673663471166,-53.012123360793616,-0.021035909542929592,0.0006775566801637808,-0.1502616039885743,0.9884222183831298
robot3,2903,1722895661134462618,-20.893106602908272,43.993382093183236,-53.160445573230625,-0.02156198457566914,-0.0006961678861725946,-0.18092514338366691,0.9832602344562871
robot3,2904,1722895661633556128,-20.67965301193042,43.34213533442371,-53.39229658276822,-0.02383127854728612,-0.0050435219975670425,-0.21674480156326908,0.9759243434016598
robot3,2905,1722895662132082768,-20.46713240338269,42.63609424274358,-53.59699351410178,-0.026139147060403618,-0.008431413232153146,-0.23338895368423299,0.9719955002776721
robot3,2906,1722895662632103992,-20.239071932719522,41.969827132146484,-53.80264760129291,-0.02476315942692661,-0.0012569947108365185,-0.24340224442476663,0.9696084536081974
robot3,2907,1722895663137649052,-20.01377623714535,41.26001776598028,-54.03142268510893,-0.022592314140834825,0.00013664845497927136,-0.25343599372669307,0.9670882926355407
robot3,2908,1722895663632708530,-19.780434446013427,40.479145836926506,-54.202444946163745,-0.01825274607820367,0.007293199087171073,-0.25635263583230494,0.9663834500908577
robot3,2909,1722895664132003337,-19.53280731876469,39.75794276749257,-54.35150073309049,-0.017804111252732402,0.005028742062310075,-0.2345789804392018,0.9719209984931263
robot3,2910,1722895664632932860,-19.26629681521458,39.1718610331179,-54.69774215898489,-0.018150662054704114,0.005407791269405466,-0.2366379595341924,0.9714132927688691
robot3,2911,1722895665133492175,-19.082176288632535,38.735930231882804,-55.02829295967138,-0.014013476002986193,0.004784281347921222,-0.2076346040756407,0.9780943739397796
robot3,2912,1722895665635557348,-18.88483661066118,38.04852643516883,-55.01691902473871,-0.012722864228716544,0.00979292578273472,-0.1722789832054647,0.9849173464185321
robot3,2913,1722895666130770650,-18.75361559013981,37.47342863027077,-55.043464785972425,-0.010885602203043033,0.011350081155945971,-0.14026869686542684,0.989988571652272
robot3,2914,1722895666637384925,-18.59654474524545,36.80564141226426,-55.1880301431866,-0.010668483885354442,0.012067099199728763,-0.14028214503277914,0.9899805494824099
robot3,2915,1722895667133368604,-18.43487134211859,36.103129423178956,-55.243434593785274,-0.014962933971600766,0.015116529123513947,-0.12396101045957612,0.992059105618239
robot3,2916,1722895667629929209,-18.29141085765448,35.64533939856693,-55.39286735665917,-0.014820858528290912,0.014782231621899192,-0.1233770454783534,0.9921390690975702
robot3,2917,1722895668135712884,-18.124315940306904,34.96085181643743,-55.42235753439808,-0.01679562588109942,0.01262795137580467,-0.11400894948767956,0.9932574697589887
robot3,2918,1722895668634873692,-18.00128859371594,34.36537096148829,-55.49451787906839,-0.017216327556831747,0.0097306185392198,-0.1085761241563464,0.9938914117706651
robot3,2919,1722895669133551323,-17.91302112476991,33.742384646597664,-55.570890887960466,-0.01893945790337735,0.012534514493315822,-0.1001764717725479,0.9947104389639967
robot3,2920,1722895669633163661,-17.81935280404693,33.12018077141198,-55.57492420754094,-0.031985494743732114,0.016120692737948257,-0.062453641367651726,0.9974049298412195
robot3,2921,1722895670131373908,-17.67174754073969,32.46768285271879,-55.56325919857229,-0.028260656381900926,0.013629473683974507,-0.030609563570336777,0.9990388517800475
robot3,2922,1722895670633875820,-17.543760206930166,31.824581739163957,-55.325254114750756,-0.025291256745019804,0.013314825126972973,0.05912124365364595,0.9978415436896492
robot3,2923,1722895671136426179,-17.420234401416053,31.20577728174965,-55.02776618089918,-0.028944438472744777,0.026404299044849814,0.14146855172091385,0.9891671655223068
robot3,2924,1722895671636704547,-17.30908733196212,30.7022648443635,-54.81532439891248,-0.03348553639983702,0.043472524047563146,0.21221665762008501,0.9756807616907841
robot3,2925,1722895672134372250,-17.31770778399236,30.33894653114729,-54.506856393117175,-0.02637267427919331,0.0006658921890268588,0.3042745381671158,0.9522190105548957
robot3,2926,1722895672635290102,-17.371159912269743,30.060048262011144,-54.02214987815541,-0.02549616030848211,0.009808164005749475,0.4110023099550552,0.911224915671191
robot3,2927,1722895673138987603,-17.480057306206717,29.937412165568922,-53.694750191844165,-0.018116276825136942,0.013216791527310147,0.5205705497083734,0.8535241178268137
robot3,2928,1722895673635951043,-17.519636732676368,29.81316933338811,-53.46882771203225,-0.01598497157785358,0.0188818989269466,0.606412761108209,0.7947650707861325
robot3,2929,1722895674133946590,-17.59419343910069,29.898468517493864,-53.08304056675045,-0.013513437980799903,0.02008368069833872,0.6766326378040314,0.7359227583258348
robot3,2930,1722895674637490519,-17.666914965853152,29.984665957881404,-52.670881712587985,-0.009434068398266113,0.027415505460317607,0.7374767117548718,0.6747499448188446
robot3,2931,1722895675141894533,-17.787763481122543,30.34894188594014,-52.008836049551476,-0.015036081150054037,0.02883187035348741,0.775400321999912,0.6306322067243328
robot3,2932,1722895675631757558,-17.97687149304726,30.7366601614098,-51.06756996801775,-0.016292216371065413,0.028355037008687786,0.7538433801359886,0.6562398294732662
robot3,2933,1722895676134588101,-18.20320956788333,31.055175293627652,-49.98067734101985,-0.012803390147065113,0.02966545754712783,0.7473631845543541,0.6636296438541877
robot3,2934,1722895676635600647,-18.314247027747868,31.017196639659115,-48.779564939892765,-0.019895143052597496,0.027836447823428857,0.6728890510698541,0.7389517172358432
robot3,2935,1722895677142940831,-18.49565434824425,30.833221096546474,-47.531422479948034,-0.02236695115395451,0.026984098027612435,0.6173885391677492,0.7858771975658954
robot3,2936,1722895677634563971,-18.681116052468827,30.647473845191453,-46.60532491779941,-0.021077306016412552,0.02957468106699359,0.5934819150002214,0.804027550509649
robot3,2937,1722895678131558177,-18.839064004573064,30.41803153740201,-45.67143420233892,-0.018764059384400653,0.025867193315172333,0.5606627610312296,0.8274273785524942
robot3,2938,1722895678632679524,-18.985468480246904,30.105739794101474,-44.664305261134494,-0.01329836955174762,0.022904269179507792,0.5523345620779038,0.8332017038837762
robot3,2939,1722895679136684173,-19.178650930927454,29.880138685296806,-43.80096464189682,-0.009589363020319245,0.014474984005634338,0.5620076141830114,0.8269497932493971
robot3,2940,1722895679634055407,-19.29667791932925,29.688144527458164,-42.98061168203221,-0.022369123665247768,0.0234578630584572,0.5583356717826599,0.8289816816927775
robot3,2941,1722895680134144849,-19.350206285475274,29.54122283421369,-42.16139659414085,-0.02134905574483499,0.022396457224047758,0.5637838313363012,0.8253426004068712
robot3,2942,1722895680634073640,-19.65450945517771,29.44793154067442,-41.47520765745574,-0.025207458414672798,0.021429998964624122,0.564766926234845,0.8245869621913107
robot3,2943,1722895681134439696,-19.773876600968364,29.33064427065192,-40.702386509726715,-0.029771041793417483,0.02410851500967373,0.5581529073073004,0.8288533022429065
robot3,2944,1722895681633462157,-19.7800175025593,29.289336141226066,-39.86912177697842,-0.03106842362458507,0.026123246032120486,0.5506878433325941,0.8337237121948282
robot3,2945,1722895682133260282,-19.845544138602644,29.15755676308363,-39.09114878493893,-0.021814723399988866,0.020996630503743934,0.5388488486209533,0.841858169581043
robot3,2946,1722895682634687118,-19.954893992816093,29.00549557254816,-38.33065155204703,-0.022340410759926963,0.017829177428616796,0.5286084387303077,0.8483844323079033
robot3,2947,1722895683133932122,-20.016332925685155,28.81277061467375,-37.623514627273835,-0.021940119853396223,0.019640630966350558,0.5207414439861827,0.8532064376639733
robot3,2948,1722895683640027076,-20.141459207141637,28.609557055706894,-36.79716346522722,-0.0217150537618089,0.021330750429729154,0.5107470257449036,0.8591920223203665
robot3,2949,1722895684137704110,-20.21905514141139,28.453033178368713,-36.0122132199759,-0.024595460656261125,0.026131474161198737,0.49268142422973,0.8694695069939105
robot3,2950,1722895684632578288,-20.281257048621562,28.279668862556484,-35.318885398669416,-0.023769914600688585,0.02488041391174378,0.4757600392281451,0.8789017813368512
robot3,2951,1722895685132057061,-20.382863184335783,28.109384060804928,-34.79530159887067,-0.023398458534602252,0.02246412480446984,0.45498305187284555,0.8899091513988635
robot3,2952,1722895685629775286,-20.549935458763414,27.961056824986418,-34.21635100487448,-0.027856446295844293,0.02680004571454275,0.4328879230784827,0.9006185774245736
robot3,2953,1722895686132559972,-20.700428066063505,27.74569459841322,-33.5137034920716,-0.028580551054121137,0.015053679389372975,0.4125523171910088,0.9103609857735634
robot3,2954,1722895686635219778,-20.768101142574075,27.427930275620707,-32.743009748831966,-0.031461833698840896,0.02178429253104191,0.4032117080456226,0.9143062485371957
robot3,2955,1722895687134890999,-20.8675757158076,27.269364521699277,-31.96686117322416,-0.03344585627039254,0.02572577166082259,0.4228085000570214,0.9052361745148761
robot3,2956,1722895687634858992,-20.90760226871389,27.183866240328417,-31.210404648816933,-0.02679620667249557,0.019706911183035514,0.4192756090286465,0.9072494500594896
robot3,2957,1722895688132293623,-20.99756121962146,27.07541385106694,-30.475182457687385,-0.025936812341640556,0.014180354694715989,0.4025577565429585,0.9149171831118851
robot3,2958,1722895688641760265,-21.013351862307314,26.838824150748906,-29.624987731096585,-0.026716675092589296,0.019381451216503445,0.3853527398965521,0.9221788570960406
robot3,2959,1722895689135344135,-21.094042163704767,26.638579995460947,-28.87241148531863,-0.02807311219825318,0.014544829437633676,0.35937915788710095,0.932655868573448
robot3,2960,1722895689632655686,-21.17558665709736,26.45812461807662,-28.109667422517038,-0.025902701387557875,0.013667845076381384,0.3343512933446089,0.941993340056384
robot3,2961,1722895690131655900,-21.304951571341853,26.269087697156415,-27.30847241302551,-0.02268874172134727,0.015152852821625443,0.31384351473788036,0.9490826414530201
robot3,2962,1722895690633311448,-21.38710081533141,26.030902786089193,-26.496192687068003,-0.021023882957927186,0.016566737243949414,0.3018237080247701,0.9529879269102204
robot3,2963,1722895691133564747,-21.42891767392848,25.809321708327477,-25.70391163140202,-0.018793828512932466,0.015912268408277086,0.2986607603221582,0.9540415829342659
robot3,2964,1722895691633360248,-21.50627148688092,25.557480146891233,-24.946516095242774,-0.0221249545896798,0.018797051365809368,0.29215870669951516,0.9559291016304621
robot3,2965,1722895692135327009,-21.537205330159125,25.26534201776013,-24.11990587540975,-0.022339750407421092,0.01783441059610488,0.2969703888730625,0.9544587248713303
robot3,2966,1722895692634352164,-21.653988520796297,24.973327894554014,-23.35618169353006,-0.0134531540352238,0.02264717810280533,0.29335548070685613,0.955640455354279
robot3,2967,1722895693136742843,-21.799992914755734,24.811340778904544,-22.609279783828658,-0.012490717197717605,0.022085379282397326,0.29911110915992584,0.9538808952814593
robot3,2968,1722895693634232383,-21.855970268605713,24.578616885793732,-21.898740417745746,-0.012389262319669608,0.020375350313723187,0.29360335468857574,0.9556298558513028
robot3,2969,1722895694134386996,-21.961297890327966,24.31670226836127,-21.101870622879165,-0.01371152805414467,0.0241418428758998,0.28644897835815947,0.9576931388594901
robot3,2970,1722895694631927933,-22.141250658891416,24.125141984017283,-20.198773384553537,-0.01003833425268621,0.02206737250976029,0.30571240495486735,0.9518152070505378
robot3,2971,1722895695135816902,-22.20816466950022,23.971289956897458,-19.328030123584455,-0.007763460717698981,0.0192309431960882,0.293716115793631,0.9556676947687287
robot3,2972,1722895695636211905,-22.26362711697356,23.83912857260889,-18.506853818055117,-0.00972411643796878,0.021388864790220893,0.2710399613165539,0.9622812984735843
robot3,2973,1722895696134506295,-22.339249667775448,23.5807205804942,-17.683840085098016,-0.008676358710170314,0.008976924416535408,0.24351855114769505,0.9698158850392583
robot3,2974,1722895696636243416,-22.41224283839977,23.337784882781317,-16.867623082725306,-0.011889744024966124,0.02335391500417707,0.21090420448528688,0.9771553843536998
robot3,2975,1722895697132822477,-22.538661734651107,23.155915776649866,-16.05708776096388,-0.008056964137515296,0.020721992319317265,0.1958335991621261,0.9803850701649901
robot3,2976,1722895697633799639,-22.655910035137303,23.00849414968139,-15.284633843830104,-0.008624329281134328,0.014247931941010868,0.20209893006902854,0.9792234882011402
robot3,2977,1722895698135921897,-22.81602640074195,22.956575808893206,-14.51561763256345,-0.015412888393040839,0.019547408831872753,0.22493147850303033,0.9740565546505932
robot3,2978,1722895698633122191,-22.935018626430317,22.770057107831196,-13.790251671321002,-0.012795708797042175,0.00896783862441158,0.2206965772901401,0.9752173442259962
robot3,2979,1722895699136340158,-23.081881788184127,22.64179680498321,-13.121976050652613,0.0010238710919210539,-0.004841714880127221,0.22376669526692056,0.9746301737450609
robot3,2980,1722895699632534515,-23.199765408290023,22.409553976956694,-12.4037617924987,0.002095832670050265,0.006145224952877734,0.21795051204823385,0.9759382244761245
robot3,2981,1722895700131700551,-23.362475703905762,22.17872222626056,-11.647118512065745,0.006007657984672593,0.0023162773792557807,0.24179810813002192,0.9703052188921709
robot3,2982,1722895700634563859,-23.536990822629214,22.057052555064466,-10.834550163229625,0.005031622224432588,0.003412717333806397,0.24218075564143296,0.9702120993551537
robot3,2983,1722895701136567119,-23.693305211769616,21.841902950807363,-10.031446958373717,0.008867649909884204,0.0010900014942113864,0.22036337089682084,0.9753769330104176
robot3,2984,1722895701637020295,-23.89361505947266,21.70241301620781,-9.259267172273194,0.007353897067288152,0.004192041253413152,0.20909575870690633,0.9778585330602974
robot3,2985,1722895702135230017,-24.045574494205272,21.568893977307763,-8.494116944900783,0.008394851296996172,0.003602551200368506,0.19981131705253521,0.9797918073112681
robot3,2986,1722895702634614515,-24.179084204936288,21.498707194938326,-7.673538339082812,0.0027417857334659248,0.003779176611792354,0.21166207770105694,0.9773317580527097
robot3,2987,1722895703133466669,-24.292896922189737,21.343691645324856,-6.918236867705496,0.0048946098092984966,0.004144070211595702,0.21246719710169526,0.9771471535202082
robot3,2988,1722895703639799178,-24.42152393039845,21.254026430065117,-6.1840251494219265,0.006625568927657462,0.0020606387010968733,0.23064428857565267,0.9730133954637827
robot3,2989,1722895704135852095,-24.557567261737116,21.12757504809811,-5.361377289728619,0.00908152855773509,0.003702619343097349,0.2356008082980972,0.9718004299126125
robot3,2990,1722895704641935604,-24.632863396924172,20.945711503351415,-4.655645420888813,0.0065847934911746325,0.0056541872184432814,0.23116971697124916,0.9728747260654941
robot3,2991,1722895705137521324,-24.74248356090351,20.744888514721158,-3.842944050421858,0.006691847193160379,0.004706136702671256,0.22874252976267265,0.9734525805278097
robot3,2992,1722895705642489284,-24.79684602545107,20.533128356328707,-3.082115387459743,0.008203455477160488,0.009491869670034733,0.22244844187007992,0.9748637332663345
robot3,2993,1722895706135600112,-24.950048531573433,20.436486925507847,-2.3635282659618078,0.00711750793711474,0.014248524635382493,0.21893044355344024,0.9756104660734088
robot3,2994,1722895706633989292,-25.028796044922473,20.275588995465668,-1.6913424714723009,0.0045346532160647456,0.0075734932168540214,0.21458932977568093,0.9766644759932288
robot3,2995,1722895707138580692,-25.086865141032128,20.180189834558497,-1.0283959394704256,0.004138417200133275,0.011235606357899428,0.22164412389998348,0.975054109777225
robot3,2996,1722895707633116365,-25.17557198929432,20.015482307829753,-0.30920206175354564,0.006976687354237838,0.011613100509062838,0.2244042954551356,0.974401957054383
robot3,2997,1722895708130837653,-25.30539740245108,19.790563531189136,0.4466264929850371,0.00527041036346843,0.011772504245409017,0.227623811862854,0.9736637156592705
robot3,2998,1722895708631798207,-25.452615620434518,19.662775349320846,1.1838989866389573,0.004117104009032699,0.012217568679619262,0.23143666572781982,0.972764539971995
robot3,2999,1722895709131089518,-25.56541037046248,19.5556435505336,1.864080735625672,0.0038503117474761035,0.010647364102982119,0.2339989609429466,0.9721709186221974
robot3,3000,1722895709637150096,-25.638837496575185,19.377895186478554,2.616951042070914,0.005642849577451313,0.015012282646341163,0.25158546894497474,0.9677021966669962
robot3,3001,1722895710135222536,-25.740428632033158,19.30398283560351,3.291685110183287,0.005694303693232967,0.010979833199887058,0.26234109260719163,0.964895937030526
robot3,3002,1722895710631860693,-25.876122696303938,19.39307341566424,3.7892096418920724,0.0071211095048258465,0.013812087834618935,0.3093281056874885,0.9508283962213471
robot3,3003,1722895711136020920,-26.012132343922485,19.63349713912455,4.230179994947551,0.01299526734012949,0.0150904122623931,0.4212386989215292,0.9067311404244407
robot3,3004,1722895711635109292,-26.102930860537708,19.882277146175475,4.612586109988083,0.02024882429223143,0.010483227831806363,0.5097834105230166,0.8600005589559406
robot3,3005,1722895712131502914,-26.26316533424091,19.96012456948285,5.155420932377003,0.03089817261565857,0.019104841701688288,0.5297360806804984,0.8473842061177628
robot3,3006,1722895712636665604,-26.420835527683344,19.92583875244491,5.86362607499331,0.014890338291617452,0.015859044652319628,0.4487180233026808,0.8934085874288492
robot3,3007,1722895713147401589,-26.49357104161179,19.691264580558713,6.661841828207505,0.010641747652872718,0.016195232715608708,0.3275792972536978,0.9446249370278944
robot3,3008,1722895713634260330,-26.5876643625627,19.458727435548532,7.36626843716279,0.010313866893153847,0.013070818299571083,0.2590550624231175,0.965719033928422
robot3,3009,1722895714136736392,-26.779108752680212,19.38736597192878,8.194812405503681,0.00844498262339095,0.015203579436536154,0.2862744785409319,0.9579897997248848
robot3,3010,1722895714633405326,-26.95694745278335,19.416380048486918,9.038477293435829,0.011395346858597872,0.012907406111426432,0.31604481553252495,0.9485880135825349
robot3,3011,1722895715135218057,-27.131202266778917,19.467792339862402,9.887220674058742,0.009738723887957016,0.01351456925319193,0.32058387459238724,0.9470736470973454
robot3,3012,1722895715634665813,-27.23779288998982,19.41723260437527,10.652500751841712,0.00852926488122593,0.015519244550119897,0.3224155997497034,0.9464325574108376
robot3,3013,1722895716135539023,-27.33385802701097,19.37563951237935,11.419725080012338,0.011900522874439264,0.018322856141241094,0.3268187350201971,0.9448344643046952
robot3,3014,1722895716632537330,-27.50820061153879,19.402288285694524,12.05037893963567,0.011688785048123283,0.015433534993076042,0.3245372058148,0.9456747751439912
robot3,3015,1722895717133962252,-27.674132563583793,19.30786442298217,12.733137271672271,0.011097287862555292,0.01504742441227735,0.31037085092962696,0.9504316704076479
robot3,3016,1722895717633319007,-27.75664076797363,19.128165258833874,13.524815142524185,0.00716438911976161,0.02451207236359448,0.31426867450916207,0.948990532123075
robot3,3017,1722895718132962700,-27.92543173181448,19.06043976699254,14.277103725612335,0.0033085763287029595,0.020576941877306472,0.3222116857020599,0.9464382031504709
robot3,3018,1722895718636436877,-28.11516343978715,19.28291115498662,14.760216618109697,0.006128504784314012,0.020033317044726846,0.40817925677778766,0.9126613840705802
robot3,3019,1722895719136539716,-28.277779590167693,19.29227515396275,15.371193425618634,0.003956941457948623,0.017779233152291504,0.37221207673235474,0.9279689711501148
robot3,3020,1722895719631125727,-28.35962578981094,19.100168605460393,16.23382748941104,0.00825260065466891,0.020374816615790856,0.35684601354896506,0.9339045369011327
robot3,3021,1722895720134713518,-28.425397340330203,18.92241027586398,17.132851660663373,0.012132578621662407,0.02339472139763117,0.3347794102837997,0.9419279346089847
robot3,3022,1722895720633483739,-28.513867896923273,18.781685552725396,17.985901987739943,0.014701959843324291,0.01852971537883706,0.3003961863195748,0.9535211760990943
robot3,3023,1722895721133893001,-28.623648210860317,18.69131356053703,18.776478619828524,0.012529688686740993,0.017879135539620263,0.28069078782933193,0.9595499075303577
robot3,3024,1722895721632585967,-28.74389665783182,18.562175712000275,19.53051810801301,0.01107146534233336,0.01732066802250811,0.25626682117095645,0.9663874655030251
robot3,3025,1722895722146124111,-28.845721784783283,18.3766786202771,20.29623789714039,0.008899175324807922,0.019974599804688863,0.23127402852112788,0.9726428654818732
robot3,3026,1722895722638447612,-28.903498153344316,18.191835629745068,21.03466377899926,0.01199159011449371,0.014609553257643303,0.20987230906538973,0.9775460994795588
robot3,3027,1722895723136928420,-28.937174733383653,18.018537864931755,21.797330422112235,0.009750337930810187,0.020525885186415852,0.1872357447289986,0.9820521344833616
robot3,3028,1722895723635600351,-28.994055073549415,17.756644020686878,22.548100479733133,0.011989218788467086,0.01508717137201599,0.16723653617625756,0.985728449858581
robot3,3029,1722895724137574027,-29.04525442987246,17.474468891099427,23.266226264847575,0.01114322187447293,0.014292896039957106,0.14644995575790776,0.9890520472591693
robot3,3030,1722895724633451734,-29.11249442348939,17.2917269183452,23.989357309481736,0.010820076598870612,0.015011915860875958,0.15871037782025585,0.9871517534283836
robot3,3031,1722895725134753881,-29.197637019096092,17.031993602801172,24.78564999820982,0.00620444492953369,0.018121961261954377,0.14957778378958228,0.9885644065915653
robot3,3032,1722895725634023138,-29.230911474255368,16.735375398769964,25.542764324037893,0.0036904131372459243,0.014479217849752108,0.14166316439672882,0.9898021423266576
robot3,3033,1722895726133030563,-29.31644555573483,16.515119030335136,26.257293405363523,0.005260643264261637,0.014219975799959256,0.15144972705846982,0.9883486723290571
robot3,3034,1722895726635011155,-29.43599290980123,16.361004723479635,27.02174262564151,0.003919438456682784,0.015527144253343114,0.1581111810852689,0.9872914464378497
robot3,3035,1722895727131694929,-29.492420555625767,16.10964868958601,27.767099070562764,0.00606739448081471,0.012557806669266121,0.1570772288133101,0.9874878391171217
robot3,3036,1722895727631093312,-29.53152948374857,15.898385469423971,28.559996357833626,0.003668059233189823,0.013699192636206321,0.15397912236363304,0.9879723211399716
robot3,3037,1722895728140850514,-29.73015048604564,15.676371140691966,29.363027635032516,0.0004990186078961739,0.014065686509901492,0.15319116215566253,0.9880963390686313
robot3,3038,1722895728635826054,-29.87759665553705,15.467932241399454,30.061508746952235,-0.0022130374545683592,0.014890778479507427,0.1524157461107649,0.9882018050575488
robot3,3039,1722895729136291904,-29.951731850027628,15.348370760710228,30.73864850705002,-0.003929868145206493,0.013267344141134408,0.1519564199314733,0.98829033191538
robot3,3040,1722895729633711366,-30.063398677117263,15.240386120001373,31.28107564699585,-0.0033189716233949017,0.01346413702144819,0.1526598260426184,0.9881815010180408
robot3,3041,1722895730130646236,-30.17099679076079,15.15611583456024,31.75050837844133,-0.005112004117001114,0.012820420440601275,0.15595246612499963,0.9876681287472857
robot3,3042,1722895730636900823,-30.25972318905257,14.980897297608808,32.27026230844396,-0.006399628494466428,0.01210867496407164,0.169745330378356,0.9853927884658433
robot3,3043,1722895731146666336,-30.3089799034598,14.708760322893982,32.78395050612036,-0.006149055340342513,0.01660302257696377,0.16789483401157926,0.985645906739309
robot3,3044,1722895731632004035,-30.316443372807452,14.504373599885682,33.301526006339266,-0.005126950592927815,0.02013361479004788,0.16588691372296283,0.9859259017738472
robot3,3045,1722895732132501074,-30.36793653641516,14.350873490586034,33.825446343512,-0.002373506078603422,0.00885024542395675,0.16364736769552013,0.986476344709369
robot3,3046,1722895732631482670,-30.485273719158204,14.145360096772134,34.3775685163102,-0.002439001913503547,0.011067589436340083,0.1624161799788607,0.9866572577216512
robot3,3047,1722895733135635923,-30.552072003557683,13.930782711936471,34.92742616307675,0.0011303254275887677,0.009331881942483047,0.1622297955802041,0.9867082303142325
robot3,3048,1722895733635757552,-30.65170331033656,13.810962466361604,35.46019570910509,0.0004901716539823628,0.011027078918887033,0.18952607879382682,0.9818136425612054
robot3,3049,1722895734136334920,-30.70906564753396,13.739078586154355,36.09692253052024,-0.000555536380883712,0.01238522549848757,0.22147712974342842,0.9750867543810108
robot3,3050,1722895734637992846,-30.752904759078294,13.640447917022286,36.67730389593775,-0.0012509039591722328,0.012003131474563026,0.22207556452373534,0.9749547700870812
robot3,3051,1722895735134953493,-30.853359487603107,13.564993647114136,37.20040912531043,-0.003249432203243231,0.012179775727031661,0.2227178076056925,0.9748014528245788
robot3,3052,1722895735634165238,-30.959489650514573,13.477892827757126,37.72397426533807,-0.006899250991600301,0.015533980284732874,0.2224828401888185,0.9747884291546475
robot3,3053,1722895736138378799,-31.027727101894595,13.441476262826898,38.214667393840415,-0.007936181866652537,0.014040323423979132,0.21340000049139346,0.9768317798504524
robot3,3054,1722895736640887368,-31.098543079432126,13.357170008515796,38.68225301768581,-0.009682555267986573,0.014434143680275482,0.2054102165375948,0.978521612720781
robot3,3055,1722895737134363973,-31.155960140419776,13.181781355846317,39.19865393423988,-0.008455309278944651,0.013785900122038168,0.1986352858435896,0.9799400389414947
robot3,3056,1722895737633600800,-31.171203327631808,13.042816363414945,39.756218252895025,-0.011328717769139568,0.017738088084902248,0.20453489685986512,0.9786329732598037
robot3,3057,1722895738142201823,-31.203710526757764,12.927449419572286,40.38257185578097,-0.009844249086287312,0.012858977189567928,0.21784938660644104,0.9758480323394431
robot3,3058,1722895738633284342,-31.259466210969446,12.769312715532127,40.98959054022355,-0.006869776066069995,0.018669062416882383,0.21479899611938996,0.9764556638943618
robot3,3059,1722895739145097338,-31.3588880723748,12.73509047117927,41.57240850989958,-0.0057598757054253555,0.017445763460763306,0.21091269861860776,0.9773322376400696
robot3,3060,1722895739635682303,-31.450662295428018,12.644673862070443,42.10522591269014,-0.0030894094321603847,0.019691225637138078,0.2062569766775085,0.9782948281341988
robot3,3061,1722895740133976301,-31.50128126755006,12.43267504590767,42.70222953732807,0.004521444088360279,0.018176745612182094,0.20071220786264968,0.9794711695998032
robot3,3062,1722895740634405080,-31.558541144241588,12.297342779101976,43.28207640718806,0.004559292429171459,0.00794137425958706,0.19288390773280703,0.981178855033646
robot3,3063,1722895741138342521,-31.651973515176337,12.271499935815294,43.79833039518685,0.00922103948184967,0.0067012521398509715,0.1894126006562017,0.9818314174863659
robot3,3064,1722895741638008758,-31.73026811346062,12.023767784290346,44.44144134965499,0.002994975779487835,0.009117204318387636,0.1891211048462633,0.9819068766472847
robot3,3065,1722895742130899911,-31.805913039841425,11.851134572507755,45.02767941124826,-0.0020601309929448868,0.005897066667776757,0.19623386373155857,0.9805372258053193
robot3,3066,1722895742633813736,-31.881797186119773,11.739958320029015,45.61853797899607,-0.0054252584540503855,0.008497350477469589,0.19578600188126763,0.9805948210514464
robot3,3067,1722895743131745771,-31.960113294084497,11.60378690666476,46.2483737879557,-0.011552037049079814,0.014695352297350346,0.19464197460973326,0.980696231654276
robot3,3068,1722895743637410763,-32.01193118977521,11.510875499577331,46.8375673769042,-0.012635382399492412,0.010087859811741,0.19205805779627377,0.9812503679650574
robot3,3069,1722895744135998087,-32.08641848179785,11.362860986805691,47.45100979542712,-0.013137575212893115,0.012278988701480772,0.19002928761666418,0.9816137226026833
robot3,3070,1722895744637083285,-32.16057552075802,11.031169347167015,48.263247121804156,-0.013522198690048065,0.014560701936963714,0.18689095296349625,0.9821796718534171
robot3,3071,1722895745134811467,-32.24671987373818,10.727198463824168,49.0957242211359,-0.012746636316715113,0.008808429966121243,0.18560941471713482,0.9825014401986921
robot3,3072,1722895745636250586,-32.400376162502106,10.51092172962338,49.97419542842091,-0.01483643724419405,0.013090255747707417,0.1812623091947878,0.9832357299242801
robot3,3073,1722895746138054289,-32.54795011871893,10.390386954236382,50.84059242099168,-0.01683627708020981,0.01522316793245714,0.17606858636846603,0.9841161759804524
robot3,3074,1722895746632656782,-32.65796829442353,10.223681095051345,51.706334077985225,-0.010569841465722957,0.005735369627788361,0.17203860137520452,0.9850168037264571
robot3,3075,1722895747155036710,-32.754991163300474,10.002735440252374,52.597332661046075,-0.016115434324806516,0.010010205537279547,0.1654174661262332,0.9860411504911957
robot3,3076,1722895747644125750,-32.863115408812334,9.875833122731633,53.336738474061676,-0.015500496544530631,0.008565432135923763,0.1609124556276436,0.9868097839011728
robot3,3077,1722895748133634539,-32.93692591674799,9.726827442619314,54.078093066153265,-0.014976930804351047,0.005917976093467832,0.15675097491498316,0.987506861224691
robot3,3078,1722895748632888429,-33.009210118243985,9.519168546203398,54.86463315757007,-0.012643272914321492,0.012054376416496072,0.1648173901654475,0.98616939090517
robot3,3079,1722895749130755896,-33.070546121208174,9.393502670570367,55.5409480969629,-0.014878462023534204,0.012021418141977621,0.1621183992154983,0.9865859017386547
robot3,3080,1722895749634193850,-33.1501260524264,9.332474265925722,56.09672546132904,-0.012871928669935162,0.008211593819161795,0.16015101807672905,0.9869744346173575
robot3,3081,1722895750137913029,-33.239361849049345,9.112049943902807,56.79272064216439,-0.010369315899348091,0.0112291088398925,0.18951665962107594,0.9817585345330645
robot3,3082,1722895750633657576,-33.308961535999856,8.877501856486576,57.39019770408726,-0.013454819235264846,0.010037946369438147,0.19301790005110328,0.9810516284742068
robot3,3083,1722895751140709739,-33.39025837046946,8.722182604224317,58.061805634340644,-0.015742856097449454,0.01809900743234077,0.19035234640027118,0.9814227288135171
robot3,3084,1722895751636112672,-33.45726055465203,8.528650278401601,58.72182368496875,-0.011418623438221332,0.006838789244699382,0.18696038674463836,0.9822772825372366
robot3,3085,1722895752132791264,-33.57782718846521,8.465163931895054,59.34922335787635,-0.006328649668491693,-0.005506948319385959,0.18855595660990374,0.9820266151894791
robot3,3086,1722895752641660020,-33.71599853160279,8.483282826888418,59.88854413425645,-0.01305971043300052,0.006475915834721099,0.18607123359689418,0.9824281156935798
robot3,3087,1722895753134328080,-33.80691027400817,8.307604234860058,60.456481139210865,-0.013172055311059232,0.009786588206736354,0.1846452420106613,0.9826682320361123
robot3,3088,1722895753642007777,-33.84147132751162,7.893708090725033,61.19395115450723,-0.01494351350823197,0.006138929021628249,0.18520988558090937,0.9825661826246633
robot3,3089,1722895754137554908,-33.918895147752565,7.633866870560849,62.132607620343165,-0.014604577880586994,0.010970815488590049,0.2326811984071349,0.9723815133065131
robot3,3090,1722895754635871794,-34.06837063324453,7.499112203236099,63.05397113687966,-0.015250204295879276,0.010375411976731834,0.2324301268889574,0.9724381822047251
robot3,3091,1722895755134554557,-34.19543724776624,7.483867531769622,63.942656141443294,-0.015951976804494488,0.008046874157987804,0.2310571976239153,0.9727761066548136
robot3,3092,1722895755634516703,-34.35834847223372,7.414849486522891,64.83784111241839,-0.01759587200409185,0.008282571704443444,0.23043022340694133,0.972894493989458
robot3,3093,1722895756132319717,-34.520866609178206,7.330088610930516,65.68003771991195,-0.017905696537029746,0.006852659307599527,0.22811584726986242,0.9734452153646299
robot3,3094,1722895756640890663,-34.643702387313674,7.209383251955325,66.5179348136985,-0.01981680164307996,0.01297115085538989,0.22536322027292513,0.9739868903462421
robot3,3095,1722895757136224156,-34.76970577072168,7.032628090211233,67.44978789830661,-0.018073225917970503,0.012576948610463975,0.22435829170834526,0.9742579411071182
robot3,3096,1722895757634662137,-34.86628215653945,6.909741608836025,68.28472958309526,-0.01928171287968075,0.01320069755816105,0.2226976335328734,0.9746074702931747
robot3,3097,1722895758137663034,-34.94133059264096,7.078920505586074,68.81112593041588,-0.019088401314344708,0.010665456451529033,0.22300677178551595,0.9745716293386268
robot3,3098,1722895758632172686,-35.02631675360069,7.13922580817655,69.2958357434675,-0.022022198323606277,0.025121654155263518,0.2221469852553196,0.9744406817325885
robot3,3099,1722895759132204582,-35.09200422908477,6.9814929262667205,69.88541267448767,-0.0201679075353454,0.014702877687180663,0.24352070042425977,0.9695745197550518
robot3,3100,1722895759636372346,-35.16793459377512,6.8224267264400895,70.48510350434485,-0.01818076498861381,0.014184088218547806,0.28240267184610046,0.9590187705983761
robot3,3101,1722895760137200721,-35.24165634566502,6.694050270700461,71.09881357622643,-0.016051934382633436,0.010381520514831674,0.28077229310662183,0.9595840134443805
robot3,3102,1722895760637219566,-35.3355170384615,6.562160896443272,71.76223705567475,-0.019279054690000342,0.012591422090946004,0.2746302417254279,0.9612741567678913
robot3,3103,1722895761140388978,-35.41424151850941,6.444038786956322,72.44567947214018,-0.014806109815275621,0.012964609710578723,0.2695253550407356,0.9627921795472562
robot3,3104,1722895761636731775,-35.527123082047545,6.363133461687161,73.15850088501067,-0.010905394816439668,0.010719594441469884,0.2659410001541645,0.9638680133171298
robot3,3105,1722895762141440506,-35.643014787735666,6.357861080000594,73.89517263742671,-0.013467859033372302,0.013052988553553597,0.26025218956910556,0.9653585002926967
robot3,3106,1722895762638146746,-35.723996629514374,6.242363531242556,74.67285495048841,-0.011774722816711576,0.012473284454438807,0.23994128423375918,0.9706358499446446
robot3,3107,1722895763137416609,-35.844920433936714,6.061484003856701,75.40336636390455,-0.012947923619051857,0.013401930763962707,0.22310025054889923,0.9746173699102493
robot3,3108,1722895763637162964,-35.97693166940933,5.951417551281785,76.20841721842613,-0.010269090145439943,0.009363946669352969,0.23389729618228913,0.9721619809110891
robot3,3109,1722895764135086774,-36.13157814325058,5.899861865108769,77.00043864119289,-0.009598489063431317,0.012219535769154776,0.2294416437753755,0.9731983785718815
robot3,3110,1722895764641252262,-36.26266078022826,5.828981547009575,77.83991099643474,-0.0076238294718886605,0.012413526379090536,0.22487871630126144,0.9742778579756989
robot3,3111,1722895765136741717,-36.359193790226826,5.678828219083451,78.64341502356062,-0.008741039830220558,0.013512531742155396,0.21936860501921562,0.97550931355909
robot3,3112,1722895765643187049,-36.48253949086508,5.514944183604657,79.49157978009431,-0.00867064564019549,0.01127446263958967,0.21171564697980977,0.9772278092749364
robot3,3113,1722895766136511933,-36.56675543423265,5.339644543175344,80.34318907519643,-0.010064541060384437,0.012741129076934836,0.20574861033664943,0.9784701722523923
robot3,3114,1722895766643259023,-36.666628908611656,5.295334320959898,81.16900447894169,-0.008957495427015155,0.007575723749286909,0.20152594493888243,0.979412918641489
robot3,3115,1722895767140464132,-36.81425766180117,5.214733898832872,81.96645680085581,-0.008462107457215748,0.008236394771692685,0.20409119829961325,0.978880655297251
robot3,3116,1722895767633683539,-36.95032413046631,5.013440168206411,82.7873502416034,-0.008200083808356903,0.009112721350128904,0.2147298051197457,0.976596553203198
robot3,3117,1722895768138158134,-37.06723106206264,4.891836226539282,83.67063363972342,-0.01368255917813766,0.013773493837713093,0.2128316990633198,0.9768959751763028
robot3,3118,1722895768636510875,-37.2118089461883,4.803987489038171,84.55440182903075,-0.01266220808217306,0.010150962598921393,0.20951954506198223,0.9776697738407479
robot3,3119,1722895769137574665,-37.32505732584087,4.670159826581801,85.4574883424949,-0.011532953586708505,0.016755194562238087,0.2049132374653891,0.9785687607665602
robot3,3120,1722895769637625257,-37.452251020868054,4.5524949943341655,86.30661071863517,-0.010813591983192152,0.010329799435229261,0.1999012274747903,0.9797019244270785
robot3,3121,1722895770138900740,-37.56989914029811,4.4105524664979185,87.17570044543203,-0.008707613775799481,0.012267819187184753,0.19650494066732713,0.9803874164676188
robot3,3122,1722895770639656205,-37.69745381837815,4.294382965225288,88.00857911698627,-0.010461747926535958,0.011362011968981019,0.19347809389194998,0.9809830190672396
robot3,3123,1722895771138745036,-37.83329263939983,4.151985142297328,88.87701783048891,-0.009544441499566887,0.01218214398359204,0.18785916784946544,0.9820740461183823
robot3,3124,1722895771644404461,-37.94748694671297,4.013166426176395,89.73357678670544,-0.009361598270376888,0.008169691125081998,0.18360317168342044,0.9829219155011923
robot3,3125,1722895772137629264,-38.05508133548577,3.9783817917117106,90.49240916861316,-0.011332475782389023,0.014535412695257216,0.17923155143521344,0.9836342550666618
robot3,3126,1722895772638198470,-38.176361195444926,3.7901725295404627,91.31211279347492,-0.009351803725011374,0.01127584144000989,0.17849579323035988,0.9838316171815039
robot3,3127,1722895773136707696,-38.27594368992626,3.5981908507515636,92.06832159442223,-0.008173679819849414,0.009113997728827474,0.17667084617545376,0.9841938518987255
robot3,3128,1722895773640920003,-38.38071084021058,3.4024948963091015,92.90756782946995,-0.01042258381507834,0.011426126666083189,0.17363306465818984,0.9846889723326006
robot3,3129,1722895774136720242,-38.508808903934074,3.2657649922899474,93.72033840287813,-0.011270216102406135,0.012058818442218233,0.16907792960456103,0.9854644696017294
robot3,3130,1722895774643891127,-38.6118569494949,3.0691505717326923,94.46310193334995,-0.007011784174873669,0.012425507117262308,0.15781361033148125,0.9873658420513174
robot3,3131,1722895775136712363,-38.75706059178974,2.893384212409616,95.19669057426776,-0.008391683089981507,0.008996272373579858,0.14507330646889524,0.9893444205576133
robot3,3132,1722895775642513621,-38.801501336535736,2.664003850898668,96.03378891891967,-0.014725187940743685,0.005192620669046943,0.13442338842073848,0.9908009679931609
robot3,3133,1722895776136178682,-38.86678146077975,2.374437915054503,96.8074883265403,-0.017876971148505942,0.0060414471620552825,0.11925775426216026,0.9926839894282015
robot3,3134,1722895776643714745,-38.96446498504504,2.207459106054112,97.5461830632666,-0.020048614547514165,0.004370083514206472,0.10709439519444065,0.9940370948524714
robot3,3135,1722895777136395079,-39.02697165400615,2.0111218837023896,98.28001491835192,-0.021192133558497472,0.00996221001781894,0.09598011874327785,0.9951077653464603
robot3,3136,1722895777633595523,-39.07207018816368,1.7082438344579773,98.96993054676372,-0.018342065522605012,0.014271349880352004,0.09037623369761331,0.9956364967133293
robot3,3137,1722895778138997857,-39.06228548537496,1.4200100843421035,99.64778463932787,-0.0138242596203847,0.012866382189268373,0.0880836722066082,0.9959340403590524
robot3,3138,1722895778634525605,-39.11983699303365,1.148967200101458,100.34611672687703,-0.010764192291216411,0.015256464778901413,0.08662258942195443,0.9960662123817892
robot3,3139,1722895779141339244,-39.160872433263705,0.7518359021716785,100.98220121824153,-0.019887221175929646,0.01144767625654463,0.011228475083774548,0.999673631986719
robot3,3140,1722895779633033062,-39.19086528209532,0.3652750240737015,101.56997148006673,-0.01992778467249649,0.006152769241662568,-0.010371598129407,0.9997286915863461
robot3,3141,1722895780137572035,-39.140882620903774,-0.1470772360196608,102.28033809946089,-0.018806028829901338,0.005290907953646132,-0.02270062020733988,0.9995514100909854
robot3,3142,1722895780632204827,-39.167108015920334,-0.6563551507918783,103.11895604211115,-0.020403745001142743,0.004633651586043992,0.040004859148064294,0.9989803940555847
robot3,3143,1722895781136202356,-39.28052997460886,-1.1348712253063347,104.04838413766652,-0.022388794187450652,-0.00020517356234948898,0.049638135940735774,0.9985162769123849
robot3,3144,1722895781635932553,-39.39657875508939,-1.5748478910483827,104.94394394530529,-0.01696643689152809,0.005112958683844447,0.07340625414708683,0.9971446833458003
robot3,3145,1722895782133132909,-39.48526988584088,-1.8421051002690279,105.84338217769758,-0.01448561250933707,0.0070959171733670275,0.10842368728816237,0.9939739025872545
robot3,3146,1722895782635701296,-39.58189183543987,-2.059094443795444,106.70767633609543,-0.01602541985434567,0.0014402222490555016,0.10601445929759695,0.9942344019888888
robot3,3147,1722895783138126124,-39.681909494718695,-2.116469311926392,107.62408754542521,-0.016101953059339657,0.013515528163753777,0.20838501770971618,0.9778209150965481
robot3,3148,1722895783635032788,-39.84968883159445,-1.9772190052433762,108.52922604047174,-0.016479654391373007,0.018670019949774862,0.3337365693375861,0.9423373884299585
robot3,3149,1722895784132667260,-39.98520381329046,-1.8198175636398743,109.2142305466011,-0.024890687466902074,0.006200169587631493,0.3440100337200886,0.9386155273989522
robot3,3150,1722895784635503731,-40.14536958446484,-1.8359994330013918,110.12876520515422,-0.015892218737702232,0.014546819697622441,0.3383317597436737,0.9407802335131341
robot3,3151,1722895785132529611,-40.265879654640095,-1.9391007383273424,110.83538147092466,-0.022140180221469404,0.020002090008190313,0.30715949955719446,0.9511901863701282
robot3,3152,1722895785640605072,-40.32126394851796,-1.9720293192665883,111.49833382841211,-0.03206737533239925,0.029197242916085678,0.22974446765682893,0.9722842609167704
robot3,3153,1722895786140418969,-40.39543103339001,-2.1129515607101186,112.14182610572233,-0.03390136049251898,0.009559636500103393,0.14140213808796157,0.9893253996794458
robot3,3154,1722895786644417570,-40.50406681873356,-2.273243698583139,112.85671336865863,-0.039335010162039816,0.004905923500967953,0.1283108799579613,0.9909414750501508
robot3,3155,1722895787132265448,-40.57806158992406,-2.6024137323868395,113.67952776270596,-0.029167438892096206,0.007952945598908464,0.11788442927889659,0.9925670115908373
robot3,3156,1722895787638958616,-40.68165641539607,-2.983116849692454,114.66874523405666,-0.025435571759052276,0.011326629161571927,0.15704898713287394,0.9871982348047756
robot3,3157,1722895788134503041,-40.820810613450455,-3.1931664410369596,115.6779442417074,-0.031744276273930394,0.007177509606247698,0.17435238146882348,0.9841453304039229
robot3,3158,1722895788633956170,-40.916855276626805,-3.4104535831484033,116.68266144076071,-0.04886281186650728,0.011206884512240096,0.17078466379828097,0.9840322301466227
robot3,3159,1722895789134522254,-41.0017993974653,-3.6529278511967167,117.66649380096065,-0.03711246406031886,0.027012042924504927,0.1759148666211687,0.9833346196743368
robot3,3160,1722895789637765566,-41.125620842689486,-3.7849381015274792,118.56153176830856,-0.03482505735674355,0.010730089894371405,0.1823963023798982,0.9825495760668258
robot3,3161,1722895790141583638,-41.24107940346595,-3.9984884196446733,119.4747956928095,-0.023708837625697494,0.016425884648052072,0.1750920022475204,0.9841294996497775
robot3,3162,1722895790641980812,-41.30467127957385,-4.278711138261761,120.4431232271444,-0.02524179955155001,0.01861785443375645,0.16476881937369395,0.9858333851183383
robot3,3163,1722895791134991698,-41.423294810271265,-4.484678737691416,121.29151506132631,-0.026117849754261024,0.016765552423017256,0.15634542980570876,0.9872147085386406
robot3,3164,1722895791641573490,-41.55712740306338,-4.584086375356008,122.06362540713002,-0.0264069491672621,0.01806534548995565,0.14913380816749464,0.9882992581143968
robot3,3165,1722895792133627870,-41.62624876000628,-4.785564660149225,122.73002943008663,-0.024950463016109575,0.018101111713181045,0.14291048605195206,0.9892554862756251
robot3,3166,1722895792635283450,-41.68469335890297,-5.062983303536947,123.42763210038922,-0.025523408892183522,0.019541296328514066,0.13850215433096444,0.9898403136779211
robot3,3167,1722895793136602648,-41.744376846359614,-5.231525626939692,124.07124884109561,-0.024486922218960667,0.018699479266125335,0.14393009201949108,0.9891081077044507
robot3,3168,1722895793637743330,-41.80693511910548,-5.440621398175561,124.76109371823783,-0.023140614752662287,0.01752096813971697,0.147569219420553,0.9886257396527387
robot3,3169,1722895794139731491,-41.840834372815465,-5.714307305577688,125.48964201396346,-0.021905582404651614,0.018046269584718097,0.15757393658996544,0.9870992514033887
robot3,3170,1722895794636411633,-41.904142357990956,-5.917566545921584,126.19179893540542,-0.021871783586609586,0.017942275648804348,0.15574397598717513,0.9873922795783796
robot3,3171,1722895795132849159,-41.9799468266327,-6.172764147101535,126.91827253733283,-0.021240698704615608,0.01800206488253768,0.1552830059300276,0.9874775675668991
robot3,3172,1722895795637076873,-42.04394908639835,-6.3783129574681725,127.63502623049386,-0.021874785196982285,0.01853910134953695,0.16124508814696237,0.986497753186603
robot3,3173,1722895796136850818,-42.1218269361309,-6.424731861617536,128.27170410204636,-0.021973956724037323,0.018828999483868125,0.17314322007479613,0.984471451768134
robot3,3174,1722895796632887184,-42.185275354534774,-6.521677599818235,128.89961710309476,-0.020366988484019036,0.01837899848560866,0.17239388193373503,0.9846460011936145
robot3,3175,1722895797139806867,-42.24253484701746,-6.819812219349,129.6089582069572,-0.01936370378304186,0.020697108219153812,0.17092331519119136,0.9848765897366126
robot3,3176,1722895797634388214,-42.313432059778805,-6.9781830172032295,130.24353333150117,-0.019128676487478867,0.020698534433376888,0.17015650553713949,0.9850139227602506
robot3,3177,1722895798136395480,-42.37995800931207,-7.132139250170972,130.94044976076196,-0.018068244927065207,0.022220063191481575,0.16944795874764532,0.9851229347615853
robot3,3178,1722895798633243992,-42.442357562855456,-7.2707319801333865,131.61138918872192,-0.018471289460211593,0.021831267626858348,0.16806580804397953,0.9853608939804775
robot3,3179,1722895799132445885,-42.50123020464242,-7.448626547478359,132.324903413847,-0.01980539343502668,0.024189355480467495,0.16495700387435272,0.9858051573942592
robot3,3180,1722895799641818672,-42.56291591330075,-7.547522842133432,132.97225412717867,-0.02145538404693398,0.022550014887314524,0.1548788110524224,0.9874430197287176
robot3,3181,1722895800136439756,-42.61676380078059,-7.624852961816591,133.56420692612608,-0.021148241092544682,0.02065210762590224,0.14691321813314748,0.9887076153681946
robot3,3182,1722895800639196975,-42.67306452887999,-7.789430697757293,134.1095013699968,-0.02027476321981128,0.02099375212996456,0.1398635852221284,0.9897405588722221
robot3,3183,1722895801141384011,-42.70770823512834,-8.056027480338823,134.68733937714958,-0.020905981652565714,0.020010751017554212,0.1310926934286773,0.9909476350970674
robot3,3184,1722895801632810221,-42.739770474010776,-8.25935477439637,135.17149003087994,-0.020810745394155304,0.019814367197781946,0.12420538720738901,0.9918403730023062
robot3,3185,1722895802140039060,-42.80431488060331,-8.402876152015871,135.67659368126627,-0.020991985527680085,0.01950438274038112,0.11756606725487714,0.9926515679873498
robot3,3186,1722895802637929378,-42.836320547091624,-8.746746952748367,136.29792195307476,-0.01960943764756418,0.017138233608808475,0.1290399665548816,0.9912973509171863
robot3,3187,1722895803137150241,-42.882528988712416,-9.04254821999547,136.99646283945813,-0.013112835558309026,0.008081450291154752,0.14235943346733604,0.9896951729738159
robot3,3188,1722895803640036758,-42.92380249725386,-9.283901817266527,137.74857392242396,-0.01736317818298825,0.0180961011329879,0.14153742808910755,0.9896151815817555
robot3,3189,1722895804138386381,-42.96973872725731,-9.619563002341708,138.61535304829286,-0.021297013879893092,0.02240054353280442,0.14740571023860427,0.9885930454126648
robot3,3190,1722895804636697731,-43.05785734416942,-9.894419914965116,139.4531805086096,-0.023089775486572817,0.014275779501029193,0.1452004884345562,0.9890297682810079
robot3,3191,1722895805133030411,-43.117628805173965,-9.995983457025474,140.2373126745622,-0.023636522095966776,0.00538808175351242,0.14204610545402152,0.9895631295291722
robot3,3192,1722895805642040873,-43.2507920825125,-10.177936545984052,141.09539948817235,-0.023431690534349552,0.013234985086687478,0.13824690771137146,0.990032112386614
robot3,3193,1722895806138310279,-43.33854060931721,-10.364787299338884,141.86374461945354,-0.021904535547546365,0.01452235510435184,0.1354169541278964,0.9904400744413528
robot3,3194,1722895806640387915,-43.44223200046698,-10.594625524662119,142.63873564717932,-0.017080428106754537,0.008079542138434327,0.13105080415777962,0.9911955743969616
robot3,3195,1722895807137427351,-43.51664271409176,-10.856262703351579,143.46777613788322,-0.01738095122457585,0.009350992032015523,0.15616720058688754,0.987533425734745
robot3,3196,1722895807634108879,-43.574067337561026,-11.122354928212046,144.30270882247106,-0.015560545733741238,0.01818065246948031,0.1517397012046223,0.9881307587412629
robot3,3197,1722895808135474710,-43.657598114100956,-11.384946571126434,145.19390179629235,-0.01912947933715426,0.017175270853222364,0.1495154808152025,0.9884251079813821
robot3,3198,1722895808636778034,-43.74878468722241,-11.489141627889948,145.92816167832754,-0.02284359442495983,0.02144678636187592,0.14597062609337955,0.9887925878901008
robot3,3199,1722895809140461527,-43.8588747410944,-11.525626755871013,146.60765273083337,-0.023393603700377193,0.024451466717327494,0.15571661582480967,0.9872219611806403
robot3,3200,1722895809638340500,-43.919542326795835,-11.729383031141348,147.2741164671233,-0.02031558998372963,0.01851095457938319,0.16383435677687302,0.9861049259098553
robot3,3201,1722895810135936119,-43.92984164655946,-11.94355095284255,147.83725344546605,-0.01935047526250058,0.018377152495875855,0.16387719744580218,0.9861197206884001
robot3,3202,1722895810634817752,-43.972622030962846,-12.013830779716162,148.354173666766,-0.02031726150728372,0.015023672141619785,0.16448940415576074,0.9860551374445085
robot3,3203,1722895811132452184,-44.041088213257524,-12.144155461047992,148.83987767241265,-0.019253455821577562,0.01948667103815328,0.18136614571759715,0.9830340254936859
robot3,3204,1722895811636525890,-44.11003258789262,-12.407391633806261,149.44552412425517,-0.013304117839663896,0.013713867756136791,0.16878547126629484,0.9854676021915131
robot3,3205,1722895812140499728,-44.13804991837025,-12.799321692564563,150.08940528651604,-0.018714666278750427,0.019252654252991393,0.13043267513873344,0.9910935444378818
robot3,3206,1722895812636674897,-44.186135758371634,-13.054624561291167,150.73919223039636,-0.01681339159925068,0.021458890625048844,0.11756633906239916,0.9926907785385828
robot3,3207,1722895813140068709,-44.26229839624363,-12.99861808074656,151.38004473256981,-0.010396642626016946,0.018203085576462417,0.14956624974272428,0.9885294605804624
robot3,3208,1722895813634113216,-44.34916276600948,-13.103637771803749,152.16829395783842,-0.010284677336078287,0.02016210852875941,0.22368517414210803,0.9743986133306954
robot3,3209,1722895814137008716,-44.482043654032594,-13.170930828733033,153.09035262339424,-0.010107441487211077,0.024749506418695923,0.3441948867343891,0.9385175445906776
robot3,3210,1722895814638765826,-44.644929801523034,-13.143955835072262,154.03033565791108,-0.011013183141887088,0.026167768305044317,0.34239130636518805,0.9391283996475437
robot3,3211,1722895815138415297,-44.783416246331036,-12.944667108258805,154.7600499475698,-0.014198710073165663,0.028894947150479314,0.33846023266784897,0.9404297685440709
robot3,3212,1722895815637967822,-44.91454618015383,-12.784313906978086,155.39956538340772,-0.015541783779290913,0.026178798292201565,0.33512129877327523,0.9416829819984256
robot3,3213,1722895816141148362,-45.01198594527612,-12.738449549817933,156.1238698664783,-0.013954360810484451,0.01838548585070935,0.33105293780141215,0.9433298479839692
robot3,3214,1722895816640726728,-45.08796728581825,-12.738251291517823,156.96459364177,-0.015352057695711288,0.015397565966519929,0.3243298637956061,0.9456941200711453
robot3,3215,1722895817141902109,-45.218280768454576,-12.458080184055246,157.3992256948761,-0.013835893929747895,0.019546963503543298,0.3193039359349622,0.9473497140725792
robot3,3216,1722895817639236884,-45.34903156316501,-12.078398619184997,157.72440472266092,-0.00843379898183633,0.017213398789909285,0.331250160089111,0.943348239717323
robot3,3217,1722895818134539939,-45.55750131848599,-11.775805674912993,158.327918379262,-0.0036738134718112933,0.020742700796613413,0.5173717576987578,0.8555014364651496
robot3,3218,1722895818639008893,-45.788037964762125,-11.327781909222562,159.00113416002475,-0.002199314639786143,0.028189180637522872,0.6943693200293878,0.7190631269311659
robot3,3219,1722895819135146500,-46.01035368162294,-10.7404826882151,159.7019743184469,-0.0016952788131565188,0.03416200979378385,0.6799310237862882,0.732477908205787
robot3,3220,1722895819638936890,-46.139121017025005,-10.505360531663166,160.2850306630362,-0.02593490591244967,0.024317365585779172,0.4971694045260981,0.8669248119585948
robot3,3221,1722895820138178425,-46.09705915209602,-10.506074280400238,160.39465939395564,-0.02511019794277776,0.022666199593196726,0.33527253431148146,0.9415137009580011
robot3,3222,1722895820639904793,-46.12330820732552,-10.661581457918109,160.86736796828933,-0.013627579929542185,0.020799323922870618,0.2765292841320147,0.9606837316240193
robot3,3223,1722895821140558007,-46.20675659350822,-11.10703085549384,161.69253093557296,-0.010132993530322728,0.015894277403338836,0.20260660181282078,0.9790787809414528
robot3,3224,1722895821633254570,-46.306764513537445,-11.394375856850381,162.66745685826376,-0.011559045190139245,0.019711907758762935,0.1916614824478758,0.9811950393844666
robot3,3225,1722895822137097274,-46.41444094771928,-11.393873599687465,163.5750788267143,-0.010728911088905514,0.02218500951447314,0.18770494424679318,0.9819162742948083
robot3,3226,1722895822635188906,-46.57133314796224,-11.12701735216598,164.30365182558543,-0.010339959406066416,0.020795384815494998,0.18366916770989816,0.9827137294464802
robot3,3227,1722895823140830151,-46.7230991802245,-10.877261567289644,164.97428564541065,-0.013233220173324031,0.0202317159028652,0.182060116460995,0.9829901696098894
robot3,3228,1722895823641121302,-46.69551844629265,-11.061900814518795,165.28845208598057,-0.015390712615961376,0.021688426590485768,0.14554853871807286,0.9889936101887795
robot3,3229,1722895824136376124,-46.688144335614766,-11.27331410215155,165.45847150585226,-0.022182764719586728,0.013521260379124257,0.06080178108811218,0.9978117276739478
robot3,3230,1722895824640034441,-46.643821922829304,-11.623054150473411,165.6211572893188,-0.0383634263110173,0.016331560906199114,-0.06891188693621565,0.99675106194021
robot3,3231,1722895825134546538,-46.60307372286197,-12.022445015988419,165.65068548678317,-0.04908665743640003,0.004215478690456186,-0.15746451814285292,0.9862949129581734
robot3,3232,1722895825637028354,-46.57496596728858,-12.497995997274748,165.93348203400188,-0.032712868509298075,0.012391057337048398,-0.11245946471169634,0.9930403812175627
robot3,3233,1722895826140910925,-46.55962072231918,-12.960053109243011,166.4580380025852,-0.026681072132209806,0.012230847968608427,-0.065038101197056,0.9974510374652613
robot3,3234,1722895826639333251,-46.57329318841635,-13.49347051060118,167.24422729851057,-0.022120199886085504,0.01867951325739199,0.042518196900783733,0.9986761113963689
robot3,3235,1722895827142736298,-46.718348419112594,-13.660993966781787,168.1702151650321,-0.012131170836223592,0.00737211406528609,0.20661024121412644,0.9783203436777707
robot3,3236,1722895827644036293,-46.91114506143711,-13.470014933403618,168.83762755123124,-0.017995078763984935,-0.013176627043718275,0.26634608746485683,0.9636193830201796
robot3,3237,1722895828138136449,-46.96728287674293,-13.617783864194761,169.24089642867597,-0.03392051689732439,-0.008381794113280005,0.10318228407605162,0.9940485703997113
robot3,3238,1722895828634968845,-46.93629157947443,-13.995003480270405,169.4876376232072,-0.03605531743560753,-0.002748486606485179,0.022966494406118403,0.9990820787306143
robot3,3239,1722895829139219969,-46.94210288727397,-14.122167569347733,170.03699854546278,-0.045826813677380715,0.027903501593193387,0.1761979038395965,0.9828914469205384
robot3,3240,1722895829640695475,-47.07221202280035,-13.957160551086668,170.7012470769784,-0.03185276125298967,0.0165766847629705,0.34263918505504026,0.9387805941686518
robot3,3241,1722895830135669548,-47.249550094065384,-13.62588236449189,171.30900953401576,-0.018438906108869127,0.017631898100850557,0.5017817608540446,0.864617943015922
robot3,3242,1722895830637224574,-47.415539142594994,-13.11161549310974,171.81345163969723,-0.01075760027177834,0.02377840288444338,0.6553041572054181,0.7549141164012992
robot3,3243,1722895831135395118,-47.59240060077943,-12.533298593126851,172.04804806715288,-0.0017716440239417465,0.025634156819895566,0.7508792617957217,0.6599394559250853
robot3,3244,1722895831634230187,-47.7217050515546,-12.094295942410401,172.34405418835578,0.0018963191360291329,0.022208990953393813,0.7000565287581371,0.713739463136006
robot3,3245,1722895832138528101,-47.808069465410874,-11.732017128356622,172.6508351094441,0.0037637650283045628,0.020941264417954374,0.6845174113735946,0.7286859481585891
robot3,3246,1722895832643082683,-47.918881177142275,-11.324509639511255,172.87807711478695,0.007161629050373066,0.020912092939562095,0.6783355439230073,0.7344196928792892
robot3,3247,1722895833132005801,-48.105821120173054,-10.878073105437062,173.4118619924408,-0.0029082689522568197,0.024077278222717304,0.6514996709940033,0.7582611722485814
robot3,3248,1722895833635095114,-48.29409371027175,-10.345041400076092,173.95450744640354,0.0038408030749060426,0.021746876328062638,0.6536390935204102,0.7564841419511239
robot3,3249,1722895834133993207,-48.49517305706035,-9.674831721759775,174.30180775489035,0.0037841842789681774,0.02390085601205432,0.6730004304135161,0.739246136070021
robot3,3250,1722895834637843777,-48.70758390829601,-8.935520188603887,174.69900934862608,0.004160550801684955,0.021778271003707324,0.7033175774861875,0.7105299303534484
robot3,3251,1722895835142530382,-48.95948841236536,-8.266360557664713,175.20073548922392,-0.0034795932808049453,0.023520213604447945,0.7208328349905686,0.6927010292919026
robot3,3252,1722895835635296973,-49.12258746716237,-7.652301928086881,175.46398996456827,0.0010100213527289349,0.02253183195712039,0.7385353352042553,0.6738374099590059
robot3,3253,1722895836138135351,-49.315776613246655,-6.9647095584662475,175.7603083744448,0.0016331047810409728,0.027068380256183872,0.7593890452223369,0.6500714681905277
robot3,3254,1722895836639566564,-49.48884960743547,-6.18179430391524,176.1362446609188,0.0034607173990735367,0.03194075017080161,0.8002663129781806,0.598783466894268
robot3,3255,1722895837141030549,-49.705422168146896,-5.386122128581426,176.4535454594179,0.016079243499275614,0.031169990658298667,0.8061180015748041,0.5907145310112972
robot3,3256,1722895837634399279,-49.885306351945154,-4.721848279927549,176.4649185433105,0.013398946010295365,0.031507091901161965,0.8274822482842825,0.5604470538598041
robot3,3257,1722895838132066248,-50.06751572737317,-4.101451878999877,176.49070478708538,0.014417062949393251,0.027187416091315843,0.8275558755245266,0.5605392631984177
robot3,3258,1722895838644875900,-50.24730296450746,-3.3009148201390373,176.7146568411868,0.011232624961047733,0.02554627050699933,0.8404798449693647,0.5411236886331444
robot3,3259,1722895839135200185,-50.46160505457195,-2.520391002306751,176.96239075641415,0.014655999705202805,0.022876130483845545,0.8430702088538872,0.537116846942814
robot3,3260,1722895839633945985,-50.662718375035,-1.8050948130649715,177.07092895210823,0.012159383555347982,0.025064347377811495,0.8412496805204296,0.5399286090830469
robot3,3261,1722895840138055926,-50.84686059473639,-0.9851430193472436,177.17264908278906,0.015408158239189233,0.020454136113686076,0.8383885631872087,0.5444711508357505
robot3,3262,1722895840633254053,-51.139198361063464,0.07781664354567638,177.56780087989281,0.01398368971750914,0.023859591144653476,0.8341502586287802,0.5508434644813656
robot3,3263,1722895841141739386,-51.4554006384513,1.267726849334889,177.89456408147842,0.015163803209009329,0.02470312287348669,0.8420509534428147,0.5386186095917802
robot3,3264,1722895841636315883,-51.67128890902146,2.443920821551484,178.1174001684165,0.019897703724834293,0.02410458762074903,0.8414783209483413,0.5393860265302324
robot3,3265,1722895842135031961,-51.83536954816432,3.6155579596139167,178.2346807225037,0.01939910189546222,0.02468015658741837,0.8511426129041411,0.5239950545713016
robot3,3266,1722895842633644923,-52.02844751745137,4.73695477377071,178.26830830518588,0.015497594784513265,0.024217245653364767,0.8497284048138689,0.5264361192218268
robot3,3267,1722895843144644515,-52.3575324047125,5.798434103504034,178.3084180127345,0.01629080774673963,0.022640289327220158,0.8476133698540712,0.529880743306231
robot3,3268,1722895843632901458,-52.6840952801842,6.86739336243138,178.2992657854143,0.010339312393516322,0.025288288342858584,0.8458429355593317,0.5327319489727365
robot3,3269,1722895844136635955,-52.63601468137093,7.747531175766749,178.45185710731036,0.010656397624863747,0.02480404750274779,0.8460280272679825,0.5324544839647686
robot3,3270,1722895844635034883,-52.75143912178632,8.523075415039845,178.59254803590213,0.015886306358722582,0.022787588850157768,0.8463939834751567,0.5318322816468829
robot3,3271,1722895845145927671,-53.022239845792996,9.562779356657416,178.85446367415605,0.016357413720765945,0.023442066538826013,0.8447896239873565,0.5343345354139651
robot3,3272,1722895845633551217,-53.14696994576656,10.461893596719001,179.13209291862842,0.013731856852816653,0.026060552783203773,0.8427561492012519,0.5374889363321674
robot3,3273,1722895846133956559,-53.33591783570483,11.265510079423775,179.35949936672094,0.00819821001297512,0.029952089861725387,0.839415808715329,0.5426018445824605
robot3,3274,1722895846632501981,-53.62059570795993,12.077559855686427,179.58348163301233,0.016082540369998236,0.025742115534643603,0.8361358199007318,0.54768201181158
robot3,3275,1722895847140632098,-53.93890346219845,12.94727030609322,179.7432206625117,0.013457297509213074,0.02650581061878684,0.8337899460647191,0.5512809347225628
robot3,3276,1722895847631612434,-54.07577628772537,13.885432792460643,179.91720535646087,0.018369781137046848,0.02534727560325885,0.8463569688418848,0.5316953526722291
robot3,3277,1722895848136364867,-54.22438587762039,14.825779497046288,180.08712318668475,0.01345516295836036,0.024771613552200842,0.8421874388508647,0.5384474380973556
robot3,3278,1722895848634058873,-54.28825336440936,15.706606576096851,180.17733413442167,0.019692892896848863,0.02306566312579296,0.8268557347092734,0.5615957257069434
robot3,3279,1722895849139511328,-54.63654289884415,16.577881033191684,180.39326057087203,0.017536861846206512,0.025841688316589905,0.8128438919708683,0.5816437680463764
robot3,3280,1722895849636751890,-54.79171883122216,17.411368659398356,180.4390169309406,0.018341947843812725,0.028925837060625466,0.8220804645899286,0.5683401962198734
robot3,3281,1722895850138308019,-54.94789165390187,18.337323371518895,180.50703988884356,0.015677539504968592,0.028489202695331322,0.8182945490075628,0.5738785682959104
robot3,3282,1722895850636144090,-55.1794593664413,19.294818340625383,180.88652046080855,0.014797621477814755,0.03054744465053331,0.8253770463287616,0.5635606581527237
robot3,3283,1722895851138923911,-55.402961581248725,20.307694189050586,181.01934840667573,0.012163414324393435,0.032260906942032784,0.828246621937632,0.5593020816018405
robot3,3284,1722895851632686315,-55.67646129644463,21.21707417251203,181.0361267876282,0.012653842958306176,0.03126309711795015,0.8243819788609615,0.5650281868599701
robot3,3285,1722895852134311099,-55.90616637643375,22.102883078991212,181.18034326549997,0.010149494535885551,0.032833652944756646,0.817847725823972,0.5744075524917185
robot3,3286,1722895852637380891,-56.12055269156159,23.046462472484723,181.37922253205363,0.009042247356826856,0.028506857037160455,0.8094060386166846,0.5864873924607816
robot3,3287,1722895853139288817,-56.30002667849479,23.996140120228304,181.5421334649706,0.006755696281682559,0.02785706883568934,0.8014223949909199,0.5974114905914109
robot3,3288,1722895853640897761,-56.60230726759672,25.01742716021003,181.8137461935651,0.008001815290720849,0.025393197909790177,0.7935023099646727,0.6079845726107661
robot3,3289,1722895854132175582,-56.8067579281663,26.00105731618979,182.06498293508227,0.00715075670120064,0.029109086187272187,0.7892243797865648,0.6133729747310802
robot3,3290,1722895854632281299,-57.00346120864112,26.868782195168976,182.0713299832201,0.011917507070267659,0.02556406722754579,0.779815989059451,0.6253730684153628
robot3,3291,1722895855134560690,-57.27930090210733,27.758378400994953,182.15383062884055,0.009601598506901995,0.02633897850804773,0.7722289142725836,0.6347255875405148
robot3,3292,1722895855636186825,-57.48367631898268,28.635950052466402,182.41002819864335,0.004052917391414102,0.033982772654989696,0.7868021223804288,0.6162557628460366
robot3,3293,1722895856135760738,-57.586962090082686,29.46781694040243,182.582443871259,0.007738858738904643,0.032002766588395605,0.7856377034058833,0.6178101099716944
robot3,3294,1722895856637291111,-57.68916923672521,30.280571227729773,182.59066275355676,0.0060208240063987905,0.03262250929037627,0.7726817312983927,0.6339262288970237
robot3,3295,1722895857139859771,-57.88198900411456,30.941515728498487,182.63714430768226,0.005815947271372115,0.0330649110818697,0.7730225405801833,0.633489572264172
robot3,3296,1722895857633960011,-58.05032242694034,31.564207520085173,182.79621792868966,0.007079567602174178,0.0334690847126736,0.7795177416640707,0.6254452738025998
robot3,3297,1722895858133474162,-58.166198003095715,32.15509177343821,182.95583621786886,0.0074698634753841715,0.032816385552070955,0.7695044312057902,0.6377540406250756
robot3,3298,1722895858633490481,-58.33785385697494,32.684439339875425,183.0984508393782,0.009903460102130283,0.03597110506150496,0.7557995285285921,0.6537393010632123
robot3,3299,1722895859134798891,-58.49425058176193,33.2805700285731,183.3677738974867,0.012534781780706255,0.03973044224623797,0.7543633642339547,0.6551337923708853
robot3,3300,1722895859632510314,-58.61643613239798,33.95774020620045,183.5273985317967,0.01318113373863143,0.03624581468492644,0.742518656700761,0.6687140966679913
robot3,3301,1722895860142915768,-58.808040170223265,34.71214546695834,183.59097210477927,0.013834335381852449,0.03369280863581793,0.7417974017713171,0.6696342438496523
robot3,3302,1722895860634142604,-58.92173540462576,35.35081545829292,183.7679179317325,0.009077991227297327,0.036269005886728926,0.7373841456186038,0.6744381150836505
robot3,3303,1722895861136129608,-59.05382597896387,36.03888379186211,183.81836974843588,0.008372030372221013,0.03465112007947383,0.7386701843471346,0.6731237388038359
robot3,3304,1722895861631027797,-59.24325201281596,36.66709913122538,183.79062276044797,0.006280193228481881,0.03532451140249161,0.7377698333965884,0.6740982205859605
robot3,3305,1722895862133317188,-59.35672465056709,37.212164159485816,183.73110248974766,0.007693948669924699,0.03381747532573821,0.7335182431118246,0.6787843313885493
robot3,3306,1722895862635343036,-59.488696952967516,37.770698835075756,183.80335428589066,0.007980934349324925,0.03631333887443321,0.7382250690699205,0.67352905913807
robot3,3307,1722895863135212739,-59.641516501030736,38.27337491060729,184.00702833678946,0.01377416026433252,0.03362449741432967,0.7459936297021473,0.6649610290283648
robot3,3308,1722895863632782363,-59.76028311058617,38.7860993984374,184.10851332338473,0.013567002832198263,0.03266856067252822,0.7466193272460343,0.6643103805905908
robot3,3309,1722895864134711040,-59.8837650403944,39.343411908165585,184.26619985859276,0.009891609575952654,0.033508781911972214,0.745983359520091,0.6650474756841737
robot3,3310,1722895864643655336,-60.01578135997997,39.91340021870649,184.3609029033025,0.009846315965639127,0.032072259864812734,0.7470584147352579,0.6639112479709258
robot3,3311,1722895865136821875,-60.115878491269875,40.46834561389868,184.51605476946028,0.009485564350229908,0.03172582370432483,0.7433292020395662,0.6681056754544609
robot3,3312,1722895865644275240,-60.247549342819774,41.10206560648966,184.64664617958599,0.0072032380013662715,0.03322776741197714,0.7468063385110533,0.6641719066588299
robot3,3313,1722895866133488285,-60.37736996396555,41.69019884073245,184.60428789829157,0.006514487348089887,0.0331621301362977,0.7559381362994604,0.6537701191301982
robot3,3314,1722895866634848878,-60.51569831645282,42.200993993208726,184.53932096295878,0.0063089488269579665,0.034146250206599275,0.7510664179553482,0.6593128745756822
robot3,3315,1722895867134987565,-60.64942717979373,42.699359011579496,184.64717805784505,0.006903059357459635,0.032847444501896986,0.7419818804370051,0.6695791829682045
robot3,3316,1722895867638440522,-60.738728810713184,43.13359992665967,184.84269450950114,0.0027981452168240164,0.03793314938599585,0.727258276391655,0.6853091608762024
robot3,3317,1722895868145833383,-60.82040090556014,43.55061918701951,184.99499176086061,0.00793454552865358,0.03544514162727114,0.7067104856744169,0.7065698651655802
robot3,3318,1722895868641952930,-60.90782532876727,43.99028233050003,185.02468445531716,0.008928880816237472,0.03216231163311726,0.6840490252941445,0.7286719370141235
robot3,3319,1722895869146391167,-60.997285683851835,44.41861364765317,185.1623118698766,0.009267083150867404,0.02955800882028418,0.6534529090794157,0.7563330885926542
robot3,3320,1722895869640860563,-61.132208148602174,44.85252545183268,185.44413810369784,0.00497942026288692,0.033047428583029496,0.6241727679049717,0.7805712194564577
robot3,3321,1722895870133672891,-61.19921964071653,45.401045357059054,185.5087364524805,0.000368106738275696,0.04026969844648858,0.6041504829180118,0.7958520024944282
robot3,3322,1722895870638516734,-61.30046308649021,45.960629822561685,185.48360821859205,0.002320810157425327,0.03787301248604154,0.5850888657909722,0.8100810255109543
robot3,3323,1722895871140743778,-61.413687586878915,46.41305333104903,185.64107751848974,0.005847775237594341,0.034018455132504476,0.5711755188812024,0.8201018685906999
robot3,3324,1722895871636986871,-61.51352491847105,46.855035005336056,185.74076718654797,0.00702062718304214,0.03137688374967869,0.5621734470220319,0.8263941053900874
robot3,3325,1722895872142887863,-61.659402637644526,47.38670676622741,185.84236579404924,0.004358914689651253,0.03310005718234188,0.5618764060916125,0.8265472099976066
robot3,3326,1722895872640596491,-61.74176688887225,47.92951461471965,185.8493071059367,0.006446787283213493,0.03116760314807533,0.5583466103564767,0.828997033861498
robot3,3327,1722895873139028335,-61.880066328561135,48.37130848563713,185.99743851285183,0.0058667085660024385,0.031379963296651645,0.5549393928935795,0.8312780219932486
robot3,3328,1722895873638203309,-62.00659503575529,48.894824174971674,186.13035456320472,0.005140284600226586,0.031127457385070174,0.553676966585022,0.8321336885045442
robot3,3329,1722895874138243948,-62.14208242278341,49.479248109899395,186.22981448012953,0.003483158645363721,0.0355783772043685,0.5526462940077528,0.8326488578031266
robot3,3330,1722895874644325907,-62.25489212742112,50.07011485215105,186.28345776228397,0.0014861652237764117,0.04046602383819584,0.553647360457958,0.8317661284793882
robot3,3331,1722895875138910772,-62.4235000985404,50.6695743749035,186.19642501511538,0.005192409041935881,0.036895455090907206,0.5666010814607233,0.8231494267564758
robot3,3332,1722895875641343392,-62.54114048354866,51.2492902965221,186.15683306209144,0.00619813605595188,0.035833614084072464,0.5690039285528178,0.8215303186751939
robot3,3333,1722895876135720351,-62.64097473294152,51.75380885035987,186.3525640800709,0.005931191435038592,0.0341148436059018,0.5691595243282159,0.8214976775867262
robot3,3334,1722895876641618635,-62.73910777955084,52.234497217438545,186.57206154181048,0.005719253008019562,0.031231479700156512,0.5564446356634312,0.8302778163134075
robot3,3335,1722895877138838445,-62.82246193660574,52.796987361282106,186.6907031365149,0.004722702176681019,0.03224343373740209,0.5516104605072557,0.8334650304145611
robot3,3336,1722895877633203914,-62.8969264892813,53.33569997320564,186.68906917431485,0.004509708422508391,0.03334658209993878,0.5524352146473829,0.8328763423280169
robot3,3337,1722895878134210730,-63.018042448512944,53.930157220249555,186.6585511777855,0.0037213150142375354,0.030548487295711194,0.5531672295066408,0.8325016263878744
robot3,3338,1722895878642690417,-63.16074810314537,54.3858960495503,186.7393461201673,0.0022977609351402537,0.034438763413178745,0.5559669651036665,0.8304874626282293
robot3,3339,1722895879140064587,-63.303728582018415,54.85633571758272,186.9076371045522,0.0026517931370710797,0.03735760357584476,0.5551363848358938,0.8309157428280937
robot3,3340,1722895879637567108,-63.431775332459004,55.38582881560126,187.023428974147,0.004471042093937133,0.036546874139022786,0.5591766053779266,0.8282305595492594
robot3,3341,1722895880141182415,-63.519188275390306,55.94177467197232,186.97366611090527,0.0075320131992772646,0.03383019384563977,0.5583719136944344,0.8288664504965485
robot3,3342,1722895880634204265,-63.63053476528519,56.42644821943866,187.14477173574568,0.007331357609284657,0.034916221715765666,0.5587112335071749,0.8285945125389085
robot3,3343,1722895881135085409,-63.74896775719362,56.87081730008638,187.31238449261778,0.0033681111363679937,0.042256044462773285,0.5598861010528202,0.8274845233486874
robot3,3344,1722895881632614034,-63.8500199705282,57.354386805137075,187.4274573239905,0.006399863617587358,0.03745714653104956,0.5603061707363537,0.8274134389494722
robot3,3345,1722895882135291827,-64.05164001365387,58.003560792212134,187.7101507729879,0.007572320565269167,0.033008445747187656,0.587694765239206,0.8083736545565091
robot3,3346,1722895882636637670,-64.25218414680485,58.78706011008454,187.98559833410408,0.007953849960312894,0.03489750194085388,0.628067901857341,0.7773349415056644
robot3,3347,1722895883137146448,-64.47895984971487,59.763187480665664,188.20582784990498,0.008665702203650889,0.03202932647062016,0.6605415966310904,0.7500558825655632
robot3,3348,1722895883640211275,-64.748396875148,60.74267650095294,188.418625342167,0.009828153666416218,0.03988269734466369,0.6557946355425761,0.7538210489510112
robot3,3349,1722895884137929023,-65.0772207155643,61.85022240150074,188.55394301716348,0.01029820122932968,0.03411086118742109,0.6536242792218716,0.755979958604844
robot3,3350,1722895884634406734,-65.2903294784494,62.94078086709676,188.35024164750197,0.01079914030207162,0.037508368814090934,0.6574318227643623,0.7525024247498281
robot3,3351,1722895885144798589,-65.43975588384757,64.38899100783686,187.82525469392124,0.00873187634823195,0.031387653886395236,0.7248287634068914,0.6881582908437446
robot3,3352,1722895885635748279,-65.54366896701283,65.84084662468787,187.2038252015461,0.014621617135396076,0.03054821736518324,0.7277030548693387,0.6850556755928583
robot3,3353,1722895886135073158,-65.63818484888375,66.9332183508667,186.6330725914499,0.014349402096135406,0.040626909476284556,0.7296293244962968,0.6824841373401781
robot3,3354,1722895886639629270,-65.70232262186013,67.87758716452772,185.89928926297054,0.018499321159372507,0.038059617092108144,0.7548276642583451,0.6545566728204177
robot3,3355,1722895887137678779,-65.7913932975085,68.84984286732488,185.33778049816453,0.01925234457161375,0.03794408994133467,0.8196643623322576,0.5712616969388664
robot3,3356,1722895887636877643,-65.83092770815497,69.69594924298195,184.68939145801207,0.022178997462967965,0.02131544139835528,0.8731114040256491,0.48654929882786857
robot3,3357,1722895888137803419,-65.94305121066532,70.34252511957922,184.14148745595793,0.023888357591730608,0.02344832216927485,0.8830316671373394,0.46811814469390783
robot3,3358,1722895888642001619,-66.00795889513944,70.891915874418,183.60039963244645,0.023968577848219742,0.010547202536983383,0.9083596751916234,0.41736909837737857
robot3,3359,1722895889134563495,-66.08963317775456,71.31238794435305,183.01557551885114,0.028197180462768687,0.016575836408914697,0.9456932725250136,0.32341056717773675
robot3,3360,1722895889641571137,-65.87619063644098,71.27576431833054,182.10848366043683,0.02131552348187041,0.007031575615584244,0.9707907969959519,0.23887535216304878
robot3,3361,1722895890139633533,-65.56695521896457,71.42077610764777,181.2549842319575,0.026376913526515226,0.013675385323896925,0.9773899986990712,0.2093466806808445
robot3,3362,1722895890635698414,-65.49230552934814,71.73535583782356,180.6366783417578,0.027858719093020824,0.021202402929743708,0.9923820933941434,0.11811913727740579
robot3,3363,1722895891141057303,-65.36733416317631,71.53709943150012,180.06958661952538,0.027871548308801414,0.022509601002554818,0.9985596018827755,0.039940157051378905
robot3,3364,1722895891636785207,-65.27469646873065,71.52445408308694,179.34511486726413,0.026141019181623485,0.018986788428660136,0.9953355777955151,-0.09090234626113614
robot3,3365,1722895892145649904,-65.21156662120718,71.6372745466233,178.8919845912998,0.02308380031080658,0.016059595629574226,0.9959098835434981,-0.08586461093955752
robot3,3366,1722895892634966189,-65.2144084682436,71.7838994402703,178.44735169478426,0.030683881950349438,0.021802839860711316,0.9971689196734294,-0.06509440221548295
robot3,3367,1722895893134420150,-65.13407810470807,71.64404812538507,177.91313572582968,0.0343760098356331,0.020981394534712226,0.9985625297783538,-0.035368703027017175
robot3,3368,1722895893636710068,-64.98849334269114,71.53285858945935,177.19571514864094,0.032303476813171805,0.017961288566128334,0.9990076606523127,-0.024850985027131296
robot3,3369,1722895894136207408,-64.88853636183629,71.55510867789485,176.52316551618335,0.03559240374927029,0.020269008957334904,0.9990642718064593,-0.013889883767179253
robot3,3370,1722895894634578296,-64.8323950345504,71.74569860073133,175.83948942378936,0.033270437893512375,0.020608942629583123,0.99916183605155,-0.01199895096081583
robot3,3371,1722895895138244645,-64.75181311424377,71.90434485250644,175.22487754335307,0.031336777861940814,0.021864699934573444,0.9992694324387453,-0.0007366434347677692
robot3,3372,1722895895638016222,-64.64630578716094,71.9781171542897,174.5642278115466,0.031392585909518635,0.024752947724734676,0.9991708350807357,0.007709698626756277
robot3,3373,1722895896133637027,-64.56923847148317,72.25479155099639,173.89663224029675,0.02436062481947774,0.02278825496250978,0.9993136396839841,0.0161091568903095
robot3,3374,1722895896633158078,-64.480259587072,72.46502265219553,173.18195617000328,0.020726309824269443,0.023871109258335594,0.9993786937732919,-0.015582575391559743
robot3,3375,1722895897135415854,-64.35733015556697,72.61532574770817,172.40134010335646,0.019603458337706103,0.0211829611175549,0.9993420510159253,-0.021964782056229464
robot3,3376,1722895897636923832,-64.22797959671858,72.65085998148543,171.87718930544807,0.023814284859179854,0.021518565670524365,0.9992310659410516,-0.022519059181926343
robot3,3377,1722895898134511581,-64.13360023698665,72.69696470434647,171.42495789476797,0.026440981656063393,0.023306708757564625,0.9987810685895006,-0.03455501183864886
robot3,3378,1722895898642246833,-64.12981481967724,72.9674450273612,170.8730827398041,0.02192141511022835,0.021812654684922165,0.9985353845656507,-0.0443930785763904
robot3,3379,1722895899136931043,-64.12892324792269,73.2734368959597,170.34160174995418,0.02382161204957842,0.025222681366993713,0.9974980073316915,-0.06159604300053081
robot3,3380,1722895899634408300,-64.08163270995149,73.34970928239669,169.7703417569222,0.030488475225324052,0.02384663306255677,0.9976740704998402,-0.05610917948334758
robot3,3381,1722895900141538703,-64.07774381490029,73.43396741776033,169.16002578280165,0.02852649717226575,0.024029302979806665,0.997883135220905,-0.05327363324462136
robot3,3382,1722895900638834703,-64.02665804072264,73.71535109507073,168.3919347135992,0.023273305484185547,0.021212621394755438,0.998245247473849,-0.05014781990551894
robot3,3383,1722895901135703718,-63.93577113889578,73.9381318804395,167.60658334472873,0.023987224748623026,0.02541042788003276,0.9980108391546125,-0.05247178416748196
robot3,3384,1722895901635951896,-63.78278364606684,73.98879120066957,166.72583497940167,0.022790204517099715,0.022418165555922416,0.9978095280692739,-0.05791526677266476
robot3,3385,1722895902133837905,-63.625108801536335,73.99342811063246,165.76098194784927,0.025897595340524427,0.022411679672576835,0.9975734590791856,-0.06061538509834627
robot3,3386,1722895902634249778,-63.48653471659336,74.06836114782388,164.9675874244641,0.02531204990803448,0.021910856475999097,0.9980783632572165,-0.05214206838759945
robot3,3387,1722895903136969496,-63.384348402404726,74.18941583845137,164.11927991876922,0.025750444088141738,0.020539426621338865,0.9983416405161141,-0.04721244957555472
robot3,3388,1722895903632056620,-63.305416456795285,74.43206743899951,163.30266899157522,0.026958920331446565,0.02255007923915725,0.998306214637323,-0.04636175533097785
robot3,3389,1722895904135610084,-63.18355476261555,74.52823590973621,162.49060089262645,0.026354500291297,0.02262774876842611,0.9983235841931518,-0.04629737080880549
robot3,3390,1722895904637775258,-63.07923023177025,74.65581153196894,161.59418373946437,0.02590871875407672,0.024680567740413162,0.9984480981609178,-0.042673213464408874
robot3,3391,1722895905134754564,-63.02529888044139,74.85686891620095,160.75994357669876,0.024637160828920455,0.022050294781181347,0.9984850327155956,-0.043982203779356806
robot3,3392,1722895905638651020,-62.923773302821964,74.9560391585565,159.95508179830384,0.025455507417157533,0.02248588795086977,0.998548414972631,-0.041802690593338146
robot3,3393,1722895906135619932,-62.755698176592375,74.98832925207958,159.2597610606258,0.030394665687360285,0.02589241262325775,0.9984829372101726,-0.03791531836140932
robot3,3394,1722895906634510302,-62.71285236353505,75.1606239154573,158.55509899596615,0.022066329685132044,0.024923534697162086,0.9986721733919606,-0.03931646735153516
robot3,3395,1722895907138829494,-62.68746004224402,75.38540213295505,157.92459747664847,0.02343436537142725,0.02499402832249776,0.9978624053886436,-0.05564844094710116
robot3,3396,1722895907632602456,-62.54529700848977,75.45852859326052,157.25332484462606,0.025966794954660564,0.02658586029322461,0.9975876245401056,-0.058633172834846696
robot3,3397,1722895908132501443,-62.503671632010985,75.79063182424933,156.43644872383143,0.02905882938659486,0.03051583217675314,0.9971734747140084,-0.062204740559156056
robot3,3398,1722895908637607450,-62.47649459266591,75.96895905049531,155.66880058233082,0.027752810084740107,0.026658115822702378,0.9976264084082853,-0.05710232604341796
robot3,3399,1722895909136562003,-62.30404840482382,76.10442957314591,154.82579339392097,0.019747931584511016,0.027240933669874012,0.9979578452638231,-0.05429631485942881
robot3,3400,1722895909636530540,-62.17864987710503,76.14648071452385,154.0870299861477,0.025795110300000316,0.028383557823006826,0.996874616225771,-0.06906508129757487
robot3,3401,1722895910134439648,-62.03069082980676,76.1850536572704,153.31032945108552,0.024109510175785335,0.025578792254595105,0.9962932296063816,-0.07851278587826126
robot3,3402,1722895910633893919,-61.965088321791946,76.45152245980836,152.5517013983406,0.019992427488509445,0.02646522202715578,0.9973017058062573,-0.0654920030392983
robot3,3403,1722895911135892900,-61.88305769650485,76.7517198948521,151.81294879888532,0.025815435978755876,0.02700000336673781,0.9983623944379488,-0.0433254250475207
robot3,3404,1722895911633624170,-61.77933350374483,76.93214269165723,150.9809336122815,0.018618704863623686,0.026434320127771773,0.9988758702004925,-0.0346636189656034
robot3,3405,1722895912133718490,-61.66722109497114,76.99331563747744,150.11150823462845,0.02053670895117081,0.02757801495432315,0.9988893807664088,-0.03221337717058581
robot3,3406,1722895912644114508,-61.609426742096076,77.14257102508697,149.27381155698023,0.029987600840195524,0.02561215944036473,0.9991133782445801,-0.014738334280138887
robot3,3407,1722895913136563719,-61.50660645121301,77.40514487812756,148.56611101482844,0.022220934900141168,0.025186710437753675,0.9994345696405496,-0.0015494117908764463
robot3,3408,1722895913636992035,-61.41579024665035,77.5382864476328,147.86305862902142,0.024041666538243696,0.025736717143293123,0.9993729243293209,0.003657564519099276
robot3,3409,1722895914140002487,-61.29039406151565,77.66087906106027,147.08654144686878,0.024772256833377904,0.025737531271227857,0.9993248140814839,0.00859248139079954
robot3,3410,1722895914631344942,-61.229239412655765,77.90127464371761,146.2290432509715,0.02401236420205895,0.026090959755790784,0.999267811852449,-0.014370399440107009
robot3,3411,1722895915132687317,-61.12617259595631,78.0138804493143,145.39713819786215,0.023218006416346356,0.02724054743676697,0.9993487627368549,-0.004574622357409207
robot3,3412,1722895915637353014,-61.02877127570693,78.25847863791442,144.56295789258056,0.024670195575769216,0.02489437145105116,0.9993225547591755,0.011228680684077794
robot3,3413,1722895916132785375,-60.91343406857967,78.40397165656458,143.7894566936536,0.024879643648920556,0.024193028993503982,0.998916065441655,0.031022489948187792
robot3,3414,1722895916636545919,-60.78834570118792,78.43686489480929,143.00279124223667,0.024565205072769696,0.023509856804682483,0.9982368043519426,0.048653055093978714
robot3,3415,1722895917135907591,-60.69207576766605,78.54065555573604,142.22114555115235,0.024582569754936733,0.023922302832341657,0.9973545686431569,0.06408810418528607
robot3,3416,1722895917636583886,-60.64362358871481,78.78833583031407,141.45023942494376,0.023649923905587084,0.023723585809841425,0.9964463040769553,0.07728282905638849
robot3,3417,1722895918134324547,-60.54013223530676,79.04232679337805,140.74705329349086,0.024958689539752135,0.022425750281566327,0.9945043668161605,0.09917264705731547
robot3,3418,1722895918637467246,-60.43387492568644,79.12790283343551,139.98664193183077,0.028243680206441833,0.02524297085153996,0.9934538984994539,0.10777030438493354
robot3,3419,1722895919137141212,-60.337216389760655,79.36759975536363,139.2012325053782,0.020030015066398312,0.02355063077136023,0.9946848823908766,0.09821482082536656
robot3,3420,1722895919642609512,-60.20394642472686,79.5368700300329,138.36051945874166,0.02249099820942571,0.022473082949833623,0.9941795088557416,0.10293794107922537
robot3,3421,1722895920136732806,-60.08288626838262,79.54491209272359,137.55063247879445,0.02378168917644011,0.024504197558913962,0.9936444863673223,0.10725954630581405
robot3,3422,1722895920636126278,-59.98158611757006,79.5952838183817,136.84844886026968,0.030964251583725545,0.02698845936101899,0.9946879338833557,0.09438618740069517
robot3,3423,1722895921139916215,-59.98097431118576,79.76162681198458,136.19320275441999,0.025741195167084462,0.030163591897675892,0.9960102661641188,0.07994434495873964
robot3,3424,1722895921633190860,-59.959740529250986,80.10043542917626,135.5067631637698,0.02229591856147283,0.029520919208958732,0.9952033899234608,0.09056279605561163
robot3,3425,1722895922139396247,-59.89299714692439,80.46585837121562,134.7638066728018,0.02331280629632001,0.0313341121043341,0.9951858341639276,0.0898879411304489
robot3,3426,1722895922636491792,-59.791969490130654,80.63922796079336,133.89599051003665,0.027839856823967106,0.027936639175149974,0.9959017211401973,0.08138948576819649
robot3,3427,1722895923140887601,-59.60630464009242,80.66604079524387,133.01030006314124,0.023686406400781856,0.03043917797595438,0.9968079246793966,0.06990258859526896
robot3,3428,1722895923635207937,-59.485569469779875,80.78960432399991,132.31448204377358,0.026020345946855705,0.02983516163616474,0.9973386736708534,0.061223971836305235
robot3,3429,1722895924131912776,-59.42616747691854,81.1769203390007,131.51652494202045,0.022164136287849624,0.030625448530992822,0.9983019129570414,0.04431843353730979
robot3,3430,1722895924638679791,-59.381616873658345,81.33785608216355,130.59601232422287,0.025687293087126417,0.030225240810868793,0.9986075640790882,0.03477830869681112
robot3,3431,1722895925137989619,-59.279066061117376,81.42433891694421,129.66992489333734,0.02797268039105053,0.03208314092368029,0.9987018209895678,0.027979885137946314
robot3,3432,1722895925634316865,-59.158156100963296,81.39047559797727,128.89774080400727,0.03078516088775544,0.03232905894604568,0.9987592462767452,0.022069748378402445
robot3,3433,1722895926132435135,-59.065732936519574,81.50286876652633,128.1035520002024,0.03201659985315185,0.03199375653469222,0.9988198229766577,0.017615280455339364
robot3,3434,1722895926635754310,-58.98602476276593,81.73401864376945,127.38907947891782,0.03204499784234622,0.03205840385978027,0.9985539276308416,0.02890381407820369
robot3,3435,1722895927139387572,-58.90348395765305,82.15256918989853,126.50209849946509,0.030119171810081967,0.031367336956140565,0.9987384671137853,0.025107767104244054
robot3,3436,1722895927644390780,-58.86229438535397,82.46683718053416,125.5883816927627,0.02899700187284638,0.03121134267507602,0.9988664074078093,0.021235021144829058
robot3,3437,1722895928134985889,-58.713801385317545,82.54375384321447,124.62807616529905,0.030619150515668863,0.03088266932811468,0.9990378131105526,0.00567241854536479
robot3,3438,1722895928640849782,-58.58338055161044,82.81996873978652,123.57190611947341,0.02919171170580481,0.03196726161375371,0.9989320530548438,0.016145944761385
robot3,3439,1722895929135381872,-58.49364691899409,83.22526923655481,122.58028381716592,0.03296461110409375,0.031035664478926635,0.998609211736851,0.027014147763947838
robot3,3440,1722895929636389940,-58.32941477917721,83.33384687561981,121.53350756844311,0.03098183782962692,0.029714004213860574,0.998600209352467,0.030900251770598
robot3,3441,1722895930135138129,-58.14810366440756,83.23790688470689,120.42679856865483,0.029087566501148354,0.028206941831742296,0.9991197059658008,0.010867155025750912
robot3,3442,1722895930635595818,-58.105567024843495,83.65584421626784,119.5080713391051,0.029154904934507047,0.02796785477150039,0.9971532568828755,0.06366453412705064
robot3,3443,1722895931132462618,-58.15071047760739,84.2640908216233,118.99841600090119,0.02667098728094201,0.03291819084521868,0.9843382002492951,0.17112381096421425
robot3,3444,1722895931633389577,-58.04895643831466,84.33581882909338,118.06645994852462,0.027106757963616827,0.031521357620556155,0.9980917118491146,0.045657008493359276
robot3,3445,1722895932142243492,-57.83155242223347,84.28520457808386,116.86413273475858,0.030114886302495637,0.029330979044205174,0.9982712540801356,-0.041076642615600074
robot3,3446,1722895932631833852,-57.742801267698866,84.56761552262645,115.99891093921566,0.026224463360614656,0.02977465158114204,0.9977593542916513,-0.0538703867461192
robot3,3447,1722895933137604063,-57.75760735765587,84.96111095374454,115.29217093494131,0.02997267977025738,0.02945187903059933,0.9965846782717978,-0.07108589397942426
robot3,3448,1722895933635869055,-57.67228533005634,85.08220360055807,114.58397089073412,0.027966061154517562,0.0296789762345523,0.996290398865698,-0.07577927765028457
robot3,3449,1722895934133516409,-57.582312777624026,85.17130436410575,113.87871535216303,0.02889070254768176,0.031040680137839158,0.9961046048960163,-0.0773137735971615
robot3,3450,1722895934637465163,-57.49000133222092,85.3520072648984,113.12981942814002,0.025867690983643284,0.03165146957490336,0.994266782999066,-0.09880592725951153
robot3,3451,1722895935140890669,-57.38330552561679,85.53775959878458,112.3388492909624,0.021595529426550512,0.032049994876657245,0.9914235175114287,-0.12484326118160863
robot3,3452,1722895935631578463,-57.262484555081365,85.62942535331437,111.5819661103354,0.02405132300742728,0.03188631950944785,0.990829498175698,-0.1290802155042681
robot3,3453,1722895936134607178,-57.13545794297951,85.68636198227857,110.85397894937157,0.02396067748717019,0.031349017487782856,0.9907741513011241,-0.12965225084989307
robot3,3454,1722895936634415030,-57.052288603417516,85.70558641761812,110.23953574717306,0.026735191631892027,0.030230380270714858,0.9905795964515313,-0.1308564737833612
robot3,3455,1722895937135759416,-56.9834138857992,85.91655370694522,109.53675496280387,0.026062067372538984,0.028722583515760413,0.9908801366547632,-0.12904393292009986
robot3,3456,1722895937635755113,-56.936900857529494,86.1653544935852,108.84241105158458,0.024298863908509074,0.03039291305178774,0.9903825380932101,-0.13277147392807573
robot3,3457,1722895938133969057,-56.8565240294493,86.33110183506315,108.13491169663018,0.01552612902551724,0.02971206238578118,0.9901814805477878,-0.13570839416357983
robot3,3458,1722895938634084258,-56.68922875943985,86.44525173917167,107.38007770865731,0.021853246393827935,0.03303485978891626,0.9838666479987829,-0.17446361401855748
robot3,3459,1722895939135774369,-56.54983914152331,86.65169689178572,106.48528117160102,0.022269012465831396,0.03168938719623889,0.9799551204770061,-0.1954170813256094
robot3,3460,1722895939632692314,-56.48035587432418,86.83357230794785,105.59630134809669,0.023765352634060242,0.031131355786441006,0.979585882855309,-0.19717389485340547
robot3,3461,1722895940137657177,-56.375039805709896,86.89671396678271,104.65988699330305,0.023258839482323324,0.028922086707459226,0.9783114082139611,-0.20378745752582103
robot3,3462,1722895940643781031,-56.26368609679742,87.05959365611102,103.68362529589099,0.02484311847042474,0.029305018796955847,0.9788110567328295,-0.20112918872092178
robot3,3463,1722895941134657982,-56.16371314789844,87.11040316172073,102.83687613564095,0.023182574861430737,0.03025095072573331,0.9801490720649491,-0.19456424320312016
robot3,3464,1722895941640308202,-56.02659460952981,87.12633465647266,102.01817780694122,0.024987427952714136,0.03025998132418038,0.980839548493256,-0.1908238509361805
robot3,3465,1722895942133877701,-55.8710460792738,87.18301732322223,101.21249772555149,0.024294105643328113,0.030082576197269027,0.9808460590582634,-0.1909079450159161
robot3,3466,1722895942635741834,-55.777249215623854,87.2760049830591,100.48346475239852,0.024972871588161576,0.029880038377756594,0.9798693386938208,-0.19580505120889816
robot3,3467,1722895943133437127,-55.67881484845423,87.39359092378469,99.74356518316404,0.02275383271251258,0.029905318280874976,0.9794173506084561,-0.19831688874758813
robot3,3468,1722895943636864159,-55.60044626724169,87.47953397482195,99.00257106596715,0.025192134218930688,0.028738440294147537,0.9804518941987537,-0.19301176540571577
robot3,3469,1722895944132224598,-55.48698599730279,87.61555625393174,98.2776993342737,0.02307358355937767,0.02995222815293903,0.9787514129617432,-0.20153447694078036
robot3,3470,1722895944632903860,-55.4185337073197,87.75947224693842,97.55448635537886,0.02536550836381799,0.030495054725873667,0.9783215622356277,-0.20325738236913302
robot3,3471,1722895945133338407,-55.30842211752397,87.8978276005584,96.90459153564524,0.026358287627340864,0.030276968333014968,0.9806931830550047,-0.1913881568210502
robot3,3472,1722895945635631713,-55.20040640231935,87.98435929772873,96.22713622942466,0.029028135375119092,0.032365212893579895,0.9829734484013406,-0.17853027779335934
robot3,3473,1722895946130655071,-55.141992591783286,88.05381160640151,95.57182366703431,0.030051605410961798,0.032667513087022655,0.9841150839264977,-0.17189309523443771
robot3,3474,1722895946636169799,-55.04605317829368,88.04114086963463,95.04445680315415,0.034525140715974664,0.03245582952643519,0.9842601666402622,-0.1702543924648537
robot3,3475,1722895947133616757,-54.97419773100017,88.19498411254514,94.43137593611192,0.025951447464607817,0.03002446416646221,0.9842785335817945,-0.17210700815504482
robot3,3476,1722895947641213772,-54.95741391755756,88.31916000770059,93.97299471313696,0.03124144611452925,0.03171776085807814,0.9828036098127755,-0.17920664114312385
robot3,3477,1722895948134999665,-54.895970260991966,88.50670703292447,93.34105090895174,0.029026965329603305,0.031766135888625854,0.9827741133365777,-0.1797314386799447
robot3,3478,1722895948634623837,-54.87396359491468,88.904436568802,92.70008814269399,0.03020403338269057,0.03389292664271463,0.9822530674994762,-0.18198323351033896
robot3,3479,1722895949137363219,-54.826898673170824,89.15844576420298,91.94583646281377,0.028729270756118478,0.03386939814786352,0.9802051016300122,-0.19293898416188637
robot3,3480,1722895949635451677,-54.719083789517285,89.14909660664904,91.2302198115829,0.03071263143741529,0.033058040833662976,0.9749262536386067,-0.2179052550367253
robot3,3481,1722895950134278669,-54.65638698929504,89.25104264615354,90.46554972795806,0.03403458201515413,0.033137222275917685,0.9720549756900859,-0.22989714213760168
robot3,3482,1722895950636037071,-54.617988746606706,89.44891872994745,89.70586413790888,0.0317729039439803,0.03009041231238875,0.9732455021919709,-0.22556205825655917
robot3,3483,1722895951134273794,-54.51432701097687,89.45974911898844,89.02958757749383,0.0339807408376111,0.030142311973536274,0.9716752430223397,-0.2319137175298051
robot3,3484,1722895951639858551,-54.40889792604524,89.425174854574,88.42917445282839,0.03429072716391741,0.029473186656525024,0.9666334297234304,-0.2521414084199531
robot3,3485,1722895952131990521,-54.36298590358303,89.59542882918277,87.70748013701093,0.033085057751201914,0.029642650827923236,0.965706296717432,-0.25580860166498826
robot3,3486,1722895952632877636,-54.29078344317039,89.87348705290408,87.04406033778959,0.03753026639395049,0.029636073939845832,0.9673909267463671,-0.24873274226493813
robot3,3487,1722895953136109714,-54.16223142200755,89.92645535203671,86.34613485962169,0.03506281584091483,0.028434932270841536,0.9691693588313617,-0.24222470450898703
robot3,3488,1722895953636083160,-54.05966463104598,89.98283132788427,85.7091032133526,0.03484264193785324,0.02884187048797784,0.9709365602029829,-0.2350241112540256
robot3,3489,1722895954135259291,-54.01240565137304,90.06231434595712,85.0783552358197,0.03507372354321438,0.028061890749801727,0.9709449776816781,-0.2350493874041922
robot3,3490,1722895954635111564,-53.937259800382385,90.17087110729707,84.50494893473376,0.029006918988064147,0.028326422544472592,0.9691720451747511,-0.2430262522618533
robot3,3491,1722895955133985388,-53.86449256453403,90.33953844864214,83.89997513986475,0.02525215793403896,0.027220720818622632,0.9633516812079631,-0.2656593668432945
robot3,3492,1722895955640329093,-53.7360818944678,90.28493649237815,83.30957031534572,0.023093294628003084,0.022097048299638627,0.9580926012222745,-0.28466996273369505
robot3,3493,1722895956134694539,-53.6285205106833,90.29371304513013,82.66882455068024,0.012757699616384222,0.01513257497251833,0.9511901984898763,-0.30796988906707945
robot3,3494,1722895956634296360,-53.483998643635104,90.29238481158254,81.9597865068222,0.018648529775318428,0.01461432734390151,0.9306547774207934,-0.3651305780640098
robot3,3495,1722895957134861208,-53.31731760663473,90.1147239991394,81.28589408123317,0.021090118385155225,0.017312888628317917,0.9048227581052134,-0.42491322315117236
robot3,3496,1722895957637780769,-53.14327840279799,89.76247099998487,80.69685488892202,0.028423894685961282,0.018211450158704307,0.8752262362281792,-0.48253441401816505
robot3,3497,1722895958132921620,-53.05522360444408,89.40595274784442,80.1878587360255,0.026788094455444854,0.017003614145059066,0.8383408337118633,-0.5442223090178774
robot3,3498,1722895958634572817,-52.952060737792024,89.07107548196727,79.758222865299,0.021790900366628535,0.018976184558005583,0.813799088447282,-0.5804275189230824
robot3,3499,1722895959131675983,-52.82260579345697,88.76046791098122,79.37395323643592,0.019040697883519826,0.013588635617994314,0.7981022048349581,-0.6020678296037154
robot3,3500,1722895959633588798,-52.70205806914901,88.50136043283521,79.1318762122375,0.021002465917334852,0.01169197049000402,0.7960698857332885,-0.6047271544093591
robot3,3501,1722895960136121629,-52.56360851228203,88.25109808225568,78.76396755633505,0.02164987189715092,0.014115462617247393,0.7733529079603502,-0.6334487481329553
robot3,3502,1722895960634722456,-52.39160024396597,87.98878062431241,78.24560508012593,0.021906402221695265,0.012754780541481745,0.7358641678017198,-0.6766545290327421
robot3,3503,1722895961132403776,-52.26355360248286,87.56319356272256,77.9345641521254,-0.021891193965798694,-0.008722047275334209,-0.696425483303052,0.7172421123471413
robot3,3504,1722895961635642365,-52.126262939101196,87.09269896180464,77.6413558699753,-0.02789717860550772,-0.015007003340142705,-0.6668520441103942,0.7445165468560052
robot3,3505,1722895962134525447,-52.00265746631563,86.69551375666454,77.38915037641817,-0.03245113829007916,-0.017732970358522213,-0.64279692068821,0.7651435055855189
robot3,3506,1722895962634781690,-51.8332122822073,86.22377542911468,77.02104413967506,-0.021795927039412754,-0.017156791896495247,-0.6071033036339596,0.7941386281834206
robot3,3507,1722895963135833695,-51.67163870850924,85.75670957937577,76.78207144355426,-0.024801048326472307,-0.017180460210982865,-0.5832609811076216,0.8117243175525921
robot3,3508,1722895963633191422,-51.56587571261268,85.20195641777127,76.59835612419099,-0.025741843990620843,-0.016608213378108902,-0.5536960191538758,0.8321551796927664
robot3,3509,1722895964134664715,-51.39818118533901,84.59221157633604,76.46436532548503,-0.02478349482985338,-0.011244253375366576,-0.5416503514682391,0.8401632233705438
robot3,3510,1722895964637067548,-51.27173661578568,84.03429013670535,76.34427209985154,-0.027112471332410817,-0.015356098761175564,-0.5164010819447824,0.8557797769843271
robot3,3511,1722895965137325801,-51.17943217220308,83.44891508586802,76.30953246318055,-0.026605413805890783,-0.013538574337012593,-0.48548493143517063,0.8737352232287113
robot3,3512,1722895965635451172,-50.993793940899415,82.79333660528576,76.33900566737712,-0.022879696041413915,-0.009861536603208522,-0.417931378692943,0.908136901743725
robot3,3513,1722895966133017962,-50.858328914210475,82.23349989365299,76.32385106265768,-0.02564751594457896,-0.010118176654528141,-0.413173821481431,0.9102347063639635
robot3,3514,1722895966631665980,-50.758058501615835,81.64373294736738,76.33661527420533,-0.02764136338742892,-0.011785025762706403,-0.40381911389470615,0.9143452255308991
robot3,3515,1722895967133543528,-50.61789376892817,80.9891326720906,76.3549597327837,-0.024769826155199817,-0.011539792443811236,-0.35653531792231563,0.9338821424444458
robot3,3516,1722895967643151745,-50.49829633115872,80.24824951693537,76.41382066652129,-0.02467713232423871,-0.009319046587927015,-0.3165277752756761,0.9482164109474035
robot3,3517,1722895968137736846,-50.36177575660367,79.5413859219706,76.39708619992008,-0.023613076962303626,-0.006181223181003742,-0.30094574273232877,0.9533288388628794
robot3,3518,1722895968634801160,-50.24275535742208,78.89073616896486,76.38402449603585,-0.025575465105330847,-0.009070975357952801,-0.29962492789115497,0.953671073052403
robot3,3519,1722895969136207376,-50.04869556846904,78.09010752294574,76.33551899547729,-0.025682449638063088,-0.005755200074790391,-0.29892313415932137,0.9539141729301729
robot3,3520,1722895969631476925,-49.91396785655015,77.3701791689035,76.28778573729738,-0.023602635143229408,-0.0033468869136281127,-0.28937998263075987,0.9569174152532203
robot3,3521,1722895970131037685,-49.73548117931744,76.59986739615579,76.19564384804215,-0.022117373640666366,-0.0045920001880640285,-0.282181228742966,0.9590951409858263
robot3,3522,1722895970644560084,-49.574258164452274,75.8842996944518,76.09466083383268,-0.022263543370188384,-0.005469931176089959,-0.28878333894410746,0.9571199494513869
robot3,3523,1722895971134864455,-49.4359957261566,75.13658641103451,75.92845659409485,-0.021941317340273308,-0.007034742633054211,-0.2940951261275629,0.9554983766482666
robot3,3524,1722895971635304765,-49.30355635464705,74.43507578033898,75.76725325715385,-0.020738519518083226,-0.005849402063793807,-0.30000707347567684,0.9536935850514325
robot3,3525,1722895972134616569,-49.20533016338362,73.69767831376413,75.5755436131105,-0.022050775796683394,-0.009381480425323966,-0.31148326567808354,0.9499494335564973
robot3,3526,1722895972633059787,-49.078022193400294,72.95575938794602,75.32784516579639,-0.021131783634782037,-0.010365688891365667,-0.32322861162378286,0.9460281522460006
robot3,3527,1722895973135221808,-48.924733521205326,72.27970738374664,75.106073969175,-0.020537299414123918,-0.01093321945094101,-0.3320319280076193,0.9429811678017517
robot3,3528,1722895973637044013,-48.72938407727014,71.50910699678047,74.84573216361376,-0.020651280821320686,-0.005987279255483336,-0.3453287264864884,0.9382354436658081
robot3,3529,1722895974142508946,-48.564541992711966,70.7144386100082,74.61018203493354,-0.01909589811525908,-0.008521266573727421,-0.36024151356999634,0.932624676165042
robot3,3530,1722895974636016561,-48.321243812799146,69.92345098936384,74.2653738342097,-0.01837844184647971,-0.011595158907804758,-0.3737147133093632,0.9272891125324932
robot3,3531,1722895975140440953,-48.03205964328076,69.07137222878745,73.95048163027101,-0.012950921358321994,-0.01181653011902866,-0.3842337974055274,0.9230693539400193
robot3,3532,1722895975636833406,-47.731018098517396,68.28601925635402,73.73671987261517,-0.0034799834237203885,-0.012502633302577023,-0.3589709865939095,0.9332584875904784
robot3,3533,1722895976140081097,-47.498741140866755,67.43558206451753,73.45244908609799,-0.0017914914915778354,-0.012553297505885708,-0.3186265282021519,0.9477955163461197
robot3,3534,1722895976637502521,-47.36577461359117,66.58286441042326,73.16776264361172,-0.0009695572024591878,-0.013014641081337848,-0.3180509116651898,0.9479838061197547
robot3,3535,1722895977130803253,-47.22591286458321,65.71971816524616,72.93215554257121,-0.001586897457333968,-0.01022027232318832,-0.31475441958535494,0.9491167910966417
robot3,3536,1722895977633695044,-47.029535141187885,64.80129541478246,72.72770373081579,-0.0029010952779711164,-0.013715999309703825,-0.32523484194919794,0.9455293504653383
robot3,3537,1722895978135723386,-46.86974407882131,63.871158411019074,72.53458218926849,-0.0039586881856757475,-0.01473180164324326,-0.33644258849902947,0.9415804200663189
robot3,3538,1722895978635773376,-46.779430016938264,62.980418260525276,72.297293815242,-0.004933048576390313,-0.01362950425598638,-0.3297182122544696,0.9439681150087621
robot3,3539,1722895979130832241,-46.51725121520218,62.19917687264008,72.16672921067843,-0.004082140019669479,-0.011664184152541845,-0.3309417100541459,0.9435702769202478
robot3,3540,1722895979638451191,-46.13832787437509,61.29714255555197,72.04052912409803,-0.003802066541844323,-0.012587069450685199,-0.32675506828482703,0.9450175846632872
robot3,3541,1722895980144795468,-45.87348442312976,60.29792115165851,71.83244088685606,-0.004714205412817831,-0.012125125031056111,-0.330017945789132,0.9438850105110412
robot3,3542,1722895980636986493,-45.639997922983724,59.439096796662085,71.6335240988361,-0.002949147617191967,-0.013198217510302526,-0.3278741533045091,0.9446246075440413
robot3,3543,1722895981133004157,-45.39993594874613,58.64198017189795,71.55730870445872,-0.003505667024978297,-0.011103070036905426,-0.32160365853121703,0.9468027877830746
robot3,3544,1722895981635469483,-45.16073055845105,57.77966120557693,71.46460969113838,-0.0057505942851515425,-0.01351102589839519,-0.31953173207969066,0.9474617960839864
robot3,3545,1722895982135437508,-44.9814648356637,56.82302557743363,71.25001015164872,-0.007610856702457104,-0.013107927267245863,-0.3230681201732124,0.9462543246034641
robot3,3546,1722895982635153621,-44.82280152064355,55.95106190882507,71.05418041770947,-0.00920054867555046,-0.013069448836821419,-0.3120833572426831,0.9499202690454112
robot3,3547,1722895983135074389,-44.737656371820606,55.16649326229335,70.89847331131507,-0.008770896546741173,-0.005454176512157255,-0.31080917352806736,0.9504162146044965
robot3,3548,1722895983635076509,-44.60462824110366,54.53983069229312,70.80140857497568,-0.008377330423347866,-0.0062827630792346685,-0.3075592891606145,0.9514712979770256
robot3,3549,1722895984132342689,-44.430507710947765,53.86410150392038,70.67503043937906,-0.003809191642806534,-0.0019540221679729803,-0.2910291069376446,0.9567046204401192
robot3,3550,1722895984641965284,-44.21508385962277,53.05072929350381,70.56381429348997,-0.004178123855569479,-0.008443688868127797,-0.28060036913689695,0.9597784537275167
robot3,3551,1722895985134443668,-44.07034719038458,52.42094129439118,70.4565326470106,-0.005709887788919793,-0.013874639569483474,-0.2790306132754749,0.9601649902039583
robot3,3552,1722895985634271674,-43.879922020562816,51.56830505758291,70.33743856511134,-0.004750004398802272,-0.012651690530032816,-0.2802214021080159,0.959840266911928
robot3,3553,1722895986135596446,-43.70480929299283,50.77120221465475,70.23328324186609,-0.004524797226713882,-0.014247697165057669,-0.28237182985838455,0.9591885523910185
robot3,3554,1722895986636530569,-43.57523587161384,50.04456641135513,70.13648525523891,-0.005593306911325714,-0.01470496994406294,-0.28359414413617345,0.9588153316402545
robot3,3555,1722895987134889344,-43.387374094940554,49.25247107307055,69.99910743129291,-0.00541901603996796,-0.01466671295399312,-0.2737655124765893,0.9616693641656232
robot3,3556,1722895987634884506,-43.211296315749806,48.449746342221566,69.8953366383983,-0.005139336781931284,-0.01819910278113518,-0.2695090616844026,0.9628121548596053
robot3,3557,1722895988136987215,-43.05034859154383,47.914187300102114,69.81108606296335,-0.0037191524232810945,-0.005371855611895814,-0.26862618786717996,0.9632223431090478
robot3,3558,1722895988635305483,-42.981573742458146,47.55184941863373,69.73707502844154,-0.009170021828890321,-0.011914128855204766,-0.26681091481683544,0.9636316204690891
robot3,3559,1722895989135155002,-42.86936384203432,46.997120626006605,69.65740647488853,-0.009938385042247633,-0.010478042921416877,-0.26036497084912597,0.9654022586849602
robot3,3560,1722895989636646940,-42.768173339326076,46.37657459516369,69.539730048016,-0.011132156613080075,-0.01520546594389319,-0.2549939120919771,0.966759004970008
robot3,3561,1722895990134612302,-42.596803583148024,45.75498365935854,69.41420764322936,-0.00816857535365805,-0.0011687982614034958,-0.25428132659554414,0.9670950911012453
robot3,3562,1722895990633818285,-42.456452498552494,45.219983817876994,69.34292525648506,-0.014550880720069955,-0.0065154178745246896,-0.25559325164533153,0.9666529423291261
robot3,3563,1722895991132922822,-42.360551786240485,44.63659497597482,69.27822217313772,-0.014851709715366179,-0.0199796204145253,-0.2585176783970198,0.9656856897784274
robot3,3564,1722895991650772853,-42.12474444498143,43.81728042577511,69.12182373235963,-0.010917643922253415,-0.006772527543215783,-0.263348724657286,0.9646151497583086
robot3,3565,1722895992132694229,-41.948814681332344,43.09211405841044,68.87326445391909,-0.008835523427250946,-0.011439493082742214,-0.25973813198812146,0.9655709058971783
robot3,3566,1722895992639438249,-41.81962274665697,42.60083508429399,68.74304360723974,-0.006239741427504085,-0.015211929811515807,-0.23144034610765848,0.9727101464526289
robot3,3567,1722895993136111395,-41.63850196665812,41.86088097652924,68.65849373683388,-0.008305448956548382,-0.005973529605012989,-0.22558439885442128,0.9741699109781504
robot3,3568,1722895993632009491,-41.46027128378101,41.099872413597204,68.63639480200142,-0.005904176434325709,-0.009674851056609349,-0.21372137785982606,0.976828905491316
robot3,3569,1722895994136384223,-41.33922184935839,40.39315717309639,68.41877962332408,-0.003678623576699763,-0.0072849883879875415,-0.21239362543587612,0.9771501136196897
robot3,3570,1722895994637624667,-41.221173173867776,39.717905517296444,68.24451426863965,-0.0037358562967931457,-0.008884616000238486,-0.2172387103119463,0.976070924532772
robot3,3571,1722895995132563087,-41.04774501122976,38.97757693723113,68.1866586942422,-0.008136603686896705,-0.008237173197286498,-0.21976950516452703,0.9754831158241024
robot3,3572,1722895995635868357,-40.894758096555684,38.27364156459181,68.06062230563124,-0.008612270592751438,-0.0032445800965325267,-0.2236114793775569,0.9746349099974898
robot3,3573,1722895996134490263,-40.76000140539519,37.71126445152806,67.98841764212402,-0.007172786802290894,-0.009595233688885563,-0.2155397292984019,0.976421582982431
robot3,3574,1722895996632378803,-40.626048864330606,37.04578008442421,67.92306797244802,-0.007694629686014719,-0.007618778580236452,-0.20184671175439967,0.9793572646592646
robot3,3575,1722895997134224434,-40.46494676547963,36.30621921666206,67.86552973522653,-0.007136473547192837,-0.009193068693917743,-0.2019777950905897,0.9793209527645382
robot3,3576,1722895997633286794,-40.27996627948217,35.49536922362192,67.72467190101875,-0.0063692231979570624,-0.008640851595472714,-0.2033093348124079,0.9790557098846295
robot3,3577,1722895998135395904,-40.15037955765088,34.74417661578481,67.61450798407903,-0.005388770730313382,-0.007852732539206694,-0.2003882113617903,0.9796702815176677
robot3,3578,1722895998643250658,-39.95068175058759,33.951151012677755,67.55293441246263,-0.0029606883017335942,-0.011572418334074245,-0.19366125812134932,0.980995734221886
robot3,3579,1722895999135331290,-39.746146339353565,33.319739466034385,67.47514429819987,-0.002687416278978069,-0.013889441945824603,-0.19674416059399327,0.9803527918399284
robot3,3580,1722895999635502860,-39.58341196339648,32.53401438509895,67.42957596033102,-0.005382173721156335,-0.013270558399864135,-0.20233940469038225,0.979210748406763
robot3,3581,1722896000137180016,-39.43244488880255,31.749510340209238,67.36390501148692,-0.007001796352149521,-0.015099737190306892,-0.2133275974945857,0.9768389370473592
robot3,3582,1722896000635851387,-39.240090540471975,30.763209685669064,67.15692216976517,-0.005091627663648614,-0.008557244452320825,-0.22389224156532095,0.974563036987333
robot3,3583,1722896001132742342,-38.8964922137752,29.79420293312131,66.99949526423711,-0.004224608997927512,-0.011992990886699697,-0.2335162214334856,0.9722697646105393
robot3,3584,1722896001636856814,-38.63923830147968,28.804094494859353,66.8099264298399,-0.007285506874893252,-0.015152052323288989,-0.24384040650762617,0.9696696307785265
robot3,3585,1722896002131849246,-38.494426262600605,27.818661042861788,66.55998074986854,-0.0057781537234495245,-0.010548220600933193,-0.24200545665287473,0.9702003437084197
robot3,3586,1722896002635838882,-38.310812987946484,26.88862990638586,66.32478032911068,-0.005728251618538806,-0.011603659711734044,-0.22007020115794562,0.9753982001095708
robot3,3587,1722896003135570664,-38.09603441031959,25.88239354970333,66.13933405049322,-0.004576870056179201,-0.006344231866434982,-0.22272654144544993,0.9748495733795354
robot3,3588,1722896003634192206,-37.92545006152436,24.994782899925774,65.94292059838675,-0.008546604674004567,-0.009889980988746196,-0.24380700541357353,0.9697356794177753
robot3,3589,1722896004131848344,-37.76483586261888,24.13101756502731,65.6841970620749,-0.00877285561467288,-0.012672410273636593,-0.2595352356500779,0.9656106402056054
robot3,3590,1722896004635047179,-37.61026011026222,23.396389916488964,65.53787154715954,-0.010795777255793237,-0.012108874864047764,-0.26014673543187833,0.9654328057338358
robot3,3591,1722896005135188882,-37.49589127679153,22.84345831089238,65.409871031118,-0.012217929493292402,-0.011649321115720418,-0.2610740095797162,0.9651711646326833
robot3,3592,1722896005632552499,-37.38780071842343,22.332330964056492,65.29129045831932,-0.012848593545296872,-0.013056456908365315,-0.2612009248346955,0.9651106254945117
robot3,3593,1722896006137642332,-37.23692492916428,21.705781862695474,65.21507427758814,-0.011284648706982744,-0.010174242344924674,-0.25568270835405854,0.9666413472146741
robot3,3594,1722896006637674203,-37.12001384046488,21.056844809765593,65.17477625239717,-0.01177185810280037,-0.009048708833712104,-0.26084495654778256,0.9652665190862241
robot3,3595,1722896007134797680,-36.973402923627305,20.428055371437956,65.06191843705409,-0.01312121340227805,-0.0074179064096712415,-0.265748646887025,0.9639245121383024
robot3,3596,1722896007634388616,-36.81909413557705,19.875520856802808,64.94911186637363,-0.013652832702049044,-0.010436288103907936,-0.26426645849197405,0.9642965949156576
robot3,3597,1722896008130669824,-36.68758017177849,19.473274495323704,64.86236291328873,-0.013709931285297778,-0.009123333008805235,-0.2610688615540543,0.9651796993854735
robot3,3598,1722896008632545888,-36.61140378595527,19.041903295064394,64.79171214778572,-0.015133553984813253,-0.009431855781857448,-0.25990257858078464,0.9654701783521632
robot3,3599,1722896009136926077,-36.556496280232935,18.587811245353336,64.71381814227985,-0.013786573169626308,-0.011007208858549769,-0.2585514927487864,0.9658363719340648
robot3,3600,1722896009632436794,-36.410939732106115,18.047793362706347,64.67279091442671,-0.013237415632602674,-0.009592604006235439,-0.25231982654778445,0.9675057921824786
robot3,3601,1722896010132549717,-36.33492134947913,17.667459520930034,64.60981024888376,-0.012847077517720611,-0.010881966485643525,-0.24513528041878915,0.9693426791896975
robot3,3602,1722896010632778476,-36.270795788277816,17.291027538870267,64.52708982594066,-0.01291490728793208,-0.01412789865052419,-0.23532007120105033,0.9717294231108766
robot3,3603,1722896011134509461,-36.17572728779466,16.857352760224032,64.48684544703428,-0.012804992413857401,-0.012332366004912783,-0.22509240983792067,0.9741752162477546
robot3,3604,1722896011632338723,-36.08608866230847,16.482371855011355,64.45540510248296,-0.01267884218993452,-0.008366804139651424,-0.22732455609492028,0.9737005647248331
robot3,3605,1722896012130747453,-36.0409158503238,16.10175208428929,64.42409915539983,-0.011889171526379683,-0.005838906718229697,-0.22742012938669012,0.9737066496222018
robot3,3606,1722896012652333933,-35.98604967240648,15.786169583701538,64.39279518449243,-0.011691017481796948,-0.007454825733009899,-0.21117194888640758,0.9773505787009323
robot3,3607,1722896013134522727,-35.91246029010697,15.399818725204879,64.3474498647369,-0.010844911601744773,-0.006631585401264216,-0.20892039433566384,0.9778500287866472
robot3,3608,1722896013634004075,-35.845048928070455,15.04731304306107,64.34477671763345,-0.012978722948264666,-0.007147644294835105,-0.17943691320558233,0.9836578968884044
robot3,3609,1722896014136886737,-35.79409543114487,14.603617660931759,64.48234255357654,-0.01230517635377363,-0.005172190594361168,-0.10577321247549146,0.9943006882236243
robot3,3610,1722896014641204643,-35.683539523977586,13.954723862500742,64.63120667733554,-0.010697010457677365,0.0010103063324197448,-0.09341585745494498,0.9955691994152593
robot3,3611,1722896015137740353,-35.57410223973408,13.382096904616487,64.83062882477576,-0.00460368156406623,0.015942332218706293,-0.025359851636494107,0.9995406575444844
robot3,3612,1722896015636476259,-35.52902567838839,12.896916492884896,65.09946963322975,-0.0017823271939905036,0.014441101629549888,0.06956201534591162,0.9974715053145697
robot3,3613,1722896016133444265,-35.49315001979804,12.366761353324568,65.65985983778589,0.004382363502174835,0.017287211523105382,0.20733649669060844,0.9781071129216654
robot3,3614,1722896016637345855,-35.492228592471214,11.976078096636856,66.34728064014831,0.008250763529131806,0.023408139106450763,0.3257121617400879,0.9451431487448652
robot3,3615,1722896017136187485,-35.52692645757992,11.679532752660265,67.02296355751233,0.027847992822135056,0.024482984370095735,0.4262974522502549,0.9038227453306613
robot3,3616,1722896017633434889,-35.60523910652752,11.551177711952533,67.67240022846168,0.013223622382631145,0.024550565340212303,0.5170942368176903,0.8554741117079394
robot3,3617,1722896018136814078,-35.69751773650421,11.453013560558222,68.31050479114334,0.014916696862447313,0.022584378732258863,0.5623046066291123,0.8264871247367808
robot3,3618,1722896018636651777,-35.80120759528134,11.311635409841129,69.06279330510974,0.010662565071960967,0.025031796768095475,0.5310645758683835,0.8468944061182485
robot3,3619,1722896019131329256,-35.92766543506389,11.163665509036788,69.91689282464955,0.012058894411934012,0.03228570492742973,0.5258921982411403,0.849852700267524
robot3,3620,1722896019635965514,-36.03817426931073,11.064515795554163,70.73900158590052,0.017075754632523407,0.0278387417474712,0.5287404156387271,0.848155054180445
robot3,3621,1722896020130785730,-36.15172653236999,10.974071526411889,71.41416596587057,0.01766490863411662,0.020485136162295928,0.5260545047095011,0.8500205693241795
robot3,3622,1722896020630753213,-36.2413368521713,10.818853032768123,72.1441222094051,0.015020965412753226,0.023198037112844013,0.5046755159572317,0.8628666439638758
robot3,3623,1722896021132978085,-36.30850472568877,10.627284249463429,72.83475359410599,0.01535588391986947,0.0213666932224154,0.4628164160198886,0.8860635565873838
robot3,3624,1722896021637768576,-36.43368458437285,10.344680771640387,73.77132751916612,0.014137857598850802,0.02404029550152003,0.4398149785469516,0.8976552622362657
robot3,3625,1722896022135095060,-36.575093765746885,10.00180747334613,74.83548630975238,0.014797521106795882,0.022380558347762574,0.4190654120696624,0.9075595431617808
robot3,3626,1722896022632987185,-36.630236789281184,9.615426106066213,75.62382317600486,0.016674834276464268,0.02307945850282356,0.4001935840460785,0.9159882006802397
robot3,3627,1722896023140718895,-36.629482836108146,9.190842795957632,76.36865809168042,0.012568948665550876,0.020178946756801507,0.3820981596921875,0.9238159059017509
robot3,3628,1722896023638031611,-36.6678771722451,8.861725865111387,77.13981364556986,0.008094096239596536,0.02014447515628522,0.36397319828696156,0.9311563760483532
robot3,3629,1722896024134676135,-36.75486884888786,8.557286320197438,77.8656885958681,0.014440697371201117,0.018415249264601134,0.3866141029527975,0.921944618863823
robot3,3630,1722896024634640074,-36.85181728789316,8.365194146146623,78.7649141037116,0.014486376210672253,0.02140637773084558,0.43393575291206743,0.9005729699704318
robot3,3631,1722896025134579770,-36.974324202330536,8.22772696902259,79.66008164200409,0.014605926589168408,0.02270551878331051,0.4693836455289101,0.8825815087770891
robot3,3632,1722896025634564870,-37.06389866208334,8.034275349304375,80.452837845163,0.01589134018782042,0.02264279745343026,0.4755615329674757,0.8792474039723646
robot3,3633,1722896026135019822,-37.14632599853037,7.880913874402075,81.39440328529795,0.010348776252659177,0.02498595457231662,0.46611898892347353,0.8843085960619977
robot3,3634,1722896026636751656,-37.21638324556343,7.699436609626385,82.2585997207143,0.011161510745453877,0.02323852248560531,0.46205603738615725,0.8864759500773652
robot3,3635,1722896027133411617,-37.306365877438765,7.552731417069368,82.97862490005369,0.010015571705407327,0.022805097173063647,0.45517282395792824,0.8900546703413819
robot3,3636,1722896027633821530,-37.47333353898937,7.356421796634581,83.82103076360566,0.008002230538191725,0.019463200361358766,0.42986731726872035,0.9026467956417397
robot3,3637,1722896028132729544,-37.58301012925137,7.054902911394801,84.8828034067256,0.009905369383883391,0.01718869861345706,0.40537663628669457,0.9139344697790042
robot3,3638,1722896028631201777,-37.672159341624386,6.713507810545246,85.93986906596218,0.010537315511801518,0.020495379885774708,0.38522895047959843,0.922533229806672
robot3,3639,1722896029135613116,-37.698309316459536,6.430289090954176,86.8497602413055,0.008983722693289961,0.018220281378870086,0.36256031376603354,0.931738875949115
robot3,3640,1722896029631666531,-37.776568759571255,6.118579747118856,87.6931521455719,0.010869605783686032,0.01663754138272082,0.33962334193624194,0.9403515456992155
robot3,3641,1722896030130743441,-37.85179974362378,5.777834009115626,88.54057844901766,0.008595586352373284,0.020855976784720332,0.3144447583629586,0.949007712332031
robot3,3642,1722896030633440007,-37.912870685586775,5.462306619773254,89.30271854067003,0.007045411285768272,0.02010046071369131,0.2861046091250334,0.957961630910301
robot3,3643,1722896031133326885,-37.99211505125162,5.0567693619236485,89.8851594855669,0.001319022427782456,0.010698674534641052,0.2025640578108144,0.979209681848711
robot3,3644,1722896031634116648,-38.056646385275585,4.4805611639138725,90.63969993693503,-0.007203212590406754,0.009847308531093385,0.15358451338617987,0.9880601912287537
robot3,3645,1722896032137044791,-38.07114322430503,3.8323913249013897,91.4010975884666,-0.01020298533531765,0.0022658747134865907,0.10909542909925102,0.9939763338488902
robot3,3646,1722896032634559031,-38.05673160843074,3.2541857608912803,92.24074186769907,-0.012953552027204116,0.00270791900997387,0.07613332539750639,0.9970098241383739
robot3,3647,1722896033136794296,-38.1348653529358,2.818229121991899,93.07293587921981,-0.010986749251258768,0.008306508092589,0.11806680231136286,0.9929101285897768
robot3,3648,1722896033630922305,-38.19442966357081,2.476990952133828,93.84380571950736,-0.01177512878293888,0.012429342631678594,0.12827056750320076,0.991591407433675
robot3,3649,1722896034133973003,-38.20278503226488,1.9947038741970093,94.74368677898381,-0.010753037976475718,0.005278174940561426,0.14790594719782815,0.9889288871436037
robot3,3650,1722896034631213952,-38.25500426341836,1.509491547481862,95.58813127065758,-0.014476635305346765,0.004067223599412039,0.1406502138229462,0.9899451510432222
robot3,3651,1722896035132164172,-38.42820175705873,1.285510599483248,96.39388852382305,-0.016870073969765413,0.0061796428880809785,0.167147571703858,0.9857681785752338
robot3,3652,1722896035633019538,-38.5764092337884,1.0774090531801555,97.19724274996612,-0.01947894539084544,0.005397492253020034,0.1832834608106488,0.9828522832842738
robot3,3653,1722896036131232609,-38.657252312814954,0.7674826305448831,98.02722705995014,-0.021984633399318988,0.009681439669802408,0.17691048586173638,0.9839337506216472
robot3,3654,1722896036630904854,-38.71891115934144,0.44332383033605205,98.81557195621913,-0.019384179822835496,0.01768116163731529,0.16923339525751097,0.985226719098384
robot3,3655,1722896037134243082,-38.78924355121418,0.22308660884402481,99.65696315003018,-0.020668043833858528,0.010631549207954914,0.16169344505651173,0.9865672972237004
robot3,3656,1722896037631499697,-38.867476855370825,-0.04681503819767987,100.51456047645165,-0.01259404722899758,0.01603024438501641,0.16961405924855058,0.9852996966124468
robot3,3657,1722896038134776920,-38.95934127316302,-0.1655011648655885,101.31810637966902,-0.015700120957737804,0.014519765747156252,0.18675301193705987,0.9821741165073514
robot3,3658,1722896038632334983,-39.05370335724208,-0.2813290031556896,102.13004096620601,-0.01603349558677985,0.015981702122515713,0.19260551034922557,0.9810151016165094
robot3,3659,1722896039137828604,-39.13900532191087,-0.48391659095136424,102.83914188860237,-0.016288258787325826,0.01112612946046359,0.18812955199982812,0.9819461153919039
robot3,3660,1722896039630978424,-39.21025817487047,-0.6833156038276543,103.45076970540447,-0.015073473842966995,0.008986275664564974,0.18562911927898268,0.9824631633357533
robot3,3661,1722896040132308404,-39.28986897495606,-0.9388222473306284,104.16347379408028,-0.017921671371103575,0.00390663391382468,0.18876229897627297,0.9818514889696516
robot3,3662,1722896040634727836,-39.419589079196165,-1.093453636994552,105.10880098448652,-0.016712883106152866,0.01115510237966894,0.278445252057053,0.9602418887114139
robot3,3663,1722896041134947601,-39.615265507575955,-1.2023054206595292,106.27793441023456,-0.012190090811796278,0.013819358590485796,0.3231460877285825,0.9461696639608876
robot3,3664,1722896041631618076,-39.810741394665925,-1.2200194890702951,107.35869884063449,-0.014456168707460863,0.010496060812187217,0.3214593660759478,0.946754840418457
robot3,3665,1722896042132633583,-39.9802706335088,-1.1698014820519942,108.45154059368456,-0.0227779292194605,0.023955714844398776,0.312276799338379,0.9494158679218212
robot3,3666,1722896042633791383,-40.176692008887606,-1.1273538288742013,109.5245454342236,-0.0328162572104562,0.0032858970180625006,0.2994473537016958,0.9535426464005348
robot3,3667,1722896043137590851,-40.322623078805826,-1.1681097719070273,110.64950693629274,-0.02938170280526641,0.015368849016027381,0.28151375598026657,0.9589841079048539
robot3,3668,1722896043635546390,-40.49029899149276,-1.2725068814709064,111.70186640345251,-0.023864958268287398,0.020318916720381712,0.26298486240344865,0.9642907069638296
robot3,3669,1722896044136730918,-40.66548313079504,-1.3023804623966126,112.7984131804535,-0.018830061428671142,-0.002273092476647268,0.24557669766675033,0.9691915947841678
robot3,3670,1722896044632827668,-40.828987129928386,-1.3260554635595296,113.87288855108247,-0.024254909332942932,0.010841469282959332,0.2251279459407526,0.9739669244248158
robot3,3671,1722896045134745492,-40.91387650202723,-1.4590122234722864,114.83016620439396,-0.026380756113675664,0.013686812639747954,0.20703187260807193,0.9778826773141195
robot3,3672,1722896045635087861,-41.043777243685014,-1.6619595079833684,115.82045963404754,-0.039896048324329615,0.01324138017131333,0.19095386657703362,0.9806985224922804
robot3,3673,1722896046131974984,-41.145484688325446,-2.0086731298065437,116.77076950906523,-0.049482654013669955,0.009872869297300581,0.17667601423899074,0.9829748620367796
robot3,3674,1722896046632907560,-41.20934808630275,-2.32787397098184,117.82051625323354,-0.04066245827769895,0.014114299647889815,0.16405073055917785,0.9855124092751264
robot3,3675,1722896047133711713,-41.31168280454047,-2.519233980273952,118.86462279552786,-0.020516366143259097,0.0107382237453557,0.18152516524426934,0.9831136168592678
robot3,3676,1722896047634291386,-41.44459332831974,-2.5868295975686393,119.7284676221212,-0.02327810716955518,0.009412341445523262,0.1822523344146636,0.9829311390710548
robot3,3677,1722896048131317731,-41.537586480970745,-2.669766643109125,120.41498928405035,-0.02144113632458236,0.013036856948749106,0.18104783768252208,0.9831541072001335
robot3,3678,1722896048631055619,-41.60146068787514,-2.940789374312996,121.14363952539875,-0.019094335832106568,0.017348323041987305,0.18646029560971955,0.9821237193897201
robot3,3679,1722896049132509238,-41.68127364604973,-3.1052099862312144,121.91957683178427,-0.019940609085871586,0.020265624781431662,0.19205422075857465,0.9809724016761732
robot3,3680,1722896049631331784,-41.71129539802741,-3.449942314089896,122.77682477933868,-0.019815091979151624,0.019075496621279796,0.1892778850289294,0.9815382671080556
robot3,3681,1722896050135380051,-41.79340793012308,-3.8198759189671403,123.80928894290543,-0.019950413087725348,0.01783831877105508,0.18442015529440375,0.982483069432873
robot3,3682,1722896050631694998,-41.92778673562751,-3.994265119074926,124.77216889198357,-0.0186030635484541,0.019229890361460503,0.1805234943093878,0.9832066951285608
robot3,3683,1722896051133941640,-42.043122712417386,-4.194384326363346,125.85570222751261,-0.019094947170839382,0.014754289126987835,0.1748838661463342,0.9842933136553408
robot3,3684,1722896051633115110,-42.146377614528284,-4.457466329764756,126.93950694576459,-0.018476119347176207,0.01891976473539944,0.16917627861120701,0.9852309689973663
robot3,3685,1722896052135078441,-42.27794914609851,-4.491735966612736,127.86266194034438,-0.01752834458570484,0.019522067252610572,0.16506593412958878,0.9859335086182007
robot3,3686,1722896052632117161,-42.44163181716664,-4.361115363065205,128.64550027343105,-0.015434058072851257,0.0216194515358167,0.24105453263688853,0.9701479791567396
robot3,3687,1722896053136960328,-42.61351066474863,-4.196446139975485,129.49251000697407,-0.012153820960346078,0.026761203968370343,0.35728930968267725,0.9335311841522506
robot3,3688,1722896053633475409,-42.70677985694919,-4.286669288920909,130.258270345738,-0.015094245144627672,0.01796313531631988,0.29915268385430605,0.9539167475602298
robot3,3689,1722896054133049984,-42.7797828107093,-4.514648428631555,131.10984322052298,-0.01927230428282555,0.01733614672991524,0.2770480596458589,0.9605063294693345
robot3,3690,1722896054635546677,-42.90511281802509,-4.555836981498411,131.89813458650974,-0.016854233154464156,0.019988646473345795,0.2594804344785886,0.9653943717257427
robot3,3691,1722896055134318477,-43.04945956196714,-4.52423300979429,132.7074735799471,-0.018588470381405108,0.02024328831505121,0.23396905619885097,0.971855523618862
robot3,3692,1722896055636215236,-43.13251910628257,-4.5715259031072835,133.4451426146994,-0.020707433745757536,0.021488197982765328,0.215621119563137,0.9760209999449079
robot3,3693,1722896056134368074,-43.20215364017641,-4.5822278043807065,134.10144454428394,-0.019685101656313233,0.023778986417870976,0.19977174676177226,0.9793560668998124
robot3,3694,1722896056636118443,-43.261813800227614,-4.628697279701611,134.67652116985104,-0.01815772045053949,0.021220915950995064,0.1901001325203319,0.9813673672636528
robot3,3695,1722896057132304437,-43.315777102628466,-4.775760604860007,135.2345576022083,-0.021192181998450004,0.02233394819893674,0.18131305272952608,0.9829433671834262
robot3,3696,1722896057632212266,-43.345888479053336,-4.988079009402453,135.77363639121538,-0.02041505090445124,0.02046422556189824,0.18052962809397566,0.9831446966489579
robot3,3697,1722896058134742182,-43.34411244439959,-5.192202722090795,136.37978933455025,-0.020020603706431384,0.02058451703618012,0.1800830234520402,0.9832321993049197
robot3,3698,1722896058634531287,-43.422745624091526,-5.294623625706825,136.9135592567387,-0.018792639786012203,0.018532962436419408,0.1866548320181261,0.9820709443199551
robot3,3699,1722896059130788752,-43.48584819694987,-5.417050673050046,137.44592411621687,-0.01725927295912596,0.025988669371384696,0.19265489618912213,0.9807705121666259
robot3,3700,1722896059633105481,-43.52558724113822,-5.527282788478936,137.9788269369497,-0.01811453174127983,0.027224621971047365,0.2106954980014332,0.9770046524046114
robot3,3701,1722896060134931247,-43.56467291796403,-5.6749300748295886,138.5380142712787,-0.018825770216150697,0.024607909417450998,0.20934583237347115,0.9773506861089983
robot3,3702,1722896060635706069,-43.628777977322656,-5.819132798462263,139.1517164134045,-0.023233915835679703,0.02037366779838181,0.20394995165164398,0.978493493098791
robot3,3703,1722896061141841833,-43.69969149233565,-5.9643372936875005,139.79720915131338,-0.021144648679974676,0.022423123935538743,0.2000343734629318,0.9793040165231961
robot3,3704,1722896061635034564,-43.75471253165474,-6.121565804545192,140.48002364352828,-0.022242146000969285,0.028789518069329535,0.19468989506918766,0.9801899282019562
robot3,3705,1722896062134272840,-43.809836980429864,-6.169404363596045,141.12622795653868,-0.021759069973289524,0.01682230125753951,0.19041043132128568,0.9813192246656233
robot3,3706,1722896062632247366,-43.90963423742463,-6.2802961613660395,141.86284630552043,-0.024162125474040064,0.013642212364716924,0.1841496385994953,0.9825064846290064
robot3,3707,1722896063138130456,-43.975329149404345,-6.526625443504263,142.61591161906497,-0.027019137608026884,0.013662404297496596,0.1759231060331401,0.98393819199957
robot3,3708,1722896063634721760,-44.051969101675354,-6.553810213144939,143.22163157098774,-0.02693259878719105,0.013278975063872371,0.17132050159163703,0.9847576299162201
robot3,3709,1722896064135100781,-44.19194995305436,-6.594717344936486,143.85100480798755,-0.026350213356914197,0.004885325796122947,0.16565403084722458,0.9858197309406916
robot3,3710,1722896064631793830,-44.24235295563041,-6.86904873306793,144.50506311871987,-0.026993836201969566,0.013990252913007989,0.15884228708344517,0.9868357175663189
robot3,3711,1722896065140464773,-44.309208663635154,-7.014350273163376,145.1763745657962,-0.025802585955909715,0.013159618949694342,0.17505409611291411,0.9841326711481421
robot3,3712,1722896065638022446,-44.40637525165829,-6.994019817355306,145.84646503453573,-0.030078785380792235,0.016905859852335236,0.19666650298081775,0.9798631257364292
robot3,3713,1722896066135778265,-44.50033910697202,-7.110667073676178,146.46059939175845,-0.032498049627317956,0.019400164971287468,0.1939195419775275,0.9802870608187855
robot3,3714,1722896066635118865,-44.56945021162728,-7.306611665852948,147.0656685344556,-0.025136470872591337,0.014012805779980117,0.18996125897063001,0.9813697158545994
robot3,3715,1722896067137159455,-44.636219776279496,-7.456991487370822,147.65216781132852,-0.0237400517998791,0.015660591426574735,0.1845273116215981,0.9824158117021604
robot3,3716,1722896067635035134,-44.68951611796887,-7.574774358073011,148.29734204128744,-0.019594415178048902,0.016577246058410433,0.17878492086685524,0.983553356904231
robot3,3717,1722896068135958005,-44.76596013399912,-7.760156254146859,148.96280706314647,-0.0158541983070226,0.014484058956142113,0.17428894145677673,0.9844603706183773
robot3,3718,1722896068645719740,-44.85688566712449,-7.854690479962595,149.66603352781945,-0.017623485224912562,0.01720151466423604,0.1755162394652999,0.9841684664455282
robot3,3719,1722896069130302918,-44.93015204582475,-7.977528988767979,150.33055257259204,-0.01660273989118491,0.017287089707039523,0.172925359782318,0.984643247832291
robot3,3720,1722896069633698317,-44.99184099642177,-8.120469344970369,150.98791724394925,-0.011781712644254023,0.016197675181887642,0.1713320148817358,0.9850097295166353
robot3,3721,1722896070138207610,-45.067833032344815,-8.233975620859978,151.62542347795863,-0.014216800683242275,0.016578632358241592,0.16845675646915867,0.9854670733856884
robot3,3722,1722896070634594822,-45.118599910063516,-8.497372661200593,152.3823467754726,-0.014587351141794592,0.018316372902944043,0.16573609237735423,0.985892117502636
robot3,3723,1722896071132057774,-45.19362441356856,-8.699955020076054,153.11923458679556,-0.013525213205780557,0.01845412960846884,0.16898680352916184,0.9853527154989368
robot3,3724,1722896071631902750,-45.28654847939715,-8.791795868347483,153.88704095475364,-0.016189946632963644,0.013221878393433433,0.16862871898026566,0.9854579761181324
robot3,3725,1722896072136079468,-45.40292177665234,-8.85314547394255,154.66458486388063,-0.01678568740575883,0.01964214296211959,0.2044382308513624,0.9785384186042655
robot3,3726,1722896072633968543,-45.53423837143348,-8.972922729136728,155.4775327037303,-0.01596255745663015,0.01935290536690251,0.20283482661591556,0.9788915644365288
robot3,3727,1722896073137709409,-45.648359167405424,-9.086866197648643,156.29751329291292,-0.018873705723122636,0.019018950959827835,0.19966088064783455,0.9794986449585297
robot3,3728,1722896073635840846,-45.7392426933981,-9.11573395612359,156.99693959888307,-0.018352338238857915,0.017615158267009566,0.1964122982415373,0.980191362428721
robot3,3729,1722896074137724060,-45.81303137133379,-9.089646664644585,157.63375752347122,-0.017698982900856024,0.018879559257438457,0.19432872618934482,0.9805950511929716
robot3,3730,1722896074634267697,-45.90243085029191,-9.209830817095874,158.2961880140552,-0.016970115140640226,0.019586600565096614,0.19107552489005317,0.9812331649808863
robot3,3731,1722896075135982544,-45.93903342717107,-9.409902833380247,158.95038017271236,-0.015489298318397982,0.02084988605776211,0.18884803701712408,0.9816627642952345
robot3,3732,1722896075637617506,-46.014394253987064,-9.47732866498383,159.56068538182544,-0.01838967496368324,0.017834636467188664,0.1871895960161235,0.9819897151906092
robot3,3733,1722896076143336559,-46.103714784623676,-9.556476307228076,160.15625654554344,-0.020478730313983104,0.01732167111551101,0.1835332758397996,0.9826475044358507
robot3,3734,1722896076633530718,-46.1452124263134,-9.79731658827097,160.87632095328678,-0.015190018862999336,0.01977782309448646,0.17955491658129724,0.983431814093925
robot3,3735,1722896077136666428,-46.21207024474302,-9.99623285141384,161.55018424827355,-0.012358937602439493,0.017470832760339398,0.17500281949606558,0.984335328956767
robot3,3736,1722896077632883140,-46.315011552300525,-10.100520620867613,162.25433731315485,-0.01258336294695146,0.016192899852686203,0.16979991808936884,0.9852651606487208
robot3,3737,1722896078134991711,-46.409483111094126,-10.169621870148502,163.00565776423048,-0.013715408683310622,0.01580542055423678,0.16601365403369447,0.985901386001731
robot3,3738,1722896078636029345,-46.49546212894416,-10.307698030076308,163.74756338310064,-0.014018460620554429,0.016710857352025644,0.16151544652270935,0.9866291048529635
robot3,3739,1722896079136299399,-46.536193907612436,-10.553414802960834,164.50847498233978,-0.014804094490205073,0.02200398059074143,0.15676768304444366,0.9872793713925984
robot3,3740,1722896079634995181,-46.63757138715899,-10.722857909957094,165.29277775101082,-0.015708949713892507,0.027894704282317325,0.15386239820177675,0.9875735298151153
robot3,3741,1722896080136515008,-46.76210604743608,-10.856508855827997,166.04371348851177,-0.02936575382518396,0.02975901126940659,0.14905311004914928,0.9879449499517785
robot3,3742,1722896080636304771,-46.83761201757234,-11.015969442441865,166.79361186406322,-0.029988877210007772,0.019109948585932932,0.14319125369815686,0.9890559852571926
robot3,3743,1722896081131059348,-46.92179715941466,-11.241578035934882,167.50401271555253,-0.021902438949945473,0.00693201357453925,0.13830726190831003,0.9901228871505154
robot3,3744,1722896081635109664,-46.982187116989984,-11.461852754429614,168.25792682441687,-0.014862940596530897,0.013577340256479218,0.13578381452785163,0.9905339492115602
robot3,3745,1722896082134960711,-47.08856201715597,-11.805359847733142,169.26192420788314,-0.008075121641885315,0.005465998440026706,0.17637347269032494,0.984275019190611
robot3,3746,1722896082636687580,-47.27575857951262,-12.061179698783741,170.5986297698578,-0.005789680225311905,0.00839505442494102,0.27523501988113347,0.9613228835802895
robot3,3747,1722896083132764578,-47.59317348464267,-11.975106337989327,172.30253977585215,-0.0050442689859464636,0.0117005043451489,0.3935541121652361,0.9192131495721215
robot3,3748,1722896083631679126,-47.89324737388288,-11.824689482177293,173.98970377409515,-0.01424482125346307,0.01556557465778102,0.33248702764903476,0.9428717698595815
robot3,3749,1722896084130234071,-48.15767997280157,-11.307853706504417,174.83740704288692,-0.00930824538951593,0.016637150542201933,0.3152168159025792,0.948828182950867
robot3,3750,1722896084632743047,-48.40101414360574,-10.639501857896807,175.32481205649378,-0.004758873898414098,0.009649431074849751,0.3135093020221882,0.949524175123894
robot3,3751,1722896085135165678,-48.61437382716218,-10.201089822778501,175.82456382516244,-0.0020778632887136946,0.013657617556360444,0.4581769051556686,0.8887536641549283
robot3,3752,1722896085635160186,-48.670991350189034,-9.925230029081339,175.84149521861454,-0.0019571123748308265,0.011678067981279346,0.4505072248468735,0.8926942549384673
robot3,3753,1722896086131338120,-48.63358268040702,-9.744148841925732,175.68350664379236,-0.002064329689680813,0.012484120112793292,0.41938164210269907,0.907721831595553
robot3,3754,1722896086630291023,-48.63326592974087,-9.615095702060252,175.32109862468468,-0.0005712395075586301,0.015544854707050335,0.4444138727963199,0.895686519293295
robot3,3755,1722896087139094285,-48.60096923576184,-9.622249352442893,174.80200810787497,-0.0006422532003692193,0.02013679026813118,0.5515882294652242,0.8338732051720712
robot3,3756,1722896087632435357,-48.55840826144129,-9.969314781053722,174.76494090640762,-0.001972587463494023,0.021465699791393032,0.5495334628455792,0.8351935738762069
robot3,3757,1722896088131818397,-48.50316536865644,-10.37711762045952,174.94090358666776,0.003273520477631908,0.021299736642249992,0.6107417090650665,0.7915365879673125
robot3,3758,1722896088634138569,-48.54968914788945,-10.267781463379583,175.41433774535403,0.0026872210300534364,0.020937304590197804,0.7052238145617048,0.7086704308031138
robot3,3759,1722896089131476838,-48.7703488186262,-9.564200715533724,175.79884761049757,-0.00011965790390120536,0.006570398299798774,0.7844495965975006,0.6201577589179922
robot3,3760,1722896089636074253,-49.05501516396339,-8.49129526063192,176.17590853695148,0.0033217500261383914,0.028419723659048386,0.834289689867302,0.5505833258145657
robot3,3761,1722896090135201856,-49.274677175996494,-7.290312442244132,176.48789117022176,0.006487071344594161,0.027906345148794955,0.8331586889641895,0.5522913658652283
robot3,3762,1722896090632713136,-49.50894224097362,-6.01795770379093,176.61514444971118,0.00916471305253368,0.03007346009374844,0.8333711315565013,0.5518189486787227
robot3,3763,1722896091135717950,-49.8140493060771,-4.841477950460696,176.3735886734881,0.01339081043813834,0.02602918748070242,0.8267632675941641,0.5617879199056569
robot3,3764,1722896091631980699,-49.945823252433094,-3.9615277078873055,175.9788532690119,0.013742855175591906,0.02277814867961553,0.8211027186490355,0.5701601663581164
robot3,3765,1722896092133029986,-50.11084163013397,-3.130228660253603,176.05631729777465,0.014480895213800016,0.020312568585257342,0.8135096222150998,0.5810161768786838
robot3,3766,1722896092635238406,-50.39104042390643,-2.2031386802401003,176.49238141465096,0.016950388946569094,0.017226209130072404,0.805206728813704,0.5925015324087367
robot3,3767,1722896093134005669,-50.570317170250874,-1.3071311582686638,176.84161623784775,0.011025965883567147,0.020831458561611213,0.7984463433029617,0.6016044508451207
robot3,3768,1722896093633321280,-50.839191838932464,-0.30136305330590896,176.94048326135518,0.013272496609243473,0.019384774080456767,0.8232158796162133,0.567242176601239
robot3,3769,1722896094138789385,-51.08434454775273,0.7036524916668287,177.14728697479873,0.014288339007386158,0.02132894515878035,0.8247294515469309,0.5649444673752656
robot3,3770,1722896094637044532,-51.28728844402315,1.700624931623503,177.4703829900427,0.013732980095618099,0.021900918759834274,0.8340400142503531,0.5510980036658083
robot3,3771,1722896095144542423,-51.56977829967053,2.6962372241145336,177.6972465463844,0.01153538876843829,0.023597297635265094,0.831040702438686,0.555591084558139
robot3,3772,1722896095632600497,-51.80376288169705,3.6821804095770436,177.88557337263433,0.017095348275884444,0.020935539398041644,0.8277041648982725,0.5605133965102819
robot3,3773,1722896096139758363,-52.099370003124065,4.690137868284344,178.15260296012931,0.015420009035829536,0.02306800883841679,0.8355681053961346,0.5486857311196273
robot3,3774,1722896096633738985,-52.38285750494813,5.654305520970525,178.31016027177162,0.013881782402706107,0.024109378252192292,0.8342031376427245,0.550755080906795
robot3,3775,1722896097136712873,-52.6114558250189,6.423809671633081,178.43798614818553,0.01230033703952805,0.023613511793480948,0.8316838538482775,0.5546107382818783
robot3,3776,1722896097632392937,-52.76225191972309,7.284324742954687,178.75567243443174,0.010860770945582658,0.0243684416998978,0.8292570426123562,0.5582302213078354
robot3,3777,1722896098131748455,-52.965520035005866,8.398016934650922,179.16752106684203,0.013584812098074432,0.023835285071854947,0.8266236473117765,0.562086005670644
robot3,3778,1722896098631318960,-53.26595864653892,9.396890189279954,179.3642343648211,0.014674654200289615,0.024098109575785953,0.8229746051881797,0.5673770658515686
robot3,3779,1722896099134149954,-53.52256921756434,10.667592789200645,179.56938093296884,0.010079908567804864,0.025368788906518825,0.8181947919965327,0.5742926974482887
robot3,3780,1722896099636723960,-53.76422086876516,11.79856646219457,179.7657822248056,0.01471451162798064,0.02392098438496986,0.8109887360879652,0.5843873198419426
robot3,3781,1722896100136646275,-54.076886783326465,13.230965588277458,179.88623185939696,0.014770262198154784,0.02574525274543983,0.8558197185527301,0.5164219502035106
robot3,3782,1722896100634928621,-54.36621240838675,14.626975272304545,179.933927742552,0.013033799512699533,0.022921861632440612,0.8600089520004854,0.5095972044748603
robot3,3783,1722896101137045762,-54.64978651753155,15.805553071830394,180.03424128540746,0.017514131296229665,0.022059360487020844,0.8566503576268106,0.5151279497345291
robot3,3784,1722896101635768335,-54.921605719894345,16.90684138887025,180.01004983592372,0.015627885877082432,0.020833793161114136,0.8530086800218469,0.5212465002788212
robot3,3785,1722896102134297964,-55.11727216007198,17.960519071314444,180.14836778359546,0.014528369759825443,0.023116157388846894,0.8361577081508977,0.5478091427126185
robot3,3786,1722896102633364917,-55.37455019396255,19.10896945580077,180.32927092590407,0.011837469062706302,0.02379101455655884,0.8209252119019049,0.5704170916236395
robot3,3787,1722896103132342351,-55.62046709152489,20.358479950985092,180.4978450237431,0.010834209717857172,0.029638935613119918,0.8103004987486552,0.5851642975465878
robot3,3788,1722896103635188683,-55.896639530162574,21.47878418847857,180.61119481879462,0.008808912256801246,0.03060852681457561,0.7992457844573138,0.6001597263881562
robot3,3789,1722896104135931292,-56.08161612737629,22.51919037055348,180.66763370839746,0.008328166483127935,0.029065211410994825,0.8042626351575803,0.5935043966290802
robot3,3790,1722896104637187463,-56.30025140068798,23.519390667587423,180.85815327344176,0.006494740685902333,0.02776118564446658,0.8217826930253749,0.5690872871177135
robot3,3791,1722896105131681954,-56.4896000157632,24.510361244766056,181.1753278483299,0.004848452982485873,0.028219546819615124,0.829008722000718,0.558502183100217
robot3,3792,1722896105633678724,-56.766594067153044,25.564004635051177,181.4278146677118,0.008361503562937887,0.02891605353813204,0.8412322968808569,0.5398353172871376
robot3,3793,1722896106137085511,-57.07132345020791,26.66682937711767,181.58509163190018,0.009130205527239706,0.02864731480960447,0.8564736219948214,0.5153143754333869
robot3,3794,1722896106644606596,-57.309668230697596,27.64982518929602,181.54240296989408,0.011113046481126437,0.0250998029820595,0.8462347073666827,0.5321027345693641
robot3,3795,1722896107141618887,-57.49622138347768,28.52349197952761,181.58657795977348,0.010130010133853737,0.026564889922572967,0.8381949298219363,0.5446291849863437
robot3,3796,1722896107630935931,-57.671944357101744,29.435394707925596,181.87300102380607,0.007282833052208091,0.032091851726802754,0.8320391294670754,0.5537399754678634
robot3,3797,1722896108134166090,-57.77283964680787,30.325240133190263,182.131478835494,0.009320446357034821,0.033858217638378756,0.8281522791739708,0.5594019600225006
robot3,3798,1722896108633337350,-57.925029416756715,31.156413697576408,182.1938587344206,0.0080669042330891,0.03579862955115156,0.8284952449838794,0.5587924589840625
robot3,3799,1722896109133501645,-58.123579811080084,32.05116073745068,182.3482286432856,0.009289872065564263,0.031553464215474857,0.8239093462498912,0.56576626475523
robot3,3800,1722896109631990750,-58.36222026993063,33.008713783682516,182.62093378912766,0.010290578408624029,0.03358805157408603,0.8153034300742209,0.5779673552171285
robot3,3801,1722896110133417998,-58.52642303641575,33.887674223232274,182.7604706956309,0.009639431870320686,0.03574220227444316,0.8042699665037685,0.59310993695083
robot3,3802,1722896110632138797,-58.76342135169409,34.85584156839712,182.99192915154455,0.00938637587228016,0.032547280192525126,0.7927213593080547,0.6086422734224463
robot3,3803,1722896111130749016,-59.03883705224559,35.86482033356287,183.37221852580623,0.006554832902513668,0.03221915005373544,0.7755257530137264,0.6304591715154341
robot3,3804,1722896111633880196,-59.32733831734705,36.96826228251137,183.56759021396172,0.006256981460720944,0.033772284906602106,0.7880010096535544,0.6147151305606251
robot3,3805,1722896112132689782,-59.51980724297925,38.04084301736975,183.2433750288284,0.00622377489868145,0.032574738956686174,0.8126916524165316,0.5817494556081694
robot3,3806,1722896112637080112,-59.71097337920595,38.96295926944996,183.01572483412707,0.011939372195594346,0.02879370454160403,0.8144228240236823,0.579434066723416
robot3,3807,1722896113135254356,-59.87294515465981,39.723580644307475,183.13933274261979,0.007972072701905643,0.033597010492650785,0.8200338139003711,0.5712724665190891
robot3,3808,1722896113634910891,-60.052701585073585,40.34053364411987,183.37325773444778,0.008054028085367699,0.0325428804375153,0.8275832582773344,0.5603410070515101
robot3,3809,1722896114134919649,-60.27085689231816,41.035183049168914,183.42206988524987,0.0068208917651518845,0.0314861771544552,0.8285354208924222,0.5590090807941701
robot3,3810,1722896114632279680,-60.51348959514769,41.5894982927857,183.61967359060912,0.005983161054577027,0.03308759683162803,0.8350853499589599,0.5490918602598512
robot3,3811,1722896115136836136,-60.68294009627249,42.23118080106538,183.7572257661059,0.0074727344816873905,0.03346019515550395,0.8534185889583089,0.5200973808816294
robot3,3812,1722896115635692890,-60.878950766975365,43.04994962853902,183.95200383904518,0.006599568807062165,0.03458531694671171,0.8538040360173105,0.5194025121462233
robot3,3813,1722896116137703273,-61.091361057852886,43.91445902705814,184.15868167056408,0.0036143077312509072,0.035703551880728046,0.858562806498218,0.5114509756180228
robot3,3814,1722896116630781330,-61.25169215229,44.666735243650784,184.20832817113697,0.008019051246449261,0.03306321319002325,0.8680981959337994,0.4952252426594797
robot3,3815,1722896117132820936,-61.373292359798135,45.2818121929161,184.28557311213666,0.009269974816048738,0.029924009989115215,0.8642063132350877,0.5021613977176048
robot3,3816,1722896117634253510,-61.530465382323385,46.006622917312065,184.4533318197254,0.0029147571901209928,0.03381896538329217,0.8633034312874149,0.5035424185689844
robot3,3817,1722896118132062256,-61.68997746197574,46.7380231806604,184.4811488205283,0.0055751788032826766,0.030937958615703524,0.86190899609841,0.5060875838653183
robot3,3818,1722896118633153039,-61.77022093493229,47.36691386133204,184.51816182455096,0.0075580561920955275,0.03310817550010036,0.8631350965772878,0.5038298617173934
robot3,3819,1722896119130837298,-61.879025197201635,47.94101748472851,184.5080042559553,0.00885200139624453,0.03337409367157615,0.8594418996669895,0.5100661065388269
robot3,3820,1722896119631744934,-62.029329344131206,48.60096768228875,184.68801180976257,0.009912725906684185,0.03294239903559825,0.856968907085997,0.514218658256106
robot3,3821,1722896120130623767,-62.206157083118235,49.384225283046284,184.94858209708275,0.008475416635085633,0.03385307193220181,0.846458431749597,0.5313099473505344
robot3,3822,1722896120638037866,-62.268111163857085,50.109288097423004,184.95809032436347,0.006490926740955095,0.03222676512291421,0.8476519814391108,0.5295332112739535
robot3,3823,1722896121131613291,-62.43237253508618,50.661284359257365,184.8617838032268,0.0034667730732708367,0.03468054661728659,0.8414283666415597,0.5392434932214775
robot3,3824,1722896121633159936,-62.61441518818471,51.26661481696199,184.93875740818723,0.002957638239822473,0.03732673429076608,0.8513519594287373,0.5232569239485306
robot3,3825,1722896122133827603,-62.695588394075514,51.878996337268404,185.0330218257382,0.002912240390440862,0.03705525222687731,0.8512378710015118,0.5234620464858216
robot3,3826,1722896122632754485,-62.78581088568198,52.37575713668065,185.10363761508543,0.004380562336861452,0.037070196235419066,0.8448785380614239,0.5336542580621575
robot3,3827,1722896123133006807,-62.897951069876996,52.862834418002606,185.19497382795757,0.004833118943594576,0.03609120852775634,0.8383615885763539,0.5438969685777034
robot3,3828,1722896123636214552,-63.00503170988436,53.325935013105386,185.33673657960168,0.005813562251398981,0.034351668390874945,0.8301226222916813,0.5564913272750036
robot3,3829,1722896124134058598,-63.122139323779116,53.84967837946502,185.38028561749329,0.0040552626997371844,0.033896480753241524,0.82750707862793,0.5604164685817593
robot3,3830,1722896124631862616,-63.22673998756094,54.37088407774635,185.55114605884452,0.004149899366641023,0.03348215657635589,0.8172345303236097,0.5753168222579557
robot3,3831,1722896125132655894,-63.41007809322212,55.035061991960596,185.84183154938918,0.003068184713285154,0.03445057516193798,0.805306106422823,0.5918494902183237
robot3,3832,1722896125630918212,-63.56223220286307,55.84007393977681,186.04017374296814,0.000462974975543347,0.0358218034299349,0.8191858326618455,0.5724082071558008
robot3,3833,1722896126131856653,-63.68114332393712,56.56906916913326,185.90722306812395,0.003607865383995546,0.03221146086848724,0.8508565101557706,0.5243973724396719
robot3,3834,1722896126636011603,-63.83584645018343,57.085691671420925,185.96094391785067,0.0017107154182255855,0.03258580793900275,0.8513093181327522,0.5236484349581011
robot3,3835,1722896127130544945,-63.917012922042005,57.53527783355912,185.99407512736732,-0.0012437167315756481,0.034691144162185834,0.8483355758726548,0.5283197217539972
robot3,3836,1722896127630742450,-64.0113409739272,58.04322786368036,186.08656007039215,-0.0010276553677084964,0.03312180528171039,0.845593964243152,0.5327970885570571
robot3,3837,1722896128131828559,-64.15480069104312,58.559506265172324,186.2660205228413,-0.002217799306893471,0.03561694405970634,0.8471101705346858,0.5302177605840617
robot3,3838,1722896128631241899,-64.24320987099186,58.81886149831839,186.296383406138,0.0019342096015850724,0.032960584584014165,0.8321564982041351,0.5535570622742776
robot3,3839,1722896129134375269,-64.37865337283593,59.257536607067586,186.5352559783352,0.0025083412921779132,0.03187838916199844,0.7766256956740689,0.6291502247851198
robot3,3840,1722896129633131099,-64.55754811470472,59.68461753085478,187.1200012734215,4.154899790881218e-05,0.03287864783445232,0.7434031015265149,0.6680350450620213
robot3,3841,1722896130129674455,-64.79019040095446,60.40302950916251,187.48291463600967,-0.0002350270983264514,0.03412653511604338,0.8072899400255009,0.5891674440232249
robot3,3842,1722896130634311277,-64.93051197283779,61.03625288471119,187.36101026132638,0.0009497458198302679,0.035145934154396305,0.86920430411812,0.49320151966293374
robot3,3843,1722896131131591668,-64.97524016367997,61.49375785841119,187.29492328006654,0.00268920694284852,0.03185257346698747,0.867767902053787,0.49594057093034627
robot3,3844,1722896131630226613,-65.09472723198611,62.00830515874184,187.48838227039485,0.001487185030363162,0.03188834428789273,0.8776318828634241,0.4782710528150992
robot3,3845,1722896132131946034,-65.19442639745247,62.49023343112789,187.62145459060136,0.0037785577063721857,0.0295850711209352,0.8783405305958474,0.47710413787875916
robot3,3846,1722896132636428335,-65.28384812846804,62.945063025498904,187.75040392581127,0.005351402960158249,0.028519055622957284,0.8802025345206471,0.47371038005954846
robot3,3847,1722896133130387595,-65.26464231819146,63.416025851242935,187.8558869425524,-0.0025257856720686533,0.029706526026666492,0.8873309803934585,0.4601683104605854
robot3,3848,1722896133634227457,-65.32881458201244,64.04053600237354,188.01643615906002,-0.005333806162705749,0.032711483371544454,0.89231131758654,0.4502022010990449
robot3,3849,1722896134134184782,-65.42241017549,64.56913023333665,188.1119017607103,-0.0005199400036221374,0.037110843687873346,0.8913813422902195,0.4517320196311673
robot3,3850,1722896134634877151,-65.53259210680581,65.15748298812805,188.1882803586719,0.003838239914904315,0.038401272190736004,0.8833434931729859,0.4671347592263239
robot3,3851,1722896135130225000,-65.71457956285198,65.87561663826023,188.50882834956923,-0.0016192352323791332,0.04052235267028322,0.8663465388995593,0.49779412566650666
robot3,3852,1722896135630260068,-65.85340673387145,66.58358967206858,188.692633095902,-0.0022732008638525333,0.0401160093528266,0.8607606279950222,0.5074215995058264
robot3,3853,1722896136136788768,-66.02826944844912,67.26927735399366,188.99796836875575,0.017204801478177698,0.028152903435417584,0.8206610525370334,0.5704619581383681
robot3,3854,1722896136637460127,-66.18975419897984,67.7181584957165,189.51791595305636,0.02171289368723846,0.02249281875101971,0.7153635984851967,0.6980526809021442
robot3,3855,1722896137129880276,-66.3549476186352,68.01552653128225,190.1540891764084,0.01021194918263984,0.019537680694025082,0.6206954101009666,0.7837417961335112
robot3,3856,1722896137632519113,-66.56060434553638,68.32323394314967,190.9317607935573,0.01688514068974834,0.022667735343118927,0.5544263509750171,0.8317526598351392
robot3,3857,1722896138132427814,-66.79242802524217,68.5441035116945,191.81559770715197,0.004038413823148048,0.019242294234984473,0.5047767986255447,0.8630259607310279
robot3,3858,1722896138637803386,-66.93430980764165,68.59158135488263,192.54254503804188,-0.005747358991113117,0.017312983036220028,0.41102234037301943,0.9114427377500468
robot3,3859,1722896139130919023,-66.98794421309329,68.44313892426949,193.29197446882208,-0.008642931379614185,0.012629322732032777,0.33074636109283007,0.9435955937626822
robot3,3860,1722896139632680978,-67.08201884965278,68.16231502341441,194.22698387109278,-0.005134706566693584,0.013980708304171356,0.325487260433678,0.9454291183791446
robot3,3861,1722896140134332112,-67.1639328618625,67.89280410727449,195.08386362306368,0.00011185891316365358,0.019393046421864926,0.31000287802197785,0.9505378019080324
robot3,3862,1722896140631983922,-67.28332682928504,67.60679182050472,195.91746763240482,0.007071891341455983,0.01832512039582387,0.2915330452496268,0.9563590653320604
robot3,3863,1722896141131875425,-67.35888924120717,67.2962013735281,196.69119213446453,0.011380964556337254,0.019367484567685826,0.2784579390792428,0.9601856853499892
robot3,3864,1722896141636753029,-67.3981965669191,66.85341152630035,197.68258808403226,0.011737338160239578,0.0274805861114131,0.2704035993415274,0.962283194149743
robot3,3865,1722896142131708030,-67.52224385171108,66.58510808294889,198.678223483804,0.00980365508282548,0.020091274599288767,0.30521433885346716,0.9520212373630297
robot3,3866,1722896142632236233,-67.61354836181718,66.3510783458802,199.66608951396864,-0.00241368725844064,0.024121020227189312,0.29679055321221665,0.9546348610966416
robot3,3867,1722896143130618400,-67.73432514181388,66.15246224746483,200.73507445553633,-0.00958996214020539,0.030268646541851713,0.32459140750619786,0.9453212468974869
robot3,3868,1722896143633465426,-67.92945251309608,66.31063002176187,201.59812382025572,-0.005151745461132802,0.029945856735773185,0.4059792996732796,0.9133769831892293
robot3,3869,1722896144132458358,-68.07714282981931,66.36136716647553,202.43087203823376,-0.0031763372440966105,0.028289299107344592,0.4036949797388379,0.9144506491721607
robot3,3870,1722896144635133992,-68.19197726588027,66.32760446013997,203.400765689648,-0.0032085274919187836,0.03655610994860781,0.40924374884429776,0.9116868487636663
robot3,3871,1722896145133661810,-68.25174458481234,66.18605940615409,204.36383561579737,-0.002766248362654036,0.029399271831062678,0.37790285355509345,0.9253742291423059
robot3,3872,1722896145634325467,-68.35497301465523,66.04998441745558,205.3902101887507,-0.005610065315822912,0.025519981323821217,0.3414934980994277,0.9395208611181554
robot3,3873,1722896146133025137,-68.488711163372,66.02712465857965,206.30844919400312,-0.007135100794591353,0.029962553943509926,0.3088046220229875,0.9506266570610531
robot3,3874,1722896146634498162,-68.6033441955789,66.08773588497351,207.08432837557103,-0.007147033087496922,0.031160725699979335,0.2772796786798662,0.9602572097532447
robot3,3875,1722896147131685676,-68.72300726142946,65.93653738026305,207.93523909217691,-0.006600865666943015,0.028854186284300486,0.2758617956161014,0.9607414502485974
robot3,3876,1722896147634177513,-68.78478094971243,65.59513871333901,209.10182928641163,-0.0071595727617892214,0.03252813531982862,0.2885856285793479,0.9568745977963602
robot3,3877,1722896148133100677,-68.90643195698543,65.39078407955024,210.13010649750893,-0.009624937648630939,0.03000187252678922,0.23864367461452446,0.9705959225066955
robot3,3878,1722896148631771691,-69.06001767280517,65.47324790168142,210.8925796538933,-0.010588520727009457,0.02645968932722304,0.2010109046786905,0.9791743380367843
robot3,3879,1722896149133442092,-69.14441509936334,65.3166771884712,211.7510173606022,-0.005611628270070485,0.024771928038286498,0.1945674235342718,0.9805602372667677
robot3,3880,1722896149634320724,-69.1970780669355,65.02532129279498,212.63918480943562,-0.0011652575310116358,0.019148868017080364,0.19088727163662256,0.9814244813309261
robot3,3881,1722896150138094721,-69.2826926432942,64.8688293795145,213.50967727531147,-0.003949969330555484,0.02330210880892077,0.1825807701192021,0.9829067462633594
robot3,3882,1722896150633845421,-69.34180798064112,64.72564632349987,214.3691090027018,-0.006478321506174863,0.01948605077499425,0.17149674886324523,0.9849706545400192
robot3,3883,1722896151133345080,-69.42441161890096,64.5221866009846,215.17090836276995,-0.00414476844997303,0.021228767372512815,0.16357593194195852,0.986293604774795
robot3,3884,1722896151633476406,-69.53002221738619,64.28654459586478,215.94183623450613,0.0006703357572895878,0.018543284557817948,0.15621771997937942,0.9875483386711885
robot3,3885,1722896152134426032,-69.58517769692136,63.99350412158764,216.73743264094597,0.0019798819151782793,0.02134503084735802,0.14871692915648907,0.9886474319533688
robot3,3886,1722896152632348306,-69.67837825257234,63.75314932783653,217.55290662599703,-0.0009534259622298822,0.015622653412099907,0.14206801767874697,0.9897331468795673
robot3,3887,1722896153132035812,-69.76686218852294,63.435596768403435,218.4385580825905,-0.011060166299923103,0.019036040757794737,0.1335496879585514,0.9907975488059401
robot3,3888,1722896153630666766,-69.89490356053173,63.368681108070334,219.23897771347103,-0.010386567060984302,0.019772309359149497,0.13824695379844001,0.990145925999166
robot3,3889,1722896154133759351,-70.01610581473591,63.2002309181956,220.09058198898938,-0.0047009558309133795,0.011121177868446089,0.1327551034781232,0.9910753265608053
robot3,3890,1722896154631485535,-70.05942220935403,62.899426295395465,220.8665961570793,-0.005489014450005803,0.012871063533478758,0.13269085817254592,0.9910586978586677
robot3,3891,1722896155136231563,-70.11058631655162,62.64957653087412,221.68724590818942,-0.005478750150016681,0.019315726046609808,0.1458693521731395,0.9891001052070891
robot3,3892,1722896155633733851,-70.17127085540834,62.43437991992996,222.4915152930182,-0.006908641329683455,0.01904070122340648,0.16428839000253612,0.9862043638527835
robot3,3893,1722896156136965973,-70.2270469612043,62.26946793727487,223.2810864820233,-0.004974210953160474,0.0169319153324158,0.16205048316522813,0.9866246542502805
robot3,3894,1722896156635017438,-70.30839280353086,62.36768542513954,223.7318999912316,-0.007383347265566058,0.017467198278413417,0.15365919532951816,0.9879419187675679
robot3,3895,1722896157132359034,-70.42378659389307,62.45253000470738,224.2676742675645,-0.005336407430221913,0.01886773111335983,0.15141361510461865,0.9882759982106835
robot3,3896,1722896157631077289,-70.39976884717632,62.06971553101469,224.86181974243672,-0.004091641846420889,0.011840370435047676,0.14670200419921078,0.9891014033247028
robot3,3897,1722896158130997846,-70.3639892344059,61.5521799518405,225.47359909230823,-0.004560654147902755,0.016302103398335387,0.13327825778160526,0.9909340784639679
robot3,3898,1722896158635746337,-70.3913609821341,61.29983915556577,225.97866705528492,-0.005713364213651885,0.011503637295629707,0.047425245006424095,0.9987922055835304
robot3,3899,1722896159132726951,-70.46374411882864,61.1444424278042,226.5902464940908,-0.003487998631945239,0.017421077330681,0.0402402788979615,0.9990320614897182
robot3,3900,1722896159639568527,-70.53751352698148,61.1103659022041,227.0200112307131,-0.013710310320961006,0.01206254358009602,0.05347422758588704,0.998402238287442
robot3,3901,1722896160132340033,-70.68116839144945,61.34062098742702,227.29837197271047,-0.006074521969553767,0.013857989241223768,0.06963869412939594,0.9974575222018149
robot3,3902,1722896160634586328,-70.76007091539238,61.16015031125301,227.77044584633714,-0.0021959086913948458,0.018897991338086017,0.1724817946181977,0.9848289569431286
robot3,3903,1722896161140556520,-70.76722867729971,60.7982399905224,228.2140069944673,0.0020689616270732777,0.018321792352645597,0.2540777122858099,0.9670080389750549
robot3,3904,1722896161632180126,-70.80617453552297,60.604178048746945,228.81023902641058,0.002538093900432461,0.02311896386996179,0.2502780800450592,0.967894598723379
robot3,3905,1722896162132996667,-70.886428090422,60.363285873734156,229.61427037567427,0.003030716299974767,0.016160311278091446,0.24777939900149548,0.9686769474538773
robot3,3906,1722896162633921813,-71.04480688159562,60.1973333327916,230.4644714220044,0.0012252724147096361,0.018677829991091334,0.23895004518821478,0.9708514372852748
robot3,3907,1722896163132904648,-71.16217958442199,60.19378899060447,231.26448505171527,-8.702143302380623e-05,0.015471528167570003,0.219081815242592,0.9755838162215694
robot3,3908,1722896163633285528,-71.29734655634546,60.23560881355163,232.0642592940146,-0.0036635350360203324,0.012343980411244192,0.2052995313363583,0.978614483385423
robot3,3909,1722896164131586400,-71.39900568203309,60.2182037910646,232.90288274195171,-0.006213146967364855,0.01633964057559073,0.1909282647963421,0.9814483229658505
robot3,3910,1722896164633848600,-71.50473009298094,60.086445567867635,233.70689280708405,-0.005927945852311643,0.009795808772953413,0.1776816607262953,0.9840214067945887
robot3,3911,1722896165132606222,-71.62208257028122,59.882060650377234,234.56975586236143,-0.005870671879779817,0.01343744282944999,0.1622802741220923,0.9866357397604973
robot3,3912,1722896165632050690,-71.72246280707739,59.64155266254206,235.42155659989197,-0.005828639098481074,0.012631900398315452,0.14774835655843507,0.9889271384651491
robot3,3913,1722896166134917005,-71.82553373163867,59.611037425874834,236.2247492788144,-0.005062924891878266,0.018122135759121014,0.17441340121598659,0.9844927224024251
robot3,3914,1722896166631273449,-71.96749386391879,59.56693036303319,237.00358927537067,-0.0032717935156206766,0.01355471595340626,0.18265123608121075,0.9830788834069315
robot3,3915,1722896167134242440,-72.02642603111694,59.285913910790306,237.82982513107982,-0.00615530999308589,0.023620180844220424,0.1808934054844399,0.9831997635618193
robot3,3916,1722896167633659732,-72.10893822874273,59.08079458273058,238.6183490036898,-0.00509574716200432,0.020282451719262122,0.18092567706857435,0.9832744046757216
robot3,3917,1722896168132749872,-72.20147428794115,58.94398537302392,239.4229122329479,-0.0052026653383137195,0.022577468772344712,0.17933226795750276,0.983515697813934
robot3,3918,1722896168634649089,-72.28309407254181,58.79797185870833,240.25989622766087,-0.0029360267481750094,0.020453278180257745,0.17771764382148136,0.9838645649850167
robot3,3919,1722896169136576768,-72.38598416899603,58.59221543964262,241.07538012494018,-0.0018140225870334674,0.017801486055524278,0.17641940372491538,0.9841524325050536
robot3,3920,1722896169632511183,-72.47676895168837,58.345031093915466,242.0048060971617,-0.005168993529699167,0.02208458204570763,0.1781515725267632,0.9837416174727984
robot3,3921,1722896170136054490,-72.63185661047203,58.40430734737884,242.86091627271813,-0.005139739679463135,0.023795368693156772,0.20390810921510083,0.9786873078267168
robot3,3922,1722896170634000401,-72.78014493402154,58.367426240842434,243.72444235071598,-0.0024298104253914032,0.0152785506572989,0.20117146401135155,0.9794338691196249
robot3,3923,1722896171133403795,-72.84626066815183,58.13950422122606,244.58870262084463,-0.004285650924415452,0.018071687856445754,0.19833167510764008,0.9799589756429454
robot3,3924,1722896171635301974,-72.92977744466732,57.908755387140026,245.5805679826734,-0.0008296342809994775,0.01599856875812607,0.19460748012025797,0.9807503689450718
robot3,3925,1722896172132348729,-73.09203826071898,57.83534449322023,246.43862983916503,-0.0021934379505543404,0.015351188784507848,0.1916832204262085,0.9813343328549639
robot3,3926,1722896172634852885,-73.23702832238406,57.84308659699649,247.26277713830947,-0.004108668577064722,0.01707776428351447,0.18675202235455918,0.9822500450272745
robot3,3927,1722896173135587936,-73.36978733469722,57.67203102615644,248.1203724013189,-0.006430703299525119,0.017244537501988077,0.18184303836876195,0.9831553190509793
robot3,3928,1722896173635185312,-73.45148559109263,57.43378956480492,249.02769542645447,-0.004965563986003237,0.019352525735328998,0.18049840434501654,0.9833723348512847
robot3,3929,1722896174133336524,-73.52045970424456,57.40076014747036,249.84349923865148,-0.009874226772407301,0.01975911455999501,0.1792020014728593,0.9835642936308605
robot3,3930,1722896174635165835,-73.61740997378416,57.296472407073026,250.71156730890897,-0.009542072556312646,0.017599378226846586,0.17639441825230803,0.9841159585875988
robot3,3931,1722896175134852296,-73.733633613025,57.08383021676768,251.52984840008264,-0.006125489111746002,0.018243245992053188,0.17776104954543284,0.9838854972116021
robot3,3932,1722896175636262030,-73.8650299389915,56.98672601151997,252.38507558604812,-0.002600406686653825,0.016617637230097716,0.20460946067815014,0.9786991675785515
robot3,3933,1722896176134201217,-73.99318378012562,56.89744384554332,253.19092223850586,-0.0018743525966709,0.015326906785313158,0.1899362629256234,0.981674991408351
robot3,3934,1722896176637618748,-74.0528567965791,56.73467256386947,253.90983720640875,-0.0008993687983036433,0.017263048359843283,0.17682678645141978,0.9840901716257279
robot3,3935,1722896177132337315,-74.15674650243493,56.513917476898634,254.61633048080955,-0.0034225705552407754,0.015831291452467578,0.16503605473686886,0.9861545299082851
robot3,3936,1722896177635954054,-74.22132798300852,56.26340516706565,255.4250608822469,-0.0030877235712850055,0.015455565049922971,0.15093861040096954,0.9884174863701872
robot3,3937,1722896178136451966,-74.2757197339302,56.0812957983099,256.25844750519514,-0.0006974162699265729,0.016580504879589404,0.1654654968612645,0.9860759452582439
robot3,3938,1722896178640451253,-74.36018144583825,55.96008272879698,257.04317965094907,-0.0010969334235299958,0.01598666446801128,0.16382371899546327,0.9863594742236459
robot3,3939,1722896179132240923,-74.48207472390868,55.85713050412279,257.76768055786545,-0.00042741283697227014,0.017288644226571077,0.16230762914191366,0.9865886445836506
robot3,3940,1722896179634621532,-74.57885901941538,55.75104569825161,258.39970822589584,-0.0009723651643816665,0.015814632185855028,0.1607462934063455,0.9868685733525687
robot3,3941,1722896180135709611,-74.659079352177,55.575866905458064,259.04365909359785,0.0001045802834263698,0.017383244128921053,0.16042829254004734,0.9868944091640217
robot3,3942,1722896180631719840,-74.71959321168669,55.337849723497555,259.7831395132566,-0.0008267583028614215,0.019508103302316164,0.1762312883687251,0.9841551114413593
robot3,3943,1722896181134505187,-74.78820178289735,55.0853669715369,260.56239650089793,-0.000948135600659414,0.017199013282408054,0.1613367108706989,0.9867490870056171
robot3,3944,1722896181632796926,-74.87468237254434,54.94823803976758,261.2557604487837,-0.003113395413463085,0.01879568765610014,0.13460203645120145,0.990716569296044
robot3,3945,1722896182134706145,-74.92759940582853,54.66378281784383,262.0910912214893,-0.005199073398104797,0.018718652188015984,0.11890580853531818,0.9927154629563435
robot3,3946,1722896182636725530,-75.0318388696887,54.41611760213635,262.89367173585157,-0.003139808042052662,0.008605154148526238,0.1130758938351087,0.9935441284416764
robot3,3947,1722896183134831461,-75.15007310586246,54.26244881742752,263.68805186526276,-0.004613350744497659,0.011918719112368602,0.11586190779974577,0.993183104694513
robot3,3948,1722896183636315399,-75.17557863663282,54.093838759993744,264.5235463540153,-0.005306237397719317,0.015466283829219971,0.13431395711928198,0.9908039154303705
robot3,3949,1722896184135422761,-75.24937004393888,53.862298531464134,265.3133654211614,-0.007431067214421165,0.019782974394677202,0.13807602939116773,0.9901961539370489
robot3,3950,1722896184634092083,-75.35497919419772,53.632674070932396,266.07446978958274,-0.0071419385107370685,0.017887730786964602,0.15113526636283559,0.9883254287242824
robot3,3951,1722896185137225566,-75.42535902391842,53.41581984878136,266.9214115626738,-0.006803048305760833,0.01929440195054432,0.16042175475678605,0.9868365139109284
robot3,3952,1722896185636909181,-75.51138698452512,53.285637611977194,267.7088930097334,-0.005965666515492377,0.017779370891126998,0.16775136235693233,0.985650944919719
robot3,3953,1722896186135991809,-75.63140233199412,53.15745425970234,268.5223014336289,-0.0076117969847473805,0.018319314069311296,0.16933631473311614,0.9853586533802298
robot3,3954,1722896186639932990,-75.73601630624192,52.99846195063824,269.3973604986244,-0.008117757465690451,0.016876162098728248,0.18899112791084147,0.9818002091757434
robot3,3955,1722896187135397976,-75.86678204117652,52.893288449317055,270.2102294967943,-0.006718801721494006,0.014320008684358544,0.18863711428554916,0.9819194641969002
robot3,3956,1722896187634382890,-75.94178999119045,52.819078514182856,270.98878647414244,-0.0057124589448100055,0.011866435833613303,0.18788505554073007,0.9821027244732943
robot3,3957,1722896188137954862,-76.06777448905324,52.70073605000114,271.7439333547866,-0.005578902531830334,0.023332117079013226,0.18648956708339587,0.9821640033763196
robot3,3958,1722896188635540200,-76.14232201933463,52.56580132111623,272.5261166448152,-0.007254547030438656,0.01601097847412444,0.18316042890235965,0.9829258758421145
robot3,3959,1722896189139401128,-76.21633648615902,52.25138044126135,273.4653144655228,-0.009581140789548364,0.016097154733296964,0.18098379566568465,0.983307657377438
robot3,3960,1722896189634656024,-76.32068315061758,51.979178105890426,274.4208546610085,-0.008126669730235873,0.017711562155079096,0.17789019778314463,0.983857375506123
robot3,3961,1722896190135218865,-76.40311936728946,51.730566351561755,275.5189927380921,-0.006961812205728582,0.018102903685564123,0.18919656957116568,0.9817476641741841
robot3,3962,1722896190636645000,-76.574458232023,51.699202967967004,276.49505582168024,-0.0054837566522250025,0.018714640610804467,0.20764023990765365,0.9780108493318874
robot3,3963,1722896191134965985,-76.72099732350127,51.73779735524929,277.4094540923203,-0.0068611396438711504,0.01828980777194279,0.20821483786805414,0.9778880247687015
robot3,3964,1722896191635420632,-76.84809817587525,51.574094100216655,278.3544906079669,-0.004685865954045794,0.01608185893127541,0.2066960581644941,0.9782618034109455
robot3,3965,1722896192130975585,-76.97348588715951,51.472592404603155,279.20745205960475,-0.005276727054690223,0.014689942739832389,0.20513544972586228,0.9786091196180725
robot3,3966,1722896192633061681,-77.08771518534333,51.44710728009645,280.02153181532805,-0.0059740322194589855,0.016142740815916625,0.20103488036125447,0.9794328459553147
robot3,3967,1722896193142753558,-77.18858278055421,51.38621079932667,280.7897561085905,-0.007164084977687639,0.018708016775828666,0.1926270869025597,0.9810675264150688
robot3,3968,1722896193633794451,-77.25833033854893,51.25569848494415,281.4653325022278,-0.00789337437505197,0.02043318641515977,0.18870976219314656,0.981788574585641
robot3,3969,1722896194136161174,-77.36065050358147,51.14933862500498,282.12131288508505,-0.00659502828283532,0.01966237054927406,0.1751074170296447,0.9843308840463849
robot3,3970,1722896194633292371,-77.44862833373514,51.015207568598676,282.749848633395,-0.004850433276999643,0.019723125388424054,0.15686162651522717,0.987411718458382
robot3,3971,1722896195134635521,-77.4624489122369,50.787429437800895,283.30134173906157,-0.004975117865999482,0.01831830120754701,0.11056045665350714,0.9936881167990573
robot3,3972,1722896195633349404,-77.53831215629198,50.585047729721616,283.8772024862931,-0.0039661437259843006,0.019594777826277988,0.10086002245731383,0.9946997387432018
robot3,3973,1722896196133345360,-77.57754817222151,50.282118995081476,284.42200846970644,-0.003559525665727165,0.019185908883252053,0.06655203412813655,0.9975921297959232
robot3,3974,1722896196638289675,-77.57485875498097,49.931770970769996,284.98166112013405,-0.001940807963356836,0.015701426078614397,0.03595928170761553,0.999228016291887
robot3,3975,1722896197131904042,-77.5773613146214,49.479145022018216,285.63450778451954,-0.0028442546460729586,0.01406843843539516,0.023121643991496573,0.9996296208269482
robot3,3976,1722896197634768823,-77.57781904757451,48.98374835825943,286.35158490401653,-0.00606800975718341,0.013572978867226516,0.005888333909164392,0.9998721323379458
robot3,3977,1722896198132222992,-77.68071764837266,48.56623592265351,287.04636056666516,-0.0045656002293847225,0.007866417244712912,-0.003597044765255003,0.9999521668776133
robot3,3978,1722896198634736238,-77.79839268387389,48.375259888093794,287.6251313912899,-0.005963932822494158,0.005535418546248567,-0.03029335900097802,0.9995079304574048
robot3,3979,1722896199135555111,-77.8095974418257,47.98099103700811,288.17493569983594,-0.009327403759224431,0.005868063241334227,-0.08755842452882771,0.996098432719848
robot3,3980,1722896199634380424,-77.71096365736051,47.239114702295964,288.4296880336469,-0.014799724135798923,0.0037832831380254154,-0.20247245797031024,0.9791688101127726
robot3,3981,1722896200135731201,-77.64588078864988,46.726517421400516,288.6035372136764,-0.016129486056454045,0.0032799530555181256,-0.303093156338203,0.9528187761418506
robot3,3982,1722896200633764181,-77.60409568103653,46.29887038734918,288.88390323691596,-0.00626396028999031,0.00765208531721426,-0.33453335298489806,0.942332024358965
robot3,3983,1722896201131756075,-77.56838691855017,45.86135435366459,289.15203420223736,-0.011072975976059425,0.006631387899893231,-0.3702463193553502,0.928843946473987
robot3,3984,1722896201636451502,-77.39145881466385,45.116854099182895,289.12494026085625,-0.012207265561665903,0.003954497707864287,-0.45556206055219833,0.8901115399773337
robot3,3985,1722896202131041937,-77.16682683740984,44.26210516724457,288.8330390785462,-0.002856307255494304,0.01698444514195023,-0.49607866382137294,0.8681067500217261
robot3,3986,1722896202631981443,-77.08895927066222,43.6550022062605,288.9131218419313,-0.016892910396488717,-0.0082258506697553,-0.5002718522270116,0.8656645070860016
robot3,3987,1722896203134668475,-77.00312669365992,42.911113545857866,289.16659382534897,-0.01731643184254554,-0.006704087832666481,-0.5065099422655707,0.8620341494283754
robot3,3988,1722896203632005245,-76.79440405178897,42.17171689198443,289.0534152543459,-0.014458369898141175,-0.0025180533629864683,-0.5149306525763776,0.8571061999451499
robot3,3989,1722896204134614889,-76.6181049114714,41.40122443325402,288.9041465761062,-0.01394445878185583,-0.0014223382705749303,-0.524950171749117,0.8510175357791976
robot3,3990,1722896204640522643,-76.44208901313269,40.65643887610301,288.86927793961524,-0.013108299498859756,-0.0013122218865411403,-0.5341208731383414,0.8453054734448987
robot3,3991,1722896205136310652,-76.26645249968264,39.9288132276904,288.8220635949134,-0.014395735429332935,-0.004736228521503747,-0.5427488074682296,0.8397583360304649
robot3,3992,1722896205637074970,-76.09802204826342,39.20591564822895,288.6636321083671,-0.013620959505596084,-0.0034490028931591556,-0.5523759399599258,0.8334766912125249
robot3,3993,1722896206135374022,-75.93168475862161,38.515116812194876,288.5272904618958,-0.0180072311977268,-0.0075700534186707484,-0.5584603853924959,0.8293011707836273
robot3,3994,1722896206634427477,-75.77672674608083,37.77727682845045,288.4063320836776,-0.024830786217932093,-0.0025653327255890975,-0.5669783140477243,0.8233543845291689
robot3,3995,1722896207135928741,-75.6235731229401,37.187526910840546,288.23287058853884,-0.02383977263091854,-0.0051775543941090275,-0.6126054628467255,0.790012281589186
robot3,3996,1722896207637307938,-75.39951546736408,36.54902841460678,287.81779379087203,-0.030870328759498165,-0.009203419780995576,-0.6676076635485825,0.743816057528888
robot3,3997,1722896208133198453,-75.18443413294276,35.97498218523449,287.4059339753971,-0.027586760658618235,-0.006415447181493969,-0.6762641779100262,0.7361145117096266
robot3,3998,1722896208635896163,-75.0020674313491,35.28742034091416,287.1060803091877,-0.02699455096309826,-0.005356745436832666,-0.6901937394731439,0.7231011004615493
robot3,3999,1722896209134793037,-74.82366836801128,34.584559228398305,287.07602254688936,-0.022264807348437214,0.0012593786222486552,-0.6310615336682706,0.7754121697803517
robot3,4000,1722896209633545895,-74.72253455374849,34.06047053875359,287.1467946134291,-0.015848739018301722,0.0022606938569187185,-0.5652066230937905,0.8247940227388465
robot3,4001,1722896210136808021,-74.6001201351291,33.74366042039727,286.9976331267937,-0.012704072135805657,-0.0017180881942010617,-0.5428243608095178,0.8397483956732895
robot3,4002,1722896210638308233,-74.37569438475187,33.49260480267566,286.55759264561505,-0.015754481252784523,-0.010269743348555026,-0.6156407952385792,0.7878024751992216
robot3,4003,1722896211140491628,-74.29843794841983,33.35971896226375,286.0867352067675,0.02133212635239772,0.014168579671705905,0.7219639249820728,-0.691456638380059
robot3,4004,1722896211632605319,-74.24396234979625,33.20969376352179,285.74511559764375,0.01998440368037721,0.012870512911687518,0.7839063584300178,-0.6204238830992229
robot3,4005,1722896212141748856,-74.08722225933165,32.81663977228359,285.0833111218179,0.0295448723913202,0.019617025728592835,0.7597489801725136,-0.6492486118150503
robot3,4006,1722896212640126616,-73.87956912323823,32.036011695704524,284.2784010601898,-0.037750836237412023,-0.03139757137685209,-0.687942180326216,0.7241026331971343
robot3,4007,1722896213135351020,-73.70195476570538,31.23612623459647,283.56273472082006,-0.03816653420200274,-0.014004097605842055,-0.6362589301275032,0.7704036440400956
robot3,4008,1722896213639066700,-73.51587134191672,30.749348414737025,283.2788503844884,-0.028921100735217378,0.02245844818183321,-0.6336963428156,0.7727147812353927
robot3,4009,1722896214133927468,-73.43450864951598,30.545467928692076,283.2347822687768,-0.028956434373808276,0.012386502246361612,-0.6306253409392547,0.7754481148572772
robot3,4010,1722896214633774096,-73.30405248720609,30.306545487064955,282.92713014476226,-0.027277457742441107,-0.01652551181592675,-0.6296419250461617,0.7762305675393714
robot3,4011,1722896215136529904,-73.16874280158032,29.936028006539892,282.32940492676374,-0.0232354008825782,-0.024746057467285986,-0.6657442140197664,0.7454075330212696
robot3,4012,1722896215634730082,-72.98769938825359,29.594349092888603,281.74330697046787,-0.019074850175910964,-0.032159583134868934,-0.6871852134281684,0.7255193958462037
robot3,4013,1722896216134757329,-72.8370413341314,29.20454773711305,281.1500708222495,-0.022015254348192802,-0.02779277427245231,-0.7000794210623967,0.7131841939353144
robot3,4014,1722896216635069318,-72.70963999211497,28.8358295876081,280.4697485676211,0.02068641938588308,0.025983337686147027,0.7119000906542033,-0.7014949744240625
robot3,4015,1722896217136800559,-72.57227298165797,28.460882236470354,279.9920376323919,0.023058136233721327,0.028212603627550695,0.7100616875273116,-0.7031961115192892
robot3,4016,1722896217637145347,-72.42910385992886,28.095231444624286,279.6260722540914,-0.025885813240483613,-0.029114749029409165,-0.6897698854311571,0.722979779256738
robot3,4017,1722896218134046838,-72.21306802113155,27.675366719281495,279.2861049885709,-0.029806316862530092,-0.025370832481168164,-0.6681042532953742,0.7430374223839157
robot3,4018,1722896218635290118,-72.1059360696572,27.33532007073817,278.7094906465866,-0.02490358408514398,-0.026782185270311436,-0.6576987847114877,0.7523927396253189
robot3,4019,1722896219132394523,-72.13984359014748,26.96344073795059,278.0564730357444,-0.03299232928829062,-0.03660478836843576,-0.6463076107035752,0.7614841219771236
robot3,4020,1722896219631869399,-71.96483450923121,26.53177984706403,277.3975891050549,-0.040345414683845685,-0.048074789787216764,-0.6446681726875337,0.7618818866626372
robot3,4021,1722896220132813797,-71.85518808101855,26.18637735912809,276.90576362923304,-0.04126456009764842,-0.04576703672997728,-0.6392857078231585,0.7664961827706304
robot3,4022,1722896220631809065,-71.7152552800568,25.799286284899697,276.3934116673922,-0.03915656512938324,-0.048967138908521446,-0.6304379710467487,0.7737033975476912
robot3,4023,1722896221134774408,-71.59633468508422,25.372320540339434,275.88298263155633,-0.03587518981003146,-0.04929608670138601,-0.6213659292478725,0.7811448320010519
robot3,4024,1722896221633456698,-71.4180029184545,25.115925984706163,275.33716686791917,-0.032570169733412896,-0.04898366880420404,-0.6088956958571246,0.7910662524723733
robot3,4025,1722896222137113857,-71.37012358483959,24.73844992129979,274.7888059431771,-0.02603699683252102,-0.048294909460932844,-0.5832433264864377,0.8104424091970621
robot3,4026,1722896222634125290,-71.32612508194488,24.307731481301794,274.2445351773664,-0.02082892949913086,-0.0561374467049604,-0.5473738446711548,0.8347434437857457
robot3,4027,1722896223136849939,-71.21443463369353,23.7677160799858,273.6356110122645,-0.018704108981765583,-0.051119803342442545,-0.47791000340569423,0.876720565892119
robot3,4028,1722896223634646147,-71.09297118139189,23.156337597338723,273.11902718026533,-0.013291090486759706,-0.050928080877557576,-0.38844689898213547,0.919966675571982
robot3,4029,1722896224133749576,-70.98507528033024,22.609560890916068,272.8883159151214,-0.018755659918277337,-0.0498339488780597,-0.2729102408274759,0.9605648355065566
robot3,4030,1722896224635269268,-70.84417244139891,22.409841515796703,272.38449395260494,-0.006535358162753384,-0.02116042061838919,-0.22101585977121618,0.9750187256778853
robot3,4031,1722896225137055281,-70.73602459300616,22.536433072082897,271.8564893068157,-0.006321907834531719,-0.03536265954995288,-0.20860267812712266,0.9773404925966578
robot3,4032,1722896225633281058,-70.63941500837826,22.290293157224973,271.5459038797912,-0.009724722702434317,-0.05235050892693478,-0.20303921351294776,0.9777218069366641
robot3,4033,1722896226136934954,-70.61648462819386,21.656877058441403,271.5840293388572,-0.01042279554057957,-0.04697360868114471,-0.16259668046344242,0.9855187288544339
robot3,4034,1722896226634603757,-70.48672416645664,20.948274531266957,271.4882034897089,-0.010199623381222411,-0.04200142361014458,-0.14824748140089744,0.9880053301252444
robot3,4035,1722896227132037224,-70.36083856219304,20.337551944062607,271.08861454756055,-0.004532630285085784,-0.04670170602293104,-0.1637888020571007,0.9853789292642431
robot3,4036,1722896227634928625,-70.13984934238317,20.15298110427037,270.46365706505213,-0.006044047312258002,-0.04728742350142374,-0.18482817773568974,0.9816139331659818
robot3,4037,1722896228134217670,-69.8569891962305,19.807223707404823,269.74706773157,-0.015510982076850557,-0.04411554790516032,-0.2071700315907667,0.9771866791349133
robot3,4038,1722896228637425911,-69.6997054247477,19.155800621356697,269.3816067729397,-0.015378675609301033,-0.03228939259209649,-0.21778070031827332,0.9753422261090822
robot3,4039,1722896229136386110,-69.53863251441628,19.104964270909953,268.8168227847442,-0.016106831316981342,-0.025165378948470152,-0.21665854494335648,0.9757901150300375
robot3,4040,1722896229639695806,-69.43178519072708,18.954703018913264,268.3363173604497,-0.00905342147142209,-0.005310647244613285,-0.15854403109511075,0.9872961170741109
robot3,4041,1722896230137148346,-69.41049648267278,18.456151057402217,268.4847124102367,-0.007105939213042346,-0.0008660608871033503,-0.01598141793113839,0.9998466631675832
robot3,4042,1722896230637651196,-69.3873534134899,18.231966196180302,268.3991455695291,-0.005450725685734165,-0.004390361865716823,0.0814131424405025,0.9966558656578254
robot3,4043,1722896231135534810,-69.369285796332,18.061170237938168,268.15914736177524,-0.005151009425162861,-0.0007071851735348698,0.14973520111729888,0.9887124640346121
robot3,4044,1722896231636983098,-69.34587505445339,17.594752796893452,268.39730573196,-0.008327361521042232,0.007893218714521998,0.21701804015506376,0.9761001600223604
robot3,4045,1722896232135302728,-69.15720530953908,16.77098562694277,268.6493983721466,-0.006978085927865979,0.00463909252301062,0.18254120560178813,0.9831624959256694
robot3,4046,1722896232635715227,-69.02733773070428,15.694503146514077,268.7287356228206,-0.00690335729246911,0.006408793232121922,0.1600865696056799,0.9870580333796419
robot3,4047,1722896233136481215,-68.79076237857092,14.56332455757755,268.5337616557844,-0.003586012883928788,0.005670712701060699,0.1401113579420025,0.9901130192582595
robot3,4048,1722896233633881058,-68.53068025259475,13.3846901434868,268.24653315369,-0.003451989869177363,0.008489728655434237,0.12432397003706551,0.9921993543373847
robot3,4049,1722896234139739423,-68.22424340722728,12.191108266381317,267.94000030322957,0.02529758053527168,0.003339108558953876,0.09649185882361923,0.9950066351305682
robot3,4050,1722896234638101168,-68.00572660358647,11.071182212489132,267.72594440068104,0.016149718757716803,-0.0031887018783498295,0.08936580029570612,0.9958628281555074
robot3,4051,1722896235132951592,-67.7501300944024,10.193697555413712,267.411674808781,0.013690396333717282,0.003465793075502767,0.09785503809744416,0.995100473743999
robot3,4052,1722896235636841142,-67.55596143604926,9.38193565978091,267.17774629602604,0.0031539948667407875,0.009766043085767716,0.08842368604663774,0.9960300841163148
robot3,4053,1722896236133364795,-67.44693731469032,8.694683747190833,267.1428336866213,-0.0049808042871323085,0.007577102080869861,0.07078880318957861,0.997450111261559
robot3,4054,1722896236641599834,-67.27223548534536,7.941694805196326,266.97016800748906,-0.0060948126956162805,0.007812077486984274,0.057977363841602576,0.998268726338515
robot3,4055,1722896237135064099,-67.12087239989305,7.2446117547332785,266.76691132909485,-0.008075521737804896,0.0003208423430634022,0.04543033674679557,0.9989348164479632
robot3,4056,1722896237636724489,-66.97542513720187,6.475839369573254,266.6846761271563,-0.004518398808208238,-0.0017552722729898538,0.02683335128439433,0.9996281680456519
robot3,4057,1722896238134776284,-66.85421210566643,5.635681605827831,266.6996137974373,-0.006627997750554433,-0.015426646017538629,0.009104815750113248,0.999817578645537
robot3,4058,1722896238633162195,-66.61125106678357,4.876720718003226,266.6144798752857,-0.008769736132778714,0.0034537663408028573,-0.012372858025740651,0.9998790304884383
robot3,4059,1722896239143546896,-66.31771804602938,4.092785506593976,266.5885300391147,-0.007045937253126321,0.0078100612038086705,-0.015077302853832898,0.9998310020452815
robot3,4060,1722896239635449893,-66.0518094340652,3.5062120161724337,266.3314384940016,-0.00940170538746107,0.006526491022366745,-0.04509002769345702,0.9989173650774851
robot3,4061,1722896240136632543,-65.78083377103914,2.8513503901211945,266.26953766876073,-0.011614531562954241,-0.001703934049102897,-0.09128788049407986,0.9957553525541443
robot3,4062,1722896240636044835,-65.59181228350151,2.140759862911839,266.1852869609306,-0.015122518959129723,-0.0025447789160270955,-0.12839441805094648,0.9916046121988128
robot3,4063,1722896241133670820,-65.51440586799521,1.5109527254609125,266.124180722674,-0.013224576260864564,0.000986328721113771,-0.15413105537188307,0.9879614139774507
robot3,4064,1722896241638315692,-65.34650197766695,0.9160734392869794,266.03805695060464,-0.014708262682933994,3.345855925148013e-05,-0.15830994518711175,0.9872799132688906
robot3,4065,1722896242136011150,-65.25376702818379,0.24614741687418826,265.9484736183642,-0.013735988171919487,-0.0012168254899385964,-0.162598248022385,0.9865959921389904
robot3,4066,1722896242635214352,-65.08185352609254,-0.45498009923843785,265.85322555180136,-0.009576572987779957,0.017845980629558247,-0.15158042645515604,0.988237413044483
robot3,4067,1722896243134011162,-64.97858413032652,-1.0205252094328747,265.68009642118045,-0.016230076069851333,-0.003044113392795523,-0.16313960397597446,0.9864647928937864
robot3,4068,1722896243633445884,-64.98074362003462,-1.6015928903187826,265.5544268179744,-0.01747187249996606,-0.0005539533261552677,-0.16226247871724986,0.9865927806382891
robot3,4069,1722896244135779537,-64.90603932986116,-2.211714105981164,265.48746973695484,-0.018928315038786215,-0.0026866603591340506,-0.16551044647911342,0.9860227141664596
robot3,4070,1722896244632747072,-64.74922526071994,-2.9548269011155486,265.41210903709697,-0.02125603537024618,-0.0061277260009731235,-0.17638677041326986,0.9840723241497914
robot3,4071,1722896245132107364,-64.51780430457795,-3.691147234252714,265.26292077283,-0.021084398616258514,0.0008878174892663343,-0.16647658850159955,0.9858195602624071
robot3,4072,1722896245635432089,-64.32325371685451,-4.3672605186884565,265.11850745275666,-0.016805847546879235,-0.0009569632236512428,-0.1538008403825885,0.9879584754468324
robot3,4073,1722896246136244860,-64.12765674266376,-5.008477452887246,265.0256273359338,-0.015599673921178567,-0.0015260968887755766,-0.1520339192615289,0.9882509846166702
robot3,4074,1722896246636196259,-63.86345557400972,-5.661803230074125,264.9934382571054,-0.018461831723471628,-0.003792042601219478,-0.1560943530792648,0.9875623191065416
robot3,4075,1722896247135768335,-63.610679266314875,-6.324622273140648,264.9066402776262,-0.0149058563764843,-0.003289621066207357,-0.16171766774379134,0.9867190024411372
robot3,4076,1722896247630769519,-63.3857838948033,-7.011729155708998,264.83108250785426,-0.01672734679120817,0.0006869302428974846,-0.15256140925385964,0.9881521848392809
robot3,4077,1722896248135296374,-63.20943960334379,-7.786978491707376,264.6971461556462,-0.016865172806626708,-0.001153766133796884,-0.15778424710651148,0.9873289047399263
robot3,4078,1722896248631842243,-63.13011143524509,-8.59212962467441,264.54305552500756,-0.018821374856632437,-0.0003570414247788136,-0.16335385101055366,0.986387929635166
robot3,4079,1722896249132608048,-63.018533063821835,-9.337957948223268,264.4097978089358,-0.018567138443609094,0.0028854181926171504,-0.16843127490076443,0.9855342923344539
robot3,4080,1722896249636018849,-62.85349808944706,-10.128285036882026,264.2231477812619,-0.018948682097036658,-0.0009339267471951125,-0.17382049655350057,0.98459459180188
robot3,4081,1722896250135730062,-62.6589695779373,-10.802095520951429,264.1938809725377,-0.01808141348696241,0.0016504136738956343,-0.13708984943092817,0.9903922010012114
robot3,4082,1722896250636146558,-62.51789003752829,-11.373864259366089,264.2610735054251,-0.017675911289653436,-0.0007205484778123722,-0.07399797335007295,0.9971014707190303
robot3,4083,1722896251137808770,-62.384099875388294,-12.1547198561792,264.360877527305,-0.02156438078860837,9.975480482701651e-05,-0.06921384924566072,0.9973687435461279
robot3,4084,1722896251635350563,-62.28157886949863,-12.724377350333157,264.3820571367917,-0.018257642913253547,-0.0006423780857557467,-0.0720402306808393,0.9972344012262606
robot3,4085,1722896252134148512,-62.132973504030744,-13.50244878660057,264.43367496942903,-0.018878316390649436,0.0021836478376757408,-0.053189404392605444,0.9984035897935941
robot3,4086,1722896252630664778,-62.02576697272882,-14.305740305418741,264.713806917488,-0.03046479838093618,0.005498267538290978,-0.03836882381358444,0.9987840099204874
robot3,4087,1722896253135287330,-61.85295079145737,-14.949585836298484,264.8948725527277,-0.025726498116805996,0.009241029779140257,0.03084719968678343,0.9991502394208543
robot3,4088,1722896253634642013,-61.794627965296876,-15.179600580197219,264.92837066036185,-0.0190784730509616,0.009670881671640515,0.10567829991543776,0.9941702987118051
robot3,4089,1722896254132396127,-61.76298545284143,-15.296452013150594,265.01037860097165,-0.003827921540722884,0.00846273723938348,0.2250499350485678,0.9743029589556478
robot3,4090,1722896254634427751,-61.871400848282356,-15.248946955111508,265.64550839321043,-0.0035045997131509005,0.016995350936860918,0.4568178954553777,0.8893909636482165
robot3,4091,1722896255135156531,-62.06131896535589,-15.138714829525634,266.1077305381574,0.0031186910266926982,0.018450022589677154,0.6102971440963953,0.79195155555154
robot3,4092,1722896255638611334,-61.99788965057879,-15.158030956383126,266.52053875062415,0.004230005697873292,0.016211951959607503,0.6418185483681998,0.7666734837178029
robot3,4093,1722896256136648919,-62.11690953432999,-15.385925757382513,267.31972023372936,0.019738905155780875,-0.012629280281295228,0.5247346337577516,0.8509432654636534
robot3,4094,1722896256632868478,-62.18849371036961,-16.109452335558974,268.0987472355932,0.019495486533004397,-0.007292662594707399,0.3271777402710266,0.9447335441002748
robot3,4095,1722896257134766692,-62.19145197526462,-16.818909290252815,268.471628517366,0.022090107022743295,-0.008985631162537675,0.18206687925440881,0.982996916110572
robot3,4096,1722896257632802783,-62.026469983316574,-17.582571428930077,268.76999826849254,0.019279369400783335,-0.007192820227768598,0.05455068247549272,0.9982989493604293
robot3,4097,1722896258133448316,-61.988005595343544,-18.442665284390074,268.95689518913184,0.017696390778130792,0.0033192680293274023,0.037373097671821356,0.9991391653736679
robot3,4098,1722896258633469458,-61.797978371238024,-19.429754997222084,269.1691940315382,0.026006207585874637,0.01888216744767749,-0.02871287681284927,0.9990709242214031
robot3,4099,1722896259137360487,-61.45871678022362,-20.522017673236693,269.2110741167064,0.01954464964898594,0.025208357151042013,-0.09298353955982475,0.9951565739976652
robot3,4100,1722896259631897170,-61.24578314397567,-21.32210179111822,268.96004475478895,-0.0013617409668595303,0.011582519998918519,-0.17613322973468926,0.9842972499581826
robot3,4101,1722896260133499478,-60.993524070947494,-22.124546269277264,268.73848546133945,-0.005711145607909618,0.011556060068314486,-0.21376689586084482,0.976799649122358
robot3,4102,1722896260632116737,-60.77936225001816,-22.91496552629406,268.5594223103017,-0.009262157817278537,0.0036732936811178715,-0.23724585500241308,0.9713985400597811
robot3,4103,1722896261133186925,-60.49303945274912,-23.658348001260613,268.3718148770447,-0.016354618088113233,0.0019119405762558987,-0.24437279474323303,0.9695415453397583
robot3,4104,1722896261632608254,-60.2860601356375,-24.453351286219267,268.07387762020875,-0.02118282750523573,-0.006156230828356436,-0.27618313483516205,0.9608518432482159
robot3,4105,1722896262135531889,-60.07072098479517,-25.17376035558116,267.46725127209237,-0.020297938184748184,-0.000376571760294979,-0.42359105452183327,0.9056260102427706
robot3,4106,1722896262635175096,-59.98464117581854,-25.346776278408072,266.78727921245206,-0.014207299059482125,-0.005727301433876613,-0.5863101903675613,0.809941795033985
robot3,4107,1722896263132360109,-59.93021320476807,-25.270721143942158,266.2019638871158,0.02038652587250146,0.009308006699192285,0.7124515016091606,-0.7013633925640758
robot3,4108,1722896263637010170,-59.80553057000993,-25.032660481766744,265.6976189357643,0.026087031619136766,0.012523241666255536,0.8393801812017035,-0.542773936925186
robot3,4109,1722896264131709508,-59.87025310592069,-24.70503847468116,265.28169917063656,0.029173612225532667,0.014059861628543228,0.9029775887801536,-0.42846551179935166
robot3,4110,1722896264637227399,-59.89581018951954,-24.13591113509337,264.7599598563734,0.022135877252992476,0.01243508941570385,0.9398685417476378,-0.34059139114580206
robot3,4111,1722896265134390613,-60.105889521137506,-23.53403959052113,264.08680773115407,0.02684327855428446,0.01134053388911135,0.9605603934995995,-0.27654034267618427
robot3,4112,1722896265636657233,-60.15717054747943,-22.861006526863502,263.4191457556372,0.02912675980625957,0.011700674357436377,0.9623531346126227,-0.26998364836417216
robot3,4113,1722896266133666357,-60.155489303244366,-22.232513501626244,262.9441489126013,0.03224899927325668,0.012066859587905392,0.9648355278667944,-0.2605893265495797
robot3,4114,1722896266634271999,-60.30443797612177,-21.73708388298233,262.57763895489313,0.028222090129417333,0.011689950958030075,0.9604167308629039,-0.27688727264707996
robot3,4115,1722896267133272522,-60.407387066297844,-21.367217957751464,262.08442750521687,0.031068043632203706,0.008250474134614187,0.9510769491628195,-0.30727730653688934
robot3,4116,1722896267633810634,-60.5872770140095,-20.823183888035047,261.6486662568407,0.029910033241811733,0.010194628905721214,0.9817841935874575,-0.18735329373879192
robot3,4117,1722896268134467109,-60.6432079004146,-20.383078238466677,261.45500727116104,0.02113706910551277,0.015246500295401245,0.9902052532762745,-0.13716531967826304
robot3,4118,1722896268635262116,-60.598386119541765,-19.841066355129602,260.9590028307741,0.020015634357866664,0.007405525260393826,0.9882677115685147,-0.15123314070666183
robot3,4119,1722896269135142679,-60.725619185924465,-19.175904851199988,260.4646703051449,0.020096626611908582,0.010879401983583241,0.9887117574969796,-0.1480770907282255
robot3,4120,1722896269634344822,-60.7899996991921,-18.568756104472754,259.9870106216655,0.022001975418574723,0.010948083068831226,0.985570445631568,-0.16747223427300043
robot3,4121,1722896270130914839,-60.723787513777495,-18.07197021985807,259.61931513241257,0.011886066413770489,0.023577867981004044,0.9761554213087662,-0.2154608990424546
robot3,4122,1722896270635799240,-60.65685999943406,-17.68333573876277,259.2395689160462,0.007819680472097027,0.032288390193352376,0.963438821082664,-0.26586077274935244
robot3,4123,1722896271137967256,-60.56836487377415,-17.200588859571074,258.69828348432037,0.02442414823505115,0.034315119041034826,0.9637316111146758,-0.2635285854067887
robot3,4124,1722896271638057769,-60.51812897798019,-16.583850059171525,258.1931266662986,0.016394768923445786,0.020256200638026894,0.9816235763512016,-0.18903981654438726
robot3,4125,1722896272132053025,-60.64784961003279,-15.842787625658067,257.76343969990376,0.018778330499503452,0.02213412321285061,0.9914278128934547,-0.12739052835493989
robot3,4126,1722896272640409723,-60.80326808651436,-15.067690226011502,257.43523300611395,0.020086337737350617,0.022487210550672248,0.9965518012216471,-0.07730052962199808
robot3,4127,1722896273138164439,-60.94964372966235,-14.292434260152087,257.2129333391752,0.018329681416375778,0.029107366002812825,0.9993227793731749,-0.013067771402387142
robot3,4128,1722896273635128559,-61.152500354256375,-13.60925374287747,257.0405409759663,0.021604064619288262,0.028213393759390238,0.9989568643380153,0.02867842388387697
robot3,4129,1722896274132141404,-61.24741215027882,-12.903596653792752,256.9267309627146,0.019956158655848908,0.029709244170786072,0.998409892052613,0.043552267380618806
robot3,4130,1722896274637614929,-61.32738030572183,-12.118916969713883,256.71172751118195,0.013155407913983166,0.03153287819067995,0.9993890290123328,0.007360810105884455
robot3,4131,1722896275134555527,-61.36231432570092,-11.471935823747181,256.45266576430777,0.014281202055038895,0.02931433636833575,0.9992092918454943,-0.02274880306242715
robot3,4132,1722896275637886185,-61.43272080591449,-10.834146983661665,256.15879341446265,0.02723388195597573,0.02644129824920551,0.9990480754615625,-0.021496891334619465
robot3,4133,1722896276135884158,-61.576154419467166,-10.223401768008456,255.84188648834476,0.024616784884091882,0.02877545989159487,0.9975671834636631,-0.05852949074075131
robot3,4134,1722896276636775868,-61.75132052777423,-9.635564675444698,255.48425396132816,0.020287511957390005,0.02575905447060035,0.9948883416036465,-0.09550955822589542
robot3,4135,1722896277137563750,-61.74356657912828,-9.134509729329206,255.1151810440074,0.020742567607758583,0.02931110183954032,0.9885127904947402,-0.14680963260730404
robot3,4136,1722896277632606132,-61.752716488541104,-8.490447321393978,254.68442032403,0.021081771856980017,0.03006180962831191,0.9886544069012904,-0.14565133096507887
robot3,4137,1722896278134884169,-61.763646361818566,-7.887187243149995,254.04714990796805,0.019374066213101695,0.02766853906409545,0.9814375343235953,-0.1887841723377541
robot3,4138,1722896278635425839,-61.80612359178442,-7.279104367075165,253.48448645168844,0.016077098049200964,0.02832459450441248,0.9783339804272797,-0.20445504886353907
robot3,4139,1722896279133750759,-61.892421799547726,-6.7113598200222535,253.014354912486,0.021291333892404306,0.030691593180325518,0.9778649142733254,-0.2058759690744829
robot3,4140,1722896279636387320,-61.891030037189246,-6.130283390786366,252.44581327155754,0.019944592795043212,0.030264624086752897,0.9714048591863339,-0.23464625566223346
robot3,4141,1722896280136248507,-61.87985137553734,-5.597367200743633,251.87122377818895,0.021467617449434994,0.02828415977153391,0.9697062700819793,-0.24167932776875758
robot3,4142,1722896280639564912,-61.86416173173295,-4.918533045346249,251.1602607871712,0.021511703308871213,0.02952471677922165,0.9758368221332657,-0.21542524060264368
robot3,4143,1722896281138113941,-61.91569588439314,-4.028760634084386,250.4275717967097,0.01806204284273743,0.0307148793772192,0.9832329492307477,-0.17883882783164295
robot3,4144,1722896281632225966,-62.03626871178931,-3.1201968432181197,249.7911565162838,0.016933331368297076,0.03221451033456349,0.9894862851973244,-0.13997277956472434
robot3,4145,1722896282134241469,-62.101140227490404,-2.2249734144253646,249.21035116282434,0.013686682930747695,0.03759814394386311,0.991507826122632,-0.12373877734931012
robot3,4146,1722896282634090872,-62.23072757042258,-1.3268419696215092,248.58345439218093,0.029182261192352656,0.03825490025153321,0.9913287703912337,-0.12227930010043131
robot3,4147,1722896283135193030,-62.28675630548666,-0.5392186724317143,247.8836188065523,0.015085920646514537,0.032538358714773855,0.9839810872936966,-0.17462786163356156
robot3,4148,1722896283635725022,-62.324047703188526,0.399085664509669,247.26838992884183,0.022270148056264483,0.03038920477955684,0.9935901248493696,-0.10657955029100238
robot3,4149,1722896284133930251,-62.368658406575044,1.163102509013365,246.76272608193952,0.014903143618966998,0.029692775695972645,0.9897586439089551,-0.13883105628513936
robot3,4150,1722896284632515146,-62.44038713914741,1.789813902566172,246.3214496816878,0.018142760323328174,0.03032899518523273,0.9896384547582212,-0.13916436743169816
robot3,4151,1722896285136810631,-62.503421167058484,2.3902184439400282,245.8469617234097,0.021945356285389434,0.026009088075425586,0.9895156489979414,-0.14035921438642623
robot3,4152,1722896285635734123,-62.52978813173943,2.5981551823754647,245.73465437727305,0.02156218805075411,0.027010147714756266,0.9896070098141467,-0.13958327297206544
robot3,4153,1722896286133028401,-62.5433662884436,2.588093732406539,245.89612753559894,0.021729448669670606,0.02727903410030588,0.9893357420858818,-0.14141596370440007
robot3,4154,1722896286637225788,-62.53106396691038,2.5404285904573305,245.88940799563767,0.021482406698822717,0.02684311876500394,0.9902198092523252,-0.13521347026714067
robot3,4155,1722896287134241550,-62.53733188566055,2.5081042384054704,245.82887861205413,0.021502290474912485,0.02664130102558093,0.9907566408203519,-0.13125993773565917
robot3,4156,1722896287636590897,-62.525191197710086,2.504398427473263,245.79507280566673,0.021458897059125986,0.02652879932884709,0.9908250239627031,-0.13077274346164194
robot3,4157,1722896288135490964,-62.52920837127063,2.4836195128154133,245.7813555591669,0.021536712913612248,0.026470173355309164,0.9907672285331045,-0.13120898896130376
robot3,4158,1722896288635707813,-62.54282359411854,2.47554305974226,245.76905919857427,0.02147760556903237,0.026443599553554287,0.9906879591119478,-0.1318211522187389
robot3,4159,1722896289140034331,-62.544300542116446,2.468513710939461,245.76019185840676,0.02150959798805545,0.02638479620887394,0.9906068975220852,-0.1324354722311113
robot3,4160,1722896289640953652,-62.55391988930293,2.4621161286646736,245.75291691175124,0.02145322745132523,0.026373984818097662,0.990527341251816,-0.13304043817330471
robot3,4161,1722896290137404691,-62.55865048925171,2.4567250240769023,245.73899387017067,0.021392664101451273,0.026303463952388834,0.9904420867069084,-0.13369724973391522
robot3,4162,1722896290632952704,-62.57320839136166,2.4498542510510104,245.72521919431014,0.021337185760235973,0.026273895976870063,0.9903669091305055,-0.13426761408961924
robot3,4163,1722896291135250611,-62.56230529538682,2.448350856704472,245.72996958970748,0.021335533545875612,0.02630799704214846,0.9902889361850943,-0.134835111040624
robot3,4164,1722896291632692016,-62.56094933968901,2.4473676178501127,245.72659776532652,0.02130692343566766,0.02632779790641251,0.9902232909985942,-0.13531702049269026
robot3,4165,1722896292133559249,-62.56395295668091,2.4390313862823536,245.73190453899076,0.021371297690231668,0.026425468785406504,0.9901608670106298,-0.13574394894530234
robot3,4166,1722896292632033626,-62.56029288098625,2.4420413752642243,245.7339022864962,0.021334054571567774,0.026506482447617885,0.9901123869128936,-0.13608719919758874
robot3,4167,1722896293134793006,-62.5549605490324,2.4471546060152907,245.72900937362112,0.021307584424212492,0.02652652607171294,0.9900521258840178,-0.13652515626472897
robot3,4168,1722896293640477554,-62.54710715252096,2.452484967779958,245.71477596377866,0.02119384856240315,0.026499657672567095,0.98999644176458,-0.13695121109293373
robot3,4169,1722896294134485042,-62.544998207916805,2.461137720732729,245.71261421053958,0.021119642936489345,0.026559365397500753,0.989939921465384,-0.13735906479379706
robot3,4170,1722896294632076104,-62.55262919009039,2.4604003407880164,245.70950336007843,0.021129085871732962,0.02663758524323974,0.9898914273146475,-0.13769154989179247
robot3,4171,1722896295133565065,-62.56009759654221,2.458075897758277,245.70777612932116,0.021185092644770875,0.026639464214525246,0.98984871592519,-0.13798931254719707
robot3,4172,1722896295633266442,-62.55503006384321,2.46334330209042,245.70998431266113,0.021168656861066726,0.026667217421193764,0.9898027280644118,-0.13831596797896215
robot3,4173,1722896296133448710,-62.55685987562225,2.46209038383772,245.7184671742133,0.02121304797846604,0.026700243034523133,0.9897505577949552,-0.13867565381831043
robot3,4174,1722896296631527443,-62.56087918002486,2.4697088687763475,245.72266105523752,0.02120018369001455,0.026761619806071422,0.9897086142004473,-0.13896484049677868
robot3,4175,1722896297135595533,-62.561356631937635,2.4648194069738705,245.72806659676166,0.021228935255703688,0.026747749162863415,0.9896633822641183,-0.1392848880107794
robot3,4176,1722896297634661327,-62.5687863815842,2.4568835543699112,245.7387907967924,0.021267525642131857,0.026770195644829065,0.9896186290145426,-0.1395923281759284
robot3,4177,1722896298133243600,-62.57072650057315,2.4457181314467404,245.74082420191345,0.02131420235479076,0.02674724840767777,0.9895635811707829,-0.13997931383262474
robot3,4178,1722896298630749271,-62.57012731871214,2.4472233875671177,245.7424619653628,0.02130127804279783,0.026727664551725466,0.9895133655809537,-0.14033954124909995
robot3,4179,1722896299134405439,-62.56376425217502,2.4396637995949373,245.73797582153094,0.02126393318242396,0.026686846603772633,0.9894677876338288,-0.14067393006160178
