robot_id,keyframe_id,timestamp,tx,ty,tz,qx,qy,qz,qw
robot1,150,1722894275697938011,0.2809558385051787,-0.3270400324836373,0.4295889707282185,0.0024455654820736,0.0064250656801999,0.4674755926569418,0.8839792463686684
robot1,151,1722894276199053375,0.2875294056721168,-0.3306636977940735,0.4296676786616456,0.0024553118353565846,0.006445287199582744,0.46744399557440824,0.8839957809391054
robot1,152,1722894276697757121,0.2893242789432681,-0.33100990206001935,0.4347954085096742,0.0024453245152957666,0.006440410510182985,0.46738001604248236,0.8840296726380874
robot1,153,1722894277199464428,0.2750314003788348,-0.32660160772500524,0.43471282534301703,0.0023951774870439478,0.006365262766787027,0.4673104444295839,0.8840671326781355
robot1,154,1722894277697124892,0.2786029526033051,-0.3297590417787181,0.4233869668096358,0.0024380490813205287,0.006403679146368172,0.46725914306540756,0.8840938536331131
robot1,155,1722894278196879401,0.28853338584310634,-0.33574470132586237,0.42061380576342955,0.002441865724369809,0.006477193280354214,0.46719449444087663,0.8841274724965437
robot1,156,1722894278697195873,0.28691533021637017,-0.33652731869366,0.42229809146375225,0.002409299833677288,0.006462406637949257,0.4671379473213557,0.8841575486004445
robot1,157,1722894279198548172,0.2810705136508709,-0.3359919246285713,0.4284510770812725,0.0023432449605473647,0.006457329215416503,0.46706810980244906,0.8841946578146839
robot1,158,1722894279697571130,0.2759479689412923,-0.33467015624041246,0.4343100553378576,0.002304764566918042,0.00644872240511045,0.46702166803911677,0.8842193526617668
robot1,159,1722894280199049384,0.26763939159003436,-0.330844316631498,0.43649001512677826,0.002249431281390217,0.0063892389065005935,0.4669784307949,0.8842427624003709
robot1,160,1722894280697653887,0.2633048659191922,-0.3305337326600506,0.4393114559352551,0.0022593723330943958,0.0063986548019696375,0.4669651528490764,0.8842496810731822
robot1,161,1722894281196300217,0.2651211521589784,-0.33013134635977887,0.43523606378586727,0.00227070205050827,0.006387661105077482,0.4669225753565105,0.8842722150561151
robot1,162,1722894281704672716,0.2626848621295565,-0.3303456380962557,0.43995575979353796,0.002257282071704243,0.006411226514104525,0.46686517571287645,0.8843023852499882
robot1,163,1722894282198861322,0.26306757330912506,-0.33032544236621886,0.4415281964466168,0.002263904936303416,0.0064082628046142716,0.4668079175085601,0.8843326167532145
robot1,164,1722894282704030611,0.2643965431490992,-0.32847321964791426,0.441708616912385,0.002269978631110485,0.006408116888311814,0.4667468081885646,0.8843648569910201
robot1,165,1722894283199699413,0.26836724020561253,-0.32687027100464194,0.42962472606452357,0.002323398253234355,0.006379526802655957,0.4666914612191551,0.8843941335645895
robot1,166,1722894283696627005,0.2658419990914278,-0.3288456816225232,0.4331499002874122,0.0023036007242525254,0.006361296521007303,0.4666574878968657,0.8844122434250113
robot1,167,1722894284200326071,0.261217740830268,-0.32543007191259793,0.43358775228264407,0.002285717199763598,0.006330251789219048,0.4666476926987749,0.8844176809110487
robot1,168,1722894284703936539,0.26386433606991866,-0.32540725171554685,0.4248712323606267,0.0023353114343081715,0.006307177705323391,0.4666341928642226,0.8844248390224314
robot1,169,1722894285197538349,0.27313684904973806,-0.3363713202996852,0.4299252200871954,0.0026602337549518295,0.005654725337896233,0.46616124021830063,0.8846777070526067
robot1,170,1722894285700169670,0.3736062524843311,-0.4609988518057966,0.5922146877273989,-0.000615961701520265,0.005032769381386099,0.46216112275260096,0.8867814772758795
robot1,171,1722894286197447883,0.46224344987458316,-0.57911255583153,0.7623552698641934,0.004700620279167577,0.0030438512068562437,0.4612908561419097,0.8872313030876928
robot1,172,1722894286695977227,0.4583083083857294,-0.6042570034040388,0.9001268735155433,0.00773007421771326,0.0019683184207944784,0.46095065639533783,0.8873899165777637
robot1,173,1722894287199193500,0.4448411511262199,-0.6360944062469501,1.0865573305636709,0.005805923614480375,0.000923632260956964,0.4569943614173506,0.8894501626213676
robot1,174,1722894287697185264,0.4210351328370963,-0.6651772838083769,1.2117555635050135,0.009326799956773761,0.0005950609534153832,0.441942249469509,0.896994818735793
robot1,175,1722894288198570800,0.47981467656851434,-0.8551523387429788,1.3963429648429364,0.002281312452314495,0.0017717851873145511,0.37824840368464796,0.9256996281195973
robot1,176,1722894288697517954,0.552994279657185,-1.0295894639564167,1.4865178940817856,0.005143185561228204,-0.002159629243081208,0.31439641737579105,0.9492753954385854
robot1,177,1722894289198373729,0.6594540127559475,-1.184119052253428,1.5530216535553245,0.002494830090743707,-0.006779041651873689,0.20852799082249068,0.9779897225741362
robot1,178,1722894289695767102,0.7630464541732187,-1.317158777266515,1.557037759572233,0.006240686847806615,-0.00869645380154918,0.10483013092807832,0.9944325362580143
robot1,179,1722894290197036478,0.8428918886936025,-1.4363193465394584,1.548228813335247,0.00033192288095708485,-0.010053769279849653,-0.004292282541522257,0.9999401921420363
robot1,180,1722894290698060223,0.9115962884395019,-1.5296914819625906,1.5268811061977643,0.0008483256373738925,-0.019581240131260284,-0.10578035092331169,0.9941963451638091
robot1,181,1722894291197480359,1.0036248257389473,-1.6349897179750696,1.4552195481955037,-0.0006590683421201926,-0.025600998256453084,-0.21154807597077865,0.9770320189585677
robot1,182,1722894291702387717,1.0935682174754955,-1.733657781965865,1.3638547416775175,-0.004000755342547491,-0.0294398868275783,-0.315632176344602,0.9484163728427712
robot1,183,1722894292197197277,1.1872509387326293,-1.8189872335641257,1.2168486975131843,-0.004048287604572578,-0.028305955859951718,-0.4167451482431543,0.9085735334281516
robot1,184,1722894292697145742,1.261386411264901,-1.8729737773536685,1.0365193178875372,-0.005153766819402132,-0.028043982930390628,-0.5238131552838369,0.851355831635963
robot1,185,1722894293198882804,1.3315759473482887,-1.8682909673079324,0.817380327731148,-0.004288908714965994,-0.029248288962508525,-0.6371836984589045,0.7701448417492855
robot1,186,1722894293698166035,1.3172579351814055,-1.8142585707828212,0.5624309247357406,0.0024750070174667555,0.028977215619985692,0.7457226183950211,-0.6656214928390233
robot1,187,1722894294199025528,1.2546507874504313,-1.7279177270829649,0.35077362507561616,0.0068489834641976225,0.034446747757248444,0.8285357273060637,-0.5588336618099053
robot1,188,1722894294698500879,1.2296779197639518,-1.6312800906599065,-0.0169308874758118,0.0054672411285122,0.03444480014399321,0.8602103234354626,-0.5087453827530428
robot1,189,1722894295197594453,1.1353288972746272,-1.4081818833948456,-0.6007312135772765,0.004190739713655167,0.03116496038228071,0.8806915323571957,-0.47264532979746865
robot1,190,1722894295698366224,1.120459216646088,-1.2354506375270526,-1.2754898443820155,0.0013487562055853263,0.024361309006031395,0.8836358911302342,-0.46753857529265685
robot1,191,1722894296198077643,1.1667739832761983,-1.1047308119017782,-2.016921250149867,0.003348215400364009,0.030076391973592468,0.8870103885606045,-0.46075673699366443
robot1,192,1722894296698668174,1.1864069798013954,-0.9236382143577274,-2.757323107682474,0.0029359776840836914,0.030499786539196376,0.8899500641901181,-0.45502750060200386
robot1,193,1722894297200749577,1.1638147616739196,-0.7220967542386604,-3.422340614721508,0.01061792735916785,0.02681446834699419,0.8961715293832611,-0.4427695041765301
robot1,194,1722894297696771011,1.0401157294376808,-0.4520102990798636,-4.060376251116693,0.00882219458704038,0.026115632763735616,0.9014574395266302,-0.43198915186623627
robot1,195,1722894298197981775,0.9167406777824582,-0.1620459156119255,-4.692330307327484,0.001164349825879283,0.026868100838655234,0.9055397976888379,-0.4234081060259301
robot1,196,1722894298697558411,0.8262313073470887,0.15539522655214263,-5.312299824320055,-0.0022676205510715774,0.023230127197389063,0.9111150826087128,-0.4114906139030977
robot1,197,1722894299197385870,0.6542437421123656,0.4759686412279293,-6.031990231015008,0.002699725359972106,0.027591488044814767,0.9139381518074454,-0.4049055148318487
robot1,198,1722894299697509235,0.5078472844286469,0.7572752702969695,-6.728742851875896,0.0032107138072107032,0.026118352468166524,0.9111905466702712,-0.41114390502587916
robot1,199,1722894300196947772,0.4014908964702582,1.036336541174558,-7.457242220640339,-0.0014530490866721763,0.027541628906136387,0.900534813948498,-0.4339082808524084
robot1,200,1722894300698886003,0.3667715694707794,1.2244567861766298,-8.11526582296955,-0.005112854336805979,0.029616123500477924,0.8884613427790992,-0.45796635939389185
robot1,201,1722894301197485707,0.34607365680334945,1.4317100662722286,-8.822172072716262,-0.0036124833491144046,0.024872886943930094,0.8756051554135919,-0.4823731970914909
robot1,202,1722894301699356770,0.3195668547356747,1.5928998216969248,-9.537148326635581,-0.00032088061841285505,0.029027553699877646,0.8559243075624028,-0.5162856553165609
robot1,203,1722894302199210904,0.3118992815662787,1.7075692545603527,-10.231005898677054,0.000598217351085526,0.029111764893338048,0.8489483468529344,-0.5276730537524782
robot1,204,1722894302698097452,0.3293265807375405,1.8615192761624189,-10.810029954649803,0.001137904907143488,0.03326494940643979,0.8479886444964262,-0.5289682477413205
robot1,205,1722894303197840586,0.2836930793638423,2.0577831687383727,-11.443850120529838,-0.003254257763494955,0.03441597331913341,0.8515568171075758,-0.5231213413965443
robot1,206,1722894303698442392,0.28329337992873366,2.188203680326673,-12.046539635397833,-0.0043010599191755,0.030039537029472735,0.8551490762314384,-0.517493173403422
robot1,207,1722894304196664367,0.27024430082298884,2.406563821246194,-12.68932755105236,-0.0015183718277859994,0.02858274858794124,0.8589560342849347,-0.5112487185271464
robot1,208,1722894304697935157,0.2448301212775786,2.6302963998141853,-13.353699099272912,0.003118612126564098,0.024629904191913507,0.8630480823214002,-0.5045112978707761
robot1,209,1722894305197213883,0.21063657057490096,2.839276644398408,-13.978746870533083,0.005926428103009131,0.02385841274096364,0.8652560747757758,-0.5007270500532587
robot1,210,1722894305699129509,0.20264726457154275,3.032696701583233,-14.598216671497125,0.0037243081882182205,0.028924290819459852,0.8570976807491205,-0.5143277948775364
robot1,211,1722894306198414621,0.2508501768942373,3.214805242602312,-15.182095852681098,0.002521446821854056,0.029506394163153208,0.8562859977803101,-0.515652310200189
robot1,212,1722894306697289951,0.19045233632303857,3.3298429334502693,-15.791326240636977,0.0002447452904710777,0.033410261562934335,0.8497746132379077,-0.5260863058647349
robot1,213,1722894307199232861,0.17590652218831815,3.4898105449939276,-16.406642683782284,0.004204144207821379,0.03238193024545354,0.8505666754900261,-0.5248524233638472
robot1,214,1722894307698459811,0.154346987127642,3.698799899775537,-17.087844257243624,-0.0013944772935519179,0.03102876860192787,0.8518191745571453,-0.5229142996791247
robot1,215,1722894308198047444,0.13307504401242712,3.8836111975794845,-17.670649074950006,0.0007890615884281112,0.038670871333139914,0.8545391442742406,-0.5179447769745283
robot1,216,1722894308697593466,0.14378430693051267,3.991713663559041,-18.291761233472055,0.006744776620602252,0.03723615740414452,0.8560077804808823,-0.5155760432044001
robot1,217,1722894309199858444,0.12992622934791945,4.171767430375691,-18.953479830176413,-0.008740522297077509,0.031204726223125572,0.8571025541952898,-0.5141255487944792
robot1,218,1722894309697590281,0.17615473548408633,4.330471230666319,-19.50273887720046,-0.000754572758311299,0.03578937611572566,0.8550934363068488,-0.5172366637837507
robot1,219,1722894310197344492,0.22612358814506214,4.391121550458448,-20.059130422771922,-5.745113099669338e-05,0.03410069419970446,0.8367432212304603,-0.5465326349627613
robot1,220,1722894310697443557,0.26138449225903976,4.54984878468764,-20.768877579831628,0.004953463508381405,0.031402177682525186,0.8287722634770497,-0.558682290507936
robot1,221,1722894311200008659,0.3016580161477844,4.727091711940623,-21.493699000218168,0.0002775684456775915,0.03134233053400348,0.8263029606864264,-0.5623530905341424
robot1,222,1722894311697170887,0.3779670107010233,4.800187201233691,-22.17695599049456,-0.0030888635379052987,0.033285521464461995,0.8263866668815086,-0.5621099623591042
robot1,223,1722894312198273850,0.45019684869908666,4.851622215466438,-22.791104390287273,0.0018864548386384125,0.03472004701572342,0.8306706411652545,-0.5556772854179598
robot1,224,1722894312696955904,0.4986777286794362,4.939328769215925,-23.43990782275941,0.00427136355877292,0.031633013169854195,0.8376333654637347,-0.5452994159111507
robot1,225,1722894313200195474,0.4540663212348553,5.141619056457043,-24.10207595117536,0.004618498673806587,0.03331446363387082,0.8406417886286508,-0.5405462044950553
robot1,226,1722894313697397256,0.4706278759789401,5.263811106787129,-24.77192434482429,-0.00016674394740516873,0.027435138068727324,0.8461183212019251,-0.5322885231921141
robot1,227,1722894314196914224,0.45582533113479384,5.447072878473258,-25.44267827831366,0.005921200487370281,0.02550311237910478,0.8524460698597123,-0.5221591985443691
robot1,228,1722894314699241440,0.4815569976132826,5.713908179656136,-26.157674161719005,-0.0034985208317434837,0.028280016981973483,0.8572715878937937,-0.5140753111962707
robot1,229,1722894315197746760,0.3935243286904441,5.886365971520795,-26.807770067827583,-0.0024901329717411723,0.03267220899962963,0.8653366309379728,-0.5001188270339224
robot1,230,1722894315699018470,0.3590972567680468,6.119884173378315,-27.569070165047272,0.0019283059782669533,0.029531134153251235,0.8721120848881222,-0.4884103859908894
robot1,231,1722894316199651228,0.37226351394748286,6.308253732502135,-28.280198483729677,0.0013225879282599408,0.022660679555848995,0.8716392082765658,-0.48962213487366
robot1,232,1722894316697899723,0.3995774336844324,6.466662789686848,-29.082509873436813,-0.0004156801037326795,0.019769850378949738,0.866290223655528,-0.499149505283638
robot1,233,1722894317200800758,0.3497810316948389,6.735947757950962,-29.833557901905937,-0.004180948531589846,0.023636735351451835,0.8662018851987856,-0.499117339399636
robot1,234,1722894317697954084,0.31635410475689874,6.938860064363696,-30.630628461020194,0.004714037657103873,0.03733791533809042,0.8667617846368885,-0.4973003786648962
robot1,235,1722894318199186139,0.34549093802505565,7.121883174395428,-31.415296658875672,0.0024391309910221657,0.017667578219042575,0.8695577100579055,-0.4935091652631531
robot1,236,1722894318698470635,0.4004038548744404,7.305723798451846,-32.13491226919222,0.010162648439968683,0.01782181164209617,0.8732708233302462,-0.48680301224067346
robot1,237,1722894319199705713,0.4198680594271706,7.425227503282579,-32.73324604891476,0.006220425016286743,0.0194810578561339,0.8722452940738736,-0.4886409128014195
robot1,238,1722894319699345578,0.41088033697363385,7.558532134619836,-33.34410798363627,0.004913876609872952,0.02196870493019783,0.8626273615475278,-0.505338762544398
robot1,239,1722894320199151720,0.4196487310964276,7.714241256927103,-34.06554654892782,0.002807285620510773,0.023765349242491407,0.8480118130049287,-0.5294367689601103
robot1,240,1722894320698718619,0.4464087774657664,7.844144009974406,-34.78245052136739,0.004802718028837029,0.019922728541918178,0.8265301528947249,-0.5625192664636504
robot1,241,1722894321199994022,0.6028284616439125,7.909604635078615,-35.46391067840444,0.013447223170209901,0.01792964523000329,0.8048156357528589,-0.5931015869635305
robot1,242,1722894321699533517,0.7589591215024589,7.945018960151552,-36.19212190714043,0.009339874970491178,0.014732131128791109,0.7820407405925899,-0.6229831547492543
robot1,243,1722894322199234826,0.9313521072849457,7.9324576789394685,-36.86249916162678,0.009432118085517773,0.028521536291046014,0.7598140623324997,-0.6494460314743663
robot1,244,1722894322699911445,1.1048050638858387,7.937532613972953,-37.56473210826879,6.501286126971408e-05,0.03169498620948835,0.7459059802372653,-0.6652966949179835
robot1,245,1722894323197900313,1.2851711511240878,8.007710792111569,-38.2185252634848,-0.006383177780310679,0.028992131641695316,0.7449407276700146,-0.6664698219745321
robot1,246,1722894323699519523,1.4973537879613774,8.10692356432401,-38.95497984905231,-0.015409509650584718,0.018032802915359598,0.7823960980210153,-0.6223292623947825
robot1,247,1722894324200996918,1.5619729691725033,8.24442967771131,-39.56977474969333,-0.007332379646418823,0.025716326784085985,0.8199659779433541,-0.571787287162677
robot1,248,1722894324697447046,1.5664437282431243,8.343837134526286,-40.0901865856768,0.005990745628440657,0.02754574833550441,0.843556241267955,-0.5363004853002951
robot1,249,1722894325200155328,1.5671304906310264,8.544484715894654,-40.70070048608356,-0.0021566025128379944,0.0273352858201392,0.8434694641395,-0.5364768348018001
robot1,250,1722894325699861421,1.577363797421768,8.69305740947324,-41.28630657401414,-0.009787553512967298,0.023701740218089382,0.8470545351566919,-0.5308870367388392
robot1,251,1722894326199359956,1.4902074262075011,8.877807431839658,-41.80649319477852,-0.016621025685468895,0.02775340216501325,0.8512188420986323,-0.523812917967564
robot1,252,1722894326698316500,1.4235443137155874,8.997103515997626,-42.16856763139834,-0.0029321857447852533,0.035549064282095505,0.8597309268465763,-0.509500146946939
robot1,253,1722894327200448411,1.349832397376288,9.086131012052219,-42.57584792748552,-0.0022199112719496427,0.025654889792328994,0.8686103098593521,-0.4948262606508758
robot1,254,1722894327698030669,1.2066376604628621,9.288208111174189,-42.97690647468414,-0.01315927975818911,0.01936806511597727,0.8778832727180359,-0.4783018616854627
robot1,255,1722894328198574383,1.2123581058831399,9.408353368736464,-43.20000603888634,-0.02144513062102734,0.013378337866582431,0.8862644376114307,-0.4624894302293503
robot1,256,1722894328699979028,1.296576278239468,9.360384618848133,-43.279530395758314,-0.02047015005786469,0.013913842753402891,0.8887124606326998,-0.45779639606774325
robot1,257,1722894329200336546,1.1688295751360454,9.57657947575999,-43.48667017929707,-0.034621901850884415,0.01380080078770435,0.8837212790191941,-0.46652712977759986
robot1,258,1722894329699195322,1.0023914132746408,9.813454080357655,-43.706727344547076,-0.025314075242169398,0.02259294194348561,0.8809776284760991,-0.47193979986180484
robot1,259,1722894330199319490,1.0364702268977608,9.862226589567275,-44.00612899102713,-0.004074432461225357,0.028296086008366587,0.8741892201694665,-0.48474316689998415
robot1,260,1722894330699494556,0.9197938553526772,10.044771062194497,-44.32801692188217,0.007300110618133824,0.016137687318441122,0.8978372516405532,-0.4399710820037077
robot1,261,1722894331200311959,0.7542626303154624,10.166276967137204,-44.575645676818084,0.0074378881701326486,0.019860119510995453,0.9178398689405093,-0.39638394071385696
robot1,262,1722894331701184487,0.721721854013777,10.260485113582497,-44.87703921460022,0.00944811067821938,0.021329900913442654,0.9194467393128577,-0.39252192562784133
robot1,263,1722894332199507101,0.617716202930416,10.445497393592047,-45.20808272902319,0.007542919344348889,0.021544520255879697,0.9269556604073766,-0.37447582252187234
robot1,264,1722894332698707182,0.4459881111498998,10.678845532222367,-45.50189104583492,0.006787384116477921,0.019316072424549444,0.9361487715072375,-0.35100754745223745
robot1,265,1722894333202767798,0.3801692188232683,10.822115517205152,-45.7677152808793,0.005266441843192618,0.017805165879977825,0.9423194489335238,-0.33419948656441506
robot1,266,1722894333699467027,0.2902642604405407,10.999255524000548,-46.068199011500866,0.006852218904552811,0.010972268888316332,0.9474051010326416,-0.3197752819541506
robot1,267,1722894334199392864,0.12200484000799351,11.178117123416031,-46.3263242170249,0.007868454494097262,0.008191518061841888,0.9522132984279228,-0.3052225757586297
robot1,268,1722894334697688376,0.03949914122604756,11.326946984028652,-46.61599885113874,0.005717446214679648,0.006971873514529234,0.95519564437956,-0.29583776761393565
robot1,269,1722894335201791154,-0.13835879885963218,11.566569195112342,-46.91316184960622,0.0052645725010593645,0.008075568074601662,0.9590946253746714,-0.282921489205172
robot1,270,1722894335699867680,-0.3552490603685591,11.806136237440727,-47.186436564664426,0.01146846981389061,0.00772108813969118,0.9592908224755766,-0.28208150756864375
robot1,271,1722894336201311348,-0.4930575467226886,12.005808266794284,-47.50247541163387,0.011220146532360555,0.007011427556199831,0.9591663171175088,-0.2825330499298289
robot1,272,1722894336698433921,-0.6243098141212252,12.206787623448124,-47.850309866483094,0.007844969404418825,0.007254798089011731,0.9593658661830371,-0.2819626910827074
robot1,273,1722894337197623286,-0.7902287380362546,12.39167223682784,-48.19046127982671,0.0024982636655530048,0.005163745422238807,0.959939808742692,-0.2801475646921018
robot1,274,1722894337699966179,-0.9300261256814427,12.592633139324892,-48.50644039176621,-0.0074119378760606315,0.0030161927833347577,0.96073693243193,-0.27734547484914934
robot1,275,1722894338199099563,-1.0690889559289385,12.808777925541094,-48.81151005812192,-0.013219805120047884,0.0028466928321924595,0.9609476493770616,-0.27639961694837256
robot1,276,1722894338698098284,-1.2367597474324328,13.041035108250883,-49.092653251254895,-0.009762992492466864,0.0038696406859640947,0.9617031197176238,-0.2738919848844492
robot1,277,1722894339200918698,-1.4472618471442846,13.310910174605711,-49.36132695339775,-0.0022756298020370266,0.003539627065682992,0.9626668754793777,-0.27065620148818403
robot1,278,1722894339699625756,-1.6106281667563407,13.545023709518116,-49.60987212695315,-0.0016018083214767844,0.0026227019663807374,0.9637690221055549,-0.2667205047876883
robot1,279,1722894340206481374,-1.7716856543526216,13.790694063511799,-49.88972380664316,-0.002864766907915202,0.002597912138576623,0.9646034171553308,-0.2636764903728474
robot1,280,1722894340699485089,-1.8708685651045882,13.938557852973252,-50.1206984771426,-0.001702109328687664,0.0031921440156672037,0.9648238107225178,-0.2628724544399729
robot1,281,1722894341197735263,-1.8763927175290864,13.97509658707391,-50.271823982709215,-0.0016699353333648936,0.0028716497611818623,0.9634210576996289,-0.26797169724536135
robot1,282,1722894341699288508,-1.9195534820298075,14.043202462588303,-50.39283605571937,-0.003703668173910112,0.0032361737349317276,0.9561306623526797,-0.2928992429669982
robot1,283,1722894342199549961,-1.9285623441079787,14.062738198769154,-50.39681320637565,-0.004056725687027006,0.0035846853137929914,0.9497272471818254,-0.31303170601128094
robot1,284,1722894342699241551,-1.9407131867208616,14.081262946275135,-50.42968324735417,-0.003392460506632084,0.004658824605342266,0.9443493808327764,-0.32889365072278215
robot1,285,1722894343201003635,-2.026925104664178,14.207621409044913,-50.55771227203542,-0.007080388251699985,0.0042928799334146905,0.9186628911486447,-0.39495560726554557
robot1,286,1722894343705817959,-2.1024883706344637,14.323983362148631,-50.73452169270081,-0.009364529371382472,0.007607961828546539,0.892318257309247,-0.4512455564092089
robot1,287,1722894344199149727,-2.120308570010537,14.399105134471634,-50.951210160924774,-0.010483809587075522,0.008322456526936152,0.8679149124215371,-0.4965325077476953
robot1,288,1722894344699346576,-2.1119558343408036,14.47221787726904,-51.20860582902022,-0.011392087516292,0.007322849037407855,0.8392129252244177,-0.54363430940318
robot1,289,1722894345203068400,-2.2021008108228606,14.672556507572962,-51.61335678235395,-0.015273666193618182,0.006252903152178848,0.836406807959972,-0.547860628190588
robot1,290,1722894345701858526,-2.348670222325265,14.95921935455675,-52.17599507997622,-0.009379428250100748,0.010670934872459658,0.8371833460228216,-0.5467377823204479
robot1,291,1722894346200174475,-2.4372141700737227,15.184114867280172,-52.74986872095986,-0.012007082469288067,0.01238508164751997,0.8330057672193625,-0.5529953268359881
robot1,292,1722894346700672733,-2.4538496448606892,15.315306432409198,-53.30753939234916,-0.01060581361428545,0.014474144141724762,0.827307752354411,-0.5614622861450591
robot1,293,1722894347202741420,-2.533007135285901,15.563340503187028,-53.974702075091265,-0.0074894074848233985,0.018007844537928516,0.8268063548040392,-0.562148448335741
robot1,294,1722894347702004061,-2.611323282792357,15.78591253939463,-54.566716435422755,-0.005736410762268134,0.02194417471447423,0.8353133048480548,-0.5493061346202934
robot1,295,1722894348201596833,-2.734371718790806,15.986049933136231,-55.040350930091584,-0.0006087371127923816,0.030462021633727163,0.8726554670380529,-0.48738499210143066
robot1,296,1722894348701867351,-3.0057456394155384,16.33002240146386,-55.433233310639054,-0.00797023947921419,0.03511013390217456,0.918557345996412,-0.3936447076946965
robot1,297,1722894349202305524,-3.2660819797734533,16.64742269242516,-55.77296504149049,-0.003898739927272608,0.044552735649275844,0.9310459991277816,-0.3621507988135553
robot1,298,1722894349701564257,-3.531991071202525,16.98293534149379,-56.045217782001444,-0.009268797282526279,0.04892553342922869,0.9565601874240974,-0.2872507430987364
robot1,299,1722894350201773922,-3.883351721417065,17.388564331949393,-56.23151384671582,-0.01827318524406869,0.04699431543645989,0.979582134493387,-0.19461877298727948
robot1,300,1722894350701879085,-4.25629308444748,17.775659158101373,-56.28894450955603,-0.01896155208586841,0.04177474028085802,0.9926156091639842,-0.1122923998362061
robot1,301,1722894351205755350,-4.563426874061122,18.0987908247896,-56.273694203778724,-0.017983568662827246,0.03428110344518328,0.9991418006520223,-0.014732935707611807
robot1,302,1722894351701304055,-4.774876284712289,18.297824373662138,-56.26345157646372,-0.021441045624086327,0.033898129755275924,0.9985094470252566,0.037014626338200636
robot1,303,1722894352201522788,-5.074095551343134,18.563105217598874,-56.199764770325814,-0.023307298964509428,0.03605905072861026,0.997343990363231,0.05883433998846203
robot1,304,1722894352701535242,-5.5679451737235715,19.00920545957983,-56.02618542074725,-0.019761951994337727,0.03600176496723542,0.996929511578077,0.06666998663052612
robot1,305,1722894353205045898,-6.222178656797876,19.586741035415567,-55.770860769870545,-0.02354184955319833,0.04146372766916938,0.9952709171586861,0.08463062132289624
robot1,306,1722894353700073024,-6.766413623412644,20.07751760578747,-55.49178117011846,-0.028916274627220292,0.03430779288847003,0.9851344232516631,0.16582217141690694
robot1,307,1722894354201423719,-7.25922199797193,20.460356948306057,-55.13251339662392,-0.021281571884234497,0.02117411677104362,0.971294468962235,0.23597840163979464
robot1,308,1722894354699522973,-7.716531887998865,20.815520375872,-54.72029845082463,-0.030340124008681215,0.022521865280834417,0.9641126884586504,0.262790727409555
robot1,309,1722894355200380530,-8.269101521509132,21.265801793814592,-54.2817813902371,-0.024415630497996638,0.021225630494250768,0.9668439823946589,0.2533102116077111
robot1,310,1722894355701728377,-8.834513473069899,21.74568347746183,-53.83871104212853,-0.025727360868477968,0.02236096255857133,0.9692543489444309,0.2436885251884151
robot1,311,1722894356201711914,-9.390932191125188,22.204726411728775,-53.5055108841421,-0.02350561701353932,0.024496591839536258,0.9788312785742898,0.20183342399533652
robot1,312,1722894356698822589,-9.962085573591489,22.65405613081292,-53.20048270468554,-0.027142082552561803,0.026039097108808213,0.9840734175385843,0.17373768062915712
robot1,313,1722894357200765444,-10.465197819562823,23.095830199238538,-53.05744840890485,-0.03117636843971292,0.02785947818377248,0.9915621894403587,0.1227041482529483
robot1,314,1722894357700837978,-10.899892717149438,23.494709058388025,-52.9469731416851,-0.03062740334570902,0.0295974848576579,0.9963969759231355,0.07334178499075868
robot1,315,1722894358202150495,-11.37556768517244,23.893381566225717,-52.904792587420275,-0.019085198148338225,0.024537946700902223,0.9992438201967425,0.023354489546178532
robot1,316,1722894358700527814,-11.758683847475636,24.198685504928854,-52.8962690401354,-0.016819745756102084,0.018435176665592898,0.9993468394031967,-0.026136851165544803
robot1,317,1722894359201781255,-12.166458234310879,24.560654894437118,-52.85943564651357,-0.020172650196745603,0.017511486460011032,0.9988023449035381,-0.0409913142164808
robot1,318,1722894359702141156,-12.68334479835558,25.03649369922119,-52.83155020747682,-0.037334781638553145,0.01933892788516844,0.9983863436721929,-0.03816842565686729
robot1,319,1722894360202413246,-13.086617369697736,25.45129523261707,-52.8038255878644,-0.041039684579136426,0.01714882467131731,0.9983445511005731,-0.0364666887697875
robot1,320,1722894360698927035,-13.53762030756772,25.87310872892152,-52.82171665860499,-0.0451720485571194,0.020409701557950657,0.9979015003498566,-0.041659641272745344
robot1,321,1722894361200664408,-13.972644169170655,26.26500393987861,-52.93934253637426,-0.044573275300156784,0.01990014379119048,0.9952689731532042,-0.08400522891268795
robot1,322,1722894361700354057,-14.432265738884258,26.797327685523655,-53.073858784262214,-0.04569544259379835,0.02381846890665167,0.9896987685654669,-0.13357003617989396
robot1,323,1722894362199549997,-14.89205900671586,27.290397660722483,-53.238411881750544,-0.03070894593663681,0.03353600264374709,0.9869224277475647,-0.15464934133384536
robot1,324,1722894362700174284,-15.31493765504362,27.695550321082365,-53.39157918363295,0.017296067057358918,0.06163277153796561,0.9870780493809961,-0.14689850907039184
robot1,325,1722894363202633023,-15.778889976348974,28.098617189205296,-53.547370685652616,0.0023436490572219695,0.041813143085712504,0.9895917411012762,-0.1376748136680602
robot1,326,1722894363702510661,-16.27570379895213,28.54657780744361,-53.622029763331675,-0.001159238552655694,0.04431416754678391,0.9906572196877348,-0.12896970109750824
robot1,327,1722894364201037314,-16.33871265319445,28.680066344074252,-53.77325975822047,0.0007128462602995878,0.04499277965053525,0.9916110026295809,-0.12117244362265205
robot1,328,1722894364701817273,-16.24463319937476,28.66104028642694,-53.888871572912414,0.0015392101905949468,0.04553883473210858,0.9914054109118045,-0.12263423901189621
robot1,329,1722894365202600769,-16.23103149102822,28.65487537285776,-53.83886570258595,0.0010980013376871408,0.04555280417184797,0.9882837699434844,-0.145667177124559
robot1,330,1722894365702375489,-16.251432034543,28.64893707465975,-53.776189767476595,0.0009129314932675014,0.04573951331643429,0.9865377249003431,-0.15700439747382663
robot1,331,1722894366202742328,-16.281124967759535,28.653569351858696,-53.725225010787156,0.0009125792861032003,0.04614983867458583,0.986103824839651,-0.1595888662343565
robot1,332,1722894366702452254,-16.302166486108757,28.62603761481293,-53.71608191559067,0.0013095738963139361,0.04650447897038404,0.9864886682372395,-0.1570850912449076
robot1,333,1722894367201130325,-16.282192811709645,28.6578137366755,-53.69804281769739,0.001789607029762039,0.04679251624712779,0.9868203655896548,-0.15489617099025194
robot1,334,1722894367702312562,-16.276075666343246,28.67520008381859,-53.68902209036282,0.0022023618001037943,0.04697457098602607,0.9871025002439762,-0.1530267731322566
robot1,335,1722894368200556697,-16.271270177889438,28.654951902969277,-53.69555441471594,0.002839872380156846,0.04706481115315389,0.9873806312831332,-0.15118309311197353
robot1,336,1722894368704363232,-16.278835938844864,28.64864766449098,-53.70490176118755,0.0032218545568140342,0.04702550823329425,0.9875365486520699,-0.15016586264851653
robot1,337,1722894369200731042,-16.272968523043634,28.668970397895478,-53.68423481743746,0.003482946369883496,0.04736754521162238,0.9879630029582234,-0.14721850947139378
robot1,338,1722894369701709112,-16.266661832659203,28.672846802779176,-53.67820566675789,0.004027145145013118,0.047568965286960356,0.9883038959326281,-0.14483226480276423
robot1,339,1722894370207689904,-16.25905933157087,28.672714720887328,-53.67085987660479,0.004506891624265008,0.04785751867739189,0.988702048712515,-0.14197747957195783
robot1,340,1722894370705413624,-16.264000563975756,28.664321042567973,-53.66475310721289,0.004988607407750203,0.04807646307915033,0.9890771857919309,-0.13924829636244948
robot1,341,1722894371203496752,-16.273476260544342,28.66949153743262,-53.66116253041096,0.005201065852856526,0.04831355585836202,0.9894318197645035,-0.1366141400873949
robot1,342,1722894371698283729,-16.27460648267238,28.681492027076256,-53.653200545698645,0.005626847383391031,0.04858812731482651,0.9898169932894336,-0.13367816675892755
robot1,343,1722894372200880793,-16.27517990198064,28.67447474526356,-53.64605733649058,0.006138677709457769,0.048924403057819345,0.9901828198813882,-0.13079259395377682
robot1,344,1722894372701596508,-16.280354408260077,28.673106316185226,-53.641998843127276,0.0064755494020310635,0.04919445856735476,0.990536714369006,-0.12796479982112566
robot1,345,1722894373201723868,-16.290554461275992,28.678606713303566,-53.652271529092914,0.006876825781983982,0.04935937405179456,0.9908662285996371,-0.12530155019436454
robot1,346,1722894373699138871,-16.300049948131047,28.68605813659859,-53.64676825447246,0.0071394155230058015,0.049689069567946484,0.9911924095429101,-0.12254644987098463
robot1,347,1722894374198441989,-16.30059818495456,28.68620130859523,-53.63101698060774,0.007648299539067744,0.0500792047726938,0.9915411618748748,-0.1194977032052027
robot1,348,1722894374709043625,-16.284827583558098,28.685779903010094,-53.62918763434404,0.008130868926638316,0.05035651287298649,0.9917858316998843,-0.11729865566637694
robot1,349,1722894375202490730,-16.278640192497917,28.698253336219718,-53.63488635567463,0.008568140407696795,0.050586009202510114,0.9920509081677801,-0.11490273385085407
robot1,350,1722894375701559747,-16.27972555769882,28.708330585445406,-53.64012085171449,0.008922619903282815,0.05079413084475413,0.9922994093894782,-0.11261538638694102
robot1,351,1722894376203255188,-16.276007444350373,28.706055019272377,-53.634073277356514,0.009328156049164241,0.051174796154344226,0.9925710846616805,-0.10998530645872102
robot1,352,1722894376708406929,-16.2662363941051,28.70303781187169,-53.628683215272346,0.009747339622081096,0.05153191264309338,0.9927777866674073,-0.1078967916548049
robot1,353,1722894377211888273,-16.26072263524758,28.691938581780665,-53.62571520155921,0.010203576081625186,0.051860931572967166,0.9929542430102505,-0.10605754145496116
robot1,354,1722894377700239943,-16.257271976203825,28.696980888295375,-53.627518476934846,0.010587699312584504,0.05214756580911639,0.9931226207918686,-0.10428802459985685
robot1,355,1722894378213616066,-16.262275575912586,28.70137184917102,-53.615213712590354,0.010836837404073513,0.052508804297375596,0.9933079340259768,-0.10229729530824952
robot1,356,1722894378701996799,-16.258245173748385,28.707454100617944,-53.60978781856022,0.011190775963104686,0.05281113468825792,0.9934302878355357,-0.10090596512242027
robot1,357,1722894379202748441,-16.25495514389975,28.708066651395146,-53.59681211407588,0.011600247051841994,0.05316111091997881,0.9935592848776374,-0.09939455713230747
robot1,358,1722894379707510056,-16.256565653224495,28.698532718542097,-53.590674117157,0.012024101346063272,0.05346987696943304,0.9936489061432157,-0.0982763682890465
robot1,359,1722894380200949762,-16.258670265415567,28.700566906995036,-53.58846296260898,0.012316871153127086,0.05369366982416073,0.9937307329517601,-0.0972857383842507
robot1,360,1722894380702115833,-16.26939530600898,28.71056737581036,-53.587826328448394,0.012612854430293103,0.05393031198317017,0.993805873729267,-0.09634481145202643
robot1,361,1722894381201480889,-16.269839400357295,28.715462547235166,-53.59487088995419,0.013002936782648229,0.05410754047302571,0.9938614721434847,-0.09561732001981481
robot1,362,1722894381702718299,-16.27704357511587,28.721827694590406,-53.59674992208991,0.013248038724990096,0.05432544828063725,0.9939230524387714,-0.09481667031616484
robot1,363,1722894382199417517,-16.28305410119389,28.720332113435397,-53.59386803957651,0.013620665784996487,0.05460305416943837,0.9939820766686082,-0.09398199402281236
robot1,364,1722894382673107412,-16.279888786824884,28.712280128512187,-53.58446582949929,0.01392904478411399,0.05493676425356531,0.9939858084208655,-0.09370243488121748
robot1,365,1722894383223625872,-16.277748229629182,28.708605172876393,-53.5999315888565,0.014332278923918765,0.05510334959347848,0.9939855933128057,-0.09354596159650885
robot1,366,1722894383700388061,-16.275928117494484,28.70301126297176,-53.58951850682743,0.01471386792216502,0.055426839731168694,0.9939746178479747,-0.0934121330564562
robot1,367,1722894384209965511,-16.27320544283208,28.709282569936335,-53.581689175382586,0.015009336664285607,0.05570004735918043,0.9939989848418902,-0.09294214689996695
robot1,368,1722894384701469206,-16.27100678245707,28.701813527412696,-53.58355570966214,0.015350760376904705,0.0559753400558367,0.9940228632129066,-0.09246438704441572
robot1,369,1722894385201546928,-16.28466639303391,28.708599265876508,-53.5812052855647,0.016563793310649486,0.05716975648600847,0.9940180369530411,-0.0915718401393961
robot1,370,1722894385701441421,-16.490774319100236,28.83496759120706,-53.47520934351125,0.015859074015574254,0.05867808569027398,0.9967577850069119,-0.052718972478682416
robot1,371,1722894386201997777,-16.677513605134013,28.9657792086104,-53.41218986515713,0.012638243934070327,0.057138000184178465,0.9980549437138676,-0.021490766703963826
robot1,372,1722894386700110889,-16.764242145297754,29.05881410251857,-53.548942454354616,0.011352733667094841,0.054513937510380715,0.9968672407198019,-0.05616983563343327
robot1,373,1722894387201800844,-16.87558729317141,29.133732015663245,-53.35394324076241,0.009451464048326407,0.056796671265094044,0.9971097688697046,0.04956729551985339
robot1,374,1722894387700221794,-16.964531399775712,29.20648839296724,-53.20320715430856,0.00740672534599126,0.05522526145432501,0.9899260937999943,0.1301600542825465
robot1,375,1722894388199311326,-17.057456771785066,29.284355677287447,-53.12126802803015,0.004641922334836585,0.05163992911659119,0.975699381813576,0.21289078563074687
robot1,376,1722894388698504170,-17.12017168338253,29.338293756628353,-52.933907223826644,0.0037944682807783837,0.05196665774173388,0.9524764066729947,0.30012291352864034
robot1,377,1722894389202201688,-17.21251253226894,29.398524655134636,-52.77228554245611,0.0052104428474431105,0.050975465625392326,0.9283024541141136,0.36827830084777197
robot1,378,1722894389700196223,-17.301773965125616,29.45690501719859,-52.55393007740613,0.005777877429326144,0.04717280320081471,0.900290073065536,0.4326882562656869
robot1,379,1722894390201954139,-17.452870003561333,29.515384505822468,-52.25570418709726,-0.0012658352977239114,0.045786993792145535,0.8856967710071745,0.461999111133281
robot1,380,1722894390702267850,-17.660000384773472,29.634706259718442,-51.7167164799278,-0.00416944387631805,0.05132416651722941,0.8743257958403154,0.48260009158440204
robot1,381,1722894391200255232,-17.937184376412315,29.759948584601442,-51.15403379058589,-0.006974851169833959,0.04911091169510849,0.8567138677421858,0.5134012257697274
robot1,382,1722894391702805454,-18.137583232117525,29.857091800079402,-50.7057668598881,-0.011881361635298593,0.043640963628680716,0.8131403829384514,0.5803076918100948
robot1,383,1722894392212792176,-18.255770884667115,29.868444872707187,-50.18234669420724,-0.011467770003971874,0.04095915687564164,0.7900260126640107,0.611596057078017
robot1,384,1722894392701606129,-18.41004790489641,29.901899148798787,-49.55178630736181,-0.013573823517603468,0.043633721891192814,0.7791661765935739,0.6251495172209499
robot1,385,1722894393202797969,-18.560933881014268,29.93275640880006,-48.83993364559811,-0.01919888295638463,0.04354834045273673,0.7688710067327681,0.6376302376321086
robot1,386,1722894393702206664,-18.728125257477178,29.967234457489752,-48.16423622749666,-0.022821342416245508,0.046423045685228564,0.7585703900746132,0.6495344875075355
robot1,387,1722894394200238020,-18.911186269925974,30.027322942039337,-47.53026499852011,-0.020030653802644346,0.041358361355810794,0.7461847367447019,0.6641510351595039
robot1,388,1722894394702907465,-19.04020398804394,30.047968906110878,-46.81651822558272,-0.02413461229050573,0.04632112084939192,0.7347174016385506,0.6763595301186639
robot1,389,1722894395201518117,-19.134454487182065,30.036273753881947,-46.10265519986788,-0.02255917640402552,0.04386292365571789,0.7202128377939104,0.6919975402883937
robot1,390,1722894395700680489,-19.250950250958585,30.017067538894235,-45.35150495035583,-0.02010533440077734,0.03698758836046097,0.7092890742228357,0.703659507875807
robot1,391,1722894396201833320,-19.33981035946373,29.986033196565874,-44.5303522008057,-0.022346417579630767,0.03894077642360787,0.6978945534019,0.7147918899126136
robot1,392,1722894396702130445,-19.433101603932418,29.92152569844255,-43.71759272916227,-0.02052183275798829,0.03044650471013419,0.6853687471635886,0.7272699259165072
robot1,393,1722894397203210956,-19.475139933001433,29.90988303162229,-42.86079182853122,-0.03609077421111369,0.03978145628332853,0.6652838214681838,0.7446558457740796
robot1,394,1722894397699226228,-19.523692422032397,29.864996464184422,-41.99190973666547,-0.033485781215044856,0.03609765185269566,0.6556760667235564,0.7534351714069806
robot1,395,1722894398203492171,-19.550766220131937,29.804247586522223,-41.1854078826166,-0.033658338584388804,0.035681892284450116,0.6446393361023581,0.7629115578861356
robot1,396,1722894398702810061,-19.576343591073545,29.740141438835444,-40.32657159558355,-0.031144252436956357,0.03390814375854993,0.6271314731026637,0.7775515344792753
robot1,397,1722894399202492225,-19.546998351527463,29.59875372590283,-39.40834255655473,-0.027429267927521553,0.02561366552491181,0.6144178735825654,0.7880877184816529
robot1,398,1722894399709700861,-19.565818298012537,29.46053693701313,-38.4828678685583,-0.03671371650775923,0.027937256411266504,0.6130604344977894,0.7886878447001582
robot1,399,1722894400199980376,-19.56177692678177,29.31418916062703,-37.58954309339894,-0.037498877629601496,0.025958406239563317,0.6044556327792425,0.7953322471291274
robot1,400,1722894400702183068,-19.483887298930735,29.134044307841048,-36.65732865046737,-0.037856844758914494,0.02717535290795352,0.5830734479179597,0.8110818169779731
robot1,401,1722894401202022575,-19.40947849219976,28.936833569795574,-35.70868894275636,-0.03901558778798842,0.025196351972779526,0.5694155556795595,0.8207367743113259
robot1,402,1722894401701580677,-19.320959272311118,28.74515504332874,-34.74588449889147,-0.039262883077333666,0.02921275818352396,0.5569093616333668,0.8291302694371268
robot1,403,1722894402202206463,-19.21586778788412,28.530955772921914,-33.86472675544371,-0.04113208142836776,0.02764153944064045,0.5631784355364906,0.8248479538202133
robot1,404,1722894402700574657,-19.089978289763653,28.332070103002152,-32.883996192877355,-0.03986535690024102,0.027178437130757016,0.586845760928292,0.8082599450392429
robot1,405,1722894403204930160,-18.995509370473822,28.108075132916937,-31.89675094440916,-0.03712381041764079,0.028415555791643857,0.5933979909501855,0.8035503737945808
robot1,406,1722894403700018507,-18.945862554639564,27.96897252344504,-30.877946541582638,-0.03742049892328346,0.02738420229294604,0.5886291476448882,0.8070722013971017
robot1,407,1722894404199961232,-18.936390969405938,27.822328715138106,-29.914847456589523,-0.035429301118220666,0.022793163879109186,0.5915971718139542,0.8051323013048136
robot1,408,1722894404701132575,-18.932831207819216,27.673535028893035,-28.995390331432276,-0.03339374792639689,0.018900619283978393,0.5819086100637844,0.8123484435411598
robot1,409,1722894405198645485,-18.789785164392725,27.52271270348286,-28.037112356501456,-0.032025511609183974,0.020772627805935157,0.5690617963056686,0.821408264217966
robot1,410,1722894405701877463,-18.69574025847461,27.274536821662878,-27.07853204925007,-0.03208184625001304,0.018174164566859906,0.5538303358332985,0.8318127277183627
robot1,411,1722894406200670479,-18.602218427216446,27.103541671117497,-26.08442683599745,-0.02950875848575803,0.020530767203083812,0.5399593797442443,0.8409230577150878
robot1,412,1722894406701744351,-18.578173584902576,26.891798520186587,-25.065040908391385,-0.023400319305193026,0.020850940263010456,0.5459611235540702,0.8372240529954574
robot1,413,1722894407198355170,-18.589149734074454,26.720595910648214,-24.04159119078824,-0.02201079177776499,0.025692759397080163,0.5593872195239815,0.8282157604109622
robot1,414,1722894407704231383,-18.60296005862702,26.54908625527291,-23.0272282437122,-0.01566898403522114,0.025974592197662245,0.5511402176103434,0.8338610579898144
robot1,415,1722894408204808244,-18.55990057100148,26.33859287298389,-22.035807673589,-0.018754929314703527,0.025887160970046678,0.5362699474430025,0.843440958806715
robot1,416,1722894408701105079,-18.460734232649852,26.105607110767714,-21.070094496648515,-0.019869241937510024,0.027424728822557982,0.521827078058097,0.8523787879101559
robot1,417,1722894409201060015,-18.422954646320886,25.84997775517815,-20.10699593046739,-0.016574313502499844,0.02778555496584447,0.5175595537796056,0.8550352994810311
robot1,418,1722894409704855693,-18.411432951402738,25.65864535318873,-19.09125893264265,-0.015504564810645886,0.029377678394632716,0.5157477710467893,0.8560962546013402
robot1,419,1722894410203461559,-18.362152659406533,25.429997189772877,-18.12132927570411,-0.01642144663084302,0.027433257768942777,0.5060585866041865,0.8619062938527055
robot1,420,1722894410701299721,-18.344052413850413,25.1979292158362,-17.134011126454993,-0.011637307005643305,0.029895464536096896,0.5145903925066496,0.8568357848652679
robot1,421,1722894411203544756,-18.334178072802143,24.986852508362997,-16.167011868961886,-0.019411681474822334,0.032498811183543065,0.5048549660980781,0.8623737455999486
robot1,422,1722894411702083844,-18.307192304793713,24.783740188643776,-15.2746252944545,-0.014974489813125224,0.027137458456071503,0.49484848048470786,0.8684263379040028
robot1,423,1722894412203106355,-18.256284998182846,24.573494071619734,-14.381346706712321,-0.010975921730487026,0.03124676667054848,0.48406882380444016,0.8744029634758728
robot1,424,1722894412700117791,-18.317904373389545,24.532443263278555,-13.734645448441377,-0.003730769632258497,0.03559155643834549,0.47445281404786976,0.8795532102779823
robot1,425,1722894413204784993,-18.510632375579295,24.56072893345019,-13.222892510088343,0.007768260769124793,0.03183398387857025,0.4689866786843589,0.8825971599839054
robot1,426,1722894413701188038,-18.42738037950556,24.3304635810721,-12.627153194867992,0.01967266783226419,0.011715445393960274,0.46188546880465914,0.886643980516804
robot1,427,1722894414201873996,-18.31838396819483,24.111671966740666,-12.169243096272393,0.017055448500056233,0.015205438840029369,0.4551139113273907,0.8901400081012133
robot1,428,1722894414702077799,-18.306678541796344,23.941486660022395,-11.695300030341,0.015925596880132366,0.005797795735241558,0.4460915705977132,0.8948268388745888
robot1,429,1722894415200267191,-18.144486917781776,23.632381812531285,-11.114724699089384,0.004328113979745106,0.019595564795625495,0.4389002501058462,0.8983116673664795
robot1,430,1722894415699958046,-17.91293510193644,23.311082520303458,-10.520349412139396,0.005994252005723689,0.020629160218546348,0.433808587566683,0.9007489195358321
robot1,431,1722894416200594749,-17.84909885371785,23.07536585569551,-9.793300621241546,0.0051405835667593545,0.022043307853167608,0.42884775046386375,0.9030931701112391
robot1,432,1722894416704431751,-17.765540234921243,22.793630264445223,-8.94171012632649,0.003115744290219282,0.0225016042342782,0.42584106035510144,0.9045127756201371
robot1,433,1722894417198947903,-17.636027614384723,22.519415659399677,-8.199177961232857,0.0016200901586550494,0.02363641908122924,0.416687917901807,0.9087408178768858
robot1,434,1722894417701334713,-17.494110672708956,22.244844284520198,-7.32403241727,0.002277683837330867,0.022994349631201595,0.4079056969033915,0.9127316223705266
robot1,435,1722894418203062881,-17.358951483923168,21.922799717866386,-6.422912216938726,0.00044929944795969674,0.025098239028436553,0.40848689875579125,0.9124189443849537
robot1,436,1722894418699795766,-17.322768904693696,21.672279694740098,-5.570090333789427,0.0058248490797486435,0.021316160524289512,0.4060275721306661,0.9135936203276473
robot1,437,1722894419199451947,-17.28715255302915,21.414159969948553,-4.593255143969892,0.006764836453405573,0.023718417724024988,0.46719574079420245,0.8838098287709769
robot1,438,1722894419680283157,-17.275808210895658,21.193104162042648,-3.717503925278709,0.00680352012426743,0.029622347864209888,0.4930083843831559,0.8694935086295015
robot1,439,1722894420205775951,-17.304421434537254,21.005713874712093,-2.7517527573785245,0.005521354016538067,0.027463369436209074,0.49418937739602753,0.8689028353377384
robot1,440,1722894420702136363,-17.2763846383844,20.82600538278965,-1.8548481101701702,0.004086604830971531,0.03346292080235684,0.49128581740026106,0.870345780832933
robot1,441,1722894421204728084,-17.230762063333874,20.630152184698503,-0.9982900076456787,0.004557533473886692,0.033780712885816064,0.4886183251537161,0.8718315345578742
robot1,442,1722894421701510658,-17.249038772359526,20.436054398616676,-0.12677209662987515,0.004019941402035834,0.03571339404348093,0.4836703040435275,0.874512110003893
robot1,443,1722894422202335030,-17.22538027298147,20.263133380847222,0.7610351138063111,0.006034812229715774,0.03559297730922946,0.48168879537554876,0.8755984384506802
robot1,444,1722894422704551912,-17.178957162509416,20.102811325152132,1.683440394418523,0.00583506467116232,0.03459542623661536,0.4798706940780807,0.8766374538364256
robot1,445,1722894423200967971,-17.15472855604741,19.89898966066492,2.553972636274269,0.007456243672938278,0.03630320951850209,0.47812173873006025,0.8775113015583841
robot1,446,1722894423703329401,-17.116700123942994,19.6989030305849,3.487621106454735,0.004738248531566001,0.03737757576711287,0.4764232922821068,0.8784083972741296
robot1,447,1722894424201597429,-17.032080989141026,19.47708798221873,4.408256411214585,0.005928725994215991,0.037326180095904986,0.4712110439864909,0.8812103940108145
robot1,448,1722894424704216159,-17.03662348457069,19.255403470734482,5.379883075487111,0.0028798142893575918,0.03830500908571911,0.46701713794745275,0.883413507827434
robot1,449,1722894425201588767,-17.01865284404789,19.05443075859477,6.378034097234118,0.0007987164297016359,0.040211884789108254,0.4655738579095053,0.8840946494606967
robot1,450,1722894425700470103,-16.899416958778225,18.796375769196622,7.410985455019567,0.0004924724886979458,0.042855960232355175,0.4619128775188371,0.8858891678566108
robot1,451,1722894426203370813,-16.772704516264255,18.565603621240314,8.395047995892673,0.005466159290104102,0.04206679966829823,0.4600988638978369,0.8868537314056937
robot1,452,1722894426701054180,-16.769287303896565,18.368631855994185,9.42247643954728,0.004442106675718875,0.04115956224096154,0.4788581691724267,0.8769156241858425
robot1,453,1722894427203748640,-16.744486183141902,18.189105798952376,10.457636122694808,0.006101126547230571,0.04151139270128745,0.49555500353051735,0.86756257353964
robot1,454,1722894427699397334,-16.73570012799088,18.020632140711726,11.45360325294754,0.006492268142751145,0.04669844359775047,0.5106542202407476,0.8584925003575887
robot1,455,1722894428204044853,-16.691968511034588,17.8632588907026,12.43218829061661,0.00630692427939149,0.04463748951790638,0.5140701278339027,0.8565626777443129
robot1,456,1722894428700752833,-16.669689105372317,17.6544107603459,13.479095498540284,0.008528836493182106,0.04637281420348542,0.5188669008384206,0.8535537242993286
robot1,457,1722894429202508746,-16.633749986758417,17.355609857164612,14.470926535680455,0.010586684180685882,0.03613322123167804,0.511569824859392,0.8584163481288156
robot1,458,1722894429699897880,-16.63103550626319,17.130068536663497,15.42181948111801,0.005170345519137613,0.04849507522005891,0.5026471286673017,0.8631149165951952
robot1,459,1722894430202744878,-16.73147727430143,17.07231843195263,16.31556422501164,0.0009159157127904268,0.04497553611058319,0.5004477473668946,0.8645972556082823
robot1,460,1722894430701878548,-16.776833884159174,17.015139231488035,17.080733018959954,-0.0007288834520437948,0.05067547420791877,0.5019698136116608,0.8633989641326834
robot1,461,1722894431200957742,-16.728980697041923,16.86182991340253,17.84565316576305,0.0024594098660893926,0.04309046176046271,0.5046662571195375,0.8622349635298591
robot1,462,1722894431704990872,-16.661910343741123,16.67980667502951,18.614217837237582,-0.0008282764603769765,0.039207853268912414,0.49886463547868826,0.8657922000508345
robot1,463,1722894432204018675,-16.62203043072664,16.453221778748247,19.439120299394816,-0.0010750808621203544,0.042743974118278176,0.4892117503287989,0.8711163298997149
robot1,464,1722894432701241799,-16.60221139988059,16.31048505088515,20.169707524805197,0.001915885540778784,0.04058168612794894,0.4846079785173731,0.8737874817659683
robot1,465,1722894433200508412,-16.626578700334925,16.248738029631607,20.830961266069224,0.0014420606913490503,0.042145275221328604,0.4817296198388116,0.8753046724469342
robot1,466,1722894433699447506,-16.56703418155275,16.11431760035282,21.557250705885806,0.0006325470123527907,0.04042960916731976,0.4848309917016282,0.8736726824574927
robot1,467,1722894434201090663,-16.52851515245132,15.907695067391048,22.304877624151192,0.0003197121697849843,0.041518020093456974,0.4934684684254758,0.86877213494763
robot1,468,1722894434700747183,-16.528909933328745,15.76501659887349,23.04632108342795,0.0014362248660577768,0.039618233097405954,0.49809388524818426,0.8662163784775386
robot1,469,1722894435200332818,-16.51101156508861,15.648593929576041,23.82621204057843,0.0002918633567216355,0.04143821230316884,0.49602985880551065,0.8673160718851483
robot1,470,1722894435701427461,-16.524195286308046,15.476413700239206,24.548759589484483,0.001092533042615751,0.03519867303676245,0.49364779048496094,0.8689486283649441
robot1,471,1722894436201601848,-16.532664783409057,15.297361302343079,25.305467882643818,0.001251037844152542,0.03835070917416502,0.4890756787326314,0.8713969465647485
robot1,472,1722894436701760530,-16.505076893484215,15.142068050089422,26.055155215977706,-0.003206040619235317,0.041712074249132675,0.4842317932481912,0.8739390107856633
robot1,473,1722894437200924854,-16.550905939642977,15.020964626760833,26.760275803250405,-0.0014491621407233348,0.03985483852315762,0.4784024931634577,0.8772346016376524
robot1,474,1722894437698962539,-16.518678045994037,14.872151614554971,27.53741765967121,0.0002798213484600987,0.042177255957752104,0.4750985695840739,0.8789211284063286
robot1,475,1722894438204020740,-16.518874026516915,14.692641177210241,28.246474391941472,0.0011465885355756269,0.0413488481357608,0.47321672299494705,0.8799743696099901
robot1,476,1722894438700442499,-16.518057122988445,14.539618028330302,29.006631288840424,-0.0010651676709232689,0.043168515104823064,0.4707693277478314,0.8811989473287701
robot1,477,1722894439200637761,-16.478021465987432,14.432684822862292,29.768011374021345,0.0012921411479276913,0.042175778008137495,0.470044484182477,0.8816335502975662
robot1,478,1722894439700121441,-16.447925605390328,14.28810905911757,30.52211526778156,-0.00011511481403675034,0.04171335497436449,0.46889393483254216,0.8822689276193615
robot1,479,1722894440200985148,-16.383685494215182,14.07304223013839,31.293772791189937,-0.001317986827696422,0.042200243336142015,0.46763210067820526,0.8829142771460778
robot1,480,1722894440701702903,-16.33910600003011,13.906741558130898,32.06077803859525,-0.002211372403500509,0.04335976339607603,0.46670861519468615,0.8833448416407873
robot1,481,1722894441201965851,-16.29347599376162,13.757657132971396,32.85972129696491,-0.006975002576739537,0.03907879513735111,0.46345517950391374,0.8852307573173576
robot1,482,1722894441703520773,-16.269946849676206,13.636416909531075,33.60580978779609,-0.009581520683972309,0.04501816944229969,0.46099057486680406,0.8862106119684082
robot1,483,1722894442200636798,-16.282053947255623,13.543825689016927,34.27740723132983,-0.009675881996507828,0.04358263811689169,0.458620862059915,0.8875099074634504
robot1,484,1722894442700660725,-16.31345750799358,13.449073170745418,34.91618486397958,-0.005552720568088694,0.03745837138540275,0.4605690762733694,0.8868157439333951
robot1,485,1722894443202808824,-16.269567053826986,13.304954733893576,35.51340517529587,-0.007734147337386671,0.03752298952393593,0.460229998598669,0.8869726921456034
robot1,486,1722894443701368250,-16.16857247213613,13.112193955697942,36.117554022365205,-0.007509266926903606,0.038621635136826024,0.46174441972623587,0.8861399838971605
robot1,487,1722894444205298302,-16.03521773327453,12.868933243931215,36.76715866378111,-0.007971221686171572,0.03946853463000801,0.46032508458888255,0.8868368005993141
robot1,488,1722894444703328094,-15.931295243534402,12.671528357044421,37.512722860209564,-0.009181315121295346,0.03974862081576075,0.47213614706970863,0.8805811769655644
robot1,489,1722894445201075734,-15.91010576680545,12.530279969256723,38.32595286458625,-0.010775298254034693,0.03830901202610091,0.4805943277631136,0.8760396136402974
robot1,490,1722894445702170375,-15.883770645074518,12.410416357961255,39.0425373321589,-0.013301308490208021,0.038444828806673624,0.48169715523275164,0.8753930094369891
robot1,491,1722894446205420181,-15.883503055136229,12.279517561168426,39.70328665994217,-0.013963827613129373,0.04087435924258237,0.4829350100276856,0.8745902322599185
robot1,492,1722894446701701375,-15.852388790551451,12.154248584230226,40.34400792811509,-0.014413392556776577,0.04224415465535485,0.4852714328261572,0.8732235235008887
robot1,493,1722894447203837114,-15.839250629564013,12.050669384013625,40.9494255550055,-0.01382110816914278,0.039757853271150764,0.4952628184682242,0.8677228997296069
robot1,494,1722894447700832012,-15.80035042420207,11.935235355453374,41.53168242108344,-0.007549927168685263,0.04251967031776691,0.49838271982559557,0.8658809045215502
robot1,495,1722894448200487529,-15.792045304119904,11.825497711329222,42.05716593972088,-0.0063039389859583395,0.048301844594720485,0.4967134447363039,0.8665465630767937
robot1,496,1722894448703088211,-15.760055675788829,11.70796797673666,42.566618244077716,-0.0029502447927753947,0.048004882916310825,0.4955816637912018,0.8672287136539
robot1,497,1722894449212132764,-15.702584753816858,11.600713740509642,43.1136622687294,-0.0020980502597807717,0.04902913875501211,0.49287812562714345,0.8687133560711053
robot1,498,1722894449702314643,-15.677165419391738,11.509004486012604,43.66629969389435,0.0007204824207537169,0.04997867263287304,0.4915311721796918,0.869424361265887
robot1,499,1722894450201459137,-15.672979671010609,11.397794487471456,44.18815967014771,0.005310179065532081,0.041711838842394336,0.49032615045937866,0.8705240896576987
robot1,500,1722894450701315870,-15.66146512927403,11.259602952360018,44.73047599091837,0.004159913216143382,0.041950078253253135,0.4890071588497585,0.8712605148004053
robot1,501,1722894451200946483,-15.601276142568075,11.082687524222719,45.26859236566565,0.0011394776190387283,0.04232755103245606,0.4881413298184176,0.8717368422508351
robot1,502,1722894451703740017,-15.518717559932375,10.906270675040691,45.86888766570607,-0.0011710694036941279,0.03817501174917587,0.48760465995677676,0.872228750192768
robot1,503,1722894452204138206,-15.476210342019526,10.784559548599598,46.44496585260782,-0.006910432043029388,0.040469701071822094,0.4858238529449985,0.8730919958021677
robot1,504,1722894452706041286,-15.465060868972621,10.701760701025037,47.03686086028344,-0.011966275878847254,0.04440685590597628,0.48555380668831355,0.8729961856735831
robot1,505,1722894453201797296,-15.452899921406269,10.58693800033996,47.586491867715836,-0.01596746852532512,0.04035908754833283,0.4836652635712528,0.8741762389905764
robot1,506,1722894453704195257,-15.400566604620037,10.450401796630198,48.1609489131923,-0.017151265108089203,0.04058696747677557,0.4819063149465495,0.8751141844301623
robot1,507,1722894454203920243,-15.372046846006183,10.338564859628194,48.682390183079725,-0.017168668707748705,0.040546254741184846,0.4808764628811244,0.8756820573063063
robot1,508,1722894454703670985,-15.336857422235292,10.258565926097216,49.155907311495625,-0.0162582286944662,0.03936847633010015,0.47881890934933424,0.876879835051918
robot1,509,1722894455207151016,-15.288584810114235,10.159549865817944,49.594558888968734,-0.013885421030135884,0.043020876470237814,0.47890014555657845,0.8767046537212155
robot1,510,1722894455701068605,-15.221285284304635,10.0039852567281,50.083505005206334,-0.011308820077420782,0.04125964302858871,0.4793410539855273,0.8765853674398483
robot1,511,1722894456204442032,-15.107222885408765,9.808523531381569,50.59280888172464,-0.011742436756024347,0.04247520633035792,0.4808195723700349,0.8757114312672417
robot1,512,1722894456699265923,-15.0484207821818,9.670110029628924,51.163683787225345,-0.01279908289480091,0.04242371123316224,0.4815564770628771,0.8752941057730528
robot1,513,1722894457200897525,-14.975308445670692,9.58802960806904,51.666825251752655,-0.013689127467893435,0.04567090948987106,0.4826347126007495,0.8745230185697389
robot1,514,1722894457709728572,-14.911636592173547,9.514910131012465,52.17224426496621,-0.013168660804325319,0.04476937341938269,0.4835146825765622,0.8740914376134471
robot1,515,1722894458205416971,-14.831830771175243,9.418761624193275,52.64617038218293,-0.009276518082725786,0.041847920537754935,0.48567569665625593,0.8730875187725381
robot1,516,1722894458705250774,-14.739609032923491,9.315484997791229,53.134307683280625,-0.012934262760998218,0.04698301788459431,0.49189034814072974,0.8692923479953548
robot1,517,1722894459205465309,-14.656832792063506,9.220181414060656,53.68506397160787,-0.012522152170333225,0.046641891122306094,0.5043022384599386,0.8621757256974086
robot1,518,1722894459702639084,-14.573114212760819,9.165282309954538,54.19559904967595,-0.013311891580643304,0.047965881997615055,0.5055535210780098,0.8613580585519373
robot1,519,1722894460200930940,-14.511224549425998,9.099272078788466,54.67690522684296,-0.015337001090496771,0.0493580551419224,0.5051084330975787,0.8615068366553256
robot1,520,1722894460700533158,-14.440350505509237,9.032203939585866,55.14723050629394,-0.012591927061620501,0.047195869584390995,0.5058883438299202,0.8612148261868628
robot1,521,1722894461202898821,-14.351205906965728,8.928882769018417,55.664608177659986,-0.01567339568438774,0.05195894064126485,0.5057028998575962,0.8609989490300067
robot1,522,1722894461701120545,-14.301204291263225,8.833902834809791,56.18453146583161,-0.01583573239591252,0.05171212212649224,0.5046560710074726,0.8616248232264206
robot1,523,1722894462201293782,-14.229470680385408,8.770576701968329,56.707106027971285,-0.013194506422588521,0.051375569324443496,0.5074131406853079,0.8600688115126172
robot1,524,1722894462700930229,-14.137212069937501,8.688790470576107,57.245373087049174,-0.01459428569458664,0.048965334767282376,0.5075000705425937,0.8601355016597415
robot1,525,1722894463201107299,-14.011407981555452,8.56588513132181,57.843943393303945,-0.015167613526500244,0.05081126084411331,0.5077153576472802,0.8598914320310654
robot1,526,1722894463700289272,-13.926522274738256,8.48442893780748,58.431843483682705,-0.0146944543722463,0.05241350245620816,0.5087167836333756,0.8592113429306484
robot1,527,1722894464199684958,-13.888895144671027,8.426112657558773,58.98875772388156,-0.013498852271818866,0.0516971069144312,0.5095651181066366,0.8587715531694043
robot1,528,1722894464702415964,-13.859822376849182,8.382827171867916,59.50424798639593,-0.00977746368154474,0.04990151664705091,0.5087445850307688,0.8594144442829379
robot1,529,1722894465204251857,-13.813224461089568,8.325582538345675,59.957825734780094,1.4689033105893785e-05,0.04108623446647577,0.5090610998451567,0.8597492179386018
robot1,530,1722894465706953380,-13.724238744757104,8.27034265748569,60.414960397337595,-0.01078607969139972,0.05090121668151811,0.5142193279637841,0.8560789737948865
robot1,531,1722894466201679827,-13.558573228699077,8.146480455554151,60.919621366555,-0.01453351144317525,0.051408916389662336,0.5186953314168418,0.8532883765334816
robot1,532,1722894466703149049,-13.436764390153474,8.04907857955412,61.46226171516891,-0.012802052905583934,0.05101611828001199,0.5282297714586924,0.8474708087372331
robot1,533,1722894467203935596,-13.383307889447217,7.981939712007701,62.020096402528516,-0.013031949224977425,0.05217096843301068,0.5435567599237341,0.8376481403867446
robot1,534,1722894467703240667,-13.460221803146032,8.007503267985895,62.606198100405855,-0.010856877412416095,0.05347465136881223,0.5934196902942751,0.8030415064272098
robot1,535,1722894468199505864,-13.505047771306401,8.02402543928165,63.22696120224372,-0.007978333015964635,0.05385524884816264,0.6387760791138647,0.7674640572207316
robot1,536,1722894468701536926,-13.585278388102717,8.057527578080244,63.811487604982226,-0.009537656849433522,0.05352132238512636,0.6671591637135322,0.7429287660503058
robot1,537,1722894469205509416,-13.738520020014395,8.139036027121039,64.29415965052551,-0.004587163067128062,0.05438645394740751,0.6945553431181223,0.7173659783597834
robot1,538,1722894469706917338,-13.895508799006057,8.272123364030392,64.7858028980161,-0.0038122555561495666,0.054056690062688886,0.728936021032772,0.6824335998527263
robot1,539,1722894470202714846,-14.079825068040835,8.401376591861093,65.26267708596522,-0.00066726919383264,0.052277933294512684,0.763966095654655,0.6431348047901466
robot1,540,1722894470701220984,-14.296460082929212,8.532487846903457,65.65114348564626,0.010530475036545658,0.05429287082260372,0.7917463448203643,0.6083412847546495
robot1,541,1722894471201724860,-14.547635004658858,8.690886447692348,65.99855472984548,0.031704775783051524,0.05857431202641305,0.8177178777122289,0.571752857127087
robot1,542,1722894471701504108,-14.851509145930738,8.892971995440561,66.36222244411024,0.03444305880742804,0.056734949745658854,0.8462551688960611,0.5286274778083755
robot1,543,1722894472203825625,-15.157422630631412,9.08571800320762,66.63580230851464,0.0362311541712948,0.054860617809431626,0.8835455941359807,0.4637076656298451
robot1,544,1722894472703240123,-15.399565108645744,9.277963406656497,66.69198974212222,0.038382000657916866,0.054230766002659636,0.899089732415268,0.4326933083717637
robot1,545,1722894473203607774,-15.655393385344874,9.478873748892351,66.94006290535519,0.035186463799697906,0.05709511667879196,0.906986353420231,0.4157857803318667
robot1,546,1722894473700669996,-15.758622561709714,9.572499607228144,66.99440489125995,0.03841345151421264,0.05743426730897335,0.9081411041824115,0.41292305164012993
robot1,547,1722894474201887356,-15.832162757819994,9.662174277577597,66.80629047974938,0.03917342644806773,0.05491760833340878,0.9070438321730708,0.41559714324336533
robot1,548,1722894474700378809,-15.9201741222394,9.767899757041064,66.85722142838016,0.04896431180082645,0.05446388555604951,0.9377575929399602,0.3394803060907379
robot1,549,1722894475200875534,-15.918058891322467,9.849617948115318,66.94682646832453,0.050882428478296715,0.05491423833715435,0.9579609590055536,0.2769588523971773
robot1,550,1722894475700923727,-15.988411340448975,10.0517706256892,66.95104440446315,0.049507035221522076,0.05000652857324537,0.9731102487958225,0.21932816566086677
robot1,551,1722894476205151629,-16.0960555577711,10.21720917020197,66.93294305451663,0.04952998707844525,0.04565567031564255,0.9863258054008351,0.15041192023384445
robot1,552,1722894476703532428,-16.19024561263866,10.384198773879547,66.86040844037909,0.05088696547631107,0.043762439937608553,0.9936094388598585,0.09075047440050754
robot1,553,1722894477202019162,-16.276793302016372,10.570593252034644,66.75732559066913,0.05273964424886902,0.040610332218373034,0.9974006264534834,0.02759204943121919
robot1,554,1722894477700488721,-16.320684350848442,10.715417928527067,66.62250288320911,0.053764633810058894,0.03862560873092386,0.9975343298781547,-0.023295648005081288
robot1,555,1722894478201424487,-16.354136573819233,10.867267685116094,66.45267684495659,0.05446674317866247,0.038082562896937254,0.9945755833078302,-0.0800156320889841
robot1,556,1722894478706113228,-16.462757385413163,11.064850878147102,66.31264506753462,0.056533979945733046,0.035035431574475036,0.9906241467482154,-0.11933242445058978
robot1,557,1722894479203816819,-16.7048695395948,11.404113605279282,66.25488592278167,0.057521807654941484,0.04271870267305541,0.993635393400186,-0.08691984277768096
robot1,558,1722894479700439794,-16.890330766780625,11.711157037293907,66.13140057103655,0.04660479913677131,0.04331740222641214,0.9966494042444568,-0.05139611250810349
robot1,559,1722894480205928510,-17.051216231867095,12.003172048070205,65.96711669989723,0.044321374370786,0.047798332990173456,0.9978384102698324,-0.008333194310625633
robot1,560,1722894480703077783,-17.249778050465572,12.355716062861548,65.87368202954853,0.042770147296793654,0.0493188374586315,0.9971830996888024,0.036935517689235926
robot1,561,1722894481201923703,-17.491831939457498,12.721722741990648,65.81891655966184,0.04079848544687301,0.049006429767228084,0.9952632469437459,0.0733820326081471
robot1,562,1722894481701680569,-17.702810265268216,13.053262976857106,65.84113276377302,0.037339914622346634,0.049794191394633695,0.9886291398043873,0.13688934658689741
robot1,563,1722894482202463487,-17.926577126501066,13.429370129615288,65.85218175298974,0.03672368436857911,0.050788663004524746,0.9846263637079851,0.1630423460570915
robot1,564,1722894482704437107,-18.156210062072738,13.79485275343753,65.8258895919246,0.037164762139038646,0.049078575940756125,0.9840473678835856,0.16691570207791429
robot1,565,1722894483201236307,-18.40939474010336,14.150890566397875,65.87332877875576,0.033911954952017,0.05046054313597333,0.9834922490648409,0.1704309506138362
robot1,566,1722894483699305657,-18.67003780163279,14.558565387038982,65.96723199572291,0.03073940323868901,0.05207734052303462,0.9809158520776227,0.1847894229532864
robot1,567,1722894484200941199,-18.937167665738603,14.918404768399284,66.05894713002888,0.03322597408887445,0.05300162117086335,0.9759446667574299,0.20885131128828238
robot1,568,1722894484702566739,-19.244563591450422,15.361080959231812,66.16446492188648,0.031726659818468284,0.05264557567972234,0.9701439861497307,0.23461139903172837
robot1,569,1722894485202295917,-19.593854522802772,15.82047784509142,66.34251303219975,0.031826408396474146,0.05316118322387395,0.9641437813447292,0.2580459982660177
robot1,570,1722894485703286239,-19.95391411762231,16.306296607637602,66.55213850744128,0.03396733072193086,0.052916692169156704,0.9595069273563198,0.2745769482107622
robot1,571,1722894486202146754,-20.37418573124931,16.86343643394674,66.77163326346762,0.035568343237703894,0.05222931263100696,0.957049946255229,0.28295298590804896
robot1,572,1722894486700904003,-20.80416803567448,17.4601675105935,66.85689102742202,0.03417902984745961,0.05222245822323555,0.9675681359393684,0.24477849392997125
robot1,573,1722894487205732585,-21.192405649241223,18.010153721731157,66.94391045354102,0.03398360073199506,0.052696222070410165,0.9652212911907022,0.2538032349930712
robot1,574,1722894487707569697,-21.627990852609155,18.61291191506047,67.07910188659842,0.035933869746983475,0.04870451025392025,0.9605125810204177,0.27157358006151516
robot1,575,1722894488200628868,-22.03377544555153,19.192567774963756,67.2344176877037,0.030142587694023632,0.04988827059610945,0.9528543847342907,0.2977769406060072
robot1,576,1722894488702719618,-22.476214086016064,19.786032463605846,67.38986402066507,0.03212042100431151,0.051433515048552446,0.951209601421249,0.30252795944884964
robot1,577,1722894489202979134,-22.899591744560983,20.35528323568968,67.50779011014991,0.033994497791168275,0.05026128218344859,0.9505428457373977,0.3046087261564445
robot1,578,1722894489701936951,-23.320675382956278,20.89103750594894,67.60770081609468,0.03782854178537976,0.05177783063636479,0.9480163842818239,0.311693748436187
robot1,579,1722894490201812577,-23.724766819171393,21.431973037418825,67.75403122340806,0.03586331148771843,0.05343828087509032,0.9448615177693629,0.3210839224639342
robot1,580,1722894490701855324,-24.124934439810904,21.98761893016207,67.95690942117407,0.03477351786041668,0.054361732203225405,0.9330563406359458,0.3538947155956616
robot1,581,1722894491201341798,-24.47775272493863,22.515656018287757,68.10710370049347,0.03512613086016873,0.05691107322409023,0.9235327505720478,0.3776434075898905
robot1,582,1722894491702934212,-24.930377880528134,23.149519940725714,68.3642809454238,0.03369918245969452,0.059260831119891395,0.9218562907111938,0.3814885296738644
robot1,583,1722894492202707548,-25.408129299684877,23.815996170102707,68.69754088338884,0.03330622660622909,0.06085580028929247,0.9208006102944154,0.3838144120819807
robot1,584,1722894492700763785,-25.841701543712006,24.522141373984585,68.84484196390247,0.034793452474692996,0.06131723837126368,0.9207169091499405,0.3838098294061694
robot1,585,1722894493201318042,-26.32016281772492,25.26073441392985,68.9239212037856,0.03722104616205484,0.06315751877257683,0.9233095809540653,0.3769948796250712
robot1,586,1722894493699223310,-26.744373590160308,25.939851389308647,69.10383611771165,0.04158851136643113,0.061277305142601705,0.9228315984623853,0.3780176298483227
robot1,587,1722894494201798815,-27.09715040275758,26.62513471042158,69.26687311908846,0.03430794479863458,0.06722960700942153,0.9192042639844099,0.38647983897990296
robot1,588,1722894494700397044,-27.47248720373857,27.306159195232702,69.42689386821546,0.03860400420469662,0.06597126834781566,0.9168333824928528,0.3918852783132564
robot1,589,1722894495204891765,-27.876605373904965,27.988278302044204,69.62675998550046,0.03644958089448258,0.0681826341046642,0.919403107929346,0.38564294572703556
robot1,590,1722894495703160412,-28.292364461927797,28.65807189097826,69.76950753515284,0.040060412269817124,0.06560317106652726,0.924365962287728,0.3736829606480216
robot1,591,1722894496200497498,-28.744201895004643,29.327392903191136,69.84552634652313,0.04478019707817022,0.06544670995014604,0.9388501395459707,0.3350699592336693
robot1,592,1722894496701583653,-29.209642924860734,30.010719447911328,69.90740613562033,0.04532082510209857,0.06349081567563702,0.9397153726901509,0.33294137241670374
robot1,593,1722894497205252170,-29.65408404166124,30.762278666386873,70.00822392237004,0.044450116186894074,0.062306216505579486,0.9398972868973335,0.3327690079300701
robot1,594,1722894497704525699,-30.049315526624117,31.44108335515541,70.075733519704,0.04323338137813434,0.05867782489939946,0.9403547639630726,0.332296111159373
robot1,595,1722894498202639452,-30.41947382585943,32.07811116608415,70.09273085851217,0.04081727069536188,0.05836881802983407,0.9360248167136495,0.3446513803700203
robot1,596,1722894498704118388,-30.741538439173365,32.71431448943686,70.20851677182044,0.04031911960105601,0.05982138444942471,0.9233591746404336,0.37709893286044605
robot1,597,1722894499203370758,-31.07438585102325,33.28383032099141,70.35593950518201,0.04696097982722933,0.06349760816543344,0.9183768925344075,0.38774553948405543
robot1,598,1722894499700881288,-31.46275404462462,33.88049122641998,70.612039467233,0.04744968132113614,0.06116926710606224,0.9149365109778208,0.3961035589135269
robot1,599,1722894500200950951,-31.882111767905112,34.55499503710476,70.77606725034889,0.03932336117410949,0.060735939727045295,0.915914649847359,0.39479763561403575
robot1,600,1722894500701659830,-32.229288127379675,35.18830826161589,70.94811180559934,0.04669106884428086,0.06640621054465265,0.9190712513076796,0.38563998017712586
robot1,601,1722894501200615247,-32.57796829396887,35.80688657027843,71.13670043774212,0.0391148688698183,0.0690495651331263,0.9182687926299083,0.3879234577468005
robot1,602,1722894501701004481,-32.99962924652856,36.474726164149786,71.32425675246726,0.04434347411115055,0.06128518815293284,0.9216782269732647,0.3805089065189308
robot1,603,1722894502206601558,-33.33849711902047,37.11200338835339,71.40365410403368,0.03681461374088901,0.05665148371298266,0.9215771411957873,0.38227067168908846
robot1,604,1722894502700149619,-33.65248319079488,37.717637849649314,71.60804065349029,0.039343675947726704,0.0568607603226311,0.9222357832674201,0.3803946492257491
robot1,605,1722894503200971825,-33.999683985871066,38.26744878558158,71.76091780582537,0.03665066737163387,0.05236728169579747,0.9244142355608251,0.37599563492346855
robot1,606,1722894503700726380,-34.2113250396106,38.824782493501054,71.85385756889902,0.04828712564657007,0.05584549275926068,0.9235375755358818,0.3763349319536695
robot1,607,1722894504201983026,-34.53202331361186,39.4281852496186,71.91952307314736,0.03679927527981671,0.060822809166733036,0.9222558587786891,0.37998753949613967
robot1,608,1722894504702512064,-34.95589616630622,40.08342391699219,72.38636279499396,0.03445621889334199,0.06537193062048544,0.9146634999578032,0.3974040280513857
robot1,609,1722894505202440965,-35.38275139200364,40.71434134494625,72.74066497842337,0.050590603748352905,0.060900419533659614,0.905111745499193,0.4177373072546973
robot1,610,1722894505703487313,-35.866986940580084,41.41989525337713,72.74171224618851,0.03400652287749722,0.06996319775766965,0.9080406862566852,0.411595456077678
robot1,611,1722894506206962680,-36.327832837005836,42.113512979938584,72.820978875924,0.036218226209358925,0.06616117094764745,0.9060476756824021,0.4163995064113318
robot1,612,1722894506704418805,-36.716278041204625,42.75030346933991,73.11044071087471,0.03701417143498731,0.06682931905910801,0.9091787491907997,0.40933824063594426
robot1,613,1722894507205006354,-37.13443750700126,43.48520978929806,73.20804982564526,0.03644521359917003,0.06567851503392427,0.9184625437966404,0.3883099724591863
robot1,614,1722894507701197079,-37.5089803393289,44.1715913635308,73.31536415050256,0.03768510890059725,0.06572824345053957,0.9208164210396018,0.38256600649283445
robot1,615,1722894508202543569,-37.919074438637786,44.79842743581192,73.43641120376623,0.036566933602442536,0.06496530696838086,0.922829453531543,0.37792614086894305
robot1,616,1722894508699198562,-38.35499359916529,45.40020590384127,73.66048676099537,0.040815380563599866,0.06384233091091018,0.9258684108706698,0.37017015985237267
robot1,617,1722894509203827297,-38.739761919233494,46.035150751615426,73.83551323029761,0.04205053336266395,0.06110297923402914,0.9326924427531104,0.3529631507733875
robot1,618,1722894509700160752,-39.2242913197746,46.65201126509192,73.95255188783936,0.04025123399818556,0.05849841646884305,0.9372130417306563,0.34145202861050916
robot1,619,1722894510200726707,-39.68825869134034,47.30307251457302,74.1613749188255,0.04026340378930344,0.0600898511782684,0.9411932215946225,0.3300354340446022
robot1,620,1722894510699155782,-40.117208902559334,47.94776721021766,74.33287018187384,0.03665925321038105,0.058610515692481734,0.9421568189244504,0.3279656005718875
robot1,621,1722894511199413663,-40.59055755365188,48.57485127404222,74.44682266910448,0.033344871466095535,0.05636584951548797,0.9449183737385803,0.3206871957633224
robot1,622,1722894511703020102,-41.07713222713842,49.13551697243801,74.49478551380774,0.03813486554810487,0.053194318211028276,0.9486071214168033,0.30961367175403975
robot1,623,1722894512201490732,-41.54864632436352,49.71249957499038,74.64841375752455,0.03636399158542409,0.05169123053306998,0.9506924682106079,0.3036272512301464
robot1,624,1722894512701326305,-41.991569448612125,50.30098070175305,74.7783878738463,0.035027670696345416,0.05064721184130582,0.9565271832854976,0.28506783377680944
robot1,625,1722894513203962651,-42.48051862450272,50.92173412716397,74.94357767227052,0.03203015588736061,0.049262401381563216,0.9609793493358781,0.27030718650073915
robot1,626,1722894513702146523,-42.95791299978276,51.525982078841004,75.08398522895911,0.02788212721231326,0.04903983585101796,0.9684112760078042,0.24289356101543372
robot1,627,1722894514204527160,-43.408258012040015,52.12340299600911,75.14800854898087,0.031565233274123944,0.045159173410622734,0.9700841959998637,0.23643379152844782
robot1,628,1722894514705244093,-43.89854068800595,52.69290137319323,75.23395775418943,0.031228632540634738,0.045766257188152255,0.9713175413534626,0.23124112106564074
robot1,629,1722894515204398826,-44.35873894024458,53.24195858904488,75.40713470946669,0.028208913183136602,0.04682267561816321,0.9731576033955921,0.2235535130977145
robot1,630,1722894515702222811,-44.779371849463345,53.81211401017119,75.51394352631249,0.026885316495273086,0.04511272938041169,0.9747577075021879,0.21700099785456708
robot1,631,1722894516204741942,-45.27531866882027,54.405565278033954,75.65623010104345,0.026993747305615226,0.04271910496878302,0.9754355252215737,0.2144107082511957
robot1,632,1722894516707584888,-45.80691067905922,54.89780899743289,75.77584370364349,0.02475423783672015,0.04092986357813529,0.9746013167947616,0.2187789918582561
robot1,633,1722894517208371842,-46.30181063936084,55.42304251150207,76.06585686386997,0.02709065840060656,0.043805971089060036,0.970015697313571,0.2375219570684629
robot1,634,1722894517704389544,-46.75717459349304,55.97026397732934,76.35274710721433,0.024822660047011093,0.043769601586731696,0.9693185371733446,0.24060264133474665
robot1,635,1722894518206183133,-47.16662557850902,56.62607055308658,76.55011238476776,0.024015634240908825,0.04598577083556022,0.9706800124590382,0.2347101864112159
robot1,636,1722894518705371548,-47.55675181176784,57.28967816989243,76.73551602869293,0.024433844177610877,0.04605278992201202,0.9715590073606764,0.23098749536596222
robot1,637,1722894519201328252,-47.961531535547394,57.90652798074572,76.97061215816413,0.020089629170314545,0.047720033972876046,0.9716173481038337,0.23082229966166748
robot1,638,1722894519701830239,-48.41900642596614,58.50974107088501,77.10460779100326,0.022810376850296903,0.0470000409709582,0.9753234581811815,0.21451068686239572
robot1,639,1722894520201130065,-48.85155031635508,59.045999481144115,77.19500797747497,0.024480925039278303,0.04473630245941498,0.9782700615080524,0.20096525647114313
robot1,640,1722894520701907843,-49.303770454703056,59.54435621402406,77.28592197414646,0.02675110912129523,0.0445141663637562,0.9789874644045973,0.19719637849711597
robot1,641,1722894521202801947,-49.81024716737035,60.08263798966359,77.4530517999314,0.025693064283381944,0.04548767937503947,0.9807540289604735,0.18812833957328834
robot1,642,1722894521704663111,-50.28205120654556,60.580748241617314,77.61446073866472,0.02288062974733351,0.04574395920211786,0.980762890090755,0.18838290899046573
robot1,643,1722894522200146603,-50.80411937452725,61.15510177724828,77.83668598694572,0.021326159889428382,0.045264759441592875,0.9804279113834412,0.19041377848613955
robot1,644,1722894522701128438,-51.289614189312594,61.83410010773101,78.04526453851345,0.023441256245752735,0.04565223781369893,0.9794507823668804,0.19504498355284175
robot1,645,1722894523199050023,-51.8009618679799,62.54156472254534,78.29969037660408,0.02221486936531572,0.04594731724822258,0.9792621025400545,0.19606396442387078
robot1,646,1722894523703827665,-52.39670942056469,63.25240154473518,78.42226609922726,0.024026151266005238,0.04672630153097254,0.9772532438983614,0.20546409440753732
robot1,647,1722894524201384527,-52.959393969590884,63.97266223748516,78.47771625056244,0.024685127603610833,0.04723197028222443,0.9750138551000554,0.21565659698089554
robot1,648,1722894524702651113,-53.39677703140995,64.56102405230466,78.5517327223496,0.023450074189496718,0.05212451485506804,0.9702188528238976,0.23539011575831056
robot1,649,1722894525203653156,-53.87700389058784,65.25080102493185,78.67936275989493,0.016820449935120947,0.05242063364472071,0.9662340312470886,0.251716003647496
robot1,650,1722894525703120217,-54.34622967278504,65.93520398556326,78.80402454491741,0.01871019535925825,0.049211788695612664,0.9652127779599682,0.2561101749360959
robot1,651,1722894526201057361,-54.790174986343295,66.61827673040095,78.90111807611038,0.01766616367929983,0.04958688201958732,0.9644698813623576,0.25889553054719167
robot1,652,1722894526700037548,-55.17667163626154,67.25120359884596,78.97889414952901,0.016364314266941234,0.04991649178236721,0.9636147657188684,0.2620823083599577
robot1,653,1722894527199001972,-55.56011761956429,67.94034991100422,79.05613565485952,0.017804500676119883,0.048406507260482186,0.9599881700204688,0.2752499286671416
robot1,654,1722894527704130057,-55.9898196668765,68.57878691110172,79.21601703319229,0.02016883603499597,0.04971091130433794,0.9582265592254797,0.28093398609848524
robot1,655,1722894528208626701,-56.48728392816753,69.2411132959742,79.40248077989183,0.021242457511064336,0.0479982330523041,0.9609716529130995,0.27162181414645786
robot1,656,1722894528711843864,-56.93337195979977,69.88886568084011,79.59307913052513,0.017632392671276514,0.047556018522703816,0.9618731360721025,0.26875191893970307
robot1,657,1722894529202393454,-57.261704150938506,70.38784708449256,79.71509380821998,0.020301163633491177,0.044951089668113633,0.944241579369266,0.32553817300434934
robot1,658,1722894529701744122,-57.47207741348509,70.725208141871,79.9023842679878,0.014965126060061647,0.044822472422894596,0.9131716816820509,0.40482646991257953
robot1,659,1722894530202843423,-57.76975114841635,71.04806590889118,80.17569063349904,0.011944074441783024,0.041582236472998184,0.9097916667077184,0.4128042876289256
robot1,660,1722894530701696254,-58.14893992732153,71.4603600815718,80.33747671873708,0.011438191053721543,0.04240118550088135,0.9091505168984847,0.4141456807413988
robot1,661,1722894531204203463,-58.54056659184118,71.84636679115548,80.53472795805278,0.007156950507458539,0.047496071633071485,0.8989607265169062,0.4353877736214649
robot1,662,1722894531701341865,-58.88640967862375,72.18681326074532,80.92759079541241,0.021735657683898547,0.04442083781526529,0.8829529597362109,0.4668494631526349
robot1,663,1722894532201130177,-59.147781333620024,72.47400137377731,81.29607741351656,0.022065091863673107,0.042088250623513936,0.8378855460573192,0.5437734110718617
robot1,664,1722894532704343255,-59.39591718467968,72.73645630575855,81.78243898353475,0.016365204663590722,0.03847594459210681,0.8003385264107784,0.5980886430176446
robot1,665,1722894533205216219,-59.52669479128524,72.99824085154573,82.4360125724353,0.017363108240672765,0.03868934358793349,0.7650221786659888,0.6426061961373399
robot1,666,1722894533698872129,-59.71024056403731,73.14878131706044,82.86313288131082,0.012663435731588213,0.040204986350860554,0.730255704632046,0.6818722771313944
robot1,667,1722894534214086841,-59.93005503702317,73.27790572341064,83.39421912088991,0.0061594707207066465,0.04422333752135167,0.7150399182029815,0.6976562711788571
robot1,668,1722894534707004729,-60.07412005353118,73.3261356644279,83.97851434344312,0.005978184645439672,0.042478179117515676,0.6959854819673242,0.7167733773640848
robot1,669,1722894535203136242,-60.2115039652309,73.39510879071847,84.579056329096,0.009915335000874114,0.03753410055785835,0.6820349734914724,0.7302884172445977
robot1,670,1722894535700031771,-60.36367861256668,73.41070239853215,85.13771348406172,0.013042021166513283,0.03262097396927493,0.6534763317039457,0.7561312463084321
robot1,671,1722894536203567449,-60.479173689982154,73.42766609634067,85.6379527622325,0.015128800830670128,0.026209881931523907,0.627683034699748,0.7778805624417393
robot1,672,1722894536700315045,-60.507970533366716,73.36742750970876,86.15005466529006,0.0034532165523462597,0.037762159054888784,0.5849767718259593,0.810163113862286
robot1,673,1722894537200515950,-60.51851860557049,73.31683248916211,86.64547743657513,0.002967962767366405,0.040576632266302363,0.5639664524607365,0.8247948645631766
robot1,674,1722894537701392565,-60.546729479476255,73.27156043931456,87.1545463144355,-0.0029018659841909657,0.04346784952066952,0.5491517278599555,0.8345864275317947
robot1,675,1722894538200807390,-60.50173507539967,73.13647610925649,87.74349902115755,-0.008382765502075343,0.04952762933355891,0.5272071420329222,0.8482507722157481
robot1,676,1722894538703907877,-60.465004668553014,73.00589231095618,88.2703482386968,-0.007156723851582184,0.04747703230094137,0.5190467666911649,0.8533962542073026
robot1,677,1722894539201184564,-60.397006613779254,72.86648419782314,88.9278368338276,-0.00947682902736457,0.0479297563288461,0.5097026679412818,0.85896223343252
robot1,678,1722894539700633574,-60.39014504209505,72.74936540697553,89.52829905291566,-0.010496932854850807,0.046340040295823004,0.5007943510933979,0.8642612064526353
robot1,679,1722894540201753461,-60.41875675869596,72.61683409001294,90.10278815969261,-0.010304819040079544,0.0406656986986951,0.4869913536731965,0.872398723693155
robot1,680,1722894540699586021,-60.402628202181596,72.4630846918954,90.71524114383374,-0.011118838229571822,0.04431866610336206,0.48078773579904893,0.8756456934037119
robot1,681,1722894541201907136,-60.348715116395695,72.2810804502362,91.31048387334539,-0.010946305018647004,0.04088031107200961,0.4734630646332122,0.879796399743271
robot1,682,1722894541704329106,-60.27064452381903,72.18457880191696,91.93217094363209,-0.012854228078487715,0.04121733721969401,0.46689281876162403,0.8832593026523127
robot1,683,1722894542201775097,-60.18616773660953,72.0602872228511,92.53903527084181,-0.01395303895721902,0.03931760339330977,0.45908721704079397,0.8874110467630002
robot1,684,1722894542700693265,-60.148706112790336,71.89416772950388,93.14178315521652,-0.013438052843862177,0.03951852240527681,0.4569160993298688,0.8885299000573063
robot1,685,1722894543200216541,-60.16690120399278,71.78594682143158,93.69567208150391,-0.012498456010072084,0.037075303998419795,0.47151150865661573,0.8809915479930277
robot1,686,1722894543704990674,-60.12569249438139,71.6348177276721,94.21493287446813,-0.012713809684063146,0.036196460025816196,0.46156123157872925,0.8862784014227378
robot1,687,1722894544201278706,-60.085060728503514,71.4817341129832,94.7850064565733,-0.012681315558254006,0.035970905269503445,0.4723691681042094,0.8805751797741868
robot1,688,1722894544702431538,-60.05216953463919,71.31957052564626,95.36194799665613,-0.011848377789647205,0.037205375350415716,0.486161950947342,0.8729959527053163
robot1,689,1722894545201033029,-60.03755890262205,71.1972205311191,95.91201662240292,-0.009975303819932411,0.035937040298511726,0.4959059738165114,0.8675749463771881
robot1,690,1722894545701484342,-60.01133527582136,71.06743769795453,96.4375235356477,-0.012434572349534797,0.04112338513530567,0.4931371527613208,0.868890094990129
robot1,691,1722894546201529813,-59.9893387192715,70.8891452434274,96.9705157597143,-0.008308343239454475,0.03488322021641141,0.4905154820584063,0.8706943747612925
robot1,692,1722894546701762183,-59.976105521477365,70.75814102266217,97.50017369298035,-0.00765966688853256,0.036339716304311286,0.4937269634196063,0.8688235955097753
robot1,693,1722894547199167757,-59.977758507739054,70.64778806186301,98.10182449724095,-0.00875052340254596,0.037245028852248285,0.49790654877980495,0.8663863484890331
robot1,694,1722894547702665089,-59.92182972324096,70.51276899360435,98.69425804146624,-0.009350936975757151,0.03395156448873097,0.49982200738865723,0.8654119320742095
robot1,695,1722894548200639197,-59.860601258284746,70.3363441876311,99.3618059376597,-0.007350562841860921,0.03382708468719555,0.49875800590670694,0.8660497382433866
robot1,696,1722894548700143065,-59.8049413920691,70.11220878673677,100.04938676014625,-0.005816863789614402,0.03137109492022228,0.4879496908956789,0.8722884371891966
robot1,697,1722894549202930027,-59.740482881796254,69.85126677567364,100.79013035477396,-0.0061614455513778555,0.0314335440157139,0.48089454958861577,0.8761931300091846
robot1,698,1722894549700743387,-59.723977427668885,69.69004050434025,101.53261599330025,-0.005216809949796042,0.03063395788860004,0.47835396856110424,0.8776171296641089
robot1,699,1722894550200390027,-59.770109334101626,69.57947063388404,102.22680605396761,-0.004222352013711884,0.027425899975644204,0.4767408956688242,0.8786057763017983
robot1,700,1722894550704367695,-59.71790123113729,69.36761420967254,102.99141813503758,-0.005724105608463998,0.028841438915469073,0.4710071616041597,0.8816391890869311
robot1,701,1722894551201257786,-59.707067347035306,69.21076097734891,103.72425786511238,-0.006446745324834997,0.02962737995898577,0.4696347963687633,0.8823399661531561
robot1,702,1722894551701370074,-59.75579664361466,69.10236643354713,104.46716679108191,-0.007219892731509406,0.030384991955665366,0.474763490931932,0.8795591242724533
robot1,703,1722894552201312253,-59.75366012085285,68.97728157301108,105.12912420747627,-0.006468022944580436,0.028946410953830277,0.4776319076313761,0.8780592410449838
robot1,704,1722894552700953757,-59.75245879983212,68.83570428503101,105.79770278977925,-0.005779136568820859,0.029234954532574436,0.48497714778785167,0.8740189272192895
robot1,705,1722894553203939960,-59.71767104719933,68.70063928506272,106.48081065318615,-0.006093329118233013,0.029939214534902742,0.49085422194727696,0.8707058329710576
robot1,706,1722894553700735810,-59.64423449629938,68.52388195953885,107.08759619204102,-0.0045157033903167375,0.02900425689076828,0.4950848752586414,0.8683486211166807
robot1,707,1722894554200786843,-59.52547812215464,68.32971954463258,107.78018782825332,-0.004163553858098632,0.029481151569212154,0.4892909440769658,0.8716122409453044
robot1,708,1722894554710023620,-59.436603540936254,68.08479407625127,108.52755155716747,-0.0043172937584979995,0.030835214816774464,0.48552107448676574,0.8736703249687622
robot1,709,1722894555202288783,-59.39448337420274,67.90656060796235,109.22153135253893,-0.004973091367751734,0.030242062433162836,0.4868355111875766,0.872955824236695
robot1,710,1722894555701431825,-59.390592734601455,67.75267084318052,109.9115128942025,-0.004854132382715654,0.02805649576371456,0.4823444961543405,0.8755187362209259
robot1,711,1722894556200594413,-59.31311009522561,67.55183662697121,110.6321964389478,-0.0043649942954830726,0.028501813468213334,0.4772345259180018,0.8783027955811387
robot1,712,1722894556701715118,-59.19235267268402,67.33011730648143,111.3848138605774,-0.004852936496612926,0.03314868395472435,0.4702018048076313,0.8819228291154935
robot1,713,1722894557201561526,-59.11504658600113,67.1523273613578,112.10498365507749,-0.004411872863504641,0.032627755986381,0.46662731382857,0.8838410009194316
robot1,714,1722894557707193422,-59.04162049056306,66.99367919097273,112.82664701585736,-0.004538872854887689,0.03216904794500426,0.46320722117185614,0.8856543463686984
robot1,715,1722894558213775237,-59.00251853301255,66.83922622076956,113.56582987092783,-0.004267287978017819,0.03291356034300733,0.46951603336501907,0.8822999389164877
robot1,716,1722894558701270045,-58.9514804005455,66.68054603518321,114.28027279962203,-0.0036389416588995115,0.03179275825597525,0.4724058362228191,0.8808000366307323
robot1,717,1722894559202971218,-58.931877137650964,66.52404643962508,115.03842543494194,-0.0034127489360527186,0.0327633434537692,0.4790524366789426,0.8771679881199482
robot1,718,1722894559701000591,-58.88662905599774,66.35064676009024,115.75493801649151,-0.0035372822511563376,0.034687745586570264,0.4708208439979,0.8815395514652206
robot1,719,1722894560199851074,-58.84303647531107,66.19993403581965,116.54563320499537,-0.0040349926498580765,0.035718349688124075,0.4734939695249886,0.8800632813345537
robot1,720,1722894560700890531,-58.76655477912411,66.01911655666574,117.32549037106298,-0.0050028617081395495,0.03657958770990024,0.4754104260169651,0.878989096617285
robot1,721,1722894561199351945,-58.74785468612119,65.81729832301026,118.12414167324071,-0.004863385660446314,0.03628404726929873,0.4717197580221653,0.8809882435567383
robot1,722,1722894561700021355,-58.72517276796545,65.62566213042167,118.94246067064135,-0.004103776402698633,0.03308624447061919,0.46738375698210827,0.8834256523077405
robot1,723,1722894562200716120,-58.7295902041864,65.47892560322899,119.77555248205616,-0.005301781737561685,0.03701943430722299,0.46418994137961744,0.884945846318275
robot1,724,1722894562700252177,-58.69511218756757,65.3385566916228,120.55833678211484,-0.006168650584238139,0.03754635376091414,0.4543214099116401,0.890024873565413
robot1,725,1722894563201995928,-58.69984469980496,65.152927434093,121.39949751365174,-0.006652936689198225,0.03554811368214086,0.4513134125960966,0.8916323646312513
robot1,726,1722894563701032208,-58.65282695047669,64.93246249062078,122.254741309898,-0.010170010842155278,0.03614160572520386,0.4504148365557252,0.8920296128635831
robot1,727,1722894564202059952,-58.67295952409254,64.79990272187494,123.03313255509849,-0.008022936056065426,0.03299369329416534,0.4527683424542801,0.8909814121355477
robot1,728,1722894564703112032,-58.71141874238625,64.68362155549593,123.829317778473,-0.008994427568619621,0.03219997245919262,0.45737552303908174,0.8886449757755155
robot1,729,1722894565201788848,-58.70486789042674,64.57939262871675,124.58564334100517,-0.012250677530666769,0.035052680038392264,0.45298280587114925,0.8907456472569857
robot1,730,1722894565703266830,-58.7269688421006,64.5242812991081,125.21615402347119,-0.00881447761735835,0.032036911202131584,0.4561913181710672,0.8892611666604496
robot1,731,1722894566201140621,-58.705174230105435,64.3443360680343,125.9239702472961,-0.010049228317745119,0.031452010030056564,0.4530040349089195,0.8908968113263879
robot1,732,1722894566700986589,-58.62932027425787,64.14090647230276,126.68195894828476,-0.0101562777478702,0.032673275621602736,0.45128762765258906,0.891722369468301
robot1,733,1722894567201463275,-58.580083816247175,63.95410935809063,127.43313285926872,-0.010442089172591955,0.03222685955297085,0.45145530292014957,0.8916504369775976
robot1,734,1722894567704161549,-58.60474465014451,63.813542738258114,128.13131694241665,-0.009813643930394994,0.030895624933441168,0.4463328522724253,0.8942796753449902
robot1,735,1722894568205280339,-58.60563599185627,63.661612358994915,128.84246044873845,-0.009530109618767737,0.030624013829469186,0.44142804971330357,0.8967232704206667
robot1,736,1722894568701500304,-58.56943778181851,63.44624650348464,129.6150769797557,-0.011001003468558116,0.031946882811967926,0.44454462643281806,0.8951192377057872
robot1,737,1722894569201512420,-58.54295478169299,63.282249079284526,130.32573401457535,-0.013473280042489886,0.030891201826738567,0.4517613290594221,0.8915020504413105
robot1,738,1722894569699047548,-58.55248697314842,63.197101520257675,130.96573878726858,-0.013552215319318519,0.03067700208467716,0.4570195719762875,0.888824150118372
robot1,739,1722894570198988950,-58.54042037899871,63.0735754637508,131.60883013340222,-0.012313496011786709,0.02900434351865025,0.45433893371600137,0.890271452526041
robot1,740,1722894570703801530,-58.505542611159576,62.89052995762493,132.26899393033491,-0.01160248149811795,0.028409425095370776,0.4531234661539699,0.8909194191448788
robot1,741,1722894571207079156,-58.469587121954454,62.703449813448906,132.95982439723986,-0.010187642397095256,0.028831284297031724,0.45155461454544454,0.8917193499475536
robot1,742,1722894571705289101,-58.449724717405445,62.55191428582976,133.62038779599962,-0.00816383052376192,0.023232678761175046,0.45079511264446187,0.8922877119654995
robot1,743,1722894572206061029,-58.47378877986866,62.50109963550031,134.20101386883638,-0.007810832385461805,0.01918540823712196,0.4414912197783746,0.8970264287448972
robot1,744,1722894572702206586,-58.48317605728683,62.4142766428095,134.7717212983444,-0.010429225402756752,0.019854803298124616,0.4362192281236711,0.8995608945806169
robot1,745,1722894573204004795,-58.45713387580342,62.27063203199406,135.36182544717792,-0.010420689125622667,0.01945783033706129,0.43043409016093603,0.9023520909844718
robot1,746,1722894573703373502,-58.41898371630239,62.1241544728546,135.93803615716254,-0.011572303569493795,0.021315292386661824,0.4221363434946437,0.9062078390753078
robot1,747,1722894574205243286,-58.3942605060697,62.00076717394031,136.553954650057,-0.010979980172062679,0.02375188229805003,0.4305112784314956,0.9022058120329308
robot1,748,1722894574700499775,-58.36246574910781,61.838435382566104,137.18281197223894,-0.008984793041940537,0.022085607774641,0.4501951230508143,0.8926118140627988
robot1,749,1722894575201267584,-58.36713945323544,61.738117384642315,137.76792364926754,-0.005033931860828072,0.01939333838873131,0.45732061302429233,0.8890761580760369
robot1,750,1722894575702901735,-58.35325265780316,61.60336597063841,138.40915087335807,-0.006953005788349241,0.02418299390334577,0.46430368178684495,0.8853185469623678
robot1,751,1722894576199291952,-58.33076765499276,61.458311592600985,139.0481188367473,-0.007376254267100768,0.02423473495970619,0.46693427276192434,0.8839290997668945
robot1,752,1722894576701320843,-58.27906794982649,61.306020739055455,139.71022970316358,-0.00984531107582262,0.03143828524585305,0.46173876350065524,0.8864039814618989
robot1,753,1722894577200196092,-58.286277455211135,61.20326400721028,140.32270669645783,-0.0016439326777499242,0.027542691724095406,0.4636299478296723,0.8855992147091131
robot1,754,1722894577700320087,-58.331131096419455,61.156632685007835,140.91495162590468,0.0013993796273400394,0.02662140388672685,0.46428302275956385,0.8852856134429163
robot1,755,1722894578204354425,-58.361161073371164,61.07728019210521,141.50356835624365,0.0018873261975803357,0.02692396531989304,0.4687762057427306,0.8829045288255838
robot1,756,1722894578700750635,-58.34151696970629,60.939064944481466,142.10667365684537,-0.0008902632605411854,0.026625691085179377,0.46701293894706775,0.8838490792333191
robot1,757,1722894579202420928,-58.30891854461744,60.808066503871714,142.71336998022292,-0.0030121794270499503,0.03036839295473734,0.4650033732115549,0.8847827701680913
robot1,758,1722894579700603688,-58.22273246528163,60.66017855788741,143.31060656168142,0.0007152288746794269,0.024733880372849158,0.4656733750454431,0.8846106665551488
robot1,759,1722894580201418317,-58.191706627220796,60.54838251523032,143.94709722090053,0.0010471558848308673,0.024509805214589373,0.4663882766052347,0.8842398703734721
robot1,760,1722894580701616216,-58.212395787699684,60.42659332771099,144.56878244884757,-0.002764715157596246,0.021738833377978807,0.4630776421790506,0.886046768961635
robot1,761,1722894581199296001,-58.18281384855563,60.296373480806096,145.245060073281,-0.002348964515472261,0.022534694159247304,0.4573643140777349,0.8889907503079305
robot1,762,1722894581703480881,-58.167678569352745,60.202116887613656,145.8656441680864,-0.00400002785076611,0.026756065405466566,0.4518085042040493,0.8917046530494898
robot1,763,1722894582205690096,-58.23646102505131,60.200115542260384,146.39173953977723,-0.0033182365363425654,0.024137579752533583,0.44673292585233737,0.8943355407839885
robot1,764,1722894582701499915,-58.17960490311881,60.051608213517454,146.97754843890658,-0.0031494569576430427,0.02200810220843112,0.44256061798077345,0.8964629516999189
robot1,765,1722894583203640599,-58.106303283897205,59.79462926212216,147.58320837380927,-0.0018918458402409743,0.02157091800303079,0.43906022714173254,0.8981966562830623
robot1,766,1722894583703526887,-58.04124018847474,59.62889338020122,148.23128144690935,-0.0030552488475790694,0.021055796586972673,0.4332878404226526,0.901004420758545
robot1,767,1722894584204143868,-58.05531541018604,59.48856663148803,148.90116095275042,-0.004320020360770246,0.021381984027631373,0.4283322626752145,0.9033579694310865
robot1,768,1722894584700950445,-57.998456029871754,59.2795187178839,149.61121025215508,-0.004201933035363717,0.02343855782161026,0.4244567602492999,0.9051350376848074
robot1,769,1722894585164523321,-57.96858855321567,59.1311015777272,150.21800907345997,-0.0025833810089583584,0.023356829688208045,0.42421416432389775,0.9052569400101033
robot1,770,1722894585706478564,-58.01012983144037,58.96559608394002,151.05610793358,-0.003089462451448868,0.020284883547974194,0.43174136678469166,0.9017640328423464
robot1,771,1722894586200916055,-57.98452637548495,58.83784652080105,151.75209835519667,-0.005782606418328077,0.02714671035490672,0.4359862261182998,0.8995252237792115
robot1,772,1722894586699211498,-58.027454201010855,58.76645063233208,152.40692982897085,-0.006242604813737411,0.021661677713247635,0.43600209029466813,0.8996632585931622
robot1,773,1722894587203841126,-58.03648008443749,58.66656959554744,153.06616655484868,-0.007472123671630198,0.019777749605685572,0.4364803490376926,0.8994653483555132
robot1,774,1722894587701947278,-58.01201319510329,58.553713875701966,153.66308850403763,-0.003456465186229945,0.014231335788291222,0.43725672000565474,0.8992174835600082
robot1,775,1722894588201890383,-57.961242446862705,58.36028488317837,154.30775739615166,-0.007065758954762978,0.021930139745207675,0.43631104787060626,0.899500869108642
robot1,776,1722894588701304622,-57.8789952700445,58.202752755749174,154.9989311162656,-0.003380108664801471,0.019693547680331235,0.4363248808200689,0.8995673056656347
robot1,777,1722894589202864763,-57.89821457250468,58.07688605541512,155.68712393832575,-0.006525973803795854,0.018726296567049997,0.4345742754717058,0.9004176456406421
robot1,778,1722894589701401813,-57.84077461926165,57.92574386808178,156.34138255795457,-0.007559469393921745,0.01955211836256837,0.4320147631618852,0.9016228776490749
robot1,779,1722894590200427129,-57.76332559080681,57.747323376812844,157.00460954607,-0.00904157263789014,0.02158875504006258,0.43231527390493674,0.9014187038044824
robot1,780,1722894590704310402,-57.74158788229786,57.59555699615366,157.64733437720687,-0.007013498243449382,0.02111715278014905,0.4299729066108684,0.90256754665867
robot1,781,1722894591200430717,-57.70653395136083,57.439915666821996,158.29376738468193,-0.00817722309603418,0.024468229679407174,0.4268939679563846,0.9039336142003165
robot1,782,1722894591705354147,-57.685568190454894,57.27305636938776,158.94396237708466,-0.011017066519889129,0.024318179430387412,0.42547064498561155,0.9045783441195215
robot1,783,1722894592209691437,-57.675237243856444,57.112236751432285,159.56693909398817,-0.009007672293850525,0.021718340192839775,0.4228690265709599,0.9058857333604738
robot1,784,1722894592701576680,-57.64760125546295,56.972893441640046,160.17831214739513,-0.006207314964614944,0.021623606924421137,0.4267721435398993,0.904079325260161
robot1,785,1722894593202243400,-57.6219101347421,56.819450706245256,160.78140453438465,-0.0014942442498766628,0.01996826101205447,0.43301122048665247,0.901166088309439
robot1,786,1722894593700791344,-57.55662798766769,56.63419565368106,161.41429293135147,-0.003299898371074811,0.02625878604103169,0.43630128833750303,0.8994113478389224
robot1,787,1722894594202799523,-57.508039110134554,56.50161140818222,162.0488667818974,-0.008954022583513284,0.029557061464022382,0.4322302301227869,0.9012342835052318
robot1,788,1722894594699719770,-57.48769041109414,56.3792697449171,162.67669492900936,-0.0015952235947148169,0.022859835127261634,0.4290795660555665,0.9029759737629812
robot1,789,1722894595203828561,-57.51749307982484,56.24591215631936,163.27036555706408,-0.004914818988548373,0.027657833770106045,0.42642712267479604,0.9040856142162363
robot1,790,1722894595701149908,-57.492653399780004,56.08975661450126,163.8141798786702,-0.002171841154193582,0.022322611436025715,0.4213425866383516,0.9066241827844547
robot1,791,1722894596209478135,-57.38209952811129,55.86265712873154,164.4583033825025,-0.00566173343388518,0.02604422583707099,0.4147922993602927,0.9095256958802608
robot1,792,1722894596707576672,-57.35801517717403,55.72507462783884,165.048064691941,-0.0021139930873599654,0.026136941024695392,0.42835584920600517,0.9032295709276242
robot1,793,1722894597201611277,-57.437978189747334,55.69356302961315,165.60130503577412,-0.002906650071748283,0.027974951671037855,0.4296508303427699,0.902556988477809
robot1,794,1722894597701437414,-57.46427182718068,55.63844162906345,166.1214463455487,-0.002549213964859178,0.025163756146601535,0.43405960534303095,0.9005290366746693
robot1,795,1722894598202156294,-57.362422612541955,55.50697004337856,166.6226634789503,-0.0013372865895439285,0.026208143011989028,0.4363010079696302,0.8994180203604579
robot1,796,1722894598698864538,-57.295450825036,55.287700645390096,167.22206433564168,-0.0014274809678186896,0.027266503573619448,0.43765633909863505,0.898727672283288
robot1,797,1722894599202443918,-57.22467887869386,55.13610503386752,167.83812607314843,-0.0027623288711125086,0.023958602755518428,0.4415089343081999,0.8969326707279922
robot1,798,1722894599705240409,-57.21165811933755,55.0360687052267,168.44703812895983,-0.005848103615931007,0.02546883548146228,0.43964112546745787,0.8977933052217657
robot1,799,1722894600201031840,-57.20542329143147,54.9028525096483,169.10018256095233,-0.0016173804191124109,0.0223752452116174,0.4392602989307517,0.8980796859218934
robot1,800,1722894600703098431,-57.17575832147179,54.74827880572212,169.72372452625024,-0.0053215372953122906,0.026464131340362216,0.4374134606072488,0.8988552694804685
robot1,801,1722894601199391983,-57.16832805919045,54.65080209899872,170.3800616116273,-0.0050675532710125325,0.022898864971173136,0.43352655021804354,0.900835552219671
robot1,802,1722894601700644101,-57.15596414206413,54.5478637701772,170.9682070350063,-0.0030725781099535327,0.024278566734716952,0.4302975345057527,0.9023553303767518
robot1,803,1722894602200741030,-57.1702334816322,54.46162252211926,171.5097855894099,-0.00016008490407513884,0.021856560490751912,0.42650159014916084,0.9042226820515922
robot1,804,1722894602702931249,-57.140145375488494,54.333117326999194,172.09555678111562,-0.004932511915113047,0.03543967211584488,0.4249964629844503,0.9044875380110196
robot1,805,1722894603201877733,-57.08072760991908,54.18904278999075,172.65818472340985,-0.004103054490446639,0.02870212488395118,0.4233376709811099,0.9055079068121294
robot1,806,1722894603700917570,-57.054454598135486,54.04205755585938,173.265828055763,-0.003976921312252768,0.026112248189137804,0.42012313674296453,0.907082622788375
robot1,807,1722894604199591872,-57.06632039309442,53.93223743445082,173.82904215905998,-0.002267813848545934,0.022853013030776075,0.418496778450696,0.9079278843840808
robot1,808,1722894604700184654,-57.07676848192895,53.85438454186283,174.4123477652687,-0.0043013016770155465,0.02796216998316242,0.4161131554813714,0.9088726300692809
robot1,809,1722894605203074174,-57.074594668898925,53.73883235395817,174.93982335715538,-0.001430105821090292,0.021646899228740378,0.41471514752411487,0.9096926475272694
robot1,810,1722894605699794482,-57.009623758425334,53.57022170456881,175.49630407153182,-0.004146119131736369,0.02147623988247916,0.4158494182784348,0.9091704142426451
robot1,811,1722894606199603219,-56.93904914164064,53.379249332447095,176.0593620886811,-0.006365595582423715,0.021422875672205858,0.41568845910044816,0.9092324480359846
robot1,812,1722894606701140589,-56.8907524691357,53.246856718535945,176.6069734580166,-0.007566507419619491,0.02287981503017869,0.4153990773193103,0.9093200034046975
robot1,813,1722894607218338459,-56.876170683443085,53.13898208274307,177.2383264690851,-0.007889887405594386,0.026693075782671306,0.4148301036102471,0.9094730422176895
robot1,814,1722894607703391221,-56.892967159227425,53.06994633468905,177.76172011397406,-0.007888140509943924,0.024880821644948148,0.4152207362344312,0.9093461728926474
robot1,815,1722894608202343300,-56.874011581860245,52.954817106894865,178.2569610582082,-0.005761970402414566,0.02656535530152845,0.41535066806626436,0.9092551369839453
robot1,816,1722894608703814343,-56.80337953446852,52.84653453195454,178.7503416888298,-0.0062364594418533245,0.030008113246825837,0.41097789064338475,0.911129954021549
robot1,817,1722894609204106208,-56.732399899802466,52.73261051378367,179.30140667498452,-0.006334006084803706,0.026792717400891407,0.41120654671498824,0.911126339538007
robot1,818,1722894609701231935,-56.71255786617083,52.601489582687535,179.83380828701848,-0.005074599958774555,0.026107803613624973,0.40776409825735915,0.9126998801348084
robot1,819,1722894610200872974,-56.741991231023,52.47759610501646,180.39556491464677,-0.00565453843612174,0.027125447812610247,0.4008957788499268,0.9157045433852287
robot1,820,1722894610701648182,-56.79737413943715,52.35795090638029,180.91394710513438,-0.006355644524882597,0.027638576681714225,0.40213344992402295,0.9151417394665624
robot1,821,1722894611203823194,-56.865847934022575,52.26283643694543,181.40816307118544,-0.005196978747736615,0.02221609496190292,0.4022508184677238,0.9152451669244616
robot1,822,1722894611701300210,-56.84649491798806,52.115152785428336,181.9192642347057,-0.002815796920086352,0.02117349532923538,0.40092857190197306,0.9158602702464455
robot1,823,1722894612202929254,-56.90445607166776,52.041726195274535,182.33374499749965,0.0006477802917741977,0.01490542711848939,0.39945430504909657,0.9166316963758412
robot1,824,1722894612701457427,-56.95425696729493,51.95882833542629,182.77428567060923,0.0007411227319408563,0.022625217930761315,0.39773337127063657,0.9172217374377778
robot1,825,1722894613202585954,-56.928615248303316,51.787220613751714,183.2328040206992,-0.000656522001530137,0.024164690570621393,0.38992475272766597,0.9205293715676627
robot1,826,1722894613698898811,-56.87512133937193,51.60109219926589,183.69211889748237,0.0016104460217547846,0.028488197315084847,0.379408994294339,0.9247889727531932
robot1,827,1722894614200757708,-56.89258695731368,51.4988602447292,184.1784253273539,0.0009406868504948866,0.02628170579851372,0.3614587773196572,0.9320171346853812
robot1,828,1722894614704978933,-56.89497702362109,51.49542998515123,184.56932169364745,0.0028421161315383783,0.026584872761326695,0.35159432738179475,0.9357705893375269
robot1,829,1722894615202642225,-57.00663071191958,51.64627818527797,184.77138552103182,0.0027787069113283966,0.0257533908105248,0.345685341300651,0.9379929032031713
robot1,830,1722894615704292370,-57.04036576448185,51.73464621078614,184.92793978230907,0.003636570864685493,0.026858046731765697,0.3413908437311466,0.9395305809257282
robot1,831,1722894616201011655,-56.99373867656523,51.74156680439997,184.98726515795408,0.005674047601207002,0.025733679149445014,0.3378898999333234,0.9408166657028888
robot1,832,1722894616702181312,-56.822626401793514,51.63758189882083,185.0834320590867,0.008266734121245432,0.025388253090359178,0.3335778217897932,0.9423443821246908
robot1,833,1722894617203139258,-56.766320971561136,51.634212544180954,185.06787311878787,0.008879751846686,0.025053491546555666,0.3297718669893825,0.9436863823913137
robot1,834,1722894617704230401,-56.804581562734406,51.71284944127668,185.08095773652613,0.009080070793372967,0.024722280950234404,0.3254768253926552,0.9451831554102751
robot1,835,1722894618203045275,-56.75145267262664,51.72790730450665,185.02845669022943,0.00971456722851099,0.024767116890505352,0.3227087331316547,0.9461243526434869
robot1,836,1722894618700865452,-56.68270644845927,51.72484070661849,184.9816610185476,0.010128236466125751,0.024778766263596756,0.3194124629737197,0.947237620697997
robot1,837,1722894619201098811,-56.61568532578692,51.728510425641225,184.93680182552,0.010399910190271009,0.02469453677424124,0.3157496288417373,0.9484641235217309
robot1,838,1722894619706604992,-56.54940629347789,51.71708703214424,184.90953418194158,0.01104429937372274,0.023479332218357036,0.310308928638396,0.9502815968002404
robot1,839,1722894620202840474,-56.396614894025504,51.60294127713546,184.9773315526969,0.012413202324767362,0.021745138992723845,0.2922830079704659,0.9560040295887712
robot1,840,1722894620701144896,-56.20646841281183,51.424452172999786,185.09475701712535,0.012083112210359341,0.02054322816468885,0.2539255584931932,0.96693008274632
robot1,841,1722894621203417461,-55.93036842008322,51.14172126064268,185.29343074079847,-0.0033704036240908954,0.01835490591823509,0.18183718847855834,0.9831515522514098
robot1,842,1722894621701235272,-55.928797701303964,51.153554182709165,185.43632430410608,0.0005809914589724782,0.0204893494054572,0.13119363927952918,0.9911448320111741
robot1,843,1722894622203552939,-55.99059661051823,51.2402348771354,185.65604248506446,-0.0012648373222173682,0.018447307118003162,0.09321458696879546,0.995474328058177
robot1,844,1722894622701066238,-56.00080045017508,51.17954718350656,185.74198902076523,-0.0023681222775823675,0.016243775514400576,0.019167681534982998,0.999681515152946
robot1,845,1722894623199119072,-55.948973941205466,51.03894368594793,185.7618725249755,-0.008677071387626599,0.008233299017399866,-0.07663347932892518,0.9969875781901032
robot1,846,1722894623701119218,-55.84800773880411,50.84586320391679,185.6775733996312,-0.02203639321897864,-0.00409355493250974,-0.23220903255431546,0.9724076333421606
robot1,847,1722894624199874752,-55.776327337679206,50.70720089347717,185.56806434416612,-0.028915273941660977,-0.012609899295540104,-0.3635407336015531,0.9310440550183862
robot1,848,1722894624701484813,-55.70170204857398,50.54830621190107,185.46608701822456,-0.038616569322085896,-0.02182039093338219,-0.4649993864001442,0.8841991866999178
robot1,849,1722894625201388406,-55.46512835021467,50.161508058656146,185.26342388440005,-0.04243653960019661,-0.031335240514873776,-0.48075267063170185,0.8752680232300973
robot1,850,1722894625700664111,-55.135621135508416,49.60752221784197,184.91427939073884,-0.03997936543368957,-0.029349593049492785,-0.4985742076096799,0.8654270686971425
robot1,851,1722894626200931543,-54.76887538217026,48.969560467796015,184.686509414248,-0.04216794886891362,-0.0333385521514034,-0.5040997528167945,0.8619709068400646
robot1,852,1722894626700596619,-54.417099463767414,48.266604584860175,184.64998532799106,-0.04074186921419576,-0.02472552883736402,-0.509048197516956,0.8594176405691148
robot1,853,1722894627200934523,-54.149577126985264,47.65474791752863,184.8772429363537,-0.0401492672592376,-0.025628186364586695,-0.5115964775747217,0.8579045847501606
robot1,854,1722894627703590444,-54.14972563707835,47.464767575548684,185.32498301599645,-0.0408061513512424,-0.027320477130436695,-0.5154014289500659,0.8555406574660814
robot1,855,1722894628200863450,-54.21346338110742,47.51136771082908,185.72117982051734,-0.03954025738201624,-0.025290760041588485,-0.5054126358860788,0.8616002628767988
robot1,856,1722894628700919722,-54.338002280358516,47.525556853990274,186.16621657092847,-0.040403979251351516,-0.03253284731836565,-0.4879477959626227,0.8713300641669809
robot1,857,1722894629199483136,-54.46981417552889,47.586687664540065,186.371355720124,-0.038306570059509146,-0.026395660771119593,-0.4689969393124045,0.8819737789176776
robot1,858,1722894629699244370,-54.64606167173533,47.913169666054145,186.45673734474758,-0.036417166994453014,-0.028037526614403802,-0.45243584004336224,0.8906118670294607
robot1,859,1722894630201227421,-54.79432138487159,48.556404675536996,186.2933428636171,-0.03494726570447987,-0.030776687300431472,-0.4382536029085457,0.8976442857147093
robot1,860,1722894630699309733,-54.960062798198265,49.564250536874965,186.0346988042336,-0.035742949945331705,-0.025361298835183163,-0.42540484156037384,0.903941351431381
robot1,861,1722894631202728414,-55.19666901349353,50.62634073195432,185.93736079335105,-0.025155463916732998,-0.014334956145921401,-0.4161640743880244,0.9088284628334367
robot1,862,1722894631705389759,-55.342205658554626,51.3118018620278,185.95605486373353,-0.016576604907838223,0.003200067962863297,-0.4195038930655709,0.9075965289915958
robot1,863,1722894632201255227,-55.3445749604868,51.394272969092114,185.74960367627077,-0.015763278159445324,0.005219664862353883,-0.41508285186748217,0.9096320686112328
robot1,864,1722894632701534969,-54.984322641627934,51.392816517510354,185.7652236462556,-0.019232062551870342,-0.0007097196528814618,-0.3234333520148513,0.9460552261218437
robot1,865,1722894633205555968,-54.61822804071457,51.17246332036143,186.1335480296568,-0.02282324985821954,0.0038642877274524755,-0.12768927404086844,0.9915440564297608
robot1,866,1722894633704752849,-54.35279695965794,50.97162727664886,186.78447198806495,-0.02462043452180486,0.01395002039229285,0.0583646021980839,0.997894184944111
robot1,867,1722894634202747008,-54.12261962454768,50.87510378877068,187.3707860295816,-0.02369193096758779,0.01948269327569848,0.18400115197921169,0.9824472978944343
robot1,868,1722894634701436139,-53.848369932297615,50.68915379148248,187.84143986245178,-0.024358299549259804,0.011722535902071585,0.16916355515975975,0.9852172080312057
robot1,869,1722894635207629119,-53.511852716331866,50.41384269368113,188.12887835986922,-0.036729265903108425,0.00487187895643144,0.050573894238416094,0.9980328186203168
robot1,870,1722894635700719806,-53.20556978791609,50.24590848273734,188.26487804823495,-0.04325448122047285,0.00040329065981588725,-0.040700099633018655,0.9982346362959231
robot1,871,1722894636201213966,-52.873775870160664,49.93887761521562,188.3262717031973,-0.04433510270241345,-0.004375726174030093,-0.17985661483429635,0.9826834942081625
robot1,872,1722894636702923390,-52.52254589963277,49.686706577170476,188.36203893768902,-0.04265445714366716,-0.012702188335849466,-0.2850655397508559,0.957474224062357
robot1,873,1722894637203050513,-52.13588661065003,49.30069136842036,188.48997870007673,-0.041170974061739425,-0.014399163173379548,-0.29692613250873506,0.9539038142434064
robot1,874,1722894637708232401,-51.71994185063149,48.601054866137304,188.57845098679616,-0.03626557919660846,-0.01294606129362189,-0.3104661482817299,0.9498041787829864
robot1,875,1722894638201495113,-51.27306705943418,47.723758222166396,188.64326555690153,-0.037656688034128714,-0.015491444268602335,-0.3271892918289533,0.9440811174434329
robot1,876,1722894638699949141,-50.802033769143094,46.75942477179068,188.65650480730858,-0.02696356943374971,-0.012121685781746976,-0.35148547190458557,0.9357264523872406
robot1,877,1722894639205112526,-50.39571007597144,45.852535982055684,188.67337017072614,-0.02787397454007685,-0.0221235091111449,-0.3793137618907599,0.9245835072767783
robot1,878,1722894639703964878,-50.01112143098166,44.88446666365369,188.78244429165787,-0.027712207991710223,-0.023706417329060356,-0.3387966617470393,0.9401525734127982
robot1,879,1722894640202558750,-49.756287207034376,43.89709325682648,188.75441847913888,-0.023101702777125727,-0.014664882768498111,-0.3291197200523659,0.9438916581975051
robot1,880,1722894640700648600,-49.49305306972344,42.9885818676354,188.69207654995142,-0.020544534316813703,-0.014382050956961455,-0.3275285974726024,0.944508388823311
robot1,881,1722894641199861766,-49.18353299638481,42.02825023271077,188.64975223023495,-0.021635174590931124,-0.02104905083410992,-0.32733781805967577,0.944425121196664
robot1,882,1722894641701552637,-48.889667550809044,41.05900264281091,188.53287706000395,-0.020089769737032463,-0.020449012874444086,-0.34799691366605995,0.9370573019315684
robot1,883,1722894642204333918,-48.535447762993364,40.09446376290732,188.26171407415663,-0.019878704011131922,-0.020520949721024192,-0.3644811888179756,0.930772362474961
robot1,884,1722894642699527541,-48.19248192664949,39.17530264220736,188.10550246195203,-0.01708978668022244,-0.017314814173956354,-0.32335643507832323,0.9459644561476842
robot1,885,1722894643203066648,-47.80190838284792,38.19376088275727,187.95497954489107,-0.01725579692241861,-0.0161057297952489,-0.31924469219981016,0.9473783137915831
robot1,886,1722894643700211139,-47.43944579211924,37.19721216494173,187.826728609766,-0.016583066330871893,-0.01938028684838027,-0.3039431323385388,0.952348664459072
robot1,887,1722894644203246288,-47.040456910518174,36.30390193462661,187.7055584951122,-0.016998780746168913,-0.020087618631301297,-0.29980382453066917,0.9536378745769543
robot1,888,1722894644702926943,-46.67821735579077,35.39374272017129,187.57576328890954,-0.014870864879204325,-0.017520140108434768,-0.2971149007772585,0.9545651563955417
robot1,889,1722894645204245849,-46.31211438860565,34.524144630494234,187.4254561429792,-0.011554312348828847,-0.014163974154560874,-0.29424158199923894,0.9555562626684416
robot1,890,1722894645701728226,-45.970405151050976,33.688823421659244,187.26779339789647,-0.011992129233101301,-0.014676799062343444,-0.3076800297528567,0.9513010983369153
robot1,891,1722894646203124616,-45.538051680060995,32.89666842647277,187.0372380904959,-0.013554255278731695,-0.01816975714436626,-0.3165934456739007,0.9482904261066231
robot1,892,1722894646703658104,-45.15056567508888,32.07568452184701,186.8252536302631,-0.012065665194109685,-0.013498710313429318,-0.33050987254299763,0.9436288617326779
robot1,893,1722894647203003203,-44.74799439777096,31.288226028672213,186.6346575840494,-0.012473412881286013,-0.017891198623526467,-0.30549346855692855,0.9519443574348049
robot1,894,1722894647703562504,-44.33520380051702,30.51879658216057,186.51164604800462,-0.012783219254094898,-0.014582088945003938,-0.3053720871641,0.952035629778919
robot1,895,1722894648203913160,-43.93746931192832,29.717356895165864,186.31376204211725,-0.011162875003517496,-0.012731551251854272,-0.30189474983812886,0.9531908821660805
robot1,896,1722894648701408827,-43.443360676859704,29.00305460290435,186.19833265143703,-0.01343077456987255,-0.014798042031451627,-0.2918112767419512,0.9562671232520342
robot1,897,1722894649200914637,-42.97967583098351,28.151428718063983,186.090219723538,-0.012411270828634266,-0.012488915312995102,-0.29120367202771374,0.9564990375051607
robot1,898,1722894649704275888,-42.63156407041797,27.295083609625195,185.92079060924297,-0.011420041545217233,-0.007981499617125642,-0.28781210239959154,0.957585542929348
robot1,899,1722894650201398680,-42.3339423755383,26.473551628289187,185.75799273729976,-0.014873088362835869,-0.012043070150201654,-0.28255737817275534,0.9590594787311406
robot1,900,1722894650704126459,-41.96199088338589,25.690861631653192,185.57058003909015,-0.014703993045704723,-0.009454286953961685,-0.27140955735536876,0.9623051809186453
robot1,901,1722894651205906894,-41.66336870595213,24.97593296734508,185.43850112036208,-0.016491644119390844,-0.004135472999787454,-0.25964823464442094,0.9655535810007352
robot1,902,1722894651700945256,-41.441805468961526,24.055682231998478,185.2909064402362,-0.018206934643868584,-0.003961085494009614,-0.2445675155154606,0.9694532209896349
robot1,903,1722894652199663116,-41.294810442148794,23.151878115257446,185.16538463443766,-0.018147335295033894,-0.00609726030358447,-0.23020150494002828,0.9729546570944743
robot1,904,1722894652702887233,-40.60424031983596,22.242317742185282,185.09089848711236,-0.018744756244352675,-0.005889308687604929,-0.22108063990373175,0.9750575884614602
robot1,905,1722894653200979765,-40.23765887348902,21.44447934616334,184.9470307432771,-0.020343648256376065,-0.003032795480227554,-0.2204344057415228,0.9751849111284371
robot1,906,1722894653701672390,-39.81920760259566,20.65132316124366,184.78994781002925,-0.02002172694761754,-0.0060006017992794165,-0.20569448084375744,0.978393021121113
robot1,907,1722894654201277595,-39.39781924508994,19.989084814026363,184.56659814895298,-0.01786374861271969,-0.0030202219385700156,-0.19220090380079294,0.9811883495655161
robot1,908,1722894654702496269,-38.93795566050012,19.307589209392678,184.37957901457287,-0.017230201589162983,-0.003677167240559298,-0.17988388966872454,0.9835300630036338
robot1,909,1722894655207692997,-38.47152218225312,18.615774116663463,184.20837516628183,-0.019211129117502043,-0.006873633196214709,-0.17244767480775638,0.9848073340192551
robot1,910,1722894655702645532,-37.94265879049359,17.904370718489908,184.04779371244723,-0.015883580235661058,-0.007094207833978384,-0.16556125650704162,0.9860460711538357
robot1,911,1722894656201156927,-37.40038814312526,17.262602177599245,183.90328428266554,-0.013349439390180658,-0.004267482861779516,-0.15592492021214233,0.9876694792868864
robot1,912,1722894656713704366,-36.87894354602027,16.525102520109346,183.78191750063172,-0.01199990480926144,-0.0053905310402097605,-0.1517611370275795,0.9883296523669465
robot1,913,1722894657205324687,-36.332368985760475,15.897575677124859,183.64039058295313,-0.009538711574756437,-0.005691779595346165,-0.14092308910434373,0.9899582312319146
robot1,914,1722894657700961359,-35.81536242301395,15.249176460793384,183.50889755628418,-0.010501718809339953,-0.004205886607413335,-0.13769695529607848,0.9904098004977965
robot1,915,1722894658201649795,-35.27989449623152,14.621687191747835,183.4233504445299,-0.010656334091070259,-0.0053282986568289085,-0.1355965172931134,0.9906925033910076
robot1,916,1722894658700150481,-34.69998231314441,14.008332433260975,183.30700311371308,-0.01134273372757888,-0.005653233861853069,-0.13568271196122483,0.9906712799982321
robot1,917,1722894659205585160,-34.079998133848804,13.31698289063084,183.21417616496996,-0.01331971575153168,-0.004305912257625653,-0.13641806312492996,0.9905524500727715
robot1,918,1722894659700919331,-33.539655163284145,12.628955151272372,183.14563275497704,-0.014230285006375222,-0.00612673987908642,-0.13915033251086367,0.9901500628739098
robot1,919,1722894660201964048,-33.01270689750744,11.903542063361574,182.94548071236838,-0.015214395148531555,-0.006520348181692924,-0.14445121320404983,0.9893734655041705
robot1,920,1722894660700735796,-32.519680229375275,11.235108357781105,182.74788533485628,-0.015326288994315698,-0.00604090958354639,-0.15171467534150482,0.9882870380426366
robot1,921,1722894661201856709,-32.00388837145749,10.520400848090235,182.5421051547321,-0.01311607592452878,-0.0035701740835029634,-0.15975464176703327,0.9870631574743545
robot1,922,1722894661702573347,-31.500789693649658,9.90233096933321,182.34933147691572,-0.014092665242237566,-0.0009577263393955792,-0.16901509548014115,0.9855122409419722
robot1,923,1722894662203389548,-31.013252151485535,9.370667820777996,182.1731106338699,-0.015453865428407798,0.00022742682028066157,-0.17923716064924583,0.9836844852709422
robot1,924,1722894662712489216,-30.531176770758755,8.841719398959226,182.01040637138593,-0.018155058628784086,-0.00016171788842442376,-0.1902660592583421,0.9815646664320242
robot1,925,1722894663202836460,-30.118849971580737,8.280467741259992,181.95182678749788,-0.021912080622486722,0.0027935545791384743,-0.19456758915880407,0.9806403571261677
robot1,926,1722894663703381940,-29.63649010696075,7.583156379164254,181.83801589308015,-0.018563997266076927,0.006604419315679635,-0.20527444362746802,0.9785060870758246
robot1,927,1722894664199558535,-29.184477855752483,7.00337276111007,181.683219564636,-0.0201567075114535,0.008290443314594042,-0.2047918735853373,0.9785628565428756
robot1,928,1722894664701691157,-28.80673531867822,6.376544943941148,181.4945688100958,-0.023401848477924304,0.010995389302221211,-0.21648239160001825,0.9759440706459798
robot1,929,1722894665203709463,-28.424820557925397,5.823418121193925,181.385055803792,-0.026998398425256646,0.014640375422879997,-0.22982431789060195,0.9727474126391022
robot1,930,1722894665700872846,-28.02096448601549,5.222456789854941,181.26102760094872,-0.02993353334925979,0.014052544948530017,-0.2433549770942173,0.9693734392302954
robot1,931,1722894666202082751,-27.70528640662721,4.609678457013192,181.16965654850117,-0.0342121978618191,0.01639003208827142,-0.2584072143615174,0.9652909426341522
robot1,932,1722894666700336944,-27.366160565108856,3.94473672661826,181.03615755327527,-0.035060071353664415,0.016972657935098546,-0.26089490985381236,0.964581031480334
robot1,933,1722894667199848573,-27.022156330087448,3.2938531274602196,180.9168612504953,-0.030833779267865593,0.021077256679011076,-0.2642692258014748,0.9637254814526992
robot1,934,1722894667702731949,-26.686880602805264,2.721273818587884,180.7459583472384,-0.0330650390516469,0.018721638451165288,-0.2693521203477409,0.9622918677357681
robot1,935,1722894668200700736,-26.348039999824568,2.152565716552067,180.54845848705259,-0.03273655024414109,0.01554381740132092,-0.2666986879075404,0.9630983947069498
robot1,936,1722894668701356875,-26.060121996023433,1.6540962650202842,180.3269354049105,-0.031608263856148844,0.01875641855213022,-0.2653434779276025,0.9634531400853813
robot1,937,1722894669199346888,-25.816894043610837,1.1163694560178437,180.19541722598564,-0.031866295518623654,0.01822267565171776,-0.262730343808697,0.9641707523795647
robot1,938,1722894669702642595,-25.472696010412673,0.5799583295836355,180.0871251300406,-0.03165657813417454,0.019770612360222997,-0.26105079262367115,0.9646032695457183
robot1,939,1722894670198955627,-25.153371027117096,0.14073633930317245,179.96492624775863,-0.03204656340659753,0.019331659983706496,-0.2600806298822823,0.9648613219816289
robot1,940,1722894670701661944,-24.80392007759292,-0.2972876365436886,179.8853980625346,-0.03149033923415176,0.01664070951709803,-0.2588912082868008,0.9652495985979409
robot1,941,1722894671203662564,-24.438329188045405,-0.7754427929796357,179.80528574985487,-0.03371540119344163,0.015944839314068333,-0.2598184129301639,0.9649370062983721
robot1,942,1722894671700186900,-24.091949609894584,-1.2609675599151786,179.69305354970916,-0.03333687761714752,0.014660074700000622,-0.2607397992219778,0.9647219764793442
robot1,943,1722894672203152483,-23.714428587865264,-1.692711519460142,179.5968373620203,-0.030855027332353426,0.01953630270751146,-0.2624243953083679,0.9642612389346975
robot1,944,1722894672698634077,-23.358173345427772,-2.0985580181832284,179.48689440347286,-0.0313617028117652,0.01896563601962072,-0.2647454540113772,0.9636216025118093
robot1,945,1722894673199256262,-23.123404135484527,-2.532261015089335,179.30028774651538,-0.030892306084133455,0.0187099929773045,-0.26666010347074237,0.9631136956790546
robot1,946,1722894673701785551,-22.904787606316454,-2.87864762124852,179.13733110737365,-0.03358235603865813,0.01916671120270132,-0.27020064223086177,0.9620272737727319
robot1,947,1722894674200549175,-22.59387245718483,-3.293926830421568,179.0076716337232,-0.03209103938840933,0.019238455438498173,-0.2688691653584104,0.962449696837598
robot1,948,1722894674702465091,-22.215214232333203,-3.744130252004307,178.87039419556865,-0.03059820904585541,0.019763274532929125,-0.267816107331555,0.9627812291671952
robot1,949,1722894675204638630,-21.81968744338872,-4.228278019702434,178.75663541909245,-0.0321604260935342,0.01984714470957782,-0.2677729872918601,0.9627405803834971
robot1,950,1722894675703485223,-21.472535790050227,-4.684488597123731,178.63959237980407,-0.03500257719110206,0.015073870741783027,-0.26877621478264735,0.9624484112813285
robot1,951,1722894676200660455,-21.14080863783516,-5.115049115018807,178.47428184090325,-0.03363330781438397,0.019101851725300514,-0.27019400876970423,0.9620286469181074
robot1,952,1722894676704603903,-20.77974573649966,-5.5696600606023985,178.33965604540037,-0.0322564066616188,0.02009941613856055,-0.27269808531282086,0.9613486838639197
robot1,953,1722894677205424357,-20.454186189337324,-6.056034728920551,178.29598422590564,-0.033508013417311855,0.01941642909029792,-0.27590054329589464,0.9604056984041883
robot1,954,1722894677700824524,-20.131707609611745,-6.532156721318384,178.22311333197177,-0.03322893841604962,0.020246789085150065,-0.2798931561280855,0.9592422667585822
robot1,955,1722894678202958214,-19.730945490494094,-6.984756190676238,178.0351751103251,-0.030827749980023453,0.02092992794161373,-0.2792045509427611,0.9595084192858232
robot1,956,1722894678701048390,-19.369337256983485,-7.390327230100023,177.85368756080743,-0.03076711371559555,0.019490076985612604,-0.2777178786842496,0.9599720316091647
robot1,957,1722894679202491135,-18.99812679875275,-7.827239024917896,177.67483868706418,-0.031376297464487106,0.01793434689424127,-0.27905423955460024,0.9595950284080784
robot1,958,1722894679702730543,-18.596795316535317,-8.259533641678779,177.50892394086537,-0.032054952870250404,0.019450920592774527,-0.28109987131286324,0.9589457774204292
robot1,959,1722894680201769778,-18.23832469152174,-8.683348119697172,177.34251376210605,-0.03188978541174983,0.018840582646583146,-0.283028298596233,0.958396085251631
robot1,960,1722894680701973947,-18.04440790780783,-9.095491587064132,177.2037405425918,-0.02969985434042717,0.014421501019601225,-0.2805722097707704,0.9592649133919398
robot1,961,1722894681203543483,-17.78409405984391,-9.606233722527724,177.10355679083145,-0.02921714409139307,0.016955936885158583,-0.2800467165382545,0.9593918340551121
robot1,962,1722894681702145755,-17.52978236053605,-10.006126720270874,176.96584007244377,-0.027224250568817113,0.013628314949848874,-0.2776227711465563,0.9602076370001963
robot1,963,1722894682205235915,-17.22078880189179,-10.376263834080298,176.8337745033291,-0.02938130817989694,0.016443250714113268,-0.27824212308693386,0.9599206629590105
robot1,964,1722894682701664532,-16.977525272655367,-10.756492584586505,176.6438998777908,-0.029054060310584225,0.018110051781674828,-0.27782558395320456,0.9600212666941264
robot1,965,1722894683201779703,-16.7323430366365,-11.094790435293463,176.50260521714935,-0.028848028212367854,0.018881706811110986,-0.27913501871379254,0.9596326973086153
robot1,966,1722894683700874742,-16.508989431504947,-11.53510578418283,176.3467427037952,-0.03046505284511602,0.01028350273574346,-0.28058637185156754,0.9592900593969491
robot1,967,1722894684208665046,-16.28115688201918,-11.914848650867405,176.21493585393134,-0.028139243730232452,0.013269818782743602,-0.2830885109437475,0.9585890620299272
robot1,968,1722894684699461330,-16.053073921055272,-12.189970261269067,176.01269410148808,-0.026867122611287493,0.013107986058545277,-0.2858009922025547,0.9578225990652519
robot1,969,1722894685204104482,-15.840340278827929,-12.465844488418234,175.81654787891492,-0.028684277381767705,0.0055500947554469595,-0.28771227547809786,0.9572711503113976
robot1,970,1722894685705435133,-15.634423205842232,-12.813923053093303,175.70401183189063,-0.028939351449895512,0.008055042356795133,-0.29087513332590165,0.9562893322854379
robot1,971,1722894686200442356,-15.389427766269023,-13.03565242636677,175.60168262612387,-0.029547610108155105,0.008529688890142268,-0.2947916728445177,0.9550665174561742
robot1,972,1722894686701762871,-15.1530157290698,-13.145881980170183,175.35062536344805,-0.03191847608194402,0.006314874417081055,-0.34453709653049464,0.9382086774060658
robot1,973,1722894687199873365,-14.98206064621481,-13.193370690858375,175.11549384204477,-0.034615652004702464,0.0036557116586699574,-0.40469240261430184,0.9137901573527818
robot1,974,1722894687705404127,-14.928572469896007,-13.364873812401756,174.894506536989,-0.034397121339577896,0.0014166601325838598,-0.49489191544436373,0.8682723208449225
robot1,975,1722894688203312379,-14.852026332502954,-13.434242962240578,174.69911385458585,-0.037038153542069775,-0.002667281128351815,-0.5654456531637712,0.8239491938898736
robot1,976,1722894688702071173,-14.778325446529669,-13.450759800031694,174.4432651046106,-0.03876593029416409,-0.005785925896560724,-0.6305646282831542,0.7751464218249834
robot1,977,1722894689202046741,-14.706419945126497,-13.400768543586349,174.24589940183265,-0.03853648384868072,-0.007844129518056783,-0.6729790731828356,0.7386153099568515
robot1,978,1722894689705122406,-14.624840277411982,-13.296293954030384,174.06673835337608,0.0380040905485156,0.009103420793864494,0.7081016784421437,-0.7050282475325715
robot1,979,1722894690203884665,-14.533822286617378,-13.183167884531432,173.85669636483854,0.037190945102701115,0.010283757113342838,0.7569961697476065,-0.6522789870365705
robot1,980,1722894690698612694,-14.430494803678458,-13.038515971421848,173.6523254480924,0.036609699998032,0.011839300030309564,0.7949653838099969,-0.6054333979759216
robot1,981,1722894691200448535,-14.356471084741063,-12.8548711570428,173.46131104521328,0.03664366710131905,0.01441420950674278,0.8229896569519982,-0.5666899476571787
robot1,982,1722894691701323478,-14.277945791012222,-12.740594571853626,173.2029497851722,0.03838534316066834,0.014783498974115407,0.842844114036686,-0.5365834632396288
robot1,983,1722894692204743252,-14.178014154271906,-12.65645901699843,172.9633038036014,0.03770464619207955,0.01563155897445022,0.8455572803700865,-0.532322176536636
robot1,984,1722894692700987714,-14.082680658640124,-12.459456612883459,172.94249594821912,0.03851823111755327,0.01574794740437408,0.8469881190186538,-0.5299806357456531
robot1,985,1722894693207111662,-13.998804428944867,-12.3364643786455,172.84648175176218,0.03961091008552765,0.016484907837061635,0.8328121512524832,-0.5518905184382232
robot1,986,1722894693702236942,-13.889316155179966,-12.488761553324101,172.593801779586,0.039429368698825205,0.011088088388250508,0.7747404444321724,-0.6309513633719689
robot1,987,1722894694200606981,-13.805812824963406,-12.543699593773134,172.47695157362347,0.039623973352396175,0.010721182389617959,0.7284171122519201,-0.6839031419451959
robot1,988,1722894694702343445,-13.710159184011555,-12.584015862419996,172.26980674244078,-0.035211225560221916,-0.013716154912317678,-0.6636958889454272,0.7470473905221192
robot1,989,1722894695202715692,-13.565958943299547,-12.831478131585136,171.7627910934335,-0.03490139740362496,-0.014227739244909434,-0.6612781959237368,0.7491933071585071
robot1,990,1722894695704084999,-13.409317974489158,-13.145561255379976,171.06023196629425,-0.039305402509788985,-0.0023290955553939502,-0.6678432730853241,0.7432597279835083
robot1,991,1722894696204692073,-13.24364202495289,-13.293513186252957,170.16529914356525,0.037044118029959945,0.005261793702859436,0.7402377196565494,-0.6713033332585819
robot1,992,1722894696702450178,-13.042490204679867,-13.315382028772985,169.1968549987053,0.03688639623720954,0.01838115058358399,0.7624902083380577,-0.6456858440948203
robot1,993,1722894697203079787,-12.884419733871152,-13.338882807827249,168.26361153059872,0.042831873963836226,0.027294642111964404,0.7737175061500591,-0.631491610206865
robot1,994,1722894697701439795,-12.832203264164594,-13.48249570959203,167.51409199047635,0.05525123116570263,0.027337016017671308,0.7361334028458392,-0.6740234433790333
robot1,995,1722894698204164521,-12.782803504428868,-13.639366725550229,166.80515210932455,0.07435373379021458,0.02636992555492417,0.740420815986317,-0.6674976887988737
robot1,996,1722894698709131621,-12.72747724532456,-13.71852283372215,165.93496966723256,0.045867158481889846,0.03383673555253997,0.7728790093599238,-0.6319883827973165
robot1,997,1722894699204871398,-12.709230569346843,-13.84837021071353,165.0809900504814,0.056212277045641475,0.03577213479275023,0.7797058530553032,-0.6225908102381654
robot1,998,1722894699702260824,-12.641632684814029,-13.963515158146869,164.20707945059624,0.05161037095540133,0.027203057098215754,0.7883448510084888,-0.6124612307589442
robot1,999,1722894700200676694,-12.576077145197683,-14.043971040335398,163.29076141602124,0.051264952885316274,0.021678812963425904,0.7972225485664092,-0.6011140837906249
robot1,1000,1722894700703874433,-12.532642986466561,-13.973394057603656,162.43507995783153,0.0586626676055135,0.02418604038262391,0.8457110252141634,-0.5298552526032216
robot1,1001,1722894701207724572,-12.509570857034367,-13.845939673542384,161.27701133730207,0.055787251094942765,0.03150865912435135,0.8714584049031499,-0.4862666300900289
robot1,1002,1722894701701992457,-12.512151032773232,-13.680714535058204,160.24390012502792,0.052108220134707665,0.03014730747309449,0.8773469174054178,-0.4760653944215294
robot1,1003,1722894702202891005,-12.45997323074728,-13.811106068733643,159.21246978899762,0.05735103917580667,0.021751799710646755,0.8296841358207342,-0.554853090720602
robot1,1004,1722894702705502547,-12.442069716526516,-13.832477603074034,158.08352680602695,0.06145938988118603,0.022178631819634118,0.8359113506708726,-0.5449615266288428
robot1,1005,1722894703205711985,-12.35517232843754,-13.88963879740239,157.08986898367417,0.06467572579938682,0.014452614144021929,0.855195021065397,-0.5140521844926659
robot1,1006,1722894703698973628,-12.276769753156692,-13.852507296146277,155.99988854287713,0.0761264283523135,0.014525105198485506,0.875616723439315,-0.47674851007495683
robot1,1007,1722894704201825463,-12.280646799582012,-13.794915538754037,154.93649328345492,0.07082067591788903,0.018580165754138903,0.887068230448415,-0.4557950897412125
robot1,1008,1722894704701334027,-12.297957707812568,-13.579748284082028,153.90402276646682,0.0694674756812208,0.026262415506851582,0.893444701206543,-0.44299110740530173
robot1,1009,1722894705204572966,-12.354761064123595,-13.362799302737033,152.80430112519727,0.07168434121686339,0.03233212355635662,0.9019619961173543,-0.4245945672881821
robot1,1010,1722894705700018926,-12.431195147350342,-13.189638887787844,151.78472963169725,0.06620969421241103,0.02811236011037746,0.9150307704946699,-0.39691895980068065
robot1,1011,1722894706204350477,-12.482890310278938,-12.969358061002692,150.81509427034925,0.062042929205100225,0.033948650564322135,0.9240101661540926,-0.3757703778963941
robot1,1012,1722894706705415647,-12.523181202130466,-12.776944901734407,149.8048974664322,0.0633515591308316,0.038619491964222714,0.9200674670601302,-0.38466995054679576
robot1,1013,1722894707202284495,-12.54076239817916,-12.53475720282094,148.91276897613,0.06261816488627217,0.03547097611146659,0.9226640666851001,-0.37882950693958417
robot1,1014,1722894707703296238,-12.546437381464473,-12.308130335791207,148.00051977709487,0.06059882704665779,0.03862830626596684,0.9259970415826416,-0.37062800096024523
robot1,1015,1722894708205368771,-12.567792045463571,-12.072748263943772,147.15222365049993,0.07062598618670685,0.03914337007522154,0.9289953441725672,-0.3611750505779748
robot1,1016,1722894708701560765,-12.626455692405996,-11.889353963620728,146.33315798239113,0.0625580071856682,0.03746702979482088,0.933178415277903,-0.3519385779858942
robot1,1017,1722894709203252403,-12.688286153668297,-11.610739349810487,145.52057016876978,0.06644675208004745,0.043355593605030704,0.9346369821165644,-0.34663934182549017
robot1,1018,1722894709699072753,-12.729036109259194,-11.381374448556892,144.68217845117476,0.058226841028096915,0.04032855821003548,0.9374894892960763,-0.34072965799291727
robot1,1019,1722894710203415525,-12.7706236065763,-11.259019354884419,143.93221725622945,0.056189527488122296,0.03654370174562739,0.9393014504877495,-0.33648191626742435
robot1,1020,1722894710699489181,-12.769805139028769,-11.121769117446876,143.22254068034476,0.06304481656177656,0.03770641667314113,0.9396846141116142,-0.3340604784290867
robot1,1021,1722894711201444594,-12.814858256385223,-10.973055940691129,142.40550675884106,0.05526876740499069,0.03905881990690452,0.9239465711471392,-0.3764870590106085
robot1,1022,1722894711706834258,-12.750915057894733,-11.11896822988495,141.9127705199091,0.06250056237262779,0.03430012469810068,0.8772243832505073,-0.47475737232776816
robot1,1023,1722894712201088690,-12.745871696459767,-11.19423572975036,141.50532640781833,0.06720091748640822,0.032018242042582995,0.871801888107226,-0.4841697396142837
robot1,1024,1722894712698850892,-12.761362920181085,-11.141362723682228,140.85495288213704,0.055298954085393044,0.024040031568055825,0.8609772641208423,-0.5050566831814601
robot1,1025,1722894713202683439,-12.736119246478948,-11.041152675137209,140.05880513982186,0.06967147690186054,0.036532123032589674,0.8545625684493996,-0.5133557303646374
robot1,1026,1722894713710314746,-12.719206167585412,-10.984577073095876,139.0676043962497,0.06447000278813612,0.031352608247694515,0.8891061366137245,-0.4520518892034205
robot1,1027,1722894714201530133,-12.737004320039281,-10.831699223652441,138.14060267861043,0.05866021789772965,0.037219521619130884,0.894644181098608,-0.44134507505242976
robot1,1028,1722894714705530633,-12.82766946279178,-10.568713071402232,137.3670692024447,0.06431256958471421,0.036570257755098784,0.9279660096563979,-0.36524730603184313
robot1,1029,1722894715203368442,-12.97077226026676,-10.225405572987421,136.4876478016414,0.06343942244929751,0.04042319529187141,0.9320322335501148,-0.35448176340297005
robot1,1030,1722894715702179169,-13.086127452811745,-9.885423612623049,135.73593680888632,0.0619899416688144,0.040912758767451284,0.9341822886268184,-0.34897971992351257
robot1,1031,1722894716201228914,-13.096328273089515,-9.685163318640884,134.87371990770745,0.0636145404576094,0.03910198193204202,0.9201691532309041,-0.3843344307939045
robot1,1032,1722894716703937270,-13.084077657039272,-9.543863238760569,133.86919686753754,0.06461448700858467,0.03550767441286161,0.897674619230479,-0.43444729382955344
robot1,1033,1722894717202963393,-13.14527096434521,-9.285041213979623,132.88249304727114,0.0633141708754255,0.0376520756879182,0.9043001960839461,-0.42049351044372296
robot1,1034,1722894717701351981,-13.240187689153831,-9.037275821596765,132.01609785328904,0.061397274184260046,0.03945698537916722,0.9227323577480661,-0.37846864730414087
robot1,1035,1722894718200928015,-13.322638440119974,-8.792803798988094,131.1618985444784,0.06016626778346051,0.042314903610889465,0.928487934783401,-0.364004978145993
robot1,1036,1722894718708226006,-13.41421260910302,-8.438206031308201,130.2504373252614,0.05476695481331033,0.04387474412282392,0.9363277111829454,-0.34404360880496015
robot1,1037,1722894719201529522,-13.482024106901324,-8.194977072646608,129.41822403131297,0.05475660707686393,0.046494325485407606,0.931260619147249,-0.35720253485182507
robot1,1038,1722894719702224986,-13.57924871840487,-7.9414997243871985,128.4630871494563,0.05493885743781837,0.044146028507664796,0.9256807843009587,-0.3716825738266318
robot1,1039,1722894720200340550,-13.641988185501102,-7.722500581040906,127.5767280161185,0.054263956848444754,0.04413950979636051,0.9271132543269827,-0.3681957907327549
robot1,1040,1722894720703131008,-13.754355678921476,-7.489474739713168,126.7399429438051,0.05367620588202081,0.04610205288514261,0.9267726592510661,-0.36889822947066814
robot1,1041,1722894721206218782,-13.850481692487891,-7.269435752165109,125.8850115350209,0.051772060381033935,0.0463807462803883,0.9276402857404493,-0.3669495611248965
robot1,1042,1722894721706473276,-13.923732594725116,-7.008387795420371,124.99186040095749,0.05472043087700069,0.04763597599582436,0.9286847887088111,-0.36370462116452634
robot1,1043,1722894722201837483,-13.999594412312163,-6.748144001675873,124.1751701988391,0.0552110424108626,0.04826400910229826,0.9296910241640953,-0.3609666547064905
robot1,1044,1722894722703251655,-14.057241995707209,-6.507566796911835,123.29692714246538,0.05599570857649091,0.048297457767163585,0.9303099896585327,-0.359242479859755
robot1,1045,1722894723203367952,-14.16127423760747,-6.252253492470058,122.47187547043245,0.05492867282653348,0.04884806712533896,0.9303037954559505,-0.359348793513888
robot1,1046,1722894723704691179,-14.273892556664947,-5.9573245889128845,121.62587458183584,0.05173872210813341,0.04966467135934639,0.9306368944200729,-0.3588474547736789
robot1,1047,1722894724204970611,-14.320195789489539,-5.741581400064152,120.84773022962302,0.05002290145503277,0.051966729964573063,0.9314576171380485,-0.35662848425541943
robot1,1048,1722894724701411807,-14.380181574260844,-5.537812571112891,120.08687206446218,0.0491212909126954,0.05416470453092479,0.9329519125467215,-0.35249682613828226
robot1,1049,1722894725202357519,-14.46920759951533,-5.269190396020832,119.28028271161703,0.04309728049429498,0.05282961758165403,0.9339202179837385,-0.35091976627340155
robot1,1050,1722894725699352921,-14.53850361208183,-5.0183930175567,118.5781073735678,0.05139600001749731,0.052536919526850315,0.9353392234845189,-0.3460330335101084
robot1,1051,1722894726203232966,-14.633467254525138,-4.746998202591848,117.7681322385132,0.05011481596808334,0.05943236853040515,0.9369335173558802,-0.3407519374068028
robot1,1052,1722894726699424940,-14.74066545508404,-4.443609891549095,116.95463343615073,0.046589220160194254,0.0590386853230171,0.9387898167665423,-0.33618084141669446
robot1,1053,1722894727200612100,-14.818993944479471,-4.219072766557484,116.1533186611354,0.04715600838499153,0.060892116571575595,0.9387097803777402,-0.33599465655840877
robot1,1054,1722894727702295659,-14.897761487532806,-3.9624360428465977,115.3606492236759,0.04975476982025493,0.05274337494601866,0.9403691646732435,-0.33233783024384
robot1,1055,1722894728199044217,-14.989609473910578,-3.714869228226702,114.62191010304453,0.051750701016565426,0.04841037903915903,0.9392900264061691,-0.3357268926366743
robot1,1056,1722894728702126623,-15.06343684298586,-3.511328436136154,113.9063470255532,0.0447133406814108,0.046641760822417194,0.9408777569367358,-0.33252715650633624
robot1,1057,1722894729203087643,-15.153307421974722,-3.276862715175269,113.2577138200658,0.037534065479273626,0.04178912490259242,0.94194244204349,-0.3310427447409471
robot1,1058,1722894729701737007,-15.308769280721826,-3.0193039262831562,112.62730637358608,0.06738981621084887,0.06380205702582507,0.9403121431502599,-0.32741561299746613
robot1,1059,1722894730198759067,-15.437979465052294,-2.7811385885835542,111.97450773291601,0.055310693486520526,0.05479808172647499,0.9449895053240128,-0.3176991222093889
robot1,1060,1722894730699353478,-15.549837180812135,-2.541162667187615,111.34314388654151,0.053041854650938046,0.04722084039962311,0.9486126014670418,-0.30836810182811264
robot1,1061,1722894731202481471,-15.691481332099531,-2.259838991198669,110.69693943736898,0.045642614839101266,0.04391258406729999,0.9509488437341942,-0.30279486995618143
robot1,1062,1722894731699940717,-15.777218728106691,-2.028495798984374,110.09783212442719,0.0363675122760127,0.044209244592352745,0.9530152281107498,-0.29746415201237786
robot1,1063,1722894732201773103,-15.859659978220613,-1.8626461332326363,109.52163480846662,0.05907297759871819,0.0428734395388786,0.9517522899847347,-0.2980601114012755
robot1,1064,1722894732705391190,-15.99252211321661,-1.607395742890659,108.82373189351539,0.06574977926500576,0.03563144160049034,0.9406658227454036,-0.330991203530829
robot1,1065,1722894733210223724,-16.083187536892872,-1.3998229764275132,108.15995944587377,0.06853781296055618,0.032400388719624314,0.9258289864946397,-0.37026135468302535
robot1,1066,1722894733701424226,-16.15498718810387,-1.2227962994928425,107.3723854360076,0.06424092012856024,0.028059835873691992,0.9130353290675228,-0.4018111965417811
robot1,1067,1722894734201417620,-16.2409438082753,-1.079329608079144,106.57398557663156,0.05295489260383347,0.024706616796592425,0.9048610108503615,-0.42167749937439714
robot1,1068,1722894734698300181,-16.210672908368835,-0.9906988595045882,105.80969915380523,0.06372155564814912,0.021546164607551488,0.9019995243081815,-0.42646475151446994
robot1,1069,1722894735203018594,-16.100475063719436,-0.9286128536924521,105.14665640964661,0.05634517255637083,0.02034703428248599,0.9008722592915311,-0.4299306829763055
robot1,1070,1722894735702492002,-16.096865032942837,-0.7540892868704004,104.5037931153612,0.05562584006147901,0.02487375626939125,0.9064604939917827,-0.41787131392173693
robot1,1071,1722894736201051983,-16.052243473691775,-0.686407758464014,103.88229008053304,0.055946532970758724,0.020139909409792676,0.9091556965716291,-0.4121896273426504
robot1,1072,1722894736701942795,-16.068313292143653,-0.5848506074946208,103.22452835695137,0.0646249794359725,0.02427816083928586,0.9112028015816567,-0.40613253665386384
robot1,1073,1722894737207134140,-16.108989671467377,-0.38221438872481184,102.52022005363806,0.062475344082078145,0.02198180300857501,0.9132750930267476,-0.4019231719810439
robot1,1074,1722894737699000808,-16.06979726094256,-0.23909817635276504,101.85128281478936,0.057983049752911076,0.02376062678437228,0.9157422345457286,-0.3968495412941295
robot1,1075,1722894738201932257,-16.01006062276596,-0.16160962717633587,101.23950159247819,0.05217467218944775,0.02508337797801099,0.9155578626163999,-0.3979980250358352
robot1,1076,1722894738699678230,-15.978886184248381,-0.06955538044352008,100.60937237488133,0.055874203282556496,0.024103967745832792,0.9078553893726358,-0.414844144388597
robot1,1077,1722894739203889412,-15.98128448180514,0.07524461975128212,100.00562110900664,0.05280844976907745,0.022789180703349964,0.9011111037027465,-0.42975655859972045
robot1,1078,1722894739704349864,-15.972967717708984,0.20525717211809058,99.3729963236978,0.05975067900796697,0.028408901420762096,0.9026109319338986,-0.4253425633904645
robot1,1079,1722894740199982298,-16.004078263307637,0.3650487501813623,98.65068355716468,0.054888771931238416,0.029643709843435968,0.9041447608549829,-0.4226472815493846
robot1,1080,1722894740699370885,-16.010609410283585,0.5274550059511081,97.92429200372497,0.05401137488723706,0.023583305760962563,0.9072799110373972,-0.41637694712861784
robot1,1081,1722894741204822829,-15.967771409093634,0.7087116059150769,97.19341314405527,0.0514679811018606,0.022052352868426158,0.9094042048201972,-0.41212708344588295
robot1,1082,1722894741700712637,-15.91647686177474,0.8506174208808871,96.47526338875866,0.05354056103432287,0.025218367354903813,0.9104638468772321,-0.4093324147946205
robot1,1083,1722894742202237464,-15.91776440154958,0.9853551996243907,95.7613359595629,0.05127267431591473,0.027607081852736724,0.907878451287013,-0.4151694588824728
robot1,1084,1722894742701497663,-15.936599461858922,1.0729335713046533,95.04464383350054,0.05040438023463136,0.024950535934560564,0.906801338562455,-0.41778966190067546
robot1,1085,1722894743201919501,-16.0191476575386,1.2514163758180505,94.32076563657193,0.04799020138871685,0.02669056837015063,0.9056975297347384,-0.4203528740988235
robot1,1086,1722894743697178372,-16.097325174031347,1.4170184844180846,93.57152789493466,0.04514094978511696,0.02438430018682751,0.9071455304571179,-0.4176777311858633
robot1,1087,1722894744200041130,-16.084963641143077,1.5232181071326092,92.80559129109179,0.04603374624549994,0.020936913608742776,0.9099753610655802,-0.4115669837447023
robot1,1088,1722894744701638611,-16.08627513605007,1.634851392527124,92.04953175674262,0.045506862501488186,0.023665214195941208,0.9127394693666705,-0.4053094424789283
robot1,1089,1722894745204395451,-16.1250317033768,1.7590713649254404,91.34600349305875,0.04731152027248756,0.028455956419724208,0.9015590650062567,-0.4291190171721464
robot1,1090,1722894745700544456,-16.148145202583986,1.8585742799082252,90.63373197780876,0.040567782057185864,0.026080729940747664,0.8992108142211794,-0.434849355722648
robot1,1091,1722894746198357959,-16.140237746383697,2.048647919872822,89.90093542235645,0.04287767293601012,0.0238225779441351,0.8958205094835116,-0.44170080906920456
robot1,1092,1722894746699693844,-16.120705867766844,2.177851646277502,89.14737721620082,0.04368549779805906,0.022825696491253895,0.8921659643031071,-0.4490105310579385
robot1,1093,1722894747197999534,-16.110843817444337,2.3947624181653815,88.32253657970598,0.04226891312062136,0.020532601556124054,0.8948510363476918,-0.4438844151402487
robot1,1094,1722894747700230351,-16.091945811682674,2.544567569541034,87.55767563888828,0.04107069227362087,0.02262764990076978,0.8959189257800987,-0.4417357424130042
robot1,1095,1722894748199407609,-16.09027599850134,2.6682766160717657,86.80420675573423,0.04780028437776344,0.019354101142518607,0.8988793146442328,-0.43515115682609007
robot1,1096,1722894748699012981,-16.103052582218037,2.89797387538083,85.98716246254591,0.046224279164236014,0.022826174311689977,0.9025551075117221,-0.42747696977327676
robot1,1097,1722894749204344585,-16.108307684156216,3.1287034447267934,85.14735338002403,0.0438899610263575,0.023314350862147788,0.9060591790955336,-0.42022241294546553
robot1,1098,1722894749703078774,-16.096121603595257,3.2746335888978884,84.38213193516285,0.051094961069712425,0.024661476213568016,0.9076489593775587,-0.41587796657804166
robot1,1099,1722894750198189989,-16.013331950611583,3.340073037985644,83.63716678166264,0.044715124693360205,0.019675464367866304,0.9025439176602681,-0.4278176134990484
robot1,1100,1722894750696857631,-15.95734385949095,3.451625707358904,82.91491604655417,0.044074188811017975,0.020620283455046795,0.8927974913845678,-0.4478224080685409
robot1,1101,1722894751203075438,-15.914793575711402,3.540522344226871,82.28214450673035,0.044343314225219845,0.016661664674569004,0.882173750657421,-0.4685355195338065
robot1,1102,1722894751698662166,-15.907918226759257,3.669855615015466,81.6152257354607,0.04875042637744791,0.01651428768200889,0.8805785286070552,-0.4710967301803384
robot1,1103,1722894752205906402,-15.923679463852784,3.8394742141806457,80.9220699050816,0.04590533692717298,0.016855712463462107,0.8780573452620772,-0.47605029506373076
robot1,1104,1722894752700908146,-15.959011204969968,4.016911961946403,80.26332492994449,0.04779719307125753,0.015049492451185009,0.8959029844917425,-0.441414525690149
robot1,1105,1722894753202766543,-15.962747266417919,4.2244363712823825,79.51245261898599,0.0455774361068883,0.017982414719046366,0.9012661172933979,-0.43048660362162033
robot1,1106,1722894753697432603,-15.970362528185907,4.442660540355408,78.77979783639883,0.04597047475270993,0.019963402997971523,0.9064657351173898,-0.4192947042950117
robot1,1107,1722894754200570068,-15.971596342533429,4.616516287488836,78.03200032354243,0.04650564829764159,0.019413371595598035,0.9096754216146757,-0.4122511042918736
robot1,1108,1722894754699015921,-15.986465685641482,4.815339267727775,77.3306705683725,0.04791043365142744,0.019517482689287154,0.910935343862518,-0.4092926306676946
robot1,1109,1722894755204491873,-15.970771000989036,4.959127559291296,76.5627797824111,0.04782129666193174,0.011069231465376108,0.8866676890822209,-0.45979452458454906
robot1,1110,1722894755714352185,-15.99514636084169,5.190397173097637,75.73251592371301,0.04792618916536013,0.013856292040783239,0.8882902897559704,-0.4565648307614386
robot1,1111,1722894756206008110,-16.00461169770373,5.339506018952725,75.01518460099132,0.04771579700289528,0.012717815001512936,0.8891092773288406,-0.45502324431368646
robot1,1112,1722894756701415242,-15.99232118715739,5.409740662235505,74.33716741450445,0.05286480229832166,0.01248319338033159,0.886135236025099,-0.4602323609175376
robot1,1113,1722894757201525185,-15.98554294431174,5.574412406717206,73.58967724257253,0.04961291048549628,0.012081396315448566,0.8873291506592862,-0.4583007499082854
robot1,1114,1722894757701011393,-16.01639862870113,5.73121480151164,72.91495659446505,0.05457579941603022,0.013120571464698503,0.8885669521018441,-0.45530001576430906
robot1,1115,1722894758200408682,-16.001131933561286,5.878731788710198,72.18261143802225,0.0497414940720371,0.011482215372268775,0.889582833768956,-0.45391224301754657
robot1,1116,1722894758696948630,-16.037620335772246,6.077481296917546,71.42955445702889,0.05290716289833849,0.01517818230902046,0.8914200505060914,-0.44982301903255284
robot1,1117,1722894759202460243,-16.062648911578314,6.241779112461788,70.70079846838081,0.048746109945755164,0.011897351903638751,0.8942854927437529,-0.44467485565399406
robot1,1118,1722894759704015981,-16.093166729882736,6.438653854735203,69.95518221148276,0.07313026103573635,0.02357633976144559,0.8953641317118329,-0.43865612131624643
robot1,1119,1722894760197636787,-16.105705113807012,6.565708137680413,69.26177990114526,0.06331389192713921,0.01366788170518297,0.9031029958151717,-0.4245109174666699
robot1,1120,1722894760701939869,-16.088920790941142,6.716703133962552,68.67406007999485,0.05512216928898614,0.010054394647882575,0.9191962312815557,-0.3897932067121305
robot1,1121,1722894761200633316,-16.15208903160751,6.969917072387907,68.16489579681863,0.059160172426652294,0.00847275993594522,0.9352276516778643,-0.34896636782736545
robot1,1122,1722894761699580699,-16.298269133474488,7.3251720106066,67.70475147766807,0.05895198900302907,0.014048748931556795,0.9562098932457678,-0.28633884770488666
robot1,1123,1722894762197360265,-16.49422003324493,7.764000851766063,67.1991617296459,0.05762582859106126,0.013513400145845702,0.9603601578370604,-0.2724059821936155
robot1,1124,1722894762704720233,-16.480813375723347,7.87347643845147,66.64296107954486,0.05645050392722404,0.005892846792536944,0.9182899559850702,-0.3918190547944036
robot1,1125,1722894763201270150,-16.387760687810946,7.843197392062675,66.09850487996941,0.05162992441212664,0.0007595082555921786,0.863725891345363,-0.5013096435059531
robot1,1126,1722894763702497073,-16.316850070454816,7.925103820981881,65.50826897737835,0.04701127036200153,-0.0032131482640563405,0.8185162330763402,-0.5725476332391062
robot1,1127,1722894764202497987,-16.324148824138028,8.085994452559715,64.79272304861789,0.045946321197941765,-0.0008440702100879233,0.8141656919847889,-0.5788112378908912
robot1,1128,1722894764700435990,-16.218674051786234,8.13829162386691,63.895974593701716,0.05434082206610655,0.00106080503590906,0.8027685857660136,-0.5938085107651201
robot1,1129,1722894765203639895,-16.08900849749045,8.142346113972064,63.02056218115462,0.047435880952183165,0.002818778539525353,0.8024543542181852,-0.5948183765504481
robot1,1130,1722894765701765199,-16.00490381537654,8.168134363676208,62.283657695841136,0.04253223562637592,0.010236727223338219,0.8098735858400371,-0.5849709337283157
robot1,1131,1722894766197930416,-15.974502543971568,8.316729973980484,61.480437997976466,0.04314026604673532,0.01478592503606085,0.823798837884758,-0.5650449261483259
robot1,1132,1722894766702949664,-15.947992344541944,8.500849650609396,60.64653064546763,0.038859377806620306,0.016738827251920885,0.8366627386981463,-0.5460816991008122
robot1,1133,1722894767200220789,-15.941223379011108,8.642859068253124,59.83127797508717,0.03920451426528216,0.02183997493773855,0.8398029442359904,-0.5410333043431838
robot1,1134,1722894767700891773,-15.921563237469769,8.811035011900858,59.002645772035436,0.035007805822397424,0.020027818144924103,0.8496531008160536,-0.5257974403755881
robot1,1135,1722894768198025689,-15.901726395610593,8.9399913160984,58.37896601483197,0.03233016028324544,0.020901034287970847,0.8522125657839951,-0.5217773952765802
robot1,1136,1722894768697439886,-15.889806730317197,9.03288361618321,57.783072692798946,0.03826932096001248,0.022552870679333207,0.847852991427823,-0.5283674214259173
robot1,1137,1722894769203394867,-15.913892970970442,9.196398817767031,57.01472236045248,0.041075054495640154,0.026338474826863936,0.8494783920653204,-0.5253623378736745
robot1,1138,1722894769696670724,-15.937578570233526,9.35657038140524,56.28290682168748,0.03851500089652374,0.023176051934098458,0.8510182217590724,-0.5232088030191342
robot1,1139,1722894770202166228,-15.945025593246628,9.426470150419714,55.52060829002075,0.04110053405965026,0.020638622994048266,0.853837273011446,-0.5185042956015875
robot1,1140,1722894770701789492,-15.94336793152005,9.535642554216825,54.80521961648687,0.04041217906088129,0.023834839749352826,0.8579867252343776,-0.51152471643046
robot1,1141,1722894771203393304,-16.006291658546157,9.687114703280068,54.12326454987569,0.038355598553440944,0.024423414404307186,0.8614431856633238,-0.505814178095738
robot1,1142,1722894771701355639,-16.062251170869946,9.8298056331439,53.41495907658645,0.03963091361511903,0.02123513775437906,0.8649780525520612,-0.49979138469348106
robot1,1143,1722894772196736453,-16.074633152009913,10.01253213505398,52.735929362030916,0.041647191464714454,0.021857615974188754,0.865309563178725,-0.49902616758890556
robot1,1144,1722894772708354218,-16.076617716552224,10.17732268971703,52.04857988804012,0.03833031666205113,0.023085965223516896,0.8668433300452815,-0.4965686923178834
robot1,1145,1722894773208418480,-16.089534239685726,10.35221269943801,51.33972622304586,0.041410682452820875,0.024590025883544395,0.8710733594687327,-0.48878593313401986
robot1,1146,1722894773699194288,-16.097922550029047,10.506115592477222,50.56643597554525,0.04212688028219167,0.026970292482411777,0.8654895567024906,-0.49842327044393636
robot1,1147,1722894774203003495,-16.096840097328123,10.605366686292488,49.83487840207426,0.04313705646454568,0.023150905359146264,0.8519048837826508,-0.5214032018772945
robot1,1148,1722894774701309252,-16.09493694399525,10.714107503151546,49.050190185617836,0.042224578321178596,0.022548113428308526,0.8538932345495907,-0.5182422325099146
robot1,1149,1722894775201557161,-16.135165601943772,10.902725852659193,48.29510438492176,0.042107577237104024,0.026015878847182764,0.864858983146311,-0.4995688793931813
robot1,1150,1722894775707566844,-16.188688825002572,11.07691979826199,47.506292648530845,0.04737101406299921,0.02697751672279089,0.8751269797685466,-0.4808128221036712
robot1,1151,1722894776201594000,-16.237083238328523,11.257592464186855,46.71121565566497,0.05003296382859549,0.024245851353149044,0.881911597734621,-0.46812474299470136
robot1,1152,1722894776703343158,-16.337357116327247,11.457754257286675,45.938294156770056,0.04693898206259573,0.024307793466474843,0.8889044857899561,-0.45503261232818504
robot1,1153,1722894777204759622,-16.346221630001963,11.63535553460172,45.0748741149032,0.04452772400780454,0.018065731632485777,0.8834485849248523,-0.4660574094782141
robot1,1154,1722894777697318423,-16.340525922232445,11.811511094220768,44.259778916850074,0.04710944027760616,0.015452193894329455,0.8823311236341995,-0.4680103830119515
robot1,1155,1722894778201986444,-16.363010145421416,11.916302140047735,43.474958327303334,0.04979907612638336,0.013609175595593137,0.8820886829360217,-0.46824608678851953
robot1,1156,1722894778697862435,-16.41388649876765,12.08163964462389,42.70166480480521,0.05109882213672189,0.01374833337332739,0.8813349729185836,-0.4695194982280233
robot1,1157,1722894779202056954,-16.52060042548262,12.312521790290061,41.902799111262254,0.04863399318731562,0.01952267963093654,0.8821100549056713,-0.46811905613956534
robot1,1158,1722894779701772820,-16.57420279418394,12.509569460332028,41.13067068761674,0.04678940024249491,0.02396001788397659,0.8840820965341655,-0.46436571380292674
robot1,1159,1722894780195337402,-16.61104021833017,12.662576792538651,40.37411382979474,0.046929992443672214,0.0205964750721915,0.8868399474273846,-0.45922572736164413
robot1,1160,1722894780697255743,-16.59254487931775,12.796795339019466,39.59687059609428,0.04946041169429753,0.02254177572749675,0.8800898426193832,-0.47168570567727747
robot1,1161,1722894781204464000,-16.62890786922694,12.931312471032188,38.78667325169907,0.048908631631345345,0.02590497665623899,0.8727457752568997,-0.4850275143820422
robot1,1162,1722894781696785440,-16.68327248649076,13.115029533166666,38.014146429396185,0.04666161943846406,0.02543770090818926,0.8731068141464302,-0.48462367640774273
robot1,1163,1722894782201063194,-16.75454706937298,13.264740152412157,37.17002060779094,0.04486760452876585,0.025748120788304227,0.8733273871758892,-0.48437919768323634
robot1,1164,1722894782702121801,-16.782565678913695,13.449453948027683,36.39271532848619,0.04114977504329814,0.024950334075849026,0.8723816322514175,-0.4864508860653271
robot1,1165,1722894783204243340,-16.784764760620437,13.595757264482636,35.55764227063167,0.04162844237176367,0.019599401063956405,0.8738182922721633,-0.48407078857765745
robot1,1166,1722894783702671549,-16.803847631550916,13.72492042567369,34.77421656072122,0.04510957306924667,0.01967814132833362,0.87466969976835,-0.48221448907982517
robot1,1167,1722894784197104001,-16.83893969478039,13.894187712244815,34.010794005194235,0.045105073069418904,0.02254118922653404,0.8783237984035042,-0.4753995501992996
robot1,1168,1722894784702913970,-16.847278996064315,14.101934705121165,33.257844293852,0.04844538021280769,0.024572630051986826,0.8832748972903086,-0.46569806399120833
robot1,1169,1722894785199492463,-16.851018732490928,14.212224487114526,32.5677384359344,0.04417408290232089,0.02451124911789469,0.8762256726798031,-0.47924567770950843
robot1,1170,1722894785701120761,-16.908611057436318,14.355650414158847,31.812778587912216,0.04763306666245524,0.022654064222690794,0.8729485409974269,-0.4849522957002966
robot1,1171,1722894786198047922,-16.977397615026717,14.560146176058488,30.97856070806509,0.04334135870688072,0.020380915229496123,0.8677354465283411,-0.4947133915289844
robot1,1172,1722894786698070323,-17.000825654063036,14.729157604054071,30.171947458602283,0.0447616569797368,0.021647439866463752,0.8678608223510622,-0.49431303385586983
robot1,1173,1722894787196672431,-17.05169206827862,14.919196653445907,29.305690787852527,0.04806462040240568,0.018510428796696662,0.87655286802877,-0.4785417702164283
robot1,1174,1722894787706271065,-17.076012658684665,15.093066313535752,28.511509374242785,0.04877127288975462,0.018751014147432334,0.8842395973547549,-0.46410138642225246
robot1,1175,1722894788201686947,-17.040259039960887,15.225065512581228,27.703101516924264,0.04919865893209106,0.016381597243355694,0.8716048734715941,-0.4874587980246194
robot1,1176,1722894788699815647,-17.088215276346222,15.351762807597684,26.926279125088264,0.050355801110783256,0.01654356177612036,0.8720522961959786,-0.486534065156359
robot1,1177,1722894789198519736,-17.146479061213036,15.527515063504595,26.10763098881102,0.04700419766357902,0.015070843875304685,0.8728517791002454,-0.48548248865270716
robot1,1178,1722894789705218431,-17.190808584865014,15.72039098520053,25.37314877362075,0.04860542517434927,0.017831339844685063,0.8735156858842686,-0.48403502195306064
robot1,1179,1722894790203108997,-17.17358865672635,15.818731867185203,24.676541505066407,0.05125624113769559,0.013351266664665079,0.8728670628766259,-0.4850748725382669
robot1,1180,1722894790699748153,-17.195173963795625,15.984401519002388,23.974217433887794,0.04602229253225567,0.010493487983941412,0.8743351721552528,-0.48302157512087457
robot1,1181,1722894791198408506,-17.266200659345557,16.212172651952457,23.20950459504455,0.04949872301223713,0.013820802731904589,0.8755011980499645,-0.4804753001404762
robot1,1182,1722894791699092284,-17.30718382618633,16.39801588694924,22.48675436478909,0.05296345545347582,0.015417657307882117,0.8790301056132239,-0.47356440074732026
robot1,1183,1722894792199748146,-17.351009233432585,16.60825887107685,21.718843709232022,0.048405192843013985,0.008538150385559185,0.8818581700660836,-0.4689458446148368
robot1,1184,1722894792700543467,-17.42876885752165,16.821578540330027,20.94795751034161,0.051888185751625696,0.013328025447275372,0.8766867516599877,-0.4780693667041852
robot1,1185,1722894793198232057,-17.437044595365442,16.903080601973098,20.219801800378338,0.05275240287590993,0.008410896535487386,0.8626730600376861,-0.5029330296326757
robot1,1186,1722894793697012549,-17.424250491405527,16.985370698090197,19.53859783050897,0.05173961591711955,0.004679611425013538,0.8624609156890866,-0.5034503771876649
robot1,1187,1722894794196970522,-17.488533960712,17.11156125785971,18.901944047401393,0.04892706394564961,0.009486153822633833,0.8581447889706743,-0.510983049094379
robot1,1188,1722894794695956378,-17.485261301639756,17.251501608244183,18.292840115515858,0.05123474374272592,0.009461296641260495,0.8560804701970811,-0.5142097951679138
robot1,1189,1722894795197451794,-17.497324159583613,17.428562487994366,17.624492335342183,0.053676387045279376,0.01408404383573899,0.8636711139479907,-0.5009917086288306
robot1,1190,1722894795697273296,-17.59651771857638,17.594729258454592,16.91864615079031,0.05423774718266162,0.017663287680700173,0.8664897309038635,-0.4959252174340488
robot1,1191,1722894796200625802,-17.635101761816685,17.723661085711754,16.211128337043093,0.05176885234881339,0.015366460689397994,0.8600670308159971,-0.5073150503540407
robot1,1192,1722894796700414149,-17.591194902800172,17.74617576931576,15.64381108485438,0.04962658191950021,0.01793690338515991,0.8612245830140919,-0.5054776824708902
robot1,1193,1722894797214038243,-17.581919310313324,17.853350750390913,15.077939994653358,0.04709201803660711,0.021789685873254947,0.8619483610256345,-0.5043337925937612
robot1,1194,1722894797701409618,-17.636413439686102,18.04295712308757,14.498361287183256,0.045924281778326775,0.0199905941310065,0.8587271737649405,-0.5099793893159916
robot1,1195,1722894798202295331,-17.685901684978017,18.211860481104328,13.896458161665786,0.05547343331624465,0.026718905706794176,0.859547733987115,-0.5073327224529827
robot1,1196,1722894798697932982,-17.677133136724724,18.272969419119935,13.37360442435862,0.04317070476476736,0.014783262233591027,0.8614712853164105,-0.5057518857929626
robot1,1197,1722894799198010678,-17.66535665371567,18.376100668390396,12.846248343526513,0.04573110313188579,0.01372569579541014,0.8639308164628061,-0.5013420148433422
robot1,1198,1722894799700250912,-17.680041394750372,18.476249364797933,12.31946797887849,0.04413697856173095,0.013283768281646156,0.8570581569973502,-0.5131537626754638
robot1,1199,1722894800218851758,-17.731519032193244,18.603311656728252,11.743161645816935,0.0438547273385636,0.013397662200989367,0.8516040657035031,-0.5221760055909043
robot1,1200,1722894800698759419,-17.828851819473098,18.774137196058412,11.192405370497031,0.04323198059282167,0.013670136422599101,0.8589385252745675,-0.5100673808658623
robot1,1201,1722894801204174916,-17.86845761195324,18.948437018501004,10.620632239921948,0.04343029545961664,0.013514377225376753,0.8570943107617209,-0.5131476527320291
robot1,1202,1722894801699303627,-17.897207370912856,19.14656024290768,9.972796176469993,0.04115307598435689,0.013358432773935234,0.8558732470569849,-0.5153726434173465
robot1,1203,1722894802200757800,-17.928442090254833,19.326638435867903,9.235001580817524,0.04082479387370677,0.011538514586424109,0.8532326603856547,-0.5198021028598541
robot1,1204,1722894802705935613,-17.928245416865362,19.482048512233465,8.552489996797998,0.04297652652856831,0.014143643440273565,0.8482071654922431,-0.5277286991678475
robot1,1205,1722894803201022374,-17.93734570251043,19.632031210351727,7.913383500780007,0.04211962638692127,0.013921303823833,0.8454289336798709,-0.5322424752589623
robot1,1206,1722894803700288430,-17.959624101063138,19.77688723246251,7.180260795938516,0.043270935999052025,0.013328909079678654,0.8448302015533302,-0.5331152753615969
robot1,1207,1722894804199198921,-17.94782337102867,19.945490241846837,6.453297895763022,0.04212521247715675,0.012164786072667648,0.8449952864019241,-0.5329732173497004
robot1,1208,1722894804703251045,-17.909494543085522,20.076175902277054,5.733193327999023,0.04441779403510751,0.013582811920423899,0.8446176490165433,-0.5333512855174875
robot1,1209,1722894805200398937,-17.91350316522863,20.204441822525514,5.0110566181530585,0.0466032524991635,0.012171819559054406,0.8484262710781463,-0.5271174880513383
robot1,1210,1722894805700545006,-17.90316667969004,20.40010720512911,4.285070524007823,0.03877534659689817,0.008024946364774454,0.8533942364335039,-0.5197598964466283
robot1,1211,1722894806201270844,-17.90689154323951,20.553635711095968,3.6234029135674986,0.04096071405281364,0.009294040806679664,0.8588287498721898,-0.5105379702850114
robot1,1212,1722894806702453834,-17.890438571017906,20.729901492875488,2.945128843931539,0.04382444374838022,0.009180907131108577,0.8608097653113062,-0.5069533282454007
robot1,1213,1722894807197956341,-17.937193070965957,20.906108118418324,2.2448582641414006,0.03952820864068033,0.007302420405998691,0.8643825246338053,-0.5012255445261763
robot1,1214,1722894807702376592,-17.956362658227967,21.0699116017662,1.5667387929384018,0.04038875859158036,0.009403963475295006,0.8666197847285445,-0.4972428605494878
robot1,1215,1722894808205063412,-17.961599646496765,21.20707874663917,0.8555905705392409,0.04072061473046437,0.008977398502801803,0.8577875809331774,-0.5123101637181354
robot1,1216,1722894808699909527,-17.995901871955088,21.360198066352858,0.16463965974763584,0.04053373316415822,0.009154840670258818,0.857432329272216,-0.5129161784218753
robot1,1217,1722894809203689822,-17.98179185182045,21.476153700089487,-0.4747912801916276,0.04103152310179405,0.009296851419650254,0.8571908691753871,-0.5132775043463059
robot1,1218,1722894809701739517,-17.956622492376066,21.604726344881286,-1.0875429546513167,0.041176786401796076,0.009741088735984525,0.8567888563585632,-0.5139284376950198
robot1,1219,1722894810199923098,-17.948529429647234,21.739822330703497,-1.6573836636551738,0.04101577784459226,0.00977821471098481,0.8558142572973548,-0.5155618774613246
robot1,1220,1722894810702508723,-17.971411425499106,21.884066156271604,-2.238346774011155,0.037993503410761645,0.008462596568047431,0.8549268918648366,-0.5172860791904542
robot1,1221,1722894811200227132,-18.049857328455143,22.056420720561018,-2.8223220095823547,0.03689549096093164,0.007227529278073003,0.8517384917066498,-0.5226165203211314
robot1,1222,1722894811702262583,-18.05138579228232,22.200648203894946,-3.466180874334268,0.03622389364852275,0.007405751271552846,0.856804542182008,-0.5143140683214142
robot1,1223,1722894812205853038,-18.064572688066438,22.432769448948736,-4.175102923332249,0.031938817020474436,0.006659116070810096,0.87030523413027,-0.4914309387756782
robot1,1224,1722894812697025848,-18.077405552964784,22.578027967910106,-4.842604340337442,0.030342391325318456,0.005592865153013186,0.8695822387837799,-0.4928232838856447
robot1,1225,1722894813201158612,-18.0735690403411,22.702861606522763,-5.521133820318292,0.031598645022841744,0.007292714617152913,0.8680819834360755,-0.4953604868980998
robot1,1226,1722894813697742243,-18.09741143083486,22.887149011537872,-6.164705229727877,0.02942864707533576,0.0077286819411298505,0.8684444614787129,-0.4948519369808677
robot1,1227,1722894814195935117,-18.087552854599945,23.0338314701591,-6.796393516353633,0.03193263700181731,0.007718407544550299,0.8686788639126707,-0.49428510423689515
robot1,1228,1722894814705264640,-18.059489938732487,23.169127931196133,-7.385940462037093,0.03179382075754847,0.00898714141845496,0.8686441604908843,-0.49433359859091963
robot1,1229,1722894815200861844,-18.002923969213235,23.252431219434335,-7.87364885506517,0.02921370618110894,0.007773488311718942,0.8685855055948677,-0.49461636823010596
robot1,1230,1722894815700403037,-17.963763012933306,23.3113444368309,-8.256138288046627,0.03197935993601169,0.00790056257260019,0.8638960245927093,-0.5025918426934847
robot1,1231,1722894816204064864,-18.071553873581287,23.495795071198255,-8.670309499311017,0.03096785231103226,0.007530248582639276,0.8717135557552071,-0.4889782860129263
robot1,1232,1722894816696960990,-18.152530753894023,23.68240943101589,-9.060005453276576,0.031563433077148456,0.005871462097371424,0.869026520792135,-0.49372277827252453
robot1,1233,1722894817196835372,-18.20752243447283,23.860982641220993,-9.508525448909502,0.03332820528440298,0.007338848573461274,0.8730337062956843,-0.48646430465734825
robot1,1234,1722894817705248098,-18.261395561990792,24.046768202207595,-9.956804977501577,0.0298820673283797,0.00678134603750345,0.8777530235855611,-0.47813251822534225
robot1,1235,1722894818198151989,-18.24938784442626,24.120761281753325,-10.29303727181115,0.029828098978509868,0.007431759480067808,0.8807636872656915,-0.47255727764632055
robot1,1236,1722894818698840556,-18.215288219854898,24.175091771807065,-10.54539532070242,0.02882678551742328,0.006889709510871489,0.8810109903685587,-0.47216647825676894
robot1,1237,1722894819200749482,-18.22984738122453,24.232388651597237,-10.761085177834225,0.028621844765275135,0.006755622333562591,0.8810246879038909,-0.4721553249439958
robot1,1238,1722894819698829611,-18.250623366392126,24.33063421973327,-11.028922856856541,0.026596135296277357,0.006638870090215532,0.8840307909068893,-0.46662418681393614
robot1,1239,1722894820199030663,-18.264274523813274,24.3514122646516,-11.136575308567743,0.026643517406291967,0.0070659779238147055,0.8836617519937728,-0.4673137094067502
robot1,1240,1722894820698794108,-18.29374305965513,24.411967045252503,-11.258410252056612,0.02771896696455173,0.008508470079826531,0.8798340547922242,-0.47439572177159445
robot1,1241,1722894821199136905,-18.42846744442451,24.643143193678178,-11.564857667096488,0.025737685112861956,0.010898819299593588,0.8759288522261391,-0.4816299753344929
robot1,1242,1722894821703060711,-18.549288545998493,24.857927158559363,-11.872890858983753,0.016500936516689893,0.004122271516425947,0.8790591016569654,-0.4764093006708264
robot1,1243,1722894822200084600,-18.442132826829656,24.745348423229867,-12.180737887170432,0.01687873820466637,-0.00044601982796707085,0.8481318620865551,-0.5295160562027595
robot1,1244,1722894822704332137,-18.450909957651493,24.89484832361796,-12.401280237926978,0.024219298128213114,-0.0009678962853519207,0.8453718297703904,-0.5336281085227984
robot1,1245,1722894823201953184,-18.437463780517948,24.949989445409887,-12.832518710581294,0.01924021007657945,-0.004149068958561041,0.8288073706330298,-0.5591877519468305
robot1,1246,1722894823707037289,-18.450494234591446,25.066569995370212,-13.253256553514225,0.022773579850545667,-0.005833060047596398,0.8266796388849924,-0.5621815668663022
robot1,1247,1722894824207665177,-18.43104280904143,25.166188939338237,-13.722026221440998,0.03319300967747085,0.00016191503495685243,0.8232363833947562,-0.5667274961983007
robot1,1248,1722894824702712560,-18.46317418935425,25.320157744400998,-14.292971757465395,0.03562751282479326,0.010864760641012255,0.8206644143505716,-0.570195191425503
robot1,1249,1722894825201784308,-18.479153919123053,25.476636917691554,-14.911030978612267,0.03621402337291627,0.014200069251365112,0.8187489283306744,-0.5728325190679859
robot1,1250,1722894825699393137,-18.455301781609624,25.55742529791152,-15.522782704722657,0.036717850017764245,0.01572392121958834,0.8025605216462333,-0.5952320277727662
robot1,1251,1722894826202158182,-18.40034151422224,25.593678553640242,-16.13533067203956,0.04165511446539567,0.01894695997806025,0.7948653904173327,-0.6050577453955662
robot1,1252,1722894826700310153,-18.361401223003746,25.64302493149825,-16.78867193200024,0.041968410802444525,0.018541710566643586,0.7931677353410587,-0.6072724273980472
robot1,1253,1722894827197442303,-18.32396333479689,25.74225579203365,-17.474035947533245,0.041914581530767415,0.015211819624236643,0.7958244219352016,-0.603883480358854
robot1,1254,1722894827701323963,-18.259757766444814,25.814540328965982,-18.10609104792228,0.03601018508422266,0.012312796042682593,0.7972782672598826,-0.602411011004024
robot1,1255,1722894828202819739,-18.22480914239723,25.862446900684247,-18.70273347699992,0.03931438663499232,0.013991701715127359,0.8013733744519798,-0.5967070688420544
robot1,1256,1722894828702190529,-18.275601927401368,26.025726892071877,-19.374947204613985,0.038917605016256684,0.01889428592253467,0.8262752768683451,-0.5616027001496839
robot1,1257,1722894829203052174,-18.303415328953527,26.189213793932993,-20.01047001280904,0.038998965936342,0.018054541584263818,0.8336943134883578,-0.5505514561249055
robot1,1258,1722894829703845067,-18.302340457398195,26.303394212342543,-20.583167235145346,0.03624282536529379,0.019973959426262376,0.831709355331957,-0.5536669096195648
robot1,1259,1722894830207482458,-18.30718588430537,26.41880537528162,-21.169896828467436,0.03294788994382835,0.01855913001314697,0.8311936386265394,-0.5546955294106655
robot1,1260,1722894830702068633,-18.3452199011032,26.581519336241126,-21.79663504704344,0.03582431398190985,0.022824740465155004,0.8293340169195194,-0.5571361935205416
robot1,1261,1722894831200740619,-18.352248256472322,26.739750220548103,-22.42485650379815,0.03630484528264948,0.023755663255102526,0.8325077529160574,-0.5523119299879099
robot1,1262,1722894831702679560,-18.42846045276993,26.92490500098433,-23.127644391488154,0.0345984894867689,0.02156213373141563,0.8373214460865035,-0.5451887882539307
robot1,1263,1722894832206290925,-18.46274457810631,27.11550535685656,-23.905481094374526,0.037766895731578196,0.023597681406698105,0.8410628810043254,-0.5391011419165537
robot1,1264,1722894832700042262,-18.450055103713268,27.23164011150211,-24.545444428338975,0.03382584732549972,0.026318558069911378,0.8437236735699812,-0.5350640225350686
robot1,1265,1722894833202593564,-18.478094865653553,27.43542124760323,-25.33833207167679,0.029883303181907732,0.024056615249338095,0.8482941759784296,-0.5281337505355633
robot1,1266,1722894833703157332,-18.497241058502794,27.62418275221306,-26.0516046366246,0.03193859346045941,0.02931768117524302,0.846360009809578,-0.530843793985957
robot1,1267,1722894834202661727,-18.527090741096053,27.79346499753374,-26.85248111632762,0.030353851141703986,0.02897677113230558,0.8448333288970831,-0.5333813240452709
robot1,1268,1722894834695402516,-18.557774474575453,27.980896631288594,-27.647327869298003,0.028794451754073098,0.03206985821344165,0.8421530910217464,-0.5375133254393516
robot1,1269,1722894835201954639,-18.57914902889744,28.1448549055789,-28.421345240159443,0.030747778919669903,0.03590281849255287,0.843348176279976,-0.5352844246576173
robot1,1270,1722894835709898519,-18.626592387674993,28.334235099766026,-29.140045453807907,0.03185069190583006,0.0352444507981247,0.8461509851139489,-0.5308218839721588
robot1,1271,1722894836198024294,-18.692890419888386,28.536384936255377,-29.902838938292753,0.027028818288012974,0.036827130592873014,0.8447095686997071,-0.5332719287393664
robot1,1272,1722894836697755765,-18.720433501124614,28.679288672932117,-30.662226899981796,0.03337945471325467,0.042120992681300866,0.8376681755550814,-0.5435288967854506
robot1,1273,1722894837199577459,-18.746050942355094,28.864217715748868,-31.45521359944831,0.03725161165852096,0.03988924868509684,0.8411619564805201,-0.5380220518139058
robot1,1274,1722894837700035408,-18.757826242579796,28.992443199841713,-32.14969990403,0.036989379313521,0.04218427090615235,0.8410861841902104,-0.5379835535315818
robot1,1275,1722894838201958490,-18.753896525497648,29.10227513241035,-32.853896395831974,0.04000249000083951,0.04025190887009844,0.8437968530050267,-0.5336538723600339
robot1,1276,1722894838702932716,-18.82386261232271,29.24964317929797,-33.553634364162335,0.03654859227138046,0.046285907838667,0.8435304278871494,-0.5338335249560985
robot1,1277,1722894839196059190,-18.82738218346312,29.328472477509845,-34.13619304043317,0.03660409040109651,0.04812344035903951,0.8448879606604419,-0.5315153892268387
robot1,1278,1722894839699483175,-18.909949537038333,29.495770761142303,-34.79420568501923,0.03501622582467007,0.045402186307476264,0.8466614966196924,-0.5290338510428227
robot1,1279,1722894840201504863,-18.921756340543908,29.61245582506112,-35.36929136624109,0.03285444476046213,0.04525817720390011,0.8486803778233251,-0.5259409654641101
robot1,1280,1722894840703842503,-18.98500234541473,29.692063234523786,-35.89543363173743,0.04395957309909859,0.05679293343142868,0.852658900545615,-0.5175083747781686
robot1,1281,1722894841201628282,-19.04111224716953,29.781617662988904,-36.40065066120445,0.03545120429142448,0.04685918765599826,0.8592415394952037,-0.5081844207100608
robot1,1282,1722894841697437365,-19.092254239539614,29.951230577947925,-36.89261139381248,0.033748185757815075,0.047851603007291674,0.8575239723103704,-0.5111006955197104
robot1,1283,1722894842204858167,-19.163587441574776,30.097280905965512,-37.371725197526246,0.033585757277317656,0.047103119897324165,0.8578194451827394,-0.5106849248513454
robot1,1284,1722894842701421065,-19.243887552408392,30.23493867686039,-37.849257114633154,0.03262185739872837,0.04723944138277279,0.8562147245493626,-0.5134204856280666
robot1,1285,1722894843202228118,-19.328202001560577,30.385960071357122,-38.32578474287397,0.0335525183878354,0.0463448201750586,0.8620348499457321,-0.5036092767531339
robot1,1286,1722894843702721100,-19.39138060346821,30.51712626885962,-38.847272933826865,0.03271551414048806,0.046148383220767114,0.8619906223784917,-0.5037580657341114
robot1,1287,1722894844198223983,-19.414784674450836,30.608665535722874,-39.31652674452562,0.030866984968880018,0.03934063146414979,0.8623436328937593,-0.503848194164201
robot1,1288,1722894844705426297,-19.405762822478994,30.706243909708192,-39.7721039600071,0.03275376522711126,0.03547302876901324,0.863489926480201,-0.5020498002794318
robot1,1289,1722894845204911129,-19.459135159440287,30.828171942706973,-40.24353241895324,0.036868990483017325,0.03725470331162108,0.8634406472913428,-0.5017200546390717
robot1,1290,1722894845708495700,-19.503091314419454,30.961235414978347,-40.743002252186585,0.04017752015421056,0.03785333565006253,0.8668436695135436,-0.4955148277082293
robot1,1291,1722894846196912272,-19.592797365433366,31.09997738939116,-41.212663750236345,0.041158031338757346,0.040699283325487376,0.8722978323571443,-0.4855368950534419
robot1,1292,1722894846697858355,-19.6386594477141,31.239122472002066,-41.635942509815656,0.039422989915110396,0.04091155603088037,0.8774721854039861,-0.47625060240553796
robot1,1293,1722894847198889300,-19.50869369691288,31.20507134286072,-41.84514059797385,0.0421001370215186,0.04312893987817524,0.87689958693205,-0.47688005561792396
robot1,1294,1722894847700203065,-19.528079627046907,31.267211729572594,-42.112976406762215,0.04013990895012414,0.044356951813651305,0.864190702531638,-0.4995955145847001
robot1,1295,1722894848205540958,-19.61656539984697,31.40819122990294,-42.44360238576813,0.038850505989967,0.04167370778779549,0.827875024351389,-0.5580115449690336
robot1,1296,1722894848705957581,-19.68891145475879,31.56865667453489,-42.84424207770852,0.03720765412181896,0.04044352302908608,0.8135156615968808,-0.5789405671192304
robot1,1297,1722894849208054234,-19.644216747302202,31.633845162703697,-43.28120785592921,0.03577018544861373,0.037516070198475145,0.8077379415890286,-0.5872584235473801
robot1,1298,1722894849701933629,-19.621783856267818,31.64469911498297,-43.73647801419983,0.030947400164887586,0.03567576280641586,0.7974258650407129,-0.6015658635056392
robot1,1299,1722894850200045059,-19.589935749689776,31.623230026377065,-44.11415866069104,0.03457537051309844,0.03816113637074188,0.7812041398152928,-0.6221481844064355
robot1,1300,1722894850703933181,-19.562691532440898,31.64226940912061,-44.58722471795994,0.03765410110955632,0.03705096679432627,0.7646872082557717,-0.6422327211060108
robot1,1301,1722894851198576772,-19.51514172965858,31.66118866845856,-45.151255932845174,0.03614327883175022,0.031905461643986895,0.7461790047318596,-0.6639974381049567
robot1,1302,1722894851701187739,-19.366509705365885,31.615027335593062,-45.73577756658637,0.03713910887054092,0.027956134900202205,0.7179423802938626,-0.6945486877762613
robot1,1303,1722894852197926435,-19.208079383882197,31.53306918939971,-46.2622247184899,-0.04258666518999655,-0.02599217612170804,-0.6920205716334997,0.7201515890175467
robot1,1304,1722894852704835679,-19.027583020702245,31.4590985108667,-46.89515411498917,-0.042779000180054816,-0.02440729478877075,-0.6568149455666695,0.7524416046345003
robot1,1305,1722894853205656609,-18.828892218728743,31.33632663275219,-47.59787616268901,-0.04317451709661172,-0.02566505788571862,-0.6323086923816221,0.7730866597062973
robot1,1306,1722894853697395966,-18.595127016765545,31.1817713189945,-48.33079119435189,-0.04074125285165252,-0.021976946261609464,-0.6203332750470266,0.7829711310249708
robot1,1307,1722894854197107420,-18.34459596224504,31.0314546315634,-48.996874817948864,-0.04329091469246878,-0.02628222991840619,-0.609273741353324,0.791341044804911
robot1,1308,1722894854702149087,-18.11252774474987,30.903896765473736,-49.77373976468197,-0.03988760844228711,-0.022904099445368146,-0.61586590332735,0.7865071964325175
robot1,1309,1722894855206641267,-17.907418495776835,30.898366835017065,-50.433870967985165,-0.03811985979913741,-0.024572562346052484,-0.6551164441509625,0.7541654394571807
robot1,1310,1722894855704532867,-17.833752948364737,31.02980884853505,-51.10408258015906,0.036698879981244166,0.02850205854554207,0.7455264586691198,-0.6648542128098985
robot1,1311,1722894856197055389,-17.90474139795862,31.323150693985447,-51.66792312919447,0.03581023798128395,0.03434216011943985,0.8288573936390762,-0.5572554745391848
robot1,1312,1722894856697484239,-18.05821543546016,31.717873293439986,-52.08708063204358,0.031242125096512613,0.038627288732575975,0.9005882355856603,-0.4318248396159389
robot1,1313,1722894857204768029,-18.300859813272194,32.23664908285496,-52.48489708107455,0.03923913435401832,0.042983431624626915,0.9454495840027693,-0.3205273764437426
robot1,1314,1722894857700847067,-18.50276347133349,32.60642400396162,-52.8205525506918,0.09550091277416546,0.05758450405677626,0.9504670544372278,-0.29013096866976473
robot1,1315,1722894858201521175,-18.74662499050872,33.01196810816619,-53.26542122279081,0.06859503843496453,0.03892648030051515,0.9560339354595083,-0.2824509941269883
robot1,1316,1722894858706763389,-19.029089125559675,33.50697001288879,-53.55624682537904,0.05447967122943074,0.02191255512588375,0.9617963008543498,-0.2673942426707754
robot1,1317,1722894859202226335,-19.297230388309398,33.984618406501646,-53.8281352814909,0.05775912024991006,0.022125026593535213,0.9703110500222287,-0.23381794933441621
robot1,1318,1722894859699865052,-19.635455816779665,34.43074091366387,-54.11427937138017,0.058146002191437285,0.026508567018707147,0.9775316277010966,-0.2008687510485709
robot1,1319,1722894860196150965,-19.95938821603029,34.92146198715378,-54.34628786506213,0.047557748152146154,0.026022827251907504,0.9853423520452523,-0.16174523893594048
robot1,1320,1722894860698014930,-20.289343407355236,35.45605590341034,-54.543919960343516,0.04569284018623881,0.025935542556685072,0.9894377136522113,-0.13510189780565648
robot1,1321,1722894861195727037,-20.64444962875305,35.96705078518246,-54.63957604024345,0.045519850234896665,0.02904403738969177,0.9941266548593424,-0.09379009129365727
robot1,1322,1722894861698364943,-21.02138049027988,36.51810886139432,-54.715457822939584,0.043198804728246824,0.033674230211665324,0.9951678624011158,-0.08149131937633793
robot1,1323,1722894862197192009,-21.38932541146492,37.046025094787964,-54.82897989082268,0.041215813791109064,0.03467478132480207,0.9951387125243869,-0.08244913018897893
robot1,1324,1722894862708208257,-21.79802407331058,37.60746744726072,-54.82274746463372,0.041806104897979965,0.039306433128220526,0.998127221628438,-0.021196776931664264
robot1,1325,1722894863197143390,-22.208135946285996,38.12349970541728,-54.714709170645875,0.034964155164081114,0.03446033989973855,0.9969226327341282,0.06111675032355006
robot1,1326,1722894863697441381,-22.604697888765035,38.63742816957087,-54.50454381658178,0.032534643163066666,0.03669001174426861,0.9903040593850951,0.1299738819834939
robot1,1327,1722894864209316680,-22.95405406273329,39.139284000301984,-54.32923588196452,0.03200782993545315,0.03822225035639367,0.9849005992694386,0.16578711638488985
robot1,1328,1722894864701716399,-23.381920774176645,39.57187029447585,-54.13562675878939,0.035533307522481364,0.04054722952861985,0.9812703876676131,0.18493710422929907
robot1,1329,1722894865198113183,-23.73269012635397,40.002943428849086,-53.979806726150095,0.035878776929244405,0.04252362915311658,0.9760014034127815,0.21053673044386043
robot1,1330,1722894865699155599,-24.057634880076737,40.57658785868983,-53.7061472486192,0.029423414561723423,0.046583013214581984,0.9729948510095361,0.22415464631434623
robot1,1331,1722894866197818699,-24.397263131425344,41.054944240750366,-53.481557185796945,0.029353471505828014,0.048607585534731365,0.9680869486571073,0.24409698109319483
robot1,1332,1722894866700859292,-24.733826878231632,41.40550571418516,-53.17616342802325,0.019033502888394813,0.05228866756861259,0.9485353929193361,0.3117438522105245
robot1,1333,1722894867203226594,-25.051589337831327,41.691282990881874,-52.97240465743122,0.01943633342482526,0.05011590747789121,0.9416028015434434,0.3324075644238639
robot1,1334,1722894867699911875,-25.276505223504994,42.012278064309626,-52.78420143992626,0.020260267731708526,0.05102374077880858,0.9254461641131799,0.3748806433474231
robot1,1335,1722894868198213180,-25.626397994516076,42.33077911954839,-52.55146002112409,0.02330991910237879,0.05081679146008886,0.9152876042440141,0.3989021219477221
robot1,1336,1722894868698707696,-25.92653038918076,42.701222879937795,-52.025578864716806,0.02369531201182015,0.05217275993360903,0.9186863273978249,0.3908093744549496
robot1,1337,1722894869201832248,-26.10895404615649,43.25388427699825,-51.742349803309786,0.02788311665365625,0.05166775193526324,0.9227335988484828,0.3809405213045232
robot1,1338,1722894869699606951,-26.27510004579969,43.69859866351351,-51.391655509893965,0.02493789629813603,0.0544163887058338,0.9159817530020105,0.3967296133839806
robot1,1339,1722894870202958543,-26.64206760672664,44.11434779650865,-50.90647067359088,0.024480071749254043,0.05367147453769091,0.9110865698223142,0.40797225542616333
robot1,1340,1722894870700843363,-26.7588127006166,44.43300549359926,-50.569820782447565,0.022921283431806733,0.05429219185983161,0.9061472637907416,0.4188366137212053
robot1,1341,1722894871205833139,-26.94240404534603,44.82927253468618,-50.48180121977809,0.025949556562520803,0.05318736676448696,0.9011129947104293,0.42952659439768137
robot1,1342,1722894871700471227,-27.128566285626057,45.16196903679434,-50.2012744381032,0.023225301750349325,0.0541876322235706,0.8954527388621124,0.4412354001402764
robot1,1343,1722894872201117461,-27.3826400252614,45.62413503444451,-49.97516960410985,0.010693525425268191,0.05773130570268256,0.9182333544187155,0.391663441858946
robot1,1344,1722894872699223855,-27.52322285753519,45.97305125954015,-49.94624694698281,0.0009673498116913873,0.06058453903300238,0.9315826531793324,0.3584443306286989
robot1,1345,1722894873199626261,-27.60719523108847,46.28383798926299,-49.95832648299521,-0.0010143218762221791,0.05848302620190483,0.942845412527003,0.3280567555685819
robot1,1346,1722894873696889943,-27.702606217148382,46.59854815538909,-49.95593794020602,0.026547561425806256,0.06928305671681102,0.9721393438971985,0.22235148095176427
robot1,1347,1722894874200970285,-27.799936664392384,46.87770011697709,-50.0724241569392,0.026985546847234615,0.060448291160333185,0.9888538980649133,0.13336323570976116
robot1,1348,1722894874703109623,-28.053181507939957,47.34975024974243,-50.0558643144227,0.023773073028675276,0.0546245625485493,0.9898947347184467,0.12868338020835882
robot1,1349,1722894875196778545,-28.31436945734735,47.931284200798224,-50.03565819452856,0.025688212446838703,0.054129428676870976,0.996698677594946,0.05478929432733587
robot1,1350,1722894875698184962,-28.65954127329533,48.483926291759744,-49.8851015495007,0.024383320265999597,0.05038597652063851,0.9874244579133765,0.14785008277759515
robot1,1351,1722894876201594930,-28.9628143805639,48.97742953750893,-49.71954990551564,0.02342550441262727,0.0535333947403648,0.9849042097323819,0.16293900405372091
robot1,1352,1722894876704192126,-29.334220807636516,49.76767577187305,-49.90197406433912,0.025028104749508215,0.051790734991746544,0.9947445618875926,0.0847028354703869
robot1,1353,1722894877201294658,-29.62924180977468,50.45556461346794,-49.81905866607798,0.026643443845759337,0.049484036332262074,0.9927640634158287,0.10611772443092433
robot1,1354,1722894877696083094,-30.02711936642549,51.191748750723264,-49.882390933167294,0.023911424725302756,0.04700325581444377,0.9911733697641408,0.12163177537488266
robot1,1355,1722894878208678411,-30.407960275898688,51.86507999412822,-49.7960843424164,0.026399678109612735,0.04527177559302947,0.9866369085241863,0.15427616169778105
robot1,1356,1722894878705319368,-30.82312813598716,52.63237083500537,-49.743094430524,0.0207974356101895,0.044605228315532444,0.9876600914582652,0.14867879478799406
robot1,1357,1722894879204238381,-31.189288633704003,53.38345255741581,-49.63142384671893,0.021426436775026456,0.0428299670770957,0.9882034644772109,0.14546619718181497
robot1,1358,1722894879702007877,-31.57804491326365,54.11137000715514,-49.53308342894379,0.02506666595992422,0.04218241102537454,0.9884005061615435,0.14372454862459824
robot1,1359,1722894880197733852,-31.944342714305858,54.85341270834219,-49.420238625963705,0.02358728657520093,0.04262590328253577,0.9886808128714568,0.14190462480554603
robot1,1360,1722894880703141814,-32.37323793773323,55.550788043231606,-49.32555277622198,0.029082467961731067,0.041901268751725895,0.9869390117382415,0.15280667800653816
robot1,1361,1722894881209343322,-32.811059801106275,56.263573521378596,-49.270722151272956,0.020661414667224244,0.045500783199137626,0.9795056995891871,0.19511885901806425
robot1,1362,1722894881702929723,-33.211473008556055,56.840441251440524,-49.186614132001914,0.02296097119992139,0.042558626411595274,0.9601014596613275,0.275439184350562
robot1,1363,1722894882202780496,-33.63602878684012,57.286657279258655,-48.95718213355044,0.019452622390045124,0.04397235133847139,0.9416770821782436,0.33306500972060366
robot1,1364,1722894882704345247,-34.02530153847807,57.87192145937548,-48.7482248910534,0.01977144233077052,0.043775010773286556,0.9589915076934568,0.2793351511567962
robot1,1365,1722894883197378142,-34.395676821104374,58.566948440407714,-48.68970409217937,0.017170779411158858,0.042676182881953795,0.9704731940424685,0.2367819405994653
robot1,1366,1722894883697642776,-34.762561160861196,59.28921604937638,-48.68564293917234,0.018033983328920623,0.03921812127922385,0.9752142458099122,0.21701126509475144
robot1,1367,1722894884202160615,-35.102182566728416,59.980858733951855,-48.72472590155123,0.01728507926285759,0.039751614139939606,0.9788455566367101,0.1999560238170267
robot1,1368,1722894884710728356,-35.46604877967285,60.69564103775275,-48.763630020138585,0.017720866019796347,0.03506875417062111,0.9922856093759878,0.11758155813627322
robot1,1369,1722894885198691852,-35.824005913543395,61.320104278867596,-48.74785072125296,0.01551579014797435,0.03199856581157329,0.9983519687290967,0.045041076550445355
robot1,1370,1722894885702175683,-36.15201458029873,62.0178987958053,-48.57754239376034,0.019507107786576553,0.03231773599382095,0.9985324846186338,0.03883186639056182
robot1,1371,1722894886205545905,-36.56092425203555,62.62343723839367,-48.3641176064342,0.01854235679087296,0.03285248881478663,0.9981916130999569,0.0468016935614546
robot1,1372,1722894886698373203,-36.940498645047185,63.15641417198627,-48.19952231846545,0.017330720830429497,0.03238120811766249,0.9964071439521476,0.07631452651666364
robot1,1373,1722894887197845480,-37.30327471307777,63.667194650866804,-48.02899135863351,0.014839681587836759,0.030729029083604108,0.9953001648033415,0.09062611414152093
robot1,1374,1722894887701557250,-37.68183228420592,64.26962439094046,-47.7760099745991,0.01940592647587968,0.03434139632184625,0.9926882145575908,0.11407974050961513
robot1,1375,1722894888201272127,-38.01795928871802,64.86200940702314,-47.720023074771234,0.017267677186335935,0.03524603582368235,0.9919403726130774,0.12047340562768756
robot1,1376,1722894888701487111,-38.287091978668315,65.42903316685911,-47.52886000924686,0.017852107153658796,0.0389125896370918,0.9879496731268359,0.14873653218522923
robot1,1377,1722894889198924424,-38.6275788283117,65.99199522087922,-47.45784504786966,0.017053236877439707,0.040301650607914415,0.9834515731043985,0.1758066194111118
robot1,1378,1722894889701163634,-38.98057187551245,66.49518520175138,-47.282706280277445,0.015428921261061513,0.04244973835364717,0.9786895392050401,0.20031663423952875
robot1,1379,1722894890202947406,-39.34171781895372,66.97710199925004,-47.18517877274864,0.018778275423047282,0.045790474026637204,0.9733875486224529,0.22375721004545085
robot1,1380,1722894890703040374,-39.68323244037329,67.4917423445237,-47.15505151413834,0.018675914102506116,0.04902063175613381,0.9738501591236106,0.22105215554159105
robot1,1381,1722894891202240065,-40.02660268866849,68.05331656113829,-47.01036173276988,0.01966163372731264,0.05245690706276305,0.9689279484699813,0.24091559462669684
robot1,1382,1722894891696308922,-40.38055778897493,68.60021721816018,-46.977158655674586,0.021329536479570872,0.05500652009643947,0.9645153786610079,0.2573507683043888
robot1,1383,1722894892199584724,-40.69813020008514,69.13093876285613,-47.02366989558019,0.020436519166751765,0.05476789896002041,0.960376233740171,0.2725074597050449
robot1,1384,1722894892703382328,-41.03197271652231,69.67219185616476,-46.85017167004116,0.022637207075958576,0.055130625288255075,0.9539831364255102,0.29387811491649474
robot1,1385,1722894893206492298,-41.36513602520273,70.36619196744405,-46.73222767114384,0.018433102425475016,0.05752963538171933,0.943214857192595,0.3266439880955579
robot1,1386,1722894893695965456,-41.67268590758685,70.95161174108658,-46.540294675369914,0.015970347062434873,0.059438280735787545,0.9288040332404999,0.36542455669270446
robot1,1387,1722894894205328904,-41.947529294495794,71.5373225662207,-46.47376427013087,0.01612322076082887,0.05901628835928699,0.9210537938043925,0.3845998288859824
robot1,1388,1722894894700404156,-42.196202762115696,72.11996137617326,-46.33018057225812,0.015756761852219095,0.059638753776390094,0.9119123368712722,0.4057226064269861
robot1,1389,1722894895206769302,-42.46217777472019,72.8039612088766,-46.23981418600993,0.015102734516696685,0.0620137438363453,0.9071831281131311,0.41586653514365973
robot1,1390,1722894895698808036,-42.76514013077915,73.49808732302891,-46.25593914198963,0.018797399477888912,0.06168113689673861,0.9345364070690503,0.3499768549296722
robot1,1391,1722894896197287444,-43.02156787504511,74.16245483853243,-46.23778487593798,0.022646602663170076,0.0611414757742773,0.9349926334146808,0.34862247028589594
robot1,1392,1722894896697280128,-43.249965528927206,74.77399893073402,-46.17692298494635,0.01884732708683588,0.06085771525424245,0.9317348852798673,0.35750695141245575
robot1,1393,1722894897205850034,-43.52601434013547,75.35341386617883,-46.02569207614858,0.01708067845241668,0.06342842244634406,0.9309021015688954,0.359313738874799
robot1,1394,1722894897703151832,-43.80112946089117,75.9121548179436,-45.98279735533123,0.01707185651531593,0.0613589735844089,0.9233783290975445,0.378571115417982
robot1,1395,1722894898198291787,-44.06002268335122,76.36156739338455,-45.93623435230488,0.02129221581060923,0.05960153526028229,0.9138967344917304,0.40098261461794527
robot1,1396,1722894898700518960,-44.34512751673996,76.83208936760003,-45.79674334670263,0.01793284305790535,0.06531813080323899,0.9043492346643842,0.42138393027045323
robot1,1397,1722894899201200541,-44.66936377211104,77.40296619651691,-45.65340510128677,0.022570440317665023,0.06348354409247095,0.9060794374617391,0.4177085920379716
robot1,1398,1722894899705465467,-44.983776424011914,77.99236976821227,-45.52864069035495,0.02055093784137539,0.06359923235014488,0.9023700832458512,0.4257476123963442
robot1,1399,1722894900205283092,-45.27773558104524,78.5401905018386,-45.41284687254795,0.02343312386461779,0.06463529891566987,0.9049674439463674,0.4198893809531336
robot1,1400,1722894900698933244,-45.57939200760176,79.04207326932485,-45.24023512775372,0.019699638798586903,0.06668533230228445,0.9013407503823047,0.4274925056503364
robot1,1401,1722894901201750882,-45.98061950344127,79.57190817879214,-44.97001628573813,0.014215371056151923,0.06845177652301142,0.8997210782945165,0.43082973294461935
robot1,1402,1722894901700804003,-46.29845039298815,80.05782216996685,-44.937331512387594,0.019581943467668988,0.06662959994404259,0.8980173981883051,0.434444238599654
robot1,1403,1722894902195692493,-46.62347967907334,80.53613216620447,-44.93294117343687,0.019179449159329814,0.06786585038104012,0.8945947909311935,0.44127829667997165
robot1,1404,1722894902701107520,-46.9825441938571,81.01516420835573,-44.830381345988044,0.01969749084216763,0.06556690624012107,0.8864852199956234,0.45766466368940173
robot1,1405,1722894903200307118,-47.29404150106198,81.50288134184622,-44.59519937459686,0.020167662964544777,0.0661307399255287,0.8841427329730047,0.46207317422511845
robot1,1406,1722894903697188149,-47.65272374219638,82.09446762638517,-44.451034942271825,0.021072538319267607,0.06195300647768621,0.8762188971788232,0.4774497013758472
robot1,1407,1722894904195389322,-48.03669010223538,82.63793154637578,-44.258897973022,0.01774761424643478,0.06232033900288248,0.8667940519711886,0.49443833690612415
robot1,1408,1722894904699309083,-48.34143362028901,83.17635523662877,-44.1460922920708,0.01225614922310452,0.06374808961800829,0.8476492468008638,0.5265707191576491
robot1,1409,1722894905202440731,-48.50177047614485,83.61444028068874,-43.9960242036732,0.013432922575378462,0.06396952196543082,0.8108041197056902,0.5816563730579071
robot1,1410,1722894905697117609,-48.66311165085595,84.04510318518429,-43.791528867484516,0.0063326101534653765,0.06975476387786302,0.7711237454185403,0.6328209385099944
robot1,1411,1722894906201637739,-48.82460088584547,84.32738303985944,-43.44830336798843,0.011118127049459787,0.06996539380808642,0.7428941268068407,0.6656497181521924
robot1,1412,1722894906705527582,-48.98118801485441,84.68883199378692,-43.26772096062433,0.007652556834693873,0.06568896124824312,0.6996300660267162,0.7114380995248085
robot1,1413,1722894907195369059,-49.137978907248254,84.97403112983956,-43.10310673337035,0.002627417203592396,0.06898568436224814,0.6798200308974668,0.7301224538544734
robot1,1414,1722894907698429155,-49.34291108193996,85.36589319517682,-42.88275265985881,0.0034160948330645585,0.06633805182767674,0.6908344997830823,0.7199550590733134
robot1,1415,1722894908199150662,-49.53407215958215,85.76395510513619,-42.66344461663524,0.002084321168784875,0.05911683130480426,0.699486827011275,0.7121931161556139
robot1,1416,1722894908697388967,-49.784818469014056,86.1001315401465,-42.42435795954857,0.001397802138271237,0.05835600752990008,0.703886788282924,0.7079096070933794
robot1,1417,1722894909197553800,-49.9774320197367,86.31000406225738,-42.09127671696775,0.003679710081755715,0.05521769048834243,0.7162796841455957,0.6956154688268034
robot1,1418,1722894909701861701,-50.126615439901656,86.59542585850073,-41.78075659653333,0.001717868506528184,0.05780708231792733,0.7302675912507914,0.6807089211479822
robot1,1419,1722894910201444081,-50.371780840439385,86.91177361475498,-41.45105462567433,0.00926242171404816,0.049721100636219186,0.7534746361226626,0.6555287883955478
robot1,1420,1722894910700828598,-50.675815646863505,87.25503232720217,-41.026330038980234,0.012304901503231859,0.045720573118892355,0.7675268794551475,0.6392657568699571
robot1,1421,1722894911198888414,-51.02925176703376,87.62679597353139,-40.58356012563683,0.0039966239938981985,0.04633578444937587,0.7757408458559557,0.6293354925211185
robot1,1422,1722894911701975282,-51.355357311037494,87.9791176399068,-40.1850894193763,0.0014584914684676042,0.04104723612680295,0.7833859020148113,0.6201770116131581
robot1,1423,1722894912204126233,-51.62594963490286,88.29897748935576,-39.819428944342434,-0.0006035517699133836,0.04363614644813886,0.7887188810412421,0.6132031059424509
robot1,1424,1722894912697191037,-51.95274133239516,88.61814783275456,-39.51256217343752,-3.493111341011398e-05,0.04849984647473003,0.7950874518096447,0.6045524854357897
robot1,1425,1722894913200952904,-52.3697019354053,88.95903381636826,-39.14053829778937,0.00480936596290852,0.04460879629343937,0.7891758433248471,0.6125262554411864
robot1,1426,1722894913699756950,-52.72671760537104,89.27032614770084,-38.713224204921346,0.009658345666658913,0.04768577571105735,0.7834873515006344,0.6195000832867897
robot1,1427,1722894914196898857,-53.07135965668165,89.57621520256333,-38.22368833276435,0.012216167078066888,0.0441708251181353,0.7724143855858518,0.6334632747131714
robot1,1428,1722894914695593829,-53.50912175831949,89.85798081319574,-37.6310555984407,0.006640341751652477,0.045276649314674046,0.7727755077087324,0.6330276025370207
robot1,1429,1722894915200333748,-54.03202525077035,90.30667053140354,-37.20592396599141,0.00992401143533463,0.041205524276628575,0.7680131864794292,0.6390300181993277
robot1,1430,1722894915699058782,-54.59962068760991,90.74605879121684,-36.87252744288598,0.011315440051050646,0.040457936555399455,0.7618212742247218,0.6464235935706181
robot1,1431,1722894916197292019,-55.12800772009259,91.12636902452766,-36.36699845888486,0.010183596547348307,0.04384753650087464,0.7501783364321392,0.6597015624144553
robot1,1432,1722894916696432461,-55.62546674916518,91.4337966359077,-35.831535102113634,0.007466231456382638,0.042758873123785256,0.7390409070549698,0.6722607171748111
robot1,1433,1722894917198239894,-56.118774496897565,91.7902238758803,-35.37507734669922,0.00965489427500176,0.03735261365703721,0.7157974081254377,0.6972414472694751
robot1,1434,1722894917697173201,-56.59754804292525,92.20222430100732,-35.07817893495115,0.01434261853043912,0.028856248526284857,0.7034915777613323,0.709972679920538
robot1,1435,1722894918205423637,-57.04486562138631,92.51182371009776,-34.67724206594589,0.01321875706283371,0.034825608707639365,0.6862227039765351,0.7264370874253246
robot1,1436,1722894918699657435,-57.34427857479269,92.76991132164692,-34.21208492422432,0.011317462812888101,0.03274308407976709,0.6700054863514816,0.7415473374905602
robot1,1437,1722894919199581816,-57.678800805034335,93.02778454576381,-33.73073883124257,0.00617403434518853,0.03493758955110862,0.640149150806449,0.7674309811690202
robot1,1438,1722894919698523088,-57.99004643358983,93.3416226950218,-33.31623885680762,0.004581791673274349,0.03317610999334218,0.6227537777476614,0.7817007644948216
robot1,1439,1722894920197145122,-58.28370795745103,93.63190911019285,-32.80906431072745,0.002846898949489518,0.03257076936532786,0.6029204559273721,0.7971310833066615
robot1,1440,1722894920696339130,-58.527513260950435,93.89227664407949,-32.26285901148614,-0.0001211051907034689,0.03460887863657934,0.5843616774936861,0.810754981933393
robot1,1441,1722894921197468668,-58.80290868957011,94.15736721677911,-31.70020525257954,-0.004368424320136856,0.032695648331381014,0.5665655441577054,0.8233561778613392
robot1,1442,1722894921696346268,-59.05607372014653,94.42842251609875,-31.11188261265928,-0.009443634115260753,0.03983487426498777,0.5503537483035335,0.8339273063614362
robot1,1443,1722894922201314929,-59.32621505278337,94.73644630329049,-30.586182093721884,-0.012072153111046563,0.04211570811510912,0.5316656242882357,0.8458204266860827
robot1,1444,1722894922701892188,-59.566074368935546,95.03276823125657,-30.11036546602949,-0.005225166668716494,0.03582043509640428,0.49785809471691395,0.8665026898905928
robot1,1445,1722894923197988458,-59.78293435706713,95.21012616084349,-29.499593226054586,0.0017215293060136865,0.03263085546825155,0.48497089528025683,0.8739196154906496
robot1,1446,1722894923702226599,-59.95391797369663,95.32246735936945,-28.785019876075697,0.0088935783399801,0.03459762843883253,0.47236745225441307,0.8806775223777397
robot1,1447,1722894924200995750,-60.20228219418073,95.57005555720329,-28.210599913557548,0.00830816821154983,0.035864216741792555,0.45386808546660756,0.8903080889744529
robot1,1448,1722894924701614584,-60.44193838151045,95.87554357602458,-27.74048839344047,0.01286200232856857,0.0320671311377705,0.43647436358858765,0.8990530562356319
robot1,1449,1722894925202413434,-60.640203477141995,96.01909138292332,-27.21104687195733,0.01689319832765509,0.03223437369894482,0.4206833662750948,0.906477286169904
robot1,1450,1722894925700096025,-60.75595255227852,96.08017160644448,-26.61345907241182,0.016414770475355184,0.03251002072012071,0.4028107745081864,0.9145584365162971
robot1,1451,1722894926202193499,-60.911309458450944,96.09781582683573,-25.936255983469252,0.015848821205351936,0.03350430933859969,0.3863297835819775,0.9216157412065218
robot1,1452,1722894926704065316,-61.06741701216776,96.25115308295597,-25.3412866142359,0.01446357446235805,0.03399931724453868,0.36572490657600976,0.929989324750906
robot1,1453,1722894927199898264,-61.24910891541273,96.36839777575311,-24.759628432098722,0.01707646903914662,0.03424499606734501,0.3412113463802722,0.9392073740931044
robot1,1454,1722894927697773582,-61.36742710894986,96.29493290385496,-24.119651077798647,0.011882501976796508,0.033819354334591815,0.2865756639594509,0.9573867798572124
robot1,1455,1722894928200522840,-61.393378083044645,96.22043646079742,-23.559166466435734,0.010766886800245786,0.030709677629396116,0.22617381249978818,0.9735432175244404
robot1,1456,1722894928700523303,-61.381025584089905,96.08481387445175,-22.97712651231823,0.010223629857698544,0.030394811969524857,0.1920610919051514,0.9808588939159755
robot1,1457,1722894929206336315,-61.340151734014974,96.0585183695996,-22.367034194160293,0.007088517536751461,0.03660316193384462,0.1682454104001876,0.985039818146885
robot1,1458,1722894929702092716,-61.334314743176236,95.88964173527755,-21.739076433969604,0.008291709068345738,0.031727550633728736,0.14010568881028507,0.9895933538855775
robot1,1459,1722894930206429473,-61.278762322619464,95.64359527411709,-21.104451449429273,0.010252664263433084,0.03467809150193962,0.12855754553944682,0.9910425169134559
robot1,1460,1722894930706728390,-61.36295620223021,95.51035190722017,-20.44208408314875,0.008420290972843636,0.030054056530030022,0.1126521764260442,0.9931441685538399
robot1,1461,1722894931199424209,-61.570301316032726,95.6030948868788,-19.855561181435426,0.0071924350667713745,0.031720187331734706,0.1148207665726037,0.9928536096309111
robot1,1462,1722894931700561171,-61.60235993729727,95.50780337583063,-19.269688800520985,0.007895558592704022,0.0321020016823796,0.11814993349679562,0.9924453208399929
robot1,1463,1722894932199554538,-61.664442087420596,95.42708243576924,-18.691487226249,0.008449978721650538,0.028986514612441713,0.10974092997065135,0.9935015390624229
robot1,1464,1722894932696277573,-61.68870522933951,95.28669116168813,-18.182647858358678,0.006861210859267742,0.03297204972443477,0.10708902861218403,0.9936788755294201
robot1,1465,1722894933203626046,-61.69470149771624,95.09638632683063,-17.68621184603097,0.006795249001257413,0.03540878020623243,0.10564465588276259,0.9937500941175956
robot1,1466,1722894933703823227,-61.61103287580688,94.79147118371066,-17.17608627217787,0.00975260872645586,0.0381333961334139,0.09845424503758386,0.9943628574903832
robot1,1467,1722894934203435221,-61.54726011790482,94.60123885750612,-16.72784593594852,0.010070963682056242,0.03491893538576044,0.10083492380032508,0.99423918741127
robot1,1468,1722894934701568984,-61.565747610036816,94.46194805409993,-16.199068637180403,0.009932232822644231,0.0321196631675296,0.0984167084852466,0.9945772114220651
robot1,1469,1722894935200374145,-61.59596822072063,94.30277737457479,-15.71748199198473,0.010396040271714726,0.0292445914776043,0.09778246579542291,0.9947237131982649
robot1,1470,1722894935700762014,-61.57916252673798,94.0861454970688,-15.208961526960286,0.009127409686765573,0.030371983896073044,0.10060181122343648,0.9944211927373584
robot1,1471,1722894936196132180,-61.59163996000255,93.93133987108837,-14.672757465984349,0.011851892626263634,0.02332107420390746,0.10188280868954495,0.9944523887208884
robot1,1472,1722894936700365080,-61.56515974429014,93.61307366391313,-14.033761830761332,0.008047615996526552,0.027806643460874136,0.09560379049960001,0.9949984631637986
robot1,1473,1722894937198685220,-61.59622753326099,93.39563406436194,-13.43607190051397,0.01031196454810536,0.02872752437775905,0.10594077702886633,0.9939038909737722
robot1,1474,1722894937703661894,-61.64322614554896,93.26775951593497,-12.739693113579808,0.009530300666831054,0.030297707682549836,0.10106440831244075,0.9943727709721535
robot1,1475,1722894938204165086,-61.64962524617731,93.04124551185402,-12.025322658055485,0.01081784836215629,0.031796787628490926,0.10552942624010553,0.9938488208227427
robot1,1476,1722894938697825212,-61.66812841133415,92.73195736424609,-11.323959236245894,0.007464930796141383,0.03506599752462085,0.10563501410903209,0.9937584688544782
robot1,1477,1722894939203177051,-61.7592069715184,92.51270901790534,-10.538547007248381,0.008283073021724499,0.03298246502057014,0.10688079293262692,0.9936901145752516
robot1,1478,1722894939698066143,-61.93419600223788,92.43840876581655,-9.850008946137367,0.00717879884875092,0.025282100524916695,0.09919037095798189,0.9947213431656904
robot1,1479,1722894940198625992,-62.074531427928704,92.33108809396829,-9.108911075656888,0.007429585936449101,0.03772703082231196,0.11039198605065792,0.9931440388050148
robot1,1480,1722894940705104641,-62.08747258697134,92.14415670108431,-8.379424254593456,0.010502871369006976,0.029135652546731373,0.13092135419162393,0.9909088769711945
robot1,1481,1722894941200446931,-62.06546068588801,91.92928913393351,-7.602873672997058,0.006523629146936793,0.030383378256315225,0.11809887272442622,0.992515465294978
robot1,1482,1722894941698651694,-62.011419179413295,91.7544566029419,-6.923875778883437,0.005877832019873804,0.030142515339450972,0.10618415765847725,0.9938721268463648
robot1,1483,1722894942199677965,-61.94228900704566,91.71411071438628,-6.229757204122854,0.007059570700010911,0.03568156058709029,0.09717767516633659,0.9946021758194918
robot1,1484,1722894942698604476,-61.938388863064866,91.75821491180035,-5.510887545906906,0.003382099186435889,0.031042096922419066,0.10189716184998557,0.9943047410279556
robot1,1485,1722894943206620875,-61.9359285272707,91.53665485226328,-4.770062742964462,0.0014510218610098299,0.036976293692819184,0.09783713410528183,0.9945142248506889
robot1,1486,1722894943698577440,-61.93063019912165,91.31444455538568,-4.099412238672992,0.00047321810766525174,0.03632349174305015,0.09484293517088879,0.9948292304010703
robot1,1487,1722894944197535092,-61.894115365403344,91.20234274891851,-3.431311724672822,-0.0022956345870474484,0.033516135687160664,0.07627254816019202,0.9965208964731215
robot1,1488,1722894944698900817,-61.9004395115292,90.99526354848112,-2.7319948454163088,-0.005718867354729218,0.028290467884560737,0.060149307765572375,0.997772020432711
robot1,1489,1722894945199418787,-61.88016081699917,90.69883227439179,-2.013629659741992,-0.005974803237850905,0.03279613541408057,0.08185546895083154,0.9960865411353623
robot1,1490,1722894945703543679,-61.92847955442043,90.4409716112663,-1.1908964720931177,-0.006899443558335412,0.03742373498162687,0.07412679227985683,0.9965224936773426
robot1,1491,1722894946201619819,-61.94360092421667,90.32201979734174,-0.3623643828063747,-0.007713028142641892,0.03683496594465209,0.06527503442211174,0.9971573919707557
robot1,1492,1722894946698452015,-61.98524802304285,90.19151446887055,0.46191267411859593,-0.004414546602161996,0.03418463993934014,0.08436594221821064,0.995838495923987
robot1,1493,1722894947197270758,-62.072776685025325,90.08412933492001,1.3084483572529468,-0.003735710191751978,0.03730608041489307,0.08777415943131234,0.9954345773427641
robot1,1494,1722894947699051093,-62.14919542564394,90.09136777692414,2.051773173777379,-0.0014892226720974002,0.040401682805296685,0.09754770218176946,0.9944093382714132
robot1,1495,1722894948200655004,-62.20638103410583,90.05679344100133,2.687040096360775,0.0014537204253322893,0.04244595737119878,0.12117588900272153,0.9917220534626462
robot1,1496,1722894948698555599,-62.31139199863876,89.93346614469952,3.2466410062164197,0.001280995958481908,0.041721964286641114,0.11615179706625033,0.9923539674852412
robot1,1497,1722894949198385253,-62.480275039408454,89.79861223460213,3.7423151835938047,0.00031362492177969427,0.04488088868938671,0.1142793310524937,0.9924343010819678
robot1,1498,1722894949700915765,-62.5874794359184,89.74735130190334,4.301145397537298,0.00032105819187204136,0.04466839929672845,0.10503409229839937,0.9934648813526107
robot1,1499,1722894950196806549,-62.5931028237921,89.64703253328155,4.8372238539401415,-0.001246301454648068,0.04343094057393126,0.09373099088646046,0.9946490343236603
robot1,1500,1722894950699512824,-62.55652488112863,89.45077435503941,5.414246702981703,-0.0003867511865942252,0.04391236847212917,0.10272567238857497,0.9937399008548478
robot1,1501,1722894951197627711,-62.44164430151899,89.14574002505442,6.052620595458465,0.0009467557989148998,0.04899655118582007,0.11714864151819593,0.9919045505570553
robot1,1502,1722894951698891821,-62.39049057675954,88.98041049999114,6.779388190560145,-0.00012529379608510415,0.04671176090306747,0.13122216772236617,0.9902518560412005
robot1,1503,1722894952196846889,-62.50068300628529,88.98676962231976,7.533461915895386,0.000247370659614821,0.04950791454997045,0.14655147602667723,0.9879633445017441
robot1,1504,1722894952701414621,-62.588804143814905,88.97062662943415,8.246368648635428,-0.0008341569289769099,0.0495311679541686,0.1554098001140244,0.986607197222802
robot1,1505,1722894953198783121,-62.59005589022859,88.8985118254439,8.8864126267513,-0.00012638956465336264,0.044516414839324586,0.14863161536706132,0.987890133440409
robot1,1506,1722894953699886764,-62.64719425845117,88.77701002322706,9.52213179556021,-0.000273465044582595,0.04640374817995731,0.1250582580742675,0.991063595062976
robot1,1507,1722894954198196494,-62.68408065129287,88.71360724840699,10.207532953820136,-0.001153825422697751,0.04783115771830242,0.13854885019732938,0.989199203976236
robot1,1508,1722894954701770876,-62.6594548706524,88.65910619295568,10.846773932658147,-0.0013164364236111564,0.049095919588957815,0.16197467364052004,0.9855719470307098
robot1,1509,1722894955202037721,-62.720953431952225,88.47568371239123,11.439325514157789,-0.001061812512062377,0.04880489145256299,0.18692490466923306,0.9811605552298212
robot1,1510,1722894955703457841,-62.78241253481877,88.24594998242353,11.968292981895175,-0.002941674724079943,0.05104364590782378,0.15773844058193084,0.9861564161556904
robot1,1511,1722894956205829709,-62.73574908640694,88.1389040985189,12.482781837941925,-0.0031863446326072555,0.054641887028716495,0.15339558761397457,0.9866478120841229
robot1,1512,1722894956699911786,-62.62957498611166,87.95503561653797,13.05176558578461,-0.0006629550842988165,0.056022034382444394,0.17855426764159985,0.9823336834605543
robot1,1513,1722894957214119939,-62.534257352299406,87.75244252686906,13.651361215620918,0.0024379492848081823,0.05540701134182111,0.2071836074403455,0.9767287608673438
robot1,1514,1722894957699688708,-62.418732019948386,87.61133761638276,14.232989410344263,0.005241353574568539,0.053527615372085835,0.23375797129156906,0.970806125579631
robot1,1515,1722894958201538674,-62.37784256978146,87.49130170290817,14.838913653638594,0.004703997564535313,0.05492098717414124,0.24679260042035292,0.9674993384765131
robot1,1516,1722894958703262499,-62.356028445124046,87.36117491738983,15.480054941652305,0.00686621284480426,0.05624255596305683,0.2575043630595788,0.9646144996967405
robot1,1517,1722894959205030599,-62.25333290638566,87.17307598361663,16.112756081955386,0.004426691904351012,0.058547270229006076,0.2712876928118566,0.9607057870525895
robot1,1518,1722894959701525763,-62.23464683287014,87.10375049850079,16.810102337761897,0.002273822983616227,0.057038723890689924,0.2836414087441101,0.9572298391460733
robot1,1519,1722894960202929469,-62.223133635404864,86.91149589779084,17.554912891507026,-0.0006826534382290279,0.056193890738805666,0.29403535676239984,0.9541409694597159
robot1,1520,1722894960704418785,-62.16118687256236,86.80641139331598,18.197911645270292,-0.004088620238405191,0.05999383425063272,0.2730419981593576,0.9601208727434266
robot1,1521,1722894961205287750,-62.057254192502675,86.8283183138403,18.882786386441857,-0.0066679972863414655,0.05890818278949888,0.2778217648282928,0.9588015596568047
robot1,1522,1722894961703487513,-61.98826858423939,86.77357191950685,19.51209476286152,-0.007571165216756485,0.0591929565981521,0.27049522997079045,0.9608700234212112
robot1,1523,1722894962208612111,-61.89734503055133,86.61784112345178,20.082844831798177,-0.009860018003704979,0.06143752855920807,0.24209022775963313,0.9682564390453554
robot1,1524,1722894962699108941,-61.83947672220758,86.64507039655012,20.737702512334373,-0.008456887392194568,0.06206402490473116,0.286207430760285,0.9561181121837706
robot1,1525,1722894963202718010,-61.655612475143386,86.64228228267808,21.475757439787007,-0.007027845699715863,0.06343235282791981,0.3105361595063788,0.9484167014759727
robot1,1526,1722894963698198943,-61.55335917987233,86.53831851983992,22.063255756851028,-0.006263833198958115,0.06555478395371192,0.32047636997208784,0.944964671817921
robot1,1527,1722894964197685090,-61.60595105196833,86.53303333715137,22.81951573045528,-0.0055698812352988816,0.05996330252895831,0.34189620391366654,0.9378061444255256
robot1,1528,1722894964706884531,-61.5797824929992,86.50082536674893,23.539589892948957,-0.005891253574733476,0.06533894649434382,0.3264389418120159,0.9429388805595933
robot1,1529,1722894965203594095,-61.524568220640816,86.30757269536788,24.360988125568372,-0.007185618769900633,0.06496557679705062,0.31636779700841033,0.9463821943223389
robot1,1530,1722894965698954909,-61.42979757067197,86.06988025305195,25.066156847801246,-0.0029079850009874407,0.06465308014027694,0.3119085380734689,0.9479053680238763
robot1,1531,1722894966198468586,-61.33486943341802,85.75817599781635,25.841874151606707,-0.0024106864916181477,0.06193244028063458,0.3011113589828383,0.9515726514160825
robot1,1532,1722894966699603649,-61.19186304291964,85.47730327067138,26.552963899994715,-0.00440847676985581,0.07009980895168992,0.30642313424025946,0.9493005029598806
robot1,1533,1722894967198904126,-61.07060263897872,85.28253991908635,27.277769822288544,-0.0025444309495332414,0.06944815870962849,0.31243562989281004,0.9473935065728857
robot1,1534,1722894967702106721,-60.97420634338474,85.20750225893974,28.03769612217252,-0.002256941941313239,0.06627772446672797,0.31944963253819825,0.9452799065482119
robot1,1535,1722894968197423323,-60.903361170444064,84.89023510386957,28.71179844047863,-0.002933785566165957,0.06427356851475016,0.3119536848939403,0.9479162409061909
robot1,1536,1722894968700560186,-60.902595963398035,84.62497256587481,29.348905339736028,-0.0049196928206618916,0.06720819479113045,0.31293295008642685,0.9473815619515052
robot1,1537,1722894969197124110,-61.00464019382725,84.36247474299427,30.131324832331412,-0.00382794755511985,0.06707081128110594,0.3204877453260745,0.9448674288954079
robot1,1538,1722894969701610236,-61.025041518314374,84.09591687916,30.779164353508754,-0.0029813816878195573,0.06897028287245281,0.3427307836209307,0.9368937087003564
robot1,1539,1722894970198598302,-61.04582163158067,83.97545664687091,31.342338947140046,0.00247917461380281,0.0647488589358717,0.3695945102263216,0.9269311392818251
robot1,1540,1722894970699835533,-61.02331770602185,83.79995611766063,32.056476135193826,0.002331134497031219,0.0659650932939507,0.3726092138869401,0.9256379130120124
robot1,1541,1722894971198487921,-60.98263869149291,83.52925116505091,32.854445146517776,0.0025003244139290655,0.06827536507051775,0.3779946557938187,0.9232834142849231
robot1,1542,1722894971697682697,-60.94239191804061,83.41212874567414,33.60658964672027,0.0037974098824035823,0.06683447136492793,0.3892275505051261,0.9187059633219625
robot1,1543,1722894972198354449,-60.96244208119919,83.30783578868161,34.21318894674057,0.005718183726157382,0.06708651976517226,0.3888538098688517,0.9188359025370907
robot1,1544,1722894972701361922,-61.142886798807396,83.19558822298755,34.98314236976198,0.004846118454104493,0.06972662179681739,0.39148393190407915,0.9175265905736218
robot1,1545,1722894973198393983,-61.62695373020335,82.97358056275174,35.24653657671494,0.0034974776386797073,0.06922996457397773,0.38691290621090074,0.9195071411700333
robot1,1546,1722894973703278083,-61.698963075776796,82.86785163454613,35.92555342991366,0.005498764630292456,0.06849626833343103,0.38647272673182304,0.9197373844225344
robot1,1547,1722894974200673724,-61.8947588601651,82.74981882797306,36.570151574500585,0.006792849942514032,0.0667789687208948,0.4015862991048414,0.913358019014181
robot1,1548,1722894974697793636,-61.90020235529143,82.61024579108896,37.29101891918878,0.006690591596365609,0.06860687734422664,0.4221157989050934,0.9039173550053565
robot1,1549,1722894975196943648,-61.881060796620744,82.49680938016233,37.87267564261742,0.008021200608436174,0.06855914332172694,0.42347897486076064,0.9032723078112543
robot1,1550,1722894975696242049,-61.826950514692506,82.38104065429556,38.64118895108366,0.006781452469376246,0.0718918761972922,0.42274269151347876,0.9033682454078064
robot1,1551,1722894976197592573,-61.66108768756103,82.21638124000864,39.32952876118192,0.006836237913707262,0.06718747393161074,0.41344120900674497,0.9080228388608501
robot1,1552,1722894976699085446,-61.661730044036055,82.19612419296303,40.11292139074847,0.004196272046120906,0.06671729850653914,0.4054318242569909,0.9116777003198844
robot1,1553,1722894977199329826,-61.557349258922265,82.04445228734477,40.821132232288626,0.0026389494987333843,0.06752177193867577,0.4092591537829396,0.9099125184899243
robot1,1554,1722894977696950970,-61.422143949147134,81.88425967423643,41.61275591378879,0.0028119207623786345,0.06853821066798886,0.41156019756379586,0.9087974529901071
robot1,1555,1722894978199295694,-61.40069230685341,81.91846160192148,42.43426249501255,0.0033413839522231934,0.06345982220753474,0.41223273147001865,0.9088596488036199
robot1,1556,1722894978703026102,-61.32441534536264,81.92317998698965,43.18650464643603,0.002185110656494657,0.06310497979629426,0.399465082721932,0.9145712845384377
robot1,1557,1722894979201158097,-61.23427924363953,81.8500660546134,43.81513540633496,-0.00011272954288304128,0.06261399595240227,0.3970433005273661,0.9156615599167951
robot1,1558,1722894979698466205,-60.99894066801294,81.75748995294842,44.59726131136093,-0.00013303466764713577,0.06389674092032961,0.3939943691814537,0.9168891022663788
robot1,1559,1722894980200291017,-60.87741827391625,81.62298083875706,45.28607759738067,0.00012918659327674695,0.06281162647772527,0.39315938081093366,0.9173223992525256
robot1,1560,1722894980699677406,-60.85631296784389,81.6244748072963,46.030373644232796,0.0019216312477947238,0.05697216819533831,0.3998139915434198,0.9148219780649062
robot1,1561,1722894981201881025,-60.69075547319915,81.57041115169538,46.65511740224114,0.0005106708669359624,0.05670484091196561,0.4053638721096708,0.9123948878751288
robot1,1562,1722894981702642331,-60.62674376200347,81.47350994014218,47.34311180174664,-0.0011064844181110953,0.05808166795613474,0.39526611932772954,0.9167278715361843
robot1,1563,1722894982199082568,-60.52568517239334,81.40292034869677,47.93285632322424,-0.00131623659968862,0.05660598047657344,0.38484470215422684,0.9212429569442167
robot1,1564,1722894982696387204,-60.35906174290329,81.31796712036518,48.60121587317001,-0.004325696457765724,0.056384263802460796,0.38228148520609617,0.9223139211863991
robot1,1565,1722894983203835368,-60.190419933551034,81.31735394803604,49.204545363722175,-0.0037501181512777666,0.05395439286544928,0.38940637451882776,0.9194767727291835
robot1,1566,1722894983700391605,-60.1709444930294,81.23738935437426,49.81578990699503,-0.0036003333011802264,0.06337396858597885,0.4194417525766914,0.9055602651956287
robot1,1567,1722894984200189768,-59.95947163888244,80.91014180822359,50.49765336799257,-0.0017881730030699465,0.05651812278906503,0.42725074879147856,0.9023631762715233
robot1,1568,1722894984699527856,-59.809249051827344,80.68109721078773,51.15755195947008,-0.004887074558156638,0.06180536772598537,0.43050769128909017,0.9004550742615959
robot1,1569,1722894985199125841,-59.84361496095771,80.60665758911327,51.84966110450356,-0.0012971320221008534,0.0540086827703759,0.43612474124719686,0.8982630960392348
robot1,1570,1722894985701237999,-59.879043610582585,80.59008395883555,52.41537634575119,-0.004573404038106479,0.05748811373885648,0.4378863486455837,0.8971787706048838
robot1,1571,1722894986199106158,-59.87032595294137,80.54619328562212,52.97442282934965,0.0059529633524541305,0.03661044817208975,0.43302260646969637,0.9006195976094201
robot1,1572,1722894986702768279,-59.75641231176059,80.34251169381861,53.465944347154085,0.002119047719122959,0.04590514282235231,0.4470360169742716,0.893334778807476
robot1,1573,1722894987210641999,-59.51642564033388,80.16841068620992,54.034751971786385,-0.0007305357430992638,0.05637975851717765,0.45940108905728205,0.8864374927314707
robot1,1574,1722894987698672277,-59.49505170950191,80.07051284764631,54.66792085611354,-0.0016806304944723272,0.0552662401584237,0.4723720903684557,0.8796632460327236
robot1,1575,1722894988203169394,-59.42239915072693,79.9829197520658,55.15774865174601,-0.0017770815505581987,0.055537910542223505,0.47530205501765554,0.8780662497612354
robot1,1576,1722894988704347053,-59.39481212172518,79.86756451499194,55.68805468052433,-0.005064363502365428,0.05309712383943477,0.46935835955075045,0.8813953584981737
robot1,1577,1722894989203428904,-59.27878084578914,79.71998486323768,56.31571859972581,-0.004315000329453905,0.04850256811842685,0.4695338424242485,0.88157067355737
robot1,1578,1722894989699553843,-59.16446021370667,79.56962198038619,56.94443708326692,-0.004401774473129259,0.04460232819975106,0.47464606312477914,0.8790349091252279
robot1,1579,1722894990200753714,-59.114390472667665,79.40175033113672,57.58594143455246,-0.00546051975138448,0.04422776695260838,0.4780993735850002,0.8771744845423064
robot1,1580,1722894990699893938,-59.257482693565755,79.25771965423789,58.1861298130175,-0.0059797456791067525,0.03993378258188072,0.48019462519127976,0.8762320797526889
robot1,1581,1722894991199067171,-59.26826894755726,79.11120724677582,58.78501001022597,-0.004085198096012277,0.040729377558588194,0.4850408811617403,0.8735329258602956
robot1,1582,1722894991698847198,-59.21282184301686,78.87777298279491,59.38176867702288,-0.0016464597076294339,0.03635494226988039,0.47855331544524415,0.8773040132242355
robot1,1583,1722894992200821885,-59.21302429534182,78.78529382026153,59.991072275015966,-0.001493147128452928,0.03743384979094822,0.4789123193916353,0.8770629782041913
robot1,1584,1722894992699202085,-59.23286408385564,78.79293808951225,60.505031180350365,-0.0013796204518337844,0.03362181954994421,0.47852215836190315,0.8774304609792308
robot1,1585,1722894993202205300,-59.275756935028454,78.75426146291461,61.057299573686315,-0.0026973137128053085,0.03575821645816289,0.4782477809207918,0.8774925267481224
robot1,1586,1722894993704656140,-59.22579620914804,78.58964465565724,61.6736864401855,-0.0013331651667272248,0.034876416742851725,0.47879318825127426,0.8772336867163715
robot1,1587,1722894994201893466,-59.067836926451285,78.38904404719194,62.24260621182373,-0.0016067925008830372,0.03299576423445707,0.4825680620507302,0.8752352616577133
robot1,1588,1722894994698312128,-58.999328247468995,78.24965063627131,62.87481339163591,-0.0009584483013037106,0.02878517311171439,0.48847924979422985,0.8721000617510865
robot1,1589,1722894995198883927,-59.0185246338398,78.14944062074116,63.511292103778295,-0.0004917657639848406,0.028309191836674952,0.4919816715725968,0.8701450354168673
robot1,1590,1722894995701161051,-58.95788374449097,77.89092777667656,64.22643401700829,-0.0029419486544340068,0.024983169316558484,0.4940849033062235,0.8690496502006629
robot1,1591,1722894996199104934,-58.91935447977017,77.63167592512113,64.90019414765781,-0.005643668529430273,0.028400341351780933,0.5033133618381331,0.8636186828756247
robot1,1592,1722894996699033977,-59.04033342395048,77.58529103511627,65.52545342180872,-0.0047089436790288906,0.028803256979156,0.5087588677841504,0.8604142099522822
robot1,1593,1722894997197135242,-59.04970732164946,77.37663075964753,66.23857532202676,-0.006768553681615763,0.029280859451376016,0.5064599586876559,0.8617395941912763
robot1,1594,1722894997702334999,-59.03111713281956,77.1391123790558,66.93150750773488,-0.004829241023574664,0.028241487772117463,0.5015651343696179,0.8646453103928458
robot1,1595,1722894998202370376,-59.074085357452475,76.95474829553326,67.56390763948265,-0.006444866785775677,0.027618138601255757,0.5028187554272343,0.8639265022575258
robot1,1596,1722894998697576319,-59.10317552787195,76.82884179177795,68.1010256906263,-0.0018449465692604763,0.027599757726457497,0.5029010086424177,0.8639012820062465
robot1,1597,1722894999200384910,-59.15415638826729,76.74583587968569,68.67209951662124,-0.0008530717756247749,0.025130555044070968,0.5039454698712295,0.8633693826329425
robot1,1598,1722894999705036845,-59.13623424438701,76.54422782928926,69.24385048429829,-0.00018483436270776648,0.0264753793255555,0.502182936616205,0.864356013629425
robot1,1599,1722895000198386284,-59.108521731344965,76.29115338871597,69.90764634819914,-0.0012131148391424788,0.031097269027922904,0.5065361193146333,0.8616569201492341
robot1,1600,1722895000701121404,-59.08903513139612,76.0779934383152,70.55211509254438,0.0017239474431450907,0.029357362606680353,0.49034604836062606,0.8710315299247852
robot1,1601,1722895001202674908,-59.12065130892828,75.92579864570173,71.27666982031452,-0.0012664369467924998,0.03935879032691418,0.49594446186489627,0.8674608766434372
robot1,1602,1722895001707119736,-59.19217404970947,75.78659645153537,72.03235167363928,-0.003584304197251688,0.04210702495157144,0.5231151146776788,0.851213679406592
robot1,1603,1722895002199026014,-59.266004038875586,75.70017699907156,72.7390451422229,-0.006462814969089105,0.0417990364880587,0.5264883509909856,0.8491296066220623
robot1,1604,1722895002699773075,-59.26408222140298,75.56936790415905,73.50844386981234,-0.006452919455525631,0.03962420204201315,0.5365482990169057,0.8429141149993274
robot1,1605,1722895003204048522,-59.3253934827103,75.47634137232605,74.2616567104005,-0.0004954697300641705,0.030563485659439008,0.5367956277230534,0.8431583966915736
robot1,1606,1722895003697353880,-59.358321951558004,75.39202239483917,74.91927879229924,0.0009306209464472788,0.03081058058377762,0.5287939981845767,0.8481902790958609
robot1,1607,1722895004202464074,-59.33564555691066,75.28457407761817,75.62583480520316,0.0024257808733515467,0.03166540726987534,0.5213171658482457,0.8527718511779924
robot1,1608,1722895004701089250,-59.27302167787614,75.12787527275813,76.42134396343636,0.00245976465417265,0.03287267704361743,0.520171019378793,0.8534257127953548
robot1,1609,1722895005196200520,-59.37834226939939,75.0412000592258,77.12982413474163,0.00293927215755036,0.03397908528269018,0.5300374402127177,0.8472880823045283
robot1,1610,1722895005703972578,-59.45293853389969,74.89703128145698,77.89113428472157,0.0013697520013382656,0.03437186719688409,0.5332184675324123,0.8452779214005537
robot1,1611,1722895006202811390,-59.50317965464663,74.72676472266373,78.52546429295396,0.004660824412876281,0.03298945292496756,0.5389256017169658,0.8416942250755378
robot1,1612,1722895006701204087,-59.504670840132164,74.53391687204007,79.24029418280446,0.0066386140516457885,0.03645663903235865,0.5351367994454163,0.8439522783624996
robot1,1613,1722895007202661825,-59.493831433548344,74.25592644539188,79.99310193268293,0.005622458084470332,0.03844759798744531,0.5205917549236331,0.8529210953421283
robot1,1614,1722895007702548043,-59.509543883251006,74.00117397022024,80.70390882880062,0.005850274852023513,0.03806397373002917,0.5086696626390523,0.8601000421455101
robot1,1615,1722895008205512964,-59.6047458393424,73.92080179830596,81.40444947495737,0.006304993020338597,0.03838964329062036,0.5146609024973386,0.856510734195233
robot1,1616,1722895008702085537,-59.73457235402105,73.8499674282601,82.0312972187837,0.010162405428452596,0.03564483272620022,0.5457350803910783,0.8371376191800081
robot1,1617,1722895009208901496,-59.7674194347057,73.709240484885,82.7920703062246,0.007356928859410576,0.03487668272895344,0.5585756208874922,0.8286873767288447
robot1,1618,1722895009704470192,-59.78246926267223,73.52017527730196,83.5726355687098,0.0017848759861193982,0.04342577882278878,0.5578660766254913,0.8287921672541494
robot1,1619,1722895010203483589,-59.89356891442344,73.43852003461733,84.32737201541624,0.006285599419701813,0.03864120821460778,0.5549131206959913,0.830986628500776
robot1,1620,1722895010702893558,-59.94899616497916,73.35908454468374,84.963140862499,0.013027875505362945,0.03229436273094785,0.5325357465223419,0.8456908579803324
robot1,1621,1722895011201214246,-59.95727935267062,73.25451018219064,85.66561708110355,0.01601658853332063,0.026721393656896086,0.5184142081487186,0.8545619607742464
robot1,1622,1722895011701885804,-59.8922164200151,73.12112577247032,86.4085172771902,0.004516924993610385,0.03896043376689344,0.5103929414958643,0.85904640576659
robot1,1623,1722895012201791161,-59.86680316929257,73.0307040383988,87.11526201361558,0.001264114661397046,0.046265783861641076,0.5008382302714968,0.8643025780109104
robot1,1624,1722895012704433132,-59.93510936013804,72.86481085263678,87.84664206651178,-0.003293415127387364,0.0482181201788027,0.4872850824493633,0.8719044756884428
robot1,1625,1722895013198268841,-60.306040827747374,72.56101313341833,88.74851447614826,-0.004979163819327142,0.04843655415648096,0.4751675690835244,0.8785470331407195
robot1,1626,1722895013698807948,-60.444561279486386,72.24733085127362,89.41908053689549,-0.005670179203307441,0.04783180308789777,0.46482923457246256,0.884089220818771
robot1,1627,1722895014203218519,-60.41464940487067,72.11714098745239,90.10407135429357,-0.0038735143467306444,0.04395478707523858,0.4551141064170617,0.8893391494362404
robot1,1628,1722895014704684907,-60.28383396423701,71.93623273241086,90.78621336170133,-0.007028533841760687,0.0459948919756169,0.45514407234303594,0.8892012950030964
robot1,1629,1722895015203131192,-60.21544946474756,71.78768935957937,91.41996651400059,-0.005993554923685398,0.04134654259228123,0.4552302855237412,0.8893930109108202
robot1,1630,1722895015700213441,-60.15937988788196,71.59602001011534,92.09684175180458,-0.009202254500279465,0.042937460233502346,0.4551417710546166,0.8893355166988866
robot1,1631,1722895016197083057,-60.016181400137874,71.43267902375823,92.76962883067043,-0.008004970871823738,0.041114398763201,0.45542625032163186,0.8892876121782312
robot1,1632,1722895016697926814,-59.90692737408854,71.26914099774785,93.46856004035871,-0.007997725467857262,0.041857358881176636,0.46253235266313075,0.8855776762287667
robot1,1633,1722895017199433108,-59.86649891806605,71.09728872411043,94.167152654619,-0.007985633928792719,0.040471596746530294,0.4724063883801619,0.880414949739697
robot1,1634,1722895017701717723,-59.775957206737324,70.88416178010691,94.90642383321604,-0.009331714889410604,0.041513983305581995,0.4755200246687654,0.8786752610756396
robot1,1635,1722895018202893939,-59.72881750910841,70.7049036790332,95.64842093112658,-0.0065811705682078765,0.03979557804269497,0.4740980451941203,0.8795476358363506
robot1,1636,1722895018702676427,-59.6532555575239,70.5424366212243,96.3809208065014,-0.009792384729033316,0.043586715221764334,0.4710462683675094,0.8809765720577022
robot1,1637,1722895019205324634,-59.53550290404386,70.3744245805153,97.14694312970404,-0.008510184841728939,0.03918283497521701,0.46976547752815073,0.8818801949925018
robot1,1638,1722895019696390037,-59.46570552861529,70.21719245356987,97.93700622111471,-0.0056511110930464745,0.03841720947977878,0.4761771453332642,0.8784916102168899
robot1,1639,1722895020202008632,-59.47129310704805,70.07865613630834,98.78947024743408,-0.005880723393369483,0.039436031218164996,0.49685625900919456,0.8669164172038263
robot1,1640,1722895020700055920,-59.46682255033535,69.91857743715936,99.57512351737157,-0.006100099170470307,0.03753760814781638,0.4940180333856277,0.8686195366525256
robot1,1641,1722895021197163145,-59.43332720008531,69.76154901113101,100.39606771486905,-0.004413547678088404,0.03590019784775073,0.5011939519068277,0.8645786944884787
robot1,1642,1722895021699599843,-59.39386537168805,69.59422738221396,101.19724460430285,-0.0028454497517672174,0.03390438570671875,0.4987133105584304,0.8660989723567456
robot1,1643,1722895022197276110,-59.41285077199677,69.40227669157197,101.9685611427251,-0.003201053305774651,0.03273943065208193,0.5120304774938854,0.8583371558168122
robot1,1644,1722895022698682402,-59.40243159744844,69.25202302789975,102.74924980288108,-0.0017886709220042867,0.02787615057855128,0.5099376548183774,0.8597577037070318
robot1,1645,1722895023200708669,-59.387829880929,69.1218064911648,103.49114556655258,-0.00546816174996062,0.03196082092346903,0.5069160086189907,0.8613853756239221
robot1,1646,1722895023697675493,-59.37024002877169,68.99698651309085,104.2188907203167,-0.005432461871980288,0.030484817171685302,0.505067528660959,0.8625241769204673
robot1,1647,1722895024209846345,-59.31346573847486,68.79883309264638,105.01315486751528,-0.0056170713979689,0.028722887221912418,0.5019508461592121,0.8644008284925452
robot1,1648,1722895024700921209,-59.29258906615141,68.68305915214475,105.7694612660983,-0.005317449278185765,0.027115355999416783,0.5011903132487577,0.8648958041913551
robot1,1649,1722895025202987221,-59.29123658174841,68.58232830974788,106.48856311547159,-0.00655630612192086,0.025636561277116776,0.5073416613644258,0.8613386211124546
robot1,1650,1722895025700664507,-59.27812017590873,68.46165638174747,107.17765124162389,-0.005421427178966782,0.024724980153735462,0.5072610596416773,0.8614206294574928
robot1,1651,1722895026204167870,-59.299283827504155,68.22748543382829,107.94440188064024,-0.005772861888296842,0.023324292680734444,0.5046923915562845,0.8629647972784058
robot1,1652,1722895026699618703,-59.29799824742039,67.95902468512189,108.6948739021184,-0.005087018145787236,0.02452631432443217,0.5005827668371586,0.8653262250144151
robot1,1653,1722895027199392242,-59.25055364211504,67.68342687345562,109.46916898869691,-0.004908429794437921,0.024082469196254036,0.4952627626155342,0.8683954962808097
robot1,1654,1722895027706966008,-59.22375930863479,67.41284545502684,110.3152390501024,-0.004785759762423898,0.023024048598365376,0.492596328645772,0.8699401397190171
robot1,1655,1722895028197529228,-59.20572872472018,67.12612326959079,111.15402944274517,-0.007996833567685288,0.02963968141074359,0.4866776728994812,0.8730420279917263
robot1,1656,1722895028697557453,-59.17297329305786,66.84210011573802,111.99818915527372,-0.006100073435766426,0.026660995498390842,0.4726423001704375,0.8808298567332463
robot1,1657,1722895029197841892,-59.04883969743674,66.84422620337897,112.57208067617283,-0.005685064980673866,0.026914949825365696,0.46417228655142195,0.8853176570642246
robot1,1658,1722895029699751598,-58.90495953791844,66.81572833187639,113.14906312901067,-0.005461173138854163,0.02600656821251634,0.4564107078201482,0.889372306621286
robot1,1659,1722895030198866869,-58.810127779175,66.7817073798104,113.74993477013663,-0.00749209914815762,0.02613714578462731,0.453453038757011,0.8908653431931338
robot1,1660,1722895030709620560,-58.73122920969693,66.82782696604887,114.3601452211458,-0.007554003775575754,0.023817155295550757,0.45340922348537943,0.890952162688307
robot1,1661,1722895031202471679,-58.66659980836751,66.83603899309621,114.91009656716008,-0.008615651864507506,0.02367888891589758,0.4640849548574129,0.8854322308554456
robot1,1662,1722895031699949641,-58.61088652436863,66.63327495800897,115.64335895703755,-0.007707334709600794,0.0253576529716369,0.4629148830798885,0.8860064319465053
robot1,1663,1722895032196935032,-58.5255426792628,66.41397442441024,116.46211691835559,-0.006969315677574458,0.028219810523102004,0.4650760057236706,0.8847934108214996
robot1,1664,1722895032701749242,-58.505392772401514,66.22020975948044,117.25100639508652,-0.007568269539922166,0.027135927633345797,0.4732582744740282,0.8804731502831386
robot1,1665,1722895033216478226,-58.4986296842745,66.08177513200268,118.03630278140854,-0.006572982026438203,0.028131024577396496,0.4690470420751235,0.8827005798593787
robot1,1666,1722895033702209859,-58.464261160254345,65.93024056434751,118.7797735786891,-0.005459551540167587,0.026084277039707622,0.46278931511214527,0.8860676348938198
robot1,1667,1722895034200590578,-58.39663439156003,65.6873871426085,119.59035003939002,-0.005919179687590104,0.030363111334238975,0.45923258516584403,0.887777267958482
robot1,1668,1722895034701413187,-58.36993149025918,65.48309189200748,120.38522456020748,-0.005471821132647474,0.03142850981729271,0.4536318167478567,0.8906180341640269
robot1,1669,1722895035196263993,-58.397468440904,65.33821089441598,121.13916651173426,-0.0050072422620629055,0.029381845136619473,0.4508065006669834,0.8921239452327719
robot1,1670,1722895035700500874,-58.39357946781215,65.20207080135191,121.87073798710641,-0.00675417434355472,0.03094402294523469,0.4540194320866831,0.8904286629823792
robot1,1671,1722895036201988406,-58.390732670147415,65.08791165194964,122.58283880708578,-0.005513126310354604,0.027663204821872855,0.45311022590516487,0.8910081232611966
robot1,1672,1722895036701461542,-58.35287739977666,64.93575859010627,123.29007776820548,-0.004168654707950264,0.02831071837511322,0.45601968197208437,0.8895095138316904
robot1,1673,1722895037201354487,-58.27155832827029,64.70593894654799,124.11448927360553,-0.007762902322545996,0.033602122947187986,0.4661257555570971,0.8840460478319543
robot1,1674,1722895037697944891,-58.27874240157049,64.5879215745237,124.91119515812906,-0.0041376111144366045,0.030716674081695674,0.5055687081925216,0.8622294633125044
robot1,1675,1722895038200468734,-58.311875205430184,64.47348508017504,125.64622458818552,-0.004058594569533876,0.03056932743315241,0.49564139530680357,0.8679796376002895
robot1,1676,1722895038703093149,-58.2823071682464,64.30657751325295,126.49015000837255,-0.004227544641474769,0.031899555176045216,0.49089020175483467,0.8706269902012987
robot1,1677,1722895039197175849,-58.28631900275865,64.1722288165757,127.32151018537903,-0.004907479888701447,0.032506821907688804,0.49004558886719907,0.8710766579368339
robot1,1678,1722895039706466691,-58.30664914673487,64.03892351205276,128.16881074909915,-0.003298989121403054,0.029854057170266738,0.48262677483802346,0.8753109436941247
robot1,1679,1722895040204833258,-58.333646651738235,63.90725940346027,128.93607913698355,-0.003665121127484085,0.03129388104838577,0.4792891636798347,0.8770913050960742
robot1,1680,1722895040705909083,-58.347712413293785,63.7258447496756,129.80151796336781,-0.004168538331571615,0.030726400264231665,0.48074319000374677,0.876313013072385
robot1,1681,1722895041203375590,-58.31471670335447,63.50556723482847,130.80468980951977,-0.004280756058965158,0.03154190225546053,0.4734413031697106,0.8802500303792308
robot1,1682,1722895041697043613,-58.289968606737304,63.279536555844956,131.7546266266006,-0.004566513391541945,0.031016861351722963,0.4632171057454778,0.8856901344218054
robot1,1683,1722895042202540849,-58.290151422645486,63.12099156973313,132.6394447327409,-0.007114508188327385,0.03332715918404263,0.42992309113785254,0.9022221566446003
robot1,1684,1722895042697223057,-58.30225810348336,62.94769617229324,133.60547893245192,-0.0026282954564987434,0.024754188354070235,0.4425231294859947,0.8964115138103963
robot1,1685,1722895043201465583,-58.33585118261719,62.721809268821545,134.60804273762605,-0.004492335254140478,0.025368424733450978,0.43857585386001235,0.8983248200742695
robot1,1686,1722895043695212285,-58.32758019254352,62.49674004123254,135.565187535328,-0.004241213492550201,0.025642959865337926,0.4395059827481972,0.8978635429985988
robot1,1687,1722895044234746972,-58.327660211456205,62.281869428642736,136.58551951988196,-0.005930779380453275,0.029238866489804442,0.4266898700348956,0.9039057856612799
robot1,1688,1722895044701316501,-58.35746748635501,62.07503185113995,137.42892073387995,-0.0022522429607377955,0.022239150021183797,0.43428954897299776,0.9004959385032291
robot1,1689,1722895045201265367,-58.3483059261397,61.867991824495945,138.38760712906978,-0.0036936225050136205,0.025011795757502897,0.43314497394281715,0.9009695881514823
robot1,1690,1722895045701392843,-58.34150338065132,61.69172339923235,139.28458116949625,-0.007563941370885228,0.029933399585592966,0.42899344297832365,0.9027798204777235
robot1,1691,1722895046199691932,-58.36481086417283,61.493940769755326,140.15287757707011,-0.00015330083565085422,0.026174385269891298,0.42662751276158756,0.9040485846509901
robot1,1692,1722895046701182750,-58.43683739315427,61.365776367216526,140.99352514791607,0.002211968700022224,0.02715924411740574,0.42972050201016554,0.9025507037311381
robot1,1693,1722895047205007606,-58.43612690996109,61.18713129524568,141.9008741251827,-0.001154578216808231,0.022676242916313972,0.4245271161460494,0.9051304782256866
robot1,1694,1722895047699267164,-58.45615578131754,60.976613681034316,142.76749607899683,-0.004185140058693234,0.028307133112771936,0.42124972131968297,0.9064931677104436
robot1,1695,1722895048204797202,-58.496087463958254,60.81656013927845,143.5981530789304,2.020021697966182e-05,0.023500738645734362,0.4224916467175719,0.906062096839356
robot1,1696,1722895048698648361,-58.5014808293035,60.6459082293066,144.33486315704286,-0.0014135952274797494,0.024592631663920953,0.42182769594228897,0.9063413259652211
robot1,1697,1722895049200390995,-58.528147325102324,60.512365532565084,145.0528490121927,-0.0020367882087925734,0.02398402188196864,0.4182792687639109,0.9079994887170839
robot1,1698,1722895049698488375,-58.48937159793198,60.35319586385921,145.68631074957756,-0.0019147381195866618,0.025951913952983716,0.4152319026535447,0.9093433339277457
robot1,1699,1722895050202384614,-58.423303470641784,60.21654667452603,146.275318833372,-0.0010686074288435742,0.026666636283338548,0.41092274574127186,0.9112794552824885
robot1,1700,1722895050704242506,-58.37419425598224,60.008636508349376,146.91542601058705,-0.0016787418546735564,0.023762877806274115,0.41144085977866474,0.9111250882116806
robot1,1701,1722895051202617030,-58.351517416978496,59.80848501941787,147.53572516773687,-0.002090093260730487,0.02497628327394084,0.4162342515562619,0.9089119124620271
robot1,1702,1722895051704603943,-58.30154287504956,59.65007780913436,148.21090380184202,-0.0025148489842979622,0.022701026770707726,0.41654754290891444,0.9088269821119354
robot1,1703,1722895052209607380,-58.30385597764614,59.524425720371724,148.79582976459227,-0.003743460479399895,0.024661927318758547,0.41159484888196707,0.9110254970188234
robot1,1704,1722895052702659613,-58.31463193558787,59.41016461462043,149.32715656815063,-0.0026035197598820435,0.025249761885996064,0.4064122300573098,0.913337161441165
robot1,1705,1722895053199236931,-58.26460460425929,59.249182387325554,149.932090216484,-0.0037245979243302613,0.024333810757193583,0.4036945807984434,0.9145625612599196
robot1,1706,1722895053703775643,-58.19367992738258,59.05919683540399,150.56210307596334,-0.002301387083155498,0.02632454529261928,0.4117601148101069,0.9109090677911806
robot1,1707,1722895054206209135,-58.13708809359448,58.86757554133736,151.25158330185113,-0.0031327408827840635,0.021786132290905893,0.41179455092845335,0.9110108661261939
robot1,1708,1722895054697661847,-58.061981166642994,58.67011525567062,151.9704519568769,-0.006086484509168668,0.030864681038236766,0.4156014828743352,0.9090026037385049
robot1,1709,1722895055200076498,-58.025604981830064,58.53471553218007,152.68144755008248,-0.00577696038798195,0.020308505459098968,0.41791891229160244,0.9082389410742623
robot1,1710,1722895055696730793,-57.99502092537106,58.43050216110832,153.42809449885127,-0.004703310644205954,0.019700834915251698,0.4235451027217994,0.9056485532109055
robot1,1711,1722895056205133036,-57.96910461343974,58.27119181803522,154.117075170025,-0.0052201455983567815,0.01867090971943003,0.42520130075089213,0.9048911542555437
robot1,1712,1722895056702232317,-57.909337965281196,58.10618404205237,154.77516138282678,-0.00746046927570536,0.02480471132769453,0.42515152886814356,0.9047514825603858
robot1,1713,1722895057200157037,-57.90870050183035,57.99062100944808,155.3653120668875,-0.0032627717591782453,0.017821804481477917,0.42705334168883835,0.9040448998572294
robot1,1714,1722895057704524302,-57.969361162197316,57.9483568086459,155.88860291373834,-0.005624579770035677,0.018749001686764924,0.4311635509650717,0.9020614343587416
robot1,1715,1722895058197402638,-57.91401459391189,57.816259434285605,156.42739904321422,-0.006505874684873486,0.021943464726121194,0.4304732280700854,0.9023131152018784
robot1,1716,1722895058703501013,-57.79660631674822,57.56869342742169,157.00773836198735,-0.010034022411729961,0.02391237599524341,0.42965541318285244,0.9026204864676933
robot1,1717,1722895059202792596,-57.81080266832492,57.45747220256107,157.51095703958126,-0.007690705563325339,0.01570926965386969,0.4253852346808731,0.9048433422479157
robot1,1718,1722895059699362526,-57.85290619515885,57.40608587572092,158.0038282860369,-0.010167137585292604,0.0244999819720561,0.424568465685477,0.9050071812655249
robot1,1719,1722895060199211296,-57.808921682746934,57.313579021158,158.47059386945094,-0.008337189485486037,0.024918850650589117,0.42272371211183535,0.9058775885141032
robot1,1720,1722895060703405073,-57.72162634676127,57.13815484672491,158.9432978165714,-0.010604963390121758,0.024858534798607692,0.4207419702200753,0.9067776918818029
robot1,1721,1722895061204257014,-57.64521478175485,56.95521634431112,159.4419754062581,-0.010558595229364521,0.019874604165297106,0.41829591381237896,0.9080319623581111
robot1,1722,1722895061701987067,-57.555026430350985,56.765394770833254,159.99946666115912,-0.009866687151754492,0.023057184293361767,0.41428316919418784,0.9098024348502983
robot1,1723,1722895062198960067,-57.58407242484114,56.71456822757945,160.4765769003557,-0.008458113508548573,0.022779054471285715,0.4122517174800466,0.9107459011316069
robot1,1724,1722895062700343712,-57.62423885104029,56.669681072933706,160.94818715728988,-0.00491937841700258,0.017669004492163107,0.4128733913674088,0.9106037385696485
robot1,1725,1722895063202379008,-57.62325224309022,56.591818954246875,161.387662993637,-0.0031784380039111258,0.019372195415228187,0.423240878254874,0.9058044902464838
robot1,1726,1722895063698828878,-57.621366036757145,56.47126514879784,161.82737418623537,-0.006090848005948055,0.021300264894086367,0.4240126281302953,0.9053852723962601
robot1,1727,1722895064201434703,-57.53831252016118,56.331212375111626,162.27719369529598,-0.013026439458621527,0.031995824761551606,0.42104431206932463,0.9063819649281025
robot1,1728,1722895064701464253,-57.51824159464233,56.22809571278525,162.72255645883416,-0.010854540726520577,0.025320657031729848,0.4178040275001294,0.9081193962677864
robot1,1729,1722895065199820183,-57.513710010398086,56.142931686699875,163.1667313046332,-0.006809460269904283,0.026422367447245177,0.4184906175854914,0.9078111547795772
robot1,1730,1722895065695203397,-57.483843793774604,56.004274367303225,163.63727402228236,-0.005753735831727615,0.022607801711299176,0.41630896533906037,0.9089238841641705
robot1,1731,1722895066204082676,-57.4255164492327,55.84958087250183,164.12288470016003,-0.006431672296811838,0.02097519759214862,0.4136118609571005,0.910188938162314
robot1,1732,1722895066697645593,-57.39872600435541,55.7658382038699,164.57395091252388,-0.00985573900616934,0.022743765481417356,0.41050351051614564,0.9115220531585011
robot1,1733,1722895067202198287,-57.39347352961996,55.68549128723329,165.0743539156496,-0.007822495442956927,0.023419302142700504,0.4081539422796411,0.9125791495830821
robot1,1734,1722895067705854875,-57.38956717164398,55.57592467564398,165.55063179616943,-0.006330543319087129,0.021750228288261217,0.40903504101856986,0.9122374619635124
robot1,1735,1722895068198982408,-57.35259297181106,55.43478676733674,166.07549494167827,-0.008432077062948694,0.023559757425985164,0.4122956883871155,0.9107063759762681
robot1,1736,1722895068703332404,-57.32792956613211,55.284664268789925,166.60680830615556,-0.005583458404834687,0.022397945299329456,0.4136223295201843,0.9101558798144996
robot1,1737,1722895069198924083,-57.398930882841746,55.23965950754662,167.05084282886617,-0.004303790203930013,0.022588263951098593,0.41668582898259027,0.9087596864114558
robot1,1738,1722895069699145475,-57.39630504061463,55.13986052047196,167.54411265745,-0.006407554679319108,0.022500739232303658,0.4183349466543435,0.9079914825507664
robot1,1739,1722895070199748878,-57.28213435386832,54.95469820870669,168.06207233129706,-0.007810841340631433,0.02190570547743748,0.4193608644881457,0.9075216780666137
robot1,1740,1722895070699220083,-57.26187735744578,54.85464769306754,168.55493651014498,-0.007659442569838078,0.024759185539074757,0.426070608854631,0.9043186119621806
robot1,1741,1722895071204730833,-57.31140323793992,54.81881028383107,169.0527935613522,-0.008145637279413477,0.021758260079631424,0.4254291809892289,0.9046934501113918
robot1,1742,1722895071701106549,-57.290422786922974,54.73173638590379,169.50925658637817,-0.006821071282974944,0.019703849336636926,0.4312460948341715,0.9019933685998741
robot1,1743,1722895072198235018,-57.27663561459142,54.63029339002163,169.924046837339,-0.004499474855351385,0.02124408774875292,0.44005873834713727,0.897706383104228
robot1,1744,1722895072699666539,-57.22674173631926,54.481399878579204,170.42070044055566,-0.005583231105008706,0.018228879156328766,0.436502359605347,0.8995010981394611
robot1,1745,1722895073199249828,-57.10894041549193,54.33304472537008,170.94092244669744,-0.00503327807806136,0.019831123327370685,0.4348593132571619,0.9002659442258565
robot1,1746,1722895073706575592,-57.05584484108626,54.24099276276004,171.46387115215646,-0.0021139203769438364,0.016808337553069763,0.43437278604373,0.9005738691933882
robot1,1747,1722895074202119923,-57.024240507655286,54.18976979207535,172.0105051849417,-0.00974240697640489,0.027799897550478313,0.4325523495335703,0.901127469404566
robot1,1748,1722895074697877478,-56.93984317095354,54.08073001162056,172.56607560644633,-0.007975382157955863,0.024893895478968912,0.43194880961693893,0.9015192250406122
robot1,1749,1722895075200331581,-56.94766558363738,53.942622678371514,173.12134386359483,-0.00566497398512984,0.02058200600261176,0.43039585837064576,0.9023877737403424
robot1,1750,1722895075701271912,-56.937834019260315,53.75872125678789,173.77283683004921,-0.002057021257440688,0.0173055020340378,0.42693889855673395,0.9041125290372096
robot1,1751,1722895076197803907,-56.8887815736113,53.55682081841022,174.4061302537143,-0.005667411403032502,0.022203135841459682,0.42343724419913853,0.9056355787135537
robot1,1752,1722895076701194005,-56.88169352541044,53.43414066915775,175.02423744267338,-0.002806083965379987,0.016329175463807303,0.42039828383282785,0.9071883855472713
robot1,1753,1722895077201408834,-56.9360994294952,53.311648821161626,175.7033264382883,-0.002741404263447987,0.015004099677787593,0.4195946144375333,0.9075834513864502
robot1,1754,1722895077696847043,-56.96755884392029,53.12382986957711,176.32821118400523,-0.0058611815692509225,0.019616504994988692,0.4171501454000304,0.9086069532394782
robot1,1755,1722895078204838310,-56.890465334741364,52.93963656508388,177.01073457740532,-0.0066289012800904625,0.024075099277370237,0.41794470346015994,0.9081292155371957
robot1,1756,1722895078700603864,-56.82379996500116,52.75771412907021,177.63761075300508,-0.00453618073752851,0.02401336684535206,0.41601016161341803,0.9090315322976672
robot1,1757,1722895079203613561,-56.83986611283247,52.629236233821516,178.2704564222117,-0.006153509642271134,0.026869877808852125,0.4202689923532201,0.9069807704973842
robot1,1758,1722895079699870289,-56.94720649287965,52.62204047183533,178.77119418179592,-0.0062647897892466825,0.025818591689581515,0.41974350002031885,0.9072538492190352
robot1,1759,1722895080201581604,-56.99085212027933,52.56725717355171,179.2741073763175,-0.007669337157210761,0.026992858261180336,0.42006528922656794,0.9070599316789717
robot1,1760,1722895080698422395,-56.915771882245494,52.37253330433602,179.73062440673485,-0.0025986169724514304,0.025722523397024966,0.4221367624463503,0.9061634249798618
robot1,1761,1722895081196263279,-56.78442274977147,52.15785539938808,180.22030677197415,-0.0060948987552338465,0.025250637092489727,0.4202875498677749,0.9070190918397084
robot1,1762,1722895081697804864,-56.79676765078746,52.079912012273496,180.72378613415987,-0.009133142794227963,0.027176475586632245,0.42421704846450875,0.9051065797293986
robot1,1763,1722895082199609165,-56.85836304971519,52.06382443030215,181.12462088474814,-0.009821385285481965,0.025696031642069295,0.4244246574027109,0.9050452831419626
robot1,1764,1722895082700422938,-57.03826432342057,52.27598681602561,181.2016644229335,-0.008319068494795833,0.024972380209614453,0.42355789589770226,0.9054865444327468
robot1,1765,1722895083200734123,-57.15630277003496,52.405379412207076,181.25292038825813,-0.007942607162560697,0.025329345068986996,0.424449590981175,0.9050623646941411
robot1,1766,1722895083697822883,-57.16910538577756,52.43596818882261,181.24730231710868,-0.007555230243271694,0.02586442649418769,0.4267371454358398,0.9039742024213792
robot1,1767,1722895084197990092,-57.10246076641978,52.39134519900234,181.17110934435382,-0.006830996540373091,0.02642082102777765,0.42991059077086385,0.902458952886795
robot1,1768,1722895084700854507,-56.96562896294328,52.28613066611076,181.07093817489,-0.006074697479036956,0.027018780127854067,0.4324834596856688,0.9012164782499571
robot1,1769,1722895085197393543,-56.84768163940615,52.23052457523527,180.98857982913654,-0.005719567382935413,0.027209373300194597,0.4330804539335829,0.9009263327121949
robot1,1770,1722895085696356865,-56.784103708472024,52.20740675898076,180.9370701221128,-0.005586834466465798,0.027332327672987353,0.43256010971796854,0.9011733920979912
robot1,1771,1722895086201501422,-56.760934685637196,52.20806333983808,180.91057258720986,-0.005686245007691215,0.027266286609464955,0.4314801119205453,0.9016923695192707
robot1,1772,1722895086701326630,-56.76339724603148,52.22429916554647,180.899337893276,-0.005971735784608796,0.027115148641204814,0.43025726874724735,0.9022792194082955
robot1,1773,1722895087197400068,-56.77794689423219,52.24540255396234,180.89206402930014,-0.006297576893476579,0.026877320654506456,0.4288326613396964,0.9029620693739128
robot1,1774,1722895087699521519,-56.79105466846585,52.26138735202522,180.89976923581582,-0.00669750783287528,0.02672833118076245,0.42745500113047724,0.9036166010591349
robot1,1775,1722895088199061694,-56.803857975774875,52.28792870293688,180.9077567552473,-0.006775464954274577,0.025572989343277588,0.4250684758229531,0.9047745056931332
robot1,1776,1722895088698237863,-56.723162287292396,52.166152516956664,181.13024319908888,-0.006532352637537849,0.026234949871707092,0.4238152757072432,0.9053450545794356
robot1,1777,1722895089200154966,-56.57701145765273,51.931991849951785,181.50183440661314,-0.005533431108136842,0.025405623428180143,0.4182776241936381,0.9079470053573185
robot1,1778,1722895089706598355,-56.492639855418254,51.7251290980098,181.86313063512966,-0.0007019989621355881,0.023141639159843883,0.41941631288347764,0.9074987207823941
robot1,1779,1722895090202529854,-56.49216330261073,51.60548054004715,182.14285389947568,-2.55883146376361e-05,0.028228171594619735,0.4186219739521354,0.9077217704770998
robot1,1780,1722895090699793578,-56.63229300836434,51.73338381133453,182.22883144408382,0.0006097370693085879,0.026800481544787993,0.41423661285105823,0.9097743626764585
robot1,1781,1722895091198962057,-56.769004329599944,51.981912979977515,182.3154695762493,0.0009418172770985559,0.02661931932451309,0.40943540700285014,0.9119502027585316
robot1,1782,1722895091709422959,-56.78742569412805,52.14142604503374,182.47030978429402,0.0016527577482533158,0.02772468552085546,0.4086810973730881,0.9122545537592694
robot1,1783,1722895092198338620,-56.74198247103398,52.069763435300985,182.73017105108997,0.009035333440926462,0.030443217180933707,0.4100412252685295,0.911513997071668
robot1,1784,1722895092703024486,-56.7568179616617,52.099341523149626,182.86315920359579,0.009433449018079696,0.031841651846725216,0.40486456730286835,0.9137733862342218
robot1,1785,1722895093196855643,-56.8425740827716,52.2215671313372,182.9852714429029,0.009874922525849225,0.03004051565696664,0.4017142232652503,0.9152189553055425
robot1,1786,1722895093698549546,-56.808465518504605,52.09364073389755,183.39118187306593,0.010333435088631212,0.03223116543626705,0.40599205893860024,0.9132495935792608
robot1,1787,1722895094201430170,-56.70749933048908,51.82604764883294,183.93459468164485,0.012439043173468974,0.03273383623962653,0.40737651750751475,0.9125887020741685
robot1,1788,1722895094696841329,-56.71682027304033,51.64887362341519,184.684601054834,0.013841577502770467,0.029521636535317593,0.4077935920526026,0.9124917917380664
robot1,1789,1722895095195411490,-56.756292783558,51.46071451987598,185.65311511707887,0.008799420041361876,0.031223835471938872,0.4098622728285741,0.9115703810552165
robot1,1790,1722895095700602609,-56.937181984230435,51.38574601045872,186.61156315734704,0.0001715565606988627,0.02429963188781309,0.42053225079218814,0.9069521070608523
robot1,1791,1722895096199277114,-57.16780725346619,51.392699233923224,187.45510574529706,-0.0018895727175628325,0.020224642934753276,0.4255039456221067,0.9047285701209651
robot1,1792,1722895096698417277,-57.36114636449888,51.37365067953407,188.31213860495615,-0.0046666317521745874,0.023047479880011552,0.42660968111409314,0.9041300880951821
robot1,1793,1722895097195419232,-57.49471713245293,51.24735372955043,189.23609428658327,-0.004898718308005402,0.023545062950145267,0.42231970523013396,0.9061278602625268
robot1,1794,1722895097697326785,-57.62386083144847,51.0724798072905,190.16993072815282,0.00018585810589539064,0.026046328766609072,0.4172136459270399,0.9084350983239325
robot1,1795,1722895098200105214,-57.737276915414945,50.95957058337049,191.04624030417756,0.0005588196623952256,0.021371317010295345,0.41417449155927083,0.9099463968121694
robot1,1796,1722895098696605203,-57.867405261758066,50.79243411344197,191.94728466027092,-0.0028986786808683287,0.018371735168861206,0.4099672197402554,0.9119106073224696
robot1,1797,1722895099200189820,-57.91062096228907,50.56624594905973,192.85219971474854,-0.004494713874047873,0.023042006379531743,0.4078621602199388,0.9127416511532279
robot1,1798,1722895099699077718,-57.97538483424327,50.350073560118176,193.70694844293786,-0.0017081258312562086,0.02256116276907651,0.40421651353798405,0.9143834460574232
robot1,1799,1722895100198127589,-58.080346162653974,50.17257120464917,194.54523572576332,0.00016356014789689158,0.024427411699964225,0.400795199078785,0.915841953178121
robot1,1800,1722895100698820651,-58.14293900965136,49.98233043891724,195.34682469184588,0.000832612318869862,0.030153349801781228,0.3939784195291851,0.9186245627010762
robot1,1801,1722895101197507806,-58.1747001169627,49.76770093152041,196.16121476165773,0.0011042476545182211,0.02782425839773869,0.3955595271815903,0.9180181107895476
robot1,1802,1722895101699918806,-58.24312694355288,49.634289284201664,196.8414024752882,0.004388428912186832,0.029119988899651325,0.3880874129412255,0.9211519569836204
robot1,1803,1722895102200219804,-58.36170962050231,49.539921000265,197.4089866271995,0.0052859875880228585,0.03224373945546058,0.38113310317602567,0.9239426157855046
robot1,1804,1722895102702116293,-58.36565423518434,49.3510834061918,197.97615343146643,0.006592617518820092,0.031600403356813536,0.38553711155583903,0.9221274789936139
robot1,1805,1722895103200442476,-58.31540058211613,48.98197545981149,198.66595980896955,0.00972477040773207,0.034707328619060666,0.3809722131969222,0.9238836522812189
robot1,1806,1722895103697298910,-58.30892521483464,48.668670988162816,199.400713190454,0.015366361107934493,0.03522488564792486,0.38209101762914766,0.9233252604713648
robot1,1807,1722895104199875006,-58.31857304461793,48.55395655736005,200.1739851986664,0.006925490260190488,0.041248984484276434,0.3918282040382312,0.9190871652807726
robot1,1808,1722895104697542243,-58.36721564306019,48.43704821787742,200.96957917629553,0.006053780890674649,0.030107050405104287,0.39689621734014047,0.9173496116061314
robot1,1809,1722895105197815613,-58.403296337488676,48.29075701583316,201.68163977813322,-0.00048184257633014535,0.037765309538434835,0.39621678530310683,0.9173798603998616
robot1,1810,1722895105702641844,-58.39686488209939,48.13488928080715,202.45589829213986,-0.008988454394068297,0.03807335110228987,0.391436539477109,0.9193731903778971
robot1,1811,1722895106205910362,-58.44869823588308,48.020460501608966,203.13130521458365,-0.007862274894155261,0.038462497741061794,0.3846531574441246,0.9222259860626748
robot1,1812,1722895106694943436,-58.502456032933615,47.89527529895587,203.7939763676878,-0.004680831321853158,0.03449054385287656,0.3820341834117763,0.923492487737592
robot1,1813,1722895107200286257,-58.516026627496224,47.8057248174505,204.40445051478696,-0.0038934183146068575,0.03750234255836721,0.3950211777049527,0.9178979707794622
robot1,1814,1722895107710323299,-58.50544543636001,47.6197371877014,205.07430848621695,-0.006952402355807424,0.03896879779394505,0.38898695909265274,0.9203924394277847
robot1,1815,1722895108201047692,-58.44530793084619,47.40542651031497,205.818418534567,-0.0049282433135961964,0.03944849108579219,0.37978128374260917,0.9242216755128132
robot1,1816,1722895108697018062,-58.39973656299943,47.22057111816898,206.55981073466347,-0.003577491187365824,0.03677804380066936,0.3853239639681456,0.9220412245897011
robot1,1817,1722895109202291941,-58.471485682378805,47.13683139980694,207.28041426046548,-0.0011667134327601008,0.0314564826463566,0.3926192022742953,0.9191622764696022
robot1,1818,1722895109699468015,-58.49193003700853,47.03802638519012,207.9679267652271,-0.004288612186433667,0.03180441301425645,0.3887688548167884,0.9207762294079794
robot1,1819,1722895110197818596,-58.499993908461036,46.88457795758917,208.68086848539886,-0.004098578274947725,0.03574979641255946,0.38251514027278843,0.9232482446095814
robot1,1820,1722895110699901729,-58.53108403749805,46.737630248608944,209.39054404700107,-0.0030483044008638343,0.036897658232678786,0.37793048171425453,0.9250934123905843
robot1,1821,1722895111202778072,-58.53772230194378,46.55409407885589,210.1442230345336,-0.0058031371300623445,0.03302548937991485,0.3719217554824674,0.9276582605946581
robot1,1822,1722895111707426474,-58.52353171633736,46.35207815036253,210.91696283416474,-0.007148240623718669,0.033730070589208516,0.3673074512882,0.9294602849085049
robot1,1823,1722895112197502200,-58.5488626013688,46.19701517640966,211.67837825831268,-0.006652044968126413,0.0314372398411326,0.3633442755682071,0.9311006324027107
robot1,1824,1722895112709866087,-58.60485130229299,46.07393260416507,212.45139364612888,-0.008836819955957722,0.02975299201887176,0.35604706602457414,0.9339524382185013
robot1,1825,1722895113203717665,-58.59602642108002,45.870462073186026,213.21745505217345,-0.004673993956382497,0.028436901946694137,0.35538247802956346,0.9342766135881474
robot1,1826,1722895113701470025,-58.563087183919954,45.699723502119035,213.99349636306778,-0.006287094257993273,0.030524920786328475,0.37899971703284335,0.9248718376866084
robot1,1827,1722895114203003303,-58.649671877029085,45.6061812826781,214.70447677502696,-0.008235969236595033,0.032890374514760005,0.3815995350079587,0.923705681998721
robot1,1828,1722895114698665120,-58.73019227358643,45.50438342282629,215.33408355939883,-0.002332119830203541,0.02736613368845352,0.37715100359870307,0.9257444444491872
robot1,1829,1722895115207373283,-58.866658353180476,45.592872382191395,215.6995256512464,-0.0024364148518026645,0.026399456108478114,0.3634538416112266,0.9312348992697213
robot1,1830,1722895115698641599,-58.95040036540801,45.753944420640266,215.88593862889275,-0.0009138592097141533,0.024025175121182817,0.35639770354327593,0.9340249636550516
robot1,1831,1722895116200353000,-58.921168392980604,45.630757930567995,216.01635564663732,-0.001099709103129082,0.019248592100363338,0.3188633443380157,0.9476045852461977
robot1,1832,1722895116698308739,-58.76799116065902,45.347167986076265,216.11148847386877,-0.0034220175027973644,0.020486412303330717,0.2707735640197907,0.9624189699580784
robot1,1833,1722895117202067680,-58.71843513339305,45.30605169765095,216.17114454616032,-0.003170409278678911,0.019480673325110193,0.258875033612953,0.9657091533395022
robot1,1834,1722895117702494735,-58.75797812627071,45.32765838067037,216.2065152353133,-0.002649906021872231,0.017772254153886766,0.2578751705076891,0.9660111393850462
robot1,1835,1722895118208071155,-58.609076495730044,45.1040719947581,216.20986363113576,-0.0035766883190278278,0.015365635755225891,0.1785229378733465,0.9838092626071252
robot1,1836,1722895118701201972,-58.46786703712753,44.87213006303669,216.2103107080356,-0.005587564158916062,0.013656090843106762,0.1159883280622912,0.9931409759258598
robot1,1837,1722895119203411500,-58.44306751552533,44.75479186700528,216.28000877622353,-0.008302542061261109,0.011751061633917032,0.06440553116588783,0.9978200779203817
robot1,1838,1722895119699907976,-58.32730575357318,44.547046224375315,216.34586884578042,-0.01021964789413927,0.012080584379235685,0.02540344149458769,0.9995520413856435
robot1,1839,1722895120201241383,-58.17895742254896,44.27120877426068,216.4053449894742,-0.01245472046669677,0.01151334322975027,-0.015593723211098035,0.999734544097675
robot1,1840,1722895120706242828,-58.19009823499788,44.23587523071247,216.53265046430653,-0.012646497820517825,0.009438520282118706,-0.022439207625371303,0.9996236603786973
robot1,1841,1722895121206042685,-58.21863037601595,44.236847245521716,216.68231468707808,-0.0125456560439403,0.007662266662231474,-0.021209186000298252,0.9996669778547398
robot1,1842,1722895121698747158,-58.06112721955659,43.98024269905164,216.68858441020927,-0.011064478023666542,0.005725757131075482,-0.026360345849200377,0.9995748722322156
robot1,1843,1722895122197935295,-57.827639249205525,43.597841359994256,216.69003014109938,-0.010122474472966941,0.0063657709503179985,-0.05063721346670195,0.9986455252406029
robot1,1844,1722895122701211620,-57.6220246538031,43.210221081710806,216.7922143794222,-0.00975975360613744,0.0016744385458396553,-0.09912099901246696,0.9950261157476592
robot1,1845,1722895123202365245,-57.401145611018194,42.75586474936558,216.8781176708581,-0.007417702055322862,0.00248395902344754,-0.17226854914972897,0.9850189615523326
robot1,1846,1722895123697746099,-57.17716303095507,42.293044684082766,217.08853333191803,-0.011306086379385658,-0.005768587409642805,-0.18077267040709133,0.983443001624379
robot1,1847,1722895124196253579,-56.94984162836256,41.80148221184794,217.20841810032127,-0.011007474468738492,-0.005146340080962289,-0.26688336274993824,0.963652230515177
robot1,1848,1722895124697975483,-56.73080781071849,41.33951890159752,217.3645058185985,-0.012084372811401144,-0.013951974546288567,-0.2770638022658032,0.9606742214788688
robot1,1849,1722895125198937575,-56.58649882607865,41.03797872316248,217.52311100013713,-0.013289199998849347,-0.013574829157048217,-0.28251725963654234,0.959074094731062
robot1,1850,1722895125702320860,-56.396368291605704,40.72668987674796,217.65025477453366,-0.008494428328555362,-0.007244342510096821,-0.2847315925015358,0.9585422705444485
robot1,1851,1722895126195549291,-56.13353693673289,40.33211165842108,217.55329367657228,-0.01060811448632159,-0.012207180427644525,-0.2868624789451304,0.9578352524450677
robot1,1852,1722895126699725275,-55.88440387576405,39.92633508078717,217.31265079308565,-0.009113780037487224,-0.014520870811347748,-0.30613970508351956,0.9518322143611678
robot1,1853,1722895127199496871,-55.60093610793978,39.471965037702894,217.25538362672793,-0.009430769248237356,-0.017958653588509666,-0.33055118712048065,0.9435700610160941
robot1,1854,1722895127696721774,-55.22416537721862,38.89932326935613,217.08029632358603,-0.00520163011713486,-0.010411964948907896,-0.34358898034784147,0.9390480001648253
robot1,1855,1722895128199115877,-54.84476664421194,38.29469090455138,216.95686534929123,-0.006640629725961902,-0.016814212605664455,-0.35294849786693233,0.9354680871867144
robot1,1856,1722895128696965537,-54.42278960063369,37.68040244733523,216.90916903071835,-0.0061577748621696096,-0.006459057180071188,-0.3608252264522234,0.9325907560901475
robot1,1857,1722895129196980212,-54.00401745114508,37.16042223298355,216.77463460003258,-0.006697120956825886,-0.008442793780951783,-0.369132170905973,0.9293144291391937
robot1,1858,1722895129697112342,-53.59927690814039,36.58800103106799,216.625607544005,-0.006361348843934229,-0.011381349910384449,-0.373584060727225,0.9275046887674802
robot1,1859,1722895130198076427,-53.262114766176445,36.002067662421,216.471989957019,-0.004104927818380652,-0.01369780057239992,-0.3705917681111924,0.928685770987854
robot1,1860,1722895130698968042,-52.982938525742284,35.44627141456381,216.3445561570077,-0.0018377508676333235,-0.015178605036288892,-0.3724623025901748,0.9279213683120601
robot1,1861,1722895131197050264,-52.666380167208374,34.960282523760455,216.30280265175284,-0.0007790360499553298,-0.019272647725415152,-0.35568128843500196,0.9344082508249282
robot1,1862,1722895131700260354,-52.31819253820003,34.43941612510722,216.1159611367799,-0.0022983556946364787,-0.027649486362280224,-0.33593680874137566,0.9414758010685476
robot1,1863,1722895132198977806,-52.03441828542788,33.927360603180404,216.0056292094469,-0.004441442337645679,-0.03303557537032584,-0.33035725583858755,0.9432671985523036
robot1,1864,1722895132705845431,-51.686161894646645,33.31208699044751,215.89977308945694,-0.005497085002081402,-0.03185753720529471,-0.3238774458881433,0.9455465506386589
robot1,1865,1722895133203766081,-51.34744772241208,32.7658372662841,215.72277242271332,-0.004031593455824931,-0.03200973661940574,-0.31440023832193953,0.9487421215266406
robot1,1866,1722895133699070411,-51.06885089582311,32.263570800875684,215.7226119204448,-0.0046161480423541805,-0.03466152782030806,-0.2691938984477315,0.9624509934043008
robot1,1867,1722895134200086958,-50.700548259988636,31.60825633374319,215.89769261790104,-0.002583702243457122,-0.027186732196355368,-0.1642074339640313,0.9860477294259894
robot1,1868,1722895134702340911,-50.38949100625147,31.022933782149735,216.03880753592824,0.002503491142931786,-0.021318194865224356,-0.07545828631291403,0.9969179074159035
robot1,1869,1722895135200888436,-50.195244993781856,30.622907901421655,216.21847111507986,0.005579073390725641,-0.010855435988296858,-0.0474441656260801,0.998799321484376
robot1,1870,1722895135701931433,-50.030982149647464,30.211031494959155,216.38981674027102,0.009481121361425864,-0.009149082475656295,-0.008478348937465135,0.9998772525799745
robot1,1871,1722895136201937949,-49.87515308714251,29.784959028420673,216.5383588012599,0.007720600915512937,-0.013904103528817784,0.014936267711607484,0.9997619597351214
robot1,1872,1722895136697758033,-49.630548819669535,29.35667798991051,216.60332189676612,0.010168928464836687,-0.010920953048947404,0.015810631406734554,0.9997636468750501
robot1,1873,1722895137194989440,-49.40434574194087,28.94392386043762,216.70705007440213,0.01149979509421568,-0.02076605107135725,0.01955827324732073,0.9995268879741435
robot1,1874,1722895137702079142,-49.16498585964424,28.432108643604728,216.8397538149467,0.011548734512634263,-0.02154235608725384,0.03446165433440919,0.9991070753457321
robot1,1875,1722895138195815180,-48.953361677778624,28.025333453619503,217.03566992797747,0.00667503453461245,-0.008019558777265678,0.062045579365558115,0.9980187757112448
robot1,1876,1722895138700310826,-48.767811269463465,27.59781776903462,217.2711857141171,0.008053476338151731,-0.007157660527300167,0.10173672418638155,0.994753008724513
robot1,1877,1722895139200066959,-48.56160646473931,27.154009342299375,217.5709228792272,0.008802703983111176,-0.006482448973902092,0.1468143799355313,0.9891036488164585
robot1,1878,1722895139701767066,-48.28389313533369,26.6180958277726,217.89666091329642,0.010156366444834537,-0.0070805473508196584,0.1363855403506946,0.9905784665805633
robot1,1879,1722895140197366453,-48.08295523808806,26.110087929339155,218.19992777320272,0.009430673059203361,-0.013672763981525698,0.12888101753556175,0.9915209535101889
robot1,1880,1722895140705847620,-47.92052366761307,25.652159642836736,218.53407546462097,0.010591929734922652,-0.017353410082888886,0.1256991071170931,0.9918600731216834
robot1,1881,1722895141202053678,-47.72153346440119,25.126943601532222,218.8963162350223,0.00873488482170466,-0.020091270557256635,0.12137174127155409,0.9923653274148879
robot1,1882,1722895141696513596,-47.55618902279285,24.6127020204698,219.1795769171483,0.013313339337634332,-0.029820343105831454,0.11976482923993802,0.9922650290168752
robot1,1883,1722895142203650388,-47.28780834169527,24.06974081983536,219.57914169245416,0.010303397140969936,-0.028473383858203572,0.12146205647456881,0.9921341014479783
robot1,1884,1722895142701874551,-47.066310674490296,23.584714723408965,219.90269628952427,0.013114814673253703,-0.03363532564981608,0.11030154258500187,0.9932422847462173
robot1,1885,1722895143202550543,-46.8920880671716,23.017672194596607,220.27291542418646,0.014505090705412551,-0.03485224626303489,0.10525480711825785,0.9937285086242352
robot1,1886,1722895143704557142,-46.80747454919652,22.43240225807513,220.64594972573562,0.012053831650854134,-0.03588160010153984,0.09928020728495414,0.9943393064533568
robot1,1887,1722895144196721662,-46.55388599086343,21.867724728179446,221.13093255003818,0.01474356451609325,-0.031712591456760045,0.09798592497119261,0.9945731231819992
robot1,1888,1722895144704402912,-46.26709882811587,21.30059178591931,221.5788064514724,0.01402800760676182,-0.04137746075503179,0.09676686526266187,0.9943476728646214
robot1,1889,1722895145198483262,-46.05711330764984,20.69839912918759,221.95005007602907,0.01921770205331163,-0.04291701915112708,0.10470308756348587,0.9933911982948332
robot1,1890,1722895145701185709,-45.77767381850171,20.06783880793244,222.3384948078188,0.017838528169770693,-0.03849809656207573,0.12475045291226136,0.9912804890504096
robot1,1891,1722895146202962745,-45.54479595684149,19.370535070160802,222.82272925101464,0.01850572701558091,-0.04170404081084345,0.1276240283574423,0.9907726371037359
robot1,1892,1722895146702355428,-45.330584616892295,18.828354127403774,223.27415653873123,0.015514092141424629,-0.04363811544853837,0.12834166163693683,0.9906479928377171
robot1,1893,1722895147197552657,-45.05932230748383,18.3051315351623,223.69183058869734,0.01543498748117919,-0.04064389768470344,0.13033655526621735,0.9905161367205421
robot1,1894,1722895147699883958,-44.82825401561814,17.725770085883152,224.07898408921852,0.020162207405824296,-0.04129052937013897,0.13602203872422527,0.9896396225688235
robot1,1895,1722895148200246820,-44.69655057199935,17.129380493357253,224.50413655670735,0.022710423866124017,-0.04223773105595827,0.14467255724461228,0.9883167821621618
robot1,1896,1722895148700558292,-44.47195093176795,16.440677138686574,224.94856397531737,0.022961063807844396,-0.04189427626388551,0.14080821168432764,0.9888835657889148
robot1,1897,1722895149198078978,-44.26359693680047,15.731648621286173,225.44072883845863,0.02409817850582147,-0.042140588293364714,0.135597713213068,0.989574003691678
robot1,1898,1722895149700353291,-44.076663432002086,15.086303375724032,225.9324415979847,0.021142903309403535,-0.0491372696984862,0.12936309935508322,0.9901533693784383
robot1,1899,1722895150197935199,-43.89872353234223,14.413186079245206,226.37219333541688,0.021674364592778612,-0.04543027206478106,0.1267364062289152,0.9906584656862317
robot1,1900,1722895150700299597,-43.67016559840139,13.690479249061443,226.77932246550392,0.01954489288809764,-0.041528556594367876,0.12797451268246743,0.9907148430567023
robot1,1901,1722895151197418511,-43.530210723833385,13.142371499426135,227.27074681038397,0.01630795581268427,-0.0398097456032893,0.17552011457017364,0.9835354208738423
robot1,1902,1722895151698733389,-43.374486740302714,12.616316990052992,227.80401482699287,0.013888691965972281,-0.04005145980874617,0.17676752204518395,0.9833393249294304
robot1,1903,1722895152202274919,-43.14616570410936,12.036286310204243,228.38967812954832,0.013871018739187837,-0.034470286860679565,0.17298291489872886,0.9842237069467585
robot1,1904,1722895152698099778,-42.870387162894275,11.514954853537395,228.7625170076679,0.012189368715364454,-0.03351115341503185,0.12738550846504154,0.9912120631430077
robot1,1905,1722895153201108736,-42.68522502933387,11.088807301892755,229.07988027470594,0.012965557089768069,-0.035919024569627034,0.09538653175713688,0.9947075588144805
robot1,1906,1722895153701717560,-42.48179240150995,10.4977775502003,229.4547278064123,0.015874247177868162,-0.03597034121988792,0.0836377118030187,0.9957202799950475
robot1,1907,1722895154198293099,-42.25330514777089,9.90626068349601,229.7565281204672,0.013773654999515762,-0.03444851278351201,0.07496739676591353,0.9964955974900745
robot1,1908,1722895154696834632,-42.0083724667575,9.331755175353305,230.10361053357386,0.011064889002158478,-0.030192253204280827,0.09407575305780926,0.9950456013492168
robot1,1909,1722895155200834220,-41.93910577134266,8.875517491500114,230.44334568684758,0.010196880479355495,-0.024431284144236686,0.12437449343790752,0.9918821106188059
robot1,1910,1722895155696353382,-41.92857361000192,8.601919795646323,230.6407735623717,0.009295892383510031,-0.029064188033088814,0.12490186568281707,0.9916997445334564
robot1,1911,1722895156199608898,-41.88665566285513,8.421952058403512,230.7662998357442,0.010266784172609943,-0.030357386333175144,0.12543836677779124,0.9915837021542315
robot1,1912,1722895156702675945,-41.86640100173354,8.284746638325656,230.87507762704456,0.00930521385650271,-0.029906088520525273,0.12513664088965548,0.9916450272004296
robot1,1913,1722895157200509301,-41.94642656728855,8.27420398328274,230.84479439876304,0.009836168702331087,-0.031088632577335275,0.12512450361904745,0.9916050651866487
robot1,1914,1722895157705093769,-41.968265454051135,8.243646056430832,230.82493762846244,0.010569806788876892,-0.03154021978027626,0.1255712875565669,0.9915267749597303
robot1,1915,1722895158199733567,-41.86299501405331,8.040894950566551,230.88137971562608,0.010880117628880413,-0.03329739890833383,0.13330804662268353,0.9904553856544804
robot1,1916,1722895158700338404,-41.66879517976787,7.6304997860040364,231.04893650923984,0.01170262081027152,-0.0335022088703697,0.1399194186272751,0.9895267590914267
robot1,1917,1722895159205428770,-41.46098137891784,7.101000715741506,231.395931943482,0.013347189587926874,-0.03885152516433372,0.14632430493521542,0.9883833311563561
robot1,1918,1722895159705616788,-41.24541974738564,6.503568703683732,231.82867169322267,0.011988571891768062,-0.03519453644240549,0.14603510187576382,0.9885804811793197
robot1,1919,1722895160197995181,-41.114874094739065,5.9407227957352635,232.20695156918032,0.010640357227442759,-0.03757176445265087,0.14589218568897583,0.9885295217993646
robot1,1920,1722895160698441546,-40.97300985476636,5.38894977732559,232.65325146545112,0.009109410762224249,-0.037991561626489534,0.14541725158548838,0.988598747127503
robot1,1921,1722895161199787030,-40.81980750986914,4.846079426828826,233.1250812787137,0.006464548159297948,-0.038469935272453556,0.14278586206919555,0.9889845657493276
robot1,1922,1722895161701872795,-40.63971048511567,4.1834506905791935,233.6257914475416,0.010198387485947848,-0.037470461791138526,0.1403912444689457,0.9893342488068964
robot1,1923,1722895162197187587,-40.44279862410783,3.5578568460725304,234.09793977162644,0.010802438804751364,-0.0324454468348974,0.13803438631605855,0.9898369100462473
robot1,1924,1722895162698127681,-40.18721094483196,2.9529757250830873,234.57694519433645,0.010587327455174161,-0.03484758879974575,0.1334190084313929,0.9903902878367621
robot1,1925,1722895163198672841,-39.94884397782297,2.3576635196709117,235.0506510599776,0.013547727860361129,-0.039496245938509145,0.13204811011259052,0.9903634697636418
robot1,1926,1722895163694867984,-39.75688580194726,1.7755007345328833,235.5208610950753,0.009289302375705487,-0.039703214787718204,0.12844542356759436,0.9908779625975311
robot1,1927,1722895164199349515,-39.51712018115344,1.1871326172545364,235.95653903981824,0.012612203876520069,-0.03686384734806417,0.12591242041064685,0.9912759713916243
robot1,1928,1722895164697718203,-39.296316718151914,0.6787221281651881,236.35687742325464,0.012950119614079669,-0.038893328873234476,0.12323703313597814,0.9915302501865393
robot1,1929,1722895165198759468,-39.13084258230644,0.20445299411820778,236.74025345223282,0.009389932384442232,-0.04005139081392741,0.14378279688096784,0.9887538736130301
robot1,1930,1722895165704301200,-38.9036299434282,-0.45130661597929833,237.1673421397865,0.008872388499295654,-0.03987131932680162,0.14446302927909055,0.9886667748988869
robot1,1931,1722895166194757543,-38.71137667783306,-1.0053504388706598,237.62998858518014,0.01058674803165422,-0.04218522795017955,0.14656811748205556,0.9882439548242489
robot1,1932,1722895166697962755,-38.47615588376479,-1.5919579172651046,238.0855214637557,0.009060092042947856,-0.0362871679285033,0.14442295703813807,0.9888089631755277
robot1,1933,1722895167206193793,-38.2690036379516,-2.1860434929799664,238.521502207353,0.00838569292980458,-0.03739528045240259,0.1420933949665486,0.9891110859053464
robot1,1934,1722895167699337751,-38.10789879916973,-2.6701314084221965,238.95492757805778,0.010014036508590065,-0.040084047116063164,0.15458409420827843,0.9871153661337706
robot1,1935,1722895168196804658,-37.9461271632663,-3.185925775909314,239.4191129306463,0.009773143094683079,-0.03923341337424311,0.16504070496345566,0.9854576554343784
robot1,1936,1722895168698193864,-37.694435631243586,-3.793064363366433,239.8926671303001,0.008347329260264397,-0.03715590440462127,0.16555371484865153,0.9854652344765424
robot1,1937,1722895169197359259,-37.527045028689685,-4.383564875850768,240.36980299917556,0.009060230533763938,-0.03740353155131246,0.16758224828539625,0.9851066328625429
robot1,1938,1722895169697460970,-37.36244090644339,-4.93982731469887,240.84253722594715,0.011171194609748159,-0.035360256613688024,0.1651560736023808,0.9855700523125944
robot1,1939,1722895170204565065,-37.18783106611553,-5.532023634490876,241.32766230210416,0.012415234621559799,-0.037838377714082896,0.1641309475572712,0.9856343902153628
robot1,1940,1722895170702210334,-37.032162323862366,-6.0860123754943345,241.7552604391179,0.010536578460056803,-0.04174288057289909,0.1624856805248437,0.9857712290690016
robot1,1941,1722895171195607176,-36.817504044288356,-6.639496563536491,242.19240803742093,0.012120956822924621,-0.036667879110454146,0.1599919544916561,0.9863625720520715
robot1,1942,1722895171698397403,-36.6278757963071,-7.141645108550901,242.6237745291063,0.01360276782001915,-0.039013739160361355,0.1567915612585652,0.986767094699891
robot1,1943,1722895172201676306,-36.49757623135136,-7.606798205795546,243.0288942713568,0.014788891295207189,-0.03350595316688443,0.15431256267324028,0.9873430370432833
robot1,1944,1722895172701025862,-36.44157060906693,-7.80381813019336,243.2514038917798,0.01676210677591326,-0.031160146704572685,0.15368673320801593,0.9874859315806127
robot1,1945,1722895173200377105,-36.51965882860908,-7.705501907466054,243.29476293513295,0.017202937243023908,-0.032096451460427076,0.15451700673215188,0.987318779009291
robot1,1946,1722895173697077925,-36.545713668085256,-7.695531441287247,243.2816357281516,0.017603836847600567,-0.031968206634463696,0.1555243411948007,0.9871576966162713
robot1,1947,1722895174197393937,-36.51451672470685,-7.742728116302722,243.2023004460073,0.018169000068656543,-0.031836069041785126,0.15669598584091465,0.9869664230184408
robot1,1948,1722895174700549725,-36.45938564742871,-7.795216797691487,243.15598610863242,0.01857148099607196,-0.03167228968089141,0.15734190549969393,0.9868614345153567
robot1,1949,1722895175199704495,-36.438601828714724,-7.8168460735249665,243.12700525482285,0.018930705727591018,-0.031617326742984384,0.15784577390202442,0.986775903988111
robot1,1950,1722895175697579423,-36.43663631745147,-7.835960473940526,243.09962149091612,0.019272590951506005,-0.031596316279446916,0.15827647131717906,0.9867009671947055
robot1,1951,1722895176195974468,-36.424240674669704,-7.857962466636099,243.0937004922904,0.020076975334732076,-0.03237627936255669,0.15862077864602836,0.9866043483472865
robot1,1952,1722895176699914020,-36.30831168168246,-8.110393095354427,243.19335955377497,0.019754907193600332,-0.03350885052363915,0.15736166693288867,0.9867746482143018
robot1,1953,1722895177198358938,-36.213005196571935,-8.317925507330742,243.3003402218033,0.02138497937428306,-0.031188841614617206,0.1570365152407106,0.9868685179379034
robot1,1954,1722895177700472524,-36.289465728303874,-8.264813705608692,243.32370928281583,0.02166781389145821,-0.03277982489563257,0.15814276745981862,0.9866341034148001
robot1,1955,1722895178198886572,-36.22627456232486,-8.445812837841638,243.44950720799213,0.021483855101629153,-0.03100750356968035,0.15756892188841934,0.9867872179691373
robot1,1956,1722895178699495374,-36.125405690832906,-8.628146517887274,243.5414805658332,0.023162847814331804,-0.0285045124609332,0.157606375389435,0.9868187299028628
robot1,1957,1722895179201979343,-36.166620877831754,-8.592826439386943,243.56880868426626,0.023314927127042345,-0.029475808042790527,0.15827312064684632,0.9866798924646201
robot1,1958,1722895179694879149,-36.1959696381407,-8.600552051454741,243.61114007781853,0.02347317393615218,-0.02939074998004423,0.1587963784476781,0.9865945996775349
robot1,1959,1722895180197440802,-36.200620617936686,-8.607701748341432,243.61208122979033,0.023856180772388512,-0.029377299916980924,0.15944116843004985,0.9864818146819552
robot1,1960,1722895180696821242,-36.20319685588988,-8.614170080175008,243.61165789356815,0.024154014814902525,-0.02934729582828893,0.16003485534900083,0.9863793209862587
robot1,1961,1722895181199946575,-36.19891137186535,-8.615104514169031,243.60547250879532,0.02445308585813541,-0.029391151427914822,0.16064622685159513,0.9862712591412678
robot1,1962,1722895181698550034,-36.191255525077565,-8.618850134623091,243.59707558183266,0.0247176106408308,-0.02938486453247703,0.1612535987238785,0.9861657296617108
robot1,1963,1722895182202249446,-36.196322435195555,-8.625015121280953,243.59835233451244,0.024925837332653845,-0.02939427999622617,0.1618272286208951,0.9860662386542043
robot1,1964,1722895182702651859,-36.198006125125644,-8.63190358262937,243.59531604558828,0.025119759487719,-0.02938912741333919,0.1623917128865868,0.9859686650492104
robot1,1965,1722895183197602991,-36.20442939081767,-8.627987411947199,243.5910235409845,0.025363422863635257,-0.029437910413018503,0.16295233299384534,0.9858684716446806
robot1,1966,1722895183701255609,-36.20620967767367,-8.62691899905372,243.5818698387719,0.025610289653322266,-0.02947883543135421,0.16354987426737114,0.9857619134215986
robot1,1967,1722895184199143510,-36.20400731841542,-8.62964176544695,243.58717171354093,0.025803263072775147,-0.02947265640533801,0.1641027309423566,0.985665180391633
robot3,234,1722894326626535261,3.9032137196225456,12.016274903243174,-43.68594192954255,-0.02492309314406656,0.01909054529641342,0.9302201220843471,-0.3656568267895462
robot3,235,1722894327126398800,3.994446709361475,12.11019181641644,-44.17595906798499,-0.011181863486448172,0.021645555957989414,0.9297252443901981,-0.3674471469202428
robot3,236,1722894327623552259,4.057166847936245,12.196342683351958,-44.58085763564216,-0.0030948642508838004,0.028520911022399648,0.9286509567063133,-0.3698437238323372
robot3,237,1722894328125479662,3.841681456754231,12.284648394677175,-44.82077118744245,0.0059471614220166875,0.02320748433192083,0.9292139306533894,-0.36876485057782027
robot3,238,1722894328623660640,3.58123989034746,12.364436449316171,-44.90217968750878,0.006998049203797437,0.02407660278725942,0.9276063694373382,-0.37271673947496137
robot3,239,1722894329125785005,3.192665097833678,12.389602726476994,-44.912056439157865,0.005989838174583878,0.022602440599361267,0.9391816833567108,-0.3426237253385261
robot3,240,1722894329675540125,2.951501643963608,12.44058003781189,-45.18216989845349,0.002131361357488263,0.01972600881715019,0.9472126592416713,-0.3199914374592402
robot3,241,1722894330174984772,2.6814970660494097,12.510898819571299,-45.425398476715685,0.004885146032166919,0.014207185175693434,0.9531202263966503,-0.30221867128161695
robot3,242,1722894330626899203,2.298157182885853,12.569966528185804,-45.682327160820584,0.006559845110628398,0.007117255853644524,0.9544626830365305,-0.29817327142442834
robot3,243,1722894331132956104,1.8149981580137624,12.626864362962156,-45.940030888078624,0.0040868401996358595,0.0034936808030722423,0.9561128109402702,-0.29294945756482327
robot3,244,1722894331677008888,1.4130756772517648,12.748029599363358,-46.376380022319864,0.002899911972059485,0.007758177472039491,0.9564177789831256,-0.29188428055969673
robot3,245,1722894332175223665,1.1321509268681849,12.887083728520038,-46.97979091877082,0.009873087348283528,0.00961953458774888,0.9543876979996329,-0.29825175373749274
robot3,246,1722894332625264496,0.8758185660123531,12.997706803914225,-47.43258183266397,0.007910951919260308,0.007635842729312372,0.9529040165500695,-0.3030726744335248
robot3,247,1722894333175722874,0.46808338092533053,13.103837179570581,-47.9188017490971,0.003074391328826033,0.006450653926225395,0.948092779035624,-0.31791354095475177
robot3,248,1722894333626004009,0.12926050422702692,13.204270258456521,-48.25214971849083,-0.008125550150486242,0.0047308262637691945,0.9403536090483664,-0.34006864699252404
robot3,249,1722894334129322002,-0.24032601992629546,13.354825249009684,-48.70806079100188,-0.016356406661132868,0.003964033439151138,0.9367755462647503,-0.3495258650234739
robot3,250,1722894334676444668,-0.6941662175396714,13.527555552433908,-49.24878085302729,-0.005989983311170769,0.002551556458008186,0.9244836238720388,-0.3811661564882121
robot3,251,1722894335127042536,-0.9928679932899929,13.65455228357707,-49.77492726975498,-0.0035530243783785625,0.001485738950987316,0.9109771878877791,-0.41243876120656997
robot3,252,1722894335625544879,-1.2453721930484383,13.800052538827574,-50.39744132203973,-0.0032710234048978575,0.003976733090124218,0.898310858714469,-0.43933027111216444
robot3,253,1722894336126908767,-1.5499033227982506,13.90901436811104,-50.996893508067025,-0.00615579866352569,0.004121831197439161,0.8755350605816749,-0.4830977896271489
robot3,254,1722894336676780769,-1.8682115011149252,14.065777274408887,-51.59883053553962,-0.014891674304001158,0.004416529782898924,0.8609771504228177,-0.5084064110049211
robot3,255,1722894337126403980,-2.02147624773769,14.235665107338946,-52.165177337577546,-0.014699914568064786,0.009261838300550706,0.8432789215105233,-0.537195300983762
robot3,256,1722894337624410083,-2.2153760610259328,14.343575318543389,-52.78380530997719,-0.011397636608343878,0.013075146241989685,0.8378803872232515,-0.5455782172494691
robot3,257,1722894338126653090,-2.3151666941073357,14.437284079992716,-53.35795369014495,-0.015091941642503357,0.013025911178705421,0.842738171284579,-0.5379543973194635
robot3,258,1722894338626255721,-2.5120071792516137,14.549110656912875,-53.91785662586125,-0.012312559446316837,0.019985124167531235,0.8466860054777597,-0.5315748336970104
robot3,259,1722894339172923011,-2.7142974566014666,14.663149837048282,-54.44684367140235,-0.00988387658072583,0.026296429694730776,0.851120650785748,-0.5242179361440165
robot3,260,1722894339623930615,-2.7709043836410765,14.770042987393543,-54.891277697682966,-0.010397512170582287,0.032821154437110825,0.8662866979430481,-0.49835932872678124
robot3,261,1722894340125796338,-2.8327899672443624,14.86156859797244,-55.30431309830731,-0.005053761024523894,0.038111409359771,0.8905641901357741,-0.45322996726157894
robot3,262,1722894340675394633,-3.1336126543922878,14.996197029476642,-55.73175425374326,-0.009773155538128415,0.04025641234856493,0.8936636545001309,-0.44682119390324454
robot3,263,1722894341174537499,-3.506681416954999,15.070013868672085,-56.07904739993015,-0.008603234171133798,0.04800146118305513,0.8936119273193343,-0.44618333388721854
robot3,264,1722894341675676757,-3.7334941583633787,15.201994816403756,-56.58506334335345,-0.010836295602172577,0.04732018194575848,0.8865838031661696,-0.46001362484349695
robot3,265,1722894342125351214,-3.9817107941186105,15.327497727824076,-57.14343173124118,-0.010775760650824535,0.045946536410165814,0.85780546865038,-0.5118032597862265
robot3,266,1722894342630272360,-4.2656034629983814,15.48098338138203,-57.792215332428896,-0.01120848245237957,0.04744503698486422,0.8213809626228425,-0.5682927525733474
robot3,267,1722894343126851094,-4.466422624881783,15.639997581525261,-58.52697543543015,-0.025881688420819126,0.03968738502160977,0.7621116890011348,-0.6457095501558513
robot3,268,1722894343627742470,-4.311051061856645,15.722076035891087,-59.18704882471821,0.01991836867717815,-0.04416420231683328,-0.6975762921742423,0.7148706865016876
robot3,269,1722894344175885428,-3.925208624359782,15.803413494056478,-59.76847205594092,0.014221676327448323,-0.040539655043588155,-0.6424610609669221,0.7651131063003959
robot3,270,1722894344625611915,-3.665265451943533,15.847406332233138,-60.20328281566677,0.013707667937596564,-0.04201046497646385,-0.5498344116580477,0.8341039146466238
robot3,271,1722894345126236006,-3.3850718505881976,15.954395929322066,-60.4829212806803,0.0104451173037551,-0.045700500992183354,-0.4449711361113251,0.8943170868105846
robot3,272,1722894345627635116,-3.063611289682779,15.96278311852885,-60.61618208002257,0.009934215658381618,-0.04889809299292833,-0.3530983927149833,0.9342546831153714
robot3,273,1722894346125637630,-2.635233300509673,15.926663399943411,-60.616097030450774,0.010491912351411429,-0.04304437620704613,-0.24686137295761823,0.9680374806760512
robot3,274,1722894346624364101,-2.171294760453503,15.847902846011728,-60.7015270922557,0.0062146108478573605,-0.0488123913276377,-0.2006287395297199,0.9784308038587108
robot3,275,1722894347128368404,-1.5327030970889877,15.794832083867801,-60.898120857487186,0.0032254729663453653,-0.05268828405144296,-0.08862413933224281,0.9946654226298797
robot3,276,1722894347623975248,-0.8889932206654687,15.723593444504338,-60.739624801057694,-0.0010528083741659924,-0.05287097215120975,0.02254301866198501,0.9983463147665337
robot3,277,1722894348128663387,-0.08440679817008243,15.609411262484933,-60.72021501713058,-0.0005048383931029205,-0.04035208764020237,0.04350384433579082,0.9982378823152734
robot3,278,1722894348628456964,0.5950373462914302,15.579034757782974,-60.898007924525736,0.0017481933326603451,-0.039790725339218604,0.04722336375194186,0.9980899738565668
robot3,279,1722894349126320016,1.2068030048919551,15.445939581633116,-60.78417559312872,0.0011541925752025727,-0.04150834764438657,0.02921354922516386,0.9987103150849104
robot3,280,1722894349674071846,1.832574554470262,15.317877511235348,-60.75738575796248,0.0003737679283400658,-0.05026844951488001,0.02471098827007194,0.9984299225982873
robot3,281,1722894350124684898,2.441595255053749,15.25173630202469,-60.904239602672845,0.006366616119705201,-0.05312827789595126,0.058084210132516356,0.9968766607862161
robot3,282,1722894350628770416,3.0804086034752,15.20660767735593,-61.06387824537847,0.005526371347104023,-0.04612447645569281,0.07183957717066494,0.9963338130583356
robot3,283,1722894351126022674,3.7963570567507854,15.147016177668648,-61.240690918015126,0.007940451123187182,-0.04468700622683907,0.07015164585142479,0.9965032700873484
robot3,284,1722894351627991292,4.4540714511041095,15.109060552287207,-61.3938010091085,0.008310075085477686,-0.04805306557847992,0.0561180282334675,0.9972324766310872
robot3,285,1722894352174538415,5.144618978671331,15.01222537322115,-61.47733656785504,0.0074672287696121754,-0.04396379055783891,0.06570498593994474,0.9968421542234861
robot3,286,1722894352626809690,5.729236792206922,14.933672534373443,-61.62816281237181,0.007188312291649374,-0.04402347674378776,0.07331417293295595,0.996310841910768
robot3,287,1722894353124851305,6.32009140246033,14.863536571976972,-61.78278278015009,0.009685468523601541,-0.04611198688957289,0.063826967159059,0.996848029856031
robot3,288,1722894353676552348,6.9801578423120185,14.817039904027745,-61.99120759994042,0.012390829787001907,-0.04804772306893531,0.05870385121272137,0.9970414943711595
robot3,289,1722894354127765171,7.544500346289049,14.749179896025009,-62.07644092001453,0.012855795238346951,-0.0437130974124262,0.0759812612670119,0.9960676390585508
robot3,290,1722894354636948331,8.206697263217775,14.670835383427308,-62.22843578419227,0.011223539220722865,-0.04289099494488251,0.09953847734890751,0.9940455151787869
robot3,291,1722894355128595122,8.829642377227966,14.625570903129624,-62.42038174334894,0.011924036728494226,-0.041590068106089145,0.12454907328584376,0.9912696968669353
robot3,292,1722894355627102956,9.465381917372662,14.548220831306804,-62.57398333886091,0.01334417105754414,-0.05205353846844164,0.1244513074916268,0.9907695162323708
robot3,293,1722894356175609057,10.237883137004047,14.42716783820997,-62.743203316666296,0.01441710674801705,-0.043960187977637226,0.13644080894109145,0.9895673572635102
robot3,294,1722894356674447342,10.901972475708142,14.355684149937243,-62.85650723632938,0.014444791870987102,-0.04709908015354587,0.15762337801256238,0.9862696869215857
robot3,295,1722894357125084097,11.520235042011622,14.330123414217628,-62.924518838963365,0.014475407300666938,-0.044677728542109246,0.19048273019402562,0.980566516180125
robot3,296,1722894357673892444,12.103661830792372,14.248049994375833,-63.08684885150094,0.016118078305479396,-0.04961948153577915,0.22338469358832946,0.9733331358144072
robot3,297,1722894358125887636,12.462037842618189,14.19012328909702,-63.215652932650464,0.01842849796681083,-0.048709164874841324,0.24308614227810726,0.9686056654553651
robot3,298,1722894358631792729,13.072116230217855,14.043563606126904,-63.38851419122575,0.015004945331137892,-0.04890726863252205,0.2513093802591311,0.9665539437011715
robot3,299,1722894359129697072,13.812535440363588,14.035593567741053,-63.4776265099741,0.01325420921156277,-0.047507417126509556,0.2956211299649456,0.9540311938162153
robot3,300,1722894359628669347,14.556835228220981,13.924244600547027,-63.49307437415716,0.012014511314236129,-0.0516745720725908,0.3220653551065057,0.9452297589259001
robot3,301,1722894360133155621,15.334829059343067,13.780167340747711,-63.6118859857331,0.010616018190540406,-0.04564549255613537,0.32828398053258034,0.9434158241691574
robot3,302,1722894360623470618,16.04907599455144,13.605150091588301,-63.82871187506487,0.012273680474379534,-0.04882292906110257,0.28625259044213286,0.9568307754408175
robot3,303,1722894361125779711,16.824762287328642,13.502134730502997,-63.93633626577872,0.013426643836397596,-0.047062358054561264,0.2822524446487209,0.9580910276061746
robot3,304,1722894361624758758,17.61003556759186,13.463461895268702,-64.09135703220988,0.015489879507530082,-0.04529558967597575,0.27982480410065336,0.9588568465619771
robot3,305,1722894362178267166,18.477443496141657,13.398187252012383,-64.25369717458089,0.011956939186697558,-0.03126043869776439,0.3015185146419514,0.952872710232495
robot3,306,1722894362628184191,19.07289514364415,13.33808641960935,-64.34049112467436,0.012982628512886478,-0.03357881771113453,0.31777792971064733,0.9474814519276004
robot3,307,1722894363127794642,19.72585680149663,13.298577379098058,-64.42076338576018,0.01106080494999804,-0.033984496995589746,0.3233792356233002,0.9455943012336235
robot3,308,1722894363676434658,20.57504468837964,13.200330452633725,-64.50139195863669,0.01531473691105034,-0.037397148188383335,0.31067001041116554,0.9496583895126961
robot3,309,1722894364176002065,21.39956958162734,13.129889430516343,-64.61597435759346,0.01682190716988557,-0.05025592790220308,0.29300205620930353,0.9546419015562728
robot3,310,1722894364675673164,22.268861364108794,13.003543820777198,-64.73214160589804,0.016298229438491952,-0.04556763687949879,0.29537856745568264,0.9541537926740201
robot3,311,1722894365176277214,23.18880629864622,12.853850515679069,-64.81132152841485,0.015244370247763187,-0.040698760156100564,0.304853249821611,0.9514072294084736
robot3,312,1722894365675166846,24.032770919873723,12.709213383601108,-64.92065765605507,0.017293684477809268,-0.04699617132420339,0.3235329858817152,0.9448908378244071
robot3,313,1722894366126780891,24.784661847775233,12.600910223046885,-64.97984909710567,0.016987581047415042,-0.051419623811075274,0.3256335528940213,0.9439439780023503
robot3,314,1722894366675487232,25.72984333757442,12.482001702266063,-65.03779978481106,0.007529826000251501,-0.04388314184717622,0.3243389572807698,0.9448924872026709
robot3,315,1722894367127815511,26.506147849948732,12.285324183893135,-65.07243645087439,0.011360287640301305,-0.046441790933495625,0.3373536392650068,0.9401630847859721
robot3,316,1722894367624002377,27.36021532817949,12.042721402271686,-65.0920206264802,0.01226494403569537,-0.048724486836395575,0.35667850105061744,0.9328750947573934
robot3,317,1722894368128886048,28.282249759333055,12.000698877255031,-65.13396469874012,0.008852177660487504,-0.047208194561573394,0.36936457332416106,0.9280424760160304
robot3,318,1722894368676431629,29.27049662655052,11.83487554541012,-65.32543922211597,0.008221193327317841,-0.0463774990154511,0.36906869676573306,0.9282078628373012
robot3,319,1722894369173794136,30.0263272778203,11.677234092632347,-65.55799979561591,0.010918089989341894,-0.04810914204068927,0.36708791464167595,0.928877154788037
robot3,320,1722894369625854772,30.74672104077211,11.667849795140262,-65.6542971669706,0.012160573007117686,-0.04812343679140599,0.36650475503345314,0.929091233320706
robot3,321,1722894370173361961,31.583514520386444,11.517277209199106,-65.75929653956554,0.014674430097964708,-0.05259661371542206,0.3560914450009093,0.9328542973713179
robot3,322,1722894370624710257,32.419811310762675,11.371977444097396,-65.82119869607985,0.013427104767337933,-0.05624851543063971,0.36175026727124726,0.9304797480324852
robot3,323,1722894371174456395,33.37027648182376,11.272364425193592,-65.91890675552392,0.007872370359499597,-0.055217025251120606,0.3719410628642884,0.926579166430329
robot3,324,1722894371624798606,34.15341546649718,11.17033786112798,-66.01015221593177,0.009124491319507967,-0.05380293460251605,0.3770182617641292,0.9245967868117823
robot3,325,1722894372123896611,34.92437517077257,11.105998505262464,-66.13385447091646,0.010932093377352188,-0.05551942739818324,0.3806755703531176,0.9229757270113311
robot3,326,1722894372625093728,35.71085532712911,11.019343854066346,-66.22617406455954,0.005934649252293302,-0.0461657388568944,0.4063988981919937,0.9125094191526917
robot3,327,1722894373125845968,36.45569501191968,10.856839472314903,-66.18220931307208,0.007578804323434607,-0.04855379062407518,0.4276775239708428,0.9025946081332581
robot3,328,1722894373672582339,37.22854787318887,10.698337841165271,-66.24610987147575,0.009937192192915431,-0.05221333828826686,0.42654546438303004,0.9029030880057843
robot3,329,1722894374177382017,37.96214690811899,10.504601245734648,-66.30312741761925,0.010462308012827508,-0.04790340565722537,0.3996105793419115,0.9153727048123653
robot3,330,1722894374677075959,38.70200174514367,10.389875820127338,-66.37545154562777,0.017013154271945278,-0.0644356148557236,0.39148371900224616,0.9177685448281905
robot3,331,1722894375173074412,39.440707262370765,10.31306137683804,-66.48499512390438,0.017458858089384136,-0.05753994069797721,0.3830094282621316,0.9217852902715485
robot3,332,1722894375626125027,40.186205291401016,10.07910458254143,-66.5448540348045,0.019008751648993318,-0.06117231020843629,0.3768960584278361,0.9240378655477657
robot3,333,1722894376124815701,40.99539391144301,9.892440763630594,-66.55505396106052,0.01912131921361733,-0.06117979944401991,0.3985439657557867,0.9149066152625472
robot3,334,1722894376676002439,41.839717724206984,9.728463476874781,-66.5726732936844,0.018128115518866353,-0.06798031119469122,0.4221112856660291,0.9038097760209166
robot3,335,1722894377124079104,42.73824251795291,9.471883337361676,-66.52793352109606,0.018264144365312512,-0.06545960724117617,0.42060049879331085,0.9046970107529106
robot3,336,1722894377627771987,43.764692271026234,9.255066360152627,-66.5051502803966,0.014220528370367925,-0.050621001995294526,0.42518057606217763,0.9035799734773312
robot3,337,1722894378124530468,44.22599976465022,9.193415432823327,-66.624955396971,0.0162348521861449,-0.055086061134986854,0.433811872390692,0.899171404580911
robot3,338,1722894378676375404,44.73255305541178,9.142026376826637,-66.73541761958084,0.015160046910388636,-0.057015290572417936,0.4670967482110696,0.8822358286927946
robot3,339,1722894379128128832,45.323205041067226,8.97004305687114,-66.49456818867502,0.014479028355369284,-0.0575033716397905,0.4895800883046383,0.8699396859113643
robot3,340,1722894379624813060,46.133639014982755,8.759101474215806,-66.30428291692226,0.015659108582158,-0.05682055976553121,0.4959415423320481,0.8663533937693401
robot3,341,1722894380126213573,47.061228358744344,8.570158645463579,-66.19489947767819,0.01784364842761844,-0.05429180856335035,0.4904603844685256,0.8695876120326796
robot3,342,1722894380623543705,47.8816067843995,8.393521048929594,-66.11846871905755,0.018306587156365718,-0.06379475745482367,0.4936277557621902,0.8671370921193201
robot3,343,1722894381124389291,48.67827313877706,8.187972838096892,-66.00674483251,0.017113394521504652,-0.061947127374108804,0.5053150776635446,0.8605384113588035
robot3,344,1722894381625389733,49.55811900759636,7.9394590479677225,-65.84518357759812,0.01675407648782122,-0.06082330448389974,0.5066894871395914,0.8598171841588866
robot3,345,1722894382175491383,50.479377296992226,7.7366026587101,-65.74409850370085,0.014631831623109498,-0.06747599571933668,0.4978645200247062,0.8645020643154103
robot3,346,1722894382624443813,51.28966034801361,7.561754740166956,-65.63791380088054,0.005254261761499915,-0.04719167175258616,0.48877593313941375,0.8711161954838362
robot3,347,1722894383123831368,52.08942039911329,7.392793540768426,-65.5229815488647,0.005548392427253768,-0.043415002605932354,0.4803427279499833,0.8759881372460295
robot3,348,1722894383624322513,52.70692271745383,7.255918348861819,-65.49919915806116,0.009688677290444862,-0.04661703673990527,0.4730421713510868,0.8797522864655716
robot3,349,1722894384125535179,53.247173637271885,7.091328275323511,-65.4497120667455,0.00813802901168122,-0.04417495636391338,0.46127721497644103,0.8861183197844572
robot3,350,1722894384623944312,53.80963250084303,6.984155592930414,-65.39637208892832,0.0075582340001494955,-0.04700966511430022,0.433914147120028,0.8996952136216682
robot3,351,1722894385125816034,54.466125139252306,6.898849390565497,-65.36589157881724,0.008124282967834016,-0.04856146444262615,0.421231691996866,0.905615614847107
robot3,352,1722894385624025955,55.00088323565131,6.840513576451729,-65.34646952875727,0.00667642712767774,-0.04398520360198922,0.41967702604264506,0.9065825505693904
robot3,353,1722894386175837684,55.424816647133476,6.847623533458462,-65.31247828548474,0.007821445933242053,-0.04410379974678557,0.43825405730792205,0.8977344045342995
robot3,354,1722894386675829761,55.94753231170615,6.736001307340747,-65.25319024539233,0.003916739053927738,-0.03714067715871574,0.4403349044482938,0.8970565206161133
robot3,355,1722894387176394867,56.69563167263226,6.551963145886483,-65.07083586524034,0.0043871154979150465,-0.03285377793548241,0.44151696301474774,0.8966404819453603
robot3,356,1722894387625801003,57.30115580464942,6.326514968180446,-65.0581679782804,0.005619942465398235,-0.029211946640667726,0.4400639381286202,0.8974735699611873
robot3,357,1722894388177838446,58.028044148610405,6.186290527500915,-65.00025248145296,0.0042181208484665,-0.031797078057728384,0.44410713051803985,0.8953993577764789
robot3,358,1722894388674009813,58.61969832954414,6.081969357402782,-64.91404754686234,0.006134718999075173,-0.038791465658981714,0.4487669815488783,0.8927854074111758
robot3,359,1722894389125266964,59.39081985459625,5.96940180716498,-64.78243278731935,0.004151635632670156,-0.035721801517341556,0.45584433784575173,0.8893327029137618
robot3,360,1722894389625612589,60.201698532883334,5.836834992666259,-64.69463490504158,0.003335299513358047,-0.03288774087554543,0.45784246994411276,0.888418564074802
robot3,361,1722894390126659875,60.79632577522088,5.731531762247652,-64.73419201512232,0.005624936853523166,-0.03741636696111004,0.4610703731133442,0.8865565332261374
robot3,362,1722894390631812753,61.51499608333128,5.659578477544086,-64.7272868154407,0.006396576469393574,-0.03486734645400234,0.4626307031985334,0.885842076455368
robot3,363,1722894391126490496,62.07041120048767,5.578004920095499,-64.71877019296358,0.00558065745082284,-0.03756871720291753,0.46440434087066756,0.8848084854535612
robot3,364,1722894391624668717,62.596449066743915,5.5051445122797995,-64.69630250770263,0.0037287116828409583,-0.039049387908883924,0.4588057219597152,0.8876702943718192
robot3,365,1722894392123437930,63.186202815699275,5.418823562864469,-64.64893268181491,0.0023625273032707836,-0.037152057935122884,0.4541047127207334,0.8901702381796117
robot3,366,1722894392626903814,63.85020751859697,5.318187172115144,-64.59488104310162,0.008653015892814513,-0.0448949424395365,0.452658785418579,0.8905108609347144
robot3,367,1722894393125528947,64.4711474389513,5.154226695330048,-64.5581066112029,0.010645164832629277,-0.05713510068274696,0.45233973439187364,0.8899500128804695
robot3,368,1722894393677571658,65.16231066297917,4.992581127903018,-64.48611593867,0.008731831728202894,-0.05132384682239663,0.4856889551863309,0.8725800001558778
robot3,369,1722894394126381662,65.72869907307891,4.8626850794203245,-64.43380365787102,0.011564850135613626,-0.05880273676578774,0.5007996986199437,0.8634860475145895
robot3,370,1722894394626884864,66.4407969003214,4.657703011447628,-64.19116053585249,0.008038646100743108,-0.05605767773787012,0.5303063155423294,0.8459126010596032
robot3,371,1722894395125666533,67.13298421607165,4.4810741569348345,-63.952242807017704,0.004968669205438626,-0.05554130821851364,0.551385547480491,0.8323847988985276
robot3,372,1722894395624270186,67.75060539918132,4.363110211194044,-63.840584792248286,0.0045018772984350185,-0.05701235763191829,0.5496641133960649,0.8334258735019918
robot3,373,1722894396127766024,68.40461767978192,4.1385429158139475,-63.59693863733431,-0.0028195165841303346,-0.05630259673532864,0.5506603235041925,0.832823676443789
robot3,374,1722894396627389944,69.0511900814957,3.881033852508473,-63.331428733057145,-0.004181056983039942,-0.0558366330612772,0.551133992100209,0.8325359523303312
robot3,375,1722894397134811992,69.57980180120866,3.7159777778536207,-63.213044590231455,-0.00584584529726846,-0.06071423985798763,0.5581383374623246,0.8275029930012455
robot3,376,1722894397674692734,70.09252378293729,3.5645582385387047,-63.112257351411486,-0.005967345623916037,-0.06144906930112364,0.596905378969113,0.7999327291878799
robot3,377,1722894398125794628,70.47725018718127,3.4273374454228858,-62.821818006912466,-0.008381516834381757,-0.05901923292541239,0.6133925415874132,0.7875252822896446
robot3,378,1722894398626926918,70.72783169900094,3.3410512439933324,-62.567691857702314,-0.005291863283332165,-0.05828101350666941,0.6350796319820451,0.7702267073330918
robot3,379,1722894399176238283,71.0787113229585,3.1688211260361565,-62.32023732624879,-0.007509582161766127,-0.05639689707514495,0.6534942649687527,0.7547901972263558
robot3,380,1722894399629236945,71.51594009489747,2.912407029653284,-61.92144097495125,-0.009395843134829345,-0.05863988567202956,0.6553692009219005,0.752970313108788
robot3,381,1722894400175806994,72.20877625451034,2.593596186961841,-61.50838463361684,-0.008340264721586785,-0.0594546016375179,0.6134193295345889,0.7874721052087074
robot3,382,1722894400675272417,72.97809261080057,2.379479353510442,-61.30887897070811,-0.003966044909775882,-0.061162388926713336,0.5428171173516753,0.8376114909542304
robot3,383,1722894401127735877,73.57380657372153,2.2225130593651077,-61.17669076509675,-0.003610996267459748,-0.06329204285429799,0.5237272803287001,0.8495238748009319
robot3,384,1722894401628754080,74.27166117256833,2.059706693437568,-61.0583596367485,0.0023756134360613237,-0.06922756063642213,0.5045988459695661,0.8605706862049829
robot3,385,1722894402175081463,75.0542235686324,1.8555970890621654,-60.86837081255266,0.00814660966865237,-0.07220387130438048,0.49925751916468825,0.8634015075717021
robot3,386,1722894402624026754,75.5799170147433,1.6892420710268923,-60.74037739613662,0.009619038947668194,-0.0694700423897193,0.49779762687309187,0.8644529541736855
robot3,387,1722894403173860255,75.72958769653333,1.6831037109299058,-60.89248708932061,0.010140615496624972,-0.0701075071128507,0.4957577913221916,0.8655670498044121
robot3,388,1722894403625437050,75.77290118263444,1.7043754861263156,-61.0052624236762,0.010725497119184033,-0.07144774104784259,0.49163953726142984,0.8677964907811474
robot3,389,1722894404126409769,75.75939854252154,1.6860138995764251,-60.99859593939155,0.010719558478319884,-0.07221418573131518,0.482615565302197,0.8727842909752866
robot3,390,1722894404624901463,75.70754016528743,1.6705901071000544,-60.94874705426028,0.010801041872086126,-0.07287913680130817,0.47484089873783364,0.876982377131616
robot3,391,1722894405124060391,75.67253357375286,1.6692916562868472,-60.91632958119934,0.010927891678885096,-0.07341085406706589,0.4696358886026632,0.8797349372538217
robot3,392,1722894405676966895,75.64629491482717,1.6662189085147776,-60.874710545614036,0.011046149077601798,-0.07379584354890853,0.46538803186066613,0.8819558582300568
robot3,393,1722894406178015731,75.61058711558583,1.680209372475279,-60.87230779223168,0.011357065123814656,-0.0742502078172432,0.46262794528083695,0.8833647649505274
robot3,394,1722894406625973713,75.6088640241554,1.6805617562829815,-60.85267258563434,0.011500761687039472,-0.0745276241058666,0.46056360760544934,0.8844176214183015
robot3,395,1722894407124480015,75.59428533684206,1.6805398758316987,-60.850272482162886,0.01178721199764428,-0.07489635603719558,0.45873748460354996,0.8853313039225937
robot3,396,1722894407676174952,75.58082521678422,1.6877643210935418,-60.84053431168007,0.012007596502186253,-0.07523951678635454,0.4569387509154656,0.8862289831932888
robot3,397,1722894408126308591,75.58860127812062,1.6872784719832432,-60.83153805919725,0.012160421632850985,-0.07551992959883802,0.45554699368321994,0.8869192753149964
robot3,398,1722894408675795543,75.59387260741055,1.6778110757590534,-60.806205751365496,0.012289206492110958,-0.07578006420211134,0.4541295489669781,0.8876219409345214
robot3,399,1722894409129865594,75.59705712209895,1.6841822180683113,-60.81155150940513,0.012545005244575379,-0.07604023317946287,0.4531640106960534,0.8880894578764538
robot3,400,1722894409624630648,75.58985534443825,1.6941922589732614,-60.80859881398321,0.012780181267919959,-0.07637876087302577,0.45220994612337334,0.8885432552674946
robot3,401,1722894410175238189,75.58243131446017,1.6973929181045355,-60.79276624438763,0.012946061509970042,-0.0766754427143442,0.45117886234422383,0.8890393186747767
robot3,402,1722894410624293483,75.59200444261079,1.69187328519754,-60.79752011553721,0.013245735414027833,-0.07691735619363864,0.4503519585405131,0.8894331814409929
robot3,403,1722894411174221724,75.5868757964716,1.6918688721783643,-60.79045169809142,0.013409384813996566,-0.07724805707459997,0.449595325762034,0.8897847880976838
robot3,404,1722894411623820341,75.5925927417792,1.6949826297746624,-60.794463005571636,0.013537222605030744,-0.07746345666643041,0.44896517530617697,0.8900822590343679
robot3,405,1722894412173958572,75.5896934773589,1.695003290033474,-60.799500097602674,0.013705955423873291,-0.07776021701632878,0.448273937560099,0.8904021407992329
robot3,406,1722894412676631269,75.59043607149589,1.696680314627003,-60.811597090157086,0.014027049045216207,-0.07806952817986944,0.4476133823681168,0.890702335569987
robot3,407,1722894413126119260,75.58405489175367,1.6956138153013673,-60.8073179010049,0.014142888477045257,-0.07843031188403514,0.44703507814420107,0.8909592043364875
robot3,408,1722894413675768705,75.58864058641191,1.7010138651838547,-60.81051268897923,0.01437413943988958,-0.0787729219981328,0.4463886906808585,0.8912493184892023
robot3,409,1722894414176148607,75.58608681154091,1.6966482722592517,-60.79974232954356,0.014431500702344648,-0.07911637128335736,0.4458368582355148,0.8914941544514566
robot3,410,1722894414624380392,75.5761399866296,1.6975343834926786,-60.81146154098996,0.014627063566114847,-0.07952820984089463,0.44531701625344583,0.8917141178012513
robot3,411,1722894415127238368,75.58442289847129,1.6917633913345325,-60.81505446306817,0.014764208093423357,-0.07980252033521647,0.4448242710143356,0.8919332619787684
robot3,412,1722894415626974970,75.5835976926658,1.6835957813793063,-60.808612471871164,0.014846169404234541,-0.08014678748680763,0.44433830686439624,0.8921432355639126
robot3,413,1722894416124429951,75.57377033454097,1.6868116411380922,-60.830455164430205,0.014947918284932317,-0.08044288449528478,0.44393856114862423,0.8923138775107752
robot3,414,1722894416674542858,75.59567172314152,1.683722378483808,-60.845244675993115,0.015107201058271636,-0.0807355752691659,0.4434663416407508,0.8925195477937224
robot3,415,1722894417127398444,75.59727382393045,1.6803026345407535,-60.83949889514524,0.01524398264829953,-0.08120982591049851,0.44291061792706354,0.8927501160437179
robot3,416,1722894417677262327,75.60402867339253,1.6743588126516395,-60.84929008011286,0.015318907054314684,-0.0815612037087633,0.4424302269642929,0.8929549794948024
robot3,417,1722894418123712958,75.6025972370006,1.6746833926396907,-60.850032084896434,0.015348480140091264,-0.0818814163223386,0.44199650069477336,0.8931399393107512
robot3,418,1722894418624425228,75.5911534667903,1.6793135144285058,-60.861454862570305,0.015437823406929618,-0.08218955110740615,0.4415819797158331,0.8933151216046133
robot3,419,1722894419179130375,75.6009165451249,1.672124036481199,-60.859761791940734,0.015453820655241353,-0.0824522963002542,0.4411682765428016,0.8934950195911697
robot3,420,1722894419673326775,75.59082140015508,1.671491368951057,-60.861953414865255,0.015399775367922147,-0.08281533045958936,0.44079391671554,0.8936471288747366
robot3,421,1722894420123804121,75.57736831279549,1.6687345296845053,-60.85786841244932,0.015491246218773909,-0.08319801169953256,0.44034453470581036,0.8938315293692414
robot3,422,1722894420625804238,75.57337678136561,1.6669867052787013,-60.85877857343839,0.015598475758758522,-0.08357888806780013,0.4399057743550123,0.8940101602959949
robot3,423,1722894421172948836,75.57090988390603,1.6622716455265079,-60.8567666066823,0.015705325463728225,-0.083909118511268,0.439466409643893,0.8941934227992545
robot3,424,1722894421623622710,75.57678614629998,1.658511773255338,-60.85851678804597,0.015852841221744,-0.08429680042847072,0.4390170270372704,0.8943750817381247
robot3,425,1722894422173314137,75.59663362200968,1.6557587473602025,-60.8193976187047,0.01592145272670777,-0.08462548719995949,0.4385732978706861,0.8945605047474828
robot3,426,1722894422625718244,75.60191838749101,1.6636159120801974,-60.80167613776976,0.016008018308856776,-0.08495312858143868,0.4381625923487685,0.8947291500561809
robot3,427,1722894423125607594,75.60450810931425,1.6655130327853338,-60.78992541173938,0.0161216564075116,-0.08521098010661614,0.4377553475235367,0.8949019146132696
robot3,428,1722894423623786796,75.59799445248869,1.6696794477691346,-60.782667600406064,0.01626793169560203,-0.08563139481851363,0.4373155064985751,0.8950741680976375
robot3,429,1722894424123728914,75.61026402744196,1.6699831433400805,-60.78741788962388,0.016283956496513288,-0.08594368523300101,0.43693078263197527,0.8952318174182595
robot3,430,1722894424624582650,75.60137270908962,1.6684290243830495,-60.78123648008539,0.01641733226879676,-0.08634529841801981,0.43651112882538257,0.8953954406036863
robot3,431,1722894425175488012,75.6078682327186,1.670936356171137,-60.78441532173624,0.016698340424551896,-0.0867091496497244,0.43609459519407856,0.8955580343208364
robot3,432,1722894425625911341,75.6160856088626,1.6703606585784039,-60.787661039024705,0.016861121703699578,-0.08702817821356773,0.4356806432503948,0.8957255025221972
robot3,433,1722894426125712871,75.61378713929481,1.6701709466638286,-60.78530672800504,0.016992212795603416,-0.08744066854206145,0.43525968260096265,0.8958874945501447
robot3,434,1722894426675557617,75.61744300857887,1.6661537473842327,-60.77234485963713,0.01695483513523989,-0.08776254589648169,0.43490004752776623,0.8960313709707107
robot3,435,1722894427174843611,75.61345311464626,1.6647269786592462,-60.77257622324454,0.017107383705559146,-0.08817070286599732,0.43450206202891023,0.8961814674894208
robot3,436,1722894427674542242,75.62607390826477,1.6633092045943283,-60.77219077110087,0.01721427118391606,-0.08848317097338072,0.434118662248374,0.8963344155000321
robot3,437,1722894428177923861,75.62863929805133,1.667452414691293,-60.778551057747705,0.017328372088946855,-0.08883622902646476,0.43374514732971026,0.896478108545341
robot3,438,1722894428623887474,75.62689093466179,1.6671572725650852,-60.78155696443231,0.017435932733219143,-0.08923549411813365,0.43336265678859526,0.8966213373215839
robot3,439,1722894429176181277,75.61431037193202,1.665628785971834,-60.775209364193934,0.017471934378393252,-0.08961364225152557,0.432987182078884,0.8967643094965813
robot3,440,1722894429674005161,75.6039202063188,1.6659727414938539,-60.77377083385615,0.017558507094102414,-0.09003668667138082,0.4325788531640752,0.8969172925510576
robot3,441,1722894430177418285,75.60260102847563,1.6625498462321089,-60.77167825614593,0.017597442219305367,-0.09035421400754708,0.4322106256300115,0.8970621055038112
robot3,442,1722894430623975741,75.60596143892589,1.661976613784757,-60.771840834573716,0.017716991214836716,-0.09070891735880171,0.43180370277556585,0.8972199077167192
robot3,443,1722894431176083171,75.60637470976259,1.663826058243313,-60.77172178953644,0.0178433503613021,-0.0910379356068354,0.43137375683807566,0.8973908797395561
robot3,444,1722894431625293053,75.59738836154116,1.668603138315698,-60.76930532005152,0.017913743042901803,-0.09141676740642324,0.43097926177158913,0.8975404995708933
robot3,445,1722894432176405055,75.58599884937664,1.6601824654894248,-60.77167050036185,0.018009057056091037,-0.09182323593233728,0.43056592597086946,0.8976954665139579
robot3,446,1722894432625845244,75.57660090830365,1.659844774496857,-60.77056718367941,0.018100686265817355,-0.09222850425409192,0.4301456861341781,0.897853527508756
robot3,447,1722894433176605527,75.57921082685971,1.6646777985861905,-60.77076866714514,0.018226894118848678,-0.09256420260240793,0.4297391032806885,0.898011108972974
robot3,448,1722894433623799244,75.57772592993497,1.6723999637079985,-60.772349760194956,0.018342364705981433,-0.09300553202310627,0.4293159620808623,0.8981655378451543
robot3,449,1722894434173936640,75.57076570775695,1.6816940330978336,-60.77618035091997,0.01847626090502855,-0.09340722865981513,0.4289322113593674,0.8983044447599183
robot3,450,1722894434625806842,75.57854356405669,1.6866869733954248,-60.782187450320976,0.018590368270128443,-0.09364868673781256,0.42858597721635155,0.8984421972577696
robot3,451,1722894435125263331,75.57871888633333,1.6954595623672546,-60.78277786018691,0.018710553402428973,-0.09399330404062965,0.4282038971252109,0.8985858870879748
robot3,452,1722894435624752653,75.58563201420131,1.697935769101524,-60.77896645390646,0.018744797811623675,-0.09426827309407408,0.42782877262025043,0.8987350369052675
robot3,453,1722894436126658807,75.597944329173,1.6956301097609214,-60.77152712472723,0.01916409854319237,-0.09499066639083152,0.4271822809910368,0.8989576238249205
robot3,454,1722894436623647143,75.84859382658381,1.6053596290389056,-60.675419972344464,0.016421206733798627,-0.08564926221891431,0.42178768199495076,0.9024908305174562
robot3,455,1722894437176188238,76.30565543180836,1.4500069117318486,-60.49606464625111,0.013261267021543325,-0.06468145465184048,0.4164032032836691,0.9067793670547454
robot3,456,1722894437625641685,76.45586312089671,1.4049276353590339,-60.476130063726416,0.016326946416414745,-0.06589183364719009,0.41364523636323497,0.9079038030063151
robot3,457,1722894438123582653,76.61946763059149,1.3537741385426896,-60.47444566242748,0.017157886499694703,-0.06636959933715592,0.41038299395532035,0.9093329871323026
robot3,458,1722894438675139147,76.9039149714145,1.259863474362642,-60.426145163853946,0.015910925604904914,-0.06474634225682999,0.40911775958380125,0.9100425332938498
robot3,459,1722894439124337286,77.20880197851761,1.1559088500174943,-60.324122825908844,0.01710336789337065,-0.06606472449734974,0.4234441955559492,0.9033481832791652
robot3,460,1722894439624524233,77.5127730410916,1.0316522922167835,-60.16902316348025,0.01580475349298644,-0.0664984758481687,0.4660599968084455,0.8821089739095778
robot3,461,1722894440124411083,77.81065816168903,0.9265326533686649,-59.93096745743592,0.010488982312826417,-0.057388534851456306,0.5312809706532954,0.8451846351770343
robot3,462,1722894440676993844,78.02660296789968,0.8542556787085268,-59.73116671416865,0.004459849911045754,-0.057688187703994864,0.5876025035662658,0.8070783608428962
robot3,463,1722894441175733046,78.15744553206669,0.7487075259102226,-59.59098940281872,0.00495733156180729,-0.0622566610692988,0.6299746864767537,0.7741003987951464
robot3,464,1722894441624914574,78.30439217768628,0.6088535588699219,-59.27519394847993,-0.013061114579092918,-0.07082610473607487,0.6717061791161282,0.7373085372563364
robot3,465,1722894442124656667,78.48268562503421,0.4136721392491848,-58.85451169822271,-0.008925423104547317,-0.0693390605407119,0.7083682273174569,0.7023723272117574
robot3,466,1722894442626813075,78.70985524541288,0.19157329274556156,-58.458423509632084,0.01468102563969059,-0.08598866442190047,0.7108341291707598,0.6979292642404042
robot3,467,1722894443125750123,78.93904593605959,-0.06320395031448925,-58.01007581134278,0.012514925962811561,-0.08967817390064696,0.7272907036669477,0.6803303859990575
robot3,468,1722894443626014900,79.16278253727829,-0.30573322305479667,-57.46756182030962,-0.0038029071727104244,-0.07777256111244285,0.7573410227639826,0.6483606572532388
robot3,469,1722894444125859748,79.3376150405996,-0.5569790538976152,-56.84908680622822,-0.010009548680783627,-0.07341365505962774,0.7803332777353267,0.62095911286077
robot3,470,1722894444623846846,79.53048669742104,-0.8015333245819094,-56.274076421508866,-0.011782040666088974,-0.06788087840067232,0.7964755753026783,0.600732908880114
robot3,471,1722894445174268390,79.71578643849932,-1.0474974760948799,-55.66526336436984,-0.011428654948365287,-0.06937182703996084,0.7942301997505596,0.6035356868184311
robot3,472,1722894445676795595,79.90849173449341,-1.254318359446374,-55.110918853890524,-0.01457925227354515,-0.06570358035954516,0.7936578606342696,0.6046302053193467
robot3,473,1722894446124196197,80.05419257681622,-1.4792795670217538,-54.67043629226092,-0.016251090134975034,-0.06694235384722634,0.7918998270677887,0.6067530693954701
robot3,474,1722894446625153913,80.18745694369179,-1.7213705506431494,-54.141969075458036,-0.018273299058966127,-0.06978994854508286,0.7902653084276591,0.6085032390376514
robot3,475,1722894447177039702,80.35475274110254,-1.9325032520019008,-53.60649703711042,-0.018282247318033403,-0.07081969563681145,0.78840039901852,0.6107987728952555
robot3,476,1722894447625956541,80.45913241466629,-2.121503569924497,-53.25361835206308,-0.015628915897667323,-0.07021999715414028,0.78722482793336,0.6124556794355228
robot3,477,1722894448176050394,80.57186004369265,-2.365723940424387,-52.75331041546559,-0.017162178641150678,-0.0699276819998514,0.7826851820806208,0.6182390190418608
robot3,478,1722894448624204687,80.6182591263421,-2.379052577722881,-52.8149148873271,-0.016459467616642652,-0.07081462365464497,0.7820193162449502,0.6189993247348561
robot3,479,1722894449175251933,80.57496053217167,-2.25860643695131,-53.09027274886749,-0.016123350706123394,-0.07119453296909756,0.7834365998599178,0.6171697254704339
robot3,480,1722894449625675135,80.42506842642592,-2.063132254650994,-53.53258168413978,-0.019994479522332197,-0.07270817462649885,0.7827803095795025,0.617712497093698
robot3,481,1722894450124109696,80.28539551007343,-1.7812178362095685,-54.168562464653334,-0.018370161044459855,-0.07273356025990621,0.7764706514670756,0.625672193568976
robot3,482,1722894450625074290,80.13869374528787,-1.439990851577643,-54.94338340833191,-0.006295599516013949,-0.07526366391468188,0.7077659583383954,0.7023981026015121
robot3,483,1722894451173115936,79.74477486936998,-1.0609258627851226,-55.71005126953854,0.003866809319359069,-0.0882554164949958,0.612506328544961,0.7855138615819295
robot3,484,1722894451623632878,79.25058013553952,-0.744547058305665,-56.13753409643012,-0.0030321158297012,-0.09782541468332973,0.5954114250742275,0.7974372886984326
robot3,485,1722894452124520643,79.07672070660325,-0.6677771799371455,-56.21473835752424,-0.002554342766618,-0.09446931527660173,0.6000598195925344,0.7943533450013134
robot3,486,1722894452623374958,79.13641185824409,-0.7335582644211636,-56.129282376558706,0.00246974269636657,-0.09877220454791955,0.5532748906252165,0.8271183998578513
robot3,487,1722894453126482210,79.46384191801641,-0.8180947678795972,-56.11676936764528,0.01445582026409773,-0.09839509305834537,0.450290573207241,0.8873262278346256
robot3,488,1722894453627291069,79.80844461580725,-0.9092646223290157,-56.17549474914315,0.02998291474692941,-0.08783618883504117,0.348416231004526,0.9327335947240317
robot3,489,1722894454126579065,80.10726196489463,-0.9886777695239385,-56.27289453168274,0.042701785089942976,-0.08111016954759558,0.23883713392770797,0.9667236013480227
robot3,490,1722894454625983607,80.4218732999983,-1.0365268360435922,-56.43429602418573,0.04965473539597638,-0.07487019184533772,0.11395074179505094,0.9894160348762069
robot3,491,1722894455179303387,80.67198473495897,-1.017053409697483,-56.68162192402858,0.05983910417669648,-0.07434954796076423,-0.01677674094169481,0.9952939100048466
robot3,492,1722894455625834422,80.88575495011325,-0.9884223614699534,-56.9424168378224,0.058417528215009014,-0.07698550806009137,-0.13113675661935187,0.9866426784856487
robot3,493,1722894456125274381,81.01053964824051,-0.945878186975313,-57.25531218218217,0.06255962425688666,-0.07518295561063967,-0.26928657273048384,0.9580806637990121
robot3,494,1722894456625605197,80.99927093611092,-0.8453219348708844,-57.62644069456182,0.07485713414157143,-0.06314451013408795,-0.40489331705657544,0.9091042746082323
robot3,495,1722894457126526836,80.93451682470311,-0.706123061238757,-58.00512110399719,0.08462475824819517,-0.05439601091521526,-0.5032830429787727,0.8582458289662543
robot3,496,1722894457624614452,80.99682159392975,-0.5210933024880982,-58.51017495648811,0.08849533947272882,-0.05725301335151508,-0.5129640677135145,0.8519146275235463
robot3,497,1722894458127786887,81.04284833014877,-0.30087633375977596,-59.038309850605685,0.11207348255440004,-0.02737853992133194,-0.5150065889725953,0.8493869338379987
robot3,498,1722894458676478437,81.11353674872905,-0.19543038707851965,-59.446401946301876,0.0885211711356326,-0.058857631239437255,-0.47889045216167553,0.8714147785836802
robot3,499,1722894459126181468,81.40325344252156,-0.15422413068882448,-59.832321806316045,0.07712238352554789,-0.07683395837490124,-0.3543902906149372,0.9287390390834459
robot3,500,1722894459624925395,81.61220171159239,-0.19646107009678862,-59.98384176602547,0.06815535323783634,-0.08924127045081852,-0.2631544060042919,0.958196536246024
robot3,501,1722894460125966636,81.94826813484188,-0.20696969841846985,-60.128789290504194,0.05787167428386814,-0.09668340017682583,-0.15183215645832382,0.9819624156305805
robot3,502,1722894460625706166,82.31348762739046,-0.2863851663701574,-60.2272737359298,0.05029724915548465,-0.10434401994432715,-0.019497266604072524,0.9930772219843826
robot3,503,1722894461126532266,82.65840422810847,-0.40673154137503303,-60.211419495645174,0.042664080623752154,-0.1100297955583517,0.10797636561641841,0.9871242701819193
robot3,504,1722894461628318478,82.99974862861183,-0.5315985140298429,-60.09573322238079,0.031420109033310495,-0.11559744353100132,0.2386206880324571,0.9636961009780773
robot3,505,1722894462126790174,83.21953822831753,-0.6941544013464428,-59.90930715009997,0.022523700807329152,-0.11824851357251236,0.3562694183880589,0.9265970394196539
robot3,506,1722894462624758110,83.37058361777862,-0.8209607586398868,-59.66185876891092,0.008645120866385358,-0.1140619958490669,0.47820414345104406,0.8707674317373073
robot3,507,1722894463127740279,83.5522825803802,-0.9072826428371151,-59.46513621827829,0.0028683070328975988,-0.10987324127291812,0.512678534905922,0.85151650806879
robot3,508,1722894463627446205,83.91556701610635,-1.1222763683895396,-59.170079310956176,0.0030924313964550846,-0.11125520599007138,0.519392228142725,0.8472570031301603
robot3,509,1722894464174498064,84.25691407734413,-1.3484422562495548,-58.85366820537524,0.01183324711473152,-0.11371066035476274,0.5189270237664174,0.8471390700406478
robot3,510,1722894464623840340,84.38706601179676,-1.479972670218302,-58.67762784472472,0.015129096930215462,-0.11381000421826117,0.5316609679697604,0.8391394452076323
robot3,511,1722894465123525117,84.55715640939349,-1.6866502967084447,-58.35664930530098,0.01481979756378708,-0.10878451196955435,0.5796795094814017,0.8074143730719164
robot3,512,1722894465627786561,84.66297757429555,-1.8420975124757903,-58.013542893385264,-0.004153652761311945,-0.10254681881157815,0.6132242696826802,0.7832131843837329
robot3,513,1722894466126376878,84.82664254620812,-2.024382672038006,-57.65954252138732,-0.003428220064099602,-0.10339098945585692,0.6035066100280269,0.7906189488362964
robot3,514,1722894466625051876,85.10124861921466,-2.278043734202294,-57.250058753364364,0.0008495782530117408,-0.10568772290486476,0.5950003293777155,0.796745876352295
robot3,515,1722894467126625059,85.30553800485498,-2.4838864499947046,-56.934294815449334,0.0023888572759333837,-0.10643798586749373,0.5899899396188855,0.8003606185176094
robot3,516,1722894467625478499,85.36969926085746,-2.639953517733509,-56.64732531190993,0.0035469464957057295,-0.10651909038681646,0.6050630284227524,0.7890119353911001
robot3,517,1722894468126857533,85.41758301926568,-2.797946135832643,-56.35413009756476,-0.001553319328136032,-0.10547709226550418,0.6252957583106427,0.7732253131170743
robot3,518,1722894468627789167,85.4963080636716,-2.9636800719356478,-55.98416194566551,-0.00858837847890318,-0.0988722960004821,0.6547101858276078,0.7493364273891103
robot3,519,1722894469126886307,85.54004474110505,-3.0710491518444387,-55.734392442317784,-0.01057921052838604,-0.09784471359976114,0.6628448734286729,0.7422608477445803
robot3,520,1722894469624000699,85.50284317238966,-3.0849194620441414,-55.66041128498747,-0.008705399079712165,-0.0987393127733859,0.6609456003827199,0.7438586407877699
robot3,521,1722894470177598573,85.63799082871824,-3.2897340160080226,-55.31441062049782,-0.005713921118313676,-0.09871074197278092,0.6677076242522009,0.7378279399969336
robot3,522,1722894470677809951,85.76873133536381,-3.5233430304301456,-54.85807429488275,-0.010898224018968474,-0.09681955293109763,0.6902683578688191,0.7169635953160651
robot3,523,1722894471125043707,85.7867744650469,-3.6742865434835,-54.49311125342611,-0.013181083754732108,-0.09816284263469754,0.6992112481792659,0.7080211478314186
robot3,524,1722894471624372089,85.78270461315314,-3.86283069250946,-53.99360635372469,-0.014117849557021602,-0.09844266791584012,0.7163547693283073,0.690612461455833
robot3,525,1722894472125606605,85.75471534553348,-4.039863477257754,-53.4319162617964,-0.021417744096603606,-0.09295308578804165,0.7360224336269681,0.6702029403681611
robot3,526,1722894472627221028,85.70958937044416,-4.186632414307247,-52.90571068605305,-0.02056810217851454,-0.09397142464859456,0.7383252318848569,0.6675493813078252
robot3,527,1722894473125859058,85.66722285662279,-4.354671608448565,-52.43067561133203,-0.018649183131533693,-0.09598975403209302,0.732445725508498,0.6737666022249209
robot3,528,1722894473623601192,85.64404121543211,-4.518539437337285,-51.955984566244496,-0.017895481267126714,-0.0963855174816407,0.725851220046017,0.6808300743414049
robot3,529,1722894474123712930,85.62982279365599,-4.688584936802834,-51.51525797841424,-0.014747775618979494,-0.0988870059426318,0.7056088497338231,0.7015126615730504
robot3,530,1722894474623786987,85.65203043648775,-4.879294611158835,-51.04601218878824,-0.013611009882779898,-0.09787428475192535,0.6916584362820908,0.7154327168323258
robot3,531,1722894475125922613,85.70603604056942,-5.11902575736912,-50.49607615612489,-0.009483006119614801,-0.09977213487400564,0.6730451863285842,0.7327794831035732
robot3,532,1722894475628682670,85.78615355533042,-5.365124899357112,-49.92258824959485,-0.0049706566477199145,-0.0978629230680369,0.652217949680397,0.7516713956083264
robot3,533,1722894476126931605,85.77116477121457,-5.599582713410932,-49.34578911895679,-0.004618155924941668,-0.09714077569045469,0.6420258177352259,0.7604900996696301
robot3,534,1722894476624711790,85.71279562787996,-5.827168633991691,-48.78876473239426,-0.0027406657788715395,-0.09645736205901863,0.6436946868622777,0.7591742989333728
robot3,535,1722894477177128357,85.58574170884376,-6.009895295091158,-48.1491086543545,0.0020573487619830987,-0.10349364437525398,0.644147199296238,0.7578649078356992
robot3,536,1722894477624061954,85.56620433730518,-6.183168941369149,-47.63620730696394,-0.0012732200111907625,-0.1044912409375553,0.6322272840509152,0.7677034719080905
robot3,537,1722894478125359520,85.57145282172485,-6.396542775601653,-47.071579535159856,0.00032537830520005265,-0.10805549067300084,0.621611211002068,0.7758372299786329
robot3,538,1722894478626018267,85.55801369823065,-6.592807294719626,-46.54649232877237,0.0013936688430627034,-0.10981853165650378,0.6140342442453977,0.7816008538160311
robot3,539,1722894479174919232,85.51584716482945,-6.896879106813773,-45.943261764617716,0.0012143687694857173,-0.1113312312511839,0.6067965958512196,0.7870208215288582
robot3,540,1722894479624583827,85.50165387401287,-7.130327602616487,-45.465862132880524,0.0013224632118678152,-0.11121853469247288,0.606144067662861,0.7875392421137078
robot3,541,1722894480174284476,85.438935520728,-7.427314547674676,-44.79713121678618,-0.003267055559613089,-0.10504394882919221,0.6146855433373895,0.7817395845000807
robot3,542,1722894480627566256,85.36451982556169,-7.662307293668544,-44.17469674895035,-0.0022036949058797987,-0.10699927850020102,0.6213815131339739,0.7761644885361163
robot3,543,1722894481127798597,85.34270750159412,-7.914302564701346,-43.447991396972526,-0.0013080209217627026,-0.10638058467782774,0.6191681888946166,0.7780181322731702
robot3,544,1722894481674675069,85.26137751547923,-8.115819955401301,-42.72359077694981,0.0020715779290626382,-0.11317244150399154,0.6152669527970406,0.7801501674964594
robot3,545,1722894482126174040,85.16874031627998,-8.291555721791482,-42.156103293113404,-0.0026442255375381174,-0.10599607963116753,0.6121295710823808,0.783616760528149
robot3,546,1722894482625957011,85.10936219150234,-8.550485401240948,-41.45660532289226,-0.002485462154407514,-0.1107717975995177,0.60853756474805,0.7857515279176767
robot3,547,1722894483126582408,85.0907774819089,-8.825973635874208,-40.73569737279213,-0.002213021376942433,-0.10982589202225664,0.6062150589053593,0.7876780296125269
robot3,548,1722894483626475672,84.98591444192617,-9.091407644489061,-40.00542557817575,-0.0011164370110366474,-0.11322625759017367,0.6025772373483379,0.7899868614035104
robot3,549,1722894484175375169,84.95621287583762,-9.375965081310987,-39.164645435795315,-0.008921546496661681,-0.10553714724048256,0.5982328125938278,0.7942920234375558
robot3,550,1722894484623445175,84.94489609263735,-9.605120348575557,-38.50575696296356,-0.003122166607003859,-0.1093647301538901,0.5962143001398817,0.7953352225211429
robot3,551,1722894485175784629,84.80992063434479,-9.918856181711774,-37.67939933505707,-0.0014852438925012728,-0.11260975743429086,0.5924210470727823,0.7977180827625496
robot3,552,1722894485675582462,84.72103390487351,-10.25619955817703,-36.92728346879567,0.001073477448328808,-0.11502068290902744,0.5944460104804606,0.7958662141171549
robot3,553,1722894486174613447,84.67553617497542,-10.555351482870305,-36.18031707110636,0.00032775365161236727,-0.11199206239533764,0.592606702763753,0.797668456426262
robot3,554,1722894486631304373,84.6170196114088,-10.788248838592246,-35.52878064304191,-0.0012123285666159425,-0.11232767088950706,0.5930285950244488,0.7973067854316263
robot3,555,1722894487125500097,84.47924305009288,-11.061907685203357,-34.89699124195654,0.0012353884112179226,-0.1186051657826415,0.5945342193576058,0.7952737581977593
robot3,556,1722894487673898560,84.48152114670211,-11.44429365061903,-34.063944060933196,-0.0035328691210094287,-0.11832048097277226,0.5998207749491629,0.7913297799005995
robot3,557,1722894488173592115,84.59562939723936,-11.73936037486685,-33.26529862078925,-0.003960052398181086,-0.10979605631732915,0.6021302367175246,0.7908023280394811
robot3,558,1722894488679134714,84.49083580036024,-12.173173450424708,-32.413655132267714,-0.006828477119523774,-0.10997785730520537,0.6180689787760244,0.7783630131741528
robot3,559,1722894489124473727,84.45611930632022,-12.446268419073125,-31.66534972331188,-0.003544152936843479,-0.11389173264493499,0.6167235555770515,0.7788890602720611
robot3,560,1722894489627636275,84.34845572968291,-12.799343555850413,-30.755242258516855,-0.001966341942086858,-0.11915267069564196,0.6136765879545764,0.7805125367102645
robot3,561,1722894490178953964,84.2717718643795,-13.152867338819382,-29.815493052619217,-0.0010133884896182863,-0.12029601015404225,0.6102824049074109,0.78299631496273
robot3,562,1722894490623575014,84.19880130901296,-13.347999117478142,-29.045528704878585,-0.003298422047899362,-0.10919702616166578,0.6036858149750687,0.7897015681175575
robot3,563,1722894491173589407,84.06839241727951,-13.60842970313236,-28.261689048100045,0.0016610627005655895,-0.11150477194867531,0.5840010130545812,0.8040564305162926
robot3,564,1722894491675407322,83.82997106800556,-13.865495990291029,-27.497070561720893,-0.008735933613496233,-0.10476338390585842,0.611376392389123,0.7843259677492231
robot3,565,1722894492124434029,83.72695229186128,-14.201976680618401,-26.777966258715363,-0.005324320008058984,-0.1041734111927471,0.6091653776629775,0.7861533531529588
robot3,566,1722894492623621518,83.64451937724732,-14.502275000071537,-26.071426694555242,0.001444863510517197,-0.1086966319546222,0.6067683659870109,0.7874103787788235
robot3,567,1722894493124038168,83.50741436571249,-14.754249882134001,-25.38143058125077,0.004564202505915814,-0.11596013570769535,0.6032434647655281,0.7890689052293335
robot3,568,1722894493624055477,83.52515194662982,-14.993941216207451,-24.669913199265846,-0.0034308495765460597,-0.09557096936305674,0.5993878936704616,0.7947254695852375
robot3,569,1722894494125908030,83.47829264065268,-15.320800614314978,-23.945938374061406,0.005687775909478794,-0.10569458759989565,0.5950976863285978,0.7966524004129036
robot3,570,1722894494624623321,83.33370400904886,-15.598139827907982,-23.248096858800007,0.007394836549139702,-0.10741930162233436,0.6000271361569598,0.7927003506411857
robot3,571,1722894495181409233,83.22997023533344,-15.92806950133344,-22.424897581796355,0.008406680483012218,-0.10940464886003476,0.6034069973346281,0.7898480525383835
robot3,572,1722894495673311402,83.18996929439453,-16.206241444802878,-21.6926528005442,0.0033812173866209832,-0.10747373004891152,0.6022168311718314,0.7910580591661499
robot3,573,1722894496174730720,83.05902667830333,-16.478842239387493,-20.963276114642905,0.007006676984855936,-0.11390791091195492,0.6073605417741906,0.7861864070340224
robot3,574,1722894496624256901,82.96764075001384,-16.739771688125245,-20.27180624472329,0.005081357053784383,-0.11099436004776311,0.6060638479816335,0.7876173207959402
robot3,575,1722894497124640764,82.88316053490516,-17.05186553574244,-19.46526153508755,0.0024813175212963614,-0.10816565989807467,0.6060851893987969,0.7880068377073877
robot3,576,1722894497676535557,82.74376767515662,-17.420724314834107,-18.696072097205377,0.00773096010705185,-0.1176848572753081,0.6056786709860117,0.786920487810892
robot3,577,1722894498124983806,82.60012653274543,-17.6911543763557,-18.01138555201448,0.0026572711350138613,-0.11737042499347382,0.6051675388578085,0.7873940386869521
robot3,578,1722894498628304242,82.46077361009424,-17.941036738412983,-17.253478264143148,-0.0018417344169579428,-0.11827665316373841,0.6046401353956564,0.7876658860198557
robot3,579,1722894499126809748,82.37326237146983,-18.211171879525548,-16.51306941662274,-0.003684249605156013,-0.12012134444423461,0.6036199302183662,0.7881625903054085
robot3,580,1722894499625559948,82.27887454548738,-18.498799326333774,-15.844387114271303,-0.0036024939225706345,-0.1204143983084547,0.6038154183029631,0.7879684862589166
robot3,581,1722894500126572767,82.13441640873108,-18.72787012878064,-15.218490770929668,-0.00726513852149378,-0.1181112703381301,0.602640933438183,0.7891899967220392
robot3,582,1722894500628080435,82.06059097525763,-18.91553330252817,-14.610859184140677,-0.006713305484947728,-0.11671876130969053,0.6005106737880022,0.7910237625725771
robot3,583,1722894501125661283,82.01649922465924,-19.180760897303415,-13.964518958286968,-0.0014569877769992144,-0.11761275351779674,0.5926473448880168,0.7968276112144732
robot3,584,1722894501625646087,82.06130372297365,-19.50382727261551,-13.28913574226375,-0.00010851002073423345,-0.1178441998798118,0.5814303092221766,0.805016477035139
robot3,585,1722894502129947880,82.03106280090131,-19.80432346785138,-12.614670914892224,0.00012886771108379307,-0.11612229240339836,0.570091696702414,0.8133332981939542
robot3,586,1722894502625978380,81.95800224195035,-20.076507689930537,-11.952037029298475,0.004317760839403283,-0.11706588627560922,0.5601440791799379,0.8200704517122289
robot3,587,1722894503127447449,81.85457431326513,-20.335452545470034,-11.302841535805703,0.003189112051524561,-0.11894977132912474,0.5654410647433563,0.8161600233820395
robot3,588,1722894503626151577,81.84288718386911,-20.667650057542478,-10.571105921081974,-0.0001857171144382516,-0.12090270364649928,0.5678528911102366,0.8142024292630585
robot3,589,1722894504124589020,81.85185723188704,-21.01284786562643,-9.893117431768555,0.001318155278457812,-0.12200442806283243,0.5746541038061501,0.8092501732953002
robot3,590,1722894504624988411,81.8255309420871,-21.35726534348145,-9.115968523427115,-0.0022186375161645836,-0.11932567073479663,0.5769429971267344,0.8080180938677571
robot3,591,1722894505126977909,81.76758848619566,-21.648774983396876,-8.310583809555661,-0.006017773672243533,-0.11188784757874651,0.5828088225188673,0.8048470490462124
robot3,592,1722894505675308241,81.632632175894,-21.952355331930633,-7.480212989250102,-0.0018873130418563594,-0.11654274788810971,0.5888679920406643,0.7997804160606626
robot3,593,1722894506126390075,81.5616849963039,-22.20853254975791,-6.830215085008375,-0.0011648423978651973,-0.11718038069256634,0.5896855842044383,0.7990859236054679
robot3,594,1722894506628268899,81.50627557194753,-22.505871726711682,-6.130634399635901,-0.0023862055327087315,-0.11579565070586875,0.5880973729844485,0.8004543417269661
robot3,595,1722894507126134416,81.40794193537234,-22.766180383599753,-5.425606089512904,-0.002566392461470853,-0.11507492852347098,0.5881215781132753,0.8005399326783158
robot3,596,1722894507624460698,81.29067247664207,-22.986598590419092,-4.749041343985957,-0.003378150615344904,-0.11853651417700484,0.5911653937302925,0.7977851591505655
robot3,597,1722894508124617304,81.21826766099916,-23.30326398410517,-4.009836871539627,-0.0021622094124456397,-0.11925762926455069,0.5974386360449924,0.792994337226537
robot3,598,1722894508626743998,81.12773210032788,-23.60301403697803,-3.303407358538699,-0.004320932394097382,-0.11906005060530388,0.596813248346049,0.7934859674195539
robot3,599,1722894509127180233,81.01615311573893,-23.88259738656499,-2.61203438998908,-0.002042216463458747,-0.12151301280103613,0.5962134991958528,0.793574117804108
robot3,600,1722894509625061574,80.93082482079143,-24.156031503710373,-1.8522392878846217,-0.0012343715370982183,-0.12035818417762492,0.5950312013901027,0.794638441808993
robot3,601,1722894510175807016,80.83700649539644,-24.486727243378493,-1.0451153575628662,-0.0017550095348541426,-0.12022888177894682,0.5928696135561053,0.7962710325319834
robot3,602,1722894510624976257,80.70393664999251,-24.705711607930503,-0.3664565085033602,0.0004895758153947063,-0.11969860607801897,0.5915312255101587,0.7973473604803304
robot3,603,1722894511125900619,80.65412311097451,-24.969375630143563,0.4366076286419576,-2.718590054241814e-05,-0.123247414652343,0.5909634278295799,0.7972278852438325
robot3,604,1722894511627809300,80.55506566960217,-25.28602962243265,1.172720791418949,-0.0024565247220801442,-0.12046885541565604,0.5897818223113468,0.7985227751493619
robot3,605,1722894512128387294,80.39852759651188,-25.59543846271546,1.883669750406204,0.0002443806419185622,-0.12074936102545683,0.5884420204701198,0.7994720261742051
robot3,606,1722894512626093447,80.32392005665578,-25.902047975689126,2.5563018726109927,-0.000995935333879132,-0.11594303564392729,0.5869179067309498,0.80130118641934
robot3,607,1722894513126945009,80.27060418952274,-26.156754142054563,3.1966007070020392,0.0006397776525164041,-0.11761193580955555,0.585025094217187,0.8024416878352318
robot3,608,1722894513626603553,80.13336117089719,-26.472707075975404,3.8420134845882767,-0.001847877431979642,-0.11515199297524897,0.5825980224408717,0.8045595988556783
robot3,609,1722894514126900061,80.0463013545167,-26.775432201052613,4.507651614013811,-0.0027262039901317496,-0.1146667733780121,0.5806735717504761,0.8060163161905747
robot3,610,1722894514626275886,79.95122273128237,-26.990806028114804,5.2145974634250285,-0.00020863715164042094,-0.11637190641232975,0.5886077478433828,0.799999034403942
robot3,611,1722894515127494555,79.88589915623648,-27.209482299077084,5.887801323256321,-0.0003751719475339702,-0.1143036199052729,0.5881773373775733,0.8006134907169558
robot3,612,1722894515626195124,79.91309122878816,-27.536022984047417,6.653069048379763,-0.0020856874300163803,-0.1149425781873292,0.5843500593547796,0.8033174103426736
robot3,613,1722894516124306439,79.87881304054781,-27.82225348906526,7.428729358471858,-0.0017902376302271245,-0.1154240370531011,0.5811824039602557,0.8055439777234821
robot3,614,1722894516628125237,79.88452625152497,-28.110546583800282,8.189062523125795,-0.003673406674860327,-0.11327992746537763,0.5775537626170579,0.8084465445554945
robot3,615,1722894517127422881,79.79485299489995,-28.460120687212616,9.01745892521362,-0.008094180147410023,-0.11273394437511727,0.5732969428774689,0.811514730193308
robot3,616,1722894517630473038,79.69680134061834,-28.72691407255197,9.801185121323067,-0.004694258403295653,-0.11549015553617077,0.5697199315808522,0.813670195762253
robot3,617,1722894518123930133,79.56849207928482,-28.92757257963895,10.480732240292916,-0.00391843030435458,-0.1172487879875321,0.5736470422310346,0.8106580281222103
robot3,618,1722894518627512709,79.39118291126431,-29.219063028769238,11.130563993692066,-0.0022196010665418943,-0.11893152728253273,0.5730308696021774,0.8108550965939116
robot3,619,1722894519126391570,79.3197959340919,-29.51904528995221,11.847356974734128,-0.0019866790414554865,-0.11760926453550553,0.5838805989628969,0.8032730296459184
robot3,620,1722894519625071464,79.23959965003571,-29.829786829739405,12.515687104791182,0.0006759963286795041,-0.12035840903486378,0.5838335263025721,0.8029021173023919
robot3,621,1722894520127943860,79.23729562663257,-30.060864791221395,13.157195365739074,-0.0025030074214461347,-0.11859739745537716,0.579570020064262,0.8062425094928761
robot3,622,1722894520628642368,79.2710411232471,-30.37846286726279,13.977224277947295,0.0005588772044647203,-0.12183457496254557,0.5720780115756331,0.8110997304102844
robot3,623,1722894521123565579,79.2173799722632,-30.65791224172781,14.60077295893338,0.004255230501379134,-0.11888320638323877,0.5581333429553631,0.8211795465882545
robot3,624,1722894521626062725,79.15164262727306,-30.92862363657302,15.268430230268212,0.0010856271450494165,-0.11361303809585997,0.5469138091157187,0.8294432978732577
robot3,625,1722894522125477553,79.1212601385471,-31.24564231058411,15.95573211030311,0.0015361938401188251,-0.11572128588767697,0.5640209254709023,0.8176103104364175
robot3,626,1722894522625608556,78.93776575515194,-31.647205447742305,16.62497757295318,0.0010788709296280096,-0.11830333037867928,0.5782197592775095,0.8072577457292616
robot3,627,1722894523130919291,78.8517636596516,-31.990528716799297,17.40982861041635,-0.00046265705254275254,-0.11880766940868649,0.576178926327286,0.8086422994714436
robot3,628,1722894523624141831,78.69850019329255,-32.28200180420332,18.120424695049493,0.0018498262692371761,-0.1185566972280586,0.5795329137507842,0.8062769310631889
robot3,629,1722894524128219818,78.51990472719835,-32.527632526291455,18.821945822914383,-0.000252617474226497,-0.11632330833590748,0.5895835824226456,0.799287197107448
robot3,630,1722894524624845170,78.34024911847521,-32.70301420058896,19.44091295718531,0.002148048794709603,-0.11683751100741499,0.5900590473655759,0.798858374513278
robot3,631,1722894525127172543,78.27284018722077,-32.94229311502477,20.17630005862043,-0.0029025870453412103,-0.12203153671493415,0.5877892095397116,0.7997522892646929
robot3,632,1722894525627170696,78.24371617000301,-33.236272681010924,20.864966592507788,-0.0026805053550468666,-0.11778242338135914,0.5870694996696091,0.800917922256164
robot3,633,1722894526127836379,78.1918625918722,-33.52575004064604,21.499307938174173,-0.004763305157276001,-0.11315631847637135,0.5844901326053111,0.8034576799059666
robot3,634,1722894526624044250,78.07986854942952,-33.85581005639884,22.1013206911313,0.0012757130916502808,-0.11620271063692594,0.5858642019189324,0.8020339391239194
robot3,635,1722894527176388758,78.00252596621058,-34.14673600860285,22.841259904099196,-0.0012636335255130995,-0.1143850909717081,0.55919452362481,0.8211065332475008
robot3,636,1722894527626768810,77.99207234208069,-34.37431854221942,23.377168638522082,-0.0006763388571320025,-0.12101001842131268,0.5514944564363284,0.8253544587190539
robot3,637,1722894528124848058,78.04942709684208,-34.65529691823395,24.194250135417825,-0.0033198951963684365,-0.11661959751139993,0.5568099883122096,0.822405912361968
robot3,638,1722894528624427015,78.06453982923686,-34.958270128006426,24.93815075653734,-0.002915675899271821,-0.11662840620409537,0.5594390542705566,0.8206200450008567
robot3,639,1722894529126164055,77.86038630029987,-35.15192595313744,25.533141027480312,0.00010776213341270305,-0.1225676341953596,0.5736268458913284,0.8098946876649096
robot3,640,1722894529625174217,77.75636767809627,-35.45451679695559,26.187614962845284,-0.008825950067086797,-0.11547201556485875,0.5723779890014263,0.8117707520805891
robot3,641,1722894530124505135,77.89036447418924,-35.73974866689086,26.96745116494287,-0.008398408110068784,-0.11366670710875229,0.5812986639851674,0.80566817591694
robot3,642,1722894530629181763,77.80339002427442,-35.89764830054972,27.64802313166511,-0.011372286499489959,-0.11369707804094373,0.5870018807583859,0.8014814018621036
robot3,643,1722894531126197697,77.53739497973605,-36.04622973158765,28.275646476215503,-0.014573221676793984,-0.1124487831820925,0.6021800715913541,0.7902670774801752
robot3,644,1722894531680334273,77.43051397801881,-36.41866152376463,28.944185162890165,-0.003686342094983961,-0.11728033520124022,0.5970507109336181,0.7935755681916529
robot3,645,1722894532126994244,77.40524430187135,-36.65858627936962,29.530097408250278,-0.004722064367279617,-0.11530327628816273,0.5911212094688503,0.7982847689273612
robot3,646,1722894532626071646,77.41259954713537,-36.8199215930433,30.228173142056544,-0.003161172616166417,-0.11703993192353407,0.5853920922747831,0.8022516809737311
robot3,647,1722894533125663205,77.44533073983149,-37.03311443220904,30.96669585588567,-0.0021548370613657746,-0.11926518222484332,0.5791689113121591,0.8064332242384376
robot3,648,1722894533628263597,77.35040399355034,-37.191207528331425,31.585588896132137,-0.004728793101151299,-0.11421832773213907,0.5724698993305878,0.8119174998029707
robot3,649,1722894534132428154,77.23169716053131,-37.34321625899882,32.1782286238826,-0.0031798434310609516,-0.11819513877399093,0.5667858494710358,0.8153364940963623
robot3,650,1722894534626425923,77.10446890054543,-37.51106519195473,32.78794554550707,-0.005085650410592752,-0.11737233254214191,0.5603215033044074,0.8199010212508622
robot3,651,1722894535124335768,76.97786160287774,-37.78720358340362,33.39514407170561,-0.0046347940434308425,-0.12007070400439693,0.5540026136534442,0.8237976989462984
robot3,652,1722894535624704127,76.76853147476922,-37.938210346201565,33.83024412631812,-0.004837506936292632,-0.11877780631512169,0.5501051646518547,0.826591034960436
robot3,653,1722894536124873101,76.48533134551168,-38.05452382769302,34.14627541249605,-0.0022818979894435624,-0.11698951124027514,0.5420386583045196,0.832167254886158
robot3,654,1722894536623968128,76.54641306772135,-38.26302960043439,34.49763244800153,0.005604988868579136,-0.11938495050182506,0.48447980936885743,0.8665997530621478
robot3,655,1722894537129177888,76.9076715962841,-38.53823136668844,34.803324169369844,0.007993042195114455,-0.11783972942519769,0.4526750572540515,0.8838185345338173
robot3,656,1722894537628498647,77.12371543472165,-38.799857309083016,35.12265185695801,0.013630885079140294,-0.11696066689199916,0.43484972205471045,0.8927710348130025
robot3,657,1722894538127612027,77.29039374848507,-39.04093126850887,35.41186608958381,0.019056433684128123,-0.12700719147651665,0.361652005854845,0.923425065887675
robot3,658,1722894538623401650,77.53706469593776,-39.40731974653421,35.67008956483797,0.010720566786161484,-0.12802682637376467,0.3019027305565093,0.9446422298727539
robot3,659,1722894539127016643,77.67226694134023,-39.744358470087874,35.76360971025479,0.02400041237871565,-0.1352589463112011,0.20504891560568908,0.9690634343825827
robot3,660,1722894539627319288,77.57344214420418,-39.961176867337215,35.816450402110355,0.03749313385188068,-0.1286512634924369,0.13088284850232543,0.9822997492026971
robot3,661,1722894540126618451,77.63746008476822,-40.17142943544628,35.73768050485114,0.05538428203928689,-0.11973588307723546,0.03562822110931369,0.9906192656451283
robot3,662,1722894540627893587,77.72678486016805,-40.289879291847214,35.6986267604077,0.0640769012265109,-0.11617445013881378,-0.05100346869237984,0.9898466012698622
robot3,663,1722894541127387349,78.1407027536598,-40.336038373272665,35.70507454292232,0.06982340614116211,-0.11209194981253906,-0.11526764668440478,0.9845168644415944
robot3,664,1722894541627605221,78.58406317308585,-40.40619010864645,35.640282563098154,0.07173292911665143,-0.10824806706330534,-0.15041617576661448,0.9800569967737338
robot3,665,1722894542124202921,79.14730240749904,-40.60985114632368,35.4540079980116,0.07721932724109513,-0.10046491182085421,-0.2197155165284225,0.9672998856558959
robot3,666,1722894542624472511,79.83277817446698,-40.72408154146853,35.53937491965943,0.07738545801781782,-0.09839768998316513,-0.2248057138490377,0.9663290208382309
robot3,667,1722894543126162153,80.41912899553667,-40.95754628322462,35.51646616957317,0.07624440475130886,-0.09749419697791348,-0.24594320994269567,0.9613498893653827
robot3,668,1722894543628835375,80.90978654216863,-40.99151774562831,35.60450029751971,0.07709139766374888,-0.09647501757037517,-0.25276306220740047,0.959614673592783
robot3,669,1722894544126980248,81.57592872799066,-41.09349603970958,35.57500207820851,0.07748659608912647,-0.09971671847476016,-0.25172073195298994,0.9595254434293011
robot3,670,1722894544626518953,82.19735009111324,-41.21830799790082,35.45799752198952,0.07734238565374126,-0.1001715380271623,-0.24427229430789527,0.9614129521616701
robot3,671,1722894545127248366,82.7843010225234,-41.40777659314371,35.455763879984225,0.07310167089068784,-0.10345390741520938,-0.2242230375244513,0.966269871307609
robot3,672,1722894545624639375,83.26904069314244,-41.614261550881736,35.55743632270337,0.07587727473546715,-0.10586124246067082,-0.21378345568034998,0.9681594241656533
robot3,673,1722894546127121558,83.91253185308453,-41.876488962087464,35.62974786139114,0.07039172105891664,-0.10420222598814832,-0.18840956320465926,0.9740065390943267
robot3,674,1722894546627291921,84.35557119783186,-42.11845375767373,35.386628475727434,0.07011960642751824,-0.10907876959860666,-0.16159310941912353,0.9783009403070014
robot3,675,1722894547127472917,84.95449350668882,-42.29633088384361,35.19562029645918,0.07031930842748,-0.11118147595532886,-0.15779775705829388,0.9786693732482116
robot3,676,1722894547625006326,85.49059543653023,-42.61930360892433,35.22057401628081,0.07001461382025274,-0.10927803383112321,-0.1424210800873909,0.9812606693026812
robot3,677,1722894548123526468,85.94346626196449,-42.90126897398203,35.20855031096918,0.0683134221313689,-0.11077763061494793,-0.1425660280892524,0.9811913781454127
robot3,678,1722894548623664101,86.4503930639304,-43.129407445287676,35.133361366244294,0.06919267877741404,-0.11143992021915955,-0.14297641351706303,0.9809950369716203
robot3,679,1722894549126524825,87.02532138127688,-43.35005884710276,35.009183461378214,0.06873976122680149,-0.11424475752123721,-0.14476833087229118,0.9804412838012517
robot3,680,1722894549624424746,87.53009005276901,-43.52329232553285,34.915773784616405,0.07269262601365674,-0.10895549325795079,-0.1456110675027917,0.9806334175586985
robot3,681,1722894550123600494,88.07326217133377,-43.82661671658977,34.96102111257047,0.0720751503403808,-0.11031244116065213,-0.14749969933830898,0.9802449575099571
robot3,682,1722894550627793916,88.78563593091134,-44.22549609687203,34.93716285377934,0.07019371500126957,-0.10959076715131313,-0.14927324828198146,0.9801939621711885
robot3,683,1722894551126042532,89.3254893683342,-44.60457825226971,35.010785693089126,0.06775979835449049,-0.1117790385097618,-0.15184286989119875,0.9797233278533264
robot3,684,1722894551629551450,89.92267088360738,-44.959707177375506,35.15992631914185,0.06832988539774655,-0.11513647793391409,-0.15000592525356454,0.9795778889906235
robot3,685,1722894552125255998,90.59325434386174,-45.231836435318804,35.07719302139682,0.06792018457620186,-0.11029164354634768,-0.14705563200182747,0.9806106480084352
robot3,686,1722894552625983057,91.25074440812858,-45.541725629393326,34.96197910717338,0.06729797625710177,-0.11307060122457513,-0.12027672740282155,0.9839814685123288
robot3,687,1722894553128225381,91.79158744895899,-45.90184032516121,35.06766259387012,0.06697557218117335,-0.11587469808568535,-0.1025371023220565,0.9856842647227112
robot3,688,1722894553624844829,92.47133893465832,-46.3292632534354,35.108081132901695,0.06607050378230782,-0.11429124658926652,-0.08462451467388095,0.9876289237356476
robot3,689,1722894554128111636,93.11612834120983,-46.55703310205024,35.08506957380996,0.06120635674491078,-0.11913720506974126,-0.05731969436147101,0.989330359839671
robot3,690,1722894554628326486,93.86513975661795,-46.85056582734443,35.02246882977962,0.06063526136346614,-0.12255734291153399,-0.0240297648542148,0.9903159259442917
robot3,691,1722894555126902526,94.51766640823207,-47.120073260612585,35.002239256669604,0.05648495145175064,-0.12584144914389647,0.020198811484630333,0.9902350165245954
robot3,692,1722894555624343298,95.16593217885399,-47.479263609990795,35.08332098902235,0.05007946583112512,-0.13403225047167985,0.0909388162460197,0.9855239898832188
robot3,693,1722894556127729575,95.9904358549079,-47.92898953188942,35.044877644093546,0.0447778396379217,-0.12954892571543092,0.16317407378000262,0.9770292946321397
robot3,694,1722894556626500973,96.5827814892218,-48.40956590777661,35.2362273853982,0.03681452924546493,-0.1371303165407904,0.2504871905026797,0.9576513635535282
robot3,695,1722894557125218147,97.41205692182702,-48.77090447968092,35.06886338656663,0.03218763964672536,-0.1383780379266534,0.2749154300496514,0.9509137609658183
robot3,696,1722894557628116835,98.05260574077177,-49.109090252139175,35.07656101542885,0.03549975426614408,-0.14653557574386925,0.277638340355031,0.9487802930359379
robot3,697,1722894558126442601,98.62084295801282,-49.46333343116433,35.11932661109617,0.027394756581663546,-0.137244038717834,0.28842484488217107,0.9472194624282931
robot3,698,1722894558626366371,99.32063248048092,-49.8439019222136,35.124745020217546,0.03126144392792153,-0.13452265296420202,0.283200637604624,0.9490646852682638
robot3,699,1722894559127771528,100.06988642375407,-50.13795180761616,35.11291181749422,0.0386195682694578,-0.1391920191029956,0.27937388602929114,0.9492546247291106
robot3,700,1722894559626233274,100.83877213940453,-50.48124684961905,35.14138306365369,0.040078253764877475,-0.14209761462548418,0.2750895192523247,0.9500146093036834
robot3,701,1722894560124561719,101.65786296173033,-50.826107085031666,35.17879550264714,0.03953574183265186,-0.1382996729335675,0.26960349285031715,0.9521680955730029
robot3,702,1722894560628761239,102.40763650235534,-51.15046388417229,35.17328051665564,0.03951103740770803,-0.13793797914936148,0.2735625163916279,0.9510917629002144
robot3,703,1722894561127808012,103.13735277704615,-51.50856043924495,35.132450333116864,0.03909587901938847,-0.13222730827275964,0.27276194260345166,0.9521493443036304
robot3,704,1722894561626132755,103.82890137863828,-51.82351803288332,35.078389952811314,0.03919040686592362,-0.1343777831139121,0.2711879262279187,0.9522939840633641
robot3,705,1722894562128504609,104.48349739798913,-52.11480111284275,35.067515674048096,0.036969760440481496,-0.13797542752669653,0.28188847599343003,0.9487543967296805
robot3,706,1722894562627967030,105.19766672405898,-52.50098587956652,35.123444658136314,0.041083473576194726,-0.13864103015460222,0.27969946892442316,0.949135933383612
robot3,707,1722894563125890584,105.87764921162837,-52.8463727899662,35.123658329075596,0.039076031985685655,-0.13319897714856926,0.27674705267121585,0.9508639045881508
robot3,708,1722894563626960318,106.46281668044955,-53.16895038891372,35.086033046038075,0.03900472711520298,-0.13808061191327262,0.27350296987044787,0.9511090901407523
robot3,709,1722894564126340458,107.14153862102135,-53.521293018918,35.02807441783359,0.039562853274707474,-0.13818764270538056,0.26941689402788627,0.9522360491268228
robot3,710,1722894564625347769,107.86625346553929,-53.84819567071362,34.98941814801842,0.04257332135867441,-0.1342281996173142,0.26781332074989445,0.9531245081126073
robot3,711,1722894565124015498,108.62021987793824,-54.20826591306503,34.98622438677974,0.04170206243431609,-0.13202958622680963,0.2665133945842187,0.9538342292330982
robot3,712,1722894565623691398,109.3080767396784,-54.5183771922736,34.95456865733854,0.03941454780249514,-0.1295451110477459,0.2870708075705301,0.9482905193378006
robot3,713,1722894566125949669,110.15774221180469,-54.95178187055644,34.96804096896758,0.04080708692865574,-0.13397101604069353,0.29257471256008766,0.9459315969391251
robot3,714,1722894566627445917,110.91499092879458,-55.26697847445056,34.97211895091802,0.042419851288726204,-0.13809651719026847,0.2879320024504968,0.9466916446876498
robot3,715,1722894567125305981,111.61639480518143,-55.49735999531734,34.95487521529207,0.04140568783785029,-0.13272860280748583,0.27266600862505036,0.9520094194659688
robot3,716,1722894567626458098,112.35989348094593,-55.79581207347637,34.92547356374388,0.04437746269084225,-0.13351226561767596,0.2592172159123959,0.9555163790900626
robot3,717,1722894568127171129,113.0448797761759,-56.11344102064083,34.8247504422145,0.0484939413830523,-0.13768211934782518,0.2485027246903483,0.9575689883671574
robot3,718,1722894568626173377,113.71684346199721,-56.42551004397548,34.77991541414451,0.04520570514814311,-0.13208955096572897,0.2610385328219921,0.955179396307245
robot3,719,1722894569126765656,114.29183044058856,-56.71801683679721,34.69786959770442,0.04746618969242138,-0.13318568177094145,0.2626039958827655,0.954488175072744
robot3,720,1722894569626217312,114.90054318341726,-57.029047537827005,34.60764794800301,0.04691158407167586,-0.13043235075823,0.2651226451383643,0.9541995012524398
robot3,721,1722894570126602169,115.54998587763873,-57.41117869508498,34.558537739596,0.04599066808344404,-0.13293947929120425,0.2665045530606069,0.9535131233984083
robot3,722,1722894570624664478,116.24469923366506,-57.83269859170977,34.504985636541,0.0455882736812625,-0.13323360329059344,0.26627034017606305,0.9535568269376979
robot3,723,1722894571127290743,116.95052121746699,-58.22774384652313,34.52535395985901,0.04434448764322714,-0.1325025521266195,0.2652688414567671,0.9539963741271643
robot3,724,1722894571625655265,117.57137382003457,-58.48290473097558,34.495739115077,0.04417050143711635,-0.13374211902091493,0.27314885133437056,0.9516048115774233
robot3,725,1722894572124760427,118.19761296049839,-58.773883332981505,34.49807168045644,0.043354556999535866,-0.13351926187974586,0.27821612083605995,0.950204598600426
robot3,726,1722894572626649509,118.85538944121816,-59.060363895931,34.475993239154796,0.044997266062007574,-0.13650531358958093,0.2766462120301277,0.9501623118068496
robot3,727,1722894573127612269,119.5737342948355,-59.286371265499874,34.438251114955705,0.044564627352974985,-0.12904971927433254,0.27646491688104585,0.9512766756722584
robot3,728,1722894573625507309,120.26522371938015,-59.57849296678834,34.40067724028389,0.045267772851650755,-0.13540227558998996,0.2742343809430283,0.951006076118811
robot3,729,1722894574124812427,120.95338509197632,-59.879699380936984,34.3792117326228,0.04715938279784981,-0.14019144888560361,0.27247450499701115,0.9507260354066859
robot3,730,1722894574626085950,121.66266503474566,-60.248429490403055,34.3877088375088,0.04590280455639782,-0.13251348760784087,0.27914607586461987,0.949952933815801
robot3,731,1722894575125747592,122.42114350896098,-60.664689097716874,34.37931613438564,0.047488009352031894,-0.13392395488974118,0.27806970791769164,0.9499928951381907
robot3,732,1722894575625315549,123.19988142274492,-61.041290149141936,34.36390674306669,0.048044710865043944,-0.1307688477220392,0.2757076912543165,0.9510922579889709
robot3,733,1722894576130258856,123.9795084963984,-61.43687326480405,34.287933466679426,0.049514351101612605,-0.1301905768325792,0.2736809293196601,0.9516814023956304
robot3,734,1722894576623604909,124.67088862400588,-61.794575037443686,34.24168877624099,0.04938099939043257,-0.12730283155714997,0.27259653196179334,0.9523899604359218
robot3,735,1722894577124092150,125.3514656230758,-62.15046753613787,34.17775135196066,0.04936480118307146,-0.12827154831500603,0.2698504587665799,0.9530426308410832
robot3,736,1722894577625887720,126.04025523861375,-62.50681829968,34.11264495809652,0.052306875583491445,-0.1272243250181089,0.26864346310778314,0.9533670078305819
robot3,737,1722894578129068869,126.64393809468454,-62.83164863778517,34.08545623814959,0.052699963367789815,-0.12704748057591653,0.2667703097664267,0.9538947810778033
robot3,738,1722894578625550438,127.29523307523074,-63.13515367628424,34.02827218780762,0.05414972362805512,-0.1303543201382766,0.2647990968735325,0.9539166614265915
robot3,739,1722894579127714214,127.97213499247545,-63.46004789228317,33.95379099605016,0.054294387398513,-0.1270327438245403,0.26311366996394503,0.9548224956354626
robot3,740,1722894579625434148,128.67674085137284,-63.82126293681291,33.86487466180357,0.05444792262674363,-0.12593031776543365,0.26221846726338977,0.9552059747589352
robot3,741,1722894580126468325,129.31529503968417,-64.11748708211708,33.77636812539979,0.05537308474519656,-0.12610331875660089,0.26197340287831106,0.9551972103543491
robot3,742,1722894580627215451,129.70591735869968,-64.26745314658861,33.68097772404447,0.05551846672333009,-0.13895479685296983,0.2599624979042395,0.9539542777133654
robot3,743,1722894581128444335,130.27014504154081,-64.49172843412099,33.628368625777995,0.047848399481945386,-0.13724769553024474,0.257224902378944,0.955358022070677
robot3,744,1722894581628987158,130.85055319609987,-64.78895330372309,33.61198771248063,0.04817413274645215,-0.13464010393308237,0.2568541409882007,0.9558123485309392
robot3,745,1722894582123919203,131.3597114164747,-65.02389942714,33.55917760044022,0.04845918728098853,-0.13482287805015244,0.2538256604970499,0.9565809076056119
robot3,746,1722894582628308111,131.8666435726365,-65.24461801446046,33.459157550304795,0.05083488931070436,-0.1354029667603917,0.25122404839651835,0.9570623428640981
robot3,747,1722894583124316932,132.35716595625505,-65.48297490824841,33.41165201050032,0.05279939063646856,-0.13186967850219183,0.25491104737723547,0.9564742391539811
robot3,748,1722894583626990828,132.94697149452844,-65.7868314084391,33.40575794598529,0.047962134713284144,-0.13010329967220177,0.2632126695080372,0.9547208260316745
robot3,749,1722894584126892913,133.57459593296585,-66.04027062494299,33.34816564833518,0.04647449011286199,-0.13051974025943178,0.26368090775682734,0.9546083479919372
robot3,750,1722894584627472454,134.28475984370124,-66.410864915534,33.32358193932511,0.047941826967170406,-0.13215811480928816,0.26688048971796896,0.9534204833781378
robot3,751,1722894585129118078,134.98951254039045,-66.73952061295822,33.31887942786577,0.04541065011172263,-0.13346869606428025,0.271957694272018,0.9519259385863897
robot3,752,1722894585625388563,135.63682546841198,-67.0192223189948,33.281568664676115,0.04256041814199727,-0.1303113122831455,0.27286144708453464,0.952236422005353
robot3,753,1722894586128381972,136.34425853118424,-67.35908579472525,33.262574248431896,0.042857513050615165,-0.1336568036293547,0.2731188031540634,0.9516854584275165
robot3,754,1722894586625971568,136.9598322306549,-67.6153184282176,33.18633161965016,0.041386379740566664,-0.13233071305886865,0.2721345700116583,0.9522176882193855
robot3,755,1722894587127202155,137.5414353157462,-67.87186321799592,33.09766990521244,0.04126594238886564,-0.13505380800508107,0.27107827696546777,0.9521418795009066
robot3,756,1722894587628643773,138.16090577297098,-68.20211458779302,33.03912144574085,0.039658002919163965,-0.13646995541068382,0.2702140150051211,0.9522539473110531
robot3,757,1722894588124748098,138.80928689269214,-68.49337003816544,32.99417061378024,0.03673956516329837,-0.13117230489434353,0.2695595875546296,0.9533004036177133
robot3,758,1722894588625964445,139.46161569367848,-68.82628486882642,32.94758116102972,0.037899260948598495,-0.13141419673524732,0.2690310646625084,0.9533709882110619
robot3,759,1722894589126853435,140.0294861463789,-69.12139345626535,32.902981923173556,0.0384316671574665,-0.13169058526688457,0.269583006219785,0.9531556008695886
robot3,760,1722894589625122226,140.5658548592742,-69.3617977110458,32.878346200586705,0.03370404696882132,-0.13090446549222753,0.28593042121742734,0.948668462822783
robot3,761,1722894590125402350,141.04677836334048,-69.58571339754859,32.909714061821056,0.029615089450993785,-0.13538653955589672,0.31976400414474954,0.937307000420463
robot3,762,1722894590628353170,141.32386633302593,-69.72016395545207,32.94941492694512,0.0195569255104738,-0.1360845286384138,0.3972415766499261,0.9073575136133052
robot3,763,1722894591130352666,141.39647185462903,-69.88440205726636,32.90735892893084,0.015921637282637503,-0.1360188127988284,0.44139483903864796,0.8868009811119311
robot3,764,1722894591624944721,141.4652204207237,-70.06808590916827,33.10692100659421,0.003902331600442797,-0.1342424355983213,0.5194695043543425,0.8438691689702642
robot3,765,1722894592176332530,141.5415322145681,-70.25478381197495,33.3774503828954,-0.0067804127907871254,-0.13476867498468945,0.5830763129436591,0.8011326004659189
robot3,766,1722894592627187205,141.6343421702494,-70.3807983685872,33.61730552048583,-0.014654383849069351,-0.13397003917284458,0.6284060921257544,0.7661220927615052
robot3,767,1722894593126488042,141.70624353666705,-70.4934610738188,33.8706507712729,-0.02393675260020933,-0.13176087266905082,0.6719866657436248,0.7283543268020121
robot3,768,1722894593627121270,141.72636076732897,-70.59009503422016,34.07952579184487,-0.028662095963992815,-0.130870790571952,0.7094391044216573,0.6919158023541738
robot3,769,1722894594124953859,141.75063108462857,-70.71895436701827,34.26223018500792,-0.033394528603331426,-0.12901982401569326,0.7420006166291547,0.6570188546703016
robot3,770,1722894594628757049,141.7600649462558,-70.79791305772211,34.391452786240706,-0.035954991399827045,-0.12765606620958003,0.7609371048432071,0.6351266722679592
robot3,771,1722894595124929514,141.70077616994064,-70.96660829060023,34.646868284846335,-0.015025640896236217,-0.1460485879373919,0.7910378225597228,0.5938882077942984
robot3,772,1722894595625531116,141.64366272036324,-71.09740750493107,34.87882977296658,-0.011255962426362325,-0.14081761141080132,0.8171001169308214,0.558919585037106
robot3,773,1722894596124892993,141.63588654399516,-71.22806120655508,35.01910290663819,-0.031430099211193434,-0.1329629638072707,0.8224999554908637,0.5521112409077434
robot3,774,1722894596626579702,141.6512063870449,-71.47808569044062,35.43741857535937,-0.029644648180520046,-0.1336035536512432,0.821538544930929,0.553485053527902
robot3,775,1722894597124525840,141.66353445935437,-71.6514850720984,35.792228099842326,-0.02832559399400426,-0.13256240945022912,0.8201870970208368,0.5558039170482421
robot3,776,1722894597626668125,141.723190741783,-71.95643122592408,36.27759089212466,-0.025987332695142293,-0.13043382471709766,0.8175779403725433,0.5602481479891311
robot3,777,1722894598125823906,141.7303934402115,-72.16230845963602,36.69484835454462,-0.033759832056954014,-0.12144623324101325,0.815089230072155,0.5654561284409582
robot3,778,1722894598627441389,141.80730389559912,-72.3769157602277,37.15388522227385,-0.03008924722588118,-0.1264109653932276,0.7960936029117364,0.5910582716050448
robot3,779,1722894599125942133,141.93986149737862,-72.66511373587511,37.6274491172187,-0.02725290255374446,-0.12813781816221956,0.7774506223527388,0.6151491759421946
robot3,780,1722894599625461869,142.0443905434014,-72.92892013361474,38.09570403608883,-0.028397584890376092,-0.12540970105012547,0.7724827581282865,0.6218813170126815
robot3,781,1722894600123969156,142.13918718318993,-73.15179914620715,38.407022981300514,-0.03103267780007249,-0.1246195965696565,0.777786797706165,0.6152679305581934
robot3,782,1722894600626836274,142.19970615651386,-73.33867376100935,38.6702105304482,-0.02949236680462186,-0.1259036209955592,0.7727374842860694,0.6214139191390108
robot3,783,1722894601124773080,142.19800510450384,-73.5320118293443,38.98813931084117,-0.0333669522220248,-0.12705269639237712,0.7670403481716085,0.628007454665641
robot3,784,1722894601625357995,142.23806504010324,-73.70420199863187,39.35462868157096,-0.03040057706724817,-0.12633967373195312,0.7614254231900235,0.6350948092018827
robot3,785,1722894602124780612,142.27558969002425,-73.9178321215822,39.73760447776826,-0.02892266107497207,-0.1250055272004805,0.7575139677245355,0.6400856868794237
robot3,786,1722894602627978242,142.3621229715106,-74.11085723374224,40.106206730399606,-0.028244744561427296,-0.12457355164603119,0.7568803159867068,0.6409491804400845
robot3,787,1722894603124228157,142.45492131450428,-74.26249889918168,40.33829401327591,-0.028380539261604547,-0.12491556075441815,0.7647852380330045,0.6314223525972378
robot3,788,1722894603626684190,142.43671525922488,-74.37326586883188,40.6031279450478,-0.034653581024013065,-0.12209292635597649,0.7978037308404389,0.5894078839930145
robot3,789,1722894604126725684,142.3940100622316,-74.48623886015685,40.84555298864472,-0.037523742485680495,-0.1197792032349849,0.8067503100842146,0.5774070041151943
robot3,790,1722894604623393867,142.32571358892363,-74.63762331430772,41.24633090142483,-0.041211354608943956,-0.11942911482043606,0.8069555630507623,0.5769410975532339
robot3,791,1722894605126805412,142.25065797099,-74.75824740423764,41.73592631511285,-0.0400775041440087,-0.11826535292966683,0.8209547863638259,0.5571717317886231
robot3,792,1722894605628969306,142.14033590966096,-74.98447827843448,42.30226296110417,-0.040075385243114325,-0.11934344131619791,0.8207066365052645,0.5573075661684838
robot3,793,1722894606128380624,142.04534024428693,-75.22127296140566,42.82821278073205,-0.034372952678966416,-0.12133324793045729,0.8122514439064604,0.5695123659260138
robot3,794,1722894606625566192,141.90842766477618,-75.42957658117243,43.325711722615566,-0.03273418175071618,-0.12368370240175255,0.8145485632994427,0.5658104392215818
robot3,795,1722894607128153579,141.72074886568961,-75.69020748471068,44.000092330016265,-0.03944579692407069,-0.12192412509948646,0.8199351169159672,0.5579291539897777
robot3,796,1722894607623706783,141.57779828651357,-75.91157990552426,44.612800419333176,-0.03856973285439658,-0.11962231944283208,0.8100809498830233,0.5726881621225255
robot3,797,1722894608125722859,141.51576925950707,-76.13383550598262,45.23966669995788,-0.039189398316126216,-0.11564464494209621,0.7956285739451274,0.5933512277545901
robot3,798,1722894608632068087,141.3658971725266,-76.31233417712673,45.782265825459575,-0.0328782455705008,-0.12078675933738743,0.8010012326405702,0.5854285652795436
robot3,799,1722894609127619124,141.17545842679255,-76.46259408019124,46.283584904503925,-0.03643523179983415,-0.12181496188103526,0.7989896611468469,0.5877491899833305
robot3,800,1722894609625650220,140.954600742483,-76.6899645089525,46.95356604854617,-0.04114337691028885,-0.11500566158805116,0.8150356990006458,0.5663900861540934
robot3,801,1722894610126363124,140.7470841644369,-76.8916283771061,47.59440476842481,-0.04157256771821918,-0.11622228974507703,0.8119822776639348,0.5704812720321449
robot3,802,1722894610624609108,140.5138613631649,-77.05781153950953,48.16068585964999,-0.04126682310873042,-0.11721172398200541,0.8181036614963401,0.5614845145842943
robot3,803,1722894611127246818,140.19782478306345,-77.22343667812177,48.833469825017964,-0.04359032733357628,-0.1151810682623851,0.8209520629121249,0.5575579927480317
robot3,804,1722894611628645055,139.83982154686188,-77.39241295615902,49.60800949859196,-0.048506623293995285,-0.11567645811607141,0.8211338315359468,0.5567811915298779
robot3,805,1722894612124673932,139.37497194336143,-77.43601538979745,50.315708979542286,-0.05944116026951254,-0.11053245199400795,0.8521220647018484,0.5080721527207187
robot3,806,1722894612625140512,138.7877257544117,-77.39344326192446,50.96279647455501,-0.06142809810071908,-0.10691208427793504,0.8856358820405629,0.44771137962007423
robot3,807,1722894613126963955,138.07771633320107,-77.31700336870539,51.511354793295034,-0.07527737616805352,-0.09555822987584112,0.9315516593886969,0.34265645657190563
robot3,808,1722894613628603124,137.20765763456228,-77.14981059528874,51.83024161748937,-0.08606270793066617,-0.08536497263020429,0.9686381626254744,0.21690122557752042
robot3,809,1722894614125007804,136.38866793378642,-76.87773940971051,52.02804724747905,-0.09175452514242294,-0.07303885631890934,0.9870901956962419,0.10908427083621781
robot3,810,1722894614626675526,135.61079940765345,-76.45068823012289,52.082822031601324,-0.09455359771265935,-0.06277852428320778,0.9928924346662525,0.03582020701973335
robot3,811,1722894615128324048,134.9370113311849,-76.07887647020054,52.10239927606281,-0.10820160401073961,-0.05862276631781604,0.9922254700142242,0.01855803906133067
robot3,812,1722894615626409817,134.38668538601658,-75.7466910783641,52.00162906170619,-0.10437573490172476,-0.05622664472327882,0.9928677398636031,-0.012566683135477328
robot3,813,1722894616124261641,133.81429716171274,-75.41111690598584,51.97057105511599,-0.11004846012599469,-0.05385407362297342,0.9922622853886985,-0.02011547099388081
robot3,814,1722894616628542398,133.22830517605905,-75.14011108408756,52.036330095732964,-0.10095656806005289,-0.05301104800594273,0.9931206377472309,-0.02662703579786358
robot3,815,1722894617125524743,132.67162106550933,-74.81934718094243,52.05244438626317,-0.10470373180737799,-0.054917770954852944,0.992686798700664,-0.0243738930904852
robot3,816,1722894617625442543,132.20014865018442,-74.42224921460085,52.05877742086597,-0.1032146959545676,-0.05608237963405822,0.9929456404643519,-0.01613841121132002
robot3,817,1722894618125282966,131.54821588069984,-74.14312690468552,52.08742107570809,-0.1021074485123211,-0.05739922781318952,0.9931071395601049,-0.00419606476350325
robot3,818,1722894618627012548,130.97154102335102,-73.87450812282275,52.11451215677387,-0.10096787998503765,-0.05713115942125313,0.993047723409811,-0.019943341372552516
robot3,819,1722894619126922107,130.39512893175865,-73.59476297129329,52.16348073849778,-0.09882218737946094,-0.052680091895574106,0.9935087180503155,-0.01998525349929714
robot3,820,1722894619624693734,129.68062635023128,-73.26410910875998,52.19441433950065,-0.10789148020662369,-0.048370467889844934,0.9920301926984606,-0.0435410508554459
robot3,821,1722894620123648294,129.0793809880129,-72.97798722341535,52.220481061843344,-0.0994813332892288,-0.05108888338876148,0.9929605143813895,-0.03902316235946349
robot3,822,1722894620623879601,128.47981582281477,-72.70463769487458,52.26897861985771,-0.10014446625451467,-0.05060004326839102,0.9930232351076577,-0.0362708703529005
robot3,823,1722894621126321232,127.8401843320942,-72.3461958512942,52.29958037373383,-0.10426155332666977,-0.0528633675518815,0.9928823093041256,-0.022797209037325565
robot3,824,1722894621624630698,127.21426835121234,-72.0434121815814,52.37092731289517,-0.09896361630052172,-0.05133537254621444,0.9935054619521029,-0.022754763141002953
robot3,825,1722894622126396251,126.60109913476488,-71.74894411809863,52.3629654291565,-0.1060499993029887,-0.05352335258894266,0.9927965258109658,-0.015611108645836858
robot3,826,1722894622629393034,126.04658322761082,-71.48622299958566,52.37049969129345,-0.10057583109273056,-0.0534578091151974,0.9934603672376532,-0.007953840118892002
robot3,827,1722894623126421561,125.50883912603547,-71.16543102865042,52.44452497894593,-0.10040222299376206,-0.054463874350372185,0.993426407375388,0.0075533527580352875
robot3,828,1722894623624414247,124.89458330618366,-70.92916876502272,52.506540608259996,-0.09996467060562335,-0.05459463809838007,0.993263291639731,0.021319559156387044
robot3,829,1722894624124366938,124.38937231985618,-70.78508576768951,52.567879680937956,-0.09718779870022055,-0.05620631354338906,0.9930115875000041,0.03637814168411224
robot3,830,1722894624624018451,124.01412277121592,-70.63536483015137,52.596866001417496,-0.09717404303776976,-0.055145411750786924,0.9931294756135656,0.03478553708158321
robot3,831,1722894625127222320,123.58555421137694,-70.35688904335551,52.720189835242486,-0.09592886920256591,-0.054605907904199905,0.9933627886252959,0.03234527863615832
robot3,832,1722894625624822418,123.09804753398973,-70.0779395982725,52.804583390066966,-0.09936421582128166,-0.054708745943495105,0.993020260955344,0.03231821566380775
robot3,833,1722894626125192566,122.67224559421207,-69.83322605464727,52.89403659318839,-0.09237325702044233,-0.056516572037557715,0.9933417115280209,0.03931033720462281
robot3,834,1722894626628660585,122.0695671461819,-69.56188960968471,52.965476923077745,-0.08966650916633884,-0.05636362892288183,0.9937071200717494,0.03645844192057976
robot3,835,1722894627130116065,121.46506799277095,-69.29431219206606,53.04865448017406,-0.09873150790223144,-0.053441335967459445,0.9929366929925328,0.03837755420056299
robot3,836,1722894627625805349,120.794243542369,-68.94773489160754,53.173965150493295,-0.09552966177029446,-0.05319656041867917,0.9934945808269561,0.03182338054239362
robot3,837,1722894628128813486,120.11462508678827,-68.61066719660951,53.31868081300074,-0.10250356485003422,-0.05022801164569191,0.9931087249687884,0.026556099676393077
robot3,838,1722894628624843116,119.43363505950856,-68.2548194556723,53.43261131861183,-0.09693292983817327,-0.052499799015721625,0.993331329052824,0.03377349461407557
robot3,839,1722894629126600903,118.80255564338628,-67.92788901539411,53.46269133723784,-0.09652777406829299,-0.05357118529234982,0.9932357441847495,0.035989907106859884
robot3,840,1722894629626265787,118.19313509823452,-67.6074685863049,53.52544528277635,-0.09890338996283407,-0.05526885799620784,0.9924618653470735,0.0467217146673999
robot3,841,1722894630126272085,117.5748800489282,-67.35775452814298,53.528734658220465,-0.092673767485175,-0.0534478195841686,0.9925142059311606,0.058910562946212094
robot3,842,1722894630624822309,116.89723446290581,-67.07504426947425,53.58615499972548,-0.09307413752073221,-0.05374301427600976,0.991514339290357,0.07313144551359035
robot3,843,1722894631126414377,116.22202338962751,-66.8235343057899,53.6638299285484,-0.0894714641607518,-0.058546926208560744,0.9900540168237076,0.09143390128230437
robot3,844,1722894631624596128,115.61168487803197,-66.49601422882623,53.68951888673678,-0.08826106192149864,-0.0600810729345692,0.9892848974264105,0.09957731341795124
robot3,845,1722894632124661063,115.09184087672307,-66.17352741536341,53.68287867816288,-0.08693711734132772,-0.06400217483402203,0.9882198925500854,0.10847627949553425
robot3,846,1722894632629211987,114.49783811939105,-65.88632998127747,53.707595720284274,-0.08782630748981922,-0.062131385356516,0.9875929063109857,0.11439616283164603
robot3,847,1722894633126206119,113.97642825383964,-65.57560437548236,53.732655469448986,-0.087292095348825,-0.06210933421021615,0.9870434021550478,0.11944807640043324
robot3,848,1722894633625403486,113.33300625851388,-65.27150570457448,53.878064548460294,-0.08293898285994132,-0.059202545815007016,0.9863079307035626,0.129664372602641
robot3,849,1722894634127966207,112.73480670841715,-64.9783819424533,53.96203865288586,-0.08630461006440518,-0.06406350652198936,0.982989985926871,0.14892303039230645
robot3,850,1722894634625723812,112.2137753707818,-64.70592453341553,53.949601069459135,-0.08537168625119099,-0.06471733853166567,0.9790751699265772,0.1730177820723931
robot3,851,1722894635126543884,111.62295978084911,-64.40598797773974,54.00770952691553,-0.07825491294537587,-0.0662263788391492,0.975643877921649,0.1939310671856668
robot3,852,1722894635625971868,111.08349154608739,-64.14943341409305,54.08955984975924,-0.07481364197282687,-0.06537317859166193,0.9710455494615042,0.2172551664899819
robot3,853,1722894636128835777,110.61841468148602,-63.875331567299575,54.109154307931384,-0.0789199549368986,-0.0661581246053586,0.9607671250065728,0.2575291726544089
robot3,854,1722894636624624177,110.1821470382303,-63.65065403152478,54.14607107253533,-0.07134169409505832,-0.06535763915988549,0.9549484338977401,0.2805570000612122
robot3,855,1722894637127391742,109.70969593123817,-63.48515416036561,54.27646329346161,-0.06595315931674435,-0.06676166114793915,0.9562198834099521,0.277194148474252
robot3,856,1722894637630056976,109.13151082659925,-63.314157807597645,54.543582492140196,-0.06416026092863172,-0.06734759844122075,0.9562089093151798,0.2775108712249743
robot3,857,1722894638128213941,108.57138579653754,-63.08562952771145,54.77943941502595,-0.06478412476866988,-0.0672571813193239,0.9565880843889664,0.276077390497637
robot3,858,1722894638627452396,107.83522343079837,-62.64565096623594,54.78780743318045,-0.07368207349394869,-0.06143145857359303,0.9716872843780974,0.21591884892494145
robot3,859,1722894639126785009,107.19350311326265,-62.28004884234405,54.80312491808619,-0.0708201722632367,-0.0622437202182643,0.9742802749747196,0.2046659920191451
robot3,860,1722894639624542783,106.644228129473,-61.992230419841555,54.79085665921656,-0.07355997766893553,-0.06182094804036623,0.9740791491453666,0.20478503673114068
robot3,861,1722894640127681059,106.07885944371957,-61.72696288782554,54.75401783075501,-0.06778497859638981,-0.06595008805595602,0.97532328152735,0.1995000728641976
robot3,862,1722894640623998813,105.3970804007526,-61.43634117350948,54.88363783333007,-0.08267230637129255,-0.06359737041066285,0.9744153018580016,0.19908662371209115
robot3,863,1722894641127558884,104.76873431629319,-61.15192700083418,54.99974505026478,-0.08357632619121781,-0.06222363004022504,0.9718095095058297,0.2114934864222421
robot3,864,1722894641624781314,104.25806263854557,-60.77675134825591,54.86701238334461,-0.08547292186419146,-0.06186692366779936,0.9744981570127776,0.19804091840470847
robot3,865,1722894642124746439,103.70700273647827,-60.47304061740285,54.93481589614795,-0.07891567019513936,-0.0658921534551575,0.9733884144493518,0.20480609299156874
robot3,866,1722894642625675189,103.11488317888102,-60.1497894508242,55.097406535077624,-0.08011248376135117,-0.06684668059876243,0.9682866064946682,0.22701224399039266
robot3,867,1722894643124188051,102.66610323237552,-59.83105071254586,55.200875583153504,-0.08037171462769017,-0.06809844841883061,0.9621476356366312,0.2513462075496533
robot3,868,1722894643627859057,102.14115453332529,-59.498189210231786,55.133768509587945,-0.07471630073801645,-0.06718369690654719,0.9678286823382216,0.23067610825019838
robot3,869,1722894644127730592,101.61190095782852,-59.24001148698963,55.17462680065159,-0.07507072026032094,-0.06818888390066837,0.9641368728708635,0.24526465999562652
robot3,870,1722894644626086610,101.17859330764824,-59.05332632456232,55.268772131156396,-0.07249021108191354,-0.06993308119235048,0.9613281582530682,0.25632539008457095
robot3,871,1722894645125841259,100.70406787295754,-58.805635439489315,55.31869922076132,-0.07227544852317967,-0.07150332838892531,0.9549223174611087,0.2789030318673219
robot3,872,1722894645625086827,100.25947878335231,-58.59901878623472,55.40145707826427,-0.06284116619294661,-0.07294224520280848,0.9464069961525705,0.3082924169189898
robot3,873,1722894646125917543,99.95564016987935,-58.45288978007908,55.39177140093525,-0.058101166927827595,-0.07474523433873283,0.9324769181350714,0.3486032149745495
robot3,874,1722894646628268550,99.55645074493671,-58.29231589959256,55.53843101087941,-0.05636047735687644,-0.07606435037683387,0.915884729470522,0.3901190504404571
robot3,875,1722894647130220142,99.06655107181075,-58.23248519983965,55.841111952319004,-0.05473325313657431,-0.07377043999810434,0.9030842746618848,0.41952471445910244
robot3,876,1722894647626916729,98.4875450018729,-57.978575867215305,55.91451715968944,-0.048952636406554534,-0.0764496620822558,0.9021441546889275,0.42177602197962494
robot3,877,1722894648127554038,97.88664797592638,-57.61298317589906,55.817333758105754,-0.05068451312623812,-0.07792531989104572,0.8993822482133609,0.42716542023871124
robot3,878,1722894648624898871,97.37847194456701,-57.36315559805778,55.835876282862934,-0.04200028354716916,-0.08036761166278603,0.8882673315827453,0.4502867650958067
robot3,879,1722894649126787560,96.88354798678459,-57.10262947512337,55.99928764502995,-0.0483474079853893,-0.08161341495954817,0.8734812808015773,0.4775272041768627
robot3,880,1722894649624781324,96.34240466947728,-56.80775554334899,56.11439802567492,-0.050006674208236755,-0.07704091321295616,0.85666741165642,0.5076268078340966
robot3,881,1722894650125121043,95.74724832541442,-56.496086994923395,56.01018359200528,-0.042118103260972074,-0.08244926609576472,0.8480214467920382,0.5218120443978905
robot3,882,1722894650626312125,95.23048413453085,-56.205775386344726,55.93593218157521,-0.037124442450866844,-0.08444004278164996,0.8403696185204299,0.5341072544120447
robot3,883,1722894651127996463,94.73719175726971,-55.931815197450206,56.032091185991355,-0.040273371120456064,-0.08157975200504025,0.832021060734979,0.5472328152942135
robot3,884,1722894651624029193,94.21229664521928,-55.59752113003269,55.99145741271521,-0.03392834145282195,-0.0856830069340169,0.8336238836729363,0.5445902225885596
robot3,885,1722894652125945319,93.65148514622499,-55.2718569229247,56.06720742129382,-0.037860245900339075,-0.08229723990901389,0.833695252630728,0.5447439690576764
robot3,886,1722894652624957815,93.10696495377657,-55.055363367263574,56.32820503173447,-0.03510211293248642,-0.08552199666045736,0.8378527001876233,0.5380117866210667
robot3,887,1722894653124388946,92.51099952851247,-54.774844938569,56.40283993851336,-0.04221225264562388,-0.08017374783001313,0.8395413587637514,0.5356870381207535
robot3,888,1722894653627959333,91.89572645836024,-54.44238886145437,56.363920380785586,-0.04004665211540595,-0.08169895156698169,0.8379830281878576,0.5380576097745591
robot3,889,1722894654125860848,91.33602238624808,-54.12834700837172,56.4051046391024,-0.03599916571124068,-0.08368254880774524,0.8372319208076499,0.5392068266202376
robot3,890,1722894654624855456,90.762598129302,-53.855115623968295,56.5818805683502,-0.03857651210076668,-0.08059620860449392,0.8480571401023663,0.5223171364162922
robot3,891,1722894655175813961,90.11656320545764,-53.6109433021467,56.8344113695578,-0.03584056480068295,-0.07903963369990483,0.846803615113146,0.5247778841097059
robot3,892,1722894655628556190,89.55561613072982,-53.34126869315969,56.898835286216325,-0.03883814363395908,-0.07532392624085309,0.8461931612135764,0.5260941347801789
robot3,893,1722894656128710766,88.91903368515486,-52.967508954241794,56.79925426825763,-0.038814044030156356,-0.07677628945963126,0.845630937536545,0.5267895109471147
robot3,894,1722894656626101439,88.33989823514055,-52.542875977890255,56.60296758941715,-0.037770353208523455,-0.07929712343853329,0.8374868533600517,0.5393525165250986
robot3,895,1722894657126353334,87.82018438385792,-52.218493055844114,56.59713260528422,-0.03713657234120468,-0.07712348535767997,0.8321734415260488,0.5478687855862223
robot3,896,1722894657623552064,87.34365597619983,-52.065519428246645,56.82237595060061,-0.03429186139906817,-0.0773293064653305,0.830512612703912,0.5505388694207705
robot3,897,1722894658126388701,86.75278140997831,-51.87647974133457,57.05115553774039,-0.034955301625468234,-0.07766225763342675,0.8333024936544084,0.5462175891500534
robot3,898,1722894658633343028,86.11727883272505,-51.51513535612605,57.03840067413893,-0.03706418658023347,-0.07494322047618528,0.8388094989986603,0.5379668987655468
robot3,899,1722894659127830676,85.4643171391703,-51.17410023175453,57.09451281961665,-0.03459655842067234,-0.07439442223876412,0.8439563050656937,0.5301002765751657
robot3,900,1722894659625694554,84.82363011343918,-50.87455679913477,57.25955845408019,-0.03594737707526165,-0.07314935524962146,0.8433145759413961,0.5312038063801472
robot3,901,1722894660127704904,84.15230992740193,-50.538360592618545,57.37838528682559,-0.03766620054127964,-0.06971437445184774,0.8432636208192333,0.53162734046925
robot3,902,1722894660625671697,83.46714926044682,-50.1519360947854,57.40601180393088,-0.030492283161648075,-0.0758197486901194,0.8438759432714886,0.5302782088147807
robot3,903,1722894661124477438,82.82054061196732,-49.74966054386731,57.43612972408943,-0.03908898007297213,-0.0709626730925584,0.8436009018019511,0.5308237646746312
robot3,904,1722894661625089485,82.14270450772271,-49.36492689132438,57.430596094096636,-0.036902876536617606,-0.07118652767778054,0.8419748464850321,0.533525082697159
robot3,905,1722894662128835676,81.4941440278945,-48.92135174028779,57.335064393525926,-0.03144893054072156,-0.07241099870820765,0.8390206090142364,0.5383419263658598
robot3,906,1722894662625925602,80.91570490683806,-48.598524891451845,57.50065457964569,-0.03156981172529022,-0.06948490453955908,0.8360190784827045,0.5433666307767597
robot3,907,1722894663125852203,80.33047043722169,-48.39590412149613,57.7266402959193,-0.02708256180142752,-0.07072095315042623,0.8324349809711125,0.5489235685297096
robot3,908,1722894663625023953,79.62731914230876,-48.01117642526372,57.79608215713682,-0.028632039716215894,-0.07090212638490438,0.829100042099587,0.5538467432117401
robot3,909,1722894664130020164,78.85652716182926,-47.64510047760967,57.90708981006034,-0.029625293351721392,-0.0662111213878434,0.8462670121884515,0.5277978528565839
robot3,910,1722894664624908006,78.13869249263443,-47.293528496367166,57.96167282736652,-0.030175378701766266,-0.06594409805327923,0.8530663954772997,0.5167383741890201
robot3,911,1722894665128408326,77.325338616692,-46.82174563681439,57.93951931310069,-0.034052553941214335,-0.06362085084921497,0.8779034308358152,0.4733691762609894
robot3,912,1722894665627763006,76.65615591699574,-46.31251711161886,57.83959567656953,-0.04104006846547119,-0.05510175133395695,0.8907678134866398,0.4492351413641983
robot3,913,1722894666129169017,76.02117113893773,-45.91570406468104,57.73518703265578,-0.043276739403371116,-0.05303072284667911,0.9048472586026546,0.42019793533551825
robot3,914,1722894666627186206,75.5095719110037,-45.57241314192769,57.53773388400495,-0.04460570776711815,-0.05161428149338821,0.9221024510526968,0.38088497810116456
robot3,915,1722894667128445748,75.12387876503773,-45.294543459858055,57.32447499957306,-0.042746007911486576,-0.05199851506985616,0.9400438999814189,0.33434473129673375
robot3,916,1722894667627052398,74.65309491838819,-44.99452116565423,57.35211021341343,-0.045467195410825514,-0.04631821057151552,0.9646524357629127,0.2554075873728229
robot3,917,1722894668125059990,74.0939416104664,-44.706509117870134,57.26435606758973,-0.05242675971571521,-0.046352955454784725,0.9836609579937516,0.16587331944930805
robot3,918,1722894668626761363,73.77394802960056,-44.3820118857179,56.638644787099324,-0.04899534907120915,-0.04064822909130783,0.9950438708401069,0.07638633611234033
robot3,919,1722894669126487139,73.87204653847336,-44.11151545220204,55.96321227628438,-0.04442579444489218,-0.03042698399703241,0.9983381143046134,0.02053185231519813
robot3,920,1722894669625690714,73.70754223331119,-43.9141485848396,55.5294430444988,-0.056312788032218945,-0.021908560367186854,0.9933656437604799,-0.09784468653433917
robot3,921,1722894670126148659,73.6963003734023,-43.775985987702136,55.30018748154852,-0.07040900798292037,-0.01727894108663224,0.9752090318602873,-0.209072604537053
robot3,922,1722894670624892679,73.79322002804906,-43.55222357404561,55.02913137255873,-0.07639392548344023,-0.015014927963261763,0.9659794962429027,-0.24662143646852058
robot3,923,1722894671127892415,73.70287818601884,-43.29824169219007,54.6890330758949,-0.07040602457773111,-0.013786590054847704,0.9651789679319039,-0.2515600952053491
robot3,924,1722894671628620862,73.6980164236463,-43.16991471867726,54.178859308820016,-0.06891549149192065,-0.014158765897059446,0.9653812351449339,-0.25117574566574113
robot3,925,1722894672127084409,73.75598223021433,-43.06102065064298,53.521445175445514,-0.07255464133821952,-0.013924872488697202,0.961988896737861,-0.2629054668498328
robot3,926,1722894672626060629,73.96801928350942,-42.90024092873205,52.784460117342896,-0.06420167169995425,-0.011073307131614647,0.9617724216925841,-0.2659874735615993
robot3,927,1722894673128205973,74.22996123050085,-42.719399424284425,52.00283460461604,-0.06878927751879323,-0.014854502601272981,0.9623379983729032,-0.2625889486222626
robot3,928,1722894673624397050,74.35418609157095,-42.49711941771853,51.445366139431066,-0.05908881264898559,-0.013028279095013957,0.9641941713527606,-0.2582022000156444
robot3,929,1722894674125208341,74.4084869379104,-42.22685337973298,50.80801169934349,-0.06730822237187216,-0.016916177551686923,0.9650961145890189,-0.25253303891443124
robot3,930,1722894674626207008,74.33949880036462,-41.93311389437761,50.200804251240505,-0.06423292363213114,-0.020251706493951818,0.9670128013019186,-0.24566286252498118
robot3,931,1722894675125260705,74.29836274104078,-41.62174621603305,49.48592083137047,-0.06801964398452322,-0.020521094274012767,0.9681970121274748,-0.2398890544177588
robot3,932,1722894675625121628,74.38366719653114,-41.34773848227685,48.74824653155921,-0.07090451354973157,-0.022370377326715672,0.9694128828964024,-0.23390335322740094
robot3,933,1722894676125763328,74.4780258308267,-41.06595041077314,47.965645671060095,-0.0744758724923196,-0.019120149127182857,0.9655044449963165,-0.24877486007677113
robot3,934,1722894676625681994,74.59634398479987,-40.841220491912274,47.21843349685548,-0.07079737240389752,-0.016634321771881542,0.9661332423764336,-0.2475834998037891
robot3,935,1722894677126040748,74.73204247836284,-40.59151939621117,46.59953543118271,-0.0724769312800838,-0.017437943406552775,0.9665936561242433,-0.24523400356055888
robot3,936,1722894677626418231,74.68125779195387,-40.26503023314358,46.0080829905744,-0.07894773165779587,-0.017889182572265027,0.9647630100611825,-0.25035887687611874
robot3,937,1722894678123540159,74.60543605926452,-39.983443916470044,45.359674603232286,-0.07460249487224113,-0.012162796357397017,0.9635306824079312,-0.25670052240327146
robot3,938,1722894678625328578,74.62079684154263,-39.61774347280406,44.528596672946456,-0.08025189655573385,-0.01659558503477694,0.9575440336330587,-0.2763940001343965
robot3,939,1722894679126828199,74.63570572077376,-39.27441007015901,43.77734274355231,-0.08422374549319334,-0.020943252789035086,0.9581593293507938,-0.2727607751047601
robot3,940,1722894679625931468,74.81299245335572,-39.07563712990425,43.02089805578472,-0.07996797167657063,-0.02130307790642647,0.9598924982232123,-0.26787626664646563
robot3,941,1722894680124986320,74.97724748129363,-38.859978225723786,42.35946996739711,-0.06791551615951752,-0.012682563658617607,0.9624501524623583,-0.2625192169518542
robot3,942,1722894680625874907,75.0930397286016,-38.627817673098285,41.79712839073139,-0.06589145036771508,-0.012138840528344885,0.961512112946088,-0.26646842585382563
robot3,943,1722894681135794918,75.16552902060988,-38.43376479238701,41.15637182831051,-0.07023668928224161,-0.01255086144467585,0.9561425139994199,-0.2840788205384828
robot3,944,1722894681624771762,75.27687857297462,-38.20814522895277,40.520047999226506,-0.0721131457332673,-0.006918143378842649,0.9389098416699523,-0.3364522889206544
robot3,945,1722894682127558561,75.49631163666147,-37.990786632312364,39.763169868076396,-0.07560862953994894,0.003723648276082225,0.8840162914463771,-0.46128588320043
robot3,946,1722894682626162488,75.90804538059457,-38.030917828978566,39.19028326890833,-0.07514179574129337,0.011422168559756028,0.8464092878008143,-0.5270811722331623
robot3,947,1722894683132202257,76.38597466340536,-38.07827226941665,38.66443118081017,-0.07478465267050048,0.016559233242770716,0.7948184521194108,-0.6019939166552001
robot3,948,1722894683623924290,76.72127552337601,-38.08459345351391,38.0897215982171,-0.07749650669455593,0.02778832546707981,0.7122432525908682,-0.6970879783475377
robot3,949,1722894684125412552,77.24647944356997,-38.16316605919647,37.68574972491883,0.07684322436363779,-0.04103694876274824,-0.6116211089149076,0.7863400707297968
robot3,950,1722894684626313882,77.84742790084877,-38.35360770728369,37.68863781948956,0.06753566722841088,-0.06655016390667096,-0.4997824397412305,0.8609457138881126
robot3,951,1722894685127713529,78.30374138812174,-38.7199877701615,38.0130616883919,0.05957538454325988,-0.07261983975432296,-0.4017081230894912,0.9109378223976087
robot3,952,1722894685625912007,78.62356747848611,-39.04874370035902,38.32914586320467,0.061969777736422496,-0.07143297700966113,-0.33668666032309646,0.936856002384206
robot3,953,1722894686123673232,79.09597766294257,-39.244114497411736,38.36155120536352,0.06017659864280292,-0.07461152023778694,-0.3267031019045774,0.9402536791895667
robot3,954,1722894686626088202,79.59858945697587,-39.644927083728675,38.42727770470446,0.06217687820722529,-0.07227362579640785,-0.3175699536282535,0.9434298508014222
robot3,955,1722894687127497932,80.0330292472292,-40.1723497285893,38.571134768981146,0.06158448011140868,-0.07328834554114066,-0.33111199078041703,0.9387230793895924
robot3,956,1722894687626709035,80.7420265101885,-40.76214042050826,38.516866180930364,0.06152573275815416,-0.07318110826640611,-0.3511842872799152,0.931412210554044
robot3,957,1722894688126369821,81.01527963184117,-41.04905567555571,38.88720950121835,0.06170008568350609,-0.0774876009403274,-0.40851751317663293,0.9073600236703951
robot3,958,1722894688631481357,81.44018593254727,-41.574022228836114,39.1704640670753,0.06482204265599101,-0.07303073750025689,-0.40437340808824623,0.9093661314328625
robot3,959,1722894689126651451,82.03261397778577,-42.156556540348134,39.28857315113191,0.06496154580039175,-0.07635623372238942,-0.385209441800647,0.9173676520820807
robot3,960,1722894689623956870,82.78711439651939,-42.5648697559204,39.36226632351833,0.06493041054644856,-0.07672009434203397,-0.32957760386757223,0.938763373773886
robot3,961,1722894690133022487,83.56498823874777,-43.00539296060795,39.38978729622954,0.05753354569886084,-0.07967961815501393,-0.2102057905160187,0.9727047728902763
robot3,962,1722894690627354708,84.10010250841056,-43.614334524430795,39.8042050267884,0.04579687067758198,-0.08280594610624531,-0.08564064058349061,0.9918223140291006
robot3,963,1722894691127571257,84.18024232295333,-43.92073856388512,40.198039082225414,0.03307196925495788,-0.09558808946220897,0.008581852341340353,0.9948344152736953
robot3,964,1722894691627258242,84.35586993599831,-44.11592883475527,40.36740222147878,0.03321886197430792,-0.09805230062414708,0.09173573678449153,0.9903872011228994
robot3,965,1722894692129062304,84.8614940074497,-44.214952947537704,40.438670655349,0.04593247867747861,-0.09468128766783797,0.13096481762551612,0.9857859188040873
robot3,966,1722894692627961151,85.26095243791391,-44.49014439162489,40.58198776878047,0.04013300501340768,-0.09142196972747334,0.1578628972643888,0.9824004636740742
robot3,967,1722894693126422908,85.6407006253912,-44.764726544532245,40.80583124815964,0.04370895633965978,-0.10383915353994168,0.21046138351329002,0.9710885455907088
robot3,968,1722894693625110531,86.0766300920718,-45.197156663407185,41.072246889396354,0.04202584634349975,-0.10065625801734045,0.2728970768693526,0.9558395950143632
robot3,969,1722894694126682283,86.48230943855332,-45.6478059068389,41.30919479508192,0.02509855815981567,-0.09592993546455844,0.32258016929067646,0.9413339175024251
robot3,970,1722894694625629233,86.84182870424102,-46.13626847628622,41.52912186662483,0.01854950501928185,-0.11541368782724414,0.3237739193292352,0.9388855338580102
robot3,971,1722894695126976045,87.2176142016704,-46.52060018111446,41.84240113963199,0.016384171090993965,-0.10748874720752491,0.3184468216020749,0.9416843154544702
robot3,972,1722894695626242544,87.47594599015147,-46.96260618583187,42.156011226869296,0.021441378797161872,-0.11066414153999216,0.30118739348358736,0.9468790150061708
robot3,973,1722894696127706862,87.87213196912188,-47.36264345157885,42.44683939241795,0.02431462759004905,-0.10923333386782529,0.2917158856976256,0.9499361661127168
robot3,974,1722894696625003610,88.31643269931263,-47.796783057363434,42.6766036047792,0.02097930134862225,-0.09869541738190159,0.2902687730607874,0.9516108043147266
robot3,975,1722894697128078773,88.81148801913123,-48.26612440987928,42.98148511966139,0.016257826494750705,-0.10866363800576667,0.298914711675568,0.947933485006691
robot3,976,1722894697631857541,89.24207387030847,-48.66481971086193,43.26383052534157,0.017267936536063108,-0.10388296127161606,0.29864218126893755,0.9485372930423756
robot3,977,1722894698126301838,89.614775411613,-49.044950930935336,43.51454391708212,0.017610002601730998,-0.10521303444721308,0.2989568778442063,0.948285236825092
robot3,978,1722894698628879692,90.07471904155788,-49.396339548977565,43.75246179049472,0.024553366755578204,-0.10791376344024418,0.2992813792874007,0.9477248587290301
robot3,979,1722894699125143292,90.6262853139954,-49.81884267779566,44.1024625680207,0.02618845138995781,-0.11052659244901158,0.30303133358404577,0.9461871105873725
robot3,980,1722894699626226692,91.09010783684062,-50.23967179298399,44.45672084528556,0.02270155924034874,-0.10670854117062833,0.3145415216401739,0.9429536349225116
robot3,981,1722894700126767011,91.54626674659022,-50.69246818366488,44.75827301575781,0.025172671037881306,-0.11401312862339956,0.31516583221669553,0.941826863779899
robot3,982,1722894700627024336,92.1462158853771,-51.0890717207094,45.052583480712926,0.015464495269793061,-0.11641245560431782,0.3107131425222406,0.9432212532752732
robot3,983,1722894701125740775,92.61597732916321,-51.525906238150675,45.3054124272098,0.021764489322676987,-0.11546070048695571,0.3058202232358096,0.9448116874317254
robot3,984,1722894701627155121,93.1367803030003,-51.96100072469289,45.537984082786735,0.025821645194951375,-0.11529913254777606,0.31112703598598224,0.942994867510812
robot3,985,1722894702126620463,93.64931271276302,-52.375692035618655,45.87113374454756,0.026418317417039327,-0.10928780961862428,0.3107185926550264,0.9438284819563858
robot3,986,1722894702627752141,94.13545468031293,-52.84782979003997,46.18179027415234,0.03721910202542961,-0.11090258236574647,0.30216932896403315,0.9460491806996374
robot3,987,1722894703124340269,94.65039270897827,-53.35261355409719,46.521003320055534,0.032327655993695185,-0.10688678374635455,0.30809055187950074,0.9447805829719924
robot3,988,1722894703627855775,95.20241389028905,-53.861627614440934,46.79763068135223,0.03604555340399655,-0.1101835675248965,0.3062072072575883,0.9448795932555611
robot3,989,1722894704125100864,95.69520183916062,-54.37502107734339,47.06174899643577,0.04446835865189274,-0.0991748788393396,0.31130006345954647,0.9440758332761681
robot3,990,1722894704627430495,96.06789409066684,-54.85111891629611,47.425027066651396,0.038657237483144306,-0.10700302956994193,0.32885483539485705,0.937502249005541
robot3,991,1722894705127762332,96.55841098044385,-55.32712222195698,47.785191534371364,0.03144739220901857,-0.1128086110457709,0.3266561625307829,0.9378598137663428
robot3,992,1722894705626351271,97.18895417726658,-55.77387398036301,48.074984880464825,0.0382393629682731,-0.10804214560595325,0.2960062770284433,0.9482852576373858
robot3,993,1722894706123971373,97.9144803335564,-55.918749602460046,48.60539438129447,0.03694830427300633,-0.10970998200193922,0.30800754819744913,0.9443145095326447
robot3,994,1722894706629267673,98.40281489687489,-56.36127396786828,48.92402661211697,0.03644515996938345,-0.12000050166945678,0.30286939028860504,0.9447442841002497
robot3,995,1722894707126499938,98.88675762831843,-56.873465728688515,49.31413497879297,0.03061023612586185,-0.11837112051237082,0.3141261744471995,0.9414754578851923
robot3,996,1722894707629132704,99.4615582829815,-57.405525727223335,49.680611799515404,0.030747232170755427,-0.11352656366146115,0.3101598518578989,0.943380725557049
robot3,997,1722894708124766547,100.08501687401913,-57.97963553190492,50.03199813294555,0.0353481085029857,-0.11570297467210898,0.3037369696413844,0.9450434837351958
robot3,998,1722894708625123258,100.71339096613136,-58.57944967681544,50.335134124940595,0.0299178766095621,-0.10784001538741735,0.2884416929825112,0.9509347198886995
robot3,999,1722894709124767799,101.22498888248317,-59.17040944258253,50.63908225017684,0.03546858807702944,-0.10834477875460673,0.27839650290383644,0.9536764521300457
robot3,1000,1722894709624008636,101.80853007626473,-59.71820226865111,50.982315668428,0.041892785462354906,-0.09817520159708622,0.2714216615019101,0.9565233431470029
robot3,1001,1722894710125070302,102.39218049761732,-60.192900739269795,51.37410213067677,0.02569486130541034,-0.11113874803948051,0.3126417426282785,0.9429968682625971
robot3,1002,1722894710625415518,102.96623950015527,-60.62531056994798,51.69660230847237,0.020493151963768046,-0.12245447418137488,0.3220628456391496,0.9385416644637393
robot3,1003,1722894711128597633,103.50539996794522,-61.07998419455489,51.95371465474675,0.018476332809400108,-0.11119868567117072,0.32062452510324685,0.9404750880981579
robot3,1004,1722894711625737044,104.01385235665339,-61.61877139178075,52.25952434695042,0.018144046107482145,-0.10541263528108934,0.32871914256842344,0.9383510511653014
robot3,1005,1722894712124638828,104.3137543052407,-62.01468645813736,52.69401691177163,0.01726229242074114,-0.10720570070069371,0.3710962462539388,0.9222236859969983
robot3,1006,1722894712626087063,104.3576705194275,-62.24515550465248,53.15379100778002,0.012416429167969223,-0.12180973085447021,0.5036287606656459,0.8551995633688455
robot3,1007,1722894713127638803,104.29226669469085,-62.391010464041855,53.44432793315342,0.007298944473850528,-0.12538181723584474,0.5864028875692373,0.8002235804865196
robot3,1008,1722894713626191701,104.13862553551334,-62.50526818595598,53.81166718370082,-0.020520989309164225,-0.10601896606083346,0.7046377054680762,0.7013020546568002
robot3,1009,1722894714129272044,103.92516345089042,-62.45594199933173,54.159825445244834,-0.03812978884157347,-0.09664472840209118,0.8105213606093046,0.5764208876081997
robot3,1010,1722894714625751537,103.77529904884865,-62.284481415927665,54.4945072777597,-0.05538399831210361,-0.08693099637324768,0.8893515400440355,0.44545420956796633
robot3,1011,1722894715124926537,103.2832475441984,-62.141297135345056,54.72557278731133,-0.07468158009337698,-0.0728588111439828,0.9565155105101494,0.272382696563035
robot3,1012,1722894715627483837,102.79454414586162,-61.92034979037462,54.799630084759826,-0.07709987515862095,-0.061006117765084696,0.9846040457354223,0.14452936022551333
robot3,1013,1722894716124640675,102.20856071182784,-61.64726684057866,54.986770488026465,-0.08501309358219068,-0.05715572164460925,0.9909190601436608,0.08709428021904474
robot3,1014,1722894716633259856,101.3258285543196,-61.21958645097113,55.15549664764212,-0.09195460371130457,-0.051710323979560505,0.994255409523702,0.01807135531943913
robot3,1015,1722894717127884772,100.47373949029294,-60.75901430236267,55.38169331934902,-0.087630480384158,-0.04985314073358518,0.9947747983895039,0.016083026946466534
robot3,1016,1722894717624923725,99.65787229838827,-60.285746868852726,55.45932802011372,-0.09226221346832124,-0.04431950870430882,0.9941328066488415,-0.03497753362705683
robot3,1017,1722894718128619660,98.94830378452922,-59.77981994790194,55.44202992260993,-0.08736485592828215,-0.03874665932240087,0.9917478062127708,-0.0854538893915355
robot3,1018,1722894718626584084,98.22182481153527,-59.20870926403634,55.4178749946287,-0.09343145732878312,-0.0386888014605035,0.99140708295781,-0.08298033070586922
robot3,1019,1722894719127959690,97.5596087451453,-58.73810375467183,55.42645455400019,-0.09484238717276322,-0.03739587952250329,0.9914907923575113,-0.08094738081238119
robot3,1020,1722894719626577663,96.94164166716203,-58.36232703089483,55.351239638359345,-0.090174178616115,-0.03699330807119328,0.9916489595443663,-0.0844538554681455
robot3,1021,1722894720130542537,96.21200276680135,-57.95109315572631,55.30750666530617,-0.08519469553548631,-0.039002722105845954,0.9920716355735197,-0.0837527397249282
robot3,1022,1722894720629202020,95.32042753772868,-57.36416511567767,55.403788604964824,-0.09714041408165648,-0.04105071403989561,0.9912619211318972,-0.07923624513288924
robot3,1023,1722894721128050258,94.52956459297468,-56.86524206212503,55.429050838852305,-0.09523644630908094,-0.03781328034485009,0.9918535980991353,-0.07567440162814745
robot3,1024,1722894721627306857,93.71971417525894,-56.37493627471034,55.427599783689146,-0.09192368369777915,-0.03961753131884063,0.9923459055610091,-0.07231937018484087
robot3,1025,1722894722124843677,92.9758004970154,-55.80393543628542,55.478881573188715,-0.08614407906473655,-0.038801776780465654,0.9931475698673098,-0.06878607582515818
robot3,1026,1722894722626377140,92.15228459128309,-55.25097285202279,55.552442480852406,-0.08556286197524023,-0.03945897977753476,0.9934700679551379,-0.06433668970918278
robot3,1027,1722894723124486846,91.3235528837172,-54.67452890552671,55.643879646307376,-0.0938269676118333,-0.03984447818729349,0.9930598490267688,-0.058660497421020745
robot3,1028,1722894723627850133,90.49295759494136,-54.06481836612759,55.64591239747313,-0.08794420102352063,-0.037363079559194046,0.9939214945672156,-0.05467979909857431
robot3,1029,1722894724125803046,89.60291546777447,-53.54178456189635,55.703959255448446,-0.0883582119835844,-0.03590950917490545,0.9941390578218195,-0.05090056226630575
robot3,1030,1722894724628845330,88.74598689710994,-53.02698479698865,55.70733253385809,-0.08985985128340836,-0.03574306726646852,0.9943188484841852,-0.04447097726374177
robot3,1031,1722894725126304527,87.97361675665721,-52.52711108675999,55.821667652218416,-0.09011765448309139,-0.04249027582202657,0.9950235486431179,0.001233878718033589
robot3,1032,1722894725626247944,87.18532533369122,-52.12222933966517,55.927350921138974,-0.08681589202636893,-0.041545046902745485,0.9951309349040892,0.02124693781296081
robot3,1033,1722894726125450659,86.35742515809419,-51.68408582851064,56.12018624594981,-0.08681131583294673,-0.041989337839995526,0.9946089938748832,0.03812663444763362
robot3,1034,1722894726628283505,85.62172331695577,-51.27580526302232,56.30361824597424,-0.08227660250980422,-0.036510926656155955,0.995695246280231,0.02210179741791729
robot3,1035,1722894727128379502,84.87566760114542,-50.78843216065837,56.41204732050011,-0.08536555980896725,-0.03802060913064907,0.9953343801722038,0.02401304077061141
robot3,1036,1722894727625835464,84.12346842465911,-50.33664226394246,56.64334623710758,-0.0862298679484815,-0.03798896382200907,0.9952235432465429,0.0255215099301324
robot3,1037,1722894728126343567,83.45109820793448,-49.957252364841786,56.866216437363015,-0.09058783512163451,-0.03416062198331568,0.9948055763748431,0.03144457420930613
robot3,1038,1722894728626297016,82.80937674296104,-49.50303947585217,57.01522527249894,-0.07865431249872076,-0.035465998520050245,0.9955113644622571,0.03889454075862708
robot3,1039,1722894729128101749,82.07388911866657,-49.0237067669362,57.144674519110204,-0.0871805613529234,-0.03927348273412142,0.9942854486667903,0.047471990116291746
robot3,1040,1722894729629926929,81.30486686922396,-48.60029144816104,57.313640769307966,-0.08346830709879272,-0.035324488043921506,0.9943469673745011,0.055311217014537534
robot3,1041,1722894730129965342,80.49972891302276,-48.222270533342744,57.43918482278191,-0.08419395946949115,-0.03262801224231937,0.99372633307877,0.06599064291084265
robot3,1042,1722894730627032485,79.6649675348383,-47.728222215715256,57.66194794650724,-0.08124852210738037,-0.03557735585806686,0.9931816922721777,0.07565087931338561
robot3,1043,1722894731124245121,78.92898225555187,-47.23047494822098,57.726387000624726,-0.08073095720532684,-0.03648050194416168,0.9923523495216936,0.08595638385476788
robot3,1044,1722894731626297845,78.26055031848762,-46.81247513107778,57.872596591491444,-0.08201165801908404,-0.034755345408344254,0.9921891090193647,0.08733227271671529
robot3,1045,1722894732124545952,77.63861610138457,-46.499112892254466,58.021047119016046,-0.07816426395173574,-0.034143149986760254,0.9920281781863722,0.09276145122890286
robot3,1046,1722894732626458652,76.98808492507618,-46.15950566189924,58.343655284070586,-0.08134581119706817,-0.031032957792189432,0.9919544967959119,0.09190261594605748
robot3,1047,1722894733127506670,76.33807363125518,-45.638897685408956,58.66408606302779,-0.08503180747631947,-0.030885649723853728,0.9901369223700259,0.1069791723563933
robot3,1048,1722894733624431375,75.72192917696043,-45.33811307147975,58.981291750335906,-0.07463420401147822,-0.04277169737474403,0.9725486838961847,0.21621603767310002
robot3,1049,1722894734128643335,75.26697939404622,-45.3091253205759,59.47192171436066,-0.0559152303777864,-0.054883710796669045,0.9274189796689685,0.3657257188806335
robot3,1050,1722894734628511147,74.89175130764977,-45.190975907052554,60.0149394152354,-0.0483745848641751,-0.06250158235679451,0.8790046813351934,0.47021720718507365
robot3,1051,1722894735131943180,74.63217336156295,-45.12843858350953,60.4001732123909,-0.040288453173098676,-0.07082931707949798,0.8231053672278252,0.5620121020260309
robot3,1052,1722894735625160850,74.55634404411366,-45.08407845339109,60.585301220194246,-0.02835400366672571,-0.07527509735700741,0.7543626084802884,0.6515111396751213
robot3,1053,1722894736128117400,74.54999279488699,-45.260679237001646,60.84785551182189,-0.018388678507916284,-0.0754451178291194,0.6568583711566892,0.7500046472788444
robot3,1054,1722894736625142433,74.62391446431876,-45.51110270890408,61.146379012499224,-0.008837489893497115,-0.0820032228136098,0.5533188932272662,0.8288760900269214
robot3,1055,1722894737125084548,74.75514825184484,-45.814491542550776,61.66383569487916,-0.006438085349566054,-0.08150835848449305,0.4780125857355711,0.8745392537974429
robot3,1056,1722894737627903082,74.91034211128016,-46.24775886072634,62.23239800733024,-0.005032043295313581,-0.07841288792678153,0.4668663021059904,0.8808302637314036
robot3,1057,1722894738132646437,75.01770735532719,-46.54107594030942,62.832614669757234,-0.0023373222380058054,-0.07916613470812953,0.4632396204867346,0.8826869853189385
robot3,1058,1722894738626414131,74.88289191369523,-46.65204885740701,63.529326272788666,-0.006043353993559936,-0.08025592796672634,0.4801961564650335,0.8734609981074811
robot3,1059,1722894739125175464,74.78494082063135,-46.909360273449586,64.17614986603863,-0.012012040450468157,-0.07624980071963633,0.5020352105840347,0.8613955688928728
robot3,1060,1722894739628297027,74.83780122191074,-47.26746095124816,64.87211294054562,-0.015857112457657415,-0.07605128688992689,0.5241815239926039,0.8480557078704691
robot3,1061,1722894740127173516,74.84635969626008,-47.57640896101168,65.51119710496215,-0.015555277397004911,-0.07270406778357254,0.5556764988465572,0.8280674975522563
robot3,1062,1722894740629371167,74.80851804251262,-47.81770244876923,66.15336449441952,-0.012922257188993121,-0.07194934235855394,0.5549828584183295,0.828643671468704
robot3,1063,1722894741126794377,74.66027160924214,-47.92679033788031,66.81399122896767,-0.01286306196328984,-0.07433639650550866,0.5935762321933301,0.801233984780148
robot3,1064,1722894741626760880,74.52766798311723,-48.04146355895681,67.46217265866285,-0.019931774059065835,-0.0674016183717203,0.6108868951779476,0.7885917495913705
robot3,1065,1722894742126053782,74.42604337760261,-48.200221696318216,68.09191056383955,-0.018220263962191455,-0.07189396741859343,0.6176656685972363,0.782935758071051
robot3,1066,1722894742628257520,74.28234213500662,-48.31843130726442,68.66237244203444,-0.02219985338443119,-0.06705433394347014,0.6142779088323338,0.785922091259485
robot3,1067,1722894743125654940,74.0831472439783,-48.46863815433726,69.28236097082707,-0.018999438485917532,-0.07705388352369408,0.6092369076196078,0.7890070410111903
robot3,1068,1722894743627717675,73.96150591045851,-48.61477989599777,69.90361033728922,-0.018241800772373303,-0.07418752798843213,0.6052148388747343,0.7923878130065961
robot3,1069,1722894744128413115,73.7559962124152,-48.75252291054703,70.44520932820375,-0.013130080474137417,-0.08301249364136104,0.5957965744382465,0.7987258408076181
robot3,1070,1722894744627516142,73.58271357026247,-48.91664018334986,70.99859515168487,-0.00950320889004764,-0.08852271645633471,0.5816332361410341,0.8085642808757332
robot3,1071,1722894745127698570,73.50106293021963,-49.06601036215692,71.45352340396333,-0.013063471017917513,-0.07843603729636153,0.5689186188720355,0.8185406152897626
robot3,1072,1722894745633318192,73.43509956305526,-49.21664543885231,71.94448090973027,-0.008060057897264385,-0.07714401027364932,0.5590004022540492,0.8255315786966619
robot3,1073,1722894746127912936,73.4490957682979,-49.42738458387274,72.51445143900136,-0.008125322354411603,-0.07211361385833984,0.5521240631274209,0.830597751470948
robot3,1074,1722894746623652886,73.37191304574678,-49.67405748833012,73.06539600828621,-0.007927495409713095,-0.07657276093846106,0.5459643747563027,0.8342641479745787
robot3,1075,1722894747126669456,73.24418934444272,-49.836330097934805,73.55541173190753,-0.004390448829198284,-0.08587932790170878,0.5388037315682039,0.8380310279735518
robot3,1076,1722894747625591801,73.27721286893858,-50.02558562020342,74.15473028711045,-0.017080189362026623,-0.06124977541454038,0.5313850963563533,0.8447405587003471
robot3,1077,1722894748127753633,73.412747177497,-50.342368761785345,74.84266640157418,-0.013666395073013262,-0.07158750885633737,0.5260354024801799,0.8473341805680727
robot3,1078,1722894748628106987,73.31698590921026,-50.56319829023983,75.51410596702961,-0.012939316015050495,-0.07254427941111574,0.5322157232140194,0.8433957111519852
robot3,1079,1722894749127982247,73.0983226545863,-50.71966702991598,76.13353395630116,-0.0037606523185102912,-0.08430015145193043,0.5329446334058299,0.8419319210501799
robot3,1080,1722894749624932388,72.91283961948889,-50.87771386495591,76.71227575150702,-0.0029626073408522205,-0.08145068043276274,0.539929984339938,0.8377545115518377
robot3,1081,1722894750125815151,72.91669328273599,-51.17554759742616,77.36509644905327,-0.0023004654802224697,-0.0773263025687539,0.543805743800688,0.8356378783893178
robot3,1082,1722894750625329767,72.91250822249226,-51.42543987789581,77.98252313936935,-0.0007880966226181072,-0.0723770583220827,0.540386530496049,0.8382978814185313
robot3,1083,1722894751124861574,72.85890897160871,-51.59876375647801,78.59405411447845,0.0008434123682927146,-0.07543518176150835,0.5340570078569934,0.8420759670997744
robot3,1084,1722894751628211709,72.82024127371487,-51.76793685690384,79.24244110150975,0.0010962747183235737,-0.07057343609381445,0.5303889954042035,0.8448110450590558
robot3,1085,1722894752125502403,72.77307934866609,-51.9838428328964,79.87760327407412,0.002031627059786856,-0.07250033114764948,0.52571828621957,0.8475611234650452
robot3,1086,1722894752626338875,72.76210238509265,-52.22946849428814,80.49584892810336,-0.001143227718862969,-0.06981789602506272,0.5203505434355671,0.8510931008834031
robot3,1087,1722894753123860647,72.74989522647027,-52.43717505094323,81.11980018320473,0.0014146210877432576,-0.07296834150981553,0.5278961504814536,0.8461674032313863
robot3,1088,1722894753628052642,72.69001536247454,-52.62717074202104,81.7008131485651,0.004418307343090785,-0.07224634773333115,0.5212449768191952,0.8503320633377135
robot3,1089,1722894754124487140,72.56304607755703,-52.73901378635579,82.32721140384744,0.001445292104992252,-0.07288211344976114,0.5244332520969169,0.848325334270337
robot3,1090,1722894754625736519,72.44965878959187,-52.89503690399348,82.99898321177831,-0.00374350288004202,-0.07203930382577042,0.5613804045040234,0.8244078883231192
robot3,1091,1722894755125434444,72.31357642622355,-53.14549427266872,83.71183960347105,-0.004626184574113997,-0.07481162871083859,0.5920212061334942,0.8024292555198624
robot3,1092,1722894755628766511,72.10451971737717,-53.25924445955232,84.37525895864134,-0.00723458071582879,-0.0710616265006954,0.6157169892883703,0.784723196536592
robot3,1093,1722894756125775395,71.89365200580721,-53.34294278143429,84.93063500402654,-0.010837136436608906,-0.07367057485706262,0.6188607776743025,0.7819632604735607
robot3,1094,1722894756625115784,71.6999687644655,-53.45153162019964,85.501817766483,-0.008478271108618101,-0.08009110369950535,0.6323804558542678,0.7704599230853948
robot3,1095,1722894757127030679,71.5414952758385,-53.580512073985176,86.09514659243817,-0.012783181695998496,-0.08133901646640895,0.63220478192686,0.7704139590991428
robot3,1096,1722894757625530239,71.36465111652979,-53.78271413975557,86.75997673589384,-0.0073627470225488155,-0.07790661677748019,0.6276521545169852,0.7745509163048968
robot3,1097,1722894758126957198,71.16070801597891,-53.842265880797974,87.40251384668277,-0.01321008009042973,-0.06960075492520697,0.6247775204044417,0.7775823292070898
robot3,1098,1722894758626676397,70.87409284362789,-53.92717574079591,88.06085983328647,-0.015649081407120163,-0.07515040356863581,0.6183542916810004,0.78214160677864
robot3,1099,1722894759126887708,70.71056637118967,-54.17977655789824,88.81454197623209,-0.015138707122471489,-0.07506338775076565,0.604437148127161,0.7929640857756062
robot3,1100,1722894759625371777,70.43517228232758,-54.33526010157175,89.46114983649916,-0.012001411844142574,-0.07937148343061452,0.5764263982430881,0.8131966189921548
robot3,1101,1722894760127181219,70.157983595517,-54.48528157368768,90.07345029490999,-0.010426639328826827,-0.08171149069935515,0.5658839491022771,0.8203596001927492
robot3,1102,1722894760625815747,69.94425824128095,-54.62046329888522,90.83069567620973,-0.011418359637025057,-0.07993812966528574,0.587505001953461,0.8051815876983771
robot3,1103,1722894761130618319,69.79659226142815,-54.74886779194969,91.56160818569994,-0.017052952323409514,-0.07096439616353604,0.582081469239156,0.809848389800576
robot3,1104,1722894761627087533,69.68411986956319,-54.88809125434565,92.2122215377991,-0.010241031690974258,-0.06767460461273515,0.5776161082214808,0.8134340174122822
robot3,1105,1722894762124587612,69.58335747219137,-55.055913627880834,92.85470958626995,-0.009748243763639114,-0.06407591079627041,0.5716909806110606,0.8179050507773608
robot3,1106,1722894762627931879,69.41935843046598,-55.2260940335825,93.47534659240364,-0.0045454619679366195,-0.06764830833754644,0.5637763704721565,0.8231398722281701
robot3,1107,1722894763124612669,69.31065480693499,-55.372019234875786,94.07580634784789,-0.0018849730907415146,-0.06331046478109478,0.5489114190323601,0.8334773458118282
robot3,1108,1722894763624504524,69.21660727454733,-55.574933910427575,94.67134754958167,-0.0037451135646794447,-0.06434555393822941,0.5293963045142757,0.845922677659961
robot3,1109,1722894764125040804,69.04780835747587,-55.61062148451465,95.16380175509457,-0.0017433030875700017,-0.06668689201980631,0.5169671441831626,0.853401893109096
robot3,1110,1722894764629230028,69.01090133994519,-55.749226954554196,95.71021834707926,0.0008306870853835209,-0.06647801722510002,0.5057552632008617,0.8601113863502869
robot3,1111,1722894765127660802,69.14120729805467,-56.085803794975014,96.30297879907607,0.002888561222919544,-0.06308934276537817,0.4938246196916144,0.8672650321729377
robot3,1112,1722894765627336918,69.14517380929276,-56.313645635697185,96.92901567111518,0.003814200836866593,-0.06711029659634724,0.4915833757640815,0.8682323678803481
robot3,1113,1722894766126732085,68.96438072225487,-56.486155076551526,97.55057333582991,-0.0005111963046221246,-0.06362676915810966,0.4927173045026507,0.8678600294796857
robot3,1114,1722894766627291703,68.70028419999008,-56.78932385446147,98.13645015017828,0.001451341800724181,-0.06487105493558434,0.49204173340400975,0.8681500863487253
robot3,1115,1722894767127183181,68.63838180468126,-57.09630700174325,98.7035198831816,-0.0017424478527949259,-0.05623057108870072,0.49008352598960137,0.8698581633255611
robot3,1116,1722894767627113862,68.57121993102508,-57.351552439106946,99.27965429097118,-0.0013606958264720183,-0.059993440832197535,0.4929792223042918,0.8679691365136419
robot3,1117,1722894768124685422,68.5750944927917,-57.57684558769385,100.00677227540356,0.00028341990380547147,-0.0595608562950947,0.49247778462440217,0.8682845476697107
robot3,1118,1722894768625345782,68.55463533542161,-57.876270688088205,100.72435909894656,0.0004297760083901888,-0.06267967808919765,0.4997793774866288,0.8638817321174785
robot3,1119,1722894769127767871,68.48633863196271,-58.09186921194865,101.45244864024508,0.004006265688707554,-0.06804374372508654,0.4979541676032065,0.8645204715573276
robot3,1120,1722894769628523606,68.41093112022381,-58.32381859360317,102.10537911998753,0.003683878071938251,-0.065977182245392,0.49478965469365804,0.8664967617212658
robot3,1121,1722894770125529036,68.32512970449712,-58.528164416694814,102.72347208494445,0.007292481551745726,-0.06896729356996618,0.49285443032660614,0.8673435551371141
robot3,1122,1722894770626670779,68.19946969541894,-58.76903118654914,103.33477060546808,0.006606860594783589,-0.06490596800140849,0.5063388304091024,0.8598631016218938
robot3,1123,1722894771128348890,68.31837712559165,-59.06368814056422,104.07468777639765,0.005080912337455388,-0.06383288639086857,0.5094831459485977,0.8580946748110895
robot3,1124,1722894771628022071,68.36291033286113,-59.31020802283203,104.7585983195071,0.002895925853512266,-0.06317652897204175,0.5090532368579207,0.858408493576904
robot3,1125,1722894772131808805,68.40798112589965,-59.45998261850861,105.46192396333288,0.005131187446590761,-0.061845832934152224,0.5082240552973699,0.8589860729261941
robot3,1126,1722894772625653685,68.36556727791191,-59.73167277211132,106.21183152041901,0.005603583312171143,-0.06845663426426145,0.5060405174785648,0.8597704831810051
robot3,1127,1722894773125157797,68.27110108775763,-60.11603776557727,106.93207380339778,0.005716684745067419,-0.06923344828900113,0.5037558695580975,0.861048240831665
robot3,1128,1722894773627582039,68.05352387626733,-60.40766104650721,107.6331772638442,0.0012832135776523197,-0.06348251387666977,0.5001822815202183,0.8635890278645518
robot3,1129,1722894774128298646,67.80877948818808,-60.62023010535299,108.33966780424669,0.0018853307362502703,-0.06584566332316039,0.49710637531119145,0.8651855556899438
robot3,1130,1722894774624571678,67.69565048654181,-60.973789953319084,108.97944174923204,0.006412303594922704,-0.07009523020757003,0.4979288219694281,0.8643566563154886
robot3,1131,1722894775126018687,67.56393094924469,-61.283695525557654,109.70255626755386,0.0024256275709168933,-0.06405107103557012,0.510944621394594,0.8572206078355902
robot3,1132,1722894775629853017,67.51287748623324,-61.63350456508529,110.45131315636925,0.0035299129307151456,-0.06668906329500712,0.4985091242828279,0.8643082560975014
robot3,1133,1722894776124848452,67.40138833731143,-61.86073381196621,111.11911943712941,0.004955917270565093,-0.06607418393141032,0.4880923092940828,0.870273255196191
robot3,1134,1722894776635632781,67.26084831298765,-61.97089384251053,111.78925730076575,0.0038247711297809297,-0.06721059823604117,0.49162586424442734,0.8682005046165766
robot3,1135,1722894777123770057,67.16128020002924,-62.063058538261004,112.39140527388862,0.0021704469127100815,-0.06659192992158994,0.495436033875731,0.8660854117042976
robot3,1136,1722894777628371738,67.11724897136988,-62.23618171564011,113.03051532860715,0.002072422505210322,-0.06576401424806078,0.4952819889956142,0.8662370061775755
robot3,1137,1722894778127590121,67.11279519911852,-62.3896110506453,113.67920052253783,0.00029729836343384285,-0.0675716310846919,0.4938744406237157,0.8669036989105823
robot3,1138,1722894778629961957,67.07334858765013,-62.60053378704159,114.35138670217371,-0.0029598372253894748,-0.06293081397787749,0.49487581003511627,0.8666769205752329
robot3,1139,1722894779124897921,67.01109619853347,-62.8180773993274,115.04085617242634,-0.00215158260496402,-0.06442702868275978,0.4929036566070071,0.8676926379604972
robot3,1140,1722894779626181394,66.96693932317665,-63.01260605115878,115.69804858383378,0.0008497934937015727,-0.06694010485678765,0.49720405622186997,0.865047066169986
robot3,1141,1722894780127131089,66.95618914956988,-63.23562324501302,116.36244936878917,-0.00310061909782714,-0.06585999748819688,0.5059273027599299,0.8600525630530538
robot3,1142,1722894780627308566,66.9024818174503,-63.47674920664026,117.01020614365588,-0.0026104718702599197,-0.0655985204143221,0.5037083876990208,0.8613755741357652
robot3,1143,1722894781125310551,66.90249137420783,-63.75947159157011,117.70703528232757,-0.0042384014749580826,-0.0659515715949263,0.49931514298052376,0.8638962982600606
robot3,1144,1722894781628355730,66.87645952653538,-64.01866541883047,118.37820804192143,-0.005554783306825222,-0.06419272879352962,0.4956131073978866,0.8661501519528041
robot3,1145,1722894782124704756,66.83697735010428,-64.30047585831232,119.0267664234052,-0.0041554233459925325,-0.06876662837173832,0.49205514303761966,0.8678338662955177
robot3,1146,1722894782626189101,66.80714345336739,-64.53908122013432,119.66400933893027,-0.009943581235958102,-0.05059739174086533,0.48078912294872955,0.8753187124673028
robot3,1147,1722894783127665474,66.80603377294891,-64.73655271389299,120.29719087755505,-0.0015314575758855313,-0.05915888503656248,0.47159425013074446,0.8798276786976781
robot3,1148,1722894783627357690,66.82096939769549,-64.95728592265064,120.90237316504935,-0.005936407263301057,-0.04967180233240651,0.4621821553273814,0.8853728742280231
robot3,1149,1722894784128730114,66.73150154212537,-65.08342057151177,121.4512219738112,-0.003788439759197454,-0.05072806896324072,0.4597127769833659,0.8866095383096743
robot3,1150,1722894784627682936,66.72919289425282,-65.21003871329629,121.99806327790104,-0.008891687701350468,-0.04623331960263947,0.4622800778039305,0.8854832283640012
robot3,1151,1722894785129166453,66.79362213386312,-65.44952606481323,122.59176609168009,-0.0017774764229605044,-0.050558373441456465,0.47652647844757157,0.8777033706161076
robot3,1152,1722894785627840020,66.87442297028777,-65.68674990461955,123.21085366389488,0.003083029340684253,-0.05088884858019766,0.48482359155843163,0.8731247935367825
robot3,1153,1722894786126932755,67.00934590711357,-65.96150565883278,123.75967903299649,0.0005314952533394999,-0.05088741120398382,0.4366889298869879,0.8981720143758152
robot3,1154,1722894786624710680,67.03308277005026,-66.20411124916812,124.34727351023119,-0.0009795050947767195,-0.05175187595577135,0.4493129360422092,0.8918736846717461
robot3,1155,1722894787127273411,66.99167729824735,-66.39922649428438,124.94768860751005,0.0015456573773218508,-0.057258012530843595,0.4589770686660558,0.8865997864780955
robot3,1156,1722894787627343052,66.93533347064918,-66.64934350331511,125.59765797057072,-0.0013458540477113696,-0.05656930142778581,0.4588181313912107,0.8867265785570727
robot3,1157,1722894788125529508,66.94574195726537,-66.89403251326245,126.24982692995287,-0.0026739587807504974,-0.05797768459267716,0.45739465824683095,0.8873677730462018
robot3,1158,1722894788626218088,66.93961153983831,-67.06773022326749,126.81831149466674,-0.0047228895609202825,-0.056744089786712706,0.4560351799513262,0.8881383435226937
robot3,1159,1722894789124978304,66.9589123347034,-67.28276775802892,127.40219333695221,-0.0048633307563739625,-0.05905699228961254,0.4543415721140086,0.8888545187625644
robot3,1160,1722894789628643427,66.9947623743672,-67.54733029724667,127.99497304438972,-0.0025184018092994894,-0.05855040384928805,0.4521897555460231,0.8899943442745241
robot3,1161,1722894790125402589,67.19816695598234,-67.70311119133216,128.81947414851646,-0.002428626100468837,-0.056031535883296166,0.449449228385298,0.8915435827068037
robot3,1162,1722894790624822897,67.40257008138697,-67.87186479701073,129.63484139813076,0.000365850400265715,-0.059643906123099,0.4522037123157739,0.8899181272362624
robot3,1163,1722894791127170102,67.39805866732317,-68.04089851533527,130.3729621346303,-0.0020644400487319667,-0.05745727811500934,0.46396363732084733,0.8839865058488783
robot3,1164,1722894791632823145,67.28441422148411,-68.20544551570046,130.97804744354377,0.0017614147779239503,-0.05632497432522545,0.466266948102897,0.8828473977942356
robot3,1165,1722894792126407181,67.33351440465898,-68.47633979276064,131.62508210360738,0.0005012832232597339,-0.05432523895334121,0.465724402316721,0.8832606060583283
robot3,1166,1722894792625763914,67.22991693733513,-68.59024615068854,132.16053215629657,-0.00011913730507230766,-0.05617254332789123,0.4801382893685341,0.8753924001638561
robot3,1167,1722894793127028466,67.17280856671509,-68.78139202866663,132.711688165999,0.0003112218509330512,-0.05517953238856923,0.48536534519910296,0.8725683950419554
robot3,1168,1722894793624730334,67.24674314812836,-69.0790145028902,133.29597904962182,-0.0012481402074433897,-0.05877013010785628,0.48660774929557016,0.8716406440033804
robot3,1169,1722894794130162197,67.3425461498537,-69.41807379469421,134.01134120760176,-0.0031112489211735555,-0.0550416474692933,0.4844083170036769,0.8731032697176674
robot3,1170,1722894794627002284,67.36518062739333,-69.6736195121513,134.73564406070037,-0.004307133874599086,-0.053600663013944304,0.4805919875786845,0.8752940985734003
robot3,1171,1722894795127207865,67.21011027381661,-69.81190085544797,135.37657612598417,-0.0020965863192269774,-0.06140760766763357,0.47811510223371734,0.8761453412889816
robot3,1172,1722894795625276055,67.11658250543451,-69.99216337595199,136.01266050145642,-0.005287922586570634,-0.05710692346585704,0.47695567826548935,0.8770542275921657
robot3,1173,1722894796127913023,67.14492008781477,-70.26296400774334,136.68080788196045,-0.012153352324637837,-0.04072428315123031,0.4853060066419998,0.8733108889200265
robot3,1174,1722894796625048164,67.18624909321838,-70.5625894633145,137.42147700781007,0.003404322136125097,-0.055594926685172456,0.47982550088548054,0.8755941430923698
robot3,1175,1722894797125094989,67.0984481287328,-70.79434214383346,138.1752995165436,0.003845199128449894,-0.05372716751045899,0.49446806467755444,0.8675251805734514
robot3,1176,1722894797629365716,66.93310904656312,-71.0407414751353,138.8928820794712,0.0031830510484880357,-0.06141844643612845,0.49215230170713914,0.8683338957726805
robot3,1177,1722894798125972162,66.89541086791496,-71.31402300446766,139.61903043236904,-0.0021313785395813377,-0.05424191816333004,0.494843507990513,0.8672849440288508
robot3,1178,1722894798626938140,66.87823583876707,-71.56789091933662,140.33327904329718,-0.0024688639577675545,-0.04886365237610419,0.4963305838817863,0.8667538287719242
robot3,1179,1722894799128081388,66.90017071338873,-71.80497303427697,141.1053152516104,-0.0006927625975564717,-0.049136952506363664,0.4942634635581442,0.8679220636496561
robot3,1180,1722894799626034422,66.84494443319844,-72.01491760297364,141.7977284602431,-0.001689486428557793,-0.049320315009135765,0.49193809100522806,0.8692304451531476
robot3,1181,1722894800125584007,66.7501883449037,-72.2180432889067,142.53053623740308,-0.000892387256188573,-0.052912655777600216,0.5079905245380727,0.8597354718069274
robot3,1182,1722894800628815757,66.62225623664536,-72.43783607608556,143.26968480920593,-0.0037293482754729604,-0.049188189647912495,0.5246631640417517,0.849879508082351
robot3,1183,1722894801128010609,66.53609342373434,-72.66212606421647,143.9624049493685,-0.0005695937602807239,-0.04958018660799999,0.5230001605002772,0.8508891307188902
robot3,1184,1722894801628459299,66.45423213095906,-72.82632502242804,144.59209293129584,-0.0025582774447633384,-0.04632585620541806,0.5208888678985881,0.8523626913249299
robot3,1185,1722894802125960040,66.44521072584014,-72.98142683641414,145.25104385236625,0.001720108288526958,-0.05151703450305138,0.5190079464310017,0.8532137996568983
robot3,1186,1722894802624725627,66.48125810285369,-73.24274669893096,145.98316279879268,0.0025337948447481983,-0.05082481979800897,0.5170655796349619,0.8544317432849422
robot3,1187,1722894803127076728,66.38437080628533,-73.45310791794658,146.67543854602448,-0.0003148355240855819,-0.05118038464931472,0.5136161579953794,0.8564922132464523
robot3,1188,1722894803628815974,66.27482346343362,-73.65101364611468,147.39116235191133,-0.002566508314543683,-0.04622963519530443,0.51015911587498,0.8588328768476665
robot3,1189,1722894804125251078,66.15858146174763,-73.90172414350519,148.15121200251934,-0.002400192177469789,-0.047422198280708205,0.5057250143172556,0.8613870117906051
robot3,1190,1722894804628565074,66.08454665814766,-74.14529234952452,148.88853348255356,-0.0021610950110971965,-0.04475879577710698,0.5021859043247822,0.8635978794360468
robot3,1191,1722894805127155618,65.98189408562038,-74.30345238592174,149.5327537964133,0.00022123297410564738,-0.0428532470069623,0.49962408468004815,0.8651816712601784
robot3,1192,1722894805624362750,65.96881855590642,-74.45190712546739,150.1849818051395,0.001022900993427544,-0.04319278076741616,0.5057852058323347,0.8615768467898139
robot3,1193,1722894806125124942,65.86990055450056,-74.56382676171735,150.75353917301214,-0.0007444194872925586,-0.04245139242560981,0.5046790442299908,0.8622623657772944
robot3,1194,1722894806629579060,65.72090656455362,-74.59220625956402,151.14322154121268,0.0013153003235821855,-0.04234274141868273,0.5042622237860216,0.8625108532050976
robot3,1195,1722894807125565170,65.65013668417961,-74.62408899099869,151.4652045239859,0.0011944975180156775,-0.04163357080748435,0.5035312606561864,0.8629724726197756
robot3,1196,1722894807626263874,65.73608055170558,-74.75884219904685,151.76584197152,0.0028050479993441046,-0.04070426917181009,0.49574769750470793,0.8675076452664212
robot3,1197,1722894808124415167,65.82636416506595,-74.9054588952238,151.8770300214716,0.005160529726061737,-0.041972765499119026,0.44224716260366265,0.8958956987609171
robot3,1198,1722894808624164117,65.87221647917855,-74.96586520136495,151.95205386791355,0.007915084923749916,-0.044054104697575064,0.3981741100328666,0.9162172042640759
robot3,1199,1722894809127220189,66.18313843934037,-75.23794637698498,151.97305985265328,0.013098745482134832,-0.044496214650299105,0.25512200900394777,0.9657956669349776
robot3,1200,1722894809678690565,66.43250050920365,-75.46210675119656,151.89767769647818,0.01793922267241716,-0.04798359894564409,0.11526403746006783,0.9920130846871613
robot3,1201,1722894810126185082,66.59408577951861,-75.6040774041991,151.845076022143,0.021113800804967726,-0.04769250922213486,-0.006045981801370326,0.998620587652649
robot3,1202,1722894810628759144,66.79545235159087,-75.79042265622404,151.72079463330542,0.025508773786690763,-0.04394355877798655,-0.13349344964987522,0.9897463134573431
robot3,1203,1722894811124063621,67.17305558108266,-76.07824154903389,151.6858955276643,0.022928258527980267,-0.04569460262778822,-0.1431933472961284,0.9883733927730416
robot3,1204,1722894811626081473,67.76017189896169,-76.51445826659028,151.63529191337693,0.02112752986638278,-0.04653054136066224,-0.14232850201375086,0.9884994353650136
robot3,1205,1722894812125703349,68.39249615535464,-77.00925412984056,151.68133874157496,0.022603327479542766,-0.050954412707362604,-0.13216296223602916,0.989659380203865
robot3,1206,1722894812624964394,68.938841234158,-77.5924491441545,151.99754074771795,0.01790786709559135,-0.04971895584835484,-0.020831551592957624,0.9983853866036231
robot3,1207,1722894813125101655,69.3881509794804,-78.21764018958973,152.56521257387533,0.01154919765042598,-0.045385273120763334,0.07206815210089271,0.9962996409063629
robot3,1208,1722894813626302651,69.7554913087563,-78.75001656094413,153.16484495639622,0.0043322210018994604,-0.04369167879275122,0.1595113932388797,0.9862192375392266
robot3,1209,1722894814127336259,70.22966000051925,-79.25222570877116,153.66455679840072,0.00564510801033166,-0.04540886572668674,0.1591717598007548,0.9861898998422658
robot3,1210,1722894814627591723,70.73193274405202,-79.71106619431468,154.1129348896712,0.005361584007553773,-0.050176842273260726,0.1514601240640019,0.9871744368321799
robot3,1211,1722894815127991725,71.2559085430539,-80.18253199096489,154.36454871645788,-0.004995374558300053,-0.04705092361944012,0.0066098591903688015,0.9988581313585345
robot3,1212,1722894815625277223,71.51428845805056,-80.43579399413022,154.30387032211303,0.004630909143255929,-0.04312569585649672,-0.1514970587960408,0.9875056304718209
robot3,1213,1722894816125787984,71.63623319192884,-80.69655819793263,154.49889785954466,0.006205274139428823,-0.05065257057526335,-0.16843887381428307,0.9843902465258118
robot3,1214,1722894816627782533,72.1282702928084,-81.1511948912908,154.5469069751122,0.004774694313679136,-0.06142634188398519,-0.18504736641303896,0.9807963494021382
robot3,1215,1722894817124048367,72.63999908163588,-81.60220944374348,154.5003302853993,0.008105761222946048,-0.0457893161879217,-0.20300129101590228,0.978073673607421
robot3,1216,1722894817624805927,73.3032298614067,-82.00846564492062,154.44467598931402,0.01048173890631608,-0.039620269037311605,-0.24003683342961313,0.9698982864341988
robot3,1217,1722894818127637462,73.8916266107818,-82.37679120871861,154.414356416309,0.009643471968031928,-0.04377788832303048,-0.2499121222665381,0.9672302885490162
robot3,1218,1722894818628591822,74.47189935750555,-82.85831023097883,154.27731045033474,0.014467870935503816,-0.03944001367340185,-0.24045298737435403,0.9697512706332403
robot3,1219,1722894819126983868,75.01571157675541,-83.28855771422509,154.16515211331895,0.014746896489964582,-0.040017804471208264,-0.22259317960920225,0.9739781212946643
robot3,1220,1722894819627490873,75.70480707362869,-83.75613789208221,153.96481181463838,0.014055862666141387,-0.04636265373093328,-0.22178424796518764,0.9738915157337865
robot3,1221,1722894820123384112,76.22135631880352,-84.24464177834128,153.8252328823771,0.015618996767154596,-0.04340864335666369,-0.22201058565998097,0.9739522762829983
robot3,1222,1722894820681404344,76.8196820764167,-84.79888210125911,153.78774329855204,0.014813000398447436,-0.043486323451817806,-0.22011242304616593,0.974392136622923
robot3,1223,1722894821127202820,77.39077531605193,-85.23722048814803,153.6779343731556,0.014353058515810431,-0.04506321909974982,-0.2196554034416748,0.974430500207421
robot3,1224,1722894821625010068,78.09749527589385,-85.75919314137758,153.53437049741845,0.013652383873368383,-0.043138647276591745,-0.19964950319068359,0.9788221214303614
robot3,1225,1722894822124279079,78.8104157399417,-86.31757838892729,153.48702781274173,0.01314283142240174,-0.04044666267793046,-0.19602726160063091,0.9796757862526653
robot3,1226,1722894822625096929,79.41268517365762,-86.84588110264592,153.4343118469968,0.014562331967101704,-0.04218037093110582,-0.19357272925285618,0.9800705858688927
robot3,1227,1722894823125774506,80.00466845334056,-87.2956545239221,153.37587693432243,0.013591369598060397,-0.045121488700350466,-0.18864370533694955,0.980914307351391
robot3,1228,1722894823625324048,80.60689021543205,-87.78321791746352,153.29309608632724,0.015757039015276957,-0.0394823096941265,-0.18104503897929902,0.9825556252974548
robot3,1229,1722894824127537293,81.22907267273276,-88.30394752821609,153.15773046396714,0.01686548696303634,-0.039372503420862674,-0.17235166526268703,0.9841037876184873
robot3,1230,1722894824626421279,81.86445981600055,-88.83482734057836,153.06607542769694,0.013373678923250979,-0.03751867334918151,-0.16384014027765523,0.9856824551020341
robot3,1231,1722894825126683847,82.45896583025875,-89.25781000184287,153.1119556213479,0.01135675318034926,-0.040805248348525884,-0.12880292858970754,0.990765240332507
robot3,1232,1722894825625922028,83.08560258816986,-89.81481348468222,153.05972663359168,0.008129355165409559,-0.04181331880924999,-0.10691799823619458,0.9933549726094472
robot3,1233,1722894826124792691,83.69797461312962,-90.37531569132008,152.96486325140296,0.0037105327905466016,-0.04841234883317387,-0.10238632956998651,0.9935590148270266
robot3,1234,1722894826628568480,84.30805799524107,-90.85359089033048,152.94525526961175,0.00992816934416815,-0.03985221718980148,-0.11680850505369647,0.9923048953752325
robot3,1235,1722894827124354287,84.93594218321513,-91.31368071921081,152.91221723104294,0.010183422199276404,-0.03302098414124438,-0.09761553454008166,0.9946241098702107
robot3,1236,1722894827628939665,85.52136026360537,-91.78663444276056,152.91239634443372,0.006644445815052252,-0.04042851005667128,-0.08823797187408931,0.9952564730932203
robot3,1237,1722894828125630767,86.13453179650715,-92.22718318808926,152.84496631440922,0.006814821020929142,-0.03486068098163288,-0.07731642751082428,0.9963736553988733
robot3,1238,1722894828625397671,86.72648664344413,-92.67538806719558,152.76457755380295,0.007670174836830686,-0.0411190343321395,-0.0653003829704714,0.9969885924209337
robot3,1239,1722894829127239770,87.23627771276485,-93.15336991810742,152.65547088504871,0.005436895337939752,-0.042042677082122164,-0.0484140288036272,0.9979273196419939
robot3,1240,1722894829624423281,87.83459039042454,-93.69941898595708,152.49141506508732,-0.0001189965864859249,-0.03390299611625426,-0.04484596406140063,0.9984184554592114
robot3,1241,1722894830133181427,88.31739132589773,-94.14650311063134,152.41850011969203,0.0006113128905939118,-0.03246870637392529,-0.03968689416961807,0.9986843144027662
robot3,1242,1722894830624008802,88.83239311453633,-94.59593015152468,152.3199710119107,-0.0013067717999109241,-0.03632486495930035,-0.03752564594675629,0.9986343787540214
robot3,1243,1722894831127391708,89.49200521055172,-95.09370478638205,152.18221840607367,0.0028400226644347223,-0.03293891740003481,-0.03177330848588451,0.9989481562421746
robot3,1244,1722894831625147586,90.15518668326757,-95.59155014663587,152.02942109338,0.004102917174643053,-0.035103857066312305,-0.021302043592008615,0.9991481913252559
robot3,1245,1722894832126767016,90.75671538256702,-96.0546706621678,151.8847133186256,0.006694104476475245,-0.04289467859172099,-0.014344671524151106,0.9989541860929535
robot3,1246,1722894832625657297,91.40551856801575,-96.57148584441312,151.7515444736549,0.008117417156987017,-0.03432095835168354,-0.010625403192779471,0.9993214098394532
robot3,1247,1722894833127709970,92.09565318955079,-97.08094920988654,151.6088923543721,0.008147829234133255,-0.036308663739029925,-0.004305620091554327,0.9992981314161878
robot3,1248,1722894833624283392,92.70023946039252,-97.58192560806442,151.43499896130038,0.003505010535368625,-0.04130714360913163,0.0021570755056474003,0.999138019401356
robot3,1249,1722894834128697690,93.30962569501995,-98.06961359339229,151.1845038777758,0.0065084737391264925,-0.03450332883578582,0.011706812807798816,0.9993148205659316
robot3,1250,1722894834625084062,94.07745450476484,-98.43383531073871,151.00325586189177,0.006485990402861531,-0.038399582885652234,0.019285353804200718,0.9990552933103096
robot3,1251,1722894835126405350,94.68562420200347,-98.91027917070267,150.92843258081052,0.005805195251859687,-0.0403307034189063,0.12098105704667268,0.9918181879284599
robot3,1252,1722894835625501328,95.27292407856223,-99.46024767656537,150.8844892686095,0.00135867488371203,-0.03321672605848002,0.17950107582224228,0.983195894464157
robot3,1253,1722894836127489554,95.94687450347573,-99.97696774071788,150.83195507479323,0.006264380752866152,-0.03238370150137116,0.17616405930512138,0.9838080491742254
robot3,1254,1722894836626678100,96.59504313013726,-100.39754959163108,150.74603628469978,0.005015133126081983,-0.0368868329044898,0.1720089968669097,0.9843917487437831
robot3,1255,1722894837125309911,97.19860127770218,-100.8637493120936,150.6497059953269,0.0018785552452034201,-0.03425923324808492,0.16829738639116804,0.9851389575594632
robot3,1256,1722894837625167491,97.77905153933818,-101.37301294469711,150.56596508632836,0.0032355933956643036,-0.03418482093411499,0.1687100127540167,0.9850674395946807
robot3,1257,1722894838126264992,98.30030030409449,-101.94419171690687,150.49075879859586,0.0035315729493890086,-0.03158741966030644,0.1777441763819636,0.9835633028300742
robot3,1258,1722894838628502356,98.91181874392704,-102.40195622923244,150.4079898565936,0.004903593605217201,-0.037325635812877275,0.1863035653778356,0.9817707131547702
robot3,1259,1722894839126536609,99.56079600901488,-102.88875102762378,150.35119127130503,0.0007862244462002509,-0.02409990231588804,0.18326373806066673,0.9827680188485562
robot3,1260,1722894839626638871,100.17393908846617,-103.4855197807849,150.29777656541188,0.0005097619173011846,-0.028880372905595676,0.18469805372497788,0.9823707513733431
robot3,1261,1722894840125417428,100.81094508638779,-104.08594399175357,150.2122287491289,-2.4164519764756877e-05,-0.031884420147527265,0.18277727896103,0.9826371911664721
robot3,1262,1722894840627947150,101.43341146121077,-104.61104552673117,150.12115053620053,-1.5276361101507258e-05,-0.034818181492040315,0.18032051721581657,0.9829914572748029
robot3,1263,1722894841127294194,102.04328335574785,-105.0910138552613,149.99933835341798,-0.0017952560764959277,-0.03710222173055689,0.1665790447197059,0.985328180891294
robot3,1264,1722894841624824752,102.7238989327639,-105.59404535773282,149.861996355125,-0.0023826412604248054,-0.03349012629599063,0.15297179793229818,0.9876600444984411
robot3,1265,1722894842127315692,103.32776765159343,-106.10360855475638,149.71125097071467,-0.004183126786843284,-0.0375240366459978,0.14119071949667095,0.9892621638635977
robot3,1266,1722894842625980322,103.93838848262774,-106.58798541983397,149.5302713948583,-0.006399812752661415,-0.028624906106191696,0.13022746004743507,0.991050183288786
robot3,1267,1722894843127339673,104.54168444227965,-107.07737043995999,149.39619541781485,-0.008106836817572209,-0.03091454219992575,0.1429143932581881,0.989218907258159
robot3,1268,1722894843624979650,105.16295220990484,-107.59256547983581,149.2952011980424,-0.00875321978614961,-0.027883624312434567,0.14212447482354143,0.9894172619753059
robot3,1269,1722894844130038790,105.76443274200756,-108.00203964393162,149.09346093916662,-0.00783215953739298,-0.02756320541203852,0.1402822282490162,0.9896968340971317
robot3,1270,1722894844627631649,106.33756811008003,-108.47292621575272,148.8902241588439,-0.005691675198012377,-0.02472579092123797,0.13914657249545873,0.9899467013226144
robot3,1271,1722894845124301805,106.86109774345078,-108.86057704568645,148.75406844866302,-0.005907724307714115,-0.02483901733472479,0.13721352922717042,0.990212386010382
robot3,1272,1722894845628751258,107.44084020943926,-109.29942274256578,148.6238625930291,-0.002856209388722512,-0.025231765998488934,0.13762869560708152,0.990158341982745
robot3,1273,1722894846123615022,108.01765851463824,-109.658119936838,148.56670258123017,-0.005790568524714336,-0.02439069150080646,0.16056133171961187,0.9867074653820643
robot3,1274,1722894846625917356,108.50695012778735,-109.99588463947052,148.47401259094863,-0.007498845687700909,-0.022603374356724746,0.16241346153416644,0.9864353614370948
robot3,1275,1722894847126886090,109.005183683755,-110.39589432864456,148.37804769081248,-0.006353629597175892,-0.025315344171558868,0.16331836235100108,0.9862281060988906
robot3,1276,1722894847624912147,109.51167110344306,-110.83753042229837,148.28881836634045,-0.0070227220479278036,-0.02479949254484681,0.16179180351633943,0.9864882558142727
robot3,1277,1722894848125114629,110.0793058605342,-111.3290104079941,148.2131725170881,-0.007217692964933369,-0.025567647237497545,0.15970535535116445,0.9868071745762499
robot3,1278,1722894848627910697,110.68755655523447,-111.81812181855275,148.14213873308537,-0.008144960266413209,-0.020971682435098317,0.15834396676917367,0.987127669729657
robot3,1279,1722894849126705301,111.2784046764465,-112.30804204978716,147.9888245753918,-0.007239395114813799,-0.021848362383079974,0.15639627548036453,0.9874261720429629
robot3,1280,1722894849624676131,111.8520014906203,-112.81424205412485,147.80892430315703,-0.006812287571013588,-0.018396830152647904,0.15479849711988122,0.9877512716609432
robot3,1281,1722894850128080520,112.53824820671088,-113.34197433199951,147.62502253299698,-0.006621231153908885,-0.01962704534498829,0.15162113074068845,0.9882216204384254
robot3,1282,1722894850626644753,113.13046592501055,-113.80149352433246,147.52572564189347,-0.004854616479219473,-0.02219964886656375,0.1631765786768747,0.9863351420589002
robot3,1283,1722894851126469858,113.72332814624892,-114.34291366250997,147.37117155150474,-0.004925612627190519,-0.01862828844078681,0.16163816818151178,0.9866619622732696
robot3,1284,1722894851625803049,114.36444374554094,-114.92294113621128,147.1964490880395,-0.0047786886684570125,-0.018637318453194048,0.16063577612686053,0.9868262065448026
robot3,1285,1722894852123816906,115.01511894279278,-115.36111317941965,147.10482866798986,-0.00551920185206417,-0.019219359552713363,0.1841236047496109,0.9826996757928176
robot3,1286,1722894852625025204,115.66288750330845,-115.8745618142222,146.9698856415688,-0.007008398693691914,-0.018445155634738135,0.17710498955789458,0.983994146961789
robot3,1287,1722894853127163177,116.24192758131692,-116.40132922042204,146.79976109147455,-0.009551926191721448,-0.0206333859189137,0.16915374520791826,0.9853273743145898
robot3,1288,1722894853625886082,116.84559592054765,-116.8621059331118,146.60599009098385,-0.010666455773361175,-0.016257710090444726,0.1610966081493542,0.9867470782458003
robot3,1289,1722894854125002323,117.36416553871453,-117.30787029694693,146.40036042041808,-0.009589858900487329,-0.018210507436105576,0.15501324383672832,0.9876979833230416
robot3,1290,1722894854625608896,117.91254223698205,-117.7448383579012,146.25667841299295,-0.009202770067732336,-0.013621893575031073,0.14832240149027795,0.9888024161856948
robot3,1291,1722894855132560292,118.42998903502806,-118.13800123055732,146.1477250386203,-0.0079356803387491,-0.013312235702381155,0.14259534430262102,0.9896597279577372
robot3,1292,1722894855626575585,118.91266161577036,-118.52592006928498,146.04519812776127,-0.009375535591380758,-0.013322553434995853,0.14817491835804894,0.988826983082446
robot3,1293,1722894856128095564,119.35752308142766,-118.85526395347952,145.93295741915804,-0.00884095381888806,-0.012308821784554926,0.1634798581620393,0.9864302643457205
robot3,1294,1722894856625268859,119.79882248879522,-119.14540916428348,145.81587457235597,-0.011406881174987305,-0.010297321239278144,0.1664698393644636,0.9859267928295308
robot3,1295,1722894857127452414,120.25394904668731,-119.48322463840917,145.74556243245496,-0.012609076647780146,-0.011165821943048408,0.1694080426216704,0.9854020756531421
robot3,1296,1722894857628864977,120.64586078555436,-119.791522416391,145.67855495217012,-0.00927802128024948,-0.014003103469421923,0.17038243529370664,0.9852348233582358
robot3,1297,1722894858124917917,121.12211124860238,-120.2042506926441,145.61264001752338,-0.011040848268916157,-0.014174201021225168,0.16829654723203738,0.9855726578414639
robot3,1298,1722894858628203725,121.65582799634949,-120.64192432050719,145.55174208912769,-0.009801243859474932,-0.010922464017738553,0.16747500774811236,0.9857670907361221
robot3,1299,1722894859128343314,122.31213571873536,-120.99455220054597,145.52616144498552,-0.008803815694334628,-0.010817293788148956,0.16623554684497238,0.9859874349855955
robot3,1300,1722894859627882488,122.7909879044965,-121.28460272079889,145.43321656820342,-0.008985185371272247,-0.012476858129253492,0.16823651168550188,0.9856267399938784
robot3,1301,1722894860126839244,123.43151011107479,-121.75845384430248,145.36189178404558,-0.010723447688774222,-0.014816816331126326,0.16720370424801972,0.9857527027146396
robot3,1302,1722894860629166846,123.9976291323463,-122.19845009354397,145.26974091350354,-0.009035714872385987,-0.018869538620474993,0.16664896637616797,0.985794308349744
robot3,1303,1722894861126893851,124.51653529877514,-122.64873843431977,145.08778834397265,-0.006478624358929429,-0.01795692618327077,0.1646904258546366,0.9861605548085377
robot3,1304,1722894861628014773,125.01608934409553,-123.10237147812218,144.92710189494676,-0.009731706852545588,-0.01929492583328732,0.1604593570353313,0.9868058544914659
robot3,1305,1722894862123774343,125.58501711699799,-123.47485452389643,144.8003163550442,-0.014248038857407188,-0.016419288654897238,0.1488476909185197,0.9886211434402007
robot3,1306,1722894862625383349,126.24440420844621,-123.98153823417645,144.55974460307957,-0.015632063443146854,-0.013509910578446641,0.11469898177932673,0.9931854129453662
robot3,1307,1722894863124515512,126.8789313213975,-124.44868367217691,144.19746726364414,-0.0175436240166225,-0.015631764797985788,0.04771709923757088,0.9985844719531822
robot3,1308,1722894863625829774,127.422011818278,-124.82385998467524,143.72417285351904,-0.015635754816589974,-0.011363171521985207,-0.019545509855527568,0.999622115876177
robot3,1309,1722894864129190059,127.82524330073802,-125.09272341665138,143.11134135642482,-0.013812871878272005,-0.013204518039521735,-0.11440780662168087,0.9932500687429296
robot3,1310,1722894864628296899,128.17287931715987,-125.22331504234846,142.43996007091786,-0.017268411112220924,-0.01223843914012923,-0.23300864241312755,0.9722443083638308
robot3,1311,1722894865126127007,128.27572631819865,-125.23080060841399,141.97889408024545,-0.022965088688307142,-0.012517491410036637,-0.2945204843457245,0.9552871826896338
robot3,1312,1722894865623844803,128.50621325136962,-125.27909172142277,141.37163392642765,-0.020550789383168455,-0.008968365797477958,-0.322356714151094,0.9463526733265781
robot3,1313,1722894866125834284,128.70761668955038,-125.34303485935075,140.7499954711773,-0.026299505044582405,-0.015102186705266233,-0.3967076502490465,0.9174438948649718
robot3,1314,1722894866623803206,128.7239287201103,-125.29451648616968,140.10597848256833,-0.02627480138962286,-0.01657417794684192,-0.4596700728948603,0.8875462554268122
robot3,1315,1722894867126473080,128.75547751068672,-125.17486269211133,139.55585636601708,-0.027015902226667,-0.01700663836163303,-0.46962334463653477,0.8822895383324629
robot3,1316,1722894867625610547,128.73074873756164,-125.04553954623331,139.0674859023168,-0.025917859207073297,-0.017146031711381935,-0.47838167066451653,0.8776019914191744
robot3,1317,1722894868124700746,128.72340983497705,-125.00761775821022,138.59881066547968,-0.027100713287943792,-0.016637827236078293,-0.48893498858190215,0.8717403919657286
robot3,1318,1722894868625189581,128.7502822842191,-125.02620333969384,138.12580679685237,-0.02463497852385828,-0.012038322351567965,-0.4992704396771189,0.866012254354813
robot3,1319,1722894869127041302,128.70207733993584,-124.93498408254062,137.55828839056323,-0.027557891483564266,-0.018112269514562383,-0.5402798147359076,0.8408390036736791
robot3,1320,1722894869628729276,128.61126248977865,-124.81195905836357,137.0639166871376,-0.031463530575234815,-0.022530533464381722,-0.5781298581432505,0.8150265568856127
robot3,1321,1722894870124895214,128.45919598612053,-124.6057998204635,136.57574077122086,-0.03078353466947273,-0.021580143204774763,-0.6299688138975607,0.7757099747515276
robot3,1322,1722894870625200665,128.3717010585349,-124.36749374226295,136.00839443270868,-0.031821638499567706,-0.025042320919406738,-0.6697989304572198,0.7414375619325856
robot3,1323,1722894871124682831,128.18266298406442,-124.12842691481168,135.4715381815961,-0.0326178967294037,-0.026059625219454947,-0.6788933355981779,0.7330489803735841
robot3,1324,1722894871627764215,128.01653504780785,-123.92748059996141,134.85204198673875,-0.031880470354173324,-0.02218304978485118,-0.6823624908015724,0.7299814922717656
robot3,1325,1722894872125719490,127.91145293450069,-123.81301604635892,134.28586111526033,-0.0339068636635614,-0.026034913826192736,-0.6453386718082172,0.7626994863820017
robot3,1326,1722894872626121765,127.74480815697014,-123.66189751388002,133.65978251596877,-0.030068994775062714,-0.024167840502646417,-0.63578447464561,0.7709019865315315
robot3,1327,1722894873126989770,127.80635257034602,-123.62459527938711,133.1370128964534,-0.0244123511273732,-0.023159377712487484,-0.5632961709155503,0.8255695634943693
robot3,1328,1722894873625021344,127.95408795170681,-123.56729902011853,132.60909050926384,-0.024487393530302843,-0.026738364270102018,-0.5033128291410676,0.8633432825106511
robot3,1329,1722894874127641926,128.13339535505273,-123.55518669560635,132.21540838590983,-0.024396872663842065,-0.018173813534123014,-0.423294481358202,0.9054812461655637
robot3,1330,1722894874627062614,128.2392231249419,-123.65228178775905,131.62211847265942,-0.02671528978249208,-0.014507737598412687,-0.42634100691753374,0.9040515276587705
robot3,1331,1722894875127846083,128.45338345132737,-123.6462086768615,130.9440010360218,-0.029311954326205848,-0.01666611328962857,-0.4324624511278163,0.9010212419060478
robot3,1332,1722894875624959226,128.61700725838918,-123.65295585874276,130.22073759960276,-0.029855787628737477,-0.015712956772998367,-0.441175036046484,0.896786664990008
robot3,1333,1722894876127075947,128.8103539897256,-123.70336186289722,129.48290899427758,-0.03712908364645621,-0.018544006692759952,-0.4497179754748091,0.8922058582514422
robot3,1334,1722894876625912316,128.97098826313567,-123.71519418682414,128.7207438643235,-0.03334317959865762,-0.014248793140506547,-0.4583745273490581,0.8880191422181272
robot3,1335,1722894877126219745,129.09640112247794,-123.65794521361845,127.9370889868728,-0.038047219739214204,-0.0185713635888497,-0.4709674365251395,0.8811340347855742
robot3,1336,1722894877628116111,129.20802249260018,-123.6766231598424,127.24816733782309,-0.03348154220144052,-0.016092909169063044,-0.48198557759502597,0.8753912882800917
robot3,1337,1722894878124712865,129.27636492488193,-123.67827413332516,126.50366384053005,-0.03590607375564011,-0.01797654262592461,-0.4947507422038423,0.8681067335710628
robot3,1338,1722894878628495383,129.47929508440757,-123.70352907093378,125.72533078612766,-0.03290390344802489,-0.010354092758897008,-0.5101460213641126,0.8593958126424573
robot3,1339,1722894879123418175,129.65457738538987,-123.73294127936354,125.08274174109413,-0.03746059916744413,-0.012090705623751655,-0.531567584626947,0.8461007158260826
robot3,1340,1722894879624513269,129.63152725968496,-123.63601424973818,124.42048424128748,-0.040349451617145496,-0.01963179756807774,-0.5697099916880556,0.8206199118040198
robot3,1341,1722894880124345816,129.6456107669531,-123.57117721658041,123.7908392040312,-0.04399462984639788,-0.03333640981066951,-0.591856168613296,0.8041513738096846
robot3,1342,1722894880627400774,129.73228597557255,-123.56683529640247,123.06355928590551,-0.04267050713863795,-0.03824562369337943,-0.6135280946089676,0.7875911231180336
robot3,1343,1722894881127216433,129.71642955272458,-123.52693858459628,122.33563107559696,-0.04480214692934146,-0.043903776415112214,-0.6244800563380517,0.7785177488555012
robot3,1344,1722894881630915277,129.86284084723516,-123.5609277153284,121.68574967279518,-0.050076080716174205,-0.03333065997131003,-0.5765654173048339,0.8148335859634694
robot3,1345,1722894882128056747,129.94234210617265,-123.61794772388856,121.05975133514677,-0.051613466012051745,-0.028678658409968,-0.588293345283296,0.8064890108199961
robot3,1346,1722894882627402040,130.0589735784716,-123.60447446218808,120.38352622873003,-0.05104854114605143,-0.023474823503221436,-0.5934986660739068,0.8028712925972916
robot3,1347,1722894883123868851,130.15237045269734,-123.62795012785313,119.85523305056716,-0.05238274252441723,-0.026443021091943283,-0.6195737963420138,0.7827420557294059
robot3,1348,1722894883630111976,130.2380597852709,-123.58515383349125,119.19230615052903,-0.047778013301668164,-0.02120065622198416,-0.6392138955084815,0.7672505388786475
robot3,1349,1722894884126184854,130.21130600204168,-123.47176055789696,118.50675216197004,-0.04501087370975919,-0.021322084849053468,-0.6869459847248239,0.7249997269075457
robot3,1350,1722894884684878818,130.23714156372546,-123.414738073653,117.75952161642027,-0.04677713770623964,-0.024948472453651525,-0.6967458322695359,0.7153563575766084
robot3,1351,1722894885125298407,130.21854086778146,-123.30790845448965,116.99115355850893,-0.04783038903967721,-0.02353315724565336,-0.7039747861424741,0.708221677774708
robot3,1352,1722894885627765295,130.15931637628864,-123.23155682550941,116.3426400430391,0.04683201595405611,0.02020762474428162,0.7165178622497963,-0.6957014929269991
robot3,1353,1722894886125502233,130.10226885215704,-123.07560422424866,115.64386759505406,0.054500959878741324,0.025190680931022398,0.7298644068738688,-0.6809500881453668
robot3,1354,1722894886625881099,129.99484848368422,-122.93694222664725,114.93828682072532,0.05316523780860521,0.023727602449574302,0.7362488928365438,-0.6742017696266547
robot3,1355,1722894887126310874,129.96372135821258,-122.77948398089104,114.21797409531844,0.052443296911775086,0.021494172559408893,0.7421281878748643,-0.6678573604569915
robot3,1356,1722894887624594128,129.85832751201696,-122.63403205732165,113.53552518757023,0.05257562462945366,0.023831180915028706,0.7532963561888267,-0.6551430975471345
robot3,1357,1722894888123847550,129.74851346225188,-122.51117793129748,112.80190055506182,0.05397629563278404,0.02289928108209039,0.7629431788201062,-0.6438011248262596
robot3,1358,1722894888628946692,129.71078142398534,-122.38315920467248,112.14100611577044,0.0552281942454456,0.024297820883413836,0.7522584206172809,-0.6560996350182638
robot3,1359,1722894889123651407,129.7727787306687,-122.22709878323346,111.39951986305195,0.05365811524507713,0.023870171052767654,0.7360481865045765,-0.6743768151008618
robot3,1360,1722894889629869504,129.70874459035207,-122.07705460906378,110.55165641338577,0.054066539329174955,0.022689153476017115,0.738566593400493,-0.6716259366286411
robot3,1361,1722894890126882193,129.65740268966567,-121.95708760845639,109.76613601136992,0.05646601342824293,0.024300338059392676,0.7422913810303574,-0.667251518204167
robot3,1362,1722894890627757718,129.6649087611874,-121.87846568183718,109.10171713590579,0.056544463104539866,0.023766486770261684,0.739899891443078,-0.6699149411987613
robot3,1363,1722894891123990797,129.58140800649156,-121.80698350049391,108.42099710801648,0.057765668349363496,0.023983178346260087,0.7380128333302352,-0.6718816804739071
robot3,1364,1722894891627071416,129.49365317517635,-121.74616486093825,107.68678960190816,0.05930357085251837,0.025713727413085783,0.7413702487296633,-0.6679760811624794
robot3,1365,1722894892178191941,129.44513789072764,-121.62646996538994,106.82133026410584,0.054342717120046825,0.016990114358476506,0.7461436559978578,-0.6633459502584205
robot3,1366,1722894892628261527,129.39608685072645,-121.49464235882779,106.24813525575601,0.05374100365585719,0.016989367260005005,0.754168723393882,-0.6542574436570119
robot3,1367,1722894893126485056,129.39839004266446,-121.40286416380914,105.68092261852756,0.0513600105820711,0.01703104466181959,0.7581362761778196,-0.6498472740374968
robot3,1368,1722894893625782449,129.29507068638887,-121.27778269269201,104.96964257830409,0.05417746688391133,0.02231957882730655,0.7530049039695812,-0.6554008339030216
robot3,1369,1722894894125717420,129.20717721506713,-121.19773994241314,104.19304942338462,0.04957977807408816,0.020116058507556073,0.763637812247083,-0.643424029317163
robot3,1370,1722894894623504811,129.1322339759833,-121.0576285371321,103.5156586892748,0.05070835075038988,0.02222084750374724,0.768757540951572,-0.6371394983286492
robot3,1371,1722894895127234740,129.06794436422427,-120.9300071237439,102.90065952793786,0.05180465791580059,0.025633543911251656,0.7744223620076426,-0.6300231774048323
robot3,1372,1722894895627515475,128.98874249174986,-120.77586203927403,102.1701915923262,0.04953706674325834,0.025389892144294282,0.7762194702617444,-0.6280006101764167
robot3,1373,1722894896131114420,128.95652559964623,-120.61904526967155,101.39164512755127,0.049313290093396245,0.025090296022249183,0.7763184462236163,-0.627907912451046
robot3,1374,1722894896627900265,128.94981231179364,-120.45337672111341,100.64122015372637,0.04860906888472319,0.02630853758020939,0.7778238848778123,-0.6260471415046464
robot3,1375,1722894897126299712,128.83964133165404,-120.2884271804772,99.77053888033385,0.04744063952101338,0.02363124065338763,0.7662938687493408,-0.6403004426862339
robot3,1376,1722894897631784736,128.79957029497973,-120.11245112146887,98.8840081911697,0.05086643174702673,0.03165046946422919,0.7650536355603179,-0.64117375852413
robot3,1377,1722894898125871119,128.8193874803264,-120.02618192753152,98.11700474873741,0.04407629615281693,0.027983931045309173,0.7634110820395207,-0.6437994249298059
robot3,1378,1722894898625822939,128.7772497591177,-119.81631904562276,97.18594697794113,0.03361314751622491,0.022558326852685207,0.7673539811465782,-0.6399446427794804
robot3,1379,1722894899126547558,128.7227446688671,-119.63169633934136,96.42927485273773,0.035212459844271626,0.027120485402654042,0.7640918989350963,-0.6435744960181364
robot3,1380,1722894899630414291,128.6315758799055,-119.53592181295586,95.69593567087585,0.053646163305771724,0.0414001948330377,0.7654210411599796,-0.6399521410073802
robot3,1381,1722894900127163834,128.49911356632754,-119.41730565451765,94.96768169345532,0.05743784775087168,0.04485137827789727,0.7508375289508826,-0.6564543035362423
robot3,1382,1722894900625710203,128.36829595630923,-119.3544243593793,94.1712478717672,0.06209965438430947,0.04515625188736264,0.7556727501246643,-0.6504331176684202
robot3,1383,1722894901126972182,128.26446453324124,-119.28576394100175,93.38434026726493,0.06355238592215473,0.04235336216229551,0.7563569006898101,-0.6496857130459741
robot3,1384,1722894901625985782,128.1935074189693,-119.13420896052143,92.62156664855104,0.06842651528779843,0.04719604103852064,0.7580428179091606,-0.6468859497099918
robot3,1385,1722894902126391688,128.1196978705029,-118.98274265918968,91.81174655139533,0.0607850122959095,0.04209270260218506,0.7625918152841769,-0.6426407316140286
robot3,1386,1722894902624714501,128.05617649642323,-118.84045402790471,91.04846982273985,0.0653357824537675,0.04594383473432451,0.7645673739450558,-0.6395757424104046
robot3,1387,1722894903136043023,128.00348198559035,-118.7301782420704,90.42482197457508,0.06235931359421859,0.04469469735477356,0.7705572725171485,-0.6327362719232683
robot3,1388,1722894903626294648,127.98072809929019,-118.64777488153044,89.73851509331561,0.06374563591283777,0.05194088194304609,0.7772246451438437,-0.6238272915367463
robot3,1389,1722894904126951198,127.90148911875136,-118.46187828557002,88.97867155760734,0.06319496812358025,0.052096934023625426,0.7816965087485603,-0.6182579345867788
robot3,1390,1722894904625329678,127.89419616602378,-118.32613533887962,88.24257786777581,0.06431575444199583,0.04991729389145403,0.7882502518876461,-0.6099453154998189
robot3,1391,1722894905127448639,127.81527232579235,-118.11295849277003,87.46311303976337,0.0652683826586905,0.05103920008716137,0.7938408148308683,-0.6024548107437141
robot3,1392,1722894905625624344,127.65499429929727,-117.8328731233963,86.73974743211976,0.06295868930793157,0.05366445591879564,0.8035638463637472,-0.5894416632955862
robot3,1393,1722894906125966458,127.51303927729984,-117.64442565857763,85.90635471225252,0.061011947735641336,0.049289346378228856,0.7964094599981097,-0.5996499600538879
robot3,1394,1722894906624958963,127.38335798472487,-117.46912458787376,85.1583326243033,0.06674384756622957,0.05296727513869467,0.8020295715907836,-0.5911753486659791
robot3,1395,1722894907135433789,127.04612024370986,-117.60411627042328,84.30422291385771,0.06264512495352254,0.04943912627660595,0.8136817083160326,-0.5758067719855907
robot3,1396,1722894907625277216,126.8135494125688,-117.51261676778384,83.57783220052127,0.06654869025592682,0.0510819951136742,0.816748182507419,-0.5708627750793136
robot3,1397,1722894908127968012,126.73013177394905,-117.17910390800589,82.7720342997908,0.07041252518478276,0.051847043271019175,0.8308607955394225,-0.5495673742470101
robot3,1398,1722894908624332987,126.56052305925233,-117.11448999206927,81.99622211075959,0.06904678157936134,0.057931834387425725,0.8407953759135806,-0.5337973214248839
robot3,1399,1722894909128626677,126.2879217402898,-117.25665747377745,81.2304669481749,0.07212373273642533,0.05483842029690931,0.8385560209723986,-0.537228735760144
robot3,1400,1722894909626334198,126.04595393643079,-117.23756046325278,80.41962811743922,0.07481098797675222,0.05538123594567606,0.8474613672580562,-0.5226332038707237
robot3,1401,1722894910124635601,125.95912605732262,-116.96258982925748,79.63625357289538,0.07334323446748645,0.05829742266420384,0.871149493748845,-0.4819966182554496
robot3,1402,1722894910625462482,125.84459115208946,-116.6569503325205,78.8078800296151,0.06861599773320554,0.05846440788473543,0.8980687392963548,-0.4305186376504735
robot3,1403,1722894911127676350,125.72315479553231,-116.54329805671142,78.09698101954339,0.073440316741073,0.06142227555768281,0.9282282697185574,-0.35948032385316964
robot3,1404,1722894911628799153,125.57433080464037,-116.43886643703851,77.58566588239287,0.07265746646247867,0.061911870193466695,0.9549733792589082,-0.28091574858526963
robot3,1405,1722894912124577241,125.54483905200122,-116.44227088628514,76.8123493102351,0.07509961347309667,0.060933687612654414,0.9713033527612378,-0.2172945712273858
robot3,1406,1722894912626078854,125.61169368618852,-116.35981486789383,75.80863260246267,0.08684150640737598,0.06922679724322807,0.9814746309825345,-0.15612095325753184
robot3,1407,1722894913130470544,125.55149492103095,-116.20856904363556,75.1162836990724,0.08185941174095146,0.06841666394178891,0.9845547890295187,-0.13881665679428296
robot3,1408,1722894913630214767,125.55259958005712,-116.11647416805016,74.32420454554433,0.08171594922840786,0.06639182292435641,0.9802655854125863,-0.1673141104216873
robot3,1409,1722894914126810491,125.47765670452937,-115.94777082157111,73.65487848943934,0.08192363981327228,0.06784918117148897,0.9818635708293658,-0.15693608295197967
robot3,1410,1722894914625700336,125.32602591805623,-115.801220982071,73.03733530919405,0.08989268526890148,0.06881930254080602,0.9778502146652858,-0.17604592131599575
robot3,1411,1722894915125566078,125.16578324372283,-115.73542587776781,72.39609600071616,0.08337017678726305,0.061432118104936324,0.9810670439518682,-0.16365501446379446
robot3,1412,1722894915625543515,124.968776480944,-115.6698190118188,71.80277179190404,0.08205652581747462,0.06633332088317523,0.9845763195428856,-0.1395567558621271
robot3,1413,1722894916124705057,124.83592334021357,-115.57362732827775,71.15997202252589,0.08035851753577422,0.06454432443932241,0.9862436277708146,-0.12922865596912725
robot3,1414,1722894916627665332,124.88532341978029,-115.4960787545624,70.3339190664321,0.08510546599397968,0.05410265709782938,0.9877889052965131,-0.11875622394644716
robot3,1415,1722894917127916852,124.90949887310742,-115.45588077426005,69.63014803109692,0.0854199426587869,0.055370750230930695,0.9879314538476964,-0.11674311934075632
robot3,1416,1722894917629439460,124.92442760114996,-115.41993843232083,68.91869020040959,0.08401383652180623,0.05382118917053548,0.9869066127450292,-0.12672920969251583
robot3,1417,1722894918124867264,124.9042458291493,-115.30698307761135,68.33324954415049,0.08421987473089795,0.05489875671599593,0.9869211113245492,-0.1260153134871576
robot3,1418,1722894918627754870,124.60783816448223,-115.11902722729148,67.86468096175071,0.08467873659014968,0.06002040689797402,0.987352051670224,-0.11984568572917811
robot3,1419,1722894919128603282,124.31734098738804,-115.05553217134866,67.28771462305028,0.08473016042728013,0.06342862552278476,0.988013011344703,-0.11237392398519065
robot3,1420,1722894919625871090,124.09023004145075,-115.00010383910967,66.60775112936788,0.08292294120267929,0.06366995986224216,0.9876423618929362,-0.1167582417989416
robot3,1421,1722894920128415031,123.89238163913039,-114.83309741278246,65.92528776813806,0.08214045813875985,0.06869067319100208,0.986529540335029,-0.12366892333839463
robot3,1422,1722894920628377480,123.69648310986207,-114.64053267164505,65.20937271790096,0.08362684130653626,0.07084131761095717,0.9853862039362257,-0.13039205583313013
robot3,1423,1722894921129319022,123.56044701056615,-114.51742036317741,64.41245861874026,0.09012376242316147,0.07363510802294397,0.984023198849383,-0.13473649260452916
robot3,1424,1722894921629773307,123.54605935391186,-114.48747710908869,63.502305352669815,0.08507163938118988,0.06685416930308935,0.9830196058000334,-0.14820860579783243
robot3,1425,1722894922127868607,123.40119204793537,-114.27987800825719,62.7127220584235,0.08284233892539684,0.06311836820066269,0.9843663629144179,-0.14204253602247377
robot3,1426,1722894922625908002,123.32814091484072,-114.12999632552031,61.99703942984781,0.07431726575445366,0.06558922105485034,0.9853378633427607,-0.13886789821741705
robot3,1427,1722894923129154724,123.18611453144732,-114.095272487794,61.14530541962653,0.08052857838378157,0.06214863129184692,0.985147382543271,-0.1383377401874816
robot3,1428,1722894923625041676,123.1042301164734,-114.06991275399217,60.32762739678937,0.07850803362269954,0.06195132450773297,0.9848307961621383,-0.14179853659006372
robot3,1429,1722894924126382400,123.11175500672641,-113.9746919309845,59.5152056166482,0.08296743177093746,0.06123086607421393,0.9825976439720825,-0.1544961370573683
robot3,1430,1722894924628306983,123.03377671268969,-113.86905817409945,58.748388275980446,0.082938567129579,0.06357106122531654,0.9826404961363399,-0.1532891699048152
robot3,1431,1722894925127703546,122.9903751371271,-113.86963021397987,57.95823959903182,0.07888187391571179,0.06459771905286674,0.982968440804574,-0.15289810019400898
robot3,1432,1722894925628495109,122.90131948160976,-113.85960139890847,57.23246104021766,0.08048282875077285,0.06159534356129825,0.9836414668886491,-0.14892277376206098
robot3,1433,1722894926128127213,122.69364513199936,-113.8205391571492,56.53358143416774,0.08287328350298578,0.06103505483342751,0.984066722959034,-0.14498077709676616
robot3,1434,1722894926627647180,122.54159655811654,-113.59218432702312,55.830377264126746,0.07984914245588848,0.06192873134670017,0.9849157220976286,-0.14046340109706243
robot3,1435,1722894927126035356,122.27799350435684,-113.49347387229588,55.0677841342645,0.08228830771428376,0.059659135659020236,0.9853690321487603,-0.13681115608075747
robot3,1436,1722894927629142757,122.15989497104135,-113.44209981610197,54.250405656936074,0.08238728555628287,0.05908763517883384,0.9859756273597382,-0.13256337654198075
robot3,1437,1722894928128619139,122.09087303290885,-113.49732872784102,53.51988569465952,0.08171925999640568,0.05689127927045982,0.9853460776341714,-0.13848628877821728
robot3,1438,1722894928626404268,121.9880041061285,-113.46170892024905,52.82600897629171,0.08241133830266643,0.05933447820395563,0.9858377074940619,-0.13346087628320236
robot3,1439,1722894929127510077,121.8500816496769,-113.3482413743947,52.13137478947685,0.08591540877079547,0.06184201046614968,0.9857115894180959,-0.1310220239658312
robot3,1440,1722894929626069902,121.76991002286266,-113.2758207733615,51.352712782618745,0.08266760276269192,0.058863487014653035,0.9854707117861831,-0.1361933682731259
robot3,1441,1722894930126263740,121.71978114682506,-113.25984643106149,50.626157148379306,0.08315923352966736,0.06045264830475353,0.9843449664276931,-0.14316077067466373
robot3,1442,1722894930627144386,121.68019713814466,-113.21727220068122,49.94093472768577,0.0803938516977664,0.05632900535221413,0.9846214095610041,-0.14451488366022752
robot3,1443,1722894931130799048,121.67006059036925,-113.21289657482296,49.26976905041839,0.07935366139776003,0.05703857369859886,0.9848238937270045,-0.14342766775479893
robot3,1444,1722894931626182862,121.58470690321852,-113.10048893905825,48.69200476840141,0.08461151991876677,0.05676295506971358,0.984573687015258,-0.1422445516213911
robot3,1445,1722894932125711075,121.49535341176048,-113.00207592349169,48.191081365317615,0.08502442698111473,0.0573971632110138,0.9845293909867272,-0.14205031064790188
robot3,1446,1722894932628105749,121.33660938476842,-112.85433662308154,47.793720765838685,0.08123956392622649,0.05782207967132057,0.9846237263865159,-0.14343241541677895
robot3,1447,1722894933125394690,121.35768803541286,-112.7647844610671,47.2220589080347,0.08058148956297939,0.056774542434716295,0.9850204733925081,-0.14148477610237561
robot3,1448,1722894933627706533,121.2470365655238,-112.60342902347051,46.77666354934839,0.06931276027049749,0.053845774788665375,0.9844797064984443,-0.15197394939209116
robot3,1449,1722894934127678867,121.08425760657502,-112.40895946130803,46.40012937160469,0.06226109387808063,0.05429026420989873,0.9849583010098665,-0.151767152812727
robot3,1450,1722894934626212676,121.04580295130215,-112.27218092472145,45.7622415779988,0.06453323138131047,0.05221337181838607,0.9846090621555664,-0.15379928664326434
robot3,1451,1722894935128998450,121.00765423594349,-112.19589564582918,45.31800149088602,0.06535180369718532,0.053651505249921884,0.984870255183494,-0.1512654560457916
robot3,1452,1722894935629081128,121.03581078917716,-112.12710508778837,44.70760614959841,0.0636499069084728,0.05220084852171117,0.9857458191028847,-0.146727437397847
robot3,1453,1722894936127796072,120.93044342801116,-111.99887131801869,44.23726726770916,0.056965866962237044,0.049721173672264675,0.985949431400645,-0.1489510443422211
robot3,1454,1722894936626041259,120.84442208486949,-111.84505742095934,43.69883397635118,0.0528383837055804,0.04804107691320993,0.9867172330392898,-0.14590840332101712
robot3,1455,1722894937125425566,120.80643901141566,-111.70942708406933,43.106598237121695,0.05524666935747379,0.046542753462356146,0.9870359942973688,-0.1433231439316514
robot3,1456,1722894937626149145,120.8359672396592,-111.60957757385553,42.50394218484874,0.05555123158134269,0.04420272885964463,0.9874641733256817,-0.14097760754596703
robot3,1457,1722894938128559493,120.88345956414041,-111.49212157579889,42.01253875356401,0.05775779164110429,0.04433601515457294,0.9875515363355295,-0.13942854207905814
robot3,1458,1722894938625946634,120.79631206199792,-111.30138094408835,41.551702183806235,0.05990570760775848,0.039489731075053734,0.9882156798189603,-0.1352096057814829
robot3,1459,1722894939128631265,120.81844412210192,-111.19371134698022,40.973555458367116,0.0546998573567797,0.039463161986360386,0.9882292317611346,-0.1373083025311424
robot3,1460,1722894939628889986,120.9535301457737,-111.187729256054,40.31355199538057,0.05475421510918586,0.03790670810204554,0.9880867094655842,-0.13874333132124844
robot3,1461,1722894940126231222,120.88425096616223,-111.15320867589146,39.84286235826875,0.05532821785818457,0.037323204420174415,0.9878075297474885,-0.14064867896504296
robot3,1462,1722894940627719556,120.77816559136389,-111.046770002671,39.23807920368487,0.05656736533095221,0.03758714415188691,0.9875821887629072,-0.14166425170905092
robot3,1463,1722894941129937883,120.67894117546753,-110.91537884545764,38.65695909360636,0.06006936770096098,0.03614506826759857,0.987403233475529,-0.14184519599199488
robot3,1464,1722894941637802874,120.6832447483059,-110.87634019831152,38.03453160364168,0.05937737503568213,0.035407815161199174,0.987542461967399,-0.14135239570219668
robot3,1465,1722894942129078037,120.63318317303845,-110.79915575606287,37.4648748656815,0.06061204052373387,0.036188385448981765,0.9874155762944071,-0.14151699895535202
robot3,1466,1722894942630054437,120.54580741457167,-110.64578087239295,36.980253127179694,0.054174279817187226,0.03536966396082875,0.9879190104919505,-0.14081961151129643
robot3,1467,1722894943128435333,120.63407414643541,-110.69490830097658,36.37263781419845,0.05766720717861059,0.03578883728003072,0.9876781342282969,-0.14101615336433365
robot3,1468,1722894943628442173,120.69487540283322,-110.71793051761681,35.83188790839708,0.0590411588231462,0.03574134520153342,0.9875413448411671,-0.14141707830847003
robot3,1469,1722894944127417758,120.58241494386978,-110.59187529032735,35.42040416878695,0.052322138435141476,0.03393980904246031,0.9882129839005888,-0.13980551363243862
robot3,1470,1722894944628893013,120.34694454937255,-110.39009291497075,35.136706061789326,0.0546297498598805,0.036251383867824144,0.9880840685007403,-0.1392526523012715
robot3,1471,1722894945128239419,120.21784673184267,-110.21443067893989,34.63996974615554,0.051574645168306926,0.03613076159960267,0.9883668528110172,-0.13843983641438198
robot3,1472,1722894945625766964,120.20306561510628,-110.12848167967108,34.07872417539892,0.05324080132942903,0.037262724012249046,0.9882859216011243,-0.13808636296898935
robot3,1473,1722894946130800517,120.17273659472298,-110.00568340695214,33.52925743869088,0.054078786304051295,0.036532589958031374,0.9884424893549596,-0.13682945582223732
robot3,1474,1722894946628933661,120.11536644931249,-109.85038321873724,32.97497076952523,0.053847857626877806,0.036644946050156314,0.988645838070117,-0.13541404293725431
robot3,1475,1722894947129917887,120.0919909242735,-109.76756077908011,32.42660907793452,0.056334319849942374,0.03834566490033191,0.9886559380801494,-0.1338487597598708
robot3,1476,1722894947624856035,120.05008260549091,-109.64391922636426,31.884235878483906,0.05312825753095149,0.03666958738757175,0.9881221782063851,-0.13945354261982348
robot3,1477,1722894948126327710,120.00387883425597,-109.50707424518339,31.385891585568793,0.05404642502041281,0.035710833190272594,0.9863930714497164,-0.15110403347152607
robot3,1478,1722894948627092158,119.98158459161166,-109.39616537900655,30.844587370193032,0.05267884471072469,0.035639714024154764,0.9864445151448674,-0.15126787049743023
robot3,1479,1722894949133449567,119.96130354523203,-109.32652544287218,30.36680421220571,0.05492321056503784,0.03726987712452457,0.9860741760587725,-0.15248644697272137
robot3,1480,1722894949627151411,119.90273343573385,-109.23329047659182,29.888710361447743,0.053902322239938856,0.03695394177189564,0.9854397523385869,-0.15696318152842573
robot3,1481,1722894950128457908,119.7257254668695,-109.06429375802703,29.45184525738421,0.05468784975826553,0.035451209241005,0.9856470586572978,-0.15573158514696117
robot3,1482,1722894950628488045,119.64968226357564,-108.91410205591973,28.920982444437154,0.05218906330036723,0.0361954058731857,0.985871866065255,-0.1549930900605491
robot3,1483,1722894951129338326,119.68248629197694,-108.89449818854538,28.358661955490852,0.055982716830718586,0.036188519381034866,0.9857823460224436,-0.1542384282588077
robot3,1484,1722894951628029539,119.83323302222115,-108.96784850711074,27.78794183413935,0.05442348321547046,0.03563775805137211,0.9859295930689164,-0.15398335035557578
robot3,1485,1722894952128508087,119.63193834729016,-108.78715254763148,27.33607625283302,0.050938677625826205,0.03293520176361038,0.98627480632095,-0.15356604449908534
robot3,1486,1722894952626442782,119.28599393598448,-108.46696311121963,26.975981231740707,0.04519392503885289,0.03333100201484361,0.9865147802488057,-0.15373724921085252
robot3,1487,1722894953129988833,119.13288708545129,-108.28536523786998,26.439686000812127,0.04786622466917585,0.03587411419144591,0.9863094662827032,-0.15367338477442422
robot3,1488,1722894953628081340,119.1979574096553,-108.24363467514988,25.791632993218464,0.0492664789878035,0.036234738475597265,0.9859959125864306,-0.15515127501442347
robot3,1489,1722894954133548827,119.24060194235155,-108.1872571390916,25.07061227134105,0.051107609296442744,0.0334913757053496,0.9859071733138132,-0.1557349852593566
robot3,1490,1722894954628872161,119.17944529936607,-108.07709777218292,24.43748345735375,0.050768276525894294,0.03112606313203503,0.9858951536433498,-0.15641130494643418
robot3,1491,1722894955128995866,119.34304613775502,-108.1197657438607,23.768076980047372,0.05205724023391966,0.031186769747395603,0.9864383244363515,-0.15250200397094515
robot3,1492,1722894955626642895,119.24725920988499,-107.95978393182592,23.262705462232415,0.05351343430641737,0.031217164678251103,0.9877488570326522,-0.143227079872742
robot3,1493,1722894956126529189,119.1147190176916,-107.69051500655499,22.84278392987993,0.04754710526333148,0.029875180444041836,0.9894485424209865,-0.13356020468499955
robot3,1494,1722894956630511541,119.05293086820693,-107.4759798300125,22.33223561029735,0.04518296754071509,0.03090028006903266,0.9905902536738068,-0.12543771945604357
robot3,1495,1722894957128254166,119.05365982491666,-107.30401377426868,21.732714912129314,0.04336086989724205,0.030785087081395796,0.9913896572889235,-0.11966060669951595
robot3,1496,1722894957629643847,119.08924992199992,-107.21499435137544,21.122288434344515,0.03770131293640557,0.0264886262290576,0.9924699064077903,-0.11349206385593867
robot3,1497,1722894958127157368,119.02175727880717,-107.00330195127209,20.550857042326513,0.030758325398241308,0.02728209313767018,0.9913803856342367,-0.12439671937971497
robot3,1498,1722894958626979655,118.98575745630907,-106.74483308834057,19.96973802796217,0.03730275544186164,0.028789485893819043,0.989325362795125,-0.13789487470065193
robot3,1499,1722894959141141556,119.01860910713104,-106.53673785896417,19.3771129129024,0.03613358344134168,0.029219158339236075,0.9878365149487238,-0.14839010973644493
robot3,1500,1722894959628710173,118.92414534396701,-106.33607519258476,18.792206946038775,0.03266114042779297,0.02823866207463101,0.9878276418838968,-0.14944021480274447
robot3,1501,1722894960133020036,118.77880132781794,-106.06482630386193,18.23326493747454,0.030652983901902756,0.027652672102796975,0.9876985726539766,-0.15082192771869107
robot3,1502,1722894960629864044,118.76051617687591,-105.9517302402598,17.607616873941065,0.032474585996073696,0.0272922380699724,0.9853853791481677,-0.1649732995564346
robot3,1503,1722894961129153473,118.75611556031102,-105.88109528326108,16.993211285497438,0.03660635287642696,0.02785469876574362,0.9834728104048783,-0.17511516747582545
robot3,1504,1722894961629024382,118.48380931904781,-105.61248746145371,16.483059211104607,0.030539757869596815,0.025723943727136864,0.9834625566550526,-0.176655035495445
robot3,1505,1722894962128728961,118.38077694974203,-105.4623783140797,15.929922342656585,0.03463147259633522,0.026311845506882245,0.9833512140830679,-0.17643338021244062
robot3,1506,1722894962625374719,118.36042124740965,-105.3025513762996,15.301632376620864,0.037996083432638696,0.02675218109514666,0.9822821533831796,-0.18155547250175702
robot3,1507,1722894963129039562,118.2192962055691,-105.07881489005267,14.718176933363221,0.03725403326606502,0.025116823424858672,0.9825966280987113,-0.1802363687924782
robot3,1508,1722894963627252752,118.02319410339065,-104.86688689304347,14.143525922678618,0.036090530294689276,0.025598245544310803,0.9824319639501209,-0.18129986116158364
robot3,1509,1722894964129506699,117.84766238620972,-104.63742269685469,13.468434863761582,0.02852456664631253,0.0227501092029,0.9816889795002661,-0.18696397823276664
robot3,1510,1722894964633040037,117.6133225401261,-104.42623956956633,12.820801592794506,0.03594421653259846,0.02494791152757832,0.9818628174545557,-0.1844749920950583
robot3,1511,1722894965127464620,117.40133463923415,-104.29312807190819,12.028911772368707,0.033019587227598,0.02607176815472385,0.9808698716286292,-0.1900638437363662
robot3,1512,1722894965626871174,117.31145350948704,-104.21704813873235,11.221694050457419,0.028286756119842753,0.02752726972385221,0.9813702884619332,-0.18802783244485066
robot3,1513,1722894966128398852,117.23831206068616,-104.0331177247032,10.38831958719945,0.0327553209207619,0.032331829923321447,0.9814279444327262,-0.18622817083282867
robot3,1514,1722894966626190746,117.14582096656719,-103.77908967877127,9.54493971672979,0.03204521988932454,0.0364330385414782,0.9822769099019787,-0.18104643011752578
robot3,1515,1722894967128229124,117.04821515839438,-103.46528710006427,8.772371251057729,0.039039054081735164,0.03798566678450278,0.979944272197617,-0.19168271899788658
robot3,1516,1722894967627114108,116.88862944841979,-103.22590046843176,7.992816555596271,0.055741313530136824,0.04175185578392652,0.9791488642590276,-0.19083288533371204
robot3,1517,1722894968126490860,116.78832189257022,-102.92029716994621,7.181788102319708,0.05392941189929922,0.03981994123007912,0.9751550525462678,-0.21113648265071233
robot3,1518,1722894968624608814,116.76279011935199,-102.69133095973844,6.3166178850395935,0.05128651761872607,0.03741621629952628,0.9747153196167514,-0.21424230574932016
robot3,1519,1722894969127905074,116.90832244432718,-102.62569857713586,5.458074744341677,0.05449460963065343,0.036574179371220546,0.9759692534449899,-0.20778999796562322
robot3,1520,1722894969626251637,117.07297449090304,-102.59228494909188,4.564939601552647,0.05060789753601217,0.03814812279471881,0.9791499571441744,-0.19299980015218854
robot3,1521,1722894970128357158,116.9929713120552,-102.49708496157977,3.8204139178617145,0.05139179177819985,0.037275461643575966,0.9819510977436109,-0.1781613463611058
robot3,1522,1722894970627398161,117.09196915386147,-102.4598344841435,3.0356650267772967,0.05534963527086824,0.037362581601856175,0.9838600506550922,-0.1660116143418467
robot3,1523,1722894971130568612,117.32539183366625,-102.49582896998578,2.23578514018371,0.06392670757517406,0.03805811766440063,0.9821182175353417,-0.17294150029314573
robot3,1524,1722894971627550279,117.46110912658794,-102.45661651070033,1.540792505381828,0.05584579922008374,0.035711430063545935,0.9823986143047755,-0.17463935147710433
robot3,1525,1722894972126753911,117.26930968280881,-102.24063922817905,0.9624052852391689,0.05500051646511368,0.03398774834987753,0.9871939433625112,-0.1458351615319535
robot3,1526,1722894972634893941,116.98361989153703,-101.99036471799951,0.5621159490330314,0.049956496373106625,0.03530558587400936,0.9951161756917912,-0.07747038758623151
robot3,1527,1722894973129009029,116.88909440974085,-101.79603290280046,0.06684921729215665,0.05233774699274311,0.03787938661794336,0.997066818489924,-0.04103256969229308
robot3,1528,1722894973628245717,116.68525408308744,-101.56270267910499,-0.6169011749983945,0.05425209976500681,0.03277602191855756,0.9916531510450003,-0.112278537934922
robot3,1529,1722894974126826160,116.46798289266307,-101.27523987771143,-1.4108853602035232,0.05706958488289344,0.0308016073196529,0.9901827368484175,-0.12382435590463567
robot3,1530,1722894974628657943,116.31435508115113,-101.01283871342791,-2.293698179987678,0.055145455491367124,0.027947642425498204,0.9868369667831344,-0.14943463123308867
robot3,1531,1722894975128646253,115.96808142191225,-100.74681353584043,-3.131335999734441,0.06065517712567456,0.02642292351694277,0.986325363048863,-0.15094719873915996
robot3,1532,1722894975626940601,115.71188300926038,-100.59059334512192,-3.926142327581844,0.05551446208543274,0.021441026486279404,0.9834881051161694,-0.17090808634346788
robot3,1533,1722894976129527951,115.55492141662172,-100.42603246883763,-4.8468866219294595,0.056451679005865216,0.020409268538355535,0.9817559364208255,-0.18042159238188768
robot3,1534,1722894976627306713,115.43521640107659,-100.17731862628689,-5.771494466236501,0.05850352196400256,0.02083534515894123,0.9810720248269729,-0.18341458069580702
robot3,1535,1722894977128205863,115.24966285222492,-99.91485268402822,-6.626322799835149,0.058739892303980766,0.017941051047218676,0.9819674599016049,-0.1787949983467874
robot3,1536,1722894977626872350,115.08537082323208,-99.66020671726558,-7.4706409767135264,0.05795560718249607,0.02318529277624837,0.9826503720499477,-0.17464774864019111
robot3,1537,1722894978128999922,115.05229612801253,-99.43199137634679,-8.388210050067022,0.05669589719994083,0.019630242120235352,0.9841753994793239,-0.16673035684813955
robot3,1538,1722894978626842434,115.06212536580279,-99.26371071746733,-9.322243633200044,0.0605169855734739,0.021466278279130235,0.9849349491489967,-0.16056163707064772
robot3,1539,1722894979126108475,115.03108278077757,-99.09865121194527,-10.261260733283873,0.0544788667293849,0.021601180576318244,0.9820433395250225,-0.17932183741009514
robot3,1540,1722894979627397660,115.00434731203896,-98.90172439941955,-11.14403173094531,0.05497514896016243,0.015989073468441195,0.9782096761882935,-0.1995693161235531
robot3,1541,1722894980131166571,114.85976710304166,-98.63093431902853,-12.016908257034824,0.06308193993134306,0.014351394437793794,0.9780168233530588,-0.1982367260892414
robot3,1542,1722894980628879082,114.66740407249424,-98.30884982611332,-12.799182664992243,0.061769615675563425,0.011665196189757766,0.9833289510971294,-0.1706241826687145
robot3,1543,1722894981128029377,114.47906890386116,-98.01052301973719,-13.671023613537493,0.055136823208251924,0.01281396544130898,0.9810336354589478,-0.18538807705559507
robot3,1544,1722894981627668282,114.45114051097711,-97.85667016080201,-14.585698672321284,0.06087773838310202,0.014040216280741216,0.9799635077295614,-0.18912508245741075
robot3,1545,1722894982131016519,114.29207331872925,-97.62310109693152,-15.535760599092356,0.056830583414216096,0.016212668402180067,0.9858492208202462,-0.15687175647704837
robot3,1546,1722894982630465372,114.07115017473942,-97.3890230789153,-16.31187478885884,0.05726714269521378,0.01752507987137741,0.9867888725554452,-0.1505359324008095
robot3,1547,1722894983126601758,114.11648668210744,-97.31026537265484,-17.292830665869126,0.05715944738168146,0.017016602017242186,0.983270047948387,-0.17211404834697291
robot3,1548,1722894983633682055,114.10531865828872,-97.19979029184822,-18.268281626267388,0.058968472109529935,0.016619936689708424,0.9801723724504748,-0.18843730333006115
robot3,1549,1722894984128589232,114.09410729527539,-96.96638599991559,-19.12479135597981,0.05489934444022326,0.014718406532347433,0.9802360364409362,-0.18949074740405183
robot3,1550,1722894984628282010,113.81742871543881,-96.67913265654744,-19.909963768226916,0.05597908936247905,0.017814675479018827,0.9797432062856628,-0.19144771774250574
robot3,1551,1722894985130011220,113.63977833803895,-96.39840512520871,-20.837180613214485,0.05850766341888027,0.01638088957710375,0.9773910979682279,-0.20252200223775113
robot3,1552,1722894985627740640,113.51976939887695,-96.13259971003758,-21.701534471047545,0.05932963822874634,0.021196752783574684,0.978511441823,-0.19633147969837073
robot3,1553,1722894986132862957,113.43936551948337,-95.94809731842928,-22.583788523770153,0.05959938310671872,0.02050994373830683,0.9787911988232639,-0.19492317678323406
robot3,1554,1722894986631100965,113.34546938257621,-95.73678882176083,-23.485041821774402,0.060528631286352816,0.020499984684221515,0.9791097086621172,-0.19302904917688296
robot3,1555,1722894987130242236,113.1950094900784,-95.54116738542615,-24.413002243940234,0.05236922620874135,0.018424804193787336,0.9799579179419492,-0.19131249253406896
robot3,1556,1722894987627102559,113.06864472261708,-95.36429235767618,-25.324981192849354,0.05049337657345421,0.019182063625668506,0.9800979613802192,-0.19102474566299102
robot3,1557,1722894988129191039,113.00674438566078,-95.21981711956182,-26.28499820540075,0.05331528643000862,0.01921220231566582,0.9804801969889866,-0.18827361691832004
robot3,1558,1722894988631671020,112.90506716937975,-95.07535758710672,-27.227256140968354,0.051734164694271945,0.019626921737737654,0.9811220144560117,-0.18530502663517898
robot3,1559,1722894989134748171,112.78473223382943,-94.99836593942877,-28.16297310536459,0.04982116788499748,0.0213678041958234,0.9818201009390664,-0.18190810198126264
robot3,1560,1722894989631977075,112.67457458051426,-94.88670830282518,-29.08908591830182,0.0524698203725023,0.020725451497080726,0.9824315908091606,-0.17789194189310942
robot3,1561,1722894990127946055,112.45556964056273,-94.71114516889442,-29.988873207839934,0.05105909423303368,0.021022994365046906,0.9819276517158698,-0.1810223450289684
robot3,1562,1722894990634036387,112.34920520438467,-94.56373496274811,-30.952608918678095,0.04363290499074905,0.017407301695438675,0.9817800637199865,-0.18412241018336586
robot3,1563,1722894991129078869,112.36424847788975,-94.41104682910812,-31.88811649784315,0.04978123021551854,0.020705589352130394,0.9815183794773373,-0.18361584473021977
robot3,1564,1722894991627237374,112.55905830454432,-94.40808450874013,-32.73335156944548,0.05413090217087208,0.02195136201190949,0.9814881009919082,-0.18239816541645218
robot3,1565,1722894992128599678,112.58205233716782,-94.27564142600218,-33.55508769597093,0.04586190082835003,0.019797256949385108,0.9821301879758051,-0.18145260686002923
robot3,1566,1722894992627635714,112.60245267131388,-94.18670919617936,-34.3476869824525,0.05043379093908254,0.01934462289715606,0.982201042320895,-0.1798981121641561
robot3,1567,1722894993130825239,112.54930636112215,-93.93996666666496,-35.01640046849422,0.04831438739810135,0.01786153586470065,0.9825195869390638,-0.17889087955508387
robot3,1568,1722894993627262144,112.51438938931153,-93.79532492140353,-35.61620064673242,0.05261066294700233,0.019918614063415177,0.9824730644179154,-0.17771337780634347
robot3,1569,1722894994130038654,112.45065779488162,-93.63019859235317,-36.171483650356684,0.05317287643178134,0.019816361754506094,0.9825593646541415,-0.1770792250639105
robot3,1570,1722894994629104686,112.29076642427992,-93.42549601994216,-36.75563260292089,0.04967580253341192,0.015938834205704154,0.983147728226386,-0.1752107664788925
robot3,1571,1722894995131008395,112.13131766782446,-93.1553928645409,-37.4066267797584,0.04690098028888263,0.015983017071305925,0.9833111418811119,-0.17505439002122702
robot3,1572,1722894995630726529,111.94226407094044,-92.85292980691212,-38.02864100768374,0.05053877143670043,0.015516101930660874,0.9830527052555795,-0.1755347881538954
robot3,1573,1722894996132652374,111.75636066235977,-92.53335029330995,-38.787538749816704,0.053085293031151025,0.016669230659915393,0.9829823861496009,-0.17507060556426998
robot3,1574,1722894996631866757,111.47988890920212,-92.1715709139015,-39.51977020827923,0.045445282375212434,0.014635859777029638,0.9838259192956429,-0.1726472659514406
robot3,1575,1722894997126900113,111.2913765309719,-91.85396232218714,-40.26632013446526,0.04278760049741222,0.014077943972026158,0.9844398542512034,-0.16985054047327555
robot3,1576,1722894997627636195,111.34970308059572,-91.70449484425693,-41.0446222043701,0.04790984547332005,0.015287160095426416,0.9845334785495105,-0.1678236546442125
robot3,1577,1722894998128686645,111.38565686026826,-91.6134699780667,-41.79385205922502,0.050459033928298896,0.015456502766321633,0.9848537366336387,-0.1651608302716379
robot3,1578,1722894998631657973,111.34039112957589,-91.49104405551117,-42.39882008833331,0.046904586065843225,0.015578703326827845,0.985302374961376,-0.1635129771734301
robot3,1579,1722894999128533300,111.25913163808707,-91.37911381691195,-42.99693687418046,0.04522940242914857,0.017625116504076076,0.9856037321057058,-0.1619535108709403
robot3,1580,1722894999629102049,111.17976110539747,-91.24939218709997,-43.64746120532072,0.03211459391159,0.015360835299504336,0.986436172682001,-0.1602384935690565
robot3,1581,1722895000131805891,110.96614433648199,-91.02129812672801,-44.222471711463676,0.03841167396725669,0.011182885930953493,0.986783611609372,-0.15702735501960297
robot3,1582,1722895000630349144,110.79043118258082,-90.82035478200356,-44.77010603802932,0.03801978862350461,0.010495717777174757,0.9854093651183354,-0.16556786740924326
robot3,1583,1722895001125835335,110.67820398177754,-90.61225126894445,-45.40512558813039,0.038546355750338476,0.011205983356578754,0.9845355963991985,-0.17052349931389157
robot3,1584,1722895001628808631,110.4938260359366,-90.29839412983762,-46.10376979823877,0.039193277749971,0.011227989003854924,0.9848251426193866,-0.16869279091546213
robot3,1585,1722895002126937279,110.3947412476939,-90.08338178412102,-46.794125178174575,0.04266004197384975,0.012842997155897762,0.9848488361599411,-0.16759459465404125
robot3,1586,1722895002629839466,110.43909651693345,-89.96821354196356,-47.550566614273464,0.04049644126712526,0.0126420992734399,0.9850471949677756,-0.1669797570269392
robot3,1587,1722895003132622911,110.45927301938087,-89.84476202906615,-48.307462165093725,0.039337795611069246,0.014383017150753994,0.9851553481302294,-0.16647704557838966
robot3,1588,1722895003630869946,110.26824288225933,-89.55870379075985,-48.90621470307659,0.04033659064609938,0.015170362296771288,0.9851468891063018,-0.16621800879269918
robot3,1589,1722895004125414717,110.12727490320275,-89.29096040807003,-49.55709323410357,0.034367603030468756,0.0160981309968939,0.9854246951714629,-0.16582487203847393
robot3,1590,1722895004628408169,110.06468544025954,-89.02694462658263,-50.27430358553493,0.03641202817095675,0.015770172279403367,0.9857604373601772,-0.16340693377647014
robot3,1591,1722895005132422402,109.9717810282134,-88.76965875376997,-50.90008912693524,0.03657570531707948,0.016979481692521912,0.9866753826759941,-0.15762488446686343
robot3,1592,1722895005627062035,110.07432745403986,-88.74307784065272,-51.60451286472724,0.03960976151501531,0.01721174706060711,0.9882523775801451,-0.14660170791309224
robot3,1593,1722895006129256597,110.0705590738964,-88.6444849972957,-52.270744412323154,0.03949789829794741,0.016078121831668,0.9904757993318808,-0.13091638921954257
robot3,1594,1722895006630977134,109.96602281445486,-88.45550256058175,-52.739998142001205,0.037447252030900595,0.016389645087799415,0.9923081402686941,-0.11684878093380348
robot3,1595,1722895007127824333,109.86998290818313,-88.31403748581195,-53.27327527527519,0.03210642928216416,0.014256424434615242,0.9934331652187347,-0.10888745476213298
robot3,1596,1722895007632153930,109.75020122933446,-88.16838090379515,-53.746731497985465,0.033817785091418584,0.013955802346571483,0.9942199186679263,-0.10093733856366668
robot3,1597,1722895008127999053,109.60078339104045,-88.01559092154342,-54.18617012656728,0.0368595763715657,0.012585020859513836,0.9932546120566013,-0.10921659447155958
robot3,1598,1722895008628858497,109.46285210004181,-87.92541676351091,-54.709364934112514,0.0379244208413593,0.01076762021804796,0.9929399268974868,-0.11187536919045622
robot3,1599,1722895009128734277,109.29597302545542,-87.78827428325114,-55.139353573407924,0.03759979177758605,0.007840906598821836,0.9921590658738846,-0.11893344292608195
robot3,1600,1722895009628015938,109.15919093559884,-87.61156306306044,-55.4840679882873,0.033443786442590245,0.008189990588172802,0.991971839017818,-0.12168117273496315
robot3,1601,1722895010129166517,108.95996625585808,-87.39193414811842,-55.830175223028675,0.034385657904642625,0.00793280833061658,0.9917143325714587,-0.12352076608732925
robot3,1602,1722895010629233414,108.8288202108001,-87.19908597830671,-56.186160366740246,0.03471655787406343,0.008136043198505704,0.9914814160640442,-0.1252723712958552
robot3,1603,1722895011128053365,108.66972976496196,-86.91662035265858,-56.64937249160937,0.03432260621938016,0.007818035354044548,0.9912931851375953,-0.12688048756713277
robot3,1604,1722895011626204579,108.38216094201692,-86.5892958632363,-57.035382622019796,0.03697349058812527,0.007686469372133261,0.9910349631694267,-0.1281545198504286
robot3,1605,1722895012128426993,108.22086714681815,-86.33760774338305,-57.51548020828976,0.037113460990660666,0.006597225006641211,0.9906023366816039,-0.13147653097208173
robot3,1606,1722895012631445540,108.08230635028794,-86.04962676996254,-58.07490327228974,0.036054328958936364,0.0031621696649458565,0.9903475923699994,-0.13379735547938368
robot3,1607,1722895013126838711,108.00421117527517,-85.73350089750474,-58.65297851270534,0.03609575530773611,0.0006088847496998755,0.9900230510347839,-0.1362023646193529
robot3,1608,1722895013626681121,107.99341942834027,-85.50645778538265,-59.29760741867142,0.0368595546500744,-0.0011375269971912153,0.9894518382449731,-0.14008975357595763
robot3,1609,1722895014130441683,107.91387586505992,-85.23177006848222,-59.912306484035206,0.037847503882822014,-0.0029357027067040175,0.9925508213488182,-0.11576620896981908
robot3,1610,1722895014628445542,107.78926005257618,-84.98458006147145,-60.38245684629906,0.03645140977823713,-0.0015450545470154953,0.9950111678508089,-0.09285302032672436
robot3,1611,1722895015130310845,107.69311546750622,-84.7997569163881,-60.7477094958884,0.03800898994953282,0.0008512163804310147,0.9992582563658507,-0.00612610792998708
robot3,1612,1722895015627298337,107.45230563569308,-84.54555023884903,-61.12481220623421,0.03444889725012091,0.002087163921331155,0.9993811157044564,0.006804615957708695
robot3,1613,1722895016129607849,107.14064407906935,-84.2360162115764,-61.40509029449991,0.035880722073132004,0.004568117308507959,0.9964401934761926,0.07614884708841077
robot3,1614,1722895016634934593,106.87328860397443,-83.88814498873424,-61.85688495496668,0.03274029152691134,0.003937575530712204,0.998599574657104,0.0413697752510638
robot3,1615,1722895017127122628,106.61815066332477,-83.55424417943591,-62.456071452513235,0.03388852063604218,-0.00017220858772129047,0.9988013736897902,0.035317905213801015
robot3,1616,1722895017627243663,106.18710684257336,-83.1133110126159,-63.06106053995735,0.03310310795571942,-0.0024332815448686734,0.9994448975081521,0.0028566115442035227
robot3,1617,1722895018131108101,105.78940750732859,-82.67590814937611,-63.7084297102437,0.0289836773372617,-0.002192661579051192,0.9995774655854124,0.0001702264754676189
robot3,1618,1722895018627298773,105.50332791188153,-82.3206153413144,-64.41570155411678,0.032025980647842595,-0.00028266638542956803,0.9993283376605392,-0.01780815015328645
robot3,1619,1722895019129754508,105.2318000266801,-81.9882220702687,-64.99368562178047,0.02998038923609047,-8.005907382261004e-05,0.998959544631951,-0.03436565204564376
robot3,1620,1722895019629094546,105.0836328988497,-81.75767515990808,-65.5861469709814,0.03253645482805639,-0.00028237750036007086,0.9985341482006981,-0.043253372669371036
robot3,1621,1722895020128480467,104.78369876003,-81.39214647517878,-66.04374887926652,0.03021337485438428,0.00010931518230028041,0.9983026331613529,-0.04978948335952859
robot3,1622,1722895020629569188,104.49106083758831,-81.05521393796258,-66.50678140085103,0.02716456486162589,-0.001264134676930616,0.9973166748189439,-0.06797012952379784
robot3,1623,1722895021126553075,104.25107100054221,-80.74166454422492,-66.9715950169752,0.028957576879727692,-0.0008343113957974225,0.996586438544354,-0.0773061005046181
robot3,1624,1722895021631120277,103.9281786707577,-80.33934762703304,-67.36341931275919,0.029879980038567552,0.00016849943206099748,0.9957467643055026,-0.08715239397720458
robot3,1625,1722895022127641677,103.83668684559655,-80.10589095039646,-67.89394492886198,0.03063105189389728,-0.0005176120159298696,0.993942387164491,-0.10554620663684404
robot3,1626,1722895022628569843,103.74949812593124,-79.80477093924556,-68.4362139164353,0.030395953201931298,-0.002378719478094434,0.9930923897333587,-0.11330460350876094
robot3,1627,1722895023128935839,103.54197050263987,-79.45759543360215,-68.83305843716978,0.02857015373152949,-0.001540273911582607,0.9915498224489286,-0.1265319069386531
robot3,1628,1722895023625500407,103.30441672356682,-79.08632935740921,-69.15638059421468,0.02734780492572244,-0.0018025757992459635,0.990171906976705,-0.13714387671474107
robot3,1629,1722895024129139059,103.1270717725675,-78.74455353847682,-69.66585412162351,0.025746775798881384,0.0008122229189145098,0.9889076881267178,-0.1462806487330515
robot3,1630,1722895024627421885,103.07318853511606,-78.57266550130547,-70.14615821986621,0.022508781005496678,0.00016469857453349827,0.9875020082335727,-0.15599074134924457
robot3,1631,1722895025131437021,103.19550296525607,-78.51388953116948,-70.6889840643088,0.01974273880695524,0.0003471668996067382,0.9813469156907118,-0.19122848847353055
robot3,1632,1722895025630187635,103.35228740610263,-78.5455322204356,-71.12098751840206,0.017829259170056264,-0.00018548079212187975,0.9734968915300252,-0.22800413438291278
robot3,1633,1722895026128461218,103.41541747578749,-78.49011634823748,-71.4707462450834,0.016448822782696163,-0.0008032562721906416,0.9596938982170526,-0.28056445379517014
robot3,1634,1722895026629989639,103.28098002527067,-78.25269192152956,-71.91262107397742,0.012326276667497605,-0.002640508068899502,0.9097952907825736,-0.4148657849118276
robot3,1635,1722895027127099862,103.21210209050622,-78.16334953095652,-72.06714296797955,0.010000406786326887,-0.0016835116199631962,0.8641768051840621,-0.503086083125543
robot3,1636,1722895027630680894,103.10925567138767,-78.04348512703143,-71.93707399020266,0.012368279091338799,5.253162279350066e-05,0.9006981503888439,-0.4342693459120306
robot3,1637,1722895028132635880,102.86647800218309,-77.82942191947707,-71.7354196766964,0.008867587817722209,0.0005352181632129575,0.9558216812426805,-0.29381285386148176
robot3,1638,1722895028629887558,102.74791327192729,-77.62528084332763,-71.81780642085931,-0.0016689241146091809,0.00333845294939408,0.966899604411093,-0.2551298187469986
robot3,1639,1722895029130698923,102.66413418645152,-77.49311581970207,-71.87422821984168,-0.0037088092601934696,0.004646529364701766,0.9890212327594848,-0.14765383723304812
robot3,1640,1722895029629667425,102.70087324133753,-77.4818225497813,-72.0466144923848,-0.005085798427421206,0.002402398132498414,0.9967947893929769,-0.07980295092651281
robot3,1641,1722895030129214289,102.56510625723988,-77.28980370355083,-72.00998883546329,-0.009908466319840653,-0.0034616524284962168,0.9990430623429642,0.042459378728910535
robot3,1642,1722895030630401144,102.36416040795791,-77.0893149269809,-71.90421919043438,-0.012678476694674189,-0.0076211929661424895,0.9889812048219762,0.14730020419316475
robot3,1643,1722895031128750922,102.07914256786704,-76.77916757806021,-71.87654680543119,-0.008019055352242649,-0.0037160079765150918,0.9896083532223974,0.1435172228982675
robot3,1644,1722895031630795358,101.80986748808789,-76.49419168422028,-71.90375863675196,0.0032101149368255395,-0.00031021158411506243,0.9842128320144938,0.17695960055581916
robot3,1645,1722895032130541635,101.48577581457056,-76.13702841320698,-72.02530553153355,0.007633291446119958,0.00586749965581719,0.9867491392098566,0.16196740899975742
robot3,1646,1722895032629751298,101.18185962027613,-75.82465702575324,-72.05869610767472,0.0017599696468082193,0.008119706591899383,0.9875968054015255,0.1567913353231134
robot3,1647,1722895033130896645,100.91408988140358,-75.48156480528249,-72.1074870471429,-0.0017405034048532358,0.011747021119050731,0.9878838157597377,0.15474024913611517
robot3,1648,1722895033629013465,100.75701396419062,-75.26999017646317,-72.1362269455254,3.3498158745771645e-05,0.0158970453230324,0.9877058461182903,0.15551348614066604
robot3,1649,1722895034125738725,100.5175770766791,-75.040913250659,-72.0460173819735,0.010709704941735893,0.013752570487793003,0.9875406142693215,0.15639598522216144
robot3,1650,1722895034629316207,100.13182695917004,-74.73352674844301,-71.89586278312942,0.055082211857989255,-0.006938597820051171,0.985210319200311,0.1621062390481769
robot3,1651,1722895035129920292,99.85469436542077,-74.42039943975881,-71.86948561278145,0.07654220323102821,-0.019688430892539466,0.9835657871890768,0.16233298828230028
robot3,1652,1722895035630678025,99.361713852769,-74.01209658515086,-71.68157196885147,0.055284125521919324,-0.007148747551532051,0.9843249016251288,0.16732318701961651
robot3,1653,1722895036129978042,98.89006195372626,-73.60743578150587,-71.59027985202172,0.051671802445621556,-0.004524514970121794,0.9879966435078039,0.14550665281566777
robot3,1654,1722895036629622233,98.39336334105019,-73.18635982478193,-71.65224044542958,0.0504984126910093,-0.007604256077610707,0.9897668345229441,0.13324300688451063
robot3,1655,1722895037132840787,98.0656809605934,-72.89403243597395,-71.7942230885278,0.056449556382103715,-0.008028236000675905,0.9903273507743854,0.12649400507205388
robot3,1656,1722895037630809697,97.83608068224099,-72.65735513402213,-71.86485338035658,0.054107651836000005,-0.005620934120051746,0.9910593151920134,0.12182857170446379
robot3,1657,1722895038128437531,97.60182765137203,-72.54504462724508,-71.881927515122,0.046915400040147166,-0.003115024489447637,0.9927826329004955,0.11032626918673058
robot3,1658,1722895038627058229,97.47691182460711,-72.50757806699085,-71.86586745897482,0.04267746874586837,-0.0018515499898985668,0.9943184703562571,0.09749864066987564
robot3,1659,1722895039130474633,97.47858729674233,-72.57256970272522,-71.8646630970887,0.04210638385014058,-0.0018616435503894715,0.9963315245865164,0.07447872070238297
robot3,1660,1722895039629427999,97.45154944172178,-72.63049271922405,-71.79500468148508,0.04139337964825336,-0.0021106778373190973,0.9979461367209759,0.04884302779355311
robot3,1661,1722895040128433106,97.23609659588467,-72.5290828971161,-71.68653989606453,0.028353426901761954,-0.0010144953340315566,0.9995875356120435,-0.004451138189872933
robot3,1662,1722895040631144295,97.00635449475395,-72.35368625337146,-71.72896232709599,0.020534500918979487,-0.0007811654888224103,0.9973609856471481,-0.0696332417846298
robot3,1663,1722895041126649721,96.83074555861556,-72.16081816234993,-71.84628584096855,0.01958966674335551,-0.00034830026961282616,0.9934123407118041,-0.11290724053532245
robot3,1664,1722895041631515185,96.41673247335311,-71.75827016980826,-71.87309817108772,0.014043348425366262,0.000907592499360548,0.9925680758425879,-0.1208742133749025
robot3,1665,1722895042128574529,95.83401703840522,-71.16846813217683,-71.93056571776064,0.005186446465746139,0.00021644720353063135,0.9921059387998681,-0.1252950921692409
robot3,1666,1722895042627858843,95.31849936223406,-70.65475802617351,-71.98471782179492,0.005649259386968777,-0.003708360690390825,0.9961465477837467,-0.08744363480489746
robot3,1667,1722895043129155704,94.77309639794306,-70.1833804473448,-71.88115881484747,0.03193288592256188,-0.007060399172822055,0.9991477525349894,-0.025183529626649947
robot3,1668,1722895043630211068,94.25750017826431,-69.74027969446577,-71.82155536968796,0.038288658164819224,-0.01890674456833241,0.9990131230312521,-0.012218579177215534
robot3,1669,1722895044130897632,93.70611827330158,-69.25799704700762,-71.75383315181986,0.03901542340450139,-0.01485591102354512,0.9991156979601293,0.004992067094081329
robot3,1670,1722895044629529655,93.1942788573943,-68.72956566197034,-71.6905512735066,0.01694247714875865,-0.011874192072481657,0.999587490665407,0.019919953210898775
robot3,1671,1722895045130491084,92.75030067287327,-68.26088227524265,-71.62957244080688,0.007532931679404683,-0.01220997692772099,0.9992414377376554,0.036203874263971716
robot3,1672,1722895045630601658,92.2302212949138,-67.74237540105557,-71.52785225193603,0.007823993017889093,-0.0113060174839415,0.9986791745251945,0.049506216494345584
robot3,1673,1722895046128648002,91.73739319385582,-67.32259683514499,-71.28796917065593,0.010250005100079111,-0.010582143463606971,0.9954735844737375,0.09388981973660773
robot3,1674,1722895046630940402,91.34618848206982,-66.85631443618158,-71.10059231283581,0.009131133068890693,-0.0070288785340870755,0.9934504638051438,0.1136811032704028
robot3,1675,1722895047129306182,90.95502006564945,-66.54456839602271,-70.98223925754405,0.004438678478438848,-0.0038325062825387357,0.9958623392509524,0.09068523193210923
robot3,1676,1722895047628986848,90.6848137917465,-66.36044361924387,-71.02143482310478,0.02496673973284759,0.0012840368295014475,0.9972498244463014,0.0697696266175592
robot3,1677,1722895048132059246,90.4868455712668,-66.17941492043936,-71.09628575560104,0.037374652088766294,-0.019374101441027455,0.9973017457518976,0.060141562124822405
robot3,1678,1722895048631934468,90.45069899357154,-66.19452780961582,-71.07858500043383,0.03760758695230676,-0.020374564902891218,0.9984102291682088,0.036709137839612146
robot3,1679,1722895049130070855,90.19981052014134,-66.09204879040153,-71.06594949876911,0.03271001727263917,-0.01178644573395473,0.9990130321721998,-0.027642286755826063
robot3,1680,1722895049630673739,89.8597568297275,-65.87610800890407,-71.05144079340437,0.03004835448020515,-0.01367432683716066,0.9939130393963556,-0.10510461120465191
robot3,1681,1722895050135917054,89.37857711397811,-65.51888544250835,-71.1555224121079,0.009923571189841243,-0.022469620239509786,0.9888818003382351,-0.14666091456466185
robot3,1682,1722895050628709994,88.68822587025205,-65.07135646935443,-71.35474523041843,0.0425903715038317,-0.030513356441044512,0.9879693702814785,-0.1455043597954583
robot3,1683,1722895051131815428,87.89741845442802,-64.49109940911538,-71.29035409155647,0.03256743259978078,-0.0331380240635667,0.9983419284512401,-0.033979811525084135
robot3,1684,1722895051629305756,87.22004112383941,-64.04025700350928,-70.85674502792655,0.0305473079669906,-0.027929132010674096,0.9945393506620873,0.09580347355776697
robot3,1685,1722895052127621109,86.63286473280822,-63.71782753810052,-70.56016404717134,0.029748818968502462,-0.028178386762388676,0.9927011494878674,0.11342580876905997
robot3,1686,1722895052630770647,85.97129357957044,-63.2209219091968,-70.2825447633459,0.015684133608314457,-0.03501996660080709,0.9902058584743781,0.13423847337948577
robot3,1687,1722895053131220053,85.57360783895963,-62.86984305087815,-70.00934990750861,0.01905585572151774,-0.039602944463264726,0.9791581532960737,0.1982871452877949
robot3,1688,1722895053632976678,85.2457530210937,-62.74075658744015,-69.7512715826045,0.027546042307140153,-0.03973558986391046,0.9634012023168956,0.2636672558846479
robot3,1689,1722895054128014806,84.78326154841098,-62.45877149266036,-69.4486483186714,0.01208720274482875,-0.030224854268091295,0.9579747814845764,0.28499943114654885
robot3,1690,1722895054627999602,84.45192379063785,-62.147639245670334,-69.30745571315957,0.022815302872914518,-0.019128422419577178,0.9562793514542448,0.29093533197740756
robot3,1691,1722895055129890814,84.12738967348488,-61.99452763924296,-69.07037718864399,0.027500322794558767,-0.019506486566746438,0.9508889578672195,0.307690459771195
robot3,1692,1722895055629646052,83.83314000493267,-61.74186218293566,-68.47105447665552,0.028837770809192406,-0.019635313929878367,0.9484030777435624,0.31514193555947145
robot3,1693,1722895056128398508,83.26449873450389,-61.31866502505732,-68.01627620285458,0.034280057667940636,-0.01925183810693214,0.9666109842764516,0.2532142362741411
robot3,1694,1722895056632560972,82.65869803347279,-60.6453080163113,-67.75851287800907,0.021753927664501623,-0.021944575444614405,0.9897932427151622,0.13912059126932738
robot3,1695,1722895057129221879,81.9156198513811,-59.99699591366562,-67.33268877649988,0.03171731182960271,-0.029471632744388018,0.9892393116423974,0.13975342319585335
robot3,1696,1722895057627938550,81.26238317420776,-59.501665190601486,-66.96870801504096,0.036829191472525696,-0.02762162355067935,0.9879833456132426,0.14754512990528823
robot3,1697,1722895058131305100,80.77632476718777,-59.01978932646349,-66.81621224234596,0.024489238987590128,-0.024420637800754576,0.9876158679511703,0.15303204564492298
robot3,1698,1722895058631804261,80.51424396739567,-58.656246508579954,-66.9599913246063,0.032089647550463805,-0.04056779910564084,0.9838562168795211,0.1713226567133724
robot3,1699,1722895059130812143,80.04877410506977,-58.39041755280176,-66.70700618913692,0.0261701987518249,-0.04554651249140503,0.9904073222349983,0.12780442856356997
robot3,1700,1722895059629730673,79.31918163304564,-57.94636755863681,-66.39339864045613,0.02867862804608365,-0.049728802857176395,0.9879848195411709,0.14349417694103941
robot3,1701,1722895060130002137,78.5493271993405,-57.48472123628917,-65.99315563575163,0.03183152359119691,-0.053559006384465584,0.9873658713969146,0.14569427902832455
robot3,1702,1722895060637255464,77.84040192702606,-56.9776583596442,-65.76467842235239,0.022935266627292967,-0.05115695835859199,0.9910706518779547,0.12097893263886098
robot3,1703,1722895061130395161,77.21193708267354,-56.49047528499211,-65.53673635134844,0.021500550249796017,-0.05304359666822131,0.9900519762456399,0.12853477165171273
robot3,1704,1722895061627024857,76.49130194394395,-56.016792913348105,-65.27939202175159,0.023136241590393142,-0.05199620740362772,0.9888208906951085,0.13782000894515378
robot3,1705,1722895062132523769,75.79006877142331,-55.47471767242873,-65.05820317461536,0.023451903325137344,-0.05193322997334657,0.9869614954467713,0.1505322369475619
robot3,1706,1722895062634984759,75.14646860685394,-55.00163584949102,-64.96406428163617,0.025887432666897536,-0.05022479836676067,0.9864080602332864,0.15429338665587772
robot3,1707,1722895063130824424,74.45910381736262,-54.515038305970705,-64.70922827158189,0.025103077860422995,-0.04869102282142801,0.9854933500796876,0.16062962593261196
robot3,1708,1722895063629431836,73.6147438325304,-53.942206317617895,-64.3092122055988,0.032781305245099174,-0.053591834621640355,0.9832747130273322,0.17095069467344048
robot3,1709,1722895064128705314,72.95498791021068,-53.42356087108208,-64.14684747539648,0.026074604523994217,-0.055759725998289905,0.9834394883833432,0.17046331172372925
robot3,1710,1722895064632419304,72.20420135154768,-52.85083294576549,-63.952908022471455,0.024273329173557588,-0.0542049883763835,0.9841119902406626,0.16732069624081178
robot3,1711,1722895065129373765,71.33488097747467,-52.53427056463888,-63.756950372039924,0.025024315486451416,-0.05602014252391712,0.9874386463259163,0.14560373280955652
robot3,1712,1722895065632608301,70.80158219125326,-52.1669384988892,-63.657008829053375,0.0210911893800581,-0.056072273136174994,0.9882280016982238,0.14077101468488548
robot3,1713,1722895066133894652,70.10537567796256,-51.64500984741496,-63.45219027770291,0.02353257910238509,-0.054222871314123657,0.9861509472886475,0.1549593724462802
robot3,1714,1722895066629746709,69.34777246227291,-51.12964870457034,-63.09938253181479,0.024636389501787592,-0.054381628398514945,0.9856084009224166,0.15815108863425162
robot3,1715,1722895067131219781,68.44197850098509,-50.616050364998976,-62.8285008322409,0.019701382001637485,-0.05435588879190808,0.987237775848856,0.14838755620964747
robot3,1716,1722895067632860834,67.72515700015408,-50.019251795576544,-62.69022139117878,0.017882651198804847,-0.05586268699601625,0.9881371788577711,0.14193127473073885
robot3,1717,1722895068131876481,67.03409349244465,-49.43625400047569,-62.47790546257193,0.017512424171415592,-0.05794825195400708,0.9902098830963474,0.1257763988728936
robot3,1718,1722895068632377984,66.412023726557,-48.91196903073584,-62.28506936498502,0.020612323286327647,-0.05612760646450912,0.9895767315316435,0.13100655072344494
robot3,1719,1722895069128729174,65.80505193117945,-48.39984192906379,-62.05118838912861,0.020084482089062487,-0.05110711986884167,0.9880238040114033,0.14419999509279527
robot3,1720,1722895069631042192,65.20494860255056,-47.904506539031075,-61.883845058988186,0.01861833320223547,-0.049224523639195474,0.9865226962450258,0.15492989942134966
robot3,1721,1722895070132656691,64.6847700651922,-47.481668157375836,-61.69463950834826,0.02066140370848209,-0.049303508834410315,0.985883469172716,0.15866964304926415
robot3,1722,1722895070630210256,64.22908150753273,-47.100514382465505,-61.66340019487421,0.02002171942460527,-0.050331597697363395,0.9844982503220714,0.1668204308149731
robot3,1723,1722895071132712502,63.765128920196936,-46.71428494246773,-61.55232917858057,0.014200708651889176,-0.05249719362599089,0.9816248783968127,0.18290703279978582
robot3,1724,1722895071628341817,63.25782106319388,-46.383211973399284,-61.41366383205057,0.011183396032081967,-0.04735086502976992,0.9842830553938814,0.1697636418630551
robot3,1725,1722895072130064111,62.764119105375144,-46.00034563456093,-61.418706125019966,0.012001521460107054,-0.046040937955102584,0.9869692680491571,0.1537135629714177
robot3,1726,1722895072628765169,62.191200074138095,-45.66754696578288,-61.2981173639228,0.01555336253622913,-0.044343417181341924,0.9906248903157253,0.12827346161016903
robot3,1727,1722895073132720191,61.48428093317653,-45.21903888460603,-61.092487688232225,0.014003767027040386,-0.045528218454997986,0.9926906954204674,0.11088849831698043
robot3,1728,1722895073629648572,60.75786864989326,-44.64083562801648,-60.99581106306199,0.016301729354473406,-0.04920728062393182,0.9954261375771519,0.08024775250363267
robot3,1729,1722895074131245105,60.14665792244579,-44.07199054625802,-61.12632898250445,0.016203176475610915,-0.05078603395725202,0.9984643464052926,0.01507265021305393
robot3,1730,1722895074635935692,59.547712034122505,-43.42096456643072,-61.38037755453114,0.010262117840667002,-0.05516268533570606,0.9977894220918578,-0.03560949656446259
robot3,1731,1722895075134450337,58.922582002709845,-42.76091134864028,-61.5108456427336,-0.0008395216583081911,-0.05546528787269802,0.9971260106900007,-0.05160054117960834
robot3,1732,1722895075637699188,58.444308097006676,-42.33506476919215,-61.64079458343241,0.006970269155021912,-0.05312093453461429,0.9984077737480607,0.01764933374144669
robot3,1733,1722895076132322656,58.07687875453602,-41.938755698428984,-61.61137000668879,0.007583607600685611,-0.049145253246289725,0.9966744407373704,0.06455456730523898
robot3,1734,1722895076631017302,57.50503973350059,-41.392160237569634,-61.468875829576646,0.0016006026107484742,-0.04251836795693617,0.994452312162631,0.09619888404736326
robot3,1735,1722895077134095087,57.027308118835904,-40.957650344658425,-61.40876476433789,0.007474589831611637,-0.04091487665466467,0.9928358976863214,0.11201331903206431
robot3,1736,1722895077630044150,56.45634075359965,-40.41355387860136,-61.339343237212645,0.005885752312925865,-0.040239855335148594,0.9942640452757073,0.0989197666510758
robot3,1737,1722895078131972021,55.88566202619953,-39.896065638834195,-61.27841256513624,0.007020848519374024,-0.04132111876094468,0.9938528374360742,0.10246858226147273
robot3,1738,1722895078637227829,55.35822509542127,-39.48397623368407,-61.157168617316636,-0.003111559534098304,-0.040740608842466,0.9914134312658487,0.1242172664893547
robot3,1739,1722895079133617940,54.94382680587075,-39.0558581345707,-61.00049394332426,-0.0030749296800843956,-0.042920347604702265,0.9890862829153242,0.1409138514046847
robot3,1740,1722895079633745512,54.54712581792625,-38.79681942858921,-60.94281713254865,-0.0023264382564000563,-0.04266828075382291,0.9878886203431246,0.14916460471274612
robot3,1741,1722895080132057711,54.133584119894756,-38.475994030077715,-60.82328155203203,-0.0013725171354191253,-0.0449749728071567,0.9865624721057025,0.15706640840865232
robot3,1742,1722895080632346377,53.71447400422839,-38.088306222750035,-60.57176835795805,0.0016912258782742523,-0.04941796196675019,0.984747145003114,0.16681746071169437
robot3,1743,1722895081131542782,53.26309773641168,-37.700042582924965,-60.34080719707492,-0.003534392017934881,-0.054841653212881626,0.981781750814498,0.18189143716393155
robot3,1744,1722895081629731719,52.774732246575745,-37.31068240842426,-60.14442578112747,-0.009768555327699577,-0.058229161784276104,0.9842883487111522,0.166404286712162
robot3,1745,1722895082132548943,52.28031784618246,-36.858037452630846,-60.041767011914395,-0.008547435426044414,-0.05784481632715251,0.9855153368233632,0.15918680679518757
robot3,1746,1722895082631458859,51.79140432609386,-36.426920181030056,-59.78352433720862,-0.006765854288281469,-0.05593521316784021,0.9845983193451153,0.16550415307898517
robot3,1747,1722895083127805631,51.316335479880685,-36.04346266715249,-59.733152673539905,0.0025067577029340544,-0.05797396758802766,0.9853832381374052,0.1601643195151862
robot3,1748,1722895083636602237,50.832838036814366,-35.68495099508696,-59.52899224571545,0.0006024350977538869,-0.05536903569859919,0.9800180192006094,0.19104603895363662
robot3,1749,1722895084132484265,50.378254285828895,-35.300658591299396,-59.33983099968317,-0.004674880132196104,-0.05466900866053784,0.9751687518700692,0.21455850102942792
robot3,1750,1722895084632527414,49.94436685441197,-34.89909027594075,-59.12303074391036,-0.006246358699712954,-0.05498588441259804,0.9702387115169896,0.2357421858560974
robot3,1751,1722895085132360708,49.68725979687136,-34.60822768826529,-59.116469420486254,-0.00902770725163795,-0.051862249887730784,0.9677242300403553,0.2464520686282887
robot3,1752,1722895085629289102,49.39971598522618,-34.344456630985704,-59.07378916044894,-0.012989965877851391,-0.044281763784278526,0.9680776855489182,0.24636554329876467
robot3,1753,1722895086131729651,49.115040786422504,-34.15642646806761,-59.03393903118931,-0.004744272306437354,-0.04548292843305928,0.9749392080013373,0.217720774854309
robot3,1754,1722895086628356935,48.72075462490713,-33.85901489634263,-58.73411454166462,-0.004706319752419438,-0.04800337508551731,0.9799478068842207,0.19332827604257338
robot3,1755,1722895087127192050,48.33826101380911,-33.60639575953085,-58.45011060667586,-0.010734994876857158,-0.04889000679128247,0.9786386547095058,0.19940138071064306
robot3,1756,1722895087628404317,47.96509245745627,-33.24919620163622,-58.36120378340496,-0.005520366087142787,-0.0550587915490971,0.9836303849343296,0.17149146003623492
robot3,1757,1722895088130005712,47.56093956394161,-32.93948295530947,-58.21792757726854,-0.0030963049827803513,-0.05825652714302251,0.9829636582009695,0.17429583069269164
robot3,1758,1722895088627209436,47.099522472072636,-32.6306330664039,-57.93571436185321,-0.0014225343353876417,-0.062120630895981875,0.9770573760213971,0.20371030306622234
robot3,1759,1722895089131578811,46.58594526172741,-32.243119884092025,-57.597137038790045,-0.009494082202553596,-0.05677663063486484,0.9736444957684206,0.22068681989811076
robot3,1760,1722895089629635986,46.100408251217445,-31.83174399612323,-57.388821692617704,-0.01718082139910379,-0.05047020373361781,0.9746683330401599,0.21720777720849493
robot3,1761,1722895090152359296,45.67790715007037,-31.4666189412992,-57.17485439144376,-0.014659093683650164,-0.049646165838473616,0.9694257432259816,0.23986266395724426
robot3,1762,1722895090630963227,45.31286610396534,-31.197475235414068,-56.95346956373199,-0.009672696549340548,-0.04634338027950925,0.9594472867425443,0.27788420971351185
robot3,1763,1722895091130343211,45.018057344738075,-31.016932170460407,-56.62375603576613,0.010540722896155664,-0.05275037570942757,0.9295317045845055,0.3647973426377507
robot3,1764,1722895091632709982,44.804437448571996,-30.952780244558095,-56.306824774450554,0.019478142374787455,-0.051049672483694575,0.8770474010128391,0.47728648554674075
robot3,1765,1722895092131905090,44.76465847126648,-30.933406272237708,-56.187291211455545,0.024443562710530373,-0.05246912453316896,0.8100188100956887,0.5835400847447447
robot3,1766,1722895092630916827,44.784429222095135,-31.00717095999234,-55.91883400369539,0.035809089543903085,-0.05307883249048357,0.7164914185248541,0.6946512749773991
robot3,1767,1722895093130120966,44.7262271682037,-31.21825546877764,-55.58183742279432,0.04576611181910064,-0.05438944096417521,0.6778346301666713,0.7317700908532528
robot3,1768,1722895093631783482,44.79458167273759,-31.492443621873406,-55.063421178553,0.0389700666701348,-0.043930695060043996,0.6102227910197009,0.7900503612146462
robot3,1769,1722895094128231953,44.75252131673427,-31.655021797097604,-54.65113404424054,0.043445098122363746,-0.038790607564657825,0.5785291145585563,0.8135796677781445
robot3,1770,1722895094631463517,44.827977696111425,-31.830905759635044,-54.182010842060144,0.04939970093840484,-0.03987576745055702,0.5047602527434243,0.8609219941247985
robot3,1771,1722895095135160928,44.90050488174126,-32.043455383253985,-53.74907549126321,0.054198797971576215,-0.0400454390738566,0.46837332450572383,0.8809570261932612
robot3,1772,1722895095632047752,44.916634445848246,-32.25097157782895,-53.347953252859874,0.05654923609649626,-0.03859846362525303,0.4181215693041898,0.9058072067417406
robot3,1773,1722895096130775879,44.95253363604762,-32.38735680811886,-52.905431034223106,0.05697344186893235,-0.030736829458610327,0.3911467288943403,0.9180487518164258
robot3,1774,1722895096633617113,45.04879067740013,-32.641983036589586,-52.43984450817881,0.06091066771412121,-0.03093496342027576,0.3823274649573065,0.9214980347977556
robot3,1775,1722895097130420845,45.12209003729712,-32.84019851558792,-51.98783590920834,0.06166705742999568,-0.03297813300798798,0.405243812332268,0.9115300704516789
robot3,1776,1722895097636554049,45.1841117183344,-33.162435464506416,-51.49165342907993,0.058010053719804215,-0.03212365224298313,0.4180491531137073,0.9060009990142999
robot3,1777,1722895098132257732,45.18532203062777,-33.37940726446652,-51.03871841263615,0.058257044522597265,-0.0349209802123857,0.44513405937383344,0.8928842652269502
robot3,1778,1722895098631975198,45.17698232120205,-33.53998342927307,-50.564027641613905,0.05736009919725138,-0.035334010389989255,0.4772992792581676,0.876154509632562
robot3,1779,1722895099132001723,45.22203362251513,-33.85485331838486,-49.903696483733,0.05634189290741302,-0.034115059200616166,0.5022117916737233,0.8622326079099634
robot3,1780,1722895099632618013,45.32685128122048,-34.18365840898641,-49.228225604742796,0.05803434297293357,-0.03630277367314063,0.4972423562238355,0.8649070255445408
robot3,1781,1722895100128807609,45.315917523071725,-34.447982383418896,-48.52046722487699,0.05770248642044131,-0.03905728440409625,0.4931661771060043,0.8671401693812398
robot3,1782,1722895100635961875,45.188364540650326,-34.641672146249306,-47.785411742516594,0.05739418929778825,-0.036992857925184044,0.4893146635357983,0.8694300406278964
robot3,1783,1722895101130055313,45.13739457367154,-34.98965961842313,-46.993694113673925,0.059965719377937814,-0.037744254554246084,0.4828785520058292,0.8728160102566773
robot3,1784,1722895101633150910,45.094079604213654,-35.31561575601703,-46.262257715560146,0.05962998241835551,-0.03412642887692311,0.46425533904216737,0.883032633722977
robot3,1785,1722895102132380061,44.99020328273586,-35.54662257892094,-45.52892699812739,0.05948413969747941,-0.038327907364455925,0.4502081048101904,0.8901153133188583
robot3,1786,1722895102629154138,44.954110359637895,-35.839619196206584,-44.77933744003541,0.06435813973200523,-0.04160756124896173,0.46050903282680195,0.8843405856241547
robot3,1787,1722895103132622796,44.9031057868358,-36.131534293441696,-43.96877121554264,0.06295745322439537,-0.04485872740713593,0.45567763937650635,0.886781789749409
robot3,1788,1722895103632587955,44.89878234029863,-36.52725599392464,-43.10767759469832,0.05971510879465402,-0.04673099144784043,0.4509828380062448,0.8893057966997503
robot3,1789,1722895104129199910,44.87455201774074,-36.93790328244043,-42.284512828631506,0.06098682452973762,-0.048110921803840676,0.4479193416037333,0.8906931064369151
robot3,1790,1722895104635494061,44.72181057306423,-37.20695851800317,-41.475448521246626,0.05706127001187783,-0.04181989530595966,0.46180117370699575,0.8841576690749626
robot3,1791,1722895105132186441,44.614573512567866,-37.470121353305466,-40.69019889515963,0.05832907305382523,-0.04411563750278997,0.4588458859544792,0.8855009783772422
robot3,1792,1722895105631088165,44.60638847579836,-37.833398970836605,-39.8885441088519,0.062197529548379364,-0.04716550255167619,0.45538013387355375,0.8868685451409529
robot3,1793,1722895106129021200,44.6848774838665,-38.14214808400484,-39.087175514800016,0.05717524287417469,-0.04031688711384835,0.4524702249072606,0.8890310657047376
robot3,1794,1722895106631850167,44.639240412529055,-38.43406415231054,-38.2827342343917,0.05634859415702939,-0.04636151126023173,0.4465580541273603,0.8917742710485538
robot3,1795,1722895107131719601,44.58818668502404,-38.727532987618126,-37.519219341823074,0.056614959136933894,-0.04629504976740456,0.4427631712119774,0.8936511002551667
robot3,1796,1722895107632385992,44.547645825022016,-39.07993687271305,-36.770106906849165,0.05921223848415007,-0.05303163890922643,0.4457904372094865,0.8916010555068181
robot3,1797,1722895108133216129,44.62409618539639,-39.40722817845416,-35.89566928701378,0.05538612988871733,-0.04145937559191497,0.44538093960313657,0.8926641672150315
robot3,1798,1722895108631107907,44.666133999866744,-39.8677005075087,-34.995238245276234,0.05778279720086122,-0.044638654151873396,0.4499084072410198,0.8900848071936752
robot3,1799,1722895109131898827,44.55247397512556,-40.259591264258866,-34.10201731794209,0.0590173196310132,-0.04790914255000707,0.461680787518165,0.8837830732030915
robot3,1800,1722895109631175994,44.37964625244209,-40.597177060067246,-33.304238580999495,0.05893439797047181,-0.048424451707475,0.45908303086651686,0.8851127498703774
robot3,1801,1722895110129270682,44.31963945950372,-40.87839684832986,-32.504739320384395,0.058636564641231056,-0.0498121908073696,0.4564450950699325,0.8864188480174849
robot3,1802,1722895110629394346,44.31154487398452,-41.225863349075645,-31.721862323678426,0.06280055114406942,-0.05477265422780014,0.45344129457367915,0.8873821271020669
robot3,1803,1722895111130467902,44.296417504865744,-41.60964246183591,-30.905905113599434,0.05869632310151608,-0.050004455923801594,0.44955224248474135,0.8899197027367511
robot3,1804,1722895111630699586,44.233286131620964,-42.01818788237087,-30.099592553825037,0.05985519635671989,-0.04624502657778788,0.44573770631383,0.8919622470463668
robot3,1805,1722895112128125915,44.133308040337546,-42.34297810927494,-29.314217069385002,0.05990442423724886,-0.04690583372556902,0.4497975819998106,0.889883946335946
robot3,1806,1722895112628554448,44.072036645337356,-42.66745557404304,-28.53715150345374,0.061023097918352996,-0.04875458712718505,0.4549325996970746,0.8870938515666571
robot3,1807,1722895113130696609,44.03517401132629,-43.09026741848867,-27.588958957338367,0.06031606870569623,-0.05833805239791964,0.4682895874574701,0.8795814378312107
robot3,1808,1722895113627153591,44.00140410865694,-43.48488681142397,-26.727482014776182,0.061490298915832534,-0.055320338808939815,0.46117551253968475,0.88344538591079
robot3,1809,1722895114128556760,43.96298451030089,-43.80726605608536,-25.83183531533041,0.062469365135985125,-0.051862674972312985,0.4460098018027266,0.8913378136599589
robot3,1810,1722895114631016355,43.98767337870278,-44.20653411557175,-25.008531325898325,0.060189114068568514,-0.045685341684054144,0.43101484193400996,0.8991753589458803
robot3,1811,1722895115135513766,43.925035821603686,-44.536003572035575,-24.186539219765628,0.06309773093449954,-0.04231187059576529,0.4295302501275117,0.8998511800197864
robot3,1812,1722895115630685109,43.884311327754126,-44.81062388063836,-23.383330272074254,0.06674044899767193,-0.04592571829620082,0.43136552908583253,0.8985323150466359
robot3,1813,1722895116130440093,43.8099364549043,-45.12225274396999,-22.484831635497198,0.06324333603118723,-0.04696787604962672,0.4594601122638744,0.8846980865275459
robot3,1814,1722895116629912224,43.83905155165289,-45.57129440622769,-21.559927250485735,0.0643036126194758,-0.03941977171601517,0.4503944488323164,0.8896381103926335
robot3,1815,1722895117130682996,43.85075550812993,-45.963613100737355,-20.766669387606452,0.07020470200287,-0.047135813117497566,0.4400883014406225,0.8939640942865369
robot3,1816,1722895117629678165,43.75048330951853,-46.22795773153083,-19.970503438730297,0.07221780572701521,-0.046970607978425054,0.43690767086653687,0.8953714523370119
robot3,1817,1722895118126982662,43.76536582837256,-46.612713925115465,-19.148722039323378,0.07009337420134192,-0.04698322114625386,0.43383326666032734,0.8970329941326697
robot3,1818,1722895118630061320,43.776738652440855,-47.00676913510398,-18.375816854338648,0.07163455169329226,-0.05177605855493677,0.4324690697386068,0.897306098543658
robot3,1819,1722895119130731858,43.73786764587,-47.3711135495679,-17.544142951915305,0.06979847219457706,-0.049929690887161655,0.4494962522831389,0.8891503351124758
robot3,1820,1722895119628696371,43.744181117041684,-47.707958543332445,-16.719948505455154,0.06757642710780294,-0.046976800251761174,0.4482099160880849,0.8901317193863848
robot3,1821,1722895120127895180,43.760252239262,-48.09299706511107,-15.887200578793982,0.07036994606262353,-0.05545531718951151,0.4510835050199791,0.8879732259395238
robot3,1822,1722895120633367467,43.63962787834869,-48.449089288420744,-15.079501589939794,0.06459630146685899,-0.05701941922130114,0.4675480591300021,0.8797584418874514
robot3,1823,1722895121130471886,43.439910100757125,-48.673293163948,-14.376318521813614,0.061701452621718195,-0.057845858309049245,0.4673336427586182,0.880026166523939
robot3,1824,1722895121630756355,43.410112596441834,-49.00649259466947,-13.641168813762592,0.058445479717193986,-0.05786146458277871,0.4587333914395552,0.8847597710086771
robot3,1825,1722895122130502181,43.4835910531676,-49.47634430803998,-12.856153703875874,0.05962720801424823,-0.056242870508496176,0.43024400805289953,0.8989835533067146
robot3,1826,1722895122630450734,43.4863979512525,-49.88789255242821,-12.074640248280769,0.058589726656275494,-0.05080735147499169,0.4248587100513393,0.9019317787171885
robot3,1827,1722895123131471528,43.354446420788726,-50.19215804793347,-11.253521603134134,0.06222019704515888,-0.05496963763826557,0.4317988591848736,0.8981407079206583
robot3,1828,1722895123628736473,43.325495252551455,-50.549890345981886,-10.427345917791946,0.062370868738915085,-0.055917068316071177,0.4297096726271673,0.8990732747970777
robot3,1829,1722895124128651151,43.27161641838399,-50.95931736341501,-9.579873855915977,0.06367530006065628,-0.05339469393851778,0.42771659597923634,0.9000849828462489
robot3,1830,1722895124632899578,43.18463724462677,-51.35347276201648,-8.741509496350897,0.06356085743974026,-0.05318804853800331,0.43438378526120314,0.8969067822223181
robot3,1831,1722895125132502776,43.174390544989,-51.675029197854094,-7.905783422809558,0.06071908840713164,-0.058303893720991776,0.43311815197634196,0.8973976346684766
robot3,1832,1722895125632588910,43.13025525349375,-52.00814650498129,-7.09643724813799,0.0618331002855549,-0.058696861254307876,0.4389525147889409,0.8944562795064014
robot3,1833,1722895126130489429,43.03378267986783,-52.33327218731253,-6.363646152473268,0.05950060283673206,-0.05638690582414371,0.4377460068638149,0.8953539124773118
robot3,1834,1722895126630556628,42.96440763036483,-52.59395859593109,-5.685453133037031,0.05833551940784087,-0.047201493765612425,0.43556749860842014,0.8970228203996352
robot3,1835,1722895127130059072,42.843149014462554,-52.741138694787445,-5.152929956831772,0.06496295069961494,-0.05967335967452759,0.4318664011417425,0.8976136790103152
robot3,1836,1722895127630419967,42.86505333105391,-53.01723035798211,-4.565231370353823,0.062135206790673365,-0.05317650256498795,0.4302364970777213,0.8990039111340551
robot3,1837,1722895128130976249,42.93404848554886,-53.36456054976411,-4.040332309142704,0.06267881036740429,-0.054495094941813656,0.4304437328804114,0.8987879862248865
robot3,1838,1722895128630587359,42.9722184227157,-53.69581347405314,-3.4327299516854137,0.06381885469127452,-0.053411674232893766,0.43116657495069044,0.8984262526700919
robot3,1839,1722895129131454839,42.96146142737163,-54.06417469159175,-2.763690384890715,0.06311827114041527,-0.052533454269278426,0.4388188755020191,0.8948152404457168
robot3,1840,1722895129630089005,42.88782378188614,-54.349700326921266,-2.0256096820021865,0.06156135302113061,-0.056713012110175445,0.4541805184135509,0.8869689344983831
robot3,1841,1722895130139709870,42.739486174591015,-54.57298124922752,-1.3149804820652575,0.06234435304876105,-0.057816651076760726,0.4596398232911563,0.8840258193888199
robot3,1842,1722895130633128301,42.6883623748608,-54.826018922610174,-0.6886491794618368,0.060403971434612694,-0.05732051167984112,0.45450538549439057,0.8868430378213966
robot3,1843,1722895131133377697,42.63605723453755,-55.08403437976189,-0.16166268403307157,0.06382523096627292,-0.058619887778820906,0.437062490523019,0.895246573870415
robot3,1844,1722895131630697186,42.57323098589542,-55.28696313815458,0.38610112459465307,0.0653274056072797,-0.05770276404262169,0.4271518176340294,0.8999689137911423
robot3,1845,1722895132130307260,42.59528598944325,-55.60599456575996,0.907539742144861,0.06559613367837035,-0.05800860073788488,0.41704808067912735,0.904656314789621
robot3,1846,1722895132632396299,42.55355245205061,-55.87968973764681,1.4793558783837009,0.06504021553419384,-0.05748250719988548,0.41715865072629066,0.9046790546119112
robot3,1847,1722895133129587578,42.59969735412682,-56.10554681653962,2.0152992073294738,0.06748538048868485,-0.05670074077297109,0.4161285716745752,0.9050236246928428
robot3,1848,1722895133631130888,42.588623688005136,-56.35139777590307,2.527679343682837,0.06937390992391243,-0.06007922066999639,0.41387801055585816,0.9056946175416303
robot3,1849,1722895134133785398,42.57109638609944,-56.655199105801216,3.0350789486339607,0.06617430507762097,-0.05742735998521943,0.41366549452827084,0.9062030226772052
robot3,1850,1722895134630572543,42.52125243015584,-56.88477725803968,3.5086236092063943,0.06488202944433659,-0.057501590658023925,0.41624951817875927,0.9051078543151264
robot3,1851,1722895135132325946,42.53063873260753,-57.17988354365573,4.036810642806474,0.06714874002129015,-0.05770628458260549,0.4192099708338594,0.9035618583067234
robot3,1852,1722895135628481488,42.622735617399634,-57.56807227004123,4.620657965116949,0.0680907948542564,-0.05629950831286537,0.4170107264694087,0.9045971827445082
robot3,1853,1722895136131285324,42.67001157634725,-57.99460081115542,5.335369387186706,0.06571332813813219,-0.05416859638850859,0.4265591432903717,0.9004414578114966
robot3,1854,1722895136629797102,42.65796337328089,-58.2495528170452,6.048352973072844,0.06569544864636326,-0.05512483010622098,0.436328090669993,0.8956914415272661
robot3,1855,1722895137132829387,42.52833198384815,-58.464120262676055,6.775950220632488,0.06436005156974879,-0.05528172617525866,0.4352552510486693,0.8963004970140219
robot3,1856,1722895137630015742,42.49005010028106,-58.785313712558704,7.512971204983371,0.06230971363389189,-0.05585464132388454,0.4447791593604439,0.8917226351439439
robot3,1857,1722895138128839468,42.44597031611045,-59.07295166689289,8.250175619580668,0.06584057126494035,-0.05360783622550034,0.4448315538886222,0.8915806793194657
robot3,1858,1722895138633392819,42.37784204007372,-59.37834418183002,8.947743301919726,0.06388353519547994,-0.05575769108440987,0.4361447083877142,0.8958726288715707
robot3,1859,1722895139130119365,42.30936001618756,-59.66717064282732,9.638277035974829,0.06695916646629481,-0.0545956308018582,0.42951745201011116,0.8989163173189304
robot3,1860,1722895139629237299,42.168654332649204,-59.971079203190364,10.275670562897364,0.06303791643538373,-0.052223505153612765,0.4299426521481842,0.8991374991983938
robot3,1861,1722895140133339285,42.10977574519213,-60.26686681377163,10.994520656072863,0.06403019366622717,-0.06155717601759681,0.4291642471533407,0.8988486509669523
robot3,1862,1722895140631680389,42.08227176249949,-60.5379195621769,11.631606826816082,0.06064902960528679,-0.054969608483612875,0.4254014035457412,0.9012955581896588
robot3,1863,1722895141130238018,42.01512889358754,-60.698667487531665,12.187334053191035,0.06042960967902328,-0.05389940936588511,0.430087140938933,0.8991485790140715
robot3,1864,1722895141631620104,42.00165940897606,-60.95047260727512,12.737445400366441,0.060695330858734624,-0.05680182333887261,0.4294170958671361,0.8992722543559115
robot3,1865,1722895142132212062,42.003739270738414,-61.31047621961846,13.321551879173743,0.06164585689484097,-0.056293146114067986,0.42731117916893036,0.9002422041792637
robot3,1866,1722895142631654789,41.972429691421226,-61.58104721060058,13.889967297492554,0.06384294067640935,-0.05796808550540667,0.4373928064343556,0.8951264228409889
robot3,1867,1722895143130162657,41.88112035675692,-61.618008993702986,14.43667408276635,0.061338010064136785,-0.059271667763850636,0.47361677043991046,0.8765909380548791
robot3,1868,1722895143629347122,41.76286262023367,-61.84198997779387,15.034841290781767,0.06211630286599237,-0.0636805436582577,0.47162010588483033,0.8773031568407984
robot3,1869,1722895144129345188,41.713357849645625,-62.30802641293021,15.550340446697778,0.063645092948719,-0.05548020321856608,0.4235690773262904,0.9019204432361706
robot3,1870,1722895144628521555,41.60642135815562,-62.500407766772916,15.997814067457803,0.06644180413554303,-0.059037568828528175,0.41523939184774833,0.9053597625187144
robot3,1871,1722895145130049636,41.55348293190515,-62.718429016225095,16.503351924112504,0.07158587554870133,-0.06228585344604203,0.4006544323786163,0.9113023431868224
robot3,1872,1722895145631864016,41.5523442020181,-63.08999556577739,16.999491489644605,0.06716146581732388,-0.0530706791849201,0.3917120188637034,0.9160974483087712
robot3,1873,1722895146128093163,41.50836200397493,-63.371257896170626,17.5587150794995,0.06674817576516928,-0.05353300683109515,0.41248335800961894,0.9069379127463756
robot3,1874,1722895146630485867,41.44010675585464,-63.62244118194912,18.174291834836417,0.06731170977237821,-0.056407427769583136,0.41402053054316457,0.9060211565458584
robot3,1875,1722895147132262342,41.36949457983248,-63.83954720415689,18.666992531637543,0.06924023495261138,-0.057880323812047677,0.4137903990857191,0.905888052467633
robot3,1876,1722895147628285982,41.31247282141145,-63.92978046555263,19.13139684816148,0.06701059920626623,-0.05308425207075364,0.4137790221723727,0.9063545457414449
robot3,1877,1722895148131721878,41.38225559449027,-64.09660497642248,19.72722560321777,0.06624603621846777,-0.06025718814137207,0.4204237920919256,0.9028977622110279
robot3,1878,1722895148628053383,41.571974252852215,-64.30980742104732,20.24467816341953,0.06929054530524026,-0.05983990880858874,0.4196296374349402,0.9030664278065612
robot3,1879,1722895149130308793,41.65971185148381,-64.63093676876044,20.869510873914756,0.06893522029109667,-0.06038114269003799,0.437044129355616,0.8947594548294279
robot3,1880,1722895149628639133,41.682549934451444,-65.006185958883,21.5486792247013,0.06710124354472377,-0.058939735267567704,0.45705756452111423,0.8849417570865149
robot3,1881,1722895150128793310,41.60019760447008,-65.28527347248388,22.200990140182,0.06723693719690713,-0.05923579648473041,0.4544246372411904,0.8862666437136237
robot3,1882,1722895150631259839,41.521383536485665,-65.61573351496442,22.791481754983682,0.06401580239743813,-0.058396635662497164,0.43903840489479007,0.8942802072136854
robot3,1883,1722895151131820351,41.40891357060629,-65.8862476141723,23.34480805965451,0.06535214269243965,-0.05993738017018464,0.42826564166803105,0.8992914700309969
robot3,1884,1722895151637767923,41.344708823111326,-66.17554215596732,23.88297902669517,0.06651197381782135,-0.05438321029774509,0.41827700299675424,0.9042471855309376
robot3,1885,1722895152131723198,41.22460858317415,-66.3684995283942,24.432059242508284,0.06993251360992934,-0.05879745016787587,0.41085982347865935,0.9071088737549855
robot3,1886,1722895152631265273,41.12059200821683,-66.55174697509489,25.03065686789788,0.06463086600274569,-0.05397536717692551,0.4238570011714574,0.9018063835745401
robot3,1887,1722895153129346998,41.057622349900406,-66.7781316243749,25.575461971772437,0.0639995833567416,-0.060517315512365104,0.41933395113419647,0.9035489722641067
robot3,1888,1722895153637896109,41.06214706718171,-67.09655997307367,26.14107815281066,0.06204156663880943,-0.05709475689780732,0.41020033540811424,0.908089597768223
robot3,1889,1722895154128508380,41.067853178490175,-67.33242724123824,26.69226198009281,0.062122324221178915,-0.05778824859184835,0.39945129898195425,0.9128198041780616
robot3,1890,1722895154632817982,41.04179268041131,-67.65568819020008,27.37611683774636,0.06201915138385371,-0.05572608245361073,0.38845575606359023,0.9176875035528513
robot3,1891,1722895155130408373,40.99394641095698,-68.01708493194268,27.990977977538485,0.061242255517096424,-0.05665402671404067,0.3813387400279783,0.9206630614671891
robot3,1892,1722895155628527000,40.987063279093746,-68.3250700594716,28.642584538135416,0.06068680785480788,-0.05631074947510533,0.39445965112684983,0.915176373426909
robot3,1893,1722895156132676319,40.98276868871811,-68.71720423838956,29.393858867169875,0.05782671914754522,-0.05325623760183427,0.40166138385435735,0.9124077906448028
robot3,1894,1722895156629152530,40.908244416958176,-69.03993559674751,30.10563424015995,0.058407304096416084,-0.05822356310617033,0.4203431725249188,0.9036095510999741
robot3,1895,1722895157131739049,40.752710383848914,-69.1396556539929,30.59483160389969,0.052696641416675724,-0.05060268840147133,0.4245708827270291,0.9024422405064698
robot3,1896,1722895157630360785,40.40742345724394,-69.15294033251367,30.90014036803772,0.06262844404029812,-0.061383530947645884,0.43552545287886313,0.8958947036455521
robot3,1897,1722895158128218009,40.10737661757646,-69.38230403856218,31.132096792142363,0.06528882893867671,-0.06430949088712208,0.4363333894316404,0.8951060448152228
robot3,1898,1722895158630807396,40.03472921049539,-69.86304116706488,31.519636067157702,0.0612897324691675,-0.059509062943255586,0.44092305717525504,0.8934702556731815
robot3,1899,1722895159134728088,40.12618544099606,-70.05492331861372,32.01613878057123,0.06260362137231874,-0.06205441434823401,0.44141781450513273,0.8929615609243666
robot3,1900,1722895159630434718,40.054347590393846,-70.12417714768051,32.435808185764515,0.06278667952380038,-0.061054077054403466,0.4440636936663784,0.8917049223351766
robot3,1901,1722895160133568568,40.23159336574087,-70.10355494070676,32.91820555877463,0.0636268617604361,-0.06532515681553151,0.447240271883196,0.8897529913157862
robot3,1902,1722895160632895184,40.3550139295259,-70.20641130574074,33.348386849668685,0.06162447517187986,-0.06381599253597942,0.4649040111243167,0.8809053318018681
robot3,1903,1722895161129537931,40.29498003179119,-70.43824095539803,33.78365310343207,0.05842310512893569,-0.058920281583644804,0.48221215933336403,0.872116147423181
robot3,1904,1722895161628036158,40.17529361940621,-70.65086960607289,34.24133941437375,0.06024553310368382,-0.06261370071213786,0.4872832766784163,0.8689102419086392
robot3,1905,1722895162130205470,40.1224564369415,-70.90935427746815,34.83049520260769,0.05619280674188143,-0.06363044199295662,0.48597817965347934,0.8698383437299951
robot3,1906,1722895162631876312,40.00104215202521,-71.22441716075876,35.23783506579067,0.057515006325044936,-0.062453025748515564,0.46163394827435317,0.8829981548241859
robot3,1907,1722895163129423097,39.82274667881925,-71.35623273831047,35.62619784171654,0.061404392280585036,-0.06809206210483888,0.4537529344981337,0.88639790507497
robot3,1908,1722895163629738755,39.73344097360582,-71.51622725415392,36.13139359621274,0.05685460222499145,-0.054804924336192364,0.4467809566311111,0.8911513627135019
robot3,1909,1722895164134698754,39.67741094825861,-71.69011346763894,36.558881309126235,0.05833999146377918,-0.060470777907757504,0.4389599640716717,0.8945691031761793
robot3,1910,1722895164628928092,39.62498249186487,-71.83306986104506,37.003748629413025,0.06021901955502494,-0.05846667602911039,0.4329699479599092,0.8974922515774342
robot3,1911,1722895165130087611,39.64392670808586,-72.10314808790828,37.54205351346017,0.06073600999618558,-0.06141959185804415,0.423506506253485,0.9017654961167572
robot3,1912,1722895165630242412,39.623931293287114,-72.44619367182358,38.05357552439906,0.06046551416710015,-0.058033712954788645,0.4238756580275109,0.9018344838654895
robot3,1913,1722895166128705223,39.48248353225124,-72.6034146582791,38.5275951631407,0.05806613555467708,-0.06404150613822995,0.4414501819977918,0.8931118329791681
robot3,1914,1722895166632403331,39.398512685024336,-72.7207103651617,39.01475039289237,0.05779422371655058,-0.05763849214856829,0.4412449253524714,0.8936669109788796
robot3,1915,1722895167129555545,39.45357212544224,-72.94554225605437,39.66154577185526,0.05488511097331934,-0.05799201083020099,0.43917209443397925,0.8948477092465444
robot3,1916,1722895167630340605,39.589229584304725,-73.23175222102847,40.33626067634857,0.05570928542066182,-0.05986139948294712,0.4376403650187526,0.895423921545608
robot3,1917,1722895168129137999,39.63851498548567,-73.38300213902973,40.92053780954362,0.05546820496666228,-0.0524297138274176,0.4256048210039635,0.9016845011887116
robot3,1918,1722895168629673990,39.63509417362353,-73.55572593520633,41.490732640820646,0.05911719704976802,-0.05538699147820658,0.41038472556762895,0.9083071150270451
robot3,1919,1722895169131235288,39.63217209303633,-73.80879546164228,42.04066690314686,0.05794738858907913,-0.057499826269735675,0.39710351520068254,0.9141360228926096
robot3,1920,1722895169627840626,39.60798469154215,-74.06206330914256,42.57174446743421,0.06342700978274277,-0.06777377776337369,0.37910769354165075,0.9206851178200017
robot3,1921,1722895170128665032,39.67669754390372,-74.42615019294739,43.15351877297941,0.0662497594168876,-0.06720274655877824,0.3681627575009994,0.9249599689832103
robot3,1922,1722895170628016962,39.80721402012665,-74.85569000884982,43.773188448831995,0.06863815118978046,-0.06338264733497832,0.3573506581454531,0.9292857210465844
robot3,1923,1722895171129778090,39.80190011016806,-75.1951198366498,44.47853011623784,0.06068582947428133,-0.06199302037050944,0.3886846681602367,0.9172776702087142
robot3,1924,1722895171629474223,39.764907875259375,-75.54652259351663,45.19895644516596,0.06077480289200425,-0.062075104794919816,0.3914843112814394,0.9160748543206689
robot3,1925,1722895172130614676,39.74767753531964,-75.97576193613676,45.9606867948948,0.061304758111901066,-0.06214984182878636,0.38992081069228646,0.9167010882411825
robot3,1926,1722895172629095522,39.670846864588334,-76.31261922174868,46.61258244037454,0.06142863293123023,-0.06180662630815628,0.38860042863883454,0.9172764964078814
robot3,1927,1722895173129582454,39.59488231580704,-76.5513287897728,47.292944894529214,0.060091148139072584,-0.05708541072745097,0.3861472146328383,0.9187059586335048
robot3,1928,1722895173632453028,39.49641279503626,-76.7584647286455,47.9191620074433,0.061775406209686,-0.05930239051841422,0.39273891553187423,0.9156545035619478
robot3,1929,1722895174131678720,39.456338829122465,-76.95675566375598,48.50042042848136,0.06334337320336436,-0.05795965706343828,0.39140949254624213,0.9162024363474489
robot3,1930,1722895174628928730,39.50475668156707,-77.24283181034308,49.10775643057266,0.06220189042679953,-0.052115316398695516,0.3917552296396647,0.9164839107556497
robot3,1931,1722895175136133516,39.515814704307004,-77.55482832636783,49.700549768291516,0.06362171886640046,-0.05946536552448126,0.3900324957548172,0.9166737693677031
robot3,1932,1722895175630660842,39.5000641330647,-77.83069986752626,50.3155847387522,0.060498779015273785,-0.05280409881565783,0.39008247373098076,0.9172716547314902
robot3,1933,1722895176127182437,39.261046277939975,-78.25717813254913,50.88910683324938,0.060511981452512034,-0.0586555429714352,0.3887953081117348,0.9174617353163662
robot3,1934,1722895176631418492,39.10240980970033,-78.61592319470495,51.48840416142745,0.05827234851066112,-0.052863835156856456,0.3885638275599334,0.9180565888024196
robot3,1935,1722895177130913498,39.01973373710534,-78.88084336050326,52.06802768210185,0.05937638095152312,-0.06053031568369366,0.386964586536464,0.9181878538921082
robot3,1936,1722895177631476119,38.927484221695735,-79.13989827827969,52.62041820817337,0.05818260075777268,-0.05646804375119841,0.3889877545460795,0.9176680618923018
robot3,1937,1722895178128540185,38.85057921597111,-79.3888584451421,53.121749191666275,0.05828890761778865,-0.05665991228809902,0.4030510461490748,0.9115601525880593
robot3,1938,1722895178630215643,38.83101778722661,-79.61105365012658,53.65009354731811,0.059434192677886744,-0.06092197607010351,0.40636703850118305,0.9097372805333525
robot3,1939,1722895179127305474,38.85483748906155,-79.86442589905104,54.16935241765316,0.05986254729351766,-0.06467872181290168,0.41008060238785937,0.9077813822288884
robot3,1940,1722895179630926532,38.813953577658566,-80.11651688707259,54.6965196149709,0.05587964306787211,-0.05830537875977421,0.41284840330154055,0.9072122927902019
robot3,1941,1722895180127615143,38.802187596375845,-80.43236705952151,55.25906254204587,0.05383506457008186,-0.0473328998217377,0.4194644645696341,0.9049369842041548
robot3,1942,1722895180632727446,38.80124915507449,-80.7915001837704,55.8992674768225,0.0577518932419534,-0.057697684427082375,0.42302412949269014,0.9024335332342625
robot3,1943,1722895181127634327,38.72842962182819,-81.0447175295292,56.55221378290975,0.05345287804611859,-0.05608611165935579,0.436355152815075,0.8964325510149961
robot3,1944,1722895181630766207,38.64070914788664,-81.27151251553843,57.27354421399287,0.05478181633931415,-0.05342464182915328,0.4363466043811609,0.8965190466961775
robot3,1945,1722895182135899733,38.58697073845522,-81.52480481034048,57.992938624167856,0.05522083094562088,-0.05369213098543417,0.4349699985877806,0.8971448685850375
robot3,1946,1722895182629182242,38.52857505103773,-81.77856772403938,58.67875460803074,0.053871670886752286,-0.05595337218633944,0.43210335375705144,0.8984730128883978
robot3,1947,1722895183130993898,38.37070110373586,-82.05323701045612,59.33163781920585,0.053078165967993286,-0.058740622872985704,0.4293686435030145,0.8996526082318381
robot3,1948,1722895183631025352,38.24213280717489,-82.25939615773417,59.937223152100294,0.05453280696878384,-0.05744322968578119,0.42855109784550777,0.9000391129627544
robot3,1949,1722895184131159140,38.14668827192636,-82.53865069301905,60.52843469340823,0.051162921952210574,-0.05522068606319235,0.42518213507680624,0.901971830635276
robot3,1950,1722895184632457116,38.09244101256701,-82.7797769151922,61.1579470611335,0.05075081518778424,-0.05588081878849363,0.4262858793528392,0.9014333241641779
robot3,1951,1722895185128464582,38.10223094819413,-83.06242697216202,61.869562682512026,0.051359367841648546,-0.057834861660557006,0.42502017612691534,0.9018731584855247
robot3,1952,1722895185629078411,38.10875916178872,-83.22055443361855,62.559129338880744,0.05071168855832243,-0.052310684165935886,0.42439644425900974,0.9025406223910171
robot3,1953,1722895186128191886,37.99778945552738,-83.47803614056897,63.28813607314397,0.049130321107392884,-0.05307451294177937,0.4235713877992301,0.9029709779731083
robot3,1954,1722895186631822346,37.81254823727654,-83.75981594738036,63.93535136095196,0.04851282741114187,-0.052215032693637656,0.4215086248438661,0.9040191232045991
robot3,1955,1722895187127842271,37.68521307149949,-84.06464753799303,64.58343141375912,0.053157180489183206,-0.05183042554342979,0.41914688522079274,0.9048777871956715
robot3,1956,1722895187630647156,37.6273599229997,-84.31409888416155,65.28960604777753,0.05722383087326318,-0.05393758359920261,0.4222317536889736,0.903070604345198
robot3,1957,1722895188129463815,37.53041297800781,-84.43043405499604,65.83130371507421,0.0499615891560347,-0.04817804169255664,0.4238147174648143,0.9030857108646406
robot3,1958,1722895188630456165,37.45506374525078,-84.67440093556911,66.46898717367331,0.05142617356438785,-0.05234272042934343,0.42341715058908175,0.9029581966390272
robot3,1959,1722895189131796478,37.42671105886886,-84.901569739375,67.035522906628,0.04575926380666151,-0.049438271265616444,0.4360109225072978,0.8974165267948184
robot3,1960,1722895189631789200,37.34228528786084,-85.12600667657266,67.58363354573513,0.048831656255727135,-0.05551043986721998,0.43914412193642377,0.8953694771331876
robot3,1961,1722895190130334340,37.26336258979568,-85.4114897853735,68.14697599881751,0.047505047470418456,-0.05635755108875519,0.44909128901256823,0.8904404028530722
robot3,1962,1722895190629133183,37.27342386609197,-85.92966209687434,68.92086100973438,0.05260649831957556,-0.0706780788118843,0.4465291461188871,0.8904206237370914
robot3,1963,1722895191131172660,37.27413876801746,-86.45675909422562,69.87169551683634,0.04762931696635464,-0.05882513292037749,0.44433164401876435,0.8926591970207894
robot3,1964,1722895191629525344,37.10123713801067,-86.73755905562705,70.70742614933275,0.05004718155201563,-0.05304647404858632,0.4341832028330381,0.8978676392360719
robot3,1965,1722895192127980549,36.86662180679733,-86.83342197527193,71.54760910332446,0.052997517114474195,-0.05859463959081714,0.4265856809387367,0.9009897825219537
robot3,1966,1722895192629365001,36.70196463698563,-86.99409522136509,72.36517000247375,0.04755229029227204,-0.05191884754847852,0.43051223128466787,0.8998346690762109
robot3,1967,1722895193131082201,36.64340865016384,-87.28680951593267,73.1473760388182,0.04423914234360262,-0.05103089382637703,0.441694361122452,0.8946199402610097
robot3,1968,1722895193631327376,36.53730343428647,-87.60784383269076,73.98265793532663,0.04639369424198918,-0.05383477664926877,0.4398934378914224,0.8952336037357901
robot3,1969,1722895194129831186,36.36170863757957,-87.8947281621253,74.76255412065844,0.05475391186711812,-0.0660986264512769,0.430318658554973,0.8985871314546804
robot3,1970,1722895194630877540,36.22853160329656,-88.15374403722765,75.53851713999421,0.05651005055405201,-0.058176040072695015,0.42144869175728633,0.9032182254382993
robot3,1971,1722895195128373144,36.14179136360639,-88.39262515450022,76.30195522333769,0.05855790068283915,-0.053889813909870556,0.42488941497490185,0.9017404533826038
robot3,1972,1722895195628696574,36.0064033321317,-88.64363296832397,77.01823434437479,0.05870137400272604,-0.058999577294705084,0.4260796161365724,0.9008492433710257
robot3,1973,1722895196131851825,36.05202099126597,-88.97529652770251,77.78092491198527,0.059259124112626294,-0.055955343752742664,0.41352970665748545,0.9068354522330337
robot3,1974,1722895196629613442,36.11209954472092,-89.31798229786928,78.5298057067988,0.058984787328076674,-0.05208946274811257,0.4015049681930846,0.9124698588176733
robot3,1975,1722895197130523413,36.048743387663244,-89.74724295917449,79.2939087346397,0.06133787419746357,-0.05180728675505474,0.38793350371113905,0.9181836782073701
robot3,1976,1722895197630201813,35.95962992423288,-90.07578423933954,80.06512636094762,0.06253663679939611,-0.05244457246360376,0.39728172097834474,0.9140601566928813
robot3,1977,1722895198132125245,35.79578747452278,-90.31410029249844,80.87003183211839,0.06052326430888463,-0.05853083931483895,0.4176900040060454,0.904680129040053
robot3,1978,1722895198629853091,35.73664320238162,-90.67527000009649,81.69032171854761,0.05761259100277163,-0.05827287681273695,0.44058690742227485,0.8939621010948903
robot3,1979,1722895199131723632,35.6517062156969,-90.99752473334111,82.3936801079329,0.05466620433221958,-0.060276964428509675,0.4414220189841955,0.8936022016642018
robot3,1980,1722895199631060754,35.46107793812182,-91.09298055790309,82.96795391903956,0.052243743530064696,-0.06059374140300566,0.46057470204399337,0.8840078809613844
robot3,1981,1722895200128765640,35.27523992297848,-91.17254688055155,83.4852780108114,0.05393033437531687,-0.06813231792984692,0.46539305041992113,0.8808284821169861
robot3,1982,1722895200628938889,35.15389336241402,-91.42834495567821,84.10696771560237,0.05153232544169397,-0.06735314780025967,0.49000261169867365,0.8675859689070856
robot3,1983,1722895201135842959,35.073336023356326,-91.67697471360577,84.76757818733213,0.05092221976837439,-0.07119241336777504,0.4991427328665495,0.8620876405791036
robot3,1984,1722895201640022210,34.802225920977214,-91.79849068182186,85.61277899133219,0.03645309088727071,-0.06658339242853227,0.5907451998217452,0.8032794861721783
robot3,1985,1722895202139757597,34.45079598878813,-91.8933987741856,86.47150039528124,0.03309907534537432,-0.06554737387784981,0.6037627097257812,0.7937748946228904
robot3,1986,1722895202632232124,34.15510533198208,-91.89300116700703,87.2059215268114,0.03459531424032589,-0.06625939679813547,0.6014252724816992,0.7954247281728639
robot3,1987,1722895203131276935,33.90828130131035,-91.87758241602144,87.83318327603573,0.0369793559979177,-0.06549423980882949,0.5744937273485423,0.8150460042347435
robot3,1988,1722895203629905458,33.72120286341688,-91.92250077434113,88.43539778403107,0.04151234722338967,-0.06623960440064032,0.556685686818937,0.8270369314170798
robot3,1989,1722895204132447126,33.54788617146598,-92.02879384889023,89.06087877096753,0.043314764542673884,-0.06716889714063166,0.5196815993641228,0.8506134290686171
robot3,1990,1722895204632248525,33.45124254342064,-92.21058330372836,89.69923881418241,0.04654390222038737,-0.05677910359616976,0.4677436864077626,0.8808096516197986
robot3,1991,1722895205128052254,33.29237238620992,-92.38294506847527,90.27351958928527,0.04854333185956403,-0.05832499688720249,0.4336920620425038,0.8978601979102321
robot3,1992,1722895205634207480,33.19589495775218,-92.59919262214433,90.91073899438044,0.052223204411467924,-0.05290061963773989,0.42165238562986646,0.9037054426391287
robot3,1993,1722895206132134152,33.12930461841236,-92.9047148538904,91.60371088141571,0.05791854400452776,-0.05178481300796548,0.41212180104478074,0.907810220533858
robot3,1994,1722895206632250264,33.14060180225262,-93.31746695394324,92.39188831917458,0.056076117512520306,-0.047268933729980964,0.40395150044122646,0.9118356772138467
robot3,1995,1722895207133788806,33.02956153511917,-93.55318720385827,93.06506936149016,0.05671185163760577,-0.05067997487617845,0.39387431450298355,0.9160121890047036
robot3,1996,1722895207632008106,32.821062861804194,-93.85668767467914,93.76918711277814,0.05840132095596016,-0.05001188213973165,0.39444263993103174,0.9156981495884323
robot3,1997,1722895208129062191,32.80808829791236,-94.08730126183288,94.35157636308296,0.05932487032865807,-0.04342818943675992,0.3922601103611332,0.9169114231714012
robot3,1998,1722895208634000354,32.784458297924225,-94.2816380678325,94.96693043909534,0.05907548664382238,-0.046735574218691726,0.39520296179002506,0.91550013215326
robot3,1999,1722895209127819261,32.73708842121247,-94.29833548143961,95.49780870334432,0.05903840367028995,-0.05117921565997558,0.40390628200005146,0.9114575525702711
robot3,2000,1722895209634306141,32.65950001982175,-94.41862898233883,95.91758601415427,0.057367740435674275,-0.04689428019018516,0.40328715714683094,0.9120687132684558
robot3,2001,1722895210128825964,32.449544194971736,-94.58186411766631,96.19929983424491,0.055530251144395956,-0.04592662420050163,0.40273428229480235,0.912475881468588
robot3,2002,1722895210628857600,32.24081568427788,-94.76131364775254,96.3992090894641,0.05755937457398834,-0.04599952618564503,0.40195263728228636,0.9126910974536578
robot3,2003,1722895211129386423,32.25643179798737,-95.02389546956834,96.75852165550184,0.05641085777041492,-0.04465417318739876,0.4007439267050778,0.9133608953483562
robot3,2004,1722895211634290677,32.43207671849807,-95.37924875933875,97.23060151214882,0.05576275785374603,-0.04079607384554487,0.39719693022257757,0.9151288400094788
robot3,2005,1722895212131113183,32.53880019974183,-95.58464496983592,97.59621381082093,0.05719557807436768,-0.041667439100580135,0.3937690940947984,0.9164815278571087
robot3,2006,1722895212631475761,32.660272411077266,-95.69078445138217,98.06704317832474,0.05914125049390855,-0.04248518780454765,0.3897981067332695,0.9180167521861394
robot3,2007,1722895213131128158,32.71667789113598,-95.97723497773097,98.61644569257207,0.05729121739101789,-0.03952836181650744,0.38588650014457876,0.9199167538577208
robot3,2008,1722895213630841532,32.77408631821624,-96.3311226916829,99.10374790042832,0.06040119066352741,-0.0501196325651619,0.3789443795052532,0.9220850697410407
robot3,2009,1722895214132520223,32.651622915974734,-96.73694763841165,99.5793938717512,0.06375777068976395,-0.04989464373162682,0.3779814029506208,0.9222665180017356
robot3,2010,1722895214630629408,32.64274795342857,-97.09685124208987,100.10967384836556,0.0619333122260065,-0.04904212551178722,0.38574195049732246,0.9192182996375362
robot3,2011,1722895215132166896,32.60367395649583,-97.46853620496111,100.72533695434304,0.06511759888670819,-0.05323948893927093,0.38482240685121766,0.9191501348082103
robot3,2012,1722895215632266291,32.594685599290834,-97.93668039564696,101.43694773092504,0.0637155332243823,-0.04986018260546969,0.38958759314391556,0.9174289074826522
robot3,2013,1722895216131774547,32.53644472104245,-98.26220028106454,102.26917395714345,0.06082357559804947,-0.05024009206619591,0.41430901757269206,0.9067107938910838
robot3,2014,1722895216629090183,32.48802660224658,-98.6242114832896,103.03867602013109,0.060917532122095754,-0.04584854047045531,0.4038033299416955,0.9116632252892954
robot3,2015,1722895217130819327,32.337988157352484,-98.95492930128226,103.8525615086868,0.06176722561188523,-0.052150598212693675,0.390181712561773,0.9171822916566971
robot3,2016,1722895217631504933,32.13039355407733,-99.21114980076507,104.61683659987033,0.06301167767584566,-0.054776338471180824,0.37903804062031193,0.921606882017968
robot3,2017,1722895218129565523,31.88185523512163,-99.47979088161064,105.38592322669419,0.05938844981201183,-0.04817801628566048,0.3672939721163092,0.9269557857971052
robot3,2018,1722895218633379595,31.71785929832754,-99.72229780939553,106.11842141474928,0.06067557051657414,-0.05017043508746772,0.3557623555965165,0.9312542880041091
robot3,2019,1722895219131115758,31.592259310668194,-100.05066053819564,106.83666848705262,0.06382291802850786,-0.05521443350754208,0.3556523991623565,0.9308003934447102
robot3,2020,1722895219627768326,31.476356783121567,-100.41182468543802,107.68356314388774,0.056556853812824805,-0.046657162227942583,0.39457710391727197,0.9159330437121966
robot3,2021,1722895220132857576,31.262252182763635,-100.71708728117399,108.57734218169422,0.05919243500860984,-0.05363707469656578,0.40013897980753965,0.9129666569455469
robot3,2022,1722895220628919136,31.04617441755296,-101.01243523869583,109.36239315692984,0.058476795866143495,-0.05390827651068088,0.4003071305789403,0.9129230872732558
robot3,2023,1722895221133371095,30.93514328977958,-101.41949544562515,110.16665539256567,0.05737188457297753,-0.053733079340062086,0.398829245196702,0.9136500731795564
robot3,2024,1722895221631047030,30.879753903881806,-101.75438621848303,111.00540487313758,0.05571063870657966,-0.05113244835034319,0.39899708639645076,0.9138288256056206
robot3,2025,1722895222128210461,30.75439906355909,-101.89947572951885,111.85789916885118,0.05315538778098683,-0.05111839079181812,0.39792051329238876,0.9144510265584646
robot3,2026,1722895222634322505,30.593156279781187,-102.13178596225055,112.65090867105926,0.05295379314715377,-0.05007154007853585,0.3916090803586359,0.9172410069584523
robot3,2027,1722895223132399981,30.47948374409888,-102.4007019888129,113.39561045597304,0.05688418556375835,-0.052129320413847074,0.37706091477741605,0.9229690081108664
robot3,2028,1722895223630672642,30.378375259699304,-102.56922710960663,114.03470301266063,0.053328422167516557,-0.050401400845006224,0.36679692185865514,0.9274027152736829
robot3,2029,1722895224133215985,30.320022118237926,-102.88087539164675,114.68443087332942,0.05393970684908986,-0.052204307016174054,0.3572322551706745,0.9309942718511587
robot3,2030,1722895224631883376,30.336725971038554,-103.28769092809786,115.38367709826437,0.05323000990341299,-0.05071367171829753,0.3460612842682708,0.9353268290160004
robot3,2031,1722895225130251020,30.26354965179651,-103.67519715486456,116.18325758929092,0.05085341669686693,-0.0533063463298628,0.3666022271711959,0.9274562903362801
robot3,2032,1722895225629297266,30.248733481608465,-104.04531740017417,117.02267219591187,0.04833869851136506,-0.04009021920979984,0.3645827727514657,0.9290508847005047
robot3,2033,1722895226132195788,30.25020710366997,-104.39608656069474,117.80703746216503,0.05240975336389183,-0.039853181162117786,0.3683963358282437,0.92733439570196
robot3,2034,1722895226630198333,30.295726532145704,-104.70329208854447,118.54392545938535,0.05313492933536585,-0.03704829072479185,0.3682107015932979,0.9274831441439075
robot3,2035,1722895227138437376,30.32456373134914,-105.08880350774457,119.38078029805955,0.05136872979161023,-0.03257349082666648,0.36782110885656755,0.9279050884516621
robot3,2036,1722895227631410126,30.349127067994864,-105.48718966923737,120.22999909929096,0.058041403501076554,-0.04007577480469776,0.3656296502588495,0.9280840945760355
robot3,2037,1722895228132414413,30.345614111570978,-105.86710849380775,121.09302733895652,0.055386426670562976,-0.04047654730964689,0.39201790077452126,0.9173962929568081
robot3,2038,1722895228629650502,30.18597207280435,-106.09602703048971,122.03737733834431,0.051256409128839005,-0.043431064334987696,0.4564353685154936,0.8872165899835691
robot3,2039,1722895229132818018,29.80826016679699,-106.13445731315358,123.16905025909428,0.0459624543935066,-0.04728420474900975,0.5853018386616402,0.8081295777452289
robot3,2040,1722895229640576424,29.337090247560884,-105.98497848700914,124.27260086980357,0.03830758331347801,-0.05023541399797419,0.6725123010864555,0.7373846602205213
robot3,2041,1722895230131017788,28.807339940027614,-105.76254539004951,125.26438620489279,0.03548552490730006,-0.051789437549740275,0.721611522560286,0.6894457499967351
robot3,2042,1722895230630377020,28.185668855737994,-105.36207157273701,126.19150633855443,0.02782569029380559,-0.051335199904553985,0.7856188222881377,0.6159492627457493
robot3,2043,1722895231135626426,27.377123658996705,-104.58278933352327,126.94361916743165,0.018332595604281493,-0.051062961546673835,0.8842437380729186,0.46386366701362247
robot3,2044,1722895231633149051,26.649311791454473,-103.52302672409272,127.06379998880082,0.0057769055578224884,-0.052041253961620126,0.9576415840996829,0.28316237682878687
robot3,2045,1722895232133421858,26.23714303101558,-102.67085408472322,126.79240915043816,-0.0021075277657331736,-0.052636812348257074,0.9816466002894906,0.18328905164416143
robot3,2046,1722895232632092686,25.706451863888947,-101.81459889516525,126.65407874704898,-0.0073033539152511755,-0.05871386593799476,0.9854673409154877,0.15922770788139104
robot3,2047,1722895233132213256,25.24158377185768,-101.05270057161306,126.65763438321034,-0.0022142153845121837,-0.05531803147983174,0.9854163909478596,0.16090229673538647
robot3,2048,1722895233628803695,24.692430082800342,-100.0966672925808,126.30452702306874,-0.0030326709602037554,-0.05068741988242445,0.9957200833198675,0.07722113730052343
robot3,2049,1722895234132204905,24.18944587358514,-99.15336208156863,125.61961601824642,-0.013424208413053994,-0.05317431763841525,0.9977158766415357,0.039437445018457674
robot3,2050,1722895234631619502,23.772732139790616,-98.50083299984452,124.95804273771915,-0.015000055051565883,-0.05747148858798613,0.9974654708635649,0.039174746749120685
robot3,2051,1722895235128429760,23.67317487941005,-98.09457404586774,124.11832319399046,-0.00960378738824084,-0.059800034834724895,0.9981157546298695,0.00983175778858567
robot3,2052,1722895235631790387,23.404086132553598,-97.31802611012151,123.41343374094723,-0.013745484333359682,-0.06218132843729403,0.9970441061798122,-0.04298365254738148
robot3,2053,1722895236129953768,23.071545758586144,-96.51934379822664,122.62292266573323,-0.021938641410670465,-0.060859912112005324,0.9911251386346575,-0.1161280615407148
robot3,2054,1722895236631023443,22.745197305967615,-95.8508654185792,122.03270120092445,-0.011825397505099403,-0.06067548316954621,0.9970157387749884,-0.046241348930936725
robot3,2055,1722895237131092181,22.544063584140897,-95.27736725012731,121.44403196876871,-0.008234502248481455,-0.06064374353024944,0.9955473751843469,-0.07169346627771937
robot3,2056,1722895237631853674,22.279260390205646,-94.57728676251584,120.95251395231628,-0.005823545238746983,-0.05998256466042349,0.9976555192906059,-0.032429046957960415
robot3,2057,1722895238128565460,21.94908900378651,-93.8299953304505,120.51551236240203,-0.012341122681464053,-0.059803835432755456,0.9979498089933806,-0.019167073030802576
robot3,2058,1722895238635743061,21.532099343680756,-93.08021381573187,120.0810887272468,-0.006744115085271649,-0.05686429877493077,0.9983366366390052,-0.006702863632118822
robot3,2059,1722895239130953610,21.266767545998746,-92.40461702042457,119.64566345548218,-0.01529131384599654,-0.052320201465128224,0.9980982999110395,-0.028784647890922478
robot3,2060,1722895239628122117,21.00594314989919,-91.77685916619369,119.20934177761961,-0.012112025230661462,-0.04992656556320872,0.9965143297829496,-0.06572539412672303
robot3,2061,1722895240132274784,20.587364985730108,-90.92883354779039,119.03880255053951,-0.012475490553711839,-0.049530489841865324,0.9961724413841105,-0.07093348813000844
robot3,2062,1722895240630037545,20.112736224671647,-90.06743393519847,118.7466611883624,-0.014105760033194584,-0.05089884971355645,0.995143391179831,-0.08306603170266649
robot3,2063,1722895241130330125,19.761146135826227,-89.29663896981806,118.23779292494108,-0.014910625372517713,-0.05308783777414216,0.9949027955574687,-0.08442619334898623
robot3,2064,1722895241630182870,19.426652625379514,-88.53561035188491,117.71867133906505,-0.01601059354556373,-0.05318339097145493,0.9948085895889228,-0.0852704984106113
robot3,2065,1722895242128943741,19.141733611505916,-87.79871976558563,117.14073011410979,-0.013552615204464123,-0.052888867553143835,0.994746532595523,-0.08659347665528706
robot3,2066,1722895242631663639,18.87694638576257,-87.12456424896558,116.61206604902345,-0.014213167909192012,-0.05579653048560432,0.9946571295485408,-0.08568504934941429
robot3,2067,1722895243134706492,18.62692327826276,-86.45526875588001,116.09852035377757,-0.012477070821998787,-0.052432035034130756,0.9957522150575701,-0.07465072413463367
robot3,2068,1722895243628342641,18.3580323954285,-85.80734664237795,115.77574714284988,-0.012465082983643147,-0.05235570215112922,0.998107478183334,-0.0297483470629664
robot3,2069,1722895244131702167,18.045196193135666,-85.14572898810069,115.73712163554667,-0.0010667032047706009,-0.05586241446796831,0.9930782358808636,0.10331442403572608
robot3,2070,1722895244631325240,17.66887543546644,-84.5323787735392,115.75849475028761,0.008209551855273552,-0.05275297310163951,0.9881119743244537,0.1441681424029023
robot3,2071,1722895245130091792,17.272693683343064,-83.98188010291254,115.63338088760092,0.007304468797105181,-0.05327247360530563,0.9872020293900872,0.15013607647616772
robot3,2072,1722895245632899612,16.89484654434314,-83.31564240149352,115.49929696173116,0.00425163761694501,-0.054554592326160965,0.9862196544336174,0.15612979613942068
robot3,2073,1722895246127744256,16.375491181938077,-82.67555603900279,115.50784054555233,-0.0018616370431377002,-0.05364200757509256,0.9844287594611035,0.16738902854340887
robot3,2074,1722895246633707347,15.922690472884772,-82.07063384504893,115.51219633444927,-0.006619114683372947,-0.052370560769221856,0.9811172317468068,0.18607119404950437
robot3,2075,1722895247130902238,15.632085602496144,-81.51961382345397,115.4301975842323,-0.004841636686160486,-0.05439094986829245,0.9791925716444448,0.19544843504864168
robot3,2076,1722895247631722552,15.20941731558784,-80.96130442641254,115.52346086300548,0.00399040430962876,-0.06063258687506395,0.972163530234095,0.22628706672071508
robot3,2077,1722895248129456216,14.715154099379978,-80.32761636471852,115.6627965488307,0.004834564657943611,-0.06575952900344101,0.9631838246985645,0.26063236784570504
robot3,2078,1722895248629076074,14.243065095936695,-79.72629205055114,115.83990777828069,0.008136367918234227,-0.06661159070802107,0.9523943798246111,0.2973913932496043
robot3,2079,1722895249132586972,13.675599163175574,-79.16653872514406,116.07463347320349,0.010969009807077768,-0.06796891695650228,0.9447323017500329,0.32053203456393786
robot3,2080,1722895249632626360,13.233610248006448,-78.50867773929625,116.3463628006486,0.005090691682221326,-0.06121955420405655,0.9397259951268486,0.33636483931009664
robot3,2081,1722895250129699177,12.694945278428566,-77.87969106875137,116.6381107298684,0.013738815568204348,-0.05848230481572748,0.934437961647979,0.3510224505660476
robot3,2082,1722895250626699324,12.26091432571266,-77.27742419647012,116.79817858434559,0.013620710343563961,-0.054273711910189586,0.9303189778468807,0.3624575008234231
robot3,2083,1722895251132377984,11.886244094514344,-76.61489680245978,117.05766258746446,0.02281914817310852,-0.05686222771257898,0.9237300221172026,0.37811217882470943
robot3,2084,1722895251628349626,11.505018075005411,-76.08265035734047,117.46874727204695,0.01947500560080312,-0.05859218846381608,0.918438466515473,0.3907153219833792
robot3,2085,1722895252128506784,10.996991527838,-75.59030526342016,117.87865888644156,0.01732585248510295,-0.059669522896507426,0.9114971166525863,0.4065862383394071
robot3,2086,1722895252629582921,10.473850343806852,-75.07791745454891,118.17899606677513,0.01692149102222564,-0.061534190478988504,0.9044759272996356,0.4217232546103484
robot3,2087,1722895253132442044,10.066078786466232,-74.6224278411736,118.49610211619036,0.018252025631265278,-0.061517805056658166,0.8961792167133545,0.43902760135600244
robot3,2088,1722895253628369721,9.652285986356294,-74.1597030585775,118.88510919121003,0.01907243750909755,-0.06220469787419789,0.889045329164896,0.4531723958715086
robot3,2089,1722895254126583813,9.1063334649885,-73.61894893138697,119.38212390083874,0.016482599029302606,-0.05995424552911581,0.8814025894413615,0.46825557946311386
robot3,2090,1722895254629503182,8.600814147577417,-73.09871562818937,119.75081171266234,0.013393736926763407,-0.05677327796153486,0.8826870032636107,0.4663271994963894
robot3,2091,1722895255142642455,8.031136302826422,-72.53439411369631,120.19407605638156,0.012130039912118043,-0.060599117260522514,0.8917598383830913,0.44826889225769256
robot3,2092,1722895255628969162,7.5388537084408735,-71.96035716011973,120.58644648089437,0.008143071997102859,-0.05518685041752601,0.8949948977608224,0.4425745529303947
robot3,2093,1722895256129444129,7.029203632464995,-71.32441941574595,120.89371742259742,0.010461311811891904,-0.06143980905984606,0.8946342282819648,0.4424311340809971
robot3,2094,1722895256630268239,6.4994549486052025,-70.71307882652775,121.25339720389,0.007933170256004018,-0.0601438778041887,0.90075731784837,0.43006514984938593
robot3,2095,1722895257130617735,6.038241377710254,-70.14280278453265,121.47305772683666,0.015582620889145516,-0.0624914545700915,0.9064090129625522,0.41746221535869743
robot3,2096,1722895257631071351,5.566263018126659,-69.52512465030941,121.66594488622366,0.005906047561467989,-0.061121255260615535,0.9082958827400545,0.41379693106043425
robot3,2097,1722895258131687439,5.0836345591970735,-68.84999590591593,122.08518956838475,0.015160506978021722,-0.05914497580058567,0.9168597472697027,0.3945126546794848
robot3,2098,1722895258628937028,4.525298234016276,-68.19046797196705,122.2823718474849,0.010809807789842849,-0.060746516598375204,0.9213050022328839,0.38391418525156845
robot3,2099,1722895259133012192,3.968092857468852,-67.49267901352789,122.46035859401219,0.010903262594160957,-0.053184805118314804,0.9225114413313199,0.3821323540111989
robot3,2100,1722895259632174784,3.4371138910889996,-66.84618040733096,122.71342371914855,0.014915567117957532,-0.05793585430805091,0.9248580747599636,0.3755775608239124
robot3,2101,1722895260134362986,2.880073108826232,-66.13230727966241,123.00414903781437,0.016400340137714603,-0.0586146161283589,0.9312244851873248,0.3593275856472672
robot3,2102,1722895260631755100,2.318551962643756,-65.46857957595246,123.1678193166645,0.014742380727576413,-0.05834782215174453,0.9264636481252504,0.3715417911394138
robot3,2103,1722895261133188107,1.8054488767838854,-64.74405332375193,123.43622620059195,0.011682837788668101,-0.05722872743726984,0.9285291640601843,0.36663602598054895
robot3,2104,1722895261631053005,1.2960030579416688,-64.04263877663755,123.71218977185542,0.016986724622787733,-0.05710148524947942,0.9279378247957456,0.3679432903073969
robot3,2105,1722895262139461188,0.6290399858157387,-63.21351212086691,123.98112995895043,0.015853869918631136,-0.05800346126053996,0.9329013101987083,0.35507660964914833
robot3,2106,1722895262627801655,-0.045511074214182407,-62.3905002924057,124.23157129575809,0.014971770059699043,-0.05538573498138792,0.9357806336406687,0.3478834174905719
robot3,2107,1722895263132416211,-0.6174537585409021,-61.733865130173605,124.43728731085812,0.023171830294200363,-0.059320683799924674,0.9372565719790834,0.34277432960527154
robot3,2108,1722895263629187893,-1.0249397664736288,-61.001352320621955,124.62756922141617,0.012838562587633757,-0.05576418727754712,0.9389607615660416,0.3392318012322509
robot3,2109,1722895264135429863,-1.6235635919814047,-60.21850857935142,124.96940693272542,0.00915279183418332,-0.05034188499540259,0.9412038712061979,0.3339419018979449
robot3,2110,1722895264632932080,-2.296466322081005,-59.31724710359555,125.2397703064494,0.0054335388130082865,-0.053820487273665556,0.9400080454844811,0.33683631964210525
robot3,2111,1722895265132506300,-2.9210108829501693,-58.475544684744385,125.37654953678323,0.013357196151102826,-0.0666408116104959,0.943536879430736,0.3242202101858921
robot3,2112,1722895265629886926,-3.5123058560945184,-57.729817968406394,125.49510879789968,0.00593112108387285,-0.06383884652903629,0.9426214938651979,0.3276494205395049
robot3,2113,1722895266129736564,-4.025272227192917,-56.94489671674316,125.6659183396634,0.006966862561979744,-0.06391946515326162,0.9417562900627247,0.33009219155844427
robot3,2114,1722895266629319471,-4.485073153859238,-56.26847551432239,125.77731105325381,0.006597495487971756,-0.06101141722444717,0.9400092572632482,0.3355840822818433
robot3,2115,1722895267137178735,-4.853837842115205,-55.7544036875336,125.85830673321071,0.013611570206218587,-0.06422039041549002,0.9411726203637933,0.33148840898130066
robot3,2116,1722895267630276233,-5.203183931137655,-55.18856845321528,126.06227279748306,0.00619889858108571,-0.06116417451413434,0.9526799095554226,0.29769364679458293
robot3,2117,1722895268128577840,-5.764172728291448,-54.48063247737883,126.19612676632235,-0.007749872470455509,-0.05526383024351105,0.9759275851038706,0.21083452558069238
robot3,2118,1722895268629385789,-6.308996620763051,-53.65296719551907,126.24920168998631,-0.011690792215117879,-0.05240018882551543,0.9807402734746026,0.18779260255237645
robot3,2119,1722895269128073494,-6.66149451857749,-52.87642458848166,126.23590980264991,-0.010677679198416196,-0.05248347893471128,0.9794126910504329,0.1946336358782692
robot3,2120,1722895269626901727,-7.006967095158779,-52.32629280292695,126.21633463067545,0.004905321840046786,-0.05127871518431696,0.9755162271311828,0.2138095456017665
robot3,2121,1722895270130228532,-7.203274862281097,-51.81221044218147,126.21521708632122,0.006899848382381962,-0.0472294214501238,0.9727124579860043,0.22705120109925084
robot3,2122,1722895270632353241,-7.571045095711542,-51.18655018767236,126.33999302619253,0.00011890021194062109,-0.042500150773163665,0.9708309039019847,0.23596838575506981
robot3,2123,1722895271130855192,-7.986668296398228,-50.5899455569151,126.45705517201999,-0.0008044965903722072,-0.041900039903398745,0.9688482406328419,0.24408364562988744
robot3,2124,1722895271632806739,-8.497180564597201,-49.93044282549088,126.53704538776991,0.005794048823452463,-0.04363968993854109,0.9702069714279146,0.23824449427630714
robot3,2125,1722895272131734907,-8.950067039877768,-49.22600923923334,126.71223323196907,0.0044710677555946775,-0.046017474805325115,0.9690365594747369,0.24255009372711178
robot3,2126,1722895272629803005,-9.302735040733593,-48.54093525855494,126.69972353382165,-0.0008934657246623772,-0.04555140117455788,0.9706879663397553,0.2359854732249925
robot3,2127,1722895273132858121,-9.615762435269884,-47.948618094725624,126.69271488933568,-0.005178332837606005,-0.04124355737144067,0.9722096276902963,0.2303922604400309
robot3,2128,1722895273631063054,-9.90768431677283,-47.49261001178213,126.5371053272275,-0.0035560036101890476,-0.03975424949616177,0.9823349066499422,0.18282528726183003
robot3,2129,1722895274129420994,-10.070410912422403,-47.276370709532436,126.39014611579495,-0.0036739889086302518,-0.03629702992629371,0.9923173583242211,0.11821712140154807
robot3,2130,1722895274628414907,-10.228919165298265,-46.95476924123872,126.35063136064501,-0.007625629410364019,-0.0312686162590947,0.9984623784827552,0.045133160402266816
robot3,2131,1722895275130693055,-10.539344445287558,-46.45534538613272,126.25845652484755,-0.008789017431083217,-0.025987230059166394,0.9991921206919043,-0.029368741778686626
robot3,2132,1722895275635198119,-10.825422633498892,-45.92675596478104,126.01758632573502,-0.013052122304487076,-0.02605537898228008,0.9974556881796826,-0.06506081345506184
robot3,2133,1722895276133475262,-10.90570742725645,-45.75286622185338,125.72155471691524,-0.013510516952382558,-0.02707801596703186,0.9920299095691507,-0.12231478039546692
robot3,2134,1722895276633218750,-10.928189738423043,-45.488417716794366,125.43798090813675,-0.0192854925407189,-0.02403569170709494,0.9836451124420604,-0.17746168056926928
robot3,2135,1722895277131459986,-11.049987095913608,-45.22743782245062,125.1668878472175,-0.026649022440387,-0.021807110874193993,0.9700826810579193,-0.24032035167619825
robot3,2136,1722895277647963012,-11.025804357774344,-45.23430119848516,125.06760232297393,-0.02662213166861001,-0.019002377333685913,0.9639785397275451,-0.2639612598580275
robot3,2137,1722895278138251209,-11.047049630443079,-45.17492063762048,124.93373069053702,-0.02815345575571386,-0.018543834836200895,0.9574329211149879,-0.2866805027967548
robot3,2138,1722895278631064217,-11.087899256739561,-44.96856649219756,124.75205946458198,-0.03324436440085673,-0.014607526018130125,0.9406105443708486,-0.33753997724356866
robot3,2139,1722895279132055446,-11.134374820694864,-44.62811441610006,124.44207169904902,-0.03282459062473422,-0.010752939804283003,0.9410255726933432,-0.3365676634393888
robot3,2140,1722895279634213408,-11.232060684787406,-44.27086158552403,124.10816190655409,-0.031366369857179034,-0.009004034366517259,0.9460149865209039,-0.32247592698519867
robot3,2141,1722895280129656765,-11.268088562280116,-44.17128830622268,123.91714241091707,-0.028405516549116543,-0.008655392743703477,0.9492856364118288,-0.31300957063358176
robot3,2142,1722895280631150024,-11.368747094187025,-43.97519635686383,123.65684055126644,-0.02514400357281879,-0.009690597161173188,0.9527263546408029,-0.3026323918284972
robot3,2143,1722895281132629108,-11.421573364815039,-43.81887475739398,123.49047035922453,-0.023946411507299873,-0.012733952970620143,0.9558914283621329,-0.2924653706021726
robot3,2144,1722895281632297644,-11.463823061791345,-43.692331169547906,123.31330114991808,-0.021903570013960368,-0.014661373448912478,0.9590962725068664,-0.2818503464831467
robot3,2145,1722895282133711717,-11.560449366246463,-43.41520764500214,123.09155004738507,-0.01918732431769667,-0.015868708502882793,0.9622335315978949,-0.2710842329325353
robot3,2146,1722895282630991622,-11.656761846082848,-43.09753842916321,122.86388760767007,-0.017491123158614893,-0.019451525498713363,0.969307064531003,-0.2444575902211118
robot3,2147,1722895283137816640,-11.772381751061587,-42.80322914843721,122.66843794957883,-0.015572107177089534,-0.021629989169675776,0.9736386992954547,-0.22653330060024301
robot3,2148,1722895283627140025,-11.87544354395127,-42.529356592465234,122.46128101425717,-0.016341061254263198,-0.024500727418635317,0.9776874049435383,-0.20799043797206607
robot3,2149,1722895284131491784,-11.954689307111229,-42.250865642826,122.21593548538598,-0.016611953146194208,-0.023961532480771906,0.9791170973633785,-0.20119542148009698
robot3,2150,1722895284628346296,-12.015136282351275,-42.037626124875274,121.98674529541476,-0.010290386235413923,-0.02143633884773819,0.9785746237723714,-0.20451478439636733
robot3,2151,1722895285130439819,-12.036746465978421,-41.80570751448992,121.78662168104707,-0.0050854359290787784,-0.017503190352602345,0.9764888819327722,-0.21479581031895498
robot3,2152,1722895285628309818,-12.092307860977288,-41.48299137295921,121.5213786354892,-0.007821564022715376,-0.016576077066602045,0.9687230648828038,-0.2474665237348027
robot3,2153,1722895286128460615,-12.164082061511621,-41.186838163486826,121.1727430742414,-0.007099712781758771,-0.01625151112325993,0.9619935380404186,-0.2724957159903707
robot3,2154,1722895286630314934,-12.237981293272997,-40.873680981409635,120.73826423422067,-0.008861611975007625,-0.01488128040850958,0.9540232240307436,-0.29923186216810743
robot3,2155,1722895287129411666,-12.248896400588835,-40.6178106013395,120.24114357316358,-0.008434029356784226,-0.012483475780273671,0.9387134216925644,-0.3443691942022253
robot3,2156,1722895287627721306,-12.247781822296911,-40.37444582491881,119.66585610856659,-0.007938490560007993,-0.01093229535989473,0.9211903410199301,-0.3888776425784563
robot3,2157,1722895288131628668,-12.247648412822128,-40.10641378361265,119.08572163772692,-0.01450071561891916,-0.011515818217040605,0.9148775329272467,-0.4033066016348926
robot3,2158,1722895288629423393,-12.280805178575166,-39.88066677489991,118.58639214518841,-0.0160918515721211,-0.009831420051526088,0.9168726921597026,-0.39873407412029727
robot3,2159,1722895289131892671,-12.265666459726948,-39.69509134497382,118.14163590810756,-0.0072380549626552245,-0.01039288651322564,0.9200657049932235,-0.39155931474759154
robot3,2160,1722895289632083306,-12.274905692692741,-39.542173944578785,117.72334762311364,-0.005051018045156075,-0.014210393181131846,0.923054356123314,-0.3843737862863695
robot3,2161,1722895290128421174,-12.310628843971424,-39.31515999837447,117.34930245949364,-0.00022824131139116035,-0.018986115155938902,0.9248780557238869,-0.3797894908730253
robot3,2162,1722895290636363857,-12.366528029086966,-39.01388054622408,116.93635294192116,-0.008373161171402852,-0.02463887335227333,0.9416733854653789,-0.3355205674740374
robot3,2163,1722895291136148307,-12.451977132012576,-38.73104383335815,116.7457448198489,-0.005750937510113468,-0.024099229279771785,0.9709632335180047,-0.23794233129507752
robot3,2164,1722895291637334034,-12.510229659841917,-38.58781883279394,116.59844566949323,0.0019606442519792505,-0.026320448389289784,0.9846799211481712,-0.17236253293084086
robot3,2165,1722895292133288222,-12.71409403330393,-38.18567548947256,116.48537875140099,0.002986239269726911,-0.03248890290376837,0.9961458703932266,-0.0814184159859103
robot3,2166,1722895292638392896,-12.898923319146611,-37.7632338576266,116.41226344437706,0.007403005048888222,-0.03840448177542056,0.9992226194235974,-0.004944504833870551
robot3,2167,1722895293133000246,-13.02185465837062,-37.520395555527095,116.30897943044164,0.008753498416749054,-0.04221750824472828,0.9983647021542456,0.037536379094671384
robot3,2168,1722895293633216125,-13.163683848774905,-37.1975843369824,116.22813671960661,0.005416172130468506,-0.04681627823227258,0.996535962247387,0.06851990309104304
robot3,2169,1722895294131292790,-13.30607618109684,-36.86120688484043,116.17079409476307,-0.006182056534472313,-0.049612006309566165,0.9956240242807339,0.0789508282539243
robot3,2170,1722895294629430453,-13.521069355731697,-36.48208002199461,116.14804695226182,-0.010039965586154331,-0.0462742576163777,0.994297200684823,0.0955561033289179
robot3,2171,1722895295131571678,-13.732029735556132,-36.13238740100887,116.10541684895489,-0.011553395748928925,-0.03998726841965999,0.9937801367657759,0.1032888047215102
robot3,2172,1722895295632192128,-13.877355671883363,-35.81776510557705,116.07381227691006,-0.010642499440553057,-0.0354422927857712,0.9928699177189696,0.11331331597156635
robot3,2173,1722895296132214443,-14.10406280713166,-35.390054130173674,116.04664274144191,-0.009678839002457067,-0.02940565377180027,0.9915190333168695,0.1262205774515309
robot3,2174,1722895296630397192,-14.236738706306562,-35.11863157463512,116.03173105258027,-0.003942445830023923,-0.027451724073664557,0.990304612594424,0.1361162526683296
robot3,2175,1722895297130785594,-14.316668232310171,-34.91424298039029,115.94949139099404,-0.00018339536729887465,-0.028115022736924716,0.9885723188258834,0.14810226977955934
robot3,2176,1722895297628931829,-14.455899125280807,-34.655551768852725,115.95410745157912,-7.606135143862712e-05,-0.027041376724961718,0.9870369438839928,0.1581987028001083
robot3,2177,1722895298133334173,-14.655502879512282,-34.28015126297113,116.09042505198674,-0.006083507697430553,-0.025884439415592226,0.9765884592339938,0.2134665501225188
robot3,2178,1722895298629365859,-14.863145979044642,-33.91322750081128,116.16107431296462,-0.0022060237553140193,-0.02709670891175285,0.9723872017284254,0.231784451031784
robot3,2179,1722895299128127006,-15.008436651733504,-33.629847668369464,116.17760686622202,-0.0029706712945146542,-0.02870274036381226,0.9674453643052103,0.25142950282738585
robot3,2180,1722895299629229065,-15.22404206844053,-33.22946749514553,116.27695123645819,-0.014543900157883599,-0.020971334836901025,0.9640159596922835,0.26461652923035955
robot3,2181,1722895300134150826,-15.402283813685436,-32.88344810682657,116.3943974160237,0.01858423354784696,-0.02455688905768715,0.959614764094189,0.2796266975732139
robot3,2182,1722895300627140436,-15.68347136768646,-32.525284787396345,116.51037650760189,0.020773411421809176,-0.02551115908320627,0.9555198123371749,0.2930862234416038
robot3,2183,1722895301130086159,-16.007773423471125,-32.00457430326656,116.78560307465209,0.01141518927142283,-0.019546879240856095,0.9443636941390207,0.32812318747376445
robot3,2184,1722895301630218574,-16.308200587965334,-31.49805953762574,116.99861392420344,0.01153636117268291,-0.02119431105840698,0.9420236759648767,0.33467761722480627
robot3,2185,1722895302132318131,-16.714182014744782,-30.87506845811446,117.21048263177224,0.013693393370356318,-0.017286936963438942,0.9429431076201781,0.3322227394084094
robot3,2186,1722895302628996434,-17.142169282643327,-30.18726828350031,117.44739172646156,0.01427349572418778,-0.015506432128542864,0.943401105058276,0.33098364439542666
robot3,2187,1722895303130467129,-17.549309868312033,-29.474604645778474,117.65948649810504,0.017143301217422812,-0.01863919527507749,0.9444228774776838,0.32775618395331346
robot3,2188,1722895303628521832,-17.904085993736643,-28.779196101189456,117.77651000172688,0.011339582926098692,-0.022264477279129224,0.9450721892200292,0.32590529924106865
robot3,2189,1722895304132747018,-18.23111450267427,-28.198098319813827,117.91468336168624,0.015000531951487976,-0.02226854164740637,0.9430511905652471,0.3315622838435342
robot3,2190,1722895304630126597,-18.678844351381038,-27.507369718187284,118.17762033520856,0.014807008545569244,-0.02358331390396103,0.9427410536520782,0.3323610770866654
robot3,2191,1722895305128460148,-19.089931536083277,-26.86194992489874,118.430301818443,0.015086173987578068,-0.024191216144344135,0.9454644391986605,0.3244752480955003
robot3,2192,1722895305628317730,-19.454960284659016,-26.215380573356963,118.57134885801672,0.0020632719851594165,-0.019816165077662266,0.9443379794622669,0.3283730242505517
robot3,2193,1722895306131526464,-19.851831584889773,-25.518708024055584,118.72358164041998,0.011412214590566638,-0.019874013287062953,0.9443256762063167,0.3282130439386698
robot3,2194,1722895306628434489,-20.168897583250352,-24.910889550121098,118.90037199758808,0.006587115982930116,-0.015049304992671656,0.9413887179266485,0.33692344840139293
robot3,2195,1722895307131459338,-20.45104859829326,-24.367451143525923,119.0439602400383,-0.0016111580282057838,-0.01626675714175641,0.9382760933327169,0.3455007517534429
robot3,2196,1722895307627510506,-20.794966448927998,-23.747515137644992,119.28291647425871,-0.006926640408506346,-0.017702826213133134,0.9365295372384538,0.3500729316537431
robot3,2197,1722895308127960573,-21.16256784780064,-23.163884797262853,119.48253529628212,0.003717977927616948,-0.02638681503845401,0.9374335974144821,0.3471428568627026
robot3,2198,1722895308630994608,-21.552733055656947,-22.52964925458377,119.80031634438824,0.0017140038442663367,-0.027051991817431377,0.9327651518137463,0.35946407816555237
robot3,2199,1722895309130149429,-22.030503481876497,-21.79304226570971,120.23195948944492,0.011111129043587508,-0.025697385724564682,0.9296086484783148,0.3674832620033469
robot3,2200,1722895309632006966,-22.4982137677372,-20.976674899665497,120.25431180621261,0.012504627705678109,-0.024883120170924977,0.9533767113717264,0.3004951094952026
robot3,2201,1722895310128233695,-22.962811947844862,-20.097786079871707,120.14320423595761,0.025365202730050725,-0.03608904440208308,0.9706775250502617,0.23630346956171908
robot3,2202,1722895310635466656,-23.407752258084837,-19.199412321509378,120.03876297574668,0.020357228665265154,-0.025634511434417827,0.9882463137717619,0.14932407167336764
robot3,2203,1722895311132318372,-23.73938327352306,-18.34644994013672,119.54482954359861,0.004919760952288773,-0.01977167196937682,0.9997843718946396,-0.004010817241995064
robot3,2204,1722895311637506571,-23.78574716685719,-17.85917750814993,118.83023579418077,-0.012911438567387147,-0.029938929169212994,0.9876025288631051,-0.15355194644654047
robot3,2205,1722895312129700623,-23.726735992655065,-17.695127113006254,118.23701375837678,0.0069233367368652194,-0.021306447593855235,0.9622546175896384,-0.27122712553647166
robot3,2206,1722895312630450775,-23.691036908500955,-17.490414871648188,117.55845395981439,0.0070582216853375635,-0.013681599161397195,0.9016299774084018,-0.4322341717050521
robot3,2207,1722895313131030673,-23.609165234238848,-17.442044372749233,117.09584467778342,0.008691981728411147,-0.007311115320058969,0.8541877160250272,-0.519840689864075
robot3,2208,1722895313631002450,-23.298840078330056,-17.482508170383237,116.26303855089435,0.002904332926637826,-0.011675724814598394,0.7713350205837063,-0.6363155886204883
robot3,2209,1722895314133945292,-22.85667455976884,-17.822371309721746,115.42673595416845,0.016767115931446606,0.0115046718565253,-0.6141865397460609,0.7888988533034988
robot3,2210,1722895314628983539,-22.53397604464193,-18.275242121121458,115.07945532369297,0.01107713777150114,0.011430484114912248,-0.5262522706996554,0.8501795037726718
robot3,2211,1722895315131874149,-22.176043795860398,-18.779213081614298,114.59174445548385,0.009610151142872425,0.015305471824953162,-0.49978962496200247,0.8659582659156083
robot3,2212,1722895315631406300,-21.859770497686398,-19.24111075519095,114.08778243186796,-0.005560135202809899,-0.005505113652448804,-0.4866784516309987,0.8735461426497481
robot3,2213,1722895316129415374,-21.635422123719433,-19.53279265905573,113.8218759199504,0.02541311837093404,0.0019713471291256932,-0.47430441327854483,0.8799918242515988
robot3,2214,1722895316630351938,-21.244217171179766,-20.104542862205008,113.46291102283458,0.02634534063659459,-0.01651432992926995,-0.41894826722239215,0.9074775751086548
robot3,2215,1722895317130825542,-20.87619007967819,-20.688908384937015,113.06670767344788,0.025619446579623204,-0.0015226905734993712,-0.406491435077302,0.9132940592050113
robot3,2216,1722895317629472686,-20.5780599533392,-21.035318064328763,112.7495882327523,0.024982979647588752,-0.003368869683579829,-0.4104858244035734,0.9115184525881536
robot3,2217,1722895318132923779,-20.472844229890384,-21.288761907248492,112.54634443119949,0.023747040008522877,-0.005388415173952497,-0.41127115058741015,0.9111877324499351
robot3,2218,1722895318632021958,-20.26005252848711,-21.649637478939695,112.21045310851387,0.02506509703373112,-0.004318947614944584,-0.4070352490809793,0.913058264081638
robot3,2219,1722895319131476528,-20.013563985882524,-21.904606458868276,111.96640597738494,0.02621316888724039,-0.005610962625977145,-0.40624705582712484,0.9133699778879815
robot3,2220,1722895319630862570,-19.707204628557996,-22.465792282859038,111.65389825822214,0.029954301770717538,0.006200353010743694,-0.36763100057179926,0.9294685270876839
robot3,2221,1722895320132576787,-19.35291482733606,-23.071409391891898,111.32706851934431,0.02729774116139508,0.014723720577414272,-0.36933449227557347,0.9287788101563192
robot3,2222,1722895320637106933,-18.976488060554754,-23.633523871250333,111.05003855652127,0.011985857834995582,0.0010126817223349701,-0.3752708523234616,0.9268371491713694
robot3,2223,1722895321133605178,-18.809786394041232,-24.127517031709846,110.94923700722158,0.011376553033879083,-0.0022463943656215162,-0.35308003986518066,0.9355212521381991
robot3,2224,1722895321632792279,-18.56210895489215,-24.630187291068875,110.60428167553263,0.013903401404795415,-0.005527330181964191,-0.34625859819945726,0.9380197904220271
robot3,2225,1722895322129171397,-18.255524748662992,-25.016780863021477,110.42425069283333,0.015362474847327917,-0.004417966736830773,-0.3332028823399965,0.9427196376106716
robot3,2226,1722895322632388857,-18.03616462625089,-25.460157765493467,110.25598973473231,0.013524470820395164,-0.006751387070893648,-0.3170232223379935,0.9482973077891144
robot3,2227,1722895323130386304,-17.7812633381405,-26.052601724751682,110.09235317128024,0.01457611718078091,-0.011997594506818443,-0.24909475607538661,0.9682950981130317
robot3,2228,1722895323632353621,-17.52361984977316,-26.579164493961244,110.0856612532413,0.013076865811924833,-0.008921339035173349,-0.17466905642374878,0.9844999370332097
robot3,2229,1722895324131186253,-17.3246456654562,-27.180824496260037,110.06494594774549,0.014282075805516796,-0.001825869630975366,-0.15187088798840775,0.9882954628512612
robot3,2230,1722895324629969378,-17.067943039718926,-27.862924236318214,110.10966068542854,0.014700174680157788,-0.007093987296098552,-0.09975883609397522,0.9948777587371179
robot3,2231,1722895325130157512,-16.711760085927658,-28.517168937907773,110.1062035764021,0.01690955657083265,-0.0027101569284614527,-0.07609107745166518,0.996953795257456
robot3,2232,1722895325633885567,-16.416252045791737,-29.126801221657754,110.10657397627124,0.016519384255742717,-0.0070402496732724145,-0.05937222766699922,0.9980743877137651
robot3,2233,1722895326130917923,-16.134244016044274,-29.71257509292265,110.04839487979986,0.018194194708130784,-0.006168780715871701,-0.05420859503145293,0.9983448029854806
robot3,2234,1722895326630762651,-15.772855864073154,-30.414711319115014,110.06096601143722,0.019128692899938,0.00014071427583210003,-0.054371152667164926,0.9983375436519836
robot3,2235,1722895327130449634,-15.494874888092728,-31.00772798424666,110.08630281051562,0.018614286755305215,-0.010881996065607302,-0.055970434842582684,0.9981995797002479
robot3,2236,1722895327630769256,-15.279464891153255,-31.3904582997453,110.02746753978748,0.013260738648282894,-0.010429334786103042,-0.06109420285712655,0.9979894188635838
robot3,2237,1722895328129144050,-14.96326543515184,-32.03523322472444,110.05197332458036,0.013702942711622538,0.0033284024230633346,-0.060915119191873465,0.9980433354079331
robot3,2238,1722895328633335526,-14.804477912896653,-32.621966578703,110.06439860775811,0.010351524979193548,-0.015821715317338173,-0.06083745649348844,0.9979685982747278
robot3,2239,1722895329132768551,-14.58341269865138,-33.196178560347434,110.01454103053817,0.00884469056608561,-0.01015749439963362,-0.060060435611961734,0.9981038727659626
robot3,2240,1722895329632765167,-14.298559039084907,-33.825194344454125,109.97676977845067,0.004385720438535661,-0.013403925919837875,-0.0601002775635157,0.998092709553055
robot3,2241,1722895330137637468,-13.972782133616711,-34.428657589893724,109.94780150542127,0.0020652850228159493,-0.013696527637773655,-0.059259633046002694,0.998146500078869
robot3,2242,1722895330632861570,-13.725779856657361,-35.06667288461404,109.85278951734394,0.0009482598112681214,-0.022166803065817548,-0.08242205570369102,0.9963505098000147
robot3,2243,1722895331130257657,-13.409674325444263,-35.808387424566156,109.68370486651912,0.00476763674405176,-0.01392868702078104,-0.1299886857326138,0.9914061745315397
robot3,2244,1722895331632927859,-13.058125518591341,-36.54826449796168,109.50818499196644,0.007019393246532979,-0.013014993838475769,-0.1419140272324599,0.9897685319954861
robot3,2245,1722895332129693210,-12.710295315284235,-37.177709796361526,109.1236775652714,0.017302912342153427,-0.011015366349143227,-0.2455350507882386,0.969170681440112
robot3,2246,1722895332631459854,-12.36221726835752,-37.803466159672524,108.72105749129571,0.018657375068937315,-0.0165427011571858,-0.27377580613009334,0.9614702540233777
robot3,2247,1722895333131853548,-12.004196359390441,-38.492187903771324,108.31766438975895,0.017474489480948263,-0.013488255340462952,-0.287978354478244,0.9573824609513449
robot3,2248,1722895333631592535,-11.730568783330595,-39.027648144576006,107.9353482067538,0.015489251370083435,-0.00840895942289768,-0.2997575494308525,0.9538526007998449
robot3,2249,1722895334132373057,-11.508276212000139,-39.504139144649265,107.60602104972229,0.011642835141968871,-0.010046346831352984,-0.30829857947284545,0.9511653385191381
robot3,2250,1722895334633938518,-11.178943188498964,-40.15172621050153,107.21681474623526,0.01451359243867594,-0.0030642914627220528,-0.2966881114671104,0.9548592201295618
robot3,2251,1722895335128787032,-10.932610313785524,-40.71167196094649,106.88562448769532,0.014205350602924306,-0.008138308633077664,-0.2917295401356422,0.9563607328613443
robot3,2252,1722895335632446241,-10.625259041918007,-41.26938780484135,106.55898527342909,0.015070596522441254,-0.009242095215820681,-0.26405358069254053,0.9643459790551976
robot3,2253,1722895336131960292,-10.207451527266098,-41.982420034415426,106.21149976968964,0.015246028961357152,-0.0077727735953484756,-0.26155298453628145,0.9650373976544684
robot3,2254,1722895336631642113,-9.838833435139307,-42.637433137843466,105.87195169072429,0.012790584062533016,-0.010248675807260334,-0.23964949136854705,0.9707211169488039
robot3,2255,1722895337130155471,-9.600244796256606,-43.19837262018071,105.62808855762988,0.01075625606254188,-0.009324857654260927,-0.21220336369715312,0.9771218360168084
robot3,2256,1722895337632114726,-9.332460755445549,-43.709878868703356,105.39277273217132,0.011742879825236538,-0.007549578801619269,-0.20890780597218994,0.9778356903065126
robot3,2257,1722895338129879348,-9.105971044340865,-44.17521827451623,105.21310395619646,0.011325303422112012,-0.008041116526297189,-0.20694166653980703,0.9782546828904705
robot3,2258,1722895338631115031,-8.887142212764708,-44.62927885717085,105.04196534994068,0.011231806195443426,-0.00788129113856785,-0.20616957705009545,0.9784200719928848
robot3,2259,1722895339130852515,-8.623168022222979,-45.1557213316989,104.82896132109323,0.011294872239979895,-0.005035878952878387,-0.20581850457417983,0.9785120382290158
robot3,2260,1722895339628415190,-8.39893051904192,-45.645082065178514,104.62385683044558,0.013236411811946425,-0.0060037295616019075,-0.2054710548921733,0.9785552606956814
robot3,2261,1722895340133166390,-8.119767202225129,-46.23382668500713,104.41610234845315,0.015250049118409601,-0.005921595083235211,-0.20551579681159948,0.9785170555357989
robot3,2262,1722895340633790309,-7.89680933457477,-46.7575482197709,104.20671359627447,0.015821550993883434,-0.007269251163704207,-0.20567368296092658,0.9784657237987212
robot3,2263,1722895341132970247,-7.658746950619333,-47.360737976864876,103.9845238319495,0.016611120108560654,-0.006352950329380214,-0.19519927183124422,0.9806023429440721
robot3,2264,1722895341632060813,-7.446392295151167,-47.9221976529609,103.81979661514734,0.01762296649166177,-0.006998498163738484,-0.18619720315697813,0.982329401785371
robot3,2265,1722895342131354482,-7.186709144679786,-48.513410157657745,103.63443903426716,0.02016885729583634,-0.0056487646860865015,-0.18159044836131472,0.9831511672763442
robot3,2266,1722895342632117842,-6.942901390130014,-49.108852213325555,103.43647036079065,0.021563104801186943,-0.006696675734347481,-0.17317842480011592,0.9846316165090336
robot3,2267,1722895343130793674,-6.630041110443957,-49.77593026853014,103.2485453517628,0.023694204226821582,-0.007568165987134919,-0.16290885449467046,0.9863275382330573
robot3,2268,1722895343633483793,-6.307798258669804,-50.4001618067274,103.12454856187645,0.023718256764788514,-0.009198759550418595,-0.12855095942005224,0.991376557091682
robot3,2269,1722895344133307986,-6.061213506436929,-51.00866672092014,103.00513074098698,0.02526273370128865,-0.00923472181563384,-0.10142389101956208,0.9944796169501805
robot3,2270,1722895344628123983,-5.810677811891638,-51.60870733882167,102.85222284616981,0.029634216822723936,-0.0157813548710414,-0.07129124915366475,0.9968903248732269
robot3,2271,1722895345130484151,-5.457996937019502,-52.278075991823975,102.72364397421227,0.033335957071374246,-0.0010588219449821773,-0.06183625343748137,0.9975288820996813
robot3,2272,1722895345628215187,-5.226340132909523,-52.87356607137729,102.54361023712781,0.03134912191596791,-0.002166586432705885,-0.06362845159703705,0.9974788010808504
robot3,2273,1722895346128327464,-4.911331758731414,-53.588236633933434,102.42265529943892,0.029001631214910915,-0.0073727629026431865,-0.06232010836130207,0.997607513929146
robot3,2274,1722895346629282752,-4.589455152538831,-54.27683241640934,102.2981794313024,0.030290496358499078,-0.002378312994340154,-0.06928223002427364,0.9971342948973926
robot3,2275,1722895347127009157,-4.3456493971768735,-54.94010379819347,102.14798656670963,0.032559196126200354,-0.01611643559783619,-0.0761466721594313,0.9964345656239953
robot3,2276,1722895347628022643,-4.048400576038752,-55.64436595481996,102.04885171014739,0.028630093128597295,-0.0040833678440224536,-0.08123585283714972,0.9962752531747032
robot3,2277,1722895348132512933,-3.790847875580499,-56.365273938537854,101.94264267562188,0.02149275879223511,-0.005153630670606304,-0.0806755216018625,0.9964953394896924
robot3,2278,1722895348632111325,-3.592385915940906,-57.020221138033996,101.76345034905839,0.016348706653865896,-0.0117655832560821,-0.08281076364531069,0.9963617155761609
robot3,2279,1722895349129824767,-3.3201959896337083,-57.666126478684276,101.68638681358816,0.014650211993175033,-0.00867097466211549,-0.06691524628049896,0.9976134197684914
robot3,2280,1722895349628791699,-2.9358603448096936,-58.43551399889936,101.65220471875338,0.013002310637812549,-0.007640016840807998,-0.07060241224372903,0.9973905300563649
robot3,2281,1722895350133684899,-2.6023379431741707,-59.193619743492754,101.54145872173092,0.013933032852765174,-0.004534384927835296,-0.07374660835554356,0.9971693676125958
robot3,2282,1722895350628732769,-2.30106242352331,-59.866926008072866,101.42935574231454,0.014148012416355287,-0.006018533676574585,-0.0763094158920876,0.9969656383463068
robot3,2283,1722895351132505015,-1.9322773485794504,-60.74387521926566,101.2956217351152,0.015006294787644297,-0.0038864118798127133,-0.08450392721000556,0.996302561075466
robot3,2284,1722895351629236541,-1.548583682345548,-61.57750798757035,101.10697559513619,0.01368780862544162,-0.0032549849934566124,-0.09188467202967365,0.9956702546595056
robot3,2285,1722895352128931358,-1.1988211241459148,-62.33931843221803,100.8844979981644,0.01338362607888675,-0.0012363702596686226,-0.09853391159649327,0.9950429227963264
robot3,2286,1722895352632039336,-0.8983584446494726,-63.03993060332625,100.70274765631768,0.012073722672025654,-0.0011856039389648312,-0.10069101317220924,0.9948437763943105
robot3,2287,1722895353135766592,-0.5965534818578639,-63.69364054666358,100.5402921892438,0.01145200013670838,-0.004047799460067341,-0.09999514563643239,0.9949137841348609
robot3,2288,1722895353629079164,-0.370240982489485,-64.24078697588784,100.33857752519091,0.011119969928854896,-0.005451749253936082,-0.09017509737812063,0.9958489225337848
robot3,2289,1722895354129585117,-0.16797380101596368,-64.8249258223496,100.15458144393213,0.009761129363718077,-0.0037695475855466557,-0.09037293225981163,0.9958530232817032
robot3,2290,1722895354630470448,0.1866188234791891,-65.51838306351507,100.06559251642626,0.009698495428637492,-0.001116861227777705,-0.09031817094794226,0.995865111249529
robot3,2291,1722895355132770507,0.4333476766233698,-66.10313981864502,99.92762944904626,0.010181383991062321,-0.005782429694084773,-0.09146044130540187,0.9957398709517866
robot3,2292,1722895355631382533,0.6621524881433314,-66.72448812520427,99.81878570083458,0.012399279644678686,-0.00269477209598382,-0.09233452215654785,0.9956471925766505
robot3,2293,1722895356129838365,0.87621976545828,-67.25657490151472,99.69453578652686,0.00915119441845158,-0.005916599001303848,-0.09502229266304207,0.9954154978671131
robot3,2294,1722895356630020610,1.1761614651917314,-68.00840639862999,99.55661805824424,0.015296180498820797,-0.011824971666851357,-0.09763481051404513,0.9950344922077385
robot3,2295,1722895357133266546,1.4676811971470065,-68.67303487746585,99.44492085074717,0.012123002235879981,-0.006076351642998365,-0.08031825961355374,0.9966770228816099
robot3,2296,1722895357630437533,1.6373848979051027,-69.28471475696428,99.28718392512525,0.010916215356116237,-0.0027563228947106106,-0.0816311807386758,0.9965990112666221
robot3,2297,1722895358130907611,1.9180998405709653,-70.06295201744554,99.1506383125426,0.009038650594944502,-8.521988137907294e-05,-0.08376407720683493,0.996444617077478
robot3,2298,1722895358630437481,2.2327889155977547,-70.84100614922045,99.00232380995828,0.008468459895377704,0.001995467123451947,-0.08156398467940548,0.9966301318448972
robot3,2299,1722895359128431277,2.5024361163264026,-71.5140749328038,98.83183902953455,0.005400926294215179,-0.0021382503053039206,-0.08353230801479937,0.9964881391158237
robot3,2300,1722895359628947695,2.8265311222266263,-72.28151169012753,98.67322146406957,0.007267686728588993,0.0010638481824666467,-0.0860680026359129,0.9962621883213897
robot3,2301,1722895360135111903,3.115337302740938,-73.08500148497887,98.55691370826955,0.007341274712939205,-0.0037701279758021846,-0.08888198423134482,0.9960079742149328
robot3,2302,1722895360634368685,3.4039089882078226,-73.9180331036382,98.39986818927828,0.0073725096770651645,-0.0033081375855307993,-0.09181076733370656,0.9957436845535967
robot3,2303,1722895361132318433,3.697252648401192,-74.65188918724128,98.218718971232,0.007603000536635772,-0.005309626163585438,-0.09397441985427048,0.9955314212348578
robot3,2304,1722895361634053960,3.9672162732477845,-75.34070235947878,98.0584296850232,0.007935273142233235,-0.005285806596835732,-0.030018067228235717,0.9995038805970992
robot3,2305,1722895362127427813,4.1127479363485975,-75.67989530914852,98.25813872962057,0.004022493081825029,-8.626950700038518e-05,0.17057055666155327,0.9853372505427502
robot3,2306,1722895362635663115,4.170971585892098,-75.80439482110313,98.40880088506525,0.001758198702057345,0.0025242039462695983,0.31273892614531573,0.949834144051074
robot3,2307,1722895363140224840,4.142316036536129,-75.9364227155002,98.8086357146047,0.0052495357643150995,0.004963482725962829,0.45406753615209977,0.8909379769805806
robot3,2308,1722895363635278709,4.150113553763136,-76.24441382641855,99.43028081240921,0.007519091171002319,0.0029281689520662076,0.49530835998411693,0.8686797555050968
robot3,2309,1722895364140355243,4.085611365088357,-76.38831374119684,100.05321487223426,0.006219755361887183,0.006784307290811061,0.6102057062431505,0.7921895504777376
robot3,2310,1722895364629886450,4.073306346697662,-76.59227672256725,100.41324514056097,0.007447654130011184,0.009408215228010884,0.6414459603129486,0.7670743757500847
robot3,2311,1722895365136663242,3.9696897232999433,-76.73284925413942,101.11648132295828,0.0020741009395908254,0.01607887358263715,0.6477859710451339,0.7616498563294809
robot3,2312,1722895365629327769,3.8638949573115253,-76.75494590282366,102.01793471598683,-0.01021547273911778,0.035734614694347785,0.6779754195325909,0.7341444080962342
robot3,2313,1722895366131913730,3.695412190091558,-76.8018368812906,102.77817233213727,-0.0014101906125870605,0.03193032521153581,0.7223665238414051,0.6907713593712512
robot3,2314,1722895366629253282,3.5418138581034855,-76.90843809740477,103.54664490293709,0.005105737990433174,0.026627791792777127,0.7197049448090144,0.6937504483323
robot3,2315,1722895367131126325,3.3426315088417975,-77.14355026148986,104.1323388945606,0.009806876119284661,0.021217354472324132,0.7116490784478372,0.702146165833241
robot3,2316,1722895367630848524,3.2786046957186197,-77.24176801706072,104.76939724200925,0.007325011586574238,0.02017993807602085,0.703832902070022,0.7100410975909742
robot3,2317,1722895368130670827,3.1932015013009307,-77.2225535660182,105.5997926585632,0.005129840970081283,0.028452519058618543,0.696668357455628,0.7168105318777884
robot3,2318,1722895368630999644,3.076848516236388,-77.34776137526622,106.34813488066128,0.020505661432036113,-0.01026644427553549,0.6489444404875218,0.7604901255976367
robot3,2319,1722895369130663358,3.070205275762448,-77.5866130628189,106.85285815403556,0.012608040742917197,0.006787498229014851,0.6350855193505582,0.7723091028128878
robot3,2320,1722895369632560185,2.9492922002814357,-77.8492839353904,107.5667301412785,-0.0032034832871825495,0.02619116863182451,0.58986988903477,0.807067081716654
robot3,2321,1722895370131460901,3.0025143254296554,-78.11687518614683,108.291077427596,-0.005815132553714944,0.021679011709553612,0.5081931502494761,0.8609505948219057
robot3,2322,1722895370635660862,3.2327457209997235,-78.59698250299803,108.96314255126909,-0.0064041603560271755,0.021838477164891096,0.4428725851449917,0.896295677202699
robot3,2323,1722895371127973278,3.454595178207514,-79.04563925144717,109.6408570922489,-0.005012209665813188,0.021894033528092275,0.42886065302601867,0.9030913958931475
robot3,2324,1722895371632595976,3.6204781597329103,-79.59387989148124,110.35019292161209,0.0056319184277984725,0.009455644660175774,0.41167489187795064,0.9112643171309633
robot3,2325,1722895372129595338,3.750081448538236,-80.15418214367314,110.94841268248759,0.0002550675041920577,0.012545302221298354,0.41510745354534484,0.9096858536570984
robot3,2326,1722895372628034824,3.7600621851816856,-80.55179238963993,111.17584520550317,0.0020852127827263637,0.012591055973983906,0.4188796342147221,0.9079520743063763
robot3,2327,1722895373131982191,3.7553309614960066,-80.74391465760144,111.51687213578901,0.002877933257497842,0.013057170332750547,0.42688036753920733,0.9042092565400214
robot3,2328,1722895373630512872,3.790170792582738,-80.9516202494866,111.98079323094404,0.0006322145326167388,0.012039590437384489,0.41829642278084483,0.9082305606263388
robot3,2329,1722895374129296863,3.793603659787301,-81.19508072407343,112.43551733751646,-0.0031020861210659667,0.009191608942624867,0.41890254733322485,0.9079793759907098
robot3,2330,1722895374630741957,3.779994949181999,-81.51437704703822,112.94866306708427,-0.00782155876406761,0.00018339904070003823,0.41457725391847944,0.9099804888659453
robot3,2331,1722895375134487065,3.845370088820088,-81.78080073323538,113.29399142432615,-0.003940741732756385,-0.010792594670813215,0.4433723425324651,0.8962638876648672
robot3,2332,1722895375628873412,3.8317339716215537,-81.8420873646545,113.5065957806662,0.0031434195624028705,-0.01757945319625913,0.5037380099056842,0.8636718700496364
robot3,2333,1722895376133998881,3.5665450024441605,-81.96856449781541,113.60657198836527,0.013772096886308122,-0.02285332197055397,0.5827928389659973,0.8121825914609457
robot3,2334,1722895376629409481,3.285499876479866,-81.88523865951593,113.93335855939614,0.0184446653592609,-0.02033003114483911,0.6906308257604552,0.7226863404429799
robot3,2335,1722895377133770162,3.0964513381767986,-81.73942330919722,114.41445869136442,0.014567547457587251,-0.007992944435983692,0.7141256172558647,0.699820335642831
robot3,2336,1722895377629087080,2.8566700866096517,-81.61632078337769,114.88680354001916,0.00878825776389303,0.009154028754945528,0.739496166709404,0.6730411500830588
robot3,2337,1722895378131820055,2.684484944841227,-81.4734648126918,115.49883371079325,0.004194706700197436,0.028781168797251223,0.7405191601287209,0.6714055572011728
robot3,2338,1722895378628850919,2.5037810857294267,-81.25662140786542,116.13033341504052,0.003931744933949757,0.033867719660829666,0.7332351919859694,0.6791197774914588
robot3,2339,1722895379128100464,2.359177773250103,-81.0590085992548,116.75782662092458,0.017074035540681026,0.027727871067327554,0.7454993444236778,0.6657104249899469
robot3,2340,1722895379632075520,2.2283865709977424,-80.71124410755557,117.34079678688076,0.01807395524156843,0.02442131111163975,0.7681335138318909,0.6395684768918701
robot3,2341,1722895380128101307,2.089261110548575,-80.41938066567745,117.94913989407362,0.021034083459600037,0.018957931869914724,0.7668584908110202,0.6411912501144058
robot3,2342,1722895380629212748,1.8886562078957658,-80.08540817985127,118.44162576054028,0.02408503843795319,0.014700800770871419,0.7835583569466514,0.620677129141393
robot3,2343,1722895381130738046,1.7660606182572782,-79.7664342560787,118.92794398524182,0.02764007138313237,0.016395717523814544,0.8015379614714943,0.5970796456260555
robot3,2344,1722895381628812830,1.5133133816389654,-79.24258807553053,119.3745940670347,0.026140608026300898,0.017866687474250357,0.8437370031339588,0.5358220969997773
robot3,2345,1722895382134471895,1.2903636427775318,-78.66559146361575,119.77491977574154,0.027465606939541504,0.015990745813002118,0.8639841977427427,0.5025149177234601
robot3,2346,1722895382630373331,1.0287905388193037,-78.14485484162057,120.23129905671045,0.026377802594915446,0.016770466923515696,0.8585003310775184,0.5118594968438334
robot3,2347,1722895383131810510,0.7929918313275586,-77.65456688057783,120.58904967671248,0.025337274347149316,0.01577155445444907,0.8623123372499153,0.5054965020901095
robot3,2348,1722895383627895109,0.4947894317116641,-77.09384585278896,120.89328014730245,0.02309879151043876,0.013787659083212493,0.8581232148351323,0.5127386219593563
robot3,2349,1722895384131723782,0.2772633660150556,-76.56543645436534,121.19946096521667,0.019484324749049618,0.015958780991717797,0.8656207760546282,0.5000663460591158
robot3,2350,1722895384629137618,0.0459384921864846,-75.91049996529095,121.58605884957475,0.014565759023740946,0.011804005465589644,0.868880817770908,0.4946661789821383
robot3,2351,1722895385130193786,-0.24558501065571647,-75.24854750830738,121.95571344084107,0.014725952575964155,0.011124857828571985,0.8704120696219351,0.4919778581557144
robot3,2352,1722895385628731698,-0.44685484173297474,-74.67184730542094,122.21987207446959,0.015217901066017845,0.01088388461591513,0.8748928932451061,0.48395493787337224
robot3,2353,1722895386132082216,-0.6683314160099373,-74.14840005140552,122.42973522927997,0.018075760141675473,0.008491531060167761,0.889391498119399,0.45670989026786574
robot3,2354,1722895386631144772,-0.9417242908248793,-73.51843784428821,122.72721153330595,0.022101033389399435,0.008290198035214207,0.9026567314447265,0.429713441862342
robot3,2355,1722895387131610144,-0.9404368495374649,-72.75726586405317,123.14576832427451,0.026438477913341987,0.009371211013037997,0.9043169922522122,0.4259389214590366
robot3,2356,1722895387628682184,-1.0756255372340857,-71.99591147571189,123.34605974907402,0.018055687081283668,0.009648314200042711,0.9205429176091542,0.39010465139081063
robot3,2357,1722895388139102922,-1.3780320270432331,-71.23729505765431,123.62476331116157,0.026597251124138167,0.01040834963402475,0.9178891251028934,0.39580778985308057
robot3,2358,1722895388627903711,-1.6424139276376362,-70.52978685121285,123.81517474420306,0.02173827574168297,0.009321700024173318,0.9142401603599237,0.40448174552320487
robot3,2359,1722895389131441617,-1.8427330162008289,-69.87855027106365,123.93330855687415,0.026906263534411105,0.010835442381112736,0.9110815150551558,0.4112044735844011
robot3,2360,1722895389627986576,-2.1185861150537555,-69.22652580154744,124.11125986564673,0.023225014921204615,0.013222698919618197,0.9081365934786567,0.4178201604759782
robot3,2361,1722895390130137353,-2.365056433970072,-68.59232642308375,124.26319199757494,0.02512213528706146,0.011148476397512696,0.9088366321364656,0.41624579983403937
robot3,2362,1722895390627197349,-2.5784453517499006,-67.96655388430119,124.46784230147107,0.023791411621810105,0.013238623664292846,0.9207465433561898,0.3892101109608343
robot3,2363,1722895391131190393,-2.7624125875899685,-67.41499453325092,124.63143825062244,0.03145938930616493,0.011196661939670933,0.9206149414160077,0.3890412204734769
robot3,2364,1722895391628629145,-2.9668319496353193,-66.8829795267834,124.75673816505585,0.029374994594598854,0.011652550522339272,0.919836035032867,0.3910281273948282
robot3,2365,1722895392131271391,-3.154379761288237,-66.31600080800213,124.95402208376743,0.025532503199342475,0.011870261506337429,0.9188937342804948,0.3934990384641289
robot3,2366,1722895392629703391,-3.3417457143355795,-65.67893644825728,125.0538783452824,0.02404501078130305,0.011503603952460731,0.9178145075509868,0.39611366333613307
robot3,2367,1722895393130581184,-3.4984561141064,-65.11239710584739,125.18262888475371,0.02926380127074563,0.013124299259453425,0.9165207830575786,0.39869918099697377
robot3,2368,1722895393633006801,-3.7503818315895434,-64.50639925630182,125.34112150397175,0.02600120701192645,0.014715999322576934,0.9154507160716369,0.4013195273616623
robot3,2369,1722895394127023933,-3.855850243791636,-63.956999368030644,125.46992340412015,0.027890285357747586,0.014373407674916697,0.9240112550482428,0.3810757636988284
robot3,2370,1722895394630332570,-4.087161830336907,-63.43593737206931,125.55671441515805,0.031149072509600674,0.014220857091262713,0.924424600378064,0.3798245130599633
robot3,2371,1722895395129557306,-4.336016730502768,-62.93747239033326,125.7049866153714,0.03318285674694723,0.015695060792402172,0.926111346747198,0.3754601663438155
robot3,2372,1722895395632035222,-4.530829699514333,-62.44537197728365,125.77315293183048,0.03543218391487873,0.013482238650506354,0.9260758798398648,0.37542809479687744
robot3,2373,1722895396130308561,-4.736297327834963,-61.97109490583197,125.80675586692902,0.02947880216681529,0.015268881640330826,0.9261017048409379,0.3758104492519755
robot3,2374,1722895396629904012,-4.8969367375478,-61.48139434487396,125.9094792121677,0.0268209616834753,0.01559822024193715,0.9259221711376945,0.37643786278125047
robot3,2375,1722895397131786459,-5.012122220448548,-60.974078001599885,126.035134703192,0.02045841081523647,0.019000751141906354,0.9245792017159361,0.3799654255814346
robot3,2376,1722895397631618641,-5.126587447322498,-60.61598776926797,126.11932080678517,0.02261227828209461,0.022181042032134626,0.9219787123435984,0.38594292353987
robot3,2377,1722895398132589424,-5.238243832146487,-60.14598638439962,126.20040153137482,0.02533676992762768,0.01951056818048663,0.9200445733358158,0.39050655422697556
robot3,2378,1722895398629735241,-5.445873210778292,-59.60203149895956,126.42500214887144,0.021592536659030243,0.019736905428830782,0.9192181918857087,0.39266032729458417
robot3,2379,1722895399128533430,-5.6503480216539845,-59.08745881728411,126.54613384196264,0.03405570544534724,0.011955872318592797,0.9203031780375499,0.3895373236773431
robot3,2380,1722895399634643261,-5.813223004619364,-58.603442558167295,126.58832830297128,0.029851193231642516,0.010893298399283248,0.9208770773923209,0.38855585267244214
robot3,2381,1722895400128467199,-5.975985963471309,-58.05235365939924,126.69884860917963,0.021818131973739652,0.014685719987638748,0.9198656036384876,0.39135095501151124
robot3,2382,1722895400633936062,-6.064493262934742,-57.45895294018565,126.7875852122406,0.01986354089409465,0.016411512692791022,0.9194433420133559,0.3923774239448469
robot3,2383,1722895401128445201,-6.258771346900908,-56.982981100099536,126.79395482832138,0.023257341457974996,0.012674551804346929,0.9320594517459946,0.3613358966610182
robot3,2384,1722895401630751617,-6.451050846716962,-56.40853331873189,126.82877339644072,0.02476754658308491,0.009193704051033981,0.943955987256115,0.32901236840795234
robot3,2385,1722895402128545041,-6.613394161577414,-55.72797108603431,126.88484845422045,0.02300396349080976,0.013524027693348397,0.9627069587866262,0.2692270971549267
robot3,2386,1722895402630954401,-6.701452574898791,-55.14909556696661,126.77825917548411,0.022446443996829615,0.008662985704445476,0.9654400845835232,0.2595121440509894
robot3,2387,1722895403131953500,-6.801429845237416,-54.6061971104065,126.7340704877241,0.0224748754617869,0.008283470120711985,0.9588869976235718,0.28277551146481644
robot3,2388,1722895403633120295,-7.005596405432248,-53.996254838163836,126.73617290655648,0.018284501553527965,0.014057107550067468,0.9552383875938312,0.29493676881223574
robot3,2389,1722895404131206951,-7.1775228655077585,-53.362688860362134,126.75727778829211,0.017568600616623447,0.01631777040909188,0.9516056443089774,0.3063850067489361
robot3,2390,1722895404630026339,-7.3406078395338845,-52.62939164469909,126.81681697074336,0.016592650235576472,0.015299157431584269,0.9468789690761181,0.32079719085645225
robot3,2391,1722895405129995493,-7.5304484271995,-51.87045713355778,126.88335217278521,0.01710560687643202,0.02014228719205087,0.9498723675009181,0.31151913574973666
robot3,2392,1722895405630132070,-7.71366285577492,-51.13461279553676,126.87328176763687,0.032723323361734634,0.01946183275487385,0.9505233510154807,0.30831117454332707
robot3,2393,1722895406129494132,-7.877482122347606,-50.442525173772054,126.90078565487917,0.022924626649488043,0.029072633364503754,0.9513669026668445,0.30582717340408033
robot3,2394,1722895406627235599,-8.051002634890613,-49.684168619945474,126.87316228691473,0.020772475655753016,0.03056763582328738,0.9519623061921444,0.30397679431930313
robot3,2395,1722895407132209528,-8.199476414271102,-49.049765532535694,126.83710474912158,0.024912285297110058,0.02800423315396246,0.957028320836549,0.28756205257910744
robot3,2396,1722895407635086130,-8.409926324535185,-48.371914915181485,126.74556977758661,0.03472019065392478,0.024692026778492172,0.9690221539196642,0.24327120131125277
robot3,2397,1722895408130894128,-8.561651054627205,-47.728537479459284,126.65296454427043,0.02585108156273902,0.02584115149153851,0.9709701401838696,0.23639150437979897
robot3,2398,1722895408628984624,-8.720872794512948,-47.09808642948622,126.49697372903049,0.027961307862395604,0.025066502854951836,0.9786591404816897,0.2020300038333111
robot3,2399,1722895409131968739,-8.932331936184424,-46.347178144948245,126.32620581812495,0.024456410746328493,0.030695387251597837,0.9824666894659745,0.1822604764194637
robot3,2400,1722895409631985676,-9.090816320073134,-45.679774965289575,126.10164959611441,0.030332229441606663,0.03365580888877238,0.9849161195261436,0.16699544868860194
robot3,2401,1722895410130610828,-9.179635552252188,-45.09198692839826,125.84010763564596,0.032230619089701186,0.035092487603104405,0.9898610569018043,0.13380879095247689
robot3,2402,1722895410633007443,-9.303948794596737,-44.5332204756364,125.53060408478973,0.03229613661395655,0.03167956625366904,0.9970855452173158,0.061431100921926336
robot3,2403,1722895411128699823,-9.459857116802056,-43.91176598096451,125.06272369701665,0.03133615123441225,0.03135853176878146,0.9982654741754801,-0.03873927180942037
robot3,2404,1722895411638861530,-9.436655934239626,-43.462871928524414,124.47510350076107,0.028761519946805807,0.0296187075889133,0.9918744085443683,-0.1203356339820907
robot3,2405,1722895412129191370,-9.478945325276497,-43.02162294326629,123.99506192024,0.03121392248473027,0.03458227975178443,0.9897305486161584,-0.1351414004154345
robot3,2406,1722895412630238989,-9.566226132207175,-42.41646660671831,123.44808289603826,0.030949229784017773,0.0395075740777825,0.9882976147389296,-0.14404555344614722
robot3,2407,1722895413130086650,-9.570246095193347,-41.94864718598495,122.97013533958516,0.034269557845674196,0.03502420804494843,0.9879430580093737,-0.1468584910278379
robot3,2408,1722895413630204421,-9.582791916969711,-41.474604286405615,122.52248618644306,0.03784219177593468,0.03196269222237233,0.9883063012553476,-0.14421168373771087
robot3,2409,1722895414132293738,-9.645783041840442,-41.02298576703995,122.0303545548232,0.03750440924941917,0.027247472534877294,0.9897664833105319,-0.134956670981526
robot3,2410,1722895414628030463,-9.754745516939607,-40.5461567550295,121.51625216709724,0.043442017757986486,0.02942462653105278,0.9890200435699046,-0.13815330565573491
robot3,2411,1722895415128532152,-9.756541934707178,-40.221415729168896,121.00243687708607,0.04687672666427791,0.03153136621010237,0.9801547007884431,-0.19001344153634112
robot3,2412,1722895415628511004,-9.75122576065051,-39.97332684738636,120.48571527792892,0.049921883849711815,0.028365417526142845,0.9690875634840309,-0.23994270754087907
robot3,2413,1722895416133064422,-9.715302774786677,-39.72272401411999,119.8199456691717,0.04959663343582757,0.027077371591845156,0.9504602567706543,-0.30566695961286233
robot3,2414,1722895416631009304,-9.69901903026306,-39.514236806883886,119.21975542269527,0.051688019087057405,0.027948912204351063,0.9452725318997552,-0.32094711001234427
robot3,2415,1722895417130679124,-9.686272153947579,-39.37225745961334,118.69509849772028,0.05724952665353099,0.02874279767890805,0.9459844559328662,-0.3178203146637028
robot3,2416,1722895417629858314,-9.673621341236743,-39.17443583066807,118.13934361146583,0.044446605010095064,0.024022725818749823,0.9463343663327378,-0.3192157186683156
robot3,2417,1722895418134641147,-9.658274807389784,-38.916084870260164,117.48779027796311,0.04865248967936179,0.02973678893538696,0.9461953247949187,-0.3185326764525898
robot3,2418,1722895418632769171,-9.687120591732794,-38.71602681263484,117.05477962633026,0.05249664692630646,0.027576365859418188,0.9558985502187862,-0.28764841003750524
robot3,2419,1722895419130552962,-9.759134818792012,-38.43013291305472,116.58382614830678,0.05848267785879659,0.026712625044036042,0.9770965409237571,-0.20285108273940636
robot3,2420,1722895419630686952,-9.84271253734111,-37.99030164691072,116.23434032092466,0.046891659076238476,0.027269394819028212,0.9928930195849593,-0.10592924088627874
robot3,2421,1722895420133915270,-9.900709028044815,-37.53308883960956,115.96218410339026,0.050202265577155104,0.02840024509104528,0.9983242009764004,-0.00468490709842219
robot3,2422,1722895420630021907,-10.002554093545617,-37.00921991058239,115.66308525839894,0.049443302037199974,0.02476861289112481,0.9971099813801206,0.052091848990442224
robot3,2423,1722895421130259679,-10.145756703342606,-36.32763001078482,115.41670714364871,0.04522607786031836,0.013901164184996673,0.9914932371730687,0.1212539490315384
robot3,2424,1722895421628200031,-10.254436984973232,-35.714776506961925,115.21625299361246,0.025504872794999894,0.014944646212184064,0.9901045406255803,0.1371829349660961
robot3,2425,1722895422136101243,-10.350792928610593,-35.05740578327417,115.05304581900803,0.019870673334908516,0.02399708030781691,0.9853264129593716,0.16781286125483738
robot3,2426,1722895422630887748,-10.433877817163086,-34.708564916237634,114.97225198966142,0.02028300839564681,0.0278151739256169,0.9826070936529341,0.18247798544713198
robot3,2427,1722895423133244205,-10.483671039513373,-34.42765788809501,114.88857995199272,0.02164664637510934,0.03452889439606899,0.9801432664748186,0.19405760829343618
robot3,2428,1722895423628476623,-10.534457167205572,-34.133045710566385,114.82702781084015,0.024365801785069006,0.03628236740239429,0.9786943317977663,0.2006173034061913
robot3,2429,1722895424129194377,-10.55301555353512,-33.9475553215971,114.79350487651783,0.028480918053746012,0.0368967582713357,0.9774513439836483,0.20595226796625002
robot3,2430,1722895424632921930,-10.585992752811316,-33.79524748075225,114.7661268181038,0.030900552427296446,0.03656174271639565,0.9741048939024073,0.22097070055690138
robot3,2431,1722895425132715181,-10.664197878110512,-33.56537777694758,114.79810865945132,0.029510676323352098,0.03652371077894748,0.9690195518757835,0.24247937358944519
robot3,2432,1722895425631965155,-10.71472959229325,-33.236714374817886,114.88577473658282,0.02341389805955414,0.04211766176236779,0.9558423579630886,0.28990218810642054
robot3,2433,1722895426129786758,-10.863690183013453,-32.78791790014362,115.00890244869949,0.02148813194858422,0.04246149033778068,0.9364900533648014,0.34745022948970156
robot3,2434,1722895426628733595,-11.004241040528184,-32.20615176225877,115.17720373113929,0.018832800897965494,0.04209606354537684,0.9275171569492371,0.3709247506019592
robot3,2435,1722895427136433138,-11.008916924493281,-31.596292184538587,115.29984080246794,0.03788659966596381,0.0383381673119571,0.9254114359739813,0.3751112697073833
robot3,2436,1722895427631683997,-11.024903822164793,-31.081595521007003,115.27966271079696,0.03580356389858701,0.04418963737058812,0.9299326052531129,0.36330528546715896
robot3,2437,1722895428128804515,-11.053290705979007,-30.51688519956928,115.35929041820155,0.03314230907676181,0.0468712790516061,0.9295319772482525,0.3642457601978106
robot3,2438,1722895428630226658,-11.19647285619105,-29.877494990465987,115.49693196941726,0.02734208931992638,0.049313263817350926,0.9272323410358714,0.3702172306909
robot3,2439,1722895429136111804,-11.308443910691025,-29.356761721662014,115.62717041621035,0.031164267441776663,0.04993150274614164,0.9259014128096577,0.37315172145577663
robot3,2440,1722895429629155994,-11.48410445894352,-28.869132083655,115.69309261794069,0.03172925734391382,0.05046866140518495,0.9285000926378743,0.36651568372421844
robot3,2441,1722895430129846382,-11.68275477674055,-28.233127215914912,115.80198378263609,0.03303834382338252,0.052871477290940445,0.9307561602981713,0.3602860596713208
robot3,2442,1722895430630605701,-11.898890058172837,-27.618593829093804,115.8870872462293,0.03833167357676522,0.051532063738846,0.9295797811924968,0.362982864066239
robot3,2443,1722895431131023699,-12.058092185755623,-26.926708899532013,116.0067323669651,0.030536298764885388,0.05486798981255174,0.9260815603903201,0.3720617981689353
robot3,2444,1722895431629805175,-12.260414023803811,-26.253071178690835,116.14489143490587,0.030391621393997544,0.04889917097154332,0.9209739983333018,0.38534674621866366
robot3,2445,1722895432133490393,-12.518788488589028,-25.64710392259009,116.25097116840764,0.03280645495571839,0.04775286616805221,0.9156706377350047,0.3977319241347675
robot3,2446,1722895432632498273,-12.747942218210444,-25.01366060358472,116.35662127448626,0.03279209796865589,0.04877792100131912,0.9101919402421111,0.4099951519858551
robot3,2447,1722895433139169209,-12.867838804123704,-24.470538967637765,116.39185177915867,0.03311078371359945,0.04673449362360926,0.9112678936413605,0.4078117079315579
robot3,2448,1722895433638046318,-12.941530080127034,-23.9423554582129,116.39272643907756,0.02878384985310744,0.04766858719027191,0.9149704422284322,0.3996602127197858
robot3,2449,1722895434134118778,-13.083037329419708,-23.37340422132986,116.50852137572313,0.026407314197576266,0.05023139433721348,0.916656209805574,0.3956271651500808
robot3,2450,1722895434633773966,-13.178397860205415,-22.646359968544534,116.71443338788197,0.029385670732290214,0.053092146643608826,0.919508952248509,0.38835678577209926
robot3,2451,1722895435132347558,-13.269233390892074,-21.950941721929283,116.85212886155628,0.017205410111938116,0.05772329465812329,0.9178104534615289,0.3924231983884669
robot3,2452,1722895435630127215,-13.390200902933074,-21.190096992916587,116.90034045025155,0.009882367751620625,0.05564088747771675,0.9237765755425954,0.37873905123067153
robot3,2453,1722895436131830052,-13.529404334077876,-20.47207201018579,116.93409239105229,0.013261497028137658,0.04286086594482164,0.9215891939171463,0.38556508727084854
robot3,2454,1722895436629004184,-13.65197540515517,-19.88679843768118,116.9850353664838,0.020949617189550535,0.03616386442970441,0.9203371759858529,0.38888657851294733
robot3,2455,1722895437129224755,-13.75940854888,-19.43748210968413,117.05255923493402,0.021471735300532237,0.036837362916739474,0.918856638354635,0.39228108726797384
robot3,2456,1722895437630237422,-13.869224588964803,-19.06429153544884,117.01654889194354,0.028128340472209357,0.03792991430527448,0.9142219725606917,0.40245285804714037
robot3,2457,1722895438128743995,-13.991081740347004,-18.605931016184613,117.11872989706237,0.031118952285924987,0.03932895114718889,0.9165649011134569,0.39672865595664647
robot3,2458,1722895438629952592,-14.091042517805503,-18.225544944555015,117.23761124775403,0.028659569445749253,0.0411594725654909,0.9156466450460964,0.3988430121152216
robot3,2459,1722895439131321441,-14.114816978932131,-17.804224288614343,117.31101833560193,0.029961033751538874,0.03992257773844708,0.9148567485395601,0.40068148683821275
robot3,2460,1722895439630539701,-14.143376015639003,-17.367702870161487,117.24641095593672,0.03707287685612766,0.03808198838362171,0.9530922242539999,0.2979774757073484
robot3,2461,1722895440130723547,-14.197904039815032,-16.993529576765052,117.00232000305823,0.05390305913691103,0.03659460461574409,0.9865075987276144,0.15019338461255935
robot3,2462,1722895440633947714,-14.222131957888692,-16.539674818923995,116.51543423516725,0.054368891972625025,0.010235115110844044,0.9984684242291572,-0.0002679956726212318
robot3,2463,1722895441132182175,-14.298697676250086,-15.808694884756957,116.0017353386848,0.059639548697880136,0.02503029267502056,0.9979027416033729,-0.0025936422628980963
robot3,2464,1722895441630829137,-14.293197383577503,-15.211675578290755,115.27333210632416,0.057856318764049036,0.052953615413609684,0.9891248809951105,-0.1244207811826814
robot3,2465,1722895442130629977,-14.226627420329358,-15.167153720780522,114.72128619516218,0.06382922711412023,0.03967471916501798,0.9400699980846235,-0.3325960690182116
robot3,2466,1722895442633260113,-14.168791321495961,-15.15976530167386,114.18883713113755,0.06444631074745233,0.03133664683308481,0.9011857641779049,-0.4274680175631704
robot3,2467,1722895443128674205,-14.126424178855732,-15.015975320915912,113.4614818838735,0.06500334991758222,0.02384062280836178,0.9011294337383412,-0.42798590263467606
robot3,2468,1722895443631229915,-14.20564000443158,-14.616532424718276,112.93280503429067,0.06382452918252042,0.028657008254105557,0.9654726237327331,-0.2509338920416811
robot3,2469,1722895444131155026,-14.330161525677747,-14.288703687124432,112.6676434411625,0.06520763668825744,0.03712928466158965,0.9864067049489151,-0.1461888941399953
robot3,2470,1722895444635497433,-14.358094705946256,-13.823196399532495,112.17568185383467,0.06302553232116555,0.04475253089840976,0.9912786328715659,-0.10673174441608206
robot3,2471,1722895445132891768,-14.431043680394698,-12.972712145866907,111.75988326856121,0.05296036350408673,0.04267994067106979,0.9966304993324753,0.04583961564116715
robot3,2472,1722895445628415228,-14.556569196385631,-11.945417158737758,111.23152948405797,0.0458521104333682,0.04911214499294178,0.9948354325344331,0.07607919135365408
robot3,2473,1722895446130386200,-14.674361895146514,-10.847880324634438,110.62632639872562,0.04407004952578666,0.054195723777664684,0.9941642519963968,0.08220762927766825
robot3,2474,1722895446633460052,-14.867800570602206,-9.68862588203799,110.03933960780388,0.0460815350056862,0.056093917601222745,0.9959239404356127,0.05353007945883643
robot3,2475,1722895447131100341,-14.985467362631065,-8.6605020288968,109.47360281641713,0.046279196109240486,0.05782557065268528,0.9956635968153486,0.05628890976823749
robot3,2476,1722895447632978751,-15.036611459726709,-7.515788212302302,108.90553611767,0.01910349849277851,0.0363937824956799,0.9973908936284008,0.059346055034295485
robot3,2477,1722895448130016926,-15.112983166007012,-6.4642196086757195,108.50457027424936,0.03318965832786288,0.05471181952492147,0.9951158519184161,0.0751631867674409
robot3,2478,1722895448632333335,-15.189151926080385,-5.483431074155119,108.13220803586078,0.032971835679981965,0.0607182242578718,0.9949472187932908,0.07284357974700545
robot3,2479,1722895449131602152,-15.264848246980195,-4.694841176777167,107.6500605370311,0.03520012740389593,0.05784294037458218,0.9970924339561845,0.03495459092743039
robot3,2480,1722895449635279438,-15.325276654898165,-4.004013238848801,107.19841078521027,0.038612512938987015,0.05178048325087556,0.9979115314371463,-0.000656371550183234
robot3,2481,1722895450128927216,-15.391845798912467,-3.3724811457023343,106.62735047077226,0.038385618034369254,0.048016492411290426,0.9971694194368946,-0.0432909889529291
robot3,2482,1722895450631955439,-15.436149790697504,-2.8826431705747715,105.98231721796901,0.04463033072438124,0.051870261385544264,0.989177946516357,-0.12978674696944417
robot3,2483,1722895451130929051,-15.456625588253884,-2.3616287974402943,105.19090226044145,0.046145760695552866,0.043560923190551944,0.9734568954893198,-0.21989699262361714
robot3,2484,1722895451629586007,-15.458926399084797,-1.9678392219271668,104.30046840489211,0.05243952649471316,0.0363346553175067,0.9563713457152188,-0.28510303046237484
robot3,2485,1722895452130419921,-15.544674989378056,-1.6703375924903925,103.3849639431096,0.05834974898203636,0.039616087184716514,0.9423676058474361,-0.32706141300874625
robot3,2486,1722895452629925635,-15.551972777715717,-1.4585350906430177,102.44281101567259,0.06528187729381056,0.030794753216309836,0.9346016402139234,-0.3482954690787499
robot3,2487,1722895453132620857,-15.623545321697325,-1.1159598775948787,101.41988811420549,0.060581888699407845,0.03387871119136334,0.9359722722331015,-0.3451636905881463
robot3,2488,1722895453634291291,-15.74412830290823,-0.7887611958614149,100.5290476568499,0.054521363512562544,0.03924750712784711,0.9372466936379251,-0.34213402252590724
robot3,2489,1722895454128658251,-15.817318271465838,-0.5423820415660794,99.79525915780076,0.055023690047065595,0.04368096339095408,0.9377331837852706,-0.34017766387401516
robot3,2490,1722895454629633353,-15.83352121900161,-0.27126772824407697,99.00282305851523,0.056882354163959384,0.03912906411401512,0.9388815218281881,-0.3372459074561365
robot3,2491,1722895455132225056,-15.917500501474866,0.11583121269140005,98.23985878278273,0.0540049792182411,0.03218934569328775,0.9589907365906196,-0.27637669108818874
robot3,2492,1722895455631731234,-16.019242798871815,0.5539348136144477,97.37694248474223,0.05187639441152833,0.027425477747474544,0.9614789460229576,-0.2685422112587979
robot3,2493,1722895456131816398,-16.16494978652713,1.069484386603359,96.52463567438828,0.055224931394245266,0.030647633925382514,0.9634111007027154,-0.26048028817946844
robot3,2494,1722895456633838015,-16.206249511134768,1.4523901460141737,95.71278921895481,0.059128604764931016,0.023982021623661684,0.957079670363521,-0.28271394609082984
robot3,2495,1722895457128390266,-16.256482546846375,1.7411720216319122,94.96106586171422,0.06190143996905954,0.022047133841024448,0.9580038260992221,-0.2791250701717855
robot3,2496,1722895457631793108,-16.29730979929968,2.1136612994554507,94.16569405098839,0.06549957804793471,0.017876033085308714,0.9581717482588843,-0.2780236564668349
robot3,2497,1722895458131398754,-16.34950086551056,2.3503162239079014,93.31998990039772,0.0645860068968587,0.010872381629447416,0.9342836010211728,-0.35046339593990766
robot3,2498,1722895458631283015,-16.363264258761287,2.531177398472062,92.51805313046938,0.06854318617073146,0.011307389710443722,0.9310489994457006,-0.3582202328158761
robot3,2499,1722895459132137007,-16.416650956047768,2.8216769349337603,91.65874309383207,0.06832502841744591,0.010049487204316962,0.9312712555965722,-0.35772132561292674
robot3,2500,1722895459632680069,-16.473549664347622,3.1270068337560795,90.73352024125984,0.07139441049242982,0.00946433337892603,0.9310139441020809,-0.3578076304826633
robot3,2501,1722895460132611030,-16.508736736928125,3.3166394664205074,89.76844213908859,0.07186874809715278,0.0056368982161835845,0.9158358425133337,-0.39502888247992785
robot3,2502,1722895460631989022,-16.507346915509743,3.451968554649838,88.88315514957816,0.07283754492881225,0.0017813547917423262,0.9118782200801676,-0.40394260801167586
robot3,2503,1722895461131629622,-16.51685896109174,3.6240595958513984,88.00395762703151,0.07151531429393178,0.0007181214910375311,0.9124301384362747,-0.4029345934467835
robot3,2504,1722895461632780451,-16.539420578233372,3.7966680454283694,87.13394695602854,0.07143679149231032,0.0010264885965281711,0.9167141706074173,-0.393104134486017
robot3,2505,1722895462133574660,-16.560087105855082,3.9908318000242993,86.37615871673857,0.07500755450334318,0.001611167936527471,0.9225669497218135,-0.37847258049467347
robot3,2506,1722895462630687438,-16.5814392761625,4.184153079700706,85.59313283833586,0.07430814516996417,0.0021246652548909902,0.9273313031613264,-0.3667839139548932
robot3,2507,1722895463130402662,-16.59317005310943,4.395007705861643,84.78018177079026,0.07754894845713817,6.919171586781153e-05,0.9260277649309481,-0.3694032138229057
robot3,2508,1722895463632197201,-16.617782685773516,4.549958848829056,84.0509316278172,0.07824899286394536,-0.0015358726966475632,0.9169867786479163,-0.3911649063959536
robot3,2509,1722895464132659362,-16.67468735032453,4.786558721350751,83.1754813561195,0.07523040110413003,0.0018658333220014066,0.9182806781475428,-0.3887126207838064
robot3,2510,1722895464630109405,-16.72238084328614,5.024659915472636,82.23645124703312,0.07858598308964061,0.005228537525202022,0.9222390757970024,-0.37851286996649547
robot3,2511,1722895465133335788,-16.739356575249356,5.137634970136712,81.28556546133612,0.07794872351976954,0.0021641882131274814,0.9172403487000429,-0.39062700304464404
robot3,2512,1722895465632426287,-16.762059614266587,5.285906678324558,80.44143287546022,0.07190767241140075,0.0013753562708922606,0.9180217672393153,-0.3899531124613664
robot3,2513,1722895466131723355,-16.783429945127573,5.43069814012617,79.6552495224099,0.07502396213390058,-0.00020664966118546184,0.9199979269696497,-0.38467541742772665
robot3,2514,1722895466631773146,-16.836001139250044,5.647636645398145,78.86110508664454,0.07564550340828628,-0.0005466296756889993,0.9181936377784901,-0.3888417448695645
robot3,2515,1722895467132715841,-16.904978751714523,5.857063809745952,78.12720144035357,0.07348942623860334,-0.0019288406756212972,0.918685913486604,-0.38808733059203687
robot3,2516,1722895467629487458,-16.95267884907984,6.1260432432227745,77.22136390160362,0.07730765879610754,1.2866135779311533e-05,0.9199222619634955,-0.384404159277567
robot3,2517,1722895468131809215,-17.031079642515063,6.363063910794367,76.2593667988483,0.07468033481463648,-0.0020819583566855497,0.9199582522174653,-0.384831556941945
robot3,2518,1722895468630786348,-17.061956642690355,6.550531105784847,75.31696241619706,0.07670662683997008,-0.0035701695077963937,0.9165016576954901,-0.3925914654318634
robot3,2519,1722895469132533532,-17.085946506310023,6.7168354197505495,74.45692748360709,0.07383333445394809,-0.002838775324271468,0.9089765656210639,-0.41024649081961145
robot3,2520,1722895469631917537,-17.061089024073404,6.765360524136081,73.57086906147795,0.06899251650461734,-0.0098789794431956,0.8718160216347983,-0.48484973223916905
robot3,2521,1722895470132472298,-17.019689873657306,6.832686772907514,72.88193196801005,0.07017254031846598,-0.00945436639027155,0.8795468329229378,-0.4705143974807163
robot3,2522,1722895470632085346,-17.0089397485093,6.968784734604564,72.28457610943153,0.06758973252258355,-0.0062187868496035095,0.8782731597938848,-0.4733172419565023
robot3,2523,1722895471135684515,-17.10839623850893,7.163428458446286,71.53356315167372,0.0647928087199752,-0.004260434344759829,0.8905864421752641,-0.4501550062489316
robot3,2524,1722895471634711650,-17.15922145924835,7.280148339710658,70.85933087221954,0.0662865275930769,-0.007471702417922215,0.8955275400576386,-0.43997806186325333
robot3,2525,1722895472132451247,-17.171352108817967,7.440026844562641,70.23515762605555,0.07643831778772257,3.370916098620252e-05,0.9048156209093947,-0.41888646981708766
robot3,2526,1722895472629636465,-17.18664115616631,7.634959502206919,69.61321432959068,0.07811974040805553,0.011959513572207316,0.9104779530470459,-0.40593616888490675
robot3,2527,1722895473130089630,-17.20619596309611,7.767445589537937,69.1441017505206,0.06338551220700438,0.00892594072947917,0.9146897483346424,-0.3990554707253841
robot3,2528,1722895473631211079,-17.245432543491958,7.846357641322672,68.78191326762209,0.06341798402432404,0.008410832837615479,0.9167938963892159,-0.39420346109179194
robot3,2529,1722895474134310233,-17.29507688668076,8.054118603603877,68.1903636388843,0.05985494967874898,0.00571934594871827,0.9184542927853695,-0.3909301550724886
robot3,2530,1722895474634096486,-17.360160509154248,8.236705657468319,67.73650517977285,0.06196210358003824,0.00831107332574914,0.9231111005637995,-0.37941734250822207
robot3,2531,1722895475132326298,-17.478484779331158,8.499124495576666,67.36642215473131,0.0629097813384246,0.011941719597229854,0.9548550862656979,-0.290088812224014
robot3,2532,1722895475633105490,-17.652922339210164,8.909936925288072,66.9458393772879,0.06779418840697321,0.014095038147032368,0.9715952850764478,-0.2262915816708385
robot3,2533,1722895476130901154,-17.805905202986068,9.298605825941133,66.46900792078827,0.06218706995270613,0.01918476164338812,0.9807114356213342,-0.18430896151008347
robot3,2534,1722895476631604178,-17.97345191821897,9.745316955957326,66.03833125615402,0.061386416547984005,0.022156661742898615,0.9903264408188579,-0.12245134061683943
robot3,2535,1722895477131649011,-18.203731454516568,10.279929467304008,65.8270560761033,0.06264100338404897,0.033328054939478165,0.9973397383527833,-0.01669705816581308
robot3,2536,1722895477632728570,-18.438745116709697,10.858463276768662,65.70748079329464,0.048618748889297084,0.04127837533212186,0.9949124008798277,0.07798479058070816
robot3,2537,1722895478134245332,-18.668884466144984,11.294478565656629,65.67786169498916,0.049128137230745494,0.04468226723941549,0.992157837133516,0.10589026084171256
robot3,2538,1722895478634001183,-18.90650213090557,11.805417735581155,65.55180902679221,0.04655385568845949,0.04250494970990293,0.9909536327802654,0.1184777002236782
robot3,2539,1722895479134591789,-19.155304051268462,12.382245879908245,65.60492470493182,0.041741427613970566,0.04462500479718447,0.976310309137627,0.20756792247163436
robot3,2540,1722895479630408898,-19.31560312598809,12.785660065067967,65.7077727241536,0.041150563944890826,0.04770286123693549,0.9727414373474592,0.22317070637524608
robot3,2541,1722895480132823928,-19.481701238294654,13.236273112873754,65.77400262503004,0.040219452535340074,0.04724037086777414,0.9706271664981057,0.23245138557102984
robot3,2542,1722895480630545659,-19.6815145448246,13.747201576582253,65.86645936857948,0.03413550676999635,0.05000491909141645,0.9675713719857068,0.2452344090006812
robot3,2543,1722895481130858604,-19.951453081903683,14.313377776628887,65.95449298135395,0.03616020487733838,0.04840429951970121,0.9640404759713419,0.25879610518743273
robot3,2544,1722895481634904756,-20.237289359940068,14.915785959862287,66.11493123780309,0.03522743881547168,0.05096931911659423,0.9598660334933188,0.273529438651667
robot3,2545,1722895482131984230,-20.499189198364057,15.494477635092743,66.30557005316717,0.035309495729752526,0.050873271481699706,0.9530012168098112,0.296570110629981
robot3,2546,1722895482630966712,-20.804377086615055,16.133899558640657,66.51582304542039,0.034433138474694466,0.05042642548325392,0.9411582323730069,0.33240444675768316
robot3,2547,1722895483133517506,-21.168906238093356,16.9450972753918,66.81235987826842,0.037979784255491957,0.05038190373404638,0.937384275516996,0.34253455267683014
robot3,2548,1722895483632180892,-21.502355594215818,17.67325398480635,66.95604547034958,0.03370068887691275,0.05070459988396761,0.9549793794527589,0.29035786874106206
robot3,2549,1722895484131012748,-21.850765425870527,18.430740611728467,67.08305243972562,0.03383166386165929,0.047247346782509136,0.9532839950756254,0.296433350814344
robot3,2550,1722895484631932798,-22.208280500373625,19.21681774697295,67.23253319327378,0.02961062783775932,0.04965364452014856,0.9514196187620845,0.30242095717646666
robot3,2551,1722895485130683702,-22.50464174260888,19.968615742984678,67.35972644686699,0.03112911703173277,0.04922762002310038,0.9514479534118421,0.30224892298915323
robot3,2552,1722895485634127070,-22.835943600635833,20.692940690046843,67.60809556715058,0.029640645214145042,0.04907896841659719,0.9402805150491174,0.3355372408979644
robot3,2553,1722895486134147853,-23.188636026584515,21.48489931834285,67.8951160801443,0.02883789190886192,0.05356319729298637,0.9449592908807746,0.3214829676112081
robot3,2554,1722895486632993750,-23.515291220032882,22.220125515512738,68.05142003502004,0.03220657015216176,0.05162091792741111,0.9504747323837004,0.30478812439381286
robot3,2555,1722895487132819043,-23.97333638457227,23.08276428964088,68.3100375806666,0.030476007126196997,0.05298296430865204,0.9480844446888944,0.3120895772397131
robot3,2556,1722895487632151070,-24.351293070867463,23.887611706791485,68.48875150598553,0.02915904793465539,0.055254852310186425,0.9529967965897981,0.29646881270937553
robot3,2557,1722895488130500577,-24.683833581056568,24.649024736567736,68.54064847863626,0.02958892316146455,0.053880376508784494,0.9617665794927625,0.26688283426291864
robot3,2558,1722895488630677311,-25.02173222686858,25.39310308493617,68.61695971164532,0.03153060109089043,0.05245071196919481,0.9660332199988972,0.25106684740788465
robot3,2559,1722895489132959111,-25.404957608042743,26.20082078786643,68.78564869826657,0.034678669748848465,0.05194767892762652,0.966822189661197,0.24769675431303248
robot3,2560,1722895489632607061,-25.81455953817674,26.99169594009898,68.99164875632445,0.031698788785099956,0.053186937532788296,0.9666751383573361,0.24840594466974003
robot3,2561,1722895490131716344,-26.17204109319516,27.751093102718514,69.17634613214938,0.027390491782676978,0.05578010656481567,0.9621204826242002,0.2654477680947739
robot3,2562,1722895490631255004,-26.371341302971285,28.195602709225735,69.34131003877204,0.02309189880552652,0.05711690541548263,0.9233059494411833,0.37909173962489523
robot3,2563,1722895491132609495,-26.576005069835546,28.592518169627176,69.50281676906678,0.020131438113262075,0.05992237176150797,0.9119979181591633,0.4052947468637113
robot3,2564,1722895491637723826,-26.909922456214904,29.120209248272907,69.99301628272936,0.022056613370352026,0.058300831610265544,0.8906649549948159,0.4503670245302877
robot3,2565,1722895492140435410,-27.28944791052883,29.764722855843846,70.493481961084,0.022361402317354548,0.058028365214839915,0.8983105571374094,0.4349377190499483
robot3,2566,1722895492633543389,-27.666668089386643,30.43549946706634,70.59129979131441,0.027759687468568904,0.057255316359055945,0.9506424170837753,0.30369429257295755
robot3,2567,1722895493132209142,-27.93643758072119,31.02314925736725,70.63767010219672,0.03052823131144229,0.05583533568355973,0.9557277684360816,0.2872888355336608
robot3,2568,1722895493635655673,-28.36881212020193,31.67688166048731,70.91638317298793,0.030328054779884584,0.05498017084233614,0.9498619539694362,0.3062999482676754
robot3,2569,1722895494135581851,-28.79381782227797,32.363300218677054,71.14015464642875,0.031729938124858775,0.054123886935729795,0.96067377775974,0.27049899928537724
robot3,2570,1722895494632782157,-29.217757285298628,33.018970173010835,71.29957182652284,0.03880312720828661,0.04920384067816305,0.9625980740207756,0.26358726690200496
robot3,2571,1722895495137989769,-29.544172807229145,33.54242504503021,71.4453048888118,0.026362966615168102,0.04695811536195384,0.9615959028427702,0.2691342583709821
robot3,2572,1722895495632445640,-29.88035010436913,34.14497240930257,71.54774896472796,0.028341540167696008,0.046458664607351756,0.9604530522496543,0.273071939254379
robot3,2573,1722895496134706774,-30.288414374713696,34.84072214155794,71.70598243917944,0.03650790807710395,0.045119165762670735,0.9682927550902485,0.24298266186798279
robot3,2574,1722895496633830866,-30.778763832088927,35.63100549301512,71.9253318416316,0.031147775228314654,0.04561315469027194,0.9716137271346483,0.23003482662641558
robot3,2575,1722895497133085533,-31.193690131053433,36.32928061959548,72.01035564035601,0.027356912446018643,0.045787950591918945,0.972753261290675,0.22562392508412935
robot3,2576,1722895497634933129,-31.514850403097075,36.88804906276648,72.09509504653876,0.03275760046551761,0.0469801064713865,0.9718132135262377,0.2286894995916643
robot3,2577,1722895498134255819,-31.96779142829902,37.6317776151296,72.21522170712997,0.02304188310928332,0.0402983858848297,0.9691637946695907,0.24200547683780854
robot3,2578,1722895498634943833,-32.402971956501716,38.26424577055947,72.37993763342814,0.025571463394491182,0.04618459626911792,0.9669327456879464,0.24950781279088627
robot3,2579,1722895499138218079,-32.7616094469284,38.834723668409815,72.51494458487116,0.025310604524486236,0.04512739228487813,0.9685268559892066,0.2434720127485585
robot3,2580,1722895499640631754,-33.170783743537044,39.470900343099814,72.69256125958985,0.028422241209137406,0.04585219875071728,0.9697931894937113,0.23788846480228668
robot3,2581,1722895500132308040,-33.532402340179225,40.10867326049003,72.78909581326809,0.03261338663417831,0.0561326282216443,0.9670763645499822,0.2460666580217035
robot3,2582,1722895500630876305,-33.86504061047415,40.654222000062056,72.90710686983724,0.01958714948953186,0.05517833345354289,0.9646154467704033,0.2570772937155271
robot3,2583,1722895501136683029,-34.2300755972031,41.275049409657164,72.994199747283,0.033883251292932744,0.048791296255226435,0.9629555614058822,0.26303596987681493
robot3,2584,1722895501632702377,-34.56051363486105,41.752180011674724,73.13819677015566,0.00993966997694865,0.05623245061488547,0.9654870046345571,0.2541140656090975
robot3,2585,1722895502135285501,-34.82424991821618,42.15963509254967,73.13439545003962,0.022266745864226653,0.057061436111454034,0.9658101216093258,0.25191068562983976
robot3,2586,1722895502632583548,-35.14091169934315,42.629259574336146,73.29073346170108,0.026448366067974984,0.05692620238915626,0.9685696795239025,0.24069205911464522
robot3,2587,1722895503135607844,-35.53509616063155,43.19343048601898,73.41968580467088,0.028492160052101125,0.05697147438058155,0.971348950829584,0.22896214456703237
robot3,2588,1722895503630070571,-35.96656947971799,43.86215065692736,73.52331339611543,0.02791234592154394,0.05659904705996849,0.9724025700184065,0.22461231185902883
robot3,2589,1722895504136647449,-36.30707475274406,44.46888167973368,73.52572767368926,0.026632971773655773,0.05589951491831333,0.9720842280877671,0.22631434455069546
robot3,2590,1722895504630659565,-36.5815747293612,44.92437390866748,73.44294963584235,0.02817302903558553,0.05361078826284852,0.9743340516844152,0.2168071021554124
robot3,2591,1722895505139290272,-36.99023328286036,45.417610703562595,73.52261757302506,0.025824672492845438,0.052279509382823074,0.9764630835102975,0.20765304170873705
robot3,2592,1722895505632585093,-37.332390628404546,45.83826183074781,73.6568006358167,0.025137962325594097,0.05174304126286659,0.9741501840247043,0.2184540214681817
robot3,2593,1722895506133537514,-37.691477108498944,46.23927461346166,73.77908854648204,0.0318476294947446,0.05020572872141995,0.968778025322516,0.24069534883608185
robot3,2594,1722895506634233771,-38.03590510867331,46.7451216482468,73.9369458241065,0.028175288007909992,0.05119942821606105,0.967272495170823,0.2469183909352037
robot3,2595,1722895507137832650,-38.42556302149534,47.25473196751295,74.09799298132424,0.027277638473956034,0.04957773867406148,0.966929519800162,0.24868711668737267
robot3,2596,1722895507636238716,-38.771900288288045,47.67972158099001,74.19722673098997,0.02964307889417354,0.04977956825156814,0.9646008971814948,0.25727104698161507
robot3,2597,1722895508133029232,-39.153298260924494,48.10362250640659,74.29422595972007,0.026027343337408457,0.047577036128385396,0.9645246926262361,0.2583623818327657
robot3,2598,1722895508633001672,-39.58533548066418,48.52945356858569,74.39875152265715,0.02564720333967078,0.04806248657415657,0.9722898289411285,0.2273427080044436
robot3,2599,1722895509135584527,-40.002902744626105,49.021923693077355,74.43943068481252,0.027688206978680588,0.046475494373343876,0.9812340516932297,0.18507600442722785
robot3,2600,1722895509642595545,-40.424421043133016,49.53166490075735,74.49982597578463,0.0309687009450323,0.042135772791619786,0.9875006933532876,0.14868724504746947
robot3,2601,1722895510135940001,-40.85967336619223,50.10697566426816,74.6627084522468,0.02948785977471889,0.044916393585593156,0.9878519650171759,0.14581316444297812
robot3,2602,1722895510631200837,-41.27763912050932,50.71163020872674,74.84852232737596,0.026976563071598937,0.04450625532544714,0.9802212007269088,0.1909394038098144
robot3,2603,1722895511129052627,-41.696377435210564,51.276728467666224,74.95898399589375,0.025773798860548754,0.044060461951074784,0.9767400210999605,0.2082626182650231
robot3,2604,1722895511636655983,-42.20493927405701,51.87798581712546,75.12055691411881,0.01971734396626225,0.044186315591658726,0.9740304775301343,0.22118640261952996
robot3,2605,1722895512135588214,-42.65987865179043,52.27762064135,75.21414974227434,0.025470915769975407,0.042622900559021425,0.9715312306684223,0.23164971105890733
robot3,2606,1722895512632909608,-42.99801413292376,52.66451217356514,75.1809941952165,0.026751521528091064,0.04111496530837431,0.9727400790495694,0.22665095264362084
robot3,2607,1722895513132768193,-43.31143201688355,53.07188631370541,75.31678445546358,0.02229147963029505,0.041910509999406924,0.9774163077844263,0.20592221921041284
robot3,2608,1722895513631604074,-43.66621473061013,53.59767911501464,75.50802144869601,0.02369489294988287,0.04322584937114082,0.9805690313634319,0.18988010091954943
robot3,2609,1722895514133631092,-44.090404354295586,54.17128443923251,75.66146817157926,0.02313368600242146,0.04159238557769054,0.9822911759589851,0.18121520815597195
robot3,2610,1722895514635908852,-44.52232554701095,54.744548352133144,75.8539805925945,0.02289882633625354,0.043235367286177884,0.9800800492340369,0.1924823209062561
robot3,2611,1722895515135135935,-44.88425758173615,55.228717859730544,75.98203041678464,0.024623730224749958,0.0460622100150154,0.9711378009708186,0.23273013608880624
robot3,2612,1722895515631683544,-45.293711448983146,55.74133013746635,76.09837613346609,0.024438562629444847,0.04573853257437525,0.9732556734984186,0.22379485538700217
robot3,2613,1722895516133904369,-45.78778249026397,56.239772604261056,76.32275943590572,0.026298125891453278,0.0453035707960166,0.9717420217619359,0.23015959286928067
robot3,2614,1722895516632020645,-46.28126361940072,56.72349961259109,76.42355541600288,0.02420343675115456,0.04600473539666326,0.9771575409392547,0.20606042355596732
robot3,2615,1722895517134082118,-46.78638157224241,57.25327456138498,76.53846242810611,0.026111222258233695,0.04529110513254455,0.9777809560937076,0.20300571856115027
robot3,2616,1722895517630910125,-47.29480413635378,57.846911597264274,76.71743278156812,0.026071666511289344,0.044898294960557084,0.9784705385383335,0.19974938429808098
robot3,2617,1722895518136910452,-47.69575581000417,58.32059237833295,76.73885475324794,0.023026816382833992,0.04352148316148302,0.9793606111405805,0.19603173104639185
robot3,2618,1722895518636257866,-48.11178380342185,58.738717244643745,76.80006259462657,0.023844359426637422,0.04099370210181183,0.9808644539177592,0.1888276620417072
robot3,2619,1722895519138371630,-48.56927584175178,59.21591653625445,76.93546651182066,0.026083993542516774,0.0433754155097361,0.983614993711016,0.1730310456453105
robot3,2620,1722895519633453567,-48.90031627611634,59.776704678280325,77.10911754965512,0.02544420930962484,0.04346098362540115,0.9798361261681029,0.19335175450666636
robot3,2621,1722895520133339933,-49.23414907959477,60.35728654723409,77.32838779383152,0.02840769032840048,0.04411295720091147,0.9768380865131538,0.20744734964447334
robot3,2622,1722895520633887509,-49.624531586029626,61.002244684624486,77.558679045445,0.022155144749938824,0.04457570489577465,0.974109097189218,0.22053032187742508
robot3,2623,1722895521133812113,-49.99777857398018,61.59091397367511,77.73753273477922,0.020939466302353202,0.04434684120843219,0.9716035066626939,0.23147682878975862
robot3,2624,1722895521633248158,-50.415948366085054,62.04425688563157,77.82211833683725,0.01937162073792582,0.0448162633108137,0.9754160132063889,0.21489496046532972
robot3,2625,1722895522133675923,-50.88578985235195,62.466454017205265,77.9588869652569,0.022794445103810526,0.04591103751268414,0.9771057165179993,0.20648730870144413
robot3,2626,1722895522630251588,-51.38086166305623,62.96102131762889,78.08603072197826,0.02148633254233097,0.04568913179409361,0.9769850818454978,0.2072462076881707
robot3,2627,1722895523133107018,-51.81516093353764,63.488526767231946,78.20131885073894,0.02281626822960966,0.04617599345716341,0.9769873239666257,0.206985420599737
robot3,2628,1722895523639859321,-52.366749085596545,64.02567895150192,78.38653789661791,0.02348677083317477,0.04664312125687007,0.976080400271769,0.21104464703126177
robot3,2629,1722895524130968621,-52.86145777790473,64.55137750399608,78.52365982198734,0.023093013448546352,0.046299765044036344,0.9750448492077796,0.21589485061045507
robot3,2630,1722895524636181755,-53.22036789407635,64.98051408625916,78.50024825945371,0.022969648995980026,0.04732811963919173,0.9755961936676737,0.2131771826851237
robot3,2631,1722895525133129648,-53.49320848892831,65.30809209211287,78.46260262112223,0.02183794674584809,0.04830918875149192,0.9778043598094344,0.20270165342631186
robot3,2632,1722895525631232778,-53.76386455792658,65.74954570032116,78.57640748821531,0.022319978222347193,0.04917820254459773,0.9796027402421255,0.1935504954185221
robot3,2633,1722895526133232223,-54.11310979390297,66.3018720157776,78.79688500004652,0.019290462668109264,0.04582819578715137,0.9796529062011509,0.19444237679215862
robot3,2634,1722895526629411909,-54.398949964763254,66.66778668181466,78.80810649248176,0.020609445230141257,0.045534471544290425,0.9796165174706842,0.1945593517852499
robot3,2635,1722895527129641008,-54.82764269296511,67.237255876411,78.84829220514507,0.0192475690250213,0.04512875113409868,0.9791905894531666,0.19692312315739757
robot3,2636,1722895527633907113,-55.26871764100004,67.8352601923056,78.97812281337447,0.019611065137396678,0.045142039821100155,0.9770222097720741,0.20737696105657505
robot3,2637,1722895528134856575,-55.65894794898683,68.38072717227784,79.15541279940744,0.016799821153130293,0.04622793870889833,0.9663709574826415,0.25240427141003746
robot3,2638,1722895528632803998,-56.00114271569397,68.80446878791835,79.1961804044759,0.022362272653661214,0.04561065438244893,0.9631819816325871,0.2640077029688544
robot3,2639,1722895529133097113,-56.37636019526157,69.28735472100563,79.30628028120432,0.020905005017118096,0.04270530872424961,0.9592290325679842,0.27860168781019573
robot3,2640,1722895529633160073,-56.7394089465348,69.76636956212387,79.49757635526198,0.01780426361763765,0.04460873250635538,0.9568279915255674,0.2866587933665367
robot3,2641,1722895530135621840,-57.111815205987625,70.25948485869796,79.69826508794414,0.018935799188934604,0.04167929012543967,0.9496182104591722,0.31004761996834496
robot3,2642,1722895530632841171,-57.426672212343504,70.71550929925405,79.8828599911779,0.020323032757461314,0.04058142363443274,0.9385685816923649,0.342095220450863
robot3,2643,1722895531134820219,-57.68901011678918,71.06303064261643,80.06195930104981,0.019198941238943855,0.04031628395238925,0.9280403491061632,0.3697933319226896
robot3,2644,1722895531631861901,-57.90841040763716,71.43466662909198,80.3436759313869,0.01266588497259605,0.0404762462447645,0.9141135005619555,0.4032341217433884
robot3,2645,1722895532132452340,-58.116136378321215,71.76143967450702,80.45680653358463,0.016575035551064557,0.04110651355026709,0.9428434897050441,0.33027515295740484
robot3,2646,1722895532635648835,-58.377169130119384,72.15389623513298,80.33301939789526,0.018395313791780686,0.04269687408672883,0.9794676987181951,0.19616731771986656
robot3,2647,1722895533134535116,-58.69027997121598,72.67174613168366,80.0291830420982,0.026707422908210286,0.043794464914475514,0.9966797300177324,-0.06323190789654473
robot3,2648,1722895533631764456,-58.798214432044915,72.92777026037298,79.49888783024693,0.03270433155263874,0.036261721743272,0.9507791447888352,-0.3059976014097493
robot3,2649,1722895534136084200,-58.78379668721399,72.99827181853642,78.91424235093913,0.031730195694644796,0.025797633500959177,0.9020748545110847,-0.42963779354909554
robot3,2650,1722895534632431481,-58.811162353454556,73.24061847130604,78.26149772040682,0.037395314793289204,0.024243864526955775,0.9031748757348161,-0.42695312307759137
robot3,2651,1722895535134454563,-58.88348908871598,73.58224358065307,77.36208888534964,0.03862621742580807,0.027617898642462998,0.904987272329611,-0.42278044411178667
robot3,2652,1722895535634425125,-58.9730073343558,73.89700065974814,76.47403078191508,0.03420687887516067,0.024244806207077887,0.908449752437292,-0.41588595324466554
robot3,2653,1722895536131153128,-59.06707098317941,74.19602766011823,75.70878505227735,0.03299506926210199,0.024322320993123064,0.9118954433199377,-0.40837048198692194
robot3,2654,1722895536631564431,-59.16630415319512,74.58303243765036,74.90609079785693,0.029582911301519337,0.025499689099047023,0.9151081396087644,-0.40131248427698407
robot3,2655,1722895537136998626,-59.23742026419433,74.9719246303563,74.06002584323123,0.029163064461538577,0.029692825826044784,0.9166671884672531,-0.39747844891668993
robot3,2656,1722895537632249124,-59.327826161035524,75.32217658708629,73.24083929569808,0.042644529768621264,0.0367577616220874,0.9150148134443274,-0.39947240482765456
robot3,2657,1722895538139973563,-59.465091844516216,75.69493338276968,72.5168501492811,0.049261883398814196,0.03654331882239412,0.9161051998530393,-0.39621851987971174
robot3,2658,1722895538634744822,-59.60622243775954,76.01433750947214,71.764000154149,0.053199198050007473,0.03162560010143473,0.918817915890936,-0.389799056159577
robot3,2659,1722895539132107908,-59.69588109705872,76.33217882738784,71.0743018187354,0.04848729231572137,0.029368787979530013,0.9226381201962494,-0.3814778577286426
robot3,2660,1722895539631875366,-59.781875326038865,76.6081650164892,70.42276145558384,0.04104193083070976,0.025235555766539935,0.9254949588935758,-0.375683121395438
robot3,2661,1722895540133503338,-59.92706144441071,76.82691298261217,69.7771543778082,0.047237314074364094,0.026574587710069597,0.9087398326690688,-0.413828882471575
robot3,2662,1722895540630916249,-60.13410926734872,77.04313801228754,69.06264506242488,0.04680269976189926,0.02751103705177156,0.899746821232307,-0.4330222948275212
robot3,2663,1722895541136297060,-60.2653056553125,77.2772014475303,68.2043515342231,0.0454170667047833,0.025877521222931917,0.8888414250472837,-0.45522364291324297
robot3,2664,1722895541639277739,-60.404117397406424,77.49718161407154,67.4890162139837,0.04816014193310558,0.030932283996931258,0.89433893074055,-0.4437135015948533
robot3,2665,1722895542134004455,-60.56418177714595,77.71957130257147,66.85637278932052,0.05200221722603396,0.03160578681386574,0.8974291904807672,-0.4369412909264674
robot3,2666,1722895542634799198,-60.661287454859576,77.96960494627331,66.18245709065727,0.053182999020136554,0.03077161492224816,0.8997981637505598,-0.4319582628465646
robot3,2667,1722895543136722104,-60.67243316404016,78.19513277845222,65.6168997096059,0.05148226434149903,0.03213951089910099,0.9001607051324412,-0.43130886060096774
robot3,2668,1722895543635995545,-60.71822720196183,78.30410860266342,64.99015709025021,0.05114927415334122,0.031068719959793628,0.8959678200771647,-0.44006834898663144
robot3,2669,1722895544132081748,-60.79920253487144,78.42036162115951,64.44003765444441,0.049885795185486775,0.03089531645368433,0.898525433407587,-0.43498153107878795
robot3,2670,1722895544631555358,-60.96173438514949,78.52530403954673,63.897407265608194,0.050447974608280835,0.029414458128901255,0.8940416706895201,-0.44416132495028987
robot3,2671,1722895545133828933,-61.10313971313937,78.78764647132594,63.107659935546735,0.049372775892921585,0.03010303456189797,0.8849624831790139,-0.46205793973962417
robot3,2672,1722895545634504228,-61.15970060309922,78.97662658202505,62.318682971437724,0.05316347866765721,0.03186236518342224,0.8829199228277791,-0.46541470120169237
robot3,2673,1722895546133384498,-61.20745862268403,79.16392030384736,61.625188104629046,0.049490888330742756,0.029204281279976284,0.8830736653514948,-0.465702333567087
robot3,2674,1722895546631867918,-61.37785431483388,79.28853207034021,60.845487000466164,0.048424469972979944,0.029160952814568143,0.8810730006380819,-0.4695903289947409
robot3,2675,1722895547133970993,-61.456296096183436,79.42804739873873,60.10961796749685,0.04457296488721408,0.02466869994508226,0.8808309118866432,-0.47068206967031084
robot3,2676,1722895547632583165,-61.33291463703856,79.53202817298366,59.340603404087624,0.046333130920245005,0.0269034661861077,0.8507243994310031,-0.5228742111627419
robot3,2677,1722895548131793247,-61.29923949308506,79.68213858891434,58.51499207533506,0.04613016087021064,0.025118768801316988,0.8605598829363226,-0.5066337371243818
robot3,2678,1722895548636755409,-61.33387225952185,79.81182887146007,57.69960013435596,0.04437087140533031,0.024278404113501482,0.8772583969227332,-0.47734629975835097
robot3,2679,1722895549136510972,-61.290044345995504,79.99244811070365,56.892703526043995,0.046036226070457674,0.02746367196781728,0.882867100961904,-0.4665534210038087
robot3,2680,1722895549631345914,-61.19396890834513,80.1920471643863,56.212626724395385,0.04658726328751054,0.0282492297518159,0.882231355408854,-0.4676531229995859
robot3,2681,1722895550132070983,-61.06134101591928,80.41137522811223,55.58945251048232,0.04522413861906426,0.028663518566006005,0.8737888501117091,-0.4833489685620907
robot3,2682,1722895550635151848,-61.03718544372174,80.53381510010371,54.840033181123495,0.04133027710543006,0.02616938992106897,0.8738358090885737,-0.4837540180505638
robot3,2683,1722895551130265531,-61.06824096567086,80.6633483423978,54.13947049667878,0.04126395783429778,0.029282220892166245,0.8754548594718036,-0.4806439704715709
robot3,2684,1722895551632088597,-61.09920931725856,80.79645660594464,53.280048416916145,0.03417320189910681,0.02012694328791751,0.8760669071428991,-0.4805557955481578
robot3,2685,1722895552135269744,-61.15473975879592,80.9446779244351,52.5034215737512,0.037885828150883115,0.024903745654413206,0.8745060541734004,-0.482890907650757
robot3,2686,1722895552632495860,-61.174046337661245,81.10889966408338,51.80943184193034,0.038496704849448324,0.02639749206162674,0.8827059237261158,-0.4676017839437908
robot3,2687,1722895553142959110,-61.23771123704079,81.23758000045085,51.00985027568455,0.037206357433920804,0.026123116377140324,0.8864581211502878,-0.46057059090214103
robot3,2688,1722895553632943539,-61.19278358273041,81.32351116649846,50.24781491905811,0.04126112470860248,0.027246532999201774,0.8855257953924794,-0.4619515252943983
robot3,2689,1722895554135117875,-61.212180676927794,81.37338963557752,49.51166174858037,0.03636056056251387,0.026128162404862928,0.8856910375169365,-0.46211104166325384
robot3,2690,1722895554637502634,-61.150291348285144,81.49387167571722,48.83545786483001,0.0371272960939263,0.02512062301657831,0.8899262478394485,-0.453896234386686
robot3,2691,1722895555134952467,-61.076240417364204,81.70573728320873,48.08290511515821,0.03618029036434004,0.0242567514897476,0.9056524510551025,-0.42177747034923735
robot3,2692,1722895555633399031,-60.9886458442094,82.00161008780104,47.25291287288896,0.03860527251568534,0.026170093797177392,0.9188502886537561,-0.3918404090513709
robot3,2693,1722895556134162963,-60.87723380971502,82.35418843206935,46.501909651419986,0.03209140608748297,0.02476068359230494,0.921418816765714,-0.3864510503458897
robot3,2694,1722895556634313915,-60.89907754554708,82.64051844794636,45.68121979090582,0.0346137734915702,0.025136976957417945,0.9222693240908144,-0.38417354530887327
robot3,2695,1722895557132642800,-60.96455976434529,82.77950753059133,44.875296978130464,0.03666889716360239,0.026984964768895815,0.920501443051673,-0.3880776945368209
robot3,2696,1722895557634281879,-61.0483715549253,82.88976649107627,43.95661847808787,0.028172541310185137,0.025489608692248655,0.9180414800973614,-0.39465988976014255
robot3,2697,1722895558132477311,-61.17056815861225,82.9724267509535,43.0945024463825,0.033754240277309576,0.028553282498812175,0.9230231507610498,-0.3821957933847374
robot3,2698,1722895558634823225,-61.208357174112585,83.09470910314656,42.31937689444347,0.035862934097444614,0.0282333736401065,0.9210571900855389,-0.38674329879462915
robot3,2699,1722895559136110752,-61.27038067452068,83.32546395974748,41.43457407717994,0.03131462327116237,0.02795698298154025,0.9248411348959886,-0.3780299944134789
robot3,2700,1722895559633237536,-61.30206012693375,83.55241382976945,40.59368905532718,0.030843967237461387,0.029830417456954677,0.9259082643555759,-0.37530345305824625
robot3,2701,1722895560131868095,-61.24057686517076,83.80713728328169,39.730604828837755,0.02931693151840567,0.031016241329823415,0.9260607914572568,-0.3749532248503464
robot3,2702,1722895560639121133,-61.216467083622625,83.95322382787542,38.96395553520545,0.032617690460469514,0.031239269995494826,0.9251530947053637,-0.3768977920289026
robot3,2703,1722895561141774896,-61.1300662542615,84.05137221990908,38.19911444921049,0.030929628444074066,0.02907106392624375,0.9251816248835365,-0.3771434638229422
robot3,2704,1722895561635157667,-61.09834858771235,84.21623214953708,37.485991846571416,0.027849259221532516,0.02598700546677309,0.9235285318413806,-0.38163352208969525
robot3,2705,1722895562132219918,-61.09465562727955,84.3096657335604,36.7124888314608,0.02942176312631495,0.027124094223792788,0.924317438462713,-0.37952064017758835
robot3,2706,1722895562634286844,-61.124113035234714,84.60528577825089,35.86605154736834,0.02865156550323851,0.026472005886990144,0.9294509054090978,-0.3668778204426386
robot3,2707,1722895563138910606,-61.02485678872048,84.8853926801199,35.026220873711175,0.02885334165371725,0.027994807788197986,0.9331267791816901,-0.3572928622101497
robot3,2708,1722895563632538426,-61.17009247954408,85.16484052570276,34.114874776583626,0.026793382983622733,0.02462582345873081,0.9355331765976115,-0.35135930175883306
robot3,2709,1722895564133608850,-61.25201777524204,85.6283279472011,33.271864808159265,0.031885499744889974,0.02484850585058791,0.9410403506113619,-0.3358703993868125
robot3,2710,1722895564631839933,-61.322074581869906,85.97295400207497,32.288337052645446,0.02505406276678532,0.021323179905298993,0.9401754069944251,-0.33909854028065545
robot3,2711,1722895565133644980,-61.38901919907456,86.24433366706519,31.389756838009653,0.029634596878062275,0.022353970602603836,0.9398032150609753,-0.33969399115560917
robot3,2712,1722895565638417885,-61.32619366131539,86.35039728651613,30.53025952180159,0.032080296080986906,0.022332563211716012,0.9375383656006758,-0.3456789323209679
robot3,2713,1722895566134466545,-61.24160461463548,86.54324720644247,29.65091106947187,0.029228716169520694,0.017626632922086376,0.9371106715732591,-0.3473594293904039
robot3,2714,1722895566632206393,-61.2152667740133,86.81159065420209,28.789998719798962,0.02861571322338039,0.020957724618492206,0.934320817615425,-0.3546639599761677
robot3,2715,1722895567133768565,-61.41216615426648,86.99191527010511,27.84390609709218,0.02881833892213617,0.021636715402144544,0.9411061608896225,-0.33618529090959887
robot3,2716,1722895567632194293,-61.424285061041175,87.239643036354,26.93331594741418,0.029200152787975966,0.020688099705964105,0.9525391467686244,-0.30230535470119635
robot3,2717,1722895568137368932,-61.47646036342111,87.27851900168474,26.01060881920226,0.02482662848160234,0.020098095718053082,0.967686582353556,-0.25012473568129756
robot3,2718,1722895568635022865,-61.534626638868794,87.36464267364256,25.178810189060258,0.03224612722850356,0.01937276330877338,0.9840071391152441,-0.17411155473080514
robot3,2719,1722895569130944713,-61.337329220936475,87.59511010316027,24.482185921575443,0.031577189388881266,0.019668500070478902,0.9943975889244401,-0.09894173212823973
robot3,2720,1722895569634945241,-61.37070390582675,87.86383652610186,23.898226423287163,0.034274805478147825,0.017456377416506016,0.9988367112234559,-0.029081556169471733
robot3,2721,1722895570137183043,-61.3348979936871,88.01502318021083,22.936485308762038,0.03171842151037835,0.014411392047157405,0.9990541035340376,-0.02602213918865176
robot3,2722,1722895570632580401,-61.36349738000006,88.29613695510749,21.930756966135963,0.030848286195697416,0.015778916263547847,0.9984027671291705,-0.04462424933992357
robot3,2723,1722895571131872354,-61.307014695734246,88.57029192508647,20.91069296830949,0.027625137172092015,0.016578279932644015,0.9979740825862738,-0.05486112391104657
robot3,2724,1722895571632454461,-61.074705362990905,88.67962548719746,19.877212578341997,0.030680913987636355,0.016410085483857206,0.9986299425471087,-0.03908488786799701
robot3,2725,1722895572131973377,-60.87694441704434,88.74570750105048,19.011345360602828,0.029044074500920353,0.016260078879496303,0.9992609622531446,-0.019224486680714813
robot3,2726,1722895572634731268,-60.91627922444188,89.00520361832531,18.296042833397106,0.03470053115958339,0.017875311101741023,0.99920080448031,-0.008608061115024044
robot3,2727,1722895573135194857,-61.0350331446431,89.3838005743652,17.519181565266145,0.027153653572867215,0.019123751021439553,0.9994312043389186,-0.005850558791542603
robot3,2728,1722895573634404420,-61.04374142788599,89.56738877909137,16.71079983877798,0.02493888594178886,0.023888747266856622,0.9993552347874367,0.009823157585516856
robot3,2729,1722895574133566043,-60.88449540181477,89.56460652517183,15.817084777148285,0.02413607752270834,0.026314818170423204,0.9993192457529062,0.009274975704436809
robot3,2730,1722895574632890379,-60.79821858333525,89.63431209149242,14.969062419997089,0.027727640031331845,0.025835965075503724,0.9991590253286764,0.01565001569199312
robot3,2731,1722895575136166421,-60.64280702252244,89.69872472829323,14.086077965677894,0.02850833729789318,0.024747835664373774,0.999069298856908,0.020865172321478154
robot3,2732,1722895575632293985,-60.7004879822716,89.94149712532153,13.41956150636672,0.02672166935840923,0.022239227512990536,0.999259842546543,0.01646621450678304
robot3,2733,1722895576134774956,-60.83907827059322,90.3047188956119,12.765511498424248,0.025402404412674783,0.022274010558092965,0.9993963063383589,0.008099949441696074
robot3,2734,1722895576635837328,-60.93358402213143,90.58816718440194,12.170357481076278,0.026231393902416654,0.0216182466883902,0.999249004980573,-0.01860084485691361
robot3,2735,1722895577135691890,-60.99137027999557,90.73032108165461,11.496700975049498,0.026067217093515276,0.023003292736260426,0.9990283595096183,-0.02708663160694443
robot3,2736,1722895577635861583,-61.026238809789135,90.75892558700053,10.748854537289054,0.026940435165398798,0.02624915535307224,0.9981832392869768,-0.04706820161114259
robot3,2737,1722895578135920042,-61.227225231050866,90.7897999647483,10.018681970153045,0.02676578086447859,0.026487260016462462,0.9978242396838007,-0.05411843245124568
robot3,2738,1722895578632409153,-61.50768575160591,90.9070758476326,9.372867411581847,0.030507367987838974,0.02453821243243987,0.9978281432314247,-0.05297332540441738
robot3,2739,1722895579133427483,-61.82127840970919,91.01621341136475,8.720243610226145,0.026026019375448562,0.0235138549900833,0.9978517922052001,-0.05533123649299841
robot3,2740,1722895579632225064,-61.952319205473145,91.16578909536115,7.950972615687575,0.031350540729100713,0.02466390667294529,0.9980168991218947,-0.04869398700804089
robot3,2741,1722895580132552621,-62.05402448106485,91.31047616293489,7.0939945386926215,0.031853311128181044,0.022514609456597275,0.9980946326868583,-0.047807563552994835
robot3,2742,1722895580632341181,-62.06807832422163,91.35082435987778,6.288106477507016,0.029872232792997864,0.022421067725928456,0.9983424187800144,-0.043787672859613824
robot3,2743,1722895581133468151,-62.26705602471362,91.535418780279,5.586668221829087,0.03455373112349584,0.022463294185829024,0.9978750372071195,-0.05046632737435993
robot3,2744,1722895581632094345,-62.34557712233621,91.6304877167262,4.999244288218836,0.03370417011432226,0.022719723692092957,0.9983166978016673,-0.041371656513055126
robot3,2745,1722895582132515386,-62.48492706156545,91.7593149148333,4.343040721929362,0.03358742686825206,0.024089718135159817,0.9982942347998846,-0.04123337242879207
robot3,2746,1722895582636687663,-62.61229430786969,91.88382635042088,3.7378466834756123,0.034468915392486116,0.025456914316356223,0.9981001661745897,-0.044270731498495
robot3,2747,1722895583134995151,-62.6431537593657,92.02451498091712,3.1035400608759636,0.03702823960836175,0.026457050921506783,0.9978272088170276,-0.047642368459832794
robot3,2748,1722895583639216676,-62.68896569552326,92.20151724671697,2.506570955937593,0.03340144159604778,0.025139504278615953,0.9978134723998865,-0.05119202399995692
robot3,2749,1722895584138567433,-62.7618096041065,92.44929636742101,1.9589940991680028,0.03247268154049273,0.02562122672235276,0.9976318773862501,-0.05495193279219303
robot3,2750,1722895584632280684,-62.82612689364599,92.63051140719716,1.341206767961296,0.03454780418339704,0.02593603175177477,0.9972103588124642,-0.060870943480390884
robot3,2751,1722895585138447794,-62.86967291070732,92.84184086799482,0.69797080251977,0.03377340200720606,0.024590943069633733,0.996950610053734,-0.06590996851230678
robot3,2752,1722895585632450578,-63.056704681923215,93.13749763762547,0.1699058588089157,0.0356978900191275,0.026334381521727734,0.9959344628993547,-0.07840093499075375
robot3,2753,1722895586132888570,-63.1763367736421,93.24943804031896,-0.6409817779496025,0.036659866472370226,0.025787176388264707,0.99615276296093,-0.07530437284416819
robot3,2754,1722895586637459719,-63.27085994273253,93.419992985738,-1.365267731762408,0.03895023136624336,0.023186000222100798,0.9957708754054312,-0.07991027821574585
robot3,2755,1722895587135929743,-63.44069727445354,93.64169232269562,-1.9818796170351924,0.04160366284452773,0.02494372520111967,0.9951089999364963,-0.0860524494502985
robot3,2756,1722895587633659317,-63.498357640461364,93.7009592716344,-2.7057906110374943,0.04001187000844963,0.026838505842912554,0.9952048750242518,-0.08512344912249602
robot3,2757,1722895588134155222,-63.690967200164565,93.89556288827531,-3.3571074431621093,0.042872235553767866,0.02847639956267666,0.9952434083238852,-0.08271411170063594
robot3,2758,1722895588634072634,-63.74100066359358,94.00940135459304,-4.025634329685914,0.04455155487073114,0.03017710270295003,0.9953473598734145,-0.07992580699673515
robot3,2759,1722895589132591544,-63.70823232698599,94.10898674494953,-4.648797903495183,0.04178483838620742,0.029750849481231703,0.9947020547291493,-0.08908836373955956
robot3,2760,1722895589634324202,-63.85549287619217,94.27369230698662,-5.2265375565063135,0.04365131960402885,0.03443359867020138,0.995436042611587,-0.07756271429771736
robot3,2761,1722895590131659078,-63.985220901758915,94.49849829884451,-5.67508164708923,0.043442556817581565,0.03501295879811889,0.9958957393317256,-0.07126368889040345
robot3,2762,1722895590638951538,-64.20203927699285,94.73832661216501,-6.32319877168649,0.04084892578014191,0.03419168961888696,0.9962477453750046,-0.06821087493086474
robot3,2763,1722895591132724698,-64.29745029199067,94.85915136122418,-7.059496701857529,0.03752885762627654,0.032969592513280625,0.9965646209671455,-0.06605714988844666
robot3,2764,1722895591632741439,-64.26092753371861,94.9137244639892,-7.800854663615016,0.04257234059100939,0.03147832997689764,0.9966798200419061,-0.06185504732600477
robot3,2765,1722895592130712778,-64.21504623742986,94.95047199725768,-8.552277542968172,0.04449337897124112,0.03371301396366837,0.9967571684511861,-0.05795618222744571
robot3,2766,1722895592635104034,-64.38090515063857,95.15072887533788,-9.169129903198307,0.03188384487147945,0.03541500781374651,0.9970459478437633,-0.06023765886964199
robot3,2767,1722895593134378058,-64.61860800858176,95.52299971727322,-9.632632178539776,0.040763593131115695,0.04094923946412731,0.9963889689054355,-0.062213438306475945
robot3,2768,1722895593632944662,-64.62680109680075,95.72903542347763,-10.342438203174707,0.042625903425152455,0.038667217791194676,0.9961645318592921,-0.06590981786528712
robot3,2769,1722895594136718634,-64.59457145963164,95.89088276994369,-11.145650441945664,0.04496212807175924,0.03492529241875086,0.9963141671059214,-0.06416160388236465
robot3,2770,1722895594634390542,-64.53500279898644,96.05376357707475,-11.854956589879865,0.04018062174956981,0.035767426939996516,0.9967543374198887,-0.059891565687903804
robot3,2771,1722895595134388748,-64.52011430721623,96.36775878591791,-12.470707416269535,0.044328754428051315,0.03712412035394764,0.9964627777841407,-0.06098109304954488
robot3,2772,1722895595631915251,-64.41529978929613,96.5270233564255,-13.246919868882031,0.036402409217556976,0.034477793116737813,0.9967890419358839,-0.06243198107940761
robot3,2773,1722895596132639861,-64.22573439196617,96.67609447068155,-14.037115943110308,0.034403774015451465,0.03569738862082647,0.9974339272287539,-0.051649178039657406
robot3,2774,1722895596632451406,-64.19278185960981,96.99508993752919,-14.583800984217612,0.040100901720704865,0.03716935621408288,0.9977124345207875,-0.039752416812319426
robot3,2775,1722895597133673106,-64.2034215869838,97.31901062106984,-15.135734474849308,0.03814481300406171,0.03826827903827344,0.9971583837238005,-0.05249447427750492
robot3,2776,1722895597636350891,-63.995127301438245,97.36960775448277,-15.898245434749608,0.04281611470473615,0.03693741882938183,0.9966305592736446,-0.05941326227127936
robot3,2777,1722895598135045587,-63.9951652204416,97.5267809279244,-16.49791712827866,0.042332134068837256,0.036780003813667604,0.9967059050601468,-0.05858805819344266
robot3,2778,1722895598632816849,-64.13586173478727,97.75523193203176,-17.002894914815023,0.0437923889178685,0.04117890760911946,0.9966247128696567,-0.05590801318648367
robot3,2779,1722895599135239341,-64.15651972455102,97.82989148074584,-17.74138378283766,0.04301685163143354,0.0392525451346818,0.9969099678657318,-0.05271910608227944
robot3,2780,1722895599637452682,-64.1519215963412,97.86575944536739,-18.581615309799794,0.04570880098453873,0.03720564693158651,0.9969428244829759,-0.05129766135862648
robot3,2781,1722895600134775386,-64.15792283170148,97.8438371039685,-19.33420507773074,0.04098928553636371,0.03569544622373704,0.9971993135157574,-0.051373560454856394
robot3,2782,1722895600633306570,-64.24780367038696,97.93895884891788,-20.00998005429689,0.04656035433474803,0.03395186750582632,0.997043398818092,-0.05083173192363942
robot3,2783,1722895601138355523,-64.22771367747907,97.98474050709044,-20.650148898486837,0.04308318865266914,0.03270524002329715,0.9965363255832114,-0.06316294739519936
robot3,2784,1722895601643970191,-64.12400109856304,98.16024458853437,-21.206065233031584,0.04312502795612298,0.0334933560884056,0.9956032859353485,-0.07610863352114297
robot3,2785,1722895602132610160,-64.16402954949426,98.28046217332097,-21.800312088343194,0.03970853633951661,0.03189315653867596,0.9947265226519233,-0.08902361394925264
robot3,2786,1722895602632546671,-64.14245627671994,98.530964254053,-22.376867363584225,0.041130992753671616,0.031603106882420545,0.9940526398894497,-0.09575402967651912
robot3,2787,1722895603137023627,-64.09596819576069,98.70279426776882,-23.16074297550263,0.04394243106512108,0.028775253480116485,0.9920381644287327,-0.11446103204197007
robot3,2788,1722895603634493200,-63.93342301460361,98.59160112609497,-23.984037298253327,0.04378061285637248,0.027199285778115586,0.9870650729566868,-0.151809085828522
robot3,2789,1722895604132751929,-63.72995954352027,98.62118946062976,-24.78091404791052,0.04278584000782725,0.02292609657069199,0.9755645656699883,-0.2142837936008766
robot3,2790,1722895604635185462,-63.628131002591225,98.74739702921345,-25.674311469397736,0.041614875153133155,0.021157931125492142,0.9497503207520998,-0.3095074673537971
robot3,2791,1722895605137561311,-63.416746482420734,98.64634035368316,-26.693929976780492,0.04198984345429579,0.01635898174535251,0.9237831459422584,-0.3802550933728079
robot3,2792,1722895605631713183,-63.20397905590414,98.50695724603877,-27.656160799824455,0.03472680354536799,0.012247256301637068,0.9038825304404708,-0.4261929433873053
robot3,2793,1722895606133619951,-62.819836288956814,98.26812201208463,-28.505878092549686,0.034133187430708575,0.011848942344085461,0.8815356202280502,-0.47073291615341034
robot3,2794,1722895606633679943,-62.291513712800196,97.7441294822952,-29.364170810091228,0.03853764907664088,0.005300745072876687,0.8415402702077462,-0.5387919128234866
robot3,2795,1722895607134881762,-61.715895535451935,97.25190706176726,-29.98589566654135,0.03852599878259145,0.0018817196798629591,0.8229988780087599,-0.5667319060589163
robot3,2796,1722895607632837518,-61.18352696779735,96.70085192707847,-30.20344635353243,0.03959498468683876,0.003351287584371261,0.8282825239936713,-0.5588998716280484
robot3,2797,1722895608131314018,-60.64217289938931,96.08995376362552,-29.860035072275164,0.04069361293520354,0.005740487038696152,0.8284761891445548,-0.558514351378149
robot3,2798,1722895608639776795,-60.27658252847819,96.00098505710898,-30.06385719838504,0.037563089151137784,0.0036972786336537888,0.8204616431456027,-0.5704542370698517
robot3,2799,1722895609133868015,-60.10678245559745,96.01586271117921,-30.350793938011833,0.033896457532732176,0.0006067815413783733,0.8160204982562161,-0.5770279095577349
robot3,2800,1722895609634827817,-59.853563316398144,95.75933092486358,-30.633592832510757,0.03203256002877464,-0.0006728314806828955,0.8166178989904941,-0.5762887032071277
robot3,2801,1722895610133239137,-59.46875819450212,95.49579426092028,-30.830825763501057,0.03498378532092681,0.006650904990875811,0.8163751745382997,-0.5764229997362893
robot3,2802,1722895610634896455,-59.26528704804216,95.33786815797228,-31.240368934462605,0.03277884807279606,0.021008334437934744,0.8110502899181053,-0.5836793847883629
robot3,2803,1722895611130754002,-59.00084726786308,95.14801717987484,-31.61907708174912,0.02670135544520335,0.03025984866115672,0.8061403281992884,-0.5903466358226636
robot3,2804,1722895611633968136,-58.62593445374339,94.79412624332203,-32.11859455532054,0.020397646254531644,0.020418761594184057,0.7961131269469225,-0.6044591791883287
robot3,2805,1722895612136809702,-58.25147506520228,94.45749432824368,-32.681856882335815,0.01860022155494036,0.021098249436452304,0.77195557529903,-0.6350539232172082
robot3,2806,1722895612634906784,-57.8397237322757,94.10217306114018,-33.34417567668507,0.021311763439174396,0.015955741658865232,0.7817275761773905,-0.6230515385512264
robot3,2807,1722895613133910631,-57.48029810949324,93.7091115994679,-33.92908187089458,0.021063986071157115,0.01812050024459545,0.7729692421507168,-0.6338347628922116
robot3,2808,1722895613633065541,-57.268984239742046,93.29658366071425,-34.39997087775162,0.019818534147532617,0.01544722962443661,0.7581036025320493,-0.6516498573843944
robot3,2809,1722895614137730062,-56.982477992382975,92.7526907551724,-34.966844792974015,0.019615107528849613,0.010617276716110523,0.7448331860487046,-0.6668778343537151
robot3,2810,1722895614633124663,-56.62575767985843,92.34231396277447,-35.494739891140604,0.02624455630414301,0.0074969793778419305,0.7291010673918971,-0.6838615737798136
robot3,2811,1722895615137685901,-56.28474333576895,91.89834325954124,-35.998609493441336,0.03034328468031394,0.0071052702880932605,0.7216280593450507,-0.6915791669612659
robot3,2812,1722895615633166355,-56.00200700344927,91.5656105886907,-36.57368673049278,0.029284963266191764,0.012172064283673435,0.715760911580726,-0.6976249344961089
robot3,2813,1722895616134157077,-55.73629214954773,91.22131087844163,-37.092591839135906,-0.02929521820544001,-0.013939567445631074,-0.696537349136763,0.716786718562262
robot3,2814,1722895616631527025,-55.40855334597506,90.78027467247473,-37.501191123667844,-0.029116049555709927,-0.011888095651277597,-0.6842827529657071,0.7285382919474642
robot3,2815,1722895617133099945,-55.128707432945475,90.4019947346024,-38.048838682429135,-0.030301679394253607,-0.016598730922313426,-0.6763762851493876,0.7357454799352632
robot3,2816,1722895617630052413,-54.86843666068297,90.04073737962325,-38.67986156481735,-0.030229111966790265,-0.015808870887597755,-0.6776361682009241,0.7346056792163586
robot3,2817,1722895618130506360,-54.5761131738031,89.42004933349472,-39.171136667305404,-0.031634206686180874,-0.011846392109309925,-0.6249814044559551,0.7799084459381053
robot3,2818,1722895618632549154,-54.40455151021429,88.73945658014442,-39.41229301007636,-0.033374344231275034,-0.008600503278850365,-0.5473972471499866,0.836162925692774
robot3,2819,1722895619132521227,-54.24538494618986,88.09745345962645,-39.41988303756062,-0.03155454425001224,-0.004420899413749894,-0.48406276972678886,0.8744529726348794
robot3,2820,1722895619640766364,-54.02362889945081,87.58211717957694,-39.60915612563217,-0.028013431534878837,-0.004468816229045901,-0.46297436638558515,0.8859176109577107
robot3,2821,1722895620132740049,-53.76135209495132,87.13934175222192,-39.900873539290814,-0.02428255106524408,-0.007836922197060158,-0.44161243273797596,0.8968430183791852
robot3,2822,1722895620632102986,-53.4443426268182,86.5274944932622,-40.202258200772384,-0.02179839998591003,-0.0004169526741441198,-0.45371441711684696,0.8908803980382785
robot3,2823,1722895621136661361,-53.14884810483338,85.95616082493434,-40.485325284164624,-0.01761841731637363,-0.0017869214541772125,-0.4432156044751699,0.896240105235585
robot3,2824,1722895621633876030,-52.867564410766555,85.35388904020782,-40.867805427639205,-0.019445066193788465,-0.0008476559973386851,-0.40937325567147015,0.9121593656927338
robot3,2825,1722895622135198637,-52.48162843480165,84.86550546457732,-41.18001362447303,-0.01485265647841734,-0.001355066437037002,-0.3896778147138515,0.9208304746859339
robot3,2826,1722895622631909880,-52.15994670381348,84.28667922259369,-41.501476423213916,-0.011792526581678299,-0.0011662965655342534,-0.35922325135007777,0.9331764204900488
robot3,2827,1722895623135422074,-51.78612795284762,83.63898693065434,-41.88285110705096,-0.004764244515250731,0.003547139726157247,-0.30137420071983784,0.9534874466475376
robot3,2828,1722895623636509504,-51.42092944913876,83.09655629802323,-42.100910437991026,0.0008115701771792147,-0.0011265340449151393,-0.2316110529705442,0.9728074796262459
robot3,2829,1722895624138687583,-51.1016451356006,82.56225311663034,-42.28157000464662,0.0018135953395546627,0.0017705478907404386,-0.16701071248602234,0.9859518233397725
robot3,2830,1722895624637910086,-50.87743472555874,82.15802885734148,-42.46645220757663,0.005510573750769504,0.007029140871292348,-0.11300800992302942,0.9935539313237028
robot3,2831,1722895625133874222,-50.58453210363107,81.71988844685963,-42.74757198895308,0.00853830158735053,0.006469781638508299,-0.09066136835298787,0.995824158985871
robot3,2832,1722895625638033466,-50.09519391280958,81.06465973212894,-42.98497579004249,0.011877497024660523,0.012852758236579588,-0.07748074111869147,0.9968402411750037
robot3,2833,1722895626136679296,-49.68043622348789,80.61667275980244,-43.29658240613053,0.016021479945628844,0.0081363354727864,-0.04594641712991919,0.9987822780658203
robot3,2834,1722895626635408192,-49.33612135061937,80.03490608912466,-43.5164923478317,0.016194258381785193,0.00667056700406987,-0.04146138829100382,0.9989865879041073
robot3,2835,1722895627133937291,-48.8295705520093,79.42074005280259,-43.60952893541017,0.014879002581845205,0.007241318749155744,-0.020686133370716092,0.9996490696595038
robot3,2836,1722895627631649159,-48.39488937409156,78.96298151512859,-43.822787104160845,0.013999220800407624,0.005209537054920339,-0.02252093149427884,0.9996347783992335
robot3,2837,1722895628134365343,-48.02481324857705,78.44369072512573,-44.060647236240214,0.013351035767772678,0.009303542647315017,-0.006263364852295512,0.9998479705429543
robot3,2838,1722895628630157779,-47.62039262318268,78.01450930882397,-44.175323764954385,0.013007783359208509,0.005546369363916663,-0.0024626489097224783,0.9998969800530983
robot3,2839,1722895629133097058,-47.237506060787595,77.43704699170767,-44.25582799565795,0.012976506143511018,0.005374244490675281,0.0064235715188893415,0.9998807256435158
robot3,2840,1722895629632274672,-46.97151077720355,76.93046989485806,-44.38374397963479,0.010949441074606726,0.0042513105891202755,0.022983011567887384,0.999666853145436
robot3,2841,1722895630134749309,-46.6049957723967,76.36838387812813,-44.49822122815839,0.012377164721895121,0.004659998251748381,0.03774940830731647,0.999199715963825
robot3,2842,1722895630637371477,-46.268077937918775,75.86489682756391,-44.63750646363296,0.013009630258534067,0.011976367420669504,0.03576160475109811,0.999203894993193
robot3,2843,1722895631133927759,-45.94290302741173,75.31999118982743,-44.80679525343538,0.014089991148876567,0.008921508271039597,0.03324311628687612,0.9993081476997631
robot3,2844,1722895631633808086,-45.58105197931334,74.82195716017573,-44.97337187338221,0.014236502581425229,0.009725591831357088,0.03076117763413688,0.9993780489926422
robot3,2845,1722895632131910412,-45.23472636756761,74.28421723586135,-45.146651864823234,0.013615940537985578,0.005010794594362144,0.027196361071453765,0.9995248151223012
robot3,2846,1722895632632113647,-44.89348578535947,73.83284339706147,-45.336574445565724,0.011352272402464947,0.01069787709396939,0.0234624647346185,0.9996030182455229
robot3,2847,1722895633137165694,-44.61360045790647,73.32447471664162,-45.53339841046414,0.013361839621412637,0.004066032174846032,0.019617362812949426,0.9997100018007972
robot3,2848,1722895633634602001,-44.264707109376324,72.72745693243402,-45.664981166286935,0.010914447080909514,0.004671181447004344,0.015407050643242992,0.9998108209552864
robot3,2849,1722895634137081776,-43.88514130865242,72.21468357087862,-45.90867307334963,0.011408672213293254,0.006421668657967249,0.012754352429849198,0.9998329514794319
robot3,2850,1722895634632842250,-43.54809500164003,71.6486666768152,-46.10731503764776,0.009233220781867382,0.007101382518452685,0.012215280462825245,0.9998575423146712
robot3,2851,1722895635135847630,-43.23779709344926,71.1653808773635,-46.260972438772214,0.00756660894803133,0.004441723527981477,0.01025991988624832,0.9999088716303383
robot3,2852,1722895635634548290,-42.92521124012312,70.60906304155692,-46.38000826320465,0.005934925059531708,0.006728295435623018,0.007547227513436222,0.999931270669104
robot3,2853,1722895636136851001,-42.576890095239435,70.08888263688257,-46.47883059690904,0.004640602941350516,0.004957377433016397,0.0027996561069826465,0.9999730252056852
robot3,2854,1722895636634812658,-42.25152142361943,69.5408410662313,-46.73227078264458,0.003668400135920834,0.005994332942964309,-0.0023774583868339345,0.9999724788736091
robot3,2855,1722895637136194309,-41.828899002500656,69.01246706733681,-46.86982122960718,0.004528222481759696,0.005550899498836708,-0.007851640528401621,0.9999435156332193
robot3,2856,1722895637633190551,-41.39388784088052,68.35384450845268,-46.960601548287336,0.0029096075784187706,0.004480402259362211,-0.01442021440797427,0.9998817518065634
robot3,2857,1722895638132732927,-40.984389018701876,67.70680188767149,-47.05144314555152,0.0036751544624908715,0.010508096975508065,-0.01787905682298063,0.9997781816306809
robot3,2858,1722895638635803211,-40.566259503547464,67.138887861727,-47.12501234767914,0.0016848251586330948,0.007613654537250504,-0.022188122820966022,0.9997234021640456
robot3,2859,1722895639146023643,-40.138229339344015,66.45649706029714,-47.22444590664242,-0.00021130506326064974,0.005808641634805892,-0.02674603283729047,0.9996253622032583
robot3,2860,1722895639632782941,-39.809861804581054,65.97667740575422,-47.388500651968414,-0.0029338756714350337,0.008936486967933059,-0.03232676771682301,0.99943309514104
robot3,2861,1722895640135246689,-39.41233682089229,65.36883739790437,-47.53772629758443,-0.004278272298147696,0.006312173787645927,-0.03538254089030483,0.9993447496476695
robot3,2862,1722895640642687631,-39.00210358984544,64.70152525101877,-47.61124169745789,-0.007418807977114437,0.009658560465128353,-0.03264577715970681,0.9993927790071223
robot3,2863,1722895641134198911,-38.58389931519715,64.0752333887419,-47.7184300441642,-0.009134218629515693,0.008434546526212464,-0.03901003153366804,0.9991614693905423
robot3,2864,1722895641644392737,-38.18623801032817,63.35588846583133,-47.81228539651468,-0.011558392612549595,0.008706797122318923,-0.04360059246270657,0.9989442344700659
robot3,2865,1722895642136876586,-37.80436273779221,62.760894544651464,-47.954928815687765,-0.013458302184365327,0.011038134491643151,-0.0478774341317083,0.9987015495082716
robot3,2866,1722895642645400355,-37.461814735681216,62.02135617242506,-48.055773852067134,-0.011314712314944105,0.010129616678369958,-0.04594163452387499,0.9988286811903501
robot3,2867,1722895643133025607,-37.094238698230804,61.311890564130614,-48.16089216950321,-0.008576020021169938,0.006260491825470618,-0.04291421416133375,0.9990223362596129
robot3,2868,1722895643635798157,-36.730650680533515,60.651115283834685,-48.34494676798375,-0.006367967603864126,0.00913004028385336,-0.041135694060344674,0.999091560382323
robot3,2869,1722895644132721479,-36.403111482511676,60.06970578909737,-48.565064966850464,-0.0043999090779913794,0.00802254514147818,-0.03851103308168077,0.9992162828439797
robot3,2870,1722895644631280542,-36.05108435394136,59.49452216666915,-48.650066451700376,-0.0040093147939386535,0.006031548579125914,-0.03721712243553556,0.9992809572959144
robot3,2871,1722895645136121708,-35.65578782405042,58.856955867047,-48.6940940875914,-0.0031255886675724998,0.00510671846275881,-0.01915620767340497,0.9997985756289096
robot3,2872,1722895645634535483,-35.32365394760731,58.24372511883969,-48.87363652272719,-0.0037568039389245344,0.003284565634531112,-0.015153157911994437,0.999872731830432
robot3,2873,1722895646132108610,-34.98177649521639,57.64196090754764,-49.01282155452608,-0.002310206497696705,0.00270825806035922,-0.0022856919153548773,0.9999910519083081
robot3,2874,1722895646637942774,-34.59776021947998,57.030821769453,-48.993841149061815,-0.001891552632657337,0.002306547199439253,0.0056924382061516055,0.9999793487947257
robot3,2875,1722895647134374091,-34.22997436244737,56.36238563002115,-49.05509788541622,-0.0034227946931734443,0.005918779587148949,0.00781645503162485,0.9999460763238315
robot3,2876,1722895647632267457,-33.91708711623884,55.788097660836264,-49.219940236646025,-0.0012366102059588786,0.0073875505139494825,0.009591271646339985,0.9999259484585888
robot3,2877,1722895648133834858,-33.64425245946143,55.39346834207699,-49.48622362514753,0.0007789306841544573,0.0027597330956758495,0.011775423648097152,0.9999265555720269
robot3,2878,1722895648640932801,-33.29795953474528,54.850517198922766,-49.72300825253762,-0.001354825198878381,0.007072561549153068,0.008429000822318216,0.9999385457451628
robot3,2879,1722895649136176641,-32.99723104921203,54.37383197866049,-49.90486000046276,-0.001974464277808145,0.0043268883196796335,0.005553036198775377,0.9999732713014182
robot3,2880,1722895649634897208,-32.67833411017884,53.94692289892138,-50.10649004409234,-0.0005174473723880402,0.004540901830108289,0.003938486200296332,0.9999818002270022
robot3,2881,1722895650132337720,-32.35622837918676,53.50985705654215,-50.332288536750426,-0.002554401750010162,0.001366107597356251,0.00010329799539385626,0.9999957990468041
robot3,2882,1722895650632100928,-32.00652215365431,52.97985524021725,-50.503563069207615,-0.0010450210115689274,0.0017356832075682968,-0.0027699934639725966,0.9999941112182101
robot3,2883,1722895651135281821,-31.751697812354966,52.418630467239474,-50.55685952820112,-0.0030924116819666825,0.001479150929951051,-0.0037576650155525157,0.999987064444409
robot3,2884,1722895651637894575,-31.441499417829277,51.83692114086793,-50.64072709527443,-0.0027835311502001077,0.0011675491856080642,-0.011059041763621573,0.9999342910304184
robot3,2885,1722895652132552325,-31.175375713098035,51.24915847656014,-50.74629397562138,-0.003488736223848329,1.6531258335577063e-06,-0.020106421510161947,0.9997917585831978
robot3,2886,1722895652634449052,-30.882301798744507,50.73411583918461,-50.90563249762286,-0.005714660509214707,0.0010618946568081487,-0.028877373823639592,0.9995660620069351
robot3,2887,1722895653136852103,-30.493196826872417,50.22742810924404,-51.06543063959741,-0.005504047869260091,-0.0018485969363945646,-0.03748923158164291,0.9992801637488046
robot3,2888,1722895653634989790,-30.131936539892965,49.77107079682689,-51.183164123485255,-0.0032358914335586307,-0.002451475102248089,-0.04547150058949117,0.998957387434816
robot3,2889,1722895654135455315,-29.763399783768254,49.168926976083725,-51.310682907097096,-0.004537995971116049,-0.0015742321087922322,-0.05438722070335554,0.9985083668202276
robot3,2890,1722895654631355717,-29.385080786429533,48.61718421871057,-51.45322570679071,-0.003959031586132021,-0.003120573189909992,-0.0476133122196857,0.9988531226318197
robot3,2891,1722895655131095935,-28.95328876243196,47.96676898035511,-51.600381035100895,-0.0023628086367426413,-0.00030390950807304744,-0.047348385583786956,0.9988755954356708
robot3,2892,1722895655636172806,-28.586468757375563,47.346258615048626,-51.704550457044746,-0.004063481500358559,-0.005610492672076232,-0.049486065096809764,0.9987507896624198
robot3,2893,1722895656136188619,-28.272126627230946,46.82127076186579,-51.79189781927215,-0.004034438265476002,-0.00406801271301779,-0.04261331063504234,0.9990752125526737
robot3,2894,1722895656634858333,-27.93776420897451,46.31883407564068,-51.91068414730209,-0.004380343017408649,-0.0023409437111920964,-0.04600922973618256,0.9989286678019978
robot3,2895,1722895657137588554,-27.62208459077767,45.901753623702284,-52.07816941980488,-0.006855571947665358,-0.0030478932668601424,-0.05023692702529302,0.9987091481722591
robot3,2896,1722895657632491754,-27.309542958698007,45.483382214603196,-52.24221079544392,-0.008134892087039243,-0.0007508056817133774,-0.0542759047539863,0.9984925567998475
robot3,2897,1722895658136933469,-27.00355910095991,45.01898880716955,-52.39348337985921,-0.009668743146930954,0.005363738585298017,-0.05877532772209639,0.9982100012349643
robot3,2898,1722895658632572475,-26.670626194684516,44.45078166270846,-52.46584574023371,-0.009515860726382153,0.01365034083643433,-0.06351115078462155,0.9978423975336478
robot3,2899,1722895659132796551,-26.34725607626427,43.970707123648296,-52.56851853789088,-0.009861692403741953,0.01116350633497315,-0.06771898173517979,0.997593235072288
robot3,2900,1722895659633582542,-26.060807559935142,43.59988284051298,-52.73952565095014,-0.011969270082181209,0.009361109220761025,-0.07322545451193942,0.9971996485254979
robot3,2901,1722895660137001749,-25.791548595032825,43.16538907154297,-52.85739253069998,-0.013198966772605422,0.014853828167392972,-0.07752599196354838,0.9967922911193571
robot3,2902,1722895660633213585,-25.517410843175664,42.72350774509606,-52.97425556563823,-0.0168176739627646,0.01251009181901929,-0.08410774021282522,0.9962361926177213
robot3,2903,1722895661134462618,-25.219141216188557,42.162553924411284,-53.14249451951081,-0.01855171646958571,0.011705740337319985,-0.11836883288852071,0.9927273688479615
robot3,2904,1722895661633556128,-24.860702044916504,41.60109309544045,-53.39515470549716,-0.022038423796890024,0.007825702317604108,-0.1580943091288477,0.9871470284009658
robot3,2905,1722895662132082768,-24.500663409757966,40.98243411327522,-53.6203939656014,-0.025466266763452535,0.004870601265379179,-0.17867106110966494,0.9835671804317145
robot3,2906,1722895662632103992,-24.135066852780955,40.40242642227966,-53.845681100235154,-0.025768797827174214,0.012684509859531162,-0.19276798637401082,0.980823926960122
robot3,2907,1722895663137649052,-23.773919557736757,39.77609647512811,-54.09332968145449,-0.025030168146584146,0.014778861757144292,-0.20715137972844713,0.9778769768249571
robot3,2908,1722895663632708530,-23.402487091124605,39.07668619656014,-54.28271485754991,-0.022310126273357055,0.022741349400457214,-0.2146268199922568,0.9761764274111132
robot3,2909,1722895664132003337,-22.9961367783776,38.41388384982662,-54.432290508443145,-0.022018726007984157,0.02038175760477636,-0.19041884507453266,0.9812443238574206
robot3,2910,1722895664632932860,-22.58646865932873,37.88824601180582,-54.77853816306093,-0.02308617837108709,0.02068502303246107,-0.19051620935807562,0.9811945434837042
robot3,2911,1722895665133492175,-22.270140913492288,37.505261119405205,-55.10568852142697,-0.01916061279620426,0.020504023406396468,-0.159505345957834,0.9867981052638354
robot3,2912,1722895665635557348,-21.903236014334073,36.87519536627911,-55.09084273039986,-0.01821203182720803,0.025892250979075635,-0.12238199883422987,0.991978104394094
robot3,2913,1722895666130770650,-21.61261946770181,36.35086549838745,-55.1111615156667,-0.016575987157624678,0.02789840492202235,-0.08892482533999543,0.9955095635355837
robot3,2914,1722895666637384925,-21.289485441904286,35.73662851121862,-55.24943978006691,-0.01705739677689957,0.028901604150846062,-0.08795417587837957,0.9955590416636565
robot3,2915,1722895667133368604,-20.95375773814764,35.08938769736397,-55.29799136915365,-0.021852332160858867,0.032133176299039355,-0.07078743484855216,0.9967342041023918
robot3,2916,1722895667629929209,-20.664664227413734,34.682919028343576,-55.440596959773586,-0.022319331226956687,0.03220313488003334,-0.06970332193425305,0.9967979998318665
robot3,2917,1722895668135712884,-20.32297200849289,34.05494037918052,-55.4623556003152,-0.024607609079726495,0.03043591063315234,-0.06003345990805972,0.9974287466334512
robot3,2918,1722895668634873692,-20.036035570084607,33.51029357804444,-55.52517784918926,-0.0253544033037236,0.028032545663222996,-0.05459148393949953,0.997793115078489
robot3,2919,1722895669133551323,-19.78095509132398,32.9344496350177,-55.59009276881883,-0.02762477064387147,0.031321846862311285,-0.04644052749859181,0.9980476398257049
robot3,2920,1722895669633163661,-19.518123937731556,32.360842981025726,-55.582462028816494,-0.04059289885690083,0.03504870811510806,-0.008941850682038248,0.9985208299921617
robot3,2921,1722895670131373908,-19.198531151043927,31.76289282033837,-55.56066863235655,-0.03654042164442528,0.03359041400885547,0.022044271220311197,0.998524176862597
robot3,2922,1722895670633875820,-18.89082368071802,31.175586995964903,-55.31163020793252,-0.03195810635879822,0.03457359768765972,0.11040664821296381,0.9927707277167627
robot3,2923,1722895671136426179,-18.58860499559381,30.612792480638696,-55.00292273023466,-0.03462572072655032,0.048335816495704696,0.1908204090894219,0.9798225756650059
robot3,2924,1722895671636704547,-18.315360235641855,30.161696563979575,-54.77980051104939,-0.03845680303203824,0.06580626127239819,0.2592291728283274,0.9628036384604314
robot3,2925,1722895672134372250,-18.171824336204924,29.840038630615553,-54.456908006792865,-0.02717354722848328,0.023891686665052897,0.348585518585669,0.9365783052535867
robot3,2926,1722895672635290102,-18.073880592119984,29.60161153635351,-53.956927866315304,-0.024066004309885224,0.033097478962002554,0.4515305966679247,0.8913167251856234
robot3,2927,1722895673138987603,-18.05325863797177,29.51129961611646,-53.61371892467337,-0.013998712221882662,0.03639149965079961,0.556631395452969,0.829844072344543
robot3,2928,1722895673635951043,-17.968670438406285,29.423836278140634,-53.37510108860808,-0.009830288637575844,0.041421819200535885,0.6382888003624814,0.7686188949350936
robot3,2929,1722895674133946590,-17.929494222063244,29.545514293279663,-52.97840688923934,-0.005582633479238532,0.041761995167012546,0.7046367486879916,0.7083161881261241
robot3,2930,1722895674637490519,-17.887356416883787,29.66889879884916,-52.55549971395678,-0.00027849671594640837,0.048051334269034546,0.7617044921425147,0.6461402776212442
robot3,2931,1722895675141894533,-17.892705742653824,30.06981656671311,-51.883626639837516,-0.004145346526132655,0.04885527611592392,0.7982164983973405,0.6003718845716408
robot3,2932,1722895675631757558,-17.954904671367554,30.49393155750772,-50.92990381900206,-0.005775388066979728,0.04862034305036102,0.7779438829107255,0.6264231973483457
robot3,2933,1722895676134588101,-18.042465312139583,30.84819363559587,-49.82778658986031,-0.0025393594098819068,0.04967339670572749,0.772049502817095,0.6336131868209336
robot3,2934,1722895676635600647,-18.08482410825561,30.821724888309824,-48.62013977137947,-0.010632979765666607,0.04965881733735104,0.7027903420090141,0.7095820437277226
robot3,2935,1722895677142940831,-18.178856460033497,30.64405260096107,-47.360058919669754,-0.013702737084639729,0.05043053321429732,0.6515713620659606,0.7567851455014295
robot3,2936,1722895677634563971,-18.28783044823855,30.45767755646931,-46.4210851170219,-0.0123000603582016,0.054388305946888975,0.6307046186394643,0.7740169925255259
robot3,2937,1722895678131558177,-18.36096985367151,30.22944237807707,-45.47501042126551,-0.00995946676074429,0.052228964744121885,0.6013109836425596,0.7972440311563431
robot3,2938,1722895678632679524,-18.406155712631644,29.920297123302,-44.45539646456288,-0.003758392698034291,0.05067647139881001,0.5954546216004688,0.8017802462929199
robot3,2939,1722895679136684173,-18.51066000531457,29.689322464268926,-43.57736746827813,0.0016001277222757293,0.04333326493766355,0.6069897259395485,0.7935257653945123
robot3,2940,1722895679634055407,-18.543232192862842,29.49832583467957,-42.747052521016194,-0.010950219173862213,0.052554242702518746,0.6060492369640508,0.7936135499405873
robot3,2941,1722895680134144849,-18.513897755122997,29.358985461146858,-41.92245688671017,-0.008856538491824618,0.05236559749448178,0.6134953137663761,0.7879104682079587
robot3,2942,1722895680634073640,-18.74534928483505,29.239916630298527,-41.21408493953507,-0.011812753456849666,0.051999107202965904,0.6168053507541491,0.7853073990399639
robot3,2943,1722895681134439696,-18.782310489555748,29.12039037423589,-40.431565811851804,-0.016035174860886355,0.05530285424246263,0.6128733217889433,0.7880804266819497
robot3,2944,1722895681633462157,-18.710600781125375,29.091637040192204,-39.597469476515684,-0.017044142283619928,0.058144778507760085,0.6080483295977536,0.7915844306323117
robot3,2945,1722895682133260282,-18.686842297451275,28.96417165789026,-38.813630893152784,-0.007256502183511448,0.05471078229440059,0.5987584691597562,0.7990258876195819
robot3,2946,1722895682634687118,-18.702174317057256,28.809807138115023,-38.0437864410791,-0.007310716939150811,0.052484063022997865,0.591333487689782,0.8046842131439339
robot3,2947,1722895683133932122,-18.66571597851271,28.621056458678,-37.33074214108256,-0.006749532323197756,0.05521876500078555,0.5861057550597165,0.8083225690843264
robot3,2948,1722895683640027076,-18.67821716508772,28.413945221341507,-36.493761405099,-0.006497968636893883,0.057834976936116646,0.5788788079539382,0.8133340135197964
robot3,2949,1722895684137704110,-18.65201405360769,28.25939951201032,-35.70220182456834,-0.010013438257035798,0.06341517535502564,0.5641191204204801,0.823193698083864
robot3,2950,1722895684632578288,-18.613125052928293,28.089036829350146,-35.003285865460825,-0.009339441588791809,0.06323941337337859,0.5503547771380304,0.8324801323204953
robot3,2951,1722895685132057061,-18.62570110529338,27.91193939993446,-34.47014015240456,-0.009228144577452076,0.06192119142212488,0.5329673746708685,0.8438165588188964
robot3,2952,1722895685629775286,-18.69952353816119,27.745487581404905,-33.87605614295513,-0.0146362907468205,0.06686030001048737,0.5144887379851143,0.8547612636064919
robot3,2953,1722895686132559972,-18.731791796473587,27.517614052122518,-33.160154825537404,-0.014798405194471367,0.05609032404337232,0.4976325471262703,0.8654459721975891
robot3,2954,1722895686635219778,-18.65507642427806,27.20541045239045,-32.384177891381164,-0.018346255804114385,0.06324563865512861,0.49121093609942673,0.8685477651490444
robot3,2955,1722895687134890999,-18.636783629158128,27.043410230060246,-31.59988961125961,-0.01935612001601422,0.06717260886119489,0.5122368195428042,0.8559945221444932
robot3,2956,1722895687634858992,-18.574775973273585,26.964208991522202,-30.840862154118565,-0.01194316137436437,0.062472776946204664,0.5109775367803677,0.8572376974578776
robot3,2957,1722895688132293623,-18.55715690055369,26.851982572407366,-30.09827091239264,-0.010998707895441938,0.057891205112683766,0.4974946051990183,0.8654633178784095
robot3,2958,1722895688641760265,-18.427671009664643,26.631813466243216,-29.248964107134093,-0.012876154164813837,0.06374927976467216,0.48356160648553287,0.8728908332183012
robot3,2959,1722895689135344135,-18.3762883835574,26.43178466962851,-28.49043502614304,-0.014733331337414722,0.059684499939373394,0.46138663573400374,0.8850666990576173
robot3,2960,1722895689632655686,-18.327022949240927,26.251000756494125,-27.721748680359532,-0.013507639795385495,0.05987536699049744,0.4398885174904066,0.8959523292424679
robot3,2961,1722895690131655900,-18.3163890884424,26.051750485696058,-26.910081154241954,-0.01132087325373306,0.06242226616921582,0.4226019730012451,0.9040922911575606
robot3,2962,1722895690633311448,-18.245606597391586,25.81545192084923,-26.092581132411254,-0.01025553185591977,0.06456895007146901,0.4134689576591422,0.908167988758293
robot3,2963,1722895691133564747,-18.139684608618328,25.60441914409636,-25.299219298010907,-0.007939433321452909,0.06459217180036317,0.41276071657899466,0.9085116441685496
robot3,2964,1722895691633360248,-18.062468938200336,25.355031901710298,-24.537180326205526,-0.011767355167019062,0.06744666242263292,0.409122251230007,0.9099073912376532
robot3,2965,1722895692135327009,-17.92137926697733,25.079395194161112,-23.711654208685978,-0.01144042759344802,0.06668734230239362,0.4161128837320056,0.9067921387977274
robot3,2966,1722895692634352164,-17.867392496781246,24.781538343434836,-22.9397161084562,-0.0033142241106026405,0.07290323310084018,0.41456885232442625,0.9070869865698643
robot3,2967,1722895693136742843,-17.87441929601097,24.601520100438652,-22.18046576940991,-0.0018573197211764084,0.07263333001807487,0.42234847679437465,0.9035168586603186
robot3,2968,1722895693634232383,-17.77900007674837,24.375586880438764,-21.46771864069295,-0.0017284114552014813,0.07124293456959621,0.41947833860521083,0.9049637453007527
robot3,2969,1722895694134386996,-17.712261537668933,24.110338931370876,-20.664203903602864,-0.0038575613416974536,0.07505505589819006,0.4150834208713126,0.9066739278938064
robot3,2970,1722895694631927933,-17.722783270118697,23.89479300253397,-19.746436317709865,0.001195038887991317,0.0733758251504023,0.43544725351851504,0.8972180613255263
robot3,2971,1722895695135816902,-17.63769801748357,23.745521822509456,-18.872844343417746,0.003225827433592371,0.07117579808007134,0.4263208851310213,0.901761666243435
robot3,2972,1722895695636211905,-17.552038896280845,23.619321078830776,-18.049624589773234,-0.000252758173818667,0.07340307462748094,0.40728167983919406,0.9103480422431314
robot3,2973,1722895696134506295,-17.448415532814675,23.366530433618983,-17.223801422266074,0.0010828575682761468,0.06167748938637961,0.38350090019973193,0.9214780378655126
robot3,2974,1722895696636243416,-17.34606254882097,23.12934824739252,-16.404954265932467,-0.006029409885965322,0.0757194254301533,0.3548758992837893,0.9318225748158692
robot3,2975,1722895697132822477,-17.311766380796733,22.934808112116,-15.585280330401881,-0.002709663037668107,0.07380194181157412,0.34264340307798813,0.9365582893969807
robot3,2976,1722895697633799639,-17.282211383520888,22.774885758512735,-14.80411732713199,-0.0019524774173570597,0.0672107492642572,0.35104957220358396,0.933939559538492
robot3,2977,1722895698135921897,-17.32192811300632,22.692609498578523,-14.020561050347736,-0.008238713061276198,0.0710384267162762,0.37546046227092544,0.9240752711809105
robot3,2978,1722895698633122191,-17.28546875945515,22.493599673642805,-13.286602255694389,-0.004264097333185883,0.06092577252541356,0.37366553857619417,0.9255506107159551
robot3,2979,1722895699136340158,-17.298887117652054,22.33974597551595,-12.605664848752332,0.011713812942949951,0.04935549294572394,0.3781789499761313,0.9243416596136804
robot3,2980,1722895699632534515,-17.245862944548353,22.097367610710943,-11.879650401780475,0.0106154059720254,0.06024083790680316,0.3748748246926045,0.9250552526287413
robot3,2981,1722895700131700551,-17.230349010830977,21.84266671822805,-11.110625285265451,0.016348338694191375,0.05666809510526203,0.3994963961742156,0.9148355525792027
robot3,2982,1722895700634563859,-17.254866488131714,21.688232464525026,-10.283351224539993,0.015140796347024804,0.05734672571973561,0.40216281750974414,0.9136449953607951
robot3,2983,1722895701136567119,-17.231805216239774,21.45105759677253,-9.468775633898627,0.01802408459273367,0.05567441469422752,0.38362859556350154,0.9216314841567775
robot3,2984,1722895701637020295,-17.27798069173543,21.269320742768414,-8.679279690592601,0.015280732641057098,0.05826787167418388,0.3753090102200742,0.9249402689839716
robot3,2985,1722895702135230017,-17.28138678093472,21.109020117593577,-7.9019166437359765,0.015785358320126227,0.05761180777906408,0.36872611344016726,0.9276167071233906
robot3,2986,1722895702634614515,-17.283581580997296,21.01549174938542,-7.070569837902371,0.01069493165479176,0.05629971829452586,0.38248573036609196,0.9221825341130538
robot3,2987,1722895703133466669,-17.2445261641484,20.847578643133176,-6.307411886941817,0.012631786781976882,0.05661856127657534,0.3853653863287826,0.9209388120289715
robot3,2988,1722895703639799178,-17.244478510841724,20.734845432711897,-5.562817409535577,0.01549509814534851,0.054274778691582995,0.40459543503425854,0.9127522578886806
robot3,2989,1722895704135852095,-17.229274697736454,20.58698665668369,-4.730055740393975,0.017664483928785276,0.05581444472797029,0.41130736057004197,0.9096147365275826
robot3,2990,1722895704641935604,-17.149388040578135,20.40658712171614,-4.020573533583102,0.014405911383232873,0.05679654451477722,0.40947550823278095,0.910437493958759
robot3,2991,1722895705137521324,-17.083572412645868,20.19864557640221,-3.201463329085547,0.014335877289169493,0.05536142679947033,0.4093860136398987,0.910567233586356
robot3,2992,1722895705642489284,-16.967691636182035,19.99991203076926,-2.439607456668616,0.014334597243107133,0.0598128985920014,0.40557578550494405,0.9119897031743004
robot3,2993,1722895706135600112,-16.990399446091907,19.86960687662117,-1.7084845151884014,0.01190113187346597,0.06367208237448342,0.4044872592762741,0.9122468339596448
robot3,2994,1722895706633989292,-16.924801385847022,19.70684254244063,-1.0316798074871254,0.01018924980770535,0.05601418066271898,0.4027565704858287,0.9135347479343817
robot3,2995,1722895707138580692,-16.86659501517012,19.61227284032198,-0.3651835252070054,0.009126078281412403,0.05878307776017503,0.41150908862861635,0.9094622226570428
robot3,2996,1722895707633116365,-16.804668354087465,19.44340091073008,0.3593560727563938,0.01164581177332686,0.05898982008018602,0.41608976032308415,0.9073333938246326
robot3,2997,1722895708130837653,-16.75348749978448,19.203944699511435,1.1234665874283547,0.009764283218538101,0.05803258698233083,0.42129747255227856,0.9050112249262041
robot3,2998,1722895708631798207,-16.75874212464319,19.046036867565274,1.8718275051791406,0.008371119205466637,0.05742464926585361,0.4270075891462952,0.9023839830312872
robot3,2999,1722895709131089518,-16.746431207771344,18.919145888599484,2.5604111076309133,0.008186360475845592,0.055008598438961234,0.43151082859176687,0.9003918271552599
robot3,3000,1722895709637150096,-16.66392047679391,18.745542011457818,3.3171217519639336,0.009410742440856643,0.058683801248325757,0.4497392934180309,0.8911802384218409
robot3,3001,1722895710135222536,-16.6568286057111,18.65297988131718,3.9995881698773745,0.010363992494703723,0.05382194993741823,0.46172296286722303,0.8853291427066077
robot3,3002,1722895710631860693,-16.763736982671407,18.68952915822943,4.509965072016453,0.012708613342950181,0.0556327582034073,0.5065154849457506,0.8603403691980004
robot3,3003,1722895711136020920,-16.940265600211244,18.86101649004482,4.96523353543788,0.0223652434730816,0.05600125764739114,0.6077968593664546,0.7917996165511667
robot3,3004,1722895711635109292,-17.085751613111714,19.05672788363843,5.3582374851466525,0.03352109291606471,0.05086416668460067,0.6854088668002289,0.7256058559499226
robot3,3005,1722895712131502914,-17.209989136360434,19.071689580522364,5.914942550023871,0.04207968057690305,0.06049329151576797,0.70331511066654,0.7070485961178672
robot3,3006,1722895712636665604,-17.27248418809932,18.990315898543777,6.635187164527668,0.02318346212610279,0.054305020954830426,0.637075785013088,0.7685362294211643
robot3,3007,1722895713147401589,-17.16593802547627,18.767886502740968,7.437250873477193,0.01360430300768092,0.05401949284855162,0.5327658959547908,0.8444272126356124
robot3,3008,1722895713634260330,-17.086496003127074,18.53559267435633,8.147488018786099,0.010871913413247317,0.05028271922473681,0.4729362193566469,0.8795935323015641
robot3,3009,1722895714136736392,-17.158265710225514,18.407570255296925,8.989379363960023,0.008968092421973294,0.05075193265204294,0.499695934494199,0.864666286899381
robot3,3010,1722895714633405326,-17.2635584289566,18.375079198274072,9.845663662153026,0.01278235045303486,0.04798858026499124,0.5283413098437085,0.8475784140677962
robot3,3011,1722895715135218057,-17.37746392677072,18.3635429241612,10.706566333604538,0.010510867765582358,0.047068509555105685,0.5344013575237686,0.8438538179944609
robot3,3012,1722895715634665813,-17.39154639544131,18.289352113724274,11.479243595887462,0.008220093931037164,0.047587313331344236,0.5379965768262878,0.8415625710479676
robot3,3013,1722895716135539023,-17.395770810666505,18.231911248252327,12.245702970416678,0.011197681062858721,0.05150762654362054,0.542574147826049,0.8383524738780785
robot3,3014,1722895716632537330,-17.507670964678702,18.19488813340138,12.880909919720155,0.0118222676415494,0.04904012156684672,0.5413887162494575,0.8392577425215002
robot3,3015,1722895717133962252,-17.552088088001977,18.055782455880397,13.56735905085235,0.011062169088656648,0.04891697744719611,0.5296095459855392,0.8467576315177062
robot3,3016,1722895717633319007,-17.475919891016172,17.883040349547684,14.356957688851374,0.005254933924577286,0.05740271420423215,0.5339010766154543,0.8435798447451756
robot3,3017,1722895718132962700,-17.529764284282482,17.76771792823934,15.113146786238394,0.0028751797521804285,0.05284135072267433,0.541914940068545,0.8387655946244464
robot3,3018,1722895718636436877,-17.753956363695245,17.891062032174396,15.603268402439385,0.008830415694223583,0.05260892058395406,0.6177192162611568,0.7845873406417928
robot3,3019,1722895719136539716,-17.845940292788413,17.842358040196714,16.21843243029174,0.00615397648074387,0.05031971623269255,0.5874300704552678,0.8076855619959137
robot3,3020,1722895719631125727,-17.77093557752303,17.66285047101118,17.079480670044827,0.009207954222701716,0.05420388012684157,0.575156862326894,0.8161934431717215
robot3,3021,1722895720134713518,-17.685470579761777,17.504826083004605,17.97581421262927,0.011508137037959857,0.05841883607058905,0.5569493952947683,0.8284094238085811
robot3,3022,1722895720633483739,-17.639490119116257,17.367383538473113,18.827924715538103,0.01406233074562111,0.0547170191547905,0.5278378516319442,0.8474641591556475
robot3,3023,1722895721133893001,-17.63941388537927,17.262123956448487,19.61936327404747,0.011495852197881353,0.05380276065236958,0.5117247606803879,0.8573860726854782
robot3,3024,1722895721632585967,-17.631192442916905,17.116810411738044,20.374819895172635,0.009437223851643278,0.05313898888333357,0.49126146678623217,0.8693384599323043
robot3,3025,1722895722146124111,-17.577908472877105,16.93155706373544,21.14033838888051,0.005857073540581887,0.055359864763525654,0.470144263811577,0.8808321924566419
robot3,3026,1722895722638447612,-17.487476611526063,16.76777730833338,21.875614885756438,0.0095321654931569,0.0511309156704943,0.45205527948870716,0.8904722295333497
robot3,3027,1722895723136928420,-17.379560242262293,16.626753738664778,22.633465022195992,0.0051313816815637715,0.05640673231048761,0.43281716445333895,0.899700645563102
robot3,3028,1722895723635600351,-17.247751538605996,16.397192580384964,23.38035298139581,0.008068802313228714,0.05184037491559713,0.4158477970871683,0.9079196438097314
robot3,3029,1722895724137574027,-17.101986714081285,16.152241365710754,24.094056641200147,0.006812062646265313,0.05093608279759282,0.39812693472470634,0.9158897614442743
robot3,3030,1722895724633451734,-17.01872176818323,15.985640396996422,24.814498251298495,0.006817507747404191,0.05160703895713617,0.4109126693022295,0.910187350672985
robot3,3031,1722895725134753881,-16.906687098153878,15.74565493168726,25.60848471679496,0.0013158845714147957,0.0534361917963359,0.40405649418188677,0.91317095407352
robot3,3032,1722895725634023138,-16.732894416981203,15.499237025244563,26.35946059926447,-0.0003327709602468921,0.04928141341735257,0.39829546412333583,0.915932287242814
robot3,3033,1722895726133030563,-16.64466729885223,15.290974980796877,27.07205943740996,0.0016852432017013435,0.04944799775800092,0.40871920674556267,0.9113180923861622
robot3,3034,1722895726635011155,-16.61558538182336,15.123450259664484,27.83728256760574,0.00037778788423291685,0.05032831541390737,0.41631564419985795,0.9078260859538958
robot3,3035,1722895727131694929,-16.482993442889374,14.904436745212031,28.57820746386832,0.003313553698789833,0.048015343725985725,0.41672927593940623,0.907755615627785
robot3,3036,1722895727631093312,-16.352663543291243,14.730087535524499,29.36567563159266,0.000703184643648953,0.04841762198409232,0.4153669914727916,0.9083641900733452
robot3,3037,1722895728140850514,-16.35126367094068,14.463891696679825,30.173878262351412,-0.002352340033131092,0.04783905407726257,0.4161574213532697,0.9080302263988564
robot3,3038,1722895728635826054,-16.31921528599981,14.232904651693914,30.874345365436447,-0.005087557067536746,0.0478014863386529,0.4169338214100686,0.9076647636827692
robot3,3039,1722895729136291904,-16.272392487915727,14.11524707839715,31.54942848207624,-0.006176656653102791,0.04566215113246185,0.41798307132574225,0.907285494732306
robot3,3040,1722895729633711366,-16.27154642746874,13.983881608212624,32.09270192888206,-0.005483280220207108,0.04589747112000832,0.4200063417743679,0.9063432179103718
robot3,3041,1722895730130646236,-16.284041378903005,13.87260602516761,32.56308348559277,-0.006772952284302903,0.04464478329219068,0.4244836795297928,0.9043088942695388
robot3,3042,1722895730636900823,-16.237433564083275,13.69608475309361,33.09280190287145,-0.007974313906941723,0.04253576257166122,0.4380339376756921,0.8979161367658389
robot3,3043,1722895731146666336,-16.10688894089449,13.458900308225251,33.613058734610604,-0.009664964403282971,0.045880877618068125,0.43719905247704266,0.8981417048802796
robot3,3044,1722895731632004035,-15.984691865834124,13.298260403713703,34.139602045433044,-0.009924154314889544,0.04934620810767166,0.43611675673018324,0.8984812949670542
robot3,3045,1722895732132501074,-15.92651697992995,13.157215152121024,34.67574277582959,-0.004343090641984527,0.03911807235484386,0.4349110352066447,0.8996128642001522
robot3,3046,1722895732631482670,-15.893848542103271,12.937760396047892,35.243713091476366,-0.005204776622134452,0.041056907955845885,0.4346036584876816,0.8996704400159768
robot3,3047,1722895733135635923,-15.813826321441297,12.738104440171465,35.8062539472086,-0.0014090465368856045,0.04025608730430038,0.43517683540364654,0.8994434856903868
robot3,3048,1722895733635757552,-15.813585112485475,12.599848027015431,36.354545966725304,-0.0017401811235065656,0.041554292033453004,0.46079539723186175,0.8865313386864485
robot3,3049,1722895734136334920,-15.798244926182047,12.527596136700613,37.00438836088696,-0.0022017971397720972,0.04240494054370999,0.4903431626935216,0.8704944318641873
robot3,3050,1722895734637992846,-15.76009628118881,12.438858696404672,37.596962126963305,-0.0027988058522241508,0.041752152262837544,0.49172498560266636,0.869744481443418
robot3,3051,1722895735134953493,-15.784976117799449,12.336999318727441,38.13599369117802,-0.004783105713559631,0.04127345223671715,0.4931824692255274,0.8689330676690858
robot3,3052,1722895735634165238,-15.808019777759025,12.222247182000483,38.67572979250261,-0.009270758814424167,0.04337105673383417,0.49387817480485624,0.868399304997545
robot3,3053,1722895736138378799,-15.829111771379283,12.16969422379527,39.18074102511448,-0.010122254514625733,0.04160892375523347,0.48664968241892786,0.8725470325598665
robot3,3054,1722895736640887368,-15.827025459948892,12.075136618408374,39.662463672451246,-0.012144014504723574,0.04145473732734399,0.48038851384859277,0.8759913831923064
robot3,3055,1722895737134363973,-15.760416201528873,11.913527363621094,40.19136931945079,-0.010958660828644407,0.041180658322306926,0.4751393880024782,0.8788780479120039
robot3,3056,1722895737633600800,-15.676519527456591,11.806813412848385,40.7590803687837,-0.014619104808468987,0.04411145288024703,0.4813230065898414,0.875310587635445
robot3,3057,1722895738142201823,-15.61604998624637,11.712000796014685,41.39666190550074,-0.01128195707785281,0.03988167879639756,0.4940699839565778,0.8684336590056959
robot3,3058,1722895738633284342,-15.551625315943088,11.568260632621291,42.015957013007196,-0.0101370461434933,0.04635056575652809,0.4920737133799404,0.869259642425674
robot3,3059,1722895739145097338,-15.593726074721845,11.501952853392421,42.614781176134315,-0.008722347255263286,0.04557650740644752,0.489453594944504,0.8707938223407939
robot3,3060,1722895739635682303,-15.600345666098177,11.391990789026043,43.16271630694669,-0.006846197984792863,0.048594507605569645,0.48606896804238925,0.8725414956951514
robot3,3061,1722895740133976301,-15.500464928660575,11.206491760017448,43.77103252713322,0.0008514805848298386,0.049516430069672504,0.48177526307745355,0.8748942759103062
robot3,3062,1722895740634405080,-15.44981428839782,11.080035962480595,44.36329821400155,0.0038635120976781684,0.039907652913206824,0.475736702527273,0.8786734560584535
robot3,3063,1722895741138342521,-15.49411141491973,11.021463062694721,44.89538099658532,0.008774539609893856,0.04026881648835855,0.4733675910496043,0.8799003089084331
robot3,3064,1722895741638008758,-15.392050651152438,10.792222792276236,45.550718835126695,0.0023363903668697224,0.040883553967844016,0.4741922628107829,0.8794684611658348
robot3,3065,1722895742130899911,-15.33314848221545,10.624683807587234,46.14985812827853,-0.0010321775456931714,0.0364634185551594,0.48163437990218827,0.87561274420432
robot3,3066,1722895742633813736,-15.30868226536118,10.507431429297045,46.75426684471541,-0.0047540438623392385,0.03812655324112588,0.48222673017189743,0.875203488174394
robot3,3067,1722895743131745771,-15.268931244963204,10.369170233270163,47.39733674467051,-0.012196236483998629,0.04239355385323453,0.4822548065017029,0.8749196191727125
robot3,3068,1722895743637410763,-15.234163100854177,10.280359714066083,47.99868193636335,-0.011593517612288912,0.03791466459221283,0.4809271187029404,0.8758636737839521
robot3,3069,1722895744135998087,-15.183908689829359,10.13394915387433,48.62479094597007,-0.012455569101422247,0.04010262789730252,0.4800404798033966,0.8762407065322947
robot3,3070,1722895744637083285,-15.014082668688289,9.842803486724842,49.44634923156946,-0.013238487726987115,0.04244394611557305,0.4781698875692798,0.8771412728305645
robot3,3071,1722895745134811467,-14.867497135220995,9.567733490643718,50.28900973580897,-0.01036399861662477,0.03752118868961083,0.4779814733899104,0.8775069566835374
robot3,3072,1722895745636250586,-14.822442173924546,9.325557544808493,51.18310912989381,-0.01335765658806524,0.04130315721859671,0.4750933133249867,0.8788640201124046
robot3,3073,1722895746138054289,-14.861595186430671,9.139768935926352,52.08409324595702,-0.01511288082468729,0.0424072231170944,0.47067577928421966,0.8811569321385768
robot3,3074,1722895746632656782,-14.83860415343886,8.909729541751034,52.990155630536755,-0.005827409671628261,0.034507191647928426,0.4688193597011647,0.8826005342115323
robot3,3075,1722895747155036710,-14.771631842883094,8.642648899103998,53.919175749096595,-0.012144136965938636,0.03624136586488317,0.4649818193090199,0.8844947659820687
robot3,3076,1722895747644125750,-14.778217279630113,8.441023455744254,54.699364516243214,-0.01080430776623795,0.03460685720078727,0.4629010102440068,0.8856682714670626
robot3,3077,1722895748133634539,-14.74360943315579,8.241264719012962,55.478732427332346,-0.009197855286960184,0.03197325252350852,0.46116038211636656,0.8866928513005363
robot3,3078,1722895748632888429,-14.669250031938375,7.995727513160085,56.301536699562575,-0.008317596937838647,0.03833113329083613,0.47036893998704005,0.881597755270105
robot3,3079,1722895749130755896,-14.641345360427264,7.820266465073443,57.01550131529878,-0.010197837938539673,0.03761498224934096,0.4700857843651427,0.8817598723856567
robot3,3080,1722895749634193850,-14.673701078939573,7.683099725574887,57.611759886001714,-0.00686062823814923,0.034802964496139975,0.47035366511264565,0.8817647731439262
robot3,3081,1722895750137913029,-14.606910718304793,7.41573067507052,58.34429241978513,-0.004290914403270951,0.038497371596175466,0.49846532644480945,0.8660437972562586
robot3,3082,1722895750633657576,-14.520605355281496,7.148092603258402,58.9768061739427,-0.0064683991142285525,0.036746807620540584,0.503769051174361,0.8630321981371738
robot3,3083,1722895751140709739,-14.470309045783527,6.996881608703771,59.62758145549287,-0.01254785085961587,0.042669634623015165,0.4999167797470461,0.8649306718155431
robot3,3084,1722895751636112672,-14.388543818485605,6.824719262820935,60.26541971036119,-0.006070707528628061,0.03253124888511455,0.49529195850973307,0.8680960431839726
robot3,3085,1722895752132791264,-14.433083267408497,6.7223513253147535,60.87714934154676,0.0016465112850541624,0.021586871120407514,0.4950401556380135,0.8686003340442084
robot3,3086,1722895752641660020,-14.548345897655013,6.673087907673538,61.40359748808557,-0.009737132936554496,0.029917378406665963,0.4914977856866603,0.8703103270538376
robot3,3087,1722895753134328080,-14.50859570442721,6.500028151984501,61.95257561796989,-0.011987326400064051,0.03220923223029672,0.4887104332809476,0.8717688809353438
robot3,3088,1722895753642007777,-14.273494166070734,6.175110628838493,62.664726030245276,-0.01350796586900655,0.02741636072478166,0.4877700992587798,0.8724369365700713
robot3,3089,1722895754137554908,-14.15841281614902,5.951612142688564,63.58287942127445,-0.014436892833713336,0.03128394411513901,0.5280740508425015,0.8484990794294948
robot3,3090,1722895754635871794,-14.179574920077805,5.785249118555327,64.48921124613211,-0.015794312546993455,0.029916120388848694,0.5264422897268387,0.8495375689274789
robot3,3091,1722895755134554557,-14.258037545354195,5.728327580422919,65.36294815706904,-0.0166199821046232,0.02694659314030785,0.5238495236303757,0.8512222588168151
robot3,3092,1722895755634516703,-14.335013845943735,5.608041479017945,66.24452869876394,-0.01905663768501253,0.02617861755819056,0.5219179860269391,0.8523808658132044
robot3,3093,1722895756132319717,-14.406513097496807,5.474966377581157,67.07311270200489,-0.01968646802639624,0.024303714492742573,0.518506137315779,0.8545017015807351
robot3,3094,1722895756640890663,-14.426768897423083,5.336929630949735,67.89549349164385,-0.024115328917270935,0.029164205701513412,0.5146712747237565,0.8565520293544552
robot3,3095,1722895757136224156,-14.41481868956623,5.154700151817212,68.811918161694,-0.02294748683714874,0.029023350538826466,0.5123855725732108,0.8579580892970136
robot3,3096,1722895757634662137,-14.415765595649953,5.031391827486465,69.63038519809928,-0.024853564332326456,0.028995704784945363,0.5095657650924025,0.8595837832868869
robot3,3097,1722895758137663034,-14.581295770708735,5.150466108279058,70.13944074093018,-0.0243628335663753,0.026431449300106116,0.5084936953584523,0.8603150542732694
robot3,3098,1722895758632172686,-14.693564983258195,5.174619487722505,70.60732611108124,-0.03196886778760172,0.03913752968424861,0.506209276677154,0.8609288085948722
robot3,3099,1722895759132204582,-14.661278111792829,5.035123696706621,71.17972920745802,-0.026965324523185195,0.029716272873609714,0.5238158559801667,0.8508858697990147
robot3,3100,1722895759636372346,-14.637177572405296,4.889115524349355,71.76281584747711,-0.024390081839458233,0.02985977921572902,0.5563879858125423,0.8300276662476467
robot3,3101,1722895760137200721,-14.6291850627002,4.770144670656312,72.35977624471278,-0.021575269586166495,0.026822095229040496,0.5537061636014525,0.8320003409491911
robot3,3102,1722895760637219566,-14.63485001385062,4.638522950748542,73.0073781680505,-0.025716137948687833,0.0279516013832777,0.5471094340150583,0.8361989329345242
robot3,3103,1722895761140388978,-14.635882886087225,4.5276590407033614,73.6743101826771,-0.021883242304043076,0.02965224463601397,0.5413160079166556,0.8400112187747756
robot3,3104,1722895761636731775,-14.685687725444302,4.42943999165802,74.3718843554478,-0.017735072959745853,0.028721440393818798,0.5368848452507593,0.8429799576436472
robot3,3105,1722895762141440506,-14.780051809431761,4.393232673258678,75.09291657440532,-0.021089312146187828,0.030305698148558588,0.5306464960488471,0.8467886996199289
robot3,3106,1722895762638146746,-14.7827313246738,4.2867642028361415,75.85421847659046,-0.0197960237357072,0.030325615827803017,0.5114638548567492,0.8585413208716247
robot3,3107,1722895763137416609,-14.783985240996104,4.102492262293988,76.57067737382444,-0.021558821960766646,0.031013822316993626,0.4952537681926991,0.8679268777448284
robot3,3108,1722895763637162964,-14.831554437703128,3.9734986696145254,77.36159796278024,-0.017522833609828307,0.028262486819904904,0.5036163171681376,0.8632871985747494
robot3,3109,1722895764135086774,-14.930701941422832,3.8807119111888198,78.14011982740216,-0.017675742482277736,0.03150481835321168,0.498366296552621,0.8662136278128256
robot3,3110,1722895764641252262,-14.9977378688758,3.78650309782972,78.96516958846706,-0.015753918675669224,0.03262862746109865,0.4930293837307677,0.8692578521327401
robot3,3111,1722895765136741717,-14.993437944126562,3.643841045317464,79.75328480344905,-0.017021362494262584,0.033788550333542465,0.48688992907165424,0.872643572172394
robot3,3112,1722895765643187049,-15.002206198905899,3.4764612599753417,80.5873443169502,-0.01620652685896632,0.03213919307681274,0.4788476746306298,0.8771598059968203
robot3,3113,1722895766136511933,-14.97135318611787,3.320731726891556,81.42301452546101,-0.017751711663539557,0.0336980076390772,0.4722893245826867,0.8806203012078481
robot3,3114,1722895766643259023,-15.02468855467455,3.2659126819468725,82.23292866143893,-0.014939451690547832,0.029666151069034342,0.4673260093849929,0.8834608838065399
robot3,3115,1722895767140464132,-15.098911168919187,3.1540212876406004,83.01711028115125,-0.014117491461214065,0.031139228890365443,0.46843597121579617,0.8828356504639298
robot3,3116,1722895767633683539,-15.096920443405157,2.9470633598246314,83.82458370145021,-0.013305213307537419,0.03283543584495383,0.4768400728349224,0.8782757826505856
robot3,3117,1722895768138158134,-15.117591055988212,2.819429491552226,84.69306805962326,-0.019321307128769536,0.036599589486062685,0.4740546267123984,0.8795222385095536
robot3,3118,1722895768636510875,-15.178236500945951,2.7055852934738343,85.56346069690754,-0.016785904905742752,0.03427134832488624,0.4699533389898916,0.8818659576447782
robot3,3119,1722895769137574665,-15.18559292874245,2.5696375855810025,86.4514166256294,-0.01692845362186899,0.041862713412623445,0.46456867050868517,0.8843850355277941
robot3,3120,1722895769637625257,-15.214323255834165,2.4382155323618386,87.28623963779532,-0.013868134575568063,0.036883188763630025,0.458967974895937,0.8875785617340828
robot3,3121,1722895770138900740,-15.21947720772387,2.291368790288505,88.14030113396574,-0.011653625253221863,0.04038596607425219,0.45470641945342916,0.8896489413642603
robot3,3122,1722895770639656205,-15.246646958254596,2.1599297855711606,88.95883490428497,-0.012320163643878156,0.040172475828079236,0.4509195256764379,0.8915749924248473
robot3,3123,1722895771138745036,-15.263261633842784,2.002376189901855,89.81314501500346,-0.010918746004933567,0.042413758208035175,0.44468839319955644,0.8946139318465518
robot3,3124,1722895771644404461,-15.261848907255985,1.8582825834830063,90.65408903023881,-0.00884077914218906,0.03987199954090078,0.43975471648456754,0.8971888617266417
robot3,3125,1722895772137629264,-15.346185836262135,1.7682677272904255,91.46614309820346,-0.012271942625474184,0.045643131349867194,0.43505604955939636,0.899162019730898
robot3,3126,1722895772638198470,-15.35923383453455,1.540908332902637,92.33811499784116,-0.00915748253765637,0.043384433901634926,0.43366536353147417,0.899982379761805
robot3,3127,1722895773136707696,-15.355505447334469,1.319497410196336,93.14508836016209,-0.007106015909252185,0.042148013128346276,0.4313342350057523,0.9011791316043845
robot3,3128,1722895773640920003,-15.348105208073862,1.0940532798588718,94.03506596159826,-0.00954282140957683,0.04451675243806535,0.4280225939483062,0.9026205472853341
robot3,3129,1722895774136720242,-15.391460123744531,0.9065842122258263,94.9009647526225,-0.010210359319924808,0.04583689430444253,0.4233117249967809,0.9047662190661913
robot3,3130,1722895774643891127,-15.386344492801907,0.6785234658128653,95.69427571111098,-0.006111196626005787,0.04845407004974455,0.41228059757845625,0.9097469786879008
robot3,3131,1722895775136712363,-15.389085335378464,0.47082757517486373,96.42933900948242,-0.007412860213170083,0.04380549548921949,0.39935431433367846,0.9157195311291998
robot3,3132,1722895775642513621,-15.272964550957886,0.2702104626914098,97.25946129857691,-0.01328214096683786,0.03754221201125492,0.3884872994718398,0.9205931702971276
robot3,3133,1722895776136178682,-15.151174428530586,0.005216916135393407,98.0272927633102,-0.01742599243396124,0.03665855643180049,0.3732433777939089,0.9268451143319587
robot3,3134,1722895776643714745,-15.123331630748655,-0.17111591915300828,98.76432794232763,-0.019823253823131524,0.03363949284610065,0.3607259583583416,0.9318541764114044
robot3,3135,1722895777136395079,-15.052612577218705,-0.35559535354293953,99.4938548732878,-0.023026877175717192,0.03794495932948323,0.3490897205586375,0.9360375580014463
robot3,3136,1722895777633595523,-14.918467666591809,-0.6251581211301542,100.17739513564497,-0.021818592803331562,0.04208426564216629,0.34251828153073105,0.9383144944050884
robot3,3137,1722895778138997857,-14.746545011316199,-0.8555273422319021,100.84573606763658,-0.01740447761039123,0.041171555007035454,0.33907096611868903,0.9396982851706982
robot3,3138,1722895778634525605,-14.64194741848623,-1.1040224173013775,101.5392804865275,-0.015319842753443003,0.043595398640662274,0.33644063772450633,0.9405702743138861
robot3,3139,1722895779141339244,-14.466452416970611,-1.4560297182795028,102.16877868945338,-0.025721953301633082,0.03680551837111909,0.26360893316675243,0.963583968987897
robot3,3140,1722895779633033062,-14.290975011823388,-1.794963268808642,102.74975009668574,-0.02524632439085933,0.03100438050906446,0.2416229021665661,0.9695461436376335
robot3,3141,1722895780137572035,-13.97923880345212,-2.202544025143784,103.44764207474398,-0.02446291276463615,0.029856334291475963,0.22851882186774725,0.9727740299031026
robot3,3142,1722895780632204827,-13.730217902968889,-2.6420195168251346,104.2785288132191,-0.02416533341732188,0.02860452715566133,0.28806220824094975,0.9568792932603246
robot3,3143,1722895781136202356,-13.569201814322664,-3.0949609847088806,105.2056809550987,-0.024775220484319075,0.02306002796203482,0.2963418225253172,0.9544820311471122
robot3,3144,1722895781635932553,-13.432610758045692,-3.5164020266046685,106.0996037647244,-0.02032260442924733,0.029296093781762914,0.31787007878410095,0.9474636371133891
robot3,3145,1722895782133132909,-13.356092805775058,-3.7732179413183577,106.9968555655988,-0.01756175496668385,0.031648617419130186,0.34999018820880673,0.9360538541854907
robot3,3146,1722895782635701296,-13.313423923631168,-3.9904935326493454,107.85979145688357,-0.017874823297690867,0.025594282002647153,0.346872432874239,0.9373926278421182
robot3,3147,1722895783138126124,-13.347794874232315,-4.067715997691093,108.7756569308765,-0.018109518841529386,0.0372242006490257,0.44112447745934674,0.8964907136159236
robot3,3148,1722895783635032788,-13.535931439449532,-4.003897170227551,109.68478885981186,-0.016186145421783555,0.04176118700912583,0.5531375544419345,0.8318851229718979
robot3,3149,1722895784132667260,-13.715505931195992,-3.91352629147898,110.37234197766031,-0.021080424070576823,0.027606728339086724,0.5616761397197976,0.8266277265739899
robot3,3150,1722895784635503731,-13.823399968259588,-3.982106242438,111.2898548688774,-0.014568705318809366,0.03799908248603489,0.5555906887398026,0.8304593964434295
robot3,3151,1722895785132529611,-13.866270936154958,-4.113477743702407,111.99730500942998,-0.0228576204603827,0.04204912195458022,0.5271884428654805,0.8483995204140606
robot3,3152,1722895785640605072,-13.886764016035716,-4.153281952957725,112.65773161902601,-0.0369332862060206,0.04895718428843064,0.456519434552247,0.8875973931646427
robot3,3153,1722895786140418969,-13.874526812862348,-4.297744748972116,113.29948387500279,-0.03655806749904964,0.02970649211648699,0.3741456442005018,0.9261728072841804
robot3,3154,1722895786644417570,-13.880132587967553,-4.4735509298844764,114.0144397003326,-0.04108699469286512,0.024171853911636246,0.36113742164129936,0.9312933710898287
robot3,3155,1722895787132265448,-13.77140723488186,-4.780467777465359,114.83467989250735,-0.032214354312904564,0.029892560148560513,0.3502506043960423,0.935624488961343
robot3,3156,1722895787638958616,-13.656423401653855,-5.142777318701185,115.82259527652441,-0.02817113929079661,0.03453643266689977,0.386083056929717,0.921386723847
robot3,3157,1722895788134503041,-13.650033668007696,-5.369229460223321,116.83307761576124,-0.03270570474904666,0.029527308404394284,0.4015977501011785,0.9147555531664902
robot3,3158,1722895788633956170,-13.601758361024094,-5.5823425957595685,117.83650807035012,-0.050268984103721014,0.029988445444847227,0.39783732454026566,0.9155867984957103
robot3,3159,1722895789134522254,-13.532581645089198,-5.81319087697098,118.81830341504617,-0.042232409974107536,0.048762213248993456,0.40148313939398106,0.9135917900732207
robot3,3160,1722895789637765566,-13.552367721614594,-5.965316820746309,119.71428314570947,-0.03582696652527746,0.0342008394966307,0.406891728184044,0.9121325849802343
robot3,3161,1722895790141583638,-13.525742986262184,-6.185663782986632,120.62760781914982,-0.026381667258338157,0.04311365961905284,0.3990622043749414,0.91552967020536
robot3,3162,1722895790641980812,-13.418489041212693,-6.4405663934749535,121.5921763398148,-0.02850300374539529,0.045743620617662344,0.38876034003280685,0.9197611091842565
robot3,3163,1722895791134991698,-13.399864680935448,-6.656801410471927,122.44099991493896,-0.028982497368868643,0.044661330875776534,0.38024442663885166,0.923352346821493
robot3,3164,1722895791641573490,-13.446226492780074,-6.786336961193971,123.21537123787365,-0.029569881023044496,0.046838774279953296,0.3728100709961008,0.9262528824916643
robot3,3165,1722895792133627870,-13.394870013446011,-6.980730688337768,123.87919124109105,-0.02813179101932705,0.04823992453230579,0.36626349379804296,0.928833981466017
robot3,3166,1722895792635283450,-13.296943571155559,-7.237420325833628,124.57274514312007,-0.02891873983334302,0.05059156621433367,0.3614802312767844,0.9305569527495426
robot3,3167,1722895793136602648,-13.251153863795038,-7.3984743925376355,125.21321233160988,-0.02723207856375928,0.05113587808237371,0.36592962429218745,0.9288374701395398
robot3,3168,1722895793637743330,-13.185397348004164,-7.595788844337825,125.89956120950737,-0.025213251134749294,0.05147076496681612,0.36869911418124807,0.9277801547365139
robot3,3169,1722895794139731491,-13.081355296829926,-7.858950294081918,126.65541831488805,-0.02364188095762463,0.052411984656971514,0.37882939332453197,0.923678697428099
robot3,3170,1722895794636411633,-13.03606291014652,-8.07254267109443,127.38785344377955,-0.023564630775430948,0.05261001624161409,0.37794216892251553,0.9240327977499606
robot3,3171,1722895795132849159,-12.976158967474717,-8.33740510970443,128.14495681950788,-0.022876290016669354,0.05322981751798187,0.3783586442574351,0.9238441417239984
robot3,3172,1722895795637076873,-12.927528522762044,-8.55262805032423,128.89182485520715,-0.023252930276417113,0.054134505590891606,0.38485897134913916,0.921093007632819
robot3,3173,1722895796136850818,-12.967606920926125,-8.633764424798267,129.56158532093673,-0.022799581979437728,0.05501224381872689,0.39686937451364046,0.915941336366442
robot3,3174,1722895796632887184,-12.971811311589374,-8.753635419076621,130.22087400972484,-0.021045515259751475,0.05571222032504227,0.39703845122191367,0.9158677322873701
robot3,3175,1722895797139806867,-12.848890173788327,-9.025132890651204,130.93012966982178,-0.020824009233104124,0.05791877308592603,0.39452014659810064,0.9168236636845135
robot3,3176,1722895797634388214,-12.808092066775211,-9.180256358875061,131.56768376927863,-0.020762086066580993,0.0577335439122793,0.3927163241873971,0.9176108447518654
robot3,3177,1722895798136395480,-12.761211224505859,-9.327756527016973,132.2671005710989,-0.02022274526061847,0.05925741006731343,0.39093036822806426,0.9182881068179575
robot3,3178,1722895798633243992,-12.720272076800054,-9.460439199624975,132.94049938754728,-0.020677489920490563,0.058631823457350754,0.38859656304283746,0.9193081430510381
robot3,3179,1722895799132445885,-12.656029112453233,-9.625615101239339,133.65570300176086,-0.022713927134556656,0.06051326580927883,0.38466406062645675,0.9207908463041905
robot3,3180,1722895799641818672,-12.634982163916748,-9.723090673873134,134.30599183391797,-0.024425681009371397,0.05849185325267268,0.37425315030110623,0.9251576453232139
robot3,3181,1722895800136439756,-12.62111261552315,-9.799303070398032,134.90064748352762,-0.024072260583587093,0.05669183484160434,0.36573264789717713,0.9286798115576796
robot3,3182,1722895800639196975,-12.575184359684416,-9.956330066621495,135.44825275535405,-0.023617788487795846,0.057226263415483154,0.35802191014003093,0.9316585569306661
robot3,3183,1722895801141384011,-12.46329011918884,-10.194926217486506,136.02565891402094,-0.024389915045319753,0.05616852353942403,0.3487516210961389,0.9352125618223369
robot3,3184,1722895801632810221,-12.38433309773661,-10.378216973290032,136.51006183348693,-0.024539984054058595,0.05606558991748898,0.3412186702290089,0.9379894764318933
robot3,3185,1722895802140039060,-12.359130519152224,-10.5211069639035,137.01854196979698,-0.024912577194369744,0.055820715050771845,0.3339259431202421,0.9406151581704454
robot3,3186,1722895802637929378,-12.209773555676787,-10.827730073416644,137.63851558152462,-0.022538920583399923,0.05395578536050238,0.3437769671256454,0.9372289833114208
robot3,3187,1722895803137150241,-12.088256910023222,-11.095081232280737,138.33701526249627,-0.013625445046963516,0.04672203298556422,0.35522057430043513,0.9335147253657208
robot3,3188,1722895803640036758,-11.981624858633424,-11.309776751007126,139.0889341826938,-0.0199218907209671,0.055775912892176975,0.3535758008189734,0.9335289598541482
robot3,3189,1722895804138386381,-11.830300663181253,-11.608818945000495,139.95469997743206,-0.02435060162848278,0.05938946174392303,0.35829078928943847,0.9314009074208857
robot3,3190,1722895804636697731,-11.745200606722202,-11.871552981151037,140.795617109614,-0.024331591645331597,0.051420493474647576,0.355438568018144,0.9329669505743705
robot3,3191,1722895805133030411,-11.71163279946122,-11.96675645371765,141.5820911926866,-0.022971773778322983,0.043024212471710864,0.35163716069994216,0.9348649752587536
robot3,3192,1722895805642040873,-11.70441615990191,-12.163584028735347,142.4477670990946,-0.024473603802782053,0.051168895350007654,0.3470910937001924,0.9361146081220871
robot3,3193,1722895806138310279,-11.661040844602134,-12.348402510509406,143.22008710850162,-0.02321822512943673,0.05324541603470763,0.3434631193347585,0.9373680842390395
robot3,3194,1722895806640387915,-11.613325054193483,-12.578779814376663,143.9999729521592,-0.017158741055931404,0.04852794471407858,0.33831165208668523,0.9396253733534342
robot3,3195,1722895807137427351,-11.520972743674415,-12.824576180253887,144.83076749027836,-0.01638722701751338,0.0502429719976186,0.36122167822863,0.9309812037486123
robot3,3196,1722895807634108879,-11.410343586483844,-13.067405693827688,145.66576715264168,-0.016431457218919723,0.059892623818557665,0.3560720554146249,0.9323923917421227
robot3,3197,1722895808135474710,-11.319335665705752,-13.31632999273784,146.5590439292078,-0.01955062051481624,0.058862626439145894,0.3533145839610192,0.9334461790626297
robot3,3198,1722895808636778034,-11.31297851744497,-13.428214311977424,147.29836889808934,-0.02395864453475203,0.06300970022153798,0.34927900726610445,0.9345907853778861
robot3,3199,1722895809140461527,-11.355336694709775,-13.48739882640301,147.985677785492,-0.024355138692940162,0.06658657081737689,0.3576934784223942,0.9311436147555963
robot3,3200,1722895809638340500,-11.303841953831778,-13.685888722918667,148.64189368762874,-0.019920090232728706,0.060438425464932465,0.3683755953345545,0.9274965269446309
robot3,3201,1722895810135936119,-11.211439568611816,-13.875856669435572,149.19045273756873,-0.019134658395458574,0.0596293036179177,0.37150387156569903,0.9263169459800614
robot3,3202,1722895810634817752,-11.212150010335913,-13.949365083755936,149.69775309435317,-0.01949621380384562,0.05533669443930604,0.3752768425695704,0.9250540737312926
robot3,3203,1722895811132452184,-11.21352712528798,-14.089040840994018,150.17555370902056,-0.01883621246654291,0.05910548730905962,0.39413700045274924,0.9169557041340565
robot3,3204,1722895811636525890,-11.147727173213816,-14.345696753250799,150.7712358248424,-0.012486095748872795,0.05421154605340813,0.38534831329611363,0.921092765755594
robot3,3205,1722895812140499728,-10.984875460207805,-14.698908731300905,151.39987588645417,-0.020839421271875765,0.057909245302917606,0.3527443677957187,0.9336935518776481
robot3,3206,1722895812636674897,-10.898051388207172,-14.937194796768894,152.0377828907396,-0.020195733560446887,0.06001574777653705,0.3438083926653797,0.9369023596392672
robot3,3207,1722895813140068709,-10.975446265241782,-14.909501616865303,152.67292226684592,-0.011944982236306677,0.057905570466327626,0.3769573406519132,0.9243416173888206
robot3,3208,1722895813634113216,-10.977766434908595,-15.026518558843305,153.4538551227121,-0.00921406426264693,0.05926801998205481,0.44879366110445573,0.8916202401132612
robot3,3209,1722895814137008716,-11.026891382962889,-15.1275524821314,154.3724146495023,-0.005006131549761939,0.06259390712188866,0.5601433599490132,0.826012322997153
robot3,3210,1722895814638765826,-11.144461312887962,-15.159126489862231,155.31249763467187,-0.006371309986894134,0.0637560317620397,0.5615154630889385,0.8249817934566943
robot3,3211,1722895815138415297,-11.338706982786855,-15.034227069170003,156.0432433089025,-0.01031533615472402,0.06572897138113709,0.5610733696357407,0.8250878559564359
robot3,3212,1722895815637967822,-11.51568098564243,-14.94384050379729,156.68307558714943,-0.01105327588797213,0.06296056136869069,0.5611316034800595,0.825254576709624
robot3,3213,1722895816141148362,-11.60113115126892,-14.935790113029778,157.40306552144668,-0.00763621162711085,0.05613805036037964,0.5604849994237942,0.8262244083750074
robot3,3214,1722895816640726728,-11.635554526331527,-14.95396657022865,158.2365968990765,-0.0083615959968585,0.053338882709903834,0.5575832189862092,0.8283634475329181
robot3,3215,1722895817141902109,-11.888710210139353,-14.768750654849663,158.67443523627756,-0.00800915864425457,0.05821787735914696,0.5559736140732007,0.8291199386023654
robot3,3216,1722895817639236884,-12.202294742586371,-14.502738085002706,159.00512612900044,-0.001416274070067389,0.05774266862983534,0.5690434238335863,0.8202763925525426
robot3,3217,1722895818134539939,-12.521078697390521,-14.3359745811795,159.61901012559022,0.011269193848771699,0.059684045149920546,0.7271902724079792,0.6837434663232623
robot3,3218,1722895818639008893,-12.927983740169894,-14.055849162803295,160.3072383146851,0.019790800725078182,0.06215017782681151,0.8625550093643671,0.5017415025919149
robot3,3219,1722895819135146500,-13.356505629367044,-13.607493879126652,161.02253341086828,0.017256767964361836,0.06946226019234157,0.852460726186058,0.5178686210601433
robot3,3220,1722895819638936890,-13.532429432091746,-13.413435879342131,161.60524693802844,-0.013252176025749962,0.05941674649511467,0.714778559245534,0.6966962331672224
robot3,3221,1722895820138178425,-13.48129209566239,-13.347136274605367,161.6970365310953,-0.0208329403311927,0.061064565964114116,0.57981410360467,0.8121900717454532
robot3,3222,1722895820639904793,-13.375632838609848,-13.434307952400617,162.15463573356095,-0.013009418452840524,0.06325668027995787,0.5284460514585253,0.8465070100887362
robot3,3223,1722895821140558007,-13.13584338597696,-13.783149268216171,162.96548538698326,-0.012698533739614486,0.060014329733473835,0.4626840781128161,0.8843983668734352
robot3,3224,1722895821633254570,-12.980354917429263,-13.99851498468338,163.92919451709915,-0.016324771374288775,0.06341069928772354,0.45313594202350366,0.8890334094407765
robot3,3225,1722895822137097274,-12.98888348302015,-13.974774323275918,164.8294316050717,-0.016962522146428256,0.06603887435054319,0.44983453275085356,0.8905054929992101
robot3,3226,1722895822635188906,-13.195060870842369,-13.757636710349685,165.55807110707383,-0.016863280047921536,0.06477382198831803,0.446576992849195,0.8922381807728367
robot3,3227,1722895823140830151,-13.39323226317773,-13.554565270585448,166.2282094410265,-0.019924732890304574,0.06334126845898021,0.44569195626753866,0.8927203194997143
robot3,3228,1722895823641121302,-13.240302477841897,-13.641449504469197,166.52377160798468,-0.024479105779604268,0.06391271002091574,0.4127994665092298,0.9082469594376348
robot3,3229,1722895824136376124,-13.102221636298868,-13.768037811871656,166.6777353531435,-0.033058752960854046,0.053530678131103474,0.3346891679467372,0.940225901690981
robot3,3230,1722895824640034441,-12.860060358542896,-13.992441918207865,166.82039817787316,-0.05559562810207004,0.050065540186230474,0.21098302536856625,0.9746223529286224
robot3,3231,1722895825134546538,-12.605283976036253,-14.266753004776792,166.83085792487023,-0.06673160694465011,0.03373347435785841,0.12407376179554344,0.9894516900668952
robot3,3232,1722895825637028354,-12.299770161541506,-14.600080846191007,167.09465356026197,-0.051536581849043,0.04665627104783775,0.16859221224440477,0.9832313253114778
robot3,3233,1722895826140910925,-11.992588809786835,-14.916963202925686,167.6006825051701,-0.04379093597742075,0.048626391341971546,0.21529791227538994,0.9743534456043851
robot3,3234,1722895826639333251,-11.650960782307006,-15.296817211230293,168.3700201072065,-0.03649457353013123,0.057072621526704066,0.3187551000461079,0.9454131626804861
robot3,3235,1722895827142736298,-11.60452447875662,-15.430242216620627,169.29165428418406,-0.01624654439476226,0.04965639950375608,0.4704309008406839,0.8808887894154263
robot3,3236,1722895827644036293,-11.81071193887471,-15.298535087818443,169.96077411432074,-0.013340659395920407,0.027921221938172272,0.5243766482829515,0.8509239466062165
robot3,3237,1722895828138136449,-11.741953272173424,-15.393282380847431,170.35372585613175,-0.03737871887087948,0.02701045873619563,0.37712221112819994,0.9250146508938165
robot3,3238,1722895828634968845,-11.489473347605026,-15.64299927954089,170.5825126697062,-0.04437472927255452,0.030604454234635283,0.3017464191826006,0.9518630937763402
robot3,3239,1722895829139219969,-11.378820450555795,-15.6872145375064,171.11646374531537,-0.05534466617301539,0.05779680899945354,0.4444636377130139,0.8922155409689931
robot3,3240,1722895829640695475,-11.52095793880837,-15.546179647369001,171.77639240673108,-0.031065500229639144,0.050169206301576896,0.5915571840005106,0.8041007918737166
robot3,3241,1722895830135669548,-11.796726466856027,-15.293214327811024,172.38450778038623,-0.01090428793151273,0.05280155374324807,0.7231783469565604,0.6885536804928012
robot3,3242,1722895830637224574,-12.16929701104784,-14.88508099308057,172.8892698264932,0.0022618748073378173,0.057080444751356804,0.839675464800099,0.5400757544660573
robot3,3243,1722895831135395118,-12.605648477511785,-14.440971440162519,173.12648491944384,0.015136720091180814,0.05757941218008123,0.9046588232266484,0.42195723071900715
robot3,3244,1722895831634230187,-12.923278262321892,-14.087122344905957,173.42060858139862,0.01710830438806239,0.056089096313840264,0.8711078441586462,0.48757814044616277
robot3,3245,1722895832138528101,-13.163311160262142,-13.775280208665443,173.72184276395964,0.018602465971255398,0.05488684362164876,0.8606281056718862,0.505925534426423
robot3,3246,1722895832643082683,-13.454323941307498,-13.442228233242155,173.9463153254598,0.02171490917077598,0.054984605117393136,0.8565107706763976,0.512732343074935
robot3,3247,1722895833132005801,-13.809443457423566,-13.107411739957648,174.48292355464287,0.01019692112621371,0.0548270507283836,0.8382296615505456,0.5424583410777558
robot3,3248,1722895833635095114,-14.212659632369837,-12.701776034594662,175.02960995345396,0.0176977729810166,0.053279317017232326,0.8399692740149016,0.5397218931269776
robot3,3249,1722895834133993207,-14.571698489620795,-12.171333984339034,175.36586912683782,0.018007523734902355,0.055335069212618056,0.8522638767562306,0.5198654091018291
robot3,3250,1722895834637843777,-14.97128045004882,-11.584198984236895,175.7532825331962,0.020348105324308176,0.05281219377403924,0.872229895763124,0.48581049364493345
robot3,3251,1722895835142530382,-15.3570536525829,-11.071509010765572,176.2469813284808,0.013251251515406152,0.05185346044676898,0.8835289819341955,0.46530867287779487
robot3,3252,1722895835635296973,-15.653481458192422,-10.564065816325057,176.4954373711598,0.018514635049802552,0.05144342488981758,0.894528487881716,0.44365478324101165
robot3,3253,1722895836138135351,-16.01076656410495,-10.007807241549681,176.7796106430872,0.018621095195784882,0.054948779088300446,0.9075722575548092,0.41586834912900217
robot3,3254,1722895836639566564,-16.39493372465551,-9.356568284045602,177.14234592704415,0.0205639980492116,0.05801433544969372,0.9325493072481252,0.3557572886359521
robot3,3255,1722895837141030549,-16.826323411514966,-8.718824232133695,177.44974193686585,0.0327802321796783,0.05983598189524937,0.9355269274260415,0.34660421190410806
robot3,3256,1722895837634399279,-17.17804821866353,-8.182983690962896,177.44797015357486,0.030672669927364213,0.057809758807026636,0.9480308928004135,0.3113754091161521
robot3,3257,1722895838132066248,-17.50801497842382,-7.685656263640227,177.46025234721992,0.032501664428563705,0.0532580623569238,0.9483670137753784,0.3109778573888022
robot3,3258,1722895838644875900,-17.91880251069515,-7.029266997289994,177.67188527150893,0.030027337266868598,0.049385773185813796,0.9559643956065669,0.2877350843329194
robot3,3259,1722895839135200185,-18.348310258684354,-6.409176486767488,177.90952262110338,0.03369126885690156,0.04669820132283276,0.9577587870760194,0.28174861521344935
robot3,3260,1722895839633945985,-18.74263778029161,-5.843164773289788,178.00681974953892,0.030154407313173724,0.04717065197298951,0.95750101247236,0.28294425674757867
robot3,3261,1722895840138055926,-19.181259162965112,-5.182368026610669,178.09774800898543,0.034012841033654276,0.04268922339835877,0.9567154226353694,0.28586072997543904
robot3,3262,1722895840633254053,-19.818476264816603,-4.4051481538603285,178.5307141031839,0.03213092022515218,0.04600610786507395,0.9537396856512617,0.29535005335774817
robot3,3263,1722895841141739386,-20.543740390975945,-3.5310690319927036,178.89922672935404,0.03364593791047893,0.04695540918421755,0.9573451753677963,0.28311367965972667
robot3,3264,1722895841636315883,-21.17998509265925,-2.614272163078414,179.1577898999066,0.03848851487971254,0.04785749129898489,0.9565082742234694,0.2851669968473947
robot3,3265,1722895842135031961,-21.774242539857465,-1.674341368006813,179.3076184312585,0.038216938175620045,0.0479373835740173,0.961404809952716,0.2682205515845873
robot3,3266,1722895842633644923,-22.370518963586306,-0.79346399052727,179.37489153920055,0.03448041670003993,0.04665547237012726,0.9608550962808055,0.2709093053280302
robot3,3267,1722895843144644515,-23.049830802466335,-0.0354048822358482,179.4561644402205,0.03544552248838034,0.045636415821759854,0.9599097534982042,0.27428852988319785
robot3,3268,1722895843632901458,-23.734837904100093,0.7281291915168799,179.48780807463706,0.028713578885617853,0.04681095140991613,0.9594927284917133,0.27632945768992
robot3,3269,1722895844136635955,-23.99488033943777,1.5330106011612123,179.6541649692832,0.028814016700691062,0.046597441743097365,0.9600390989859693,0.2744510143591734
robot3,3270,1722895844635034883,-24.340023495990142,2.1604014382912364,179.8172854437539,0.03394463305921299,0.04626339853094162,0.9606252397210876,0.27185769927233205
robot3,3271,1722895845145927671,-24.953464502655965,2.9275043118693715,180.1135349429153,0.03347900591427205,0.0472078922486478,0.9604963488286904,0.27220825659628145
robot3,3272,1722895845633551217,-25.38457535400242,3.698383069941152,180.36274420507036,0.02997035967259436,0.049306841748883216,0.9597808787035442,0.2747567611049792
robot3,3273,1722895846133956559,-25.82166342276411,4.35182049500083,180.5644946376119,0.02324462311435421,0.05168146819936011,0.9586089635391638,0.2790296908276971
robot3,3274,1722895846632501981,-26.34522300736596,4.958065180499462,180.76868233299808,0.031684804880467016,0.049982607769637956,0.9572631569055464,0.2830990294781325
robot3,3275,1722895847140632098,-26.93433912712408,5.589436653943426,180.91132668624297,0.028711795320008067,0.049869188368199334,0.9568640308976717,0.2847804825391981
robot3,3276,1722895847631612434,-27.412827215718615,6.374827055413515,181.05776737604214,0.034080067150048785,0.049303189765110486,0.9638875500124467,0.2594774275983111
robot3,3277,1722895848136364867,-27.919206410097573,7.157424188218186,181.22930800361252,0.030628608083653988,0.04983831072686819,0.9587726424909562,0.27808820751995067
robot3,3278,1722895848634058873,-28.310387192395293,7.948647956377246,181.3136035773477,0.03760138941128918,0.052852993914416356,0.9468671957365478,0.3150162062285516
robot3,3279,1722895849139511328,-28.914589603875896,8.599023459610427,181.54148379180683,0.035184989700315306,0.057682800522936915,0.9351726319439118,0.3476878765311161
robot3,3280,1722895849636751890,-29.33224880414523,9.324174258535123,181.58437437087878,0.036704962986378625,0.06254194057116479,0.9370511705859095,0.3415792076010162
robot3,3281,1722895850138308019,-29.781353905127272,10.141318319918895,181.64824101034344,0.035096833616396414,0.06368392339657829,0.9314448529324407,0.35654320371672416
robot3,3282,1722895850636144090,-30.27478737336966,10.974597996384706,182.0271394218818,0.03511400578091028,0.06698301535016436,0.9326119039570909,0.3528672822041561
robot3,3283,1722895851138923911,-30.790962168527415,11.862319111942641,182.1579351247416,0.0332749820709093,0.06967616804641076,0.931480269703557,0.35550318469394593
robot3,3284,1722895851632686315,-31.301778009531507,12.640789260058988,182.17687259496375,0.034662651512998216,0.070773980404308,0.9260870670615172,0.3689881956231335
robot3,3285,1722895852134311099,-31.74192453963912,13.432419792193912,182.31771150902634,0.032319261580095356,0.07378273937402126,0.9190237981695348,0.38588447895636446
robot3,3286,1722895852637380891,-32.17715314426526,14.294082029323194,182.50971188927008,0.032330377962673726,0.07134713127264546,0.9107304907517422,0.40550500210853796
robot3,3287,1722895853139288817,-32.575631782406724,15.18125649708153,182.66106313932832,0.030348309081509133,0.07214361833890763,0.9026977376693522,0.42309700173305
robot3,3288,1722895853640897761,-33.094997154559486,16.098905665831598,182.93094728666728,0.03205879575713895,0.07171492668807466,0.894631707109412,0.43984464477725
robot3,3289,1722895854132175582,-33.50257348657264,17.025227885358,183.16970519093124,0.030700079276274276,0.07659561478498904,0.8892768789468845,0.44986358987878566
robot3,3290,1722895854632281299,-33.8743809860225,17.83857148371899,183.16512562287923,0.03582198065331295,0.07564587895908073,0.8801305488788194,0.46729509266506336
robot3,3291,1722895855134560690,-34.31400965380789,18.65208006923473,183.24376307330303,0.03328329831339532,0.07745457339185263,0.8727222313712623,0.4808834765142516
robot3,3292,1722895855636186825,-34.66053778455651,19.49435957806815,183.48648646041102,0.028039695546761622,0.08424898813920949,0.8823108552762821,0.4622157917388803
robot3,3293,1722895856135760738,-34.900256852652426,20.327533835485838,183.6346464749064,0.03230216803963874,0.08391657475848491,0.8800236461190962,0.46633996257236426
robot3,3294,1722895856637291111,-35.14490064940467,21.13514026190445,183.61935329034728,0.029809292131059824,0.0857223572705546,0.8691555882623535,0.4861395344537891
robot3,3295,1722895857139859771,-35.41454936984704,21.773355171767037,183.6557213625949,0.029919114048026954,0.08695412751563562,0.8685427301240513,0.48700857515164464
robot3,3296,1722895857633960011,-35.63455120709609,22.392469023012616,183.80156489591096,0.031966229434063936,0.08801015721750828,0.8727826481070778,0.4790436530896898
robot3,3297,1722895858133474162,-35.7931034175469,23.000382370064962,183.94212662764815,0.03187131296163752,0.08858463655280388,0.8645453770284315,0.4936580523354969
robot3,3298,1722895858633490481,-35.983622241536104,23.531358834027735,184.0739847629967,0.03277240526927761,0.0933062452434519,0.8532457453310721,0.5120464941056213
robot3,3299,1722895859134798891,-36.16814335851184,24.13910259085253,184.32778322734464,0.03474527098586022,0.09793856764119745,0.851683737858735,0.5136493101129245
robot3,3300,1722895859632510314,-36.35955490215294,24.827393905639656,184.46623771835675,0.035043748682809364,0.09549695782859444,0.8424749047543924,0.5290447066012638
robot3,3301,1722895860142915768,-36.65260552691746,25.558688442164513,184.51597339369943,0.0361354761251638,0.09344697289778313,0.8422777263099188,0.5296509439089503
robot3,3302,1722895860634142604,-36.82200079851504,26.21428008466514,184.67142965034427,0.030668959548761067,0.09555431717819036,0.8395389454767379,0.5339505093326656
robot3,3303,1722895861136129608,-37.04046214451108,26.900833867776,184.7024885705945,0.030384069059421617,0.09396748721783871,0.8414379988984643,0.5312523070096784
robot3,3304,1722895861631027797,-37.30214048509756,27.50538588500919,184.6650023581322,0.02816305434849623,0.09447906453955388,0.8418207154621637,0.530677332992719
robot3,3305,1722895862133317188,-37.469645321290336,28.05429987136139,184.5887594973537,0.029493450024546692,0.09363270203888382,0.8395909343948225,0.5342753189101815
robot3,3306,1722895862635343036,-37.64662338409683,28.61722613406004,184.64536119052534,0.029770338328643113,0.09608980353161391,0.8445413993361606,0.5259565584916435
robot3,3307,1722895863135212739,-37.81088431202192,29.128254687805224,184.8366052229558,0.036597827873391345,0.09422420956761723,0.8518163500846253,0.5139954309668661
robot3,3308,1722895863632782363,-37.96095060558848,29.65182352281489,184.9221562386557,0.03657451267379483,0.09322650744063302,0.8539870660697448,0.5105655827792204
robot3,3309,1722895864134711040,-38.12834514980034,30.217227188220686,185.06319120730052,0.03266583019417433,0.09329568435112684,0.8555219218193197,0.5082431505743664
robot3,3310,1722895864643655336,-38.31865562120161,30.784560481350624,185.1429191542517,0.032874093403212824,0.09168060877908925,0.8583819278744731,0.5036808769998274
robot3,3311,1722895865136821875,-38.47103916177779,31.35167551613265,185.27922412237646,0.0321079894793721,0.09119095551232821,0.8577433610036355,0.5049055488886292
robot3,3312,1722895865644275240,-38.68973587445185,31.97491044842162,185.39385258956426,0.029690125169892775,0.0917189067958019,0.8628058840040732,0.49625814364252896
robot3,3313,1722895866133488285,-38.912342510895215,32.541440292720395,185.33829461831664,0.0296444574707211,0.09077851753808998,0.8721059203954731,0.4799080438021623
robot3,3314,1722895866634848878,-39.118430106744924,33.02883387023733,185.26355217687572,0.028650835162205488,0.0916127477620742,0.8710835493272069,0.4816634553124266
robot3,3315,1722895867134987565,-39.300954604315216,33.51551911754889,185.36034645928797,0.028536266423294095,0.09051270472855652,0.8671899111443035,0.4888504779489072
robot3,3316,1722895867638440522,-39.41140884053679,33.96546028570886,185.5401616217546,0.021935113697086374,0.09466824341870084,0.8594145058013419,0.5019596414985459
robot3,3317,1722895868145833383,-39.51641041355823,34.397034206093984,185.67692112639367,0.025511115513723367,0.09362876942854662,0.8472017615746745,0.5223332381778034
robot3,3318,1722895868641952930,-39.653764357269054,34.83453815773143,185.6928781614188,0.025157503154811415,0.09088675960546656,0.833826184113944,0.5439123014323293
robot3,3319,1722895869146391167,-39.78111568328921,35.26510590445578,185.8168414929323,0.0234698304420548,0.08873086396340178,0.8145970081871708,0.5727195780587911
robot3,3320,1722895869640860563,-39.940916181324084,35.68573529242887,186.08989046587465,0.015973191998081743,0.09098972008468537,0.7965144467497057,0.5975202624976941
robot3,3321,1722895870133672891,-40.12366753119027,36.21955798255227,186.13819615411595,0.00793816702873687,0.09632754389014453,0.785609416715898,0.6111266923966115
robot3,3322,1722895870638516734,-40.35685722340357,36.735306788241175,186.10213696016964,0.008794487795158887,0.09399598812577725,0.7756377166169648,0.6240781551712097
robot3,3323,1722895871140743778,-40.534579969982964,37.15962712077421,186.25046347404313,0.011966381542188605,0.09049505111230373,0.7698363864114203,0.6316798157246871
robot3,3324,1722895871636986871,-40.70648964958898,37.57284411902797,186.34047129599733,0.01294296283992855,0.08739483555508057,0.7681493816662442,0.6341460004423202
robot3,3325,1722895872142887863,-40.97036871305448,38.03219048155649,186.43766131803068,0.009622683196536815,0.08716246520849015,0.7734482987549861,0.6277641577693773
robot3,3326,1722895872640596491,-41.202750600566276,38.52235202895491,186.43421906072408,0.011691347238213136,0.0848390835120534,0.7763066785923197,0.6245106749140091
robot3,3327,1722895873139028335,-41.418462837380744,38.90038831786086,186.57826101285949,0.010587648998442932,0.08368971685987642,0.7795018120932286,0.6206938520107739
robot3,3328,1722895873638203309,-41.67878746703136,39.344100314300526,186.70630476655742,0.009610725669121863,0.08191758103925585,0.7844909017378026,0.6146309209268594
robot3,3329,1722895874138243948,-41.9922005674484,39.821623589960076,186.8026958630002,0.006257122443129126,0.08419762444805054,0.7897294360833707,0.6076174999450543
robot3,3330,1722895874644325907,-42.303200930317786,40.30621686999685,186.85188152731692,0.002482786374170103,0.08663436874104964,0.7965856957865924,0.5982804954140245
robot3,3331,1722895875138910772,-42.682322325123046,40.745258242420654,186.76748356078159,0.007556404545245751,0.08283823843689939,0.8119748600156003,0.5777348472315534
robot3,3332,1722895875641343392,-43.013424292018996,41.194028705794864,186.7258170654755,0.008668218157977236,0.08072557766529022,0.8198903820181909,0.5667345097826989
robot3,3333,1722895876135720351,-43.27142344213188,41.60123256021926,186.91682830056104,0.008679236031181444,0.07748920582810644,0.826376494449684,0.5576934491843127
robot3,3334,1722895876641618635,-43.51762969442097,41.98396638298879,187.13175506165584,0.008509720337538535,0.07330370546945465,0.8242732605626986,0.5613623992979597
robot3,3335,1722895877138838445,-43.82398618025608,42.42125640660163,187.24642928591078,0.0066080092225918735,0.07219598170785581,0.8276584949139532,0.5565298646399157
robot3,3336,1722895877633203914,-44.123955716011,42.83115314713243,187.2409129734766,0.005671504038570346,0.07133358681967156,0.8348874056258859,0.5457493686305631
robot3,3337,1722895878134210730,-44.505984372337366,43.233930637311005,187.21192076714016,0.005778539012751541,0.06666637114915816,0.8422113062592551,0.5349788024340402
robot3,3338,1722895878642690417,-44.8001610581304,43.52022821688595,187.29384950267283,0.002669931555306628,0.06771343036239408,0.8506838302823474,0.5212914575457778
robot3,3339,1722895879140064587,-45.10529188394524,43.8087740424148,187.46354120911295,0.0013144217666329924,0.06853112885612983,0.8567912734262135,0.5110875369775821
robot3,3340,1722895879637567108,-45.45525016731286,44.13209331316191,187.58119254512496,0.0030126341460857027,0.06646174429693827,0.8658962314460802,0.4957796657266073
robot3,3341,1722895880141182415,-45.81719507828766,44.48391213544459,187.5318340954283,0.006511393519747213,0.0634047896791807,0.8720397767833108,0.48526700084374524
robot3,3342,1722895880634204265,-46.130533742230064,44.76948095200971,187.70317256084817,0.005391747638804238,0.062175369907474624,0.8788603811210409,0.4729794741107134
robot3,3343,1722895881135085409,-46.420586793141574,45.013239153787005,187.87067155341953,-0.0020506438015133067,0.0645043506673451,0.8860485524497749,0.4590783661932262
robot3,3344,1722895881632614034,-46.74126400412702,45.278788143045794,187.9857895893411,0.0023615854093630958,0.05942625203009451,0.8927989029383527,0.4465121077821783
robot3,3345,1722895882135291827,-47.25257853206433,45.53652951059609,188.2776253616946,0.005693229318407996,0.053193147571841785,0.9133611467479148,0.4036204799098559
robot3,3346,1722895882636637670,-47.88548758539567,45.84183795985926,188.56537858962028,0.005251112366869874,0.051630075143070275,0.9379880804628501,0.3427610276406132
robot3,3347,1722895883137146448,-48.709712641075875,46.18950309039005,188.80379103966547,0.00707993410618836,0.046194420347492,0.9563967726849479,0.2883074110383345
robot3,3348,1722895883640211275,-49.45550572886564,46.482413870481956,189.15997496960378,0.00430483885598673,0.05149257745551323,0.952658063052026,0.2996207565095811
robot3,3349,1722895884137929023,-50.34289775104919,46.79029977878109,189.44401703366185,0.007498441924381619,0.04460383833658644,0.9503339784389748,0.30792791428953054
robot3,3350,1722895884634406734,-51.172072325160514,47.20090463429882,189.38424356793257,0.005676324956673005,0.04552432890350947,0.9504379149736747,0.30751111295913397
robot3,3351,1722895885144798589,-52.29356397704611,47.845443485057864,189.01032799042167,0.006694587143974851,0.03599946637440763,0.9744621105218081,0.2215464196982497
robot3,3352,1722895885635748279,-53.39370026811873,48.54260661767437,188.53688853304865,0.011043871295080474,0.03693376020263469,0.9747154914754838,0.2200991616108934
robot3,3353,1722895886135073158,-54.16822488041574,49.081937273540746,188.10214950078114,0.004519484850256155,0.044556489125705076,0.9747503562415364,0.2187602261392074
robot3,3354,1722895886639629270,-54.7995686748981,49.579998217772086,187.4984002131016,0.008452140760796898,0.04359929013797944,0.9820672669674655,0.18322539771297205
robot3,3355,1722895887137678779,-55.46060722743586,50.0717443198719,187.06595271922635,0.00826159987262655,0.042759191935342944,0.9959053225016695,0.07922112146029536
robot3,3356,1722895887636877643,-55.98767786957997,50.54524632675496,186.54186623232957,0.01844417807118098,0.029401020729880652,0.999181982199838,-0.020754727714963717
robot3,3357,1722895888137803419,-56.37356270961511,50.85640330553685,186.11398329332155,0.01837489069351597,0.03278995221256362,0.9984046167662053,-0.042135538988198516
robot3,3358,1722895888642001619,-56.651074878595416,51.15922875881985,185.6899533585754,0.024866569208014316,0.02232853754312437,0.9944833048827791,-0.09942859979117528
robot3,3359,1722895889134563495,-57.03711547105711,51.361460434033795,185.10768467644334,0.025283136380553715,0.0278513519347402,0.980991347729561,-0.19037079841695545
robot3,3360,1722895889641571137,-56.88254900425208,51.59555248212466,184.19323444555462,0.0237397957650777,0.014759549108188214,0.9632434449300701,-0.2671715621214322
robot3,3361,1722895890139633533,-56.86693684773298,51.94318044239696,183.36282279103216,0.024752347639715615,0.02217502696208514,0.9582016248872974,-0.28415706137433305
robot3,3362,1722895890635698414,-57.10790880969623,52.18549570408516,182.7724190299343,0.022136755714750572,0.028272780866519243,0.9323541755434354,-0.35975867641409326
robot3,3363,1722895891141057303,-56.88956899708487,52.18690780179746,182.225543735187,0.021192340466709515,0.028438033447118347,0.9066679627900106,-0.420351481749994
robot3,3364,1722895891636785207,-56.84318736152443,52.26541585098643,181.52428703730249,0.02051787864132315,0.02334561184780245,0.8507982871895472,-0.5245724674235626
robot3,3365,1722895892145649904,-56.908335632552536,52.39435941762784,181.09634980348474,0.018934916337271707,0.01910129256520477,0.8600713911712602,-0.5094642398190203
robot3,3366,1722895892634966189,-57.04113048525223,52.459358668931884,180.66130419596954,0.023536576730229807,0.027796227081244792,0.8733047982269755,-0.48581079517607634
robot3,3367,1722895893134420150,-56.89957388127296,52.408862378070815,180.13235116865872,0.027465066667449575,0.028838162240219956,0.890158729317349,-0.45390689258005523
robot3,3368,1722895893636710068,-56.740562661266296,52.4253418169996,179.42025812538546,0.026925968850531733,0.025278054269820396,0.8977988214544884,-0.43885451845540335
robot3,3369,1722895894136207408,-56.71098373312133,52.4919853703643,178.7549921427335,0.02898756771320885,0.028737905626224674,0.9051105244651385,-0.42321246697224335
robot3,3370,1722895894634578296,-56.805370571421136,52.64252694012575,178.06790165678345,0.02676204043262778,0.02844359705004658,0.9068412269153356,-0.41965908085662285
robot3,3371,1722895895138244645,-56.85785252052642,52.789816537003716,177.44921387098162,0.02456948084956065,0.029132231264860642,0.9123824671157603,-0.40756090024936414
robot3,3372,1722895895638016222,-56.83024681034521,52.89893146468866,176.78333313084337,0.023541614268434232,0.03204614613735148,0.9165402702948309,-0.39796076420076676
robot3,3373,1722895896133637027,-56.97146423988578,53.12293941982334,176.11266017767508,0.01801909215434527,0.027591525971877764,0.9208811607388536,-0.3884480760780492
robot3,3374,1722895896633158078,-57.05510028198143,53.31139900417209,175.39408512390054,0.014268305431739136,0.027041821107280727,0.909013578580057,-0.4156434401363589
robot3,3375,1722895897135415854,-57.07159411020617,53.48455989762574,174.60873083968715,0.014431612352876724,0.024093567040855628,0.9072517278174654,-0.41964929520299155
robot3,3376,1722895897636923832,-56.99599678490701,53.583955097218194,174.0786641273287,0.018307432414423844,0.02601469067551299,0.9077368228775796,-0.41833232504740303
robot3,3377,1722895898134511581,-56.95080406112864,53.664693032375204,173.62084065746512,0.020137347025237635,0.028521115655395755,0.9033707203300398,-0.4274369835039331
robot3,3378,1722895898642246833,-57.1318809489116,53.83364032983138,173.06624993395405,0.016730452372235922,0.025134214763915856,0.9001261494827388,-0.4345817279051201
robot3,3379,1722895899136931043,-57.339878512115774,54.02579433670459,172.53253930568277,0.017277981016851452,0.028690246886931114,0.8932794951633451,-0.4482522555729837
robot3,3380,1722895899634408300,-57.31502342968057,54.15250296676861,171.9223332429774,0.023553498407645264,0.02992029006061562,0.8950787503236116,-0.44427923615061243
robot3,3381,1722895900141538703,-57.32627804476358,54.25374973307055,171.27349471468517,0.021430701852190044,0.029189572902980392,0.8959086920173978,-0.44275987783395615
robot3,3382,1722895900638834703,-57.44978399542082,54.525665983799335,170.4688109342477,0.01767396174374183,0.024386962905192103,0.8969629527085429,-0.4410786421772354
robot3,3383,1722895901135703718,-57.5437292096933,54.74947891922297,169.6899770961595,0.016496726683354116,0.02852736803997505,0.8962104009552079,-0.44240362170890074
robot3,3384,1722895901635951896,-57.47057054234367,54.90049499314795,168.81348125439393,0.016440391341195997,0.025279870069590607,0.8942369567954597,-0.4465768766998671
robot3,3385,1722895902133837905,-57.36135849918835,55.02348888764954,167.85238425479497,0.01922781307511581,0.02646656431057211,0.8933063737510761,-0.44825610402273974
robot3,3386,1722895902634249778,-57.313877246434394,55.18046781981492,167.06362619305946,0.018908259031520276,0.025778404582164793,0.8974563737108154,-0.43994318824528733
robot3,3387,1722895903136969496,-57.32520921336206,55.343296514025745,166.22065988303424,0.019902389785958884,0.02466283236369276,0.899969504287425,-0.43479941459626503
robot3,3388,1722895903632056620,-57.43974113106545,55.57356701141652,165.41085942454663,0.02030676730831667,0.026932389558428204,0.9006082234464002,-0.43332102355514396
robot3,3389,1722895904135610084,-57.41873824554203,55.73328043504398,164.60376897627276,0.019842770502640706,0.02669804097144408,0.9009819586510052,-0.4325794600445854
robot3,3390,1722895904637775258,-57.433441069029115,55.902568210123285,163.71278498437601,0.01882017872289698,0.02834842131108639,0.9028433504116496,-0.4286211059892811
robot3,3391,1722895905134754564,-57.53525928409475,56.08662120418232,162.88510848801337,0.018884681231077637,0.025331167457287217,0.9026777309870025,-0.4291556998924843
robot3,3392,1722895905638651020,-57.530582978458966,56.23377072789025,162.0853676728515,0.019740302044790884,0.025956210761503312,0.9038906334324154,-0.42651883708838895
robot3,3393,1722895906135619932,-57.43034146912099,56.3813727520551,161.39393004539764,0.023291510681880158,0.030916719403542747,0.9056295209104034,-0.42229945873405006
robot3,3394,1722895906634510302,-57.518064354017234,56.537263338634794,160.69568659774134,0.016325468066084207,0.026665005577412474,0.9056002118193742,-0.4229783835170358
robot3,3395,1722895907138829494,-57.65465600215082,56.717253871275815,160.07246299523354,0.017851243912141743,0.02703290345438563,0.8988275520221978,-0.4371036341045432
robot3,3396,1722895907632602456,-57.60210341342486,56.87441475513589,159.40561996897654,0.01996757665271428,0.029314366169688282,0.8977106866461163,-0.439155424536742
robot3,3397,1722895908132501443,-57.80710089912596,57.142379280195655,158.5976196878971,0.021741032874536426,0.03395155846285926,0.8962397626244223,-0.44173397770424083
robot3,3398,1722895908637607450,-57.91253005140103,57.29191909137891,157.83689625861857,0.0225451712611585,0.029753377003360528,0.8988934704213826,-0.43657414106140546
robot3,3399,1722895909136562003,-57.88712636637319,57.514719503049,156.9988380883974,0.015490300446069081,0.02705900246975448,0.900617233483823,-0.43349332143572544
robot3,3400,1722895909636530540,-57.80250024162064,57.63945842157855,156.2513675292649,0.01962961559070465,0.030561332690417053,0.8910179563714933,-0.4525126346959989
robot3,3401,1722895910134439648,-57.70088352392492,57.77902599160798,155.46582060291072,0.01832543159285839,0.027449672922314358,0.8838048414759425,-0.4666901500964827
robot3,3402,1722895910633893919,-57.82202774353419,58.01628272845572,154.70250351676694,0.01358440181548923,0.026824987538101572,0.8869390122714674,-0.4609067938117312
robot3,3403,1722895911135892900,-57.95889903558257,58.28658991492952,153.9593749156262,0.018222409958333893,0.029868585570045517,0.8938776044426563,-0.446943664959258
robot3,3404,1722895911633624170,-57.99648875251208,58.49149791076276,153.12116489810975,0.011470067946240938,0.02645012273545008,0.8950068876179007,-0.4451196464604846
robot3,3405,1722895912133718490,-57.94157174390421,58.62379835513175,152.24388299778175,0.012405161085103587,0.02823911186320077,0.8930826351995476,-0.4488341244208846
robot3,3406,1722895912644114508,-57.99004569918317,58.77211524889642,151.39993559984757,0.021656321849258985,0.030468093896936985,0.8976668534234361,-0.439086459872217
robot3,3407,1722895913136563719,-58.0972373252572,59.02581826637918,150.6874334202808,0.014765473196350172,0.026705499009399572,0.9007408574718317,-0.43328363089881006
robot3,3408,1722895913636992035,-58.11462085980299,59.1872763523712,149.97785280864954,0.016171990085328783,0.02784334433652876,0.9000319681959369,-0.43463280034781726
robot3,3409,1722895914140002487,-58.10601678174016,59.369330853601475,149.19456218116684,0.01693702203330377,0.027977431364142977,0.8992255457929252,-0.43626118141810843
robot3,3410,1722895914631344942,-58.234367832981604,59.57191506356291,148.3326867485188,0.0161523435835335,0.02753142402781213,0.8858706642920684,-0.46283289493562335
robot3,3411,1722895915132687317,-58.238212854059284,59.73001048179696,147.49417168353472,0.015298233451638174,0.027922340647417655,0.8872529582152296,-0.46018311038580345
robot3,3412,1722895915637353014,-58.35570490562133,59.960252450666495,146.65600287069833,0.018210896061895725,0.026237286282536857,0.8913328102634059,-0.4522231632956124
robot3,3413,1722895916132785375,-58.38484023441022,60.14616309017671,145.87670016532587,0.019424681315969125,0.025466114059681598,0.8970982771498303,-0.44066862825174946
robot3,3414,1722895916636545919,-58.29570559829117,60.28212960922982,145.07375054994645,0.019399032923657803,0.024681434255432507,0.9023758137927529,-0.4298050662877165
robot3,3415,1722895917135907591,-58.28298024511679,60.433926698138784,144.2776927963969,0.01931967438222649,0.024938626395080824,0.9065606028645955,-0.42089510383119483
robot3,3416,1722895917636583886,-58.41876476028322,60.62344537070848,143.49614391668354,0.01887494152034296,0.02412032868895437,0.9097467219108107,-0.4140324242122523
robot3,3417,1722895918134324547,-58.53162460704723,60.86054885804323,142.78233600525184,0.021177919494157267,0.02346834295269885,0.9163202995322982,-0.3991964945612532
robot3,3418,1722895918637467246,-58.51193559105457,61.00222040086494,142.02146478834618,0.02234950795133244,0.028043708043471092,0.9202097909730416,-0.38977941265651384
robot3,3419,1722895919137141212,-58.627592853182456,61.21672180113607,141.2392963459281,0.015684860506751306,0.022842093247409375,0.9172983091713439,-0.3972354917657208
robot3,3420,1722895919642609512,-58.66415556731618,61.42550874107704,140.39969865873155,0.01831793977617649,0.02343724239750335,0.9196925882549071,-0.3915107812821343
robot3,3421,1722895920136732806,-58.568959751989496,61.53795556837166,139.58723288773726,0.018580231397711307,0.02611244074588999,0.921874967747311,-0.38615988823335085
robot3,3422,1722895920636126278,-58.517208614215,61.65519538153625,138.88348998845836,0.023814301284220702,0.03179914549275411,0.9170844308927996,-0.39670875968940345
robot3,3423,1722895921139916215,-58.6160163284095,61.74905258338593,138.23002566330817,0.017976442469187094,0.03204211755763602,0.9119214920025099,-0.4087167021819525
robot3,3424,1722895921633190860,-58.84976939507468,61.95339391275351,137.54904967279452,0.01583325340204179,0.02999375317616936,0.9168670365635931,-0.3977493181894952
robot3,3425,1722895922139396247,-59.08263627430258,62.211051464672444,136.81184626725567,0.016497062313632495,0.032068031513425715,0.9170316591739739,-0.39718059414138346
robot3,3426,1722895922636491792,-59.13899260059773,62.39398612783813,135.9451833050477,0.02285409529963982,0.031070693133639426,0.914011022348767,-0.4038516477386122
robot3,3427,1722895923140887601,-59.056446201250175,62.55954054925335,135.0715015656493,0.017175319719424785,0.03169116173997755,0.9116434142251433,-0.40939829501358427
robot3,3428,1722895923635207937,-59.08187102620511,62.72318031356259,134.3905657043815,0.0187715369256922,0.032660132165736905,0.910243755795227,-0.4123557325952474
robot3,3429,1722895924131912776,-59.35872614534603,62.98526800274681,133.61330789026988,0.014262030907275835,0.03188299410061998,0.9055369861506962,-0.4228271938684803
robot3,3430,1722895924638679791,-59.45652376397101,63.10896098967027,132.70883001211126,0.016969969073941233,0.03349783812945868,0.9036803178448362,-0.4265580829501861
robot3,3431,1722895925137989619,-59.457123059453735,63.237677386166396,131.7967590151326,0.017663215951948915,0.03650474877666084,0.9029615635474115,-0.42780349329452844
robot3,3432,1722895925634316865,-59.34415753983428,63.30993169377727,131.03649641611554,0.01965707486623511,0.03825519046640132,0.9026319759030831,-0.428258865509377
robot3,3433,1722895926132435135,-59.36384079187774,63.44579438132204,130.25660818127523,0.02058334013610444,0.03872420124229566,0.9029843364647478,-0.4274295853661824
robot3,3434,1722895926635754310,-59.481960774699274,63.64374706935236,129.55797098527347,0.020374538689843128,0.03906617064409683,0.9099668714800082,-0.41233360922106344
robot3,3435,1722895927139387572,-59.74541206034794,63.96100809690188,128.6888733974815,0.018739954321219197,0.03774993398050631,0.9106708993098851,-0.4109772131720094
robot3,3436,1722895927644390780,-59.94917134101914,64.18389103442935,127.79180491562632,0.017656744714522107,0.03723174590035219,0.9112908938300788,-0.4096961597155551
robot3,3437,1722895928134985889,-59.89856781698101,64.34242143431165,126.84485836007528,0.01917148570245272,0.03762126904643728,0.9069794808584722,-0.4190528791847067
robot3,3438,1722895928640849782,-60.011453708553795,64.61443884640667,125.80413123226772,0.017502840018470536,0.03806018623695296,0.913471782267712,-0.4047398866130517
robot3,3439,1722895929135381872,-60.24502380548153,64.94031664929996,124.82933287183346,0.02148209917978633,0.038792830533846134,0.9197640067168484,-0.3899587255879413
robot3,3440,1722895929636389940,-60.20265659432324,65.13064771727751,123.79613815313017,0.02045082935548752,0.036675662983406375,0.9233635640783475,-0.3816233586350967
robot3,3441,1722895930135138129,-59.994585781897754,65.19802255048268,122.70098859981358,0.01958134530118872,0.034257371092193636,0.9176797606055184,-0.39535662434951796
robot3,3442,1722895930635595818,-60.258076849365054,65.50515582595115,121.79949524407577,0.020287982602986147,0.03409259329044124,0.9390538051428872,-0.34147334287071057
robot3,3443,1722895931132462618,-60.71339945322825,65.87899999193068,121.30961036697465,0.016785297536156388,0.037997485043467887,0.9716046830446234,-0.23293515149661478
robot3,3444,1722895931633389577,-60.67899851022363,65.99765740400576,120.39121999451729,0.017843916182499794,0.03597879758154898,0.9363298470513113,-0.3488173423164703
robot3,3445,1722895932142243492,-60.478981809625694,66.11560952859139,119.20040565834384,0.02172036557607454,0.03431426085901026,0.9046944129752581,-0.4241211812115667
robot3,3446,1722895932631833852,-60.602041644952834,66.37252957666576,118.35136435565855,0.018550290246386287,0.032733215938492266,0.901488214361146,-0.4311651918627609
robot3,3447,1722895933137604063,-60.872869458126395,66.63607778956299,117.66321418510411,0.022746401392272665,0.03329319583579024,0.8960359244821063,-0.4421467927874613
robot3,3448,1722895933635869055,-60.879913736272705,66.77788799257725,116.96942451625642,0.02152458056346536,0.032204563621107546,0.8962308817498628,-0.4418933865893497
robot3,3449,1722895934133516409,-60.86092154889586,66.90028700225467,116.27813847100602,0.022678917484666723,0.033242020765893845,0.8976880056231028,-0.43879024523972693
robot3,3450,1722895934637465163,-60.90349190948652,67.09154497946436,115.54472850975301,0.020367220076573427,0.03193903367482985,0.8903654308595059,-0.453667801375232
robot3,3451,1722895935140890669,-60.93902521075353,67.29737160950013,114.76935344488959,0.01696141137690703,0.029907761485230427,0.8806495085450587,-0.4725190783729187
robot3,3452,1722895935631578463,-60.845179703132644,67.61625071939568,113.85450286446425,0.01976474218173128,0.02990297836818178,0.8788225310932805,-0.47580051039695376
robot3,3453,1722895936134607178,-60.72372486566455,67.91388704007967,112.9679243142426,0.020712369466118867,0.028902083941854912,0.8788096875490053,-0.47584577371763687
robot3,3454,1722895936634415030,-60.60804015713794,68.15341819688395,112.19465705346948,0.02485015419967287,0.028592952877109796,0.8783877538007466,-0.47644503025522134
robot3,3455,1722895937135759416,-60.71668043104269,68.2868809282025,111.56874450065209,0.025343275362515263,0.02745626563008685,0.8802680457757647,-0.4730032129464515
robot3,3456,1722895937635755113,-60.86631650531446,68.43319468094383,110.95224747837347,0.023540543931371,0.028747372199543198,0.8794961063351783,-0.4744534016363431
robot3,3457,1722895938133969057,-60.93533731405764,68.53942613096427,110.31998945263305,0.015929491363314927,0.025269559307150146,0.8793778109810543,-0.4751866646187558
robot3,3458,1722895938634084258,-60.90575116993892,68.66375860591279,109.6375129963587,0.020687278645957454,0.03027590637983007,0.8608662555750133,-0.5075083211212995
robot3,3459,1722895939135774369,-60.96100974590128,68.8394150510275,108.81748647692677,0.021586207402011236,0.028888209414177003,0.8509890370078478,-0.5239438575833255
robot3,3460,1722895939632692314,-61.05229860650994,68.95095946342579,108.0041745190588,0.023261572979705682,0.028681301827028865,0.85114528705668,-0.5236296233686731
robot3,3461,1722895940137657177,-61.04017171378666,68.99597537233807,107.14030819436181,0.02345907032105833,0.025974109814699192,0.8488076625637937,-0.5275420074382653
robot3,3462,1722895940643781031,-61.06012144049361,69.20006998922295,106.16210155746725,0.024854275389650793,0.026961935254993977,0.8517868122477524,-0.5226036218043013
robot3,3463,1722895941134657982,-61.011910155803136,69.31045729113828,105.31116458779907,0.0231308388424551,0.0273850838537715,0.8568879484885863,-0.514254864062352
robot3,3464,1722895941640308202,-60.91135606181577,69.41712550926451,104.48676981147567,0.025042202700048723,0.028028439344054617,0.8603322877962368,-0.5083459936373645
robot3,3465,1722895942133877701,-60.836716211451176,69.56619626011086,103.67799427240173,0.024189375093108863,0.0276669726391292,0.8615446049016685,-0.5063499842227888
robot3,3466,1722895942635741834,-60.82952550430272,69.70441108470465,102.94786912790534,0.02463115262360583,0.027674975777696304,0.8602142639263641,-0.5085851179239912
robot3,3467,1722895943133437127,-60.83325579172756,69.8649281340106,102.20731077621261,0.022320112016812835,0.02696478569121163,0.8602084363333062,-0.5087397753205388
robot3,3468,1722895943636864159,-60.832061927695996,69.9883422834546,101.46540641491,0.024902647932572502,0.02672860158436178,0.8640886435068982,-0.5020122071680124
robot3,3469,1722895944132224598,-60.83269881170781,70.17287657037382,100.7399832077312,0.02231661433038866,0.027104491802619982,0.8609494934358778,-0.5074773738812951
robot3,3470,1722895944632903860,-60.87259482027101,70.33623165669367,100.01719344520359,0.024220271371662352,0.028336063955409833,0.8611648360740243,-0.5069571688454529
robot3,3471,1722895945133338407,-60.87317126866099,70.52042842874162,99.36684191645769,0.025293406650350445,0.028552490798811295,0.8683740745816327,-0.49444055804888903
robot3,3472,1722895945635631713,-60.843834753004764,70.66228705759256,98.68796577818159,0.027266711880824135,0.031483826904936014,0.8757473533503324,-0.48096971647549325
robot3,3473,1722895946130655071,-60.84257917114882,70.76052010468106,98.03175939073434,0.02823125180651283,0.03212207437459182,0.880030326054655,-0.47298815416820766
robot3,3474,1722895946636169799,-60.75847330358568,70.81462660769158,97.50121018298488,0.03261925654153057,0.033289028992046624,0.8817307305144182,-0.46944514431183004
robot3,3475,1722895947133616757,-60.79436839624648,70.98864072054867,96.88862036703127,0.025302935340627334,0.0282384799420255,0.8823437624891238,-0.4690755104567372
robot3,3476,1722895947641213772,-60.852566765381916,71.10559565914888,96.43105199526653,0.02985703892455579,0.03135700885789022,0.8797925658990461,-0.47338180806925434
robot3,3477,1722895948134999665,-60.915569259421325,71.30132884077936,95.80042723247476,0.027873934320812536,0.030654022039064678,0.8807175270585161,-0.4718262521842542
robot3,3478,1722895948634623837,-61.13227166460289,71.64542852405815,95.16554259343876,0.02850425345291579,0.03294532824719366,0.880612467171968,-0.47183026136850975
robot3,3479,1722895949137363219,-61.24697518639242,71.88835617124664,94.41419036027426,0.02722719718906063,0.03228673946397237,0.8764438064936134,-0.4796483089170639
robot3,3480,1722895949635451677,-61.158905540846995,71.95085617027186,93.69524866154904,0.029388384764986442,0.03176349437741212,0.8649975705230547,-0.4999065975310329
robot3,3481,1722895950134278669,-61.17260948449891,72.078851023523,92.93024279382689,0.0327124874634785,0.03259846695478937,0.859781087616509,-0.5085702650500936
robot3,3482,1722895950636037071,-61.260291538917755,72.27207647764212,92.17255359165078,0.03182021985266108,0.028943854998102852,0.8633371440579775,-0.5027909133588156
robot3,3483,1722895951134273794,-61.18604671735655,72.34734338966022,91.49329854752082,0.034208900564905644,0.029444879090543913,0.861070362728255,-0.5064786082832275
robot3,3484,1722895951639858551,-61.082915813145064,72.38514234874329,90.88888966078882,0.03488661222286106,0.028531512000566004,0.851491910052318,-0.522427415270321
robot3,3485,1722895952131990521,-61.146631971773274,72.56027810479539,90.1685221914762,0.03406483496809295,0.028148567428364083,0.8507190343595736,-0.523759839763075
robot3,3486,1722895952632877636,-61.24593093036833,72.83969075077752,89.50804374517868,0.03884522636140578,0.02933339457177023,0.85544498963686,-0.5156010764699978
robot3,3487,1722895953136109714,-61.175104034926925,72.96223858122322,88.80724433303288,0.037376276015459176,0.027380370342387817,0.8601474165133122,-0.5079367590326621
robot3,3488,1722895953636083160,-61.12611753564396,73.07274626282208,88.16789358255149,0.03763991537022209,0.027620090584159294,0.8649810456625946,-0.4996280196421032
robot3,3489,1722895954135259291,-61.13601993861455,73.1724083814404,87.5365557424705,0.03862894163903302,0.026752055289015867,0.8660548088355108,-0.4977360751427895
robot3,3490,1722895954635111564,-61.136334621776506,73.311210013129,86.96244812823358,0.03322314361764782,0.025021484006142663,0.8633055183389778,-0.5029649392072577
robot3,3491,1722895955133985388,-61.171715851444084,73.49960171756919,86.35810815029002,0.03027567779548626,0.022415198314083746,0.8526122319621549,-0.5211845394167758
robot3,3492,1722895955640329093,-61.0411275437676,73.52799520567649,85.7619842143579,0.030007568651564995,0.016418439884002663,0.8434831025386067,-0.5360655150140169
robot3,3493,1722895956134694539,-60.96389792464322,73.5988047767133,85.11738574851525,0.022313102674599128,0.006343663883503343,0.8318067638598978,-0.5545803737732614
robot3,3494,1722895956634296360,-60.852853360126936,73.68001489067241,84.4031376058042,0.028024043640450167,0.006330229878894776,0.7977484802280401,-0.6023055233530329
robot3,3495,1722895957134861208,-60.68058537095107,73.60141618341152,83.76505092662346,0.02934859218450184,0.008884045364287847,0.7619563737315208,-0.6469020160771367
robot3,3496,1722895957637780769,-60.4119424589974,73.37135007357983,83.20780194486666,0.03582376259158487,0.010896402629415434,0.7237046553845423,-0.6890932434861484
robot3,3497,1722895958132921620,-60.21658300616227,73.08969601060464,82.73340036671763,-0.03396580038394912,-0.008453093828992531,-0.6782242114806335,0.7340209728410141
robot3,3498,1722895958634572817,-60.01952357064874,72.82998198419064,82.3384860014366,-0.02838585126212669,-0.008655590830144826,-0.6516044387310653,0.7579782184347245
robot3,3499,1722895959131675983,-59.812558564798174,72.59987131064204,81.98870487449356,-0.026896100779922993,-0.002477666932520386,-0.6372564386968798,0.7701783509478682
robot3,3500,1722895959633588798,-59.634637058267856,72.40749458425611,81.78241729471654,-0.029445064192594742,-0.00101961499992527,-0.6405986306988812,0.7673104605872805
robot3,3501,1722895960136121629,-59.41791356993083,72.26486104682805,81.42657252273261,-0.029409297486393152,-0.0025541756741628008,-0.6151015580210639,0.7878950708870073
robot3,3502,1722895960634722456,-59.173370521122855,72.12421046939791,80.91875865979607,-0.029460183982701012,-8.259387181606219e-05,-0.5722344092195472,0.8195607797125931
robot3,3503,1722895961132403776,-58.89356258785744,71.81455287003203,80.61634503810667,-0.029729768213660433,0.005058764737355359,-0.5282822322534452,0.8485331065236118
robot3,3504,1722895961635642365,-58.58906833010637,71.46553732982017,80.33024822323809,-0.03393783832077269,-0.0012948324364339553,-0.4969323372793067,0.8671244424563292
robot3,3505,1722895962134525447,-58.31292232498934,71.2030138009388,80.07856955163874,-0.03731777244884727,-0.004459539358209505,-0.46880392866952797,0.8825023358791662
robot3,3506,1722895962634781690,-57.96959784521889,70.89142548311614,79.70777737628951,-0.02627317084048558,-0.0010989039229187905,-0.4279181318357995,0.9034348816324915
robot3,3507,1722895963135833695,-57.62973984533658,70.58071260566228,79.46630079987204,-0.028802757208149662,-0.0013162549776135942,-0.4007776145117723,0.9157215583114201
robot3,3508,1722895963633191422,-57.30270097747441,70.16709844798329,79.28043870736663,-0.02930979867309848,-0.00045792629818727597,-0.36756198292764825,0.929536935635988
robot3,3509,1722895964134664715,-56.89463591307796,69.72841017847766,79.14060305728998,-0.029410416436870288,0.005341675232339468,-0.3541719815237875,0.9347024667851456
robot3,3510,1722895964637067548,-56.54483604235824,69.32012130190807,79.01724436846155,-0.030418722280648666,0.001322501980527748,-0.3263461889166132,0.9447598199028823
robot3,3511,1722895965137325801,-56.211318737158685,68.87262968055018,78.97992989467113,-0.029721388419766247,0.0037531985893595856,-0.2926085911150544,0.9557629229973368
robot3,3512,1722895965635451172,-55.761383715423214,68.39874796131795,79.00128954580188,-0.025280873045184876,0.008905692599638474,-0.21980447069131553,0.9751756563622292
robot3,3513,1722895966133017962,-55.39857525485179,67.99170273020864,78.98191671379571,-0.02796224914861467,0.008480143528209076,-0.21507797694899153,0.976159650682111
robot3,3514,1722895966631665980,-54.99842004764687,67.57513599968293,78.9447202980449,-0.029770330913134798,0.006488518233731109,-0.21567377209689254,0.9759899848655982
robot3,3515,1722895967133543528,-54.54721498104158,67.10704493758782,78.9108211171719,-0.026303256584761008,0.007452329179367451,-0.17653477725099703,0.9839146679991002
robot3,3516,1722895967643151745,-54.09416626885412,66.54275222102059,78.9176930160905,-0.026177183897078585,0.009693489639314065,-0.1458927159422693,0.9889065207272218
robot3,3517,1722895968137736846,-53.65536066338665,66.0076840057098,78.85001465654614,-0.025891996343371648,0.012868319553994175,-0.14128831876554648,0.9895461696442548
robot3,3518,1722895968634801160,-53.26551420308515,65.5117181334246,78.78882629195611,-0.028031035817965122,0.009525063522852413,-0.1517411080456905,0.9879768065723626
robot3,3519,1722895969136207376,-52.77495902064057,64.88739943707085,78.68838232441136,-0.029382489997114136,0.012575150283171714,-0.16314407236407738,0.9860844520270005
robot3,3520,1722895969631476925,-52.38094819305823,64.3141376365397,78.59388009227987,-0.028262304860743083,0.015031276233319213,-0.16573615830402033,0.9856504596911528
robot3,3521,1722895970131037685,-51.950476141738,63.69484364741299,78.45446803901805,-0.027422173835299636,0.0137124219607803,-0.1710560719902753,0.9847841459433503
robot3,3522,1722895970644560084,-51.56759157262044,63.11566162426662,78.30930851577223,-0.028675957420382387,0.012439414315555225,-0.19075948102317347,0.9811390170802912
robot3,3523,1722895971134864455,-51.11757561929581,62.50129188776775,78.15925952513291,-0.02852523724748402,0.010663811549267618,-0.20056897859415376,0.9792061472381157
robot3,3524,1722895971635304765,-50.68810948122602,61.928728414228075,78.01516248324157,-0.02779087098530984,0.011841137105075282,-0.21151021917731955,0.9769088402432946
robot3,3525,1722895972134616569,-50.293630256974836,61.311930535617044,77.8425204504323,-0.029286000601802427,0.008200103117925526,-0.22860652976307153,0.9730437518566637
robot3,3526,1722895972633059787,-49.91922757620946,60.619237913887055,77.65423078834147,-0.028982299643423245,0.00671738551683448,-0.2439014071423,0.9693435957560163
robot3,3527,1722895973135221808,-49.53347915482084,59.994126999685186,77.49179128114754,-0.02887444715189294,0.005850849828213124,-0.2564911275379457,0.9660974771482811
robot3,3528,1722895973637044013,-49.097605274078354,59.27988961164366,77.29003229168312,-0.02986419699275336,0.010626985033346194,-0.2740374917550035,0.9611964679708854
robot3,3529,1722895974142508946,-48.693255665881765,58.53500669678376,77.11485362959938,-0.028536720716240447,0.008277901356410333,-0.2936147929602717,0.9554619224620066
robot3,3530,1722895974636016561,-48.22904098910742,57.83553746026288,76.82211967890741,-0.027889055388573003,0.004736962521286943,-0.30715989141583966,0.9512373851363363
robot3,3531,1722895975140440953,-47.70901762074187,57.08243730804578,76.5580636899399,-0.022641922608420722,0.004685454590638752,-0.3182222089151483,0.9477341481708027
robot3,3532,1722895975636833406,-47.182833268019785,56.397875466571506,76.39447468508828,-0.012594783290336831,0.005081455185206951,-0.2930819891964951,0.9559908461150116
robot3,3533,1722895976140081097,-46.71945587988021,55.638346659356756,76.16321555166076,-0.00998302368783874,0.005936242686747177,-0.2528982721109064,0.9674231567541322
robot3,3534,1722895976637502521,-46.35603757511021,54.862488491314856,75.93506980276483,-0.008888589025447825,0.006136032647737667,-0.2537890463756271,0.9671992876487412
robot3,3535,1722895977130803253,-45.98520196108846,54.07712735813431,75.75485774516314,-0.009288067804456776,0.009717742388635316,-0.2523162887142746,0.9675514393192658
robot3,3536,1722895977633695044,-45.62984841084298,53.223161741130404,75.53627569751683,-0.009401599516400464,0.005642604820408456,-0.2567194249122861,0.9664237723742515
robot3,3537,1722895978135723386,-45.29681278514895,52.356939020024235,75.32899143296547,-0.009464132503653643,0.0040830344039587884,-0.2621146611674548,0.9649816907211659
robot3,3538,1722895978635773376,-45.02875566977891,51.52279308664403,75.07898379555631,-0.009301512532760289,0.004788004163425653,-0.24933024136015158,0.9683620126915464
robot3,3539,1722895979130832241,-44.594689482793314,50.8286515383759,74.92804961901373,-0.0076087171306624315,0.0064616548521910485,-0.24489243518569742,0.9694988652025415
robot3,3540,1722895979638451191,-44.01542837865067,50.041369205722866,74.77531503323789,-0.00616644500750352,0.005244146111317521,-0.23509822247388218,0.9719379093734093
robot3,3541,1722895980144795468,-43.523287064084236,49.143464640645036,74.54308785342839,-0.0062382744230465755,0.005280343894014718,-0.2331574310365965,0.972404655610512
robot3,3542,1722895980636986493,-43.07933537576473,48.382047361263226,74.32135665036199,-0.0034380326521817736,0.004102255976960753,-0.22589281518742535,0.9741374582029384
robot3,3543,1722895981133004157,-42.62917283084992,47.68634481614417,74.2218057215298,-0.0032423398957363075,0.0058375954642524795,-0.21448742092184625,0.9767039244200317
robot3,3544,1722895981635469483,-42.15863542587734,46.931173818735445,74.10418416445685,-0.004334541648319131,0.002889453494170375,-0.207600655369237,0.9781997907878878
robot3,3545,1722895982135437508,-41.721083486101186,46.07551991805293,73.86442761650802,-0.005514021788362335,0.002785051611855922,-0.2067051299502625,0.9783837837492411
robot3,3546,1722895982635153621,-41.31476058816479,45.30096107216708,73.64440026480057,-0.006177932992633014,0.002345653117921186,-0.19100090534678818,0.9815676162201442
robot3,3547,1722895983135074389,-40.99269771968094,44.59596656681143,73.46721444150747,-0.006029561023747623,0.009690320431192225,-0.1854611270655799,0.9825853206879118
robot3,3548,1722895983635076509,-40.656535135759604,44.057841727734754,73.34935138337879,-0.004852870192032896,0.008659790834365279,-0.17807963416832565,0.9839660063071689
robot3,3549,1722895984132342689,-40.26397477172882,43.48606247082648,73.19969817004193,-5.7530790666542424e-05,0.013277471596087054,-0.15713917188406612,0.9874872080679391
robot3,3550,1722895984641965284,-39.789059280296144,42.79575172901062,73.06099471797097,0.001193225606852684,0.0065335139612669,-0.14272229376700157,0.9897404893555961
robot3,3551,1722895985134443668,-39.427508642572,42.26532079295478,72.93119330418945,0.0010122105968917525,0.0007156016935770726,-0.13757118252538633,0.9904911070183774
robot3,3552,1722895985634271674,-38.95483626811467,41.53696140009762,72.7833917000328,0.002271185011697463,0.0018669714661490179,-0.13542608309352286,0.9907830903654611
robot3,3553,1722895986135596446,-38.50734052826736,40.86005062295724,72.65160419997726,0.0031716722613379443,0.00014212362657457455,-0.13447810157051024,0.9909114796458526
robot3,3554,1722895986636530569,-38.11946883000847,40.23937330051014,72.52936162280389,0.0026120517589280014,-0.0006479609204838302,-0.13271052398332714,0.9911511863264478
robot3,3555,1722895987134889344,-37.65329042139518,39.57689255854123,72.36340836895855,0.0033348833458386176,-0.0008157904540406703,-0.11971863781553818,0.9928019242520618
robot3,3556,1722895987634884506,-37.19006489089516,38.902635913564104,72.23070564120037,0.0046086029788604465,-0.0044501445414987535,-0.11271565696901867,0.9936066312511131
robot3,3557,1722895988136987215,-36.82082915640014,38.479139380210036,72.12401326132563,0.004303314762327631,0.0082793618302228,-0.10912405123074882,0.9939843434847098
robot3,3558,1722895988635305483,-36.59157053435655,38.19179863310348,72.03351143728938,0.0003314398839486665,0.0007713623783911635,-0.10481904192493559,0.9944909570215422
robot3,3559,1722895989135155002,-36.25746224250568,37.737636670927365,71.93153221180906,-0.0002754226536495671,0.00186085793300128,-0.09581846789522357,0.9953970476952034
robot3,3560,1722895989636646940,-35.910835762112946,37.21978645557485,71.78990807086092,-0.0003165163750250581,-0.0031799624340594934,-0.08815009797084941,0.9961020770403162
robot3,3561,1722895990134612302,-35.4954485509423,36.72584535139326,71.63895697706505,0.00045644423715705834,0.011030001705230207,-0.08522155463041825,0.996300866880791
robot3,3562,1722895990633818285,-35.13480361330425,36.30351554350003,71.5449261927352,-0.00473592507993934,0.004560625805836419,-0.08466429296488431,0.9963878407541176
robot3,3563,1722895991132922822,-34.79756020053109,35.8216737503404,71.45685474195423,-0.0025463720624311677,-0.00883797256049034,-0.0860849193683019,0.9962453477370384
robot3,3564,1722895991650772853,-34.248423691086174,35.169293782295256,71.26828385826934,-0.0009029898563379154,0.004810031303700403,-0.0893256723614035,0.9959904479789753
robot3,3565,1722895992132694229,-33.78814846233239,34.5878909988081,70.99106922247921,0.0021120374368781827,0.0005057128258132122,-0.08426005620676454,0.9964414315354596
robot3,3566,1722895992639438249,-33.44854038060939,34.20812914370899,70.83922046659093,0.00578925091958449,-0.003031304855587442,-0.053911615872108416,0.9985243279153097
robot3,3567,1722895993136111395,-32.970700692836004,33.61381647765689,70.72533129270697,0.0022141759473336855,0.005613411680461375,-0.04662090236744604,0.9988944281037035
robot3,3568,1722895993632009491,-32.48512742078396,32.998546617889154,70.67330965216927,0.0054111214925630985,0.0022710540167437386,-0.03358588439153213,0.9994186062143752
robot3,3569,1722895994136384223,-32.07593713006237,32.41836522299211,70.42830349367308,0.0071504794198979284,0.0050279947488064336,-0.031420975850234116,0.9994680145905074
robot3,3570,1722895994637624667,-31.678722902444708,31.866201442160925,70.22756655010475,0.007248428695466294,0.0035348373380408586,-0.035759225188309325,0.9993278956480561
robot3,3571,1722895995132563087,-31.202852908560434,31.271313963404303,70.14054254340743,0.002673453202973784,0.003437771360890225,-0.037833093482057246,0.9992745825916017
robot3,3572,1722895995635868357,-30.7602700386553,30.704738704206182,69.98677989113557,0.0011116954848096035,0.008356125252577168,-0.041398422852808515,0.9991071563597231
robot3,3573,1722895996134490263,-30.383871242851715,30.2628207438996,69.89104247862319,0.0036458325051175783,0.002373044265113439,-0.033055439564976696,0.9994440527020143
robot3,3574,1722895996632378803,-29.97080003302976,29.72441518783553,69.79950921341539,0.0027801013325592593,0.004174069834250411,-0.019013236409575113,0.9998066538180435
robot3,3575,1722895997134224434,-29.50554843406133,29.126553885388287,69.71348809590076,0.003417164204185404,0.002814577635180838,-0.019329041426270156,0.9998033753189068
robot3,3576,1722895997633286794,-28.994770331620533,28.47214292147721,69.5420782057748,0.0038179327413342505,0.0036134416134641764,-0.02103459263695741,0.9997649285416478
robot3,3577,1722895998135395904,-28.556797762718634,27.852558499735245,69.40411119134235,0.0044123147768729346,0.00466086482592003,-0.018572859681030316,0.9998069097083963
robot3,3578,1722895998643250658,-28.03784298679075,27.21776569343196,69.31259798584098,0.007276154492279146,0.001511436345399635,-0.012491647462960697,0.9998943603599529
robot3,3579,1722895999135331290,-27.57340452610775,26.73519927638893,69.20908128264976,0.007604227233407055,-0.0005635402945946062,-0.01652306179387683,0.9998344095796438
robot3,3580,1722895999635502860,-27.09329229472229,26.09228639057065,69.13502429627249,0.004421045145706826,-0.00026685472203921175,-0.02323227230515779,0.9997202832152181
robot3,3581,1722896000137180016,-26.62659047930921,25.445733662412525,69.04147718309036,0.002626499154681778,-0.002141898372273655,-0.03568458976218271,0.9993573554174993
robot3,3582,1722896000635851387,-26.055930295026325,24.625801420733524,68.80150644763468,0.0027707543783526286,0.004868634434661193,-0.047894511186281456,0.9988366909145576
robot3,3583,1722896001132742342,-25.35075444739715,23.872411617035738,68.60878016367681,0.0036252336247555236,0.001871587313502366,-0.059494030446484915,0.9982203239682744
robot3,3584,1722896001636856814,-24.722944940718982,23.06746429018534,68.38581055634207,0.0004890867843085801,-0.0015222848685155057,-0.07201075561966465,0.9974025739479428
robot3,3585,1722896002131849246,-24.207413693356276,22.226807737009356,68.10572302097947,0.0006337405822823838,0.003494676950151938,-0.07222880824685206,0.9973817648549266
robot3,3586,1722896002635838882,-23.677526326417002,21.448954609365853,67.84131312825122,0.0005785320763847364,0.0026355303837325953,-0.05209291055980716,0.9986385972661186
robot3,3587,1722896003135570664,-23.09542314972109,20.606584671072643,67.62508901237314,0.00013050020348786352,0.008326188484354437,-0.05737048424827115,0.9983182283681585
robot3,3588,1722896003634192206,-22.598966057120276,19.858842274296993,67.4020073046298,-0.0042444914611648905,0.004566735157816892,-0.08176074266139208,0.9966324850122497
robot3,3589,1722896004131848344,-22.12609636158928,19.128149601289707,67.1180989061763,-0.005054392207770708,0.002174832097979332,-0.1009426106329449,0.9948770339008541
robot3,3590,1722896004635047179,-21.701128133752807,18.51436180113293,66.94958681627432,-0.007973949652537265,0.0027829346921927726,-0.10468709298320904,0.9944693479258989
robot3,3591,1722896005135188882,-21.374489420552834,18.0580320542956,66.80397300227915,-0.010318638416624178,0.0034115992476333877,-0.10889102117481259,0.9939942817739482
robot3,3592,1722896005632552499,-21.069604908585408,17.63753576118285,66.66908897365795,-0.011612268969131055,0.0023402885672998523,-0.11240846148084373,0.9935914734166753
robot3,3593,1722896006137642332,-20.691271082974236,17.117612035860574,66.57428191318824,-0.011299341872550769,0.005856281653324848,-0.1102760171340039,0.9938195152458544
robot3,3594,1722896006637674203,-20.341650629147004,16.563881934931704,66.51691603613209,-0.012954746911359923,0.007314117867718044,-0.11925450017264543,0.9927522563061
robot3,3595,1722896007134797680,-19.97634613691265,16.035560068630407,66.38694629969369,-0.015554715026607492,0.009161857173789142,-0.12809600744887753,0.9915974607113641
robot3,3596,1722896007634388616,-19.62921818690071,15.580010078513475,66.25807544349725,-0.016608890395695082,0.006562388548114738,-0.13052098747281451,0.9912846975745611
robot3,3597,1722896008130669824,-19.347501842596515,15.260593435944415,66.15769983823431,-0.01777336977595218,0.008343866428550189,-0.1312779912444559,0.991151136928496
robot3,3598,1722896008632545888,-19.113902287885608,14.89664501741449,66.07589505139867,-0.020132345026987977,0.008346251315429938,-0.1341967429520936,0.990715026106773
robot3,3599,1722896009136926077,-18.898814462015075,14.503617980986178,65.98823995406056,-0.0196056463081873,0.007460225830857125,-0.13707694725485947,0.9903382625116932
robot3,3600,1722896009632436794,-18.577090930551492,14.04823313803621,65.93408771653512,-0.020150006690010717,0.009481226411240136,-0.13507252189195074,0.9905854316543727
robot3,3601,1722896010132549717,-18.36591535883567,13.728897321692006,65.86176207724492,-0.0205188789350865,0.008823380020544834,-0.13218493078903668,0.99097339401447
robot3,3602,1722896010632778476,-18.171322983838625,13.408850256648554,65.77080855061706,-0.021092366403467573,0.0062175368867505385,-0.12669326113409615,0.9916981758064152
robot3,3603,1722896011134509461,-17.93546932269278,13.03880479419437,65.72160802711461,-0.022044110536537948,0.008668013764898189,-0.12091986784928964,0.9923796190406848
robot3,3604,1722896011632338723,-17.72063577036296,12.723344613943581,65.68179439029294,-0.023472416019081635,0.013153597748833953,-0.12794702410310213,0.9914159508378152
robot3,3605,1722896012130747453,-17.5515565644111,12.391868354301907,65.64497353005905,-0.02402680155745895,0.016300282881009966,-0.13289472932587498,0.9907048018972756
robot3,3606,1722896012652333933,-17.38895142179856,12.12487358186883,65.60770514045319,-0.024378403405381877,0.015492672957814764,-0.12126708624038704,0.9921995587213255
robot3,3607,1722896013134522727,-17.198870815847986,11.790203538062809,65.5567416435747,-0.02465467344176452,0.01699627120838386,-0.12399157532620243,0.9918313178613678
robot3,3608,1722896013634004075,-17.022179290256677,11.487305571164645,65.54893472033395,-0.027083435971105862,0.01733750968964257,-0.09914350185322454,0.9945533994180706
robot3,3609,1722896014136886737,-16.842934557536438,11.09391205851397,65.68406240107684,-0.02566006194657384,0.02104735824161477,-0.030132241154643528,0.9989948037777502
robot3,3610,1722896014641204643,-16.577585456449015,10.505905115906627,65.83135718946293,-0.02516107786120998,0.028137015642429864,-0.023187658931674845,0.9990182986236379
robot3,3611,1722896015137740353,-16.32766937635727,9.992718374535876,66.0288598774408,-0.0190312173927782,0.04499818095464578,0.03909258225391696,0.9980404533324501
robot3,3612,1722896015636476259,-16.15456706889147,9.558313076757416,66.2986960890532,-0.014032386114325376,0.04546429563776267,0.12800392807853692,0.9906316592753157
robot3,3613,1722896016133444265,-15.973087428305679,9.086366078688064,66.86196389458628,-0.00422711755288024,0.05053915714248109,0.25856317028129255,0.964662123256951
robot3,3614,1722896016637345855,-15.89126634199283,8.722704963706441,67.5545297250886,0.0034332573260907767,0.05755440185892707,0.37669711702237857,0.9245404185852679
robot3,3615,1722896017136187485,-15.854333212355185,8.448480970836012,68.23516119063811,0.02662753707617205,0.05992898295458253,0.4760225056330524,0.8769846437664214
robot3,3616,1722896017633434889,-15.88037767728145,8.335470577262186,68.88809608505103,0.015535872946785505,0.05897602471228695,0.566032615505415,0.8221238004978425
robot3,3617,1722896018136814078,-15.923976553378013,8.250146821648526,69.52983674260109,0.01917653271842752,0.056877876436672345,0.6110602736463218,0.7893050802675959
robot3,3618,1722896018636651777,-15.966234455535652,8.123861117195176,70.28725464529846,0.013564933563746584,0.05925615913083614,0.58297075644048,0.8102158954980373
robot3,3619,1722896019131329256,-16.023432546695005,7.991032429309328,71.14782108647321,0.014322748213457274,0.06661353409776613,0.5795809826107372,0.8120611926170292
robot3,3620,1722896019635965514,-16.07249751567302,7.907156458081629,71.9742678091966,0.019777492988835372,0.0625231603899392,0.5839358471003585,0.8091468541971336
robot3,3621,1722896020130785730,-16.134043145915665,7.826362358125742,72.65408057018826,0.020826172413310813,0.05528242903649412,0.5831896568906656,0.8101851317311272
robot3,3622,1722896020630753213,-16.159047111770633,7.686049864729275,73.3885085932356,0.01723288543747118,0.05793643587951742,0.5645716782020477,0.823167794091339
robot3,3623,1722896021132978085,-16.15822471568141,7.511404595758844,74.0830485042635,0.016163654956654634,0.056324474384946234,0.5263404309110281,0.8482523449022084
robot3,3624,1722896021637768576,-16.18540309820413,7.245766563683875,75.0286561732897,0.01396361478904289,0.05899125995433156,0.5061128926292168,0.8603341145308087
robot3,3625,1722896022135095060,-16.210309527995577,6.921706410571419,76.10383119615112,0.014065855559990969,0.05747050590024394,0.4880530291511265,0.8708062547980148
robot3,3626,1722896022632987185,-16.158325825642127,6.558975182993767,76.89907898002731,0.015280515784548825,0.05838926891482193,0.4717237946546993,0.8796782711136623
robot3,3627,1722896023140718895,-16.04597831401367,6.166065684765453,77.647963265164,0.010865745504400375,0.055235610338316296,0.45639543427956364,0.8879944653509704
robot3,3628,1722896023638031611,-15.984503597098444,5.861882918860044,78.42349097665463,0.005863738830720986,0.05488152228630188,0.44101042854701905,0.8958032356445459
robot3,3629,1722896024134676135,-15.976246132313774,5.572401444073906,79.156373195375,0.013293355025016928,0.05376715758804607,0.4644887501144365,0.8838453374285625
robot3,3630,1722896024634640074,-15.985310293339815,5.396923071806831,80.06050379256743,0.014985053689337412,0.05673545560146239,0.5115413587756973,0.8572525733443648
robot3,3631,1722896025134579770,-16.02842287430792,5.2701440548655265,80.96113338614445,0.016484785803601833,0.05796923652940424,0.5469948813696272,0.834963723289003
robot3,3632,1722896025634564870,-16.03443095342796,5.090604693197842,81.75844075060404,0.018158302367813767,0.05805411231234994,0.5545814994360544,0.8299032212143785
robot3,3633,1722896026135019822,-16.030711620905848,4.955932556747458,82.7029170238569,0.012215022753921834,0.059965286484373374,0.547603287199857,0.8344972123883213
robot3,3634,1722896026636751656,-16.013360140625466,4.793272441324045,83.56982625780947,0.013201587389030586,0.058381190000363264,0.5455626525647195,0.8359298695890095
robot3,3635,1722896027133411617,-16.030209985407385,4.656205045013654,84.29354627669831,0.012015481220204212,0.05792884886769573,0.5409155366730005,0.838993598822822
robot3,3636,1722896027633821530,-16.10396557816782,4.4585520001104255,85.14528405680437,0.009569218967184635,0.05457953084349831,0.518952680279805,0.8530050530282152
robot3,3637,1722896028132729544,-16.08541732697381,4.175263183421771,86.21365846372767,0.010968755317595204,0.05267507013297829,0.49758743591551635,0.8657434764480125
robot3,3638,1722896028631201777,-16.037175475835657,3.856627686638399,87.27642729931529,0.010700071149466367,0.05616734793224049,0.48028945283757707,0.8752444110056549
robot3,3639,1722896029135613116,-15.947279510095695,3.6034855495217557,88.18703661664166,0.008765739462846126,0.05388435165208625,0.46073245550528114,0.8858584779200219
robot3,3640,1722896029631666531,-15.90471305486413,3.3093383044778104,89.03509943486698,0.010182305372568512,0.05265702087368804,0.44077096875129607,0.8960159105261757
robot3,3641,1722896030130743441,-15.850884330166071,2.987391800142412,89.88720511039689,0.006746949549913485,0.056724491853471386,0.418713335560937,0.9063200060239046
robot3,3642,1722896030633440007,-15.792623300799466,2.6905378515013854,90.65272254232643,0.004475749295127961,0.05592022456924972,0.3936300740128407,0.9175555901333812
robot3,3643,1722896031133326885,-15.741347718332081,2.2967260179383695,91.24118692540662,-0.0029185786833830192,0.045920590261861516,0.315480454531935,0.9478158387032761
robot3,3644,1722896031634116648,-15.622894061707195,1.7450573266948408,92.00210411133264,-0.012785093362690042,0.04401944126910374,0.27029137424722477,0.9616867489913803
robot3,3645,1722896032137044791,-15.43566361103046,1.1355765644305105,92.76681801285267,-0.016180537151232816,0.03604789566717102,0.22914458469014978,0.972590098007709
robot3,3646,1722896032634559031,-15.233635230603804,0.5990989877233834,93.59399957119625,-0.019735229288980794,0.03605368495435494,0.19988669974397535,0.9789565668565615
robot3,3647,1722896033136794296,-15.153048333383511,0.17800102333809875,94.41830035380981,-0.016655526157709655,0.04221678886207622,0.2438018876237135,0.9687626003194482
robot3,3648,1722896033630922305,-15.079557972464547,-0.14857004879267025,95.1788890902635,-0.017282232327444687,0.04638180353248837,0.25670026091930015,0.9652227871278304
robot3,3649,1722896034133973003,-14.909143298648663,-0.5949350543884254,96.06531203914966,-0.014319178990625788,0.03965741598580093,0.27878452315082647,0.9594276627875234
robot3,3650,1722896034631213952,-14.780598816226481,-1.0566727516374845,96.8991708754011,-0.017820861246417914,0.03810251294288094,0.2748402864965354,0.9605693271859016
robot3,3651,1722896035132164172,-14.838217655029213,-1.3002747628820144,97.70115879816625,-0.019235082794987736,0.040108084112343505,0.3035147805856135,0.9517878603684616
robot3,3652,1722896035633019538,-14.874385938439733,-1.5226022168680058,98.49873699547109,-0.020839236134844768,0.03918198373378522,0.3221053077612924,0.9456630843487571
robot3,3653,1722896036131232609,-14.813531918947652,-1.8236137835600503,99.31831381355865,-0.02392387711522626,0.04325858293015261,0.3189567811944203,0.9464792204991852
robot3,3654,1722896036630904854,-14.73065136205633,-2.1337974507588844,100.09479435120602,-0.02261019561174458,0.051769380004577294,0.3143580032274744,0.9476221589616693
robot3,3655,1722896037134243082,-14.680383678397153,-2.3457151564154692,100.9242649649163,-0.02291185458871759,0.044862819737728314,0.31016750348328537,0.9493463509738855
robot3,3656,1722896037631499697,-14.61955773995408,-2.6069860402491494,101.77047025464735,-0.015285247138518062,0.051727408119454275,0.32041985466598144,0.9457387341147602
robot3,3657,1722896038134776920,-14.619493074742136,-2.729745649997079,102.56336359865634,-0.01728041132635895,0.0500630026545675,0.3399202789947666,0.9389618134289173
robot3,3658,1722896038632334983,-14.620593523106468,-2.8506201752358886,103.36475543015321,-0.017441774841863475,0.05177547731237434,0.34844653257529584,0.9357350577891664
robot3,3659,1722896039137828604,-14.59151547539317,-3.0537066649405213,104.0629230753433,-0.01691405187185491,0.0473021615560648,0.3471610356862499,0.9364590944951362
robot3,3660,1722896039630978424,-14.555459509371982,-3.2516999441179846,104.66271803995949,-0.015297178744707892,0.04576850291786542,0.3476885819327407,0.9363673907482627
robot3,3661,1722896040132308404,-14.499366923284626,-3.5027466841981423,105.36379665766744,-0.01695480590425838,0.040669063155684845,0.35375539387709204,0.9342995682122792
robot3,3662,1722896040634727836,-14.504334577688788,-3.6693773622486408,106.30074772847469,-0.013144325421019648,0.04811011349233153,0.441105240876683,0.8960685298346911
robot3,3663,1722896041134947601,-14.567559102027293,-3.809859811284442,107.46613921482017,-0.007088251247415021,0.05166049578177827,0.4852040705142358,0.8728447512738168
robot3,3664,1722896041631618076,-14.666895111190392,-3.867703155661215,108.54369394545745,-0.008587680071472825,0.04846665987470906,0.48650876337699506,0.8722880589512654
robot3,3665,1722896042132633583,-14.763435210758203,-3.8532918633595092,109.63143916114281,-0.019393804882646273,0.06071592378619461,0.4809839129466114,0.874409476399661
robot3,3666,1722896042633791383,-14.882456341349421,-3.857030707740112,110.70176211801996,-0.025781828380742652,0.03915212169185143,0.4724581241249909,0.8801055218782956
robot3,3667,1722896043137590851,-14.918597207270727,-3.9192709104225694,111.81936074854026,-0.02523594464088869,0.05229275966036887,0.4584530891831104,0.88681981225255
robot3,3668,1722896043635546390,-14.955217896865395,-4.05096945226273,112.86623576709951,-0.02140744880323953,0.05887688319935882,0.4438393182630134,0.8939138064289471
robot3,3669,1722896044136730918,-15.020805278225696,-4.115494221344641,113.95821911213494,-0.01268725682410939,0.038439080156733134,0.4304691139871974,0.9016971844993532
robot3,3670,1722896044632827668,-15.077804849642831,-4.170897522734417,115.02730076808972,-0.021307293413017465,0.05096741239714935,0.4144045210866158,0.908414671294956
robot3,3671,1722896045134745492,-15.028249924485747,-4.300296530292326,115.97190096213023,-0.0246295606332953,0.054066990262732276,0.4004401487093938,0.9143947903441593
robot3,3672,1722896045635087861,-14.987037657568607,-4.510390323061727,116.9529073611711,-0.038367497505618735,0.05159934041896387,0.38882611489913843,0.9190645763905418
robot3,3673,1722896046131974984,-14.870836236166078,-4.831661064145681,117.87529613636484,-0.04779379763549648,0.04573454013119097,0.3771984979465341,0.9237669608150337
robot3,3674,1722896046632907560,-14.72249600382053,-5.109589701084724,118.89340657781662,-0.040690911249787305,0.05114867268981446,0.3663741477613466,0.9281691908676344
robot3,3675,1722896047133711713,-14.661636068824906,-5.286370942347002,119.91046100295162,-0.019526703017949124,0.051492435075407975,0.3834885081188289,0.9219022730962587
robot3,3676,1722896047634291386,-14.694903380797744,-5.368238998727257,120.75173072866234,-0.021908208930096616,0.049129295877248416,0.38573050692234506,0.9210419744493255
robot3,3677,1722896048131317731,-14.701070195960977,-5.453411903754823,121.41263778011134,-0.020907171202081243,0.052602423018990145,0.3859441632420845,0.9207838932910508
robot3,3678,1722896048631055619,-14.599593859629579,-5.696851690107613,122.11130860059467,-0.019265907235824258,0.0568634236332214,0.39233431525869367,0.9178611882749925
robot3,3679,1722896049132509238,-14.55274076388574,-5.848686057070653,122.8593399114343,-0.02043157585625129,0.05910662995023635,0.39902359496622647,0.9148055135733415
robot3,3680,1722896049631331784,-14.378393995771107,-6.1411856925246315,123.68240060178071,-0.02014016244311895,0.05760651915300003,0.3979006928450316,0.9153965815105952
robot3,3681,1722896050135380051,-14.225526225539436,-6.473373861641689,124.6842307099804,-0.020170578071115268,0.05604668952242412,0.39485713821110896,0.9168095531666253
robot3,3682,1722896050631694998,-14.208055045157874,-6.652770703169865,125.62293981167116,-0.019257445208238664,0.057411412177359164,0.39264084665753096,0.9176961621865434
robot3,3683,1722896051133941640,-14.152385196587742,-6.84430504596423,126.67990324782309,-0.01888696675777641,0.0527060519874472,0.3889256668540118,0.919566300074524
robot3,3684,1722896051633115110,-14.058301260097165,-7.087782664994413,127.73539455203112,-0.019323382650147,0.05670026580935034,0.3850418369356559,0.9209530229872318
robot3,3685,1722896052135078441,-14.101315955279214,-7.142097328003108,128.63546482179748,-0.01854217727827486,0.05733732693759793,0.38267515500495947,0.9219155841742575
robot3,3686,1722896052632117161,-14.256332286634091,-7.066599127176631,129.40017974936146,-0.013493667807319665,0.05934890634880251,0.45448683663642037,0.8886716736616097
robot3,3687,1722896053136960328,-14.428630767424165,-6.966041067635199,130.2689178015473,-0.007395574305830499,0.06343903252939144,0.5604721286529551,0.8257068412188718
robot3,3688,1722896053633475409,-14.426035678623904,-7.061217224151884,131.04728726763193,-0.011628705227223077,0.05419480722083906,0.5100762288018673,0.8583413871509981
robot3,3689,1722896054133049984,-14.338409212295419,-7.267532972790058,131.9084777338388,-0.017298096229576086,0.05218979054189794,0.49164604665127853,0.8690576312547944
robot3,3690,1722896054635546677,-14.38674949273657,-7.331338823433867,132.7124198821864,-0.017064171281318825,0.05484410860998896,0.4769859094950421,0.8770321430554555
robot3,3691,1722896055134318477,-14.484431116087363,-7.337716413806969,133.5392496093988,-0.020574085759423762,0.054208748266898435,0.4551827582725327,0.8885081739510949
robot3,3692,1722896055636215236,-14.498141163236596,-7.388526547361526,134.28938937507837,-0.024342079356600856,0.05439625973739165,0.43984165601293085,0.8960958808827221
robot3,3693,1722896056134368074,-14.52327663072661,-7.402845506723865,134.95752420930248,-0.025163751877562056,0.05632540981685001,0.42662824392633536,0.9023206610095658
robot3,3694,1722896056636118443,-14.529493771153373,-7.446662288808031,135.54383294213295,-0.024067533614567847,0.05367742654590958,0.41914000909418053,0.9060138743317624
robot3,3695,1722896057132304437,-14.485769286015923,-7.577197222723342,136.11266323801607,-0.028198026114986417,0.05350367339540434,0.4125598228878697,0.9089205800261901
robot3,3696,1722896057632212266,-14.392052514994809,-7.754517455924643,136.66097243733907,-0.027579042994035956,0.05138746271304868,0.41331555727765296,0.9087183145374101
robot3,3697,1722896058134742182,-14.269848049126187,-7.9066816960084685,137.27405198801844,-0.027764720021178326,0.05113480673713622,0.41437318077489177,0.9082451315127432
robot3,3698,1722896058634531287,-14.271091380345071,-8.008978425758338,137.8207779230507,-0.026331008738775835,0.04903135353531719,0.4219243475365765,0.9049212392828049
robot3,3699,1722896059130788752,-14.24949312777825,-8.121295124344867,138.3651058437058,-0.026937321643190695,0.05623165105954034,0.4287758395673245,0.9012567123329208
robot3,3700,1722896059633105481,-14.213373157656061,-8.211411461024554,138.9083489180788,-0.027885026439069767,0.05689164503377679,0.44681008556565505,0.8923824928037614
robot3,3701,1722896060134931247,-14.15729308279864,-8.332656772021389,139.4780137896817,-0.028405671182732437,0.053810722898872954,0.44712409532982245,0.8923998920446187
robot3,3702,1722896060635706069,-14.12160232148399,-8.460462977071069,140.10388812196118,-0.03219572137359056,0.048236336772568,0.4438737567208224,0.894210701923513
robot3,3703,1722896061141841833,-14.089577654912375,-8.590871903435813,140.7620313174034,-0.03118926203061829,0.05039756265673755,0.441699774015888,0.8952031195469323
robot3,3704,1722896061635034564,-14.03574036992129,-8.722210985800867,141.4564624791169,-0.034380766051604124,0.055932510456715726,0.4382267343442561,0.8964635221277455
robot3,3705,1722896062134272840,-14.03797241229748,-8.759513943408173,142.1136931564022,-0.03130156324756013,0.04419617512644264,0.4360257180229175,0.8983031133559826
robot3,3706,1722896062632247366,-14.042883218692625,-8.869882846695571,142.8646307893898,-0.03326357211723822,0.040213032898910414,0.4319270813169068,0.9003973807048367
robot3,3707,1722896063138130456,-13.949791398263022,-9.079844337777018,143.6307511743568,-0.036504288052823936,0.03920465251661195,0.4259874745396263,0.9031417960155312
robot3,3708,1722896063634721760,-13.983694783744792,-9.111306983052769,144.24889927456434,-0.0366471211029582,0.03861336621676925,0.4233106942426062,0.9044191796971786
robot3,3709,1722896064135100781,-14.064058770940944,-9.185564965582996,144.89498197413658,-0.03420992485436147,0.03044370379961003,0.4197720793750808,0.9064735315041147
robot3,3710,1722896064631793830,-13.947430967916322,-9.4147042923941,145.56169301067743,-0.037555503200220164,0.03883187173797752,0.4149493880232999,0.9082393271026049
robot3,3711,1722896065140464773,-13.909271344918002,-9.540160594999067,146.24563115149567,-0.03572626436991846,0.038336415067685245,0.4314013244670838,0.9006369138348566
robot3,3712,1722896065638022446,-13.981898168171284,-9.538979315601104,146.928936130345,-0.04017441396808466,0.04083469171055565,0.45271960939709566,0.8898109347960195
robot3,3713,1722896066135778265,-13.9839215638999,-9.65597181756851,147.55736260198702,-0.043285293836106395,0.04246135866951228,0.4517920657516564,0.8900603045194814
robot3,3714,1722896066635118865,-13.923565937865826,-9.828217144970608,148.17575873138665,-0.03486763541581594,0.039177815835906994,0.44969254967731775,0.8916422811372006
robot3,3715,1722896067137159455,-13.885344714388324,-9.961009152689735,148.7750615445381,-0.03410940540309409,0.04106038547200105,0.4462695074101542,0.8933051662023659
robot3,3716,1722896067635035134,-13.849218878881654,-10.056503248726578,149.43172469936303,-0.03049438141150669,0.04302319279576991,0.4425135780735801,0.8952099367212727
robot3,3717,1722896068135958005,-13.795394096187861,-10.220695183462384,150.1106518344226,-0.026367899208582377,0.042031191484731306,0.43995828704169493,0.8966464289211424
robot3,3718,1722896068645719740,-13.799379970761914,-10.314019399046716,150.82748013098725,-0.028640525259245684,0.04420064778770649,0.4426842846332734,0.8951294024814226
robot3,3719,1722896069130302918,-13.77474802198269,-10.423610517477366,151.5046782597785,-0.02760185232741771,0.04461816759582878,0.44191204301916553,0.8955228099289895
robot3,3720,1722896069633698317,-13.729234344007203,-10.544316120902373,152.1740405418726,-0.02252445074207701,0.0450178192639297,0.4419709299105997,0.895615845204543
robot3,3721,1722896070138207610,-13.711913234894034,-10.648833913576468,152.8242929490076,-0.0248295793447708,0.04479951088886179,0.4410425812942743,0.896023402204967
robot3,3722,1722896070634594822,-13.584774212227915,-10.860711651160443,153.59271092288884,-0.0254976432345786,0.04649284531460508,0.4401860993381593,0.896339491193761
robot3,3723,1722896071132057774,-13.510956224148599,-11.035569575355614,154.3423071614654,-0.02410204561972426,0.047129548497350904,0.4447551166166011,0.8940865636495909
robot3,3724,1722896071631902750,-13.51008013496221,-11.126586706972237,155.12340865791091,-0.024808778530355836,0.04156232587420078,0.4462356883163862,0.8936055103056154
robot3,3725,1722896072136079468,-13.54402559139196,-11.205120104292588,155.91567265384094,-0.025612829870240873,0.0479231130040469,0.48007294296411535,0.8755440180937863
robot3,3726,1722896072633968543,-13.554849847789335,-11.339633585215138,156.7443434795156,-0.024366901561444932,0.04812497914196058,0.48025077683441164,0.8754709771550538
robot3,3727,1722896073137709409,-13.552973584108965,-11.459946439670246,157.578748786475,-0.026689494372826004,0.04721199408875416,0.47913602711928793,0.8760635627742038
robot3,3728,1722896073635840846,-13.585362654998676,-11.502015453455536,158.29122629742525,-0.025387204691286344,0.04631258553651617,0.47788011543682485,0.8768359193879849
robot3,3729,1722896074137724060,-13.637435567371117,-11.492059894814938,158.94014173521012,-0.02468018458958865,0.04802777216863036,0.4776256665900766,0.8769024713179493
robot3,3730,1722896074634267697,-13.616864413511324,-11.610953340545507,159.61529104471904,-0.023749839341490827,0.049258617600504526,0.4763378083510979,0.8775601552364449
robot3,3731,1722896075135982544,-13.506601980802907,-11.765989758762533,160.2779528154018,-0.022203011474747437,0.05127711832715893,0.47594476857468443,0.8776982742855912
robot3,3732,1722896075637617506,-13.505401583429382,-11.836342096578587,160.9001244284492,-0.023489552023844645,0.04792253807529041,0.47625771184280147,0.877684603488292
robot3,3733,1722896076143336559,-13.508553611965123,-11.925298810175557,161.5084379770148,-0.024798884714463284,0.04721086726199685,0.4747302190727052,0.8785142960865635
robot3,3734,1722896076633530718,-13.369663731006863,-12.11430286468101,162.23581273526713,-0.01997311916392157,0.051612805774362204,0.4726589875897918,0.879505926211731
robot3,3735,1722896077136666428,-13.276950989425016,-12.285720433932763,162.91902227218262,-0.016019615161177638,0.050777629447580803,0.47020814315250037,0.8809479589571961
robot3,3736,1722896077632883140,-13.264998680772814,-12.40086776403088,163.63597833449015,-0.01527734101102299,0.050015077175419774,0.4672658914653541,0.882568797080351
robot3,3737,1722896078134991711,-13.261981700346333,-12.48166671042241,164.39965965069246,-0.015582697966537504,0.049845163250265986,0.46562002902211536,0.8834424869781181
robot3,3738,1722896078636029345,-13.210225657394291,-12.614010939701531,165.15204767962442,-0.015499779810389552,0.05119287447734204,0.46330297749858884,0.8845843077228528
robot3,3739,1722896079136299399,-13.054811492363084,-12.805831209266405,165.91760970548455,-0.01723610508105126,0.05657941923529794,0.46074871493859926,0.8855576252752053
robot3,3740,1722896079634995181,-12.989381631892352,-12.972345020042019,166.71224110347794,-0.0191825663098125,0.06251040089763706,0.459855282983273,0.8855831963411231
robot3,3741,1722896080136515008,-12.964149686311114,-13.125814170871749,167.47589905194164,-0.03198295118089404,0.06058021768701253,0.45774802870370773,0.8864388700167791
robot3,3742,1722896080636304771,-12.882266472316966,-13.27099388067498,168.23364879591102,-0.02843756307603123,0.051012876683617196,0.4543628229563548,0.8889001161738539
robot3,3743,1722896081131059348,-12.684370463212769,-13.42374895709677,168.91956728430105,-0.01804691242458466,0.044107214262113,0.4486317767056389,0.8924451756449341
robot3,3744,1722896081635109664,-12.465894801488034,-13.554276676570622,169.64731407218423,-0.014536807489911334,0.0543736215387402,0.4448513378986297,0.8938341443906482
robot3,3745,1722896082134960711,-12.186788062996435,-13.800112204360076,170.62536398599207,-0.0044397962018944805,0.0500618033558715,0.4797063924287575,0.8759885165442699
robot3,3746,1722896082636687580,-11.99460910491828,-14.009911273664152,171.94463150583533,0.0009385608895696732,0.053828860186590756,0.564654216291982,0.823569783890932
robot3,3747,1722896083132764578,-12.077852547201568,-14.006870479133342,173.6497213184632,0.005986557192849882,0.05618853059504185,0.6622815736759299,0.7471212266639737
robot3,3748,1722896083631679126,-12.187354728394356,-13.939369286036458,175.33786317159326,-0.007565299604057123,0.05770928583575606,0.6111021414257252,0.7894090050886935
robot3,3749,1722896084130234071,-12.561667091988832,-13.588452520945813,176.19414126673033,-0.0045575824354846094,0.06007007959860738,0.5953259212255084,0.801222729018817
robot3,3750,1722896084632743047,-13.040560655911236,-13.116344489435773,176.6919091744563,0.0014292628183971317,0.05431784094872991,0.5929264297545884,0.8034212956232499
robot3,3751,1722896085135165678,-13.358429127597022,-12.810389769197517,177.19424860844342,0.009422979768115305,0.05632097632710497,0.7106187284567083,0.701256142821168
robot3,3752,1722896085635160186,-13.495553768896809,-12.562557065640421,177.1981477615468,0.009303434701336386,0.053941082193916,0.7040311001795946,0.7080565060321222
robot3,3753,1722896086131338120,-13.515443475972296,-12.342904823301662,177.01755898179616,0.0070125462844774205,0.0545208377785267,0.678604127594457,0.7324443599716647
robot3,3754,1722896086630291023,-13.550723480237407,-12.195115193518909,176.63579075068873,0.008258950867190798,0.057014400181924156,0.6981202356384154,0.7136590814209766
robot3,3755,1722896087139094285,-13.492262639419167,-12.145070417983481,176.09306316795582,0.011466701111997704,0.05908395044254045,0.7804970652770337,0.6222555203930692
robot3,3756,1722896087632435357,-13.188281327493511,-12.345539975623435,176.02494332514672,0.00923309555292159,0.059734362447078214,0.7785070673360411,0.624718578239345
robot3,3757,1722896088131818397,-12.822443959151475,-12.579774272553784,176.16748639413265,0.016701700318607456,0.05947733145611553,0.8225777549641043,0.5652869512800917
robot3,3758,1722896088634138569,-12.818060811852611,-12.441264478272567,176.6216470556976,0.020281672061888495,0.055781779434857404,0.8867476252669152,0.4584274162230499
robot3,3759,1722896089131476838,-13.307146478184464,-11.923385533461566,177.00830652428436,0.025302145717866636,0.03774729234048778,0.9351705061649114,0.3512706474248836
robot3,3760,1722896089636074253,-14.062853744033221,-11.141320401173644,177.3958438038394,0.023800491645913392,0.056622396125911696,0.9610881425511362,0.26932698175634057
robot3,3761,1722896090135201856,-14.844909071261885,-10.219643245636641,177.71349572551665,0.026198729967898744,0.05652260778372218,0.9604931894996138,0.27124095244312896
robot3,3762,1722896090632713136,-15.693931126388147,-9.255892476951038,177.84811287648628,0.027428235991450205,0.05866430638526961,0.9606425706908973,0.2701333789133006
robot3,3763,1722896091135717950,-16.57130398755145,-8.4262836514217,177.619104360697,0.031807990001270325,0.055744408675460363,0.9575929276532962,0.28088538157385734
robot3,3764,1722896091631980699,-17.147102018339442,-7.744298761916407,177.22102394103757,0.032451232822399756,0.05241874028791291,0.9551995047357531,0.28947037725388525
robot3,3765,1722896092133029986,-17.58020819705729,-7.0476595879201,177.2954163695376,0.03372616977145481,0.051176363576129855,0.9504006525806677,0.30492970478113773
robot3,3766,1722896092635238406,-18.135101881044633,-6.323158888296745,177.73640289130543,0.036583377016034486,0.04957961279454263,0.9452368145119437,0.3205165877338635
robot3,3767,1722896093134005669,-18.59305177623969,-5.565954642317925,178.08239946582773,0.029339467020862972,0.051497322962277894,0.9412885905056446,0.332359761082095
robot3,3768,1722896093633321280,-19.202017872142818,-4.777699225451378,178.18589505668325,0.03287652035442081,0.04960812832293914,0.9543251600523458,0.2927826103182099
robot3,3769,1722896094138789385,-19.783295707518636,-3.97181425482521,178.39480021341174,0.033035316365801315,0.05143994676637348,0.955117873898221,0.2898490067421762
robot3,3770,1722896094637044532,-20.318347317003788,-3.144754755564643,178.71612432927805,0.03232484996320557,0.05090795595936717,0.9601698210754314,0.27283218063650305
robot3,3771,1722896095144542423,-20.925403778869732,-2.369840422220169,178.94699749672404,0.029031592168200167,0.05135142435857389,0.9592942309863717,0.2761788845454889
robot3,3772,1722896095632600497,-21.515691627927872,-1.5836031664153547,179.11307328346018,0.034890490634106236,0.05090629764678036,0.9566193727226688,0.2847289557717941
robot3,3773,1722896096139758363,-22.160172785473367,-0.8075887088619353,179.36143332174845,0.032924900861557915,0.05212375914532108,0.9600320615619982,0.27301557722744824
robot3,3774,1722896096633738985,-22.773812606274635,-0.06120327347753712,179.49895803227474,0.031031093926708015,0.052616173651906725,0.9590214625088035,0.2766702801665182
robot3,3775,1722896097136712873,-23.23192829656488,0.5570524729144841,179.60148963611817,0.029530515033576434,0.05156306411616721,0.9576091410950054,0.281875738565932
robot3,3776,1722896097632392937,-23.665085673340524,1.301709138407765,179.88849270702224,0.027746487467527715,0.051489883194651316,0.9563894445723569,0.2861785363586766
robot3,3777,1722896098131748455,-24.278804588551214,2.22830700167086,180.27509253305732,0.03024533600441976,0.05110573393154917,0.9551649969607217,0.2900573256967012
robot3,3778,1722896098631318960,-24.92150526571543,2.9965788782138914,180.45348508440998,0.03094182001802752,0.05086316229294094,0.9536828136468206,0.29486375404619924
robot3,3779,1722896099134149954,-25.68449058953863,4.010633465168658,180.6405233527415,0.02593232711793999,0.049713086085498216,0.9520988074286265,0.3006060285075653
robot3,3780,1722896099636723960,-26.343716480078882,4.896340032950558,180.8643528659616,0.03150880523582903,0.049825492204965016,0.9467228362063836,0.31660778089693925
robot3,3781,1722896100136646275,-27.229143325829167,5.99527963488647,181.02236380022185,0.033635963392316635,0.04919845626909759,0.9685398538538128,0.24161681515209849
robot3,3782,1722896100634928621,-28.072321816345095,7.082126568546079,181.1077909660939,0.03371634114759312,0.04545379806065194,0.9700541003091526,0.23620373209346462
robot3,3783,1722896101137045762,-28.78148087909268,7.997482911021229,181.2440681893641,0.038755459303870164,0.04574883852696249,0.9679404320727009,0.24391879408215572
robot3,3784,1722896101635768335,-29.443436059419245,8.854429228621743,181.25568803883777,0.037759793103079115,0.04390015758144278,0.9661256827650079,0.2514918274834878
robot3,3785,1722896102134297964,-30.00402064578565,9.718588539104667,181.42491544843477,0.035896589453552535,0.046288453811502726,0.9577498095848807,0.28157435279064114
robot3,3786,1722896102633364917,-30.665314077209057,10.628124702872771,181.6437809676018,0.032902929809084054,0.04647990478646216,0.9501113962837212,0.306668143622414
robot3,3787,1722896103132342351,-31.375412476927178,11.625816730131207,181.85281883908905,0.03004688158201311,0.05175947331759574,0.9448868590351084,0.32188035890971783
robot3,3788,1722896103635188683,-32.04540463821076,12.494644328720293,182.00738924558289,0.027509255584010902,0.05202281444249928,0.9397049614965636,0.3368849254173254
robot3,3789,1722896104135931292,-32.60317082084359,13.3427630267183,182.09847619653937,0.027650674155451367,0.049545724449416295,0.94371575455498,0.3258546240461478
robot3,3790,1722896104637187463,-33.16197448165582,14.13579971211123,182.325523317649,0.02666813038963651,0.046159502012326915,0.954498122596068,0.2934134372452576
robot3,3791,1722896105131681954,-33.68914254694674,14.933654396692708,182.67757885854377,0.024760758524251983,0.04481937771660874,0.9596624416065197,0.27645275615955195
robot3,3792,1722896105633678724,-34.335146621791594,15.722640491493204,182.97263056325406,0.02759500030717126,0.04489441679457008,0.966947291441277,0.24947132675540246
robot3,3793,1722896106137085511,-35.04669075302324,16.523412662983787,183.17586590774948,0.02798900383908445,0.04296956916599624,0.9752268569976491,0.21518087549843068
robot3,3794,1722896106644606596,-35.654781690850704,17.25396378949291,183.17269810926445,0.02991175690917947,0.03974921750426723,0.9725031573096273,0.2275146050898949
robot3,3795,1722896107141618887,-36.15885370621139,17.919702301518004,183.25056725326507,0.027428177095732347,0.040134194954357244,0.9709235200557439,0.23440234576286656
robot3,3796,1722896107630935931,-36.67344561398353,18.61360513438078,183.57084631000683,0.021652204971588693,0.04341106370978181,0.9703569114240529,0.23675752579173975
robot3,3797,1722896108134166090,-37.1287544147366,19.325552833858936,183.85894743805434,0.021563294504823947,0.04453240633090022,0.9708339795885755,0.23459171595068512
robot3,3798,1722896108633337350,-37.60663877285107,19.945802957872388,183.9518113832368,0.01829501850560787,0.04443438198957779,0.9732838441351553,0.22452045951444727
robot3,3799,1722896109133501645,-38.16712568746435,20.569821182292646,184.13993333155028,0.019377342640929694,0.03957708787820723,0.9738643655731621,0.22281465430720498
robot3,3800,1722896109631990750,-38.80549528962077,21.196834816955334,184.44885774730662,0.01773781191634178,0.04047900979543837,0.9729599611791201,0.2267062719395437
robot3,3801,1722896110133417998,-39.354040581637946,21.80055125130464,184.61893511821435,0.014385805729042415,0.04080785527135953,0.971337624916525,0.23373272334699371
robot3,3802,1722896110632138797,-40.02571336600175,22.396949205409886,184.88438815092383,0.013377274872477874,0.036185452566970776,0.9697916488523073,0.24086473248658233
robot3,3803,1722896111130749016,-40.889236030803296,22.896903058515793,185.29785874353172,0.011576029936247437,0.03603984175919211,0.9601525040391677,0.27690123568558395
robot3,3804,1722896111633880196,-41.82663511543629,23.471512502078554,185.52994118055392,0.011496718624892877,0.03775203420530073,0.9630185714426076,0.26652924873428235
robot3,3805,1722896112132689782,-42.68317067184336,24.11177332441157,185.23981430650178,0.012872476580036735,0.036629735544700955,0.9710781207456313,0.2355840513060147
robot3,3806,1722896112637080112,-43.41956800070848,24.660421808810213,185.04213938871487,0.020411080063852876,0.03592185927410955,0.9694995356996531,0.24158571587549432
robot3,3807,1722896113135254356,-44.00111058162758,25.12413102421742,185.19031231565108,0.015829604227187107,0.03949533771412525,0.9697079946556159,0.24053263194386326
robot3,3808,1722896113634910891,-44.487323184000665,25.480311461331574,185.44543856380588,0.017126655555121415,0.03897632716428037,0.9707659212058698,0.2362224583218081
robot3,3809,1722896114134919649,-45.05488293572711,25.8798339076045,185.51920593499415,0.017098988232596146,0.038225734933351276,0.9690903180658464,0.24312624955208634
robot3,3810,1722896114632279680,-45.538044708292794,26.166902128881635,185.7388600225888,0.01656926025042457,0.039875548359401325,0.9698301348371212,0.2399268843202068
robot3,3811,1722896115136836136,-46.01659890246096,26.57723765857079,185.89835764120147,0.01879554279144146,0.04060449291188211,0.9756302505859114,0.21481065352588047
robot3,3812,1722896115635692890,-46.61485544107315,27.120588819172347,186.12073123731952,0.018305307317716926,0.04199209459834038,0.9739266191583029,0.22219027928810448
robot3,3813,1722896116137703273,-47.243857296587926,27.70186970302923,186.3567640767467,0.015843617343708222,0.042517584800959136,0.9741772696609583,0.2211783941710397
robot3,3814,1722896116630781330,-47.76304068541496,28.233511520675215,186.43078871095298,0.021627315087753094,0.0414841538054311,0.9764120386683935,0.2107862779418382
robot3,3815,1722896117132820936,-48.16210691383322,28.68426119232702,186.52711632959935,0.0243025382237092,0.03959366224471568,0.9729149495819518,0.22644696824176055
robot3,3816,1722896117634253510,-48.64022599494092,29.21377695238325,186.71792393441567,0.017650096552450444,0.04207048220072746,0.9707716356398537,0.23562890326997393
robot3,3817,1722896118132062256,-49.1228134292872,29.75525064611747,186.76901472037576,0.021545200701219833,0.04067987665804615,0.9681640408882735,0.24604743829741418
robot3,3818,1722896118633153039,-49.47508687198801,30.260575175106307,186.82290227348446,0.023427331478891728,0.04377114277354816,0.9667461720759339,0.25087264892093025
robot3,3819,1722896119130837298,-49.81819012903088,30.710096056240783,186.829566357248,0.025082471054513625,0.04506977972899939,0.9628322307946497,0.26512955313200637
robot3,3820,1722896119631744934,-50.22355355808171,31.219735774264034,187.02982870402496,0.026682150410239913,0.04553599565720223,0.9594412311032372,0.2769242856957424
robot3,3821,1722896120130623767,-50.700848696359024,31.830972605633324,187.3142097785389,0.02528925955766522,0.047024008754503695,0.9514788935679291,0.30304638431505965
robot3,3822,1722896120638037866,-51.05479348496575,32.45253781987125,187.34031593862238,0.024235811856791717,0.04537364416171199,0.9500335866641821,0.30787991498166656
robot3,3823,1722896121131613291,-51.41513102306497,32.87816088293155,187.26244182387546,0.021013111779335878,0.04782396924992113,0.9441327552564197,0.3253992279499957
robot3,3824,1722896121633159936,-51.799861519751836,33.35020207364024,187.3593197652619,0.0205998444429179,0.0502830891375394,0.947853466343235,0.31403990780922664
robot3,3825,1722896122133827603,-52.09007481293432,33.879569440469695,187.46767896776103,0.021050507947591626,0.050496693791496496,0.9455901763881507,0.3207275765342018
robot3,3826,1722896122632754485,-52.33285463006019,34.30522658391476,187.55055768677383,0.022727673068136008,0.051615253208559427,0.9393141098048239,0.3383907824316371
robot3,3827,1722896123133006807,-52.58461307509685,34.71707264432487,187.6549306217737,0.02358862262681668,0.05152286323069267,0.9327609012610065,0.35601414652487584
robot3,3828,1722896123636214552,-52.81363056200659,35.113635006523005,187.80867813003056,0.02502172745522117,0.05084149243614851,0.9248209853088202,0.3761584784827329
robot3,3829,1722896124134058598,-53.0766857291308,35.56473702863706,187.86562235079208,0.023641141366083192,0.05058641568785901,0.9206016602379794,0.38649022516726067
robot3,3830,1722896124631862616,-53.31377057874054,36.02362665661549,188.0485116607422,0.023795128314955658,0.05106935068491174,0.9108340034242428,0.4089096862331129
robot3,3831,1722896125132655894,-53.663776464604574,36.591018993765296,188.35736788889426,0.02242172458875223,0.05270648985202422,0.8995854711813841,0.43297259986436987
robot3,3832,1722896125630918212,-54.03420109905316,37.3052657500224,188.57345544827405,0.020249713612769834,0.05330747519898241,0.9072068331446146,0.41680214020831263
robot3,3833,1722896126131856653,-54.359218614243886,37.96151461415301,188.4553665937121,0.025200859941469075,0.04912370829142046,0.927554276508687,0.3695873943634388
robot3,3834,1722896126636011603,-54.62687579472468,38.412109132100255,188.52298168502907,0.02349363645871518,0.049487594759912726,0.9257426253184443,0.37416522911587957
robot3,3835,1722896127130544945,-54.79950182020325,38.82683137111328,188.5643639767603,0.020344667350813198,0.05157947139952307,0.9214620167752359,0.3844910977916727
robot3,3836,1722896127630742450,-54.99463000752591,39.29601535239478,188.66602453694986,0.020897540431421273,0.050548547888154015,0.9172315767423721,0.3945812612593484
robot3,3837,1722896128131828559,-55.22828423490951,39.761990694134965,188.85733086168545,0.019550753648811904,0.053069113357235444,0.9161594035648233,0.39680396230252996
robot3,3838,1722896128631241899,-55.33838898611322,40.00012234487559,188.89397139941752,0.023672978277236134,0.05209716978764279,0.9023668574250124,0.4271528176431829
robot3,3839,1722896129134375269,-55.52850474194597,40.401133937196114,189.14276046588057,0.022548638352702967,0.053752394266320516,0.8554713624201145,0.514559021977217
robot3,3840,1722896129633131099,-55.73068442600124,40.78610701718506,189.73911178307887,0.018805291100081816,0.05578505823054771,0.8250349357860557,0.5620068887810492
robot3,3841,1722896130129674455,-56.071722855955315,41.43840475747864,190.1187629056889,0.020551767818614102,0.05464551737120309,0.8753719741392528,0.47991186603616165
robot3,3842,1722896130634311277,-56.3267076285569,42.029930313998676,190.007647189028,0.023792962061484596,0.05296218861869965,0.9225307052917653,0.38153112497794467
robot3,3843,1722896131131591668,-56.43698587796275,42.47790226863672,189.94487561858608,0.02584280996158554,0.05014997657639675,0.919459351394225,0.38911647376638697
robot3,3844,1722896131630226613,-56.61225879242681,42.96864889318535,190.14574859083703,0.024951379005563473,0.049634916709023744,0.9253864756644996,0.37493155960287683
robot3,3845,1722896132131946034,-56.76026189332454,43.433573671419325,190.28459909853402,0.02742147559690622,0.04768007246245346,0.9240896451465392,0.3781970400452741
robot3,3846,1722896132636428335,-56.88845767747732,43.87613629291438,190.4182507091988,0.02905099589806334,0.04677284436255914,0.9237562228613658,0.3790023501147044
robot3,3847,1722896133130387595,-56.911437367069645,44.358226451509864,190.52115223353067,0.02123310980028317,0.04684060962435725,0.9280002081288101,0.36901317869571104
robot3,3848,1722896133634227457,-57.03855522847715,44.97589355022524,190.68395376488007,0.018184648008920088,0.04936013773637686,0.9304301327542037,0.36267432145443157
robot3,3849,1722896134134184782,-57.17523504258019,45.49464249207498,190.78329321037893,0.022377251001327366,0.054312628473824925,0.9278782504739885,0.3682273065963713
robot3,3850,1722896134634877151,-57.3357802855995,46.0706172213975,190.86411513195523,0.02613326289659394,0.05648334717085899,0.9194786439501841,0.38818256965284326
robot3,3851,1722896135130225000,-57.56952121765456,46.76717987641601,191.19234614252517,0.019665421884901432,0.059022322052280175,0.9036101954372606,0.4238139348623183
robot3,3852,1722896135630260068,-57.76204008290541,47.461416942445744,191.38088157623503,0.018597423361732975,0.05881855273283569,0.8971254708660502,0.4374476005444387
robot3,3853,1722896136136788768,-57.97414490385218,48.13163630713144,191.6924620472261,0.03713477980086399,0.049984808729256563,0.8596079407131859,0.507145654904266
robot3,3854,1722896136637460127,-58.12067325105857,48.5745570365265,192.2179182148256,0.0379667104395695,0.0476888966637649,0.7615935198484207,0.6451818414666393
robot3,3855,1722896137129880276,-58.24025389144373,48.87012722301525,192.85995299211038,0.02313636387533654,0.04555386562939605,0.670880102746264,0.7398036507966214
robot3,3856,1722896137632519113,-58.39203280956143,49.17385195495344,193.6452147500323,0.02705299418906289,0.04951801289518877,0.6049450864128618,0.7942654117669065
robot3,3857,1722896138132427814,-58.55213852281404,49.39112438440202,194.53804736856722,0.012487642948069368,0.04510642304620129,0.5548311659602608,0.8306454397953174
robot3,3858,1722896138637803386,-58.611136755166115,49.44651416466345,195.2699483287613,-0.0002959464864419718,0.04248550524578142,0.4613069839795468,0.886222748969683
robot3,3859,1722896139130919023,-58.56083577253903,49.31811773149326,196.02069245191993,-0.005468284060911431,0.03695384575170224,0.37979263210697584,0.9243170818235721
robot3,3860,1722896139632680978,-58.530690312057764,49.05598973616757,196.9596500145117,-0.0024895018321878975,0.03715640495887853,0.37120490407916756,0.9278039249425147
robot3,3861,1722896140134332112,-58.497852741605385,48.805414892475284,197.8198037738925,0.0018235152632546465,0.041323096377018254,0.3524444895754871,0.9349181559183535
robot3,3862,1722896140631983922,-58.506504815798586,48.53468400196779,198.6583142577883,0.008142878020211948,0.03887737849494046,0.3306507246965829,0.9429169323098051
robot3,3863,1722896141131875425,-58.47689286275872,48.24261820101015,199.4350742940189,0.011900853000607033,0.03820716831976573,0.31413126369658995,0.9485357827489834
robot3,3864,1722896141636753029,-58.443342981512814,47.811413266778914,200.4278931882284,0.011600634806138143,0.04722142117765764,0.3066991751481263,0.9505636110316427
robot3,3865,1722896142131708030,-58.505336778635595,47.548636324147694,201.42723534425505,0.01050098770575627,0.04059809654637595,0.34172160891615055,0.938865201087873
robot3,3866,1722896142632236233,-58.53580052090321,47.323236626377515,202.41756795546831,-0.0021925779543247696,0.04500827735453639,0.334204874079952,0.9414226201407606
robot3,3867,1722896143130618400,-58.5933543230942,47.13253054401557,203.49009190307984,-0.009112518930852185,0.05164572250624841,0.36229506351153085,0.9305868945459732
robot3,3868,1722896143633465426,-58.76046760092463,47.28962627667475,204.3569911918259,-0.002808743633960609,0.05209194826374531,0.4427701232154843,0.8951162817606608
robot3,3869,1722896144132458358,-58.87178643078883,47.34353793204461,205.192718763409,-0.0008592502906424196,0.05133311281706882,0.4410498783774926,0.896012934058793
robot3,3870,1722896144635133992,-58.93609061952369,47.31836665498627,206.16495226909558,-0.0011192629192727933,0.060346512529708726,0.44697489782878047,0.892507975531295
robot3,3871,1722896145133661810,-58.9353826908523,47.19089919137336,207.1290752720363,-0.0012409672150407586,0.05409949137604569,0.4168417294156296,0.9073668925252956
robot3,3872,1722896145634325467,-58.97387898709164,47.066813152647725,208.15856494610867,-0.00495075324990747,0.05093996092830996,0.38174764406038386,0.9228484960583873
robot3,3873,1722896146133025137,-59.05629227888363,47.05169750515516,209.08035826576497,-0.007636730520163953,0.056077011452091284,0.3501687843531399,0.9349753320800547
robot3,3874,1722896146634498162,-59.132944913517534,47.11941040587412,209.85808495578783,-0.008672491601454684,0.05799174555767292,0.31969091019033424,0.9457058037668334
robot3,3875,1722896147131685676,-59.19083793583932,46.977407709969,210.7138248485149,-0.008154534792083326,0.056406994555341906,0.3188903724473641,0.9460764688374507
robot3,3876,1722896147634177513,-59.15596292091263,46.657383151514864,211.88433595030145,-0.008580774911828496,0.06071942500747516,0.33198927458434735,0.9412877579622678
robot3,3877,1722896148133100677,-59.19882013613693,46.466384019874724,212.9183080763049,-0.01250308119975316,0.058698165169913497,0.28343186743401816,0.9571126239315116
robot3,3878,1722896148631771691,-59.31333253838304,46.553253883360746,213.6848124402435,-0.01453622448229674,0.05567054241723495,0.24691742039142137,0.9673268715341352
robot3,3879,1722896149133442092,-59.33023767901644,46.41078596920484,214.54668806910323,-0.0097877731979862,0.05482245765838054,0.2410244308484443,0.9689199767608795
robot3,3880,1722896149634320724,-59.29977242294291,46.138139316419185,215.43845602270042,-0.005289584309728165,0.050019139586920065,0.2379096011786922,0.9699840862817339
robot3,3881,1722896150138094721,-59.31480391929644,45.996571519304204,216.31260510644375,-0.008623935490841636,0.05458759154046753,0.23033283631025167,0.9715413563527472
robot3,3882,1722896150633845421,-59.30431120313435,45.870904379807484,217.17395704861204,-0.011403610866974969,0.05118493247371871,0.22008211870160177,0.9740707989538899
robot3,3883,1722896151133345080,-59.31352852674171,45.68201787685027,217.98025485859694,-0.009502248707029091,0.053564210254573794,0.21275100636307154,0.9755908937361059
robot3,3884,1722896151633476406,-59.34314099935519,45.458396589491024,218.75780698124356,-0.004883457737037985,0.051641563382448075,0.20593864682695145,0.9771891191141208
robot3,3885,1722896152134426032,-59.314144976408,45.18354264789656,219.55773714493435,-0.004046393179560906,0.05500041291575348,0.1990297173613643,0.9784404697723763
robot3,3886,1722896152632348306,-59.32591795295549,44.95793138106149,220.37920054195254,-0.006974737215586112,0.049625516723898686,0.19319294185253197,0.9798801704030058
robot3,3887,1722896153132035812,-59.31927543529445,44.65789538733665,221.27171347639242,-0.017596329693700064,0.05295208933550962,0.18563947589401947,0.9810323289301472
robot3,3888,1722896153630666766,-59.382757550052254,44.60113206518976,222.07778417452647,-0.016852248462656722,0.054231438381465547,0.1908559226435359,0.9799739637381776
robot3,3889,1722896154133759351,-59.424323653175975,44.445489276651166,222.9362236015317,-0.010954825904724115,0.04634914266572709,0.18591088621124163,0.9814116828078318
robot3,3890,1722896154631485535,-59.37842917688516,44.16489021435311,223.7161401854679,-0.01187200556423621,0.04851061362211932,0.18644134340050558,0.9811959036405029
robot3,3891,1722896155136231563,-59.341779479085346,43.9353785139566,224.5402773554403,-0.01175602129531238,0.055455602480953596,0.1999978769516288,0.9781550599632042
robot3,3892,1722896155633733851,-59.31852575769181,43.739030519393914,225.3481784276425,-0.012492859046451666,0.05562336538953388,0.21884617954837968,0.9740925620251222
robot3,3893,1722896156136965973,-59.29612233011648,43.592954930414436,226.14021727328264,-0.010527666664421788,0.05403570510891585,0.21716314689549487,0.9745816940813278
robot3,3894,1722896156635017438,-59.35199901446282,43.69699509053993,226.59183603328214,-0.013274123836398003,0.05480112710096049,0.20952480563839404,0.976176208441403
robot3,3895,1722896157132359034,-59.433725591373374,43.78605555101193,227.13096439100377,-0.011386874215754215,0.05670345482826415,0.2077939956978222,0.9764613216395553
robot3,3896,1722896157631077289,-59.31881447509779,43.42794865064741,227.72589409631223,-0.009907473907344293,0.050135527663849606,0.2037443686621504,0.9776893694139793
robot3,3897,1722896158130997846,-59.1743608140868,42.938037275476965,228.33975158942,-0.011142404808732085,0.05486338566853131,0.19099608354558129,0.9799930366070535
robot3,3898,1722896158635746337,-59.130516129922334,42.701543203539586,228.84746128458644,-0.015350461358237694,0.04975321669338704,0.10648454745093144,0.9929501608433933
robot3,3899,1722896159132726951,-59.13412391438631,42.55886167536702,229.4631616289553,-0.013767509048143849,0.056081780203695766,0.09975311351087596,0.9933350924882701
robot3,3900,1722896159639568527,-59.166768287475364,42.531696444949624,229.89568965524725,-0.0231225087599357,0.050595863849413676,0.11393979401349288,0.9919289951857144
robot3,3901,1722896160132340033,-59.31178515013683,42.75452085144241,230.17838008483503,-0.014962190990495674,0.05333596711778753,0.1302629980375309,0.9899307848504604
robot3,3902,1722896160634586328,-59.3276479153443,42.58250386750816,230.65599889984568,-0.007177214651397232,0.05955643686000898,0.23241336545980687,0.9707654433353269
robot3,3903,1722896161140556520,-59.251807807463315,42.238412663694035,231.10248614340847,0.0006166171844676574,0.05974966195202775,0.31306585649076873,0.9478498653160043
robot3,3904,1722896161632180126,-59.21565896865037,42.06105695908385,231.70085187741967,0.0007094663501347974,0.06487471631736128,0.3097965067720355,0.9485867868740763
robot3,3905,1722896162132996667,-59.197460729164796,41.83766715862027,232.51041124110355,0.0016210161717886914,0.05827512214883489,0.30794192457506453,0.9496173721737163
robot3,3906,1722896162633921813,-59.26155078870522,41.680032412363516,233.3711573744681,-0.0006219626608840492,0.06095317136618234,0.299855892451175,0.9520350664892353
robot3,3907,1722896163132904648,-59.30917822610014,41.6871451151448,234.17589595951057,-0.0024862587374596136,0.057928634101508704,0.2809751463711468,0.9579619298230679
robot3,3908,1722896163633285528,-59.37977784094539,41.736824325377434,234.98118623273334,-0.00634051170175688,0.05481925702893027,0.2681546602867567,0.9617940138806491
robot3,3909,1722896164131586400,-59.40597648255857,41.73293644677452,235.8233532409291,-0.009653234116780799,0.05884856386806467,0.254623292304979,0.9651997931089326
robot3,3910,1722896164633848600,-59.42352502172186,41.61408981585101,236.63317617928973,-0.009397609988835568,0.05254532012768403,0.2421928139976091,0.968758646468302
robot3,3911,1722896165132606222,-59.43752188122832,41.42312980168892,237.50372376354434,-0.010128260565474157,0.056349046000985004,0.22752185885283077,0.9720884769900574
robot3,3912,1722896165632050690,-59.4301832889186,41.19812196678826,238.36231169923465,-0.010537677668583031,0.05570328902175225,0.2137444398633738,0.975243259586553
robot3,3913,1722896166134917005,-59.45714515127084,41.179350725929375,239.16955265323983,-0.008820699248599444,0.06150330303373635,0.24048438284547569,0.9686623769859842
robot3,3914,1722896166631273449,-59.52228896706725,41.14103154750648,239.9561012149514,-0.0062029537096576,0.057272094269718285,0.24911543843038203,0.9667589818144308
robot3,3915,1722896167134242440,-59.46867915730079,40.880203552906934,240.78601539921823,-0.009680732091269077,0.06725546609937579,0.2479383155762199,0.966389971685944
robot3,3916,1722896167633659732,-59.45135404533063,40.690167710375064,241.57927623180407,-0.00822537847095202,0.06415232882043458,0.24850374521120686,0.9664691978909251
robot3,3917,1722896168132749872,-59.45152709748283,40.56656276409807,242.38840819095077,-0.008386133989801571,0.06655992889732293,0.2474549833552591,0.9665740943324195
robot3,3918,1722896168634649089,-59.43643774846685,40.435888038073664,243.2289502771499,-0.005866377593447277,0.06472068489675259,0.2463304996946801,0.9670047070622746
robot3,3919,1722896169136576768,-59.43529087671506,40.24227246740089,244.05065151756946,-0.004425384261153922,0.06226367748555744,0.24556879030136303,0.9673673654150428
robot3,3920,1722896169632511183,-59.406053276892145,40.0118304466889,244.98519604881284,-0.007790436759394141,0.06637877428066938,0.24790655628395525,0.9664758179962518
robot3,3921,1722896170136054490,-59.48992183889963,40.073407864687844,245.848729418409,-0.006494515896133582,0.06816243577782631,0.2737260393590726,0.9593673743613049
robot3,3922,1722896170634000401,-59.55238824898398,40.040510373345874,246.7201727002143,-0.003079241224778411,0.059933743440226776,0.271541606816606,0.9605538092362013
robot3,3923,1722896171133403795,-59.505756477992236,39.82997790212645,247.58707529808768,-0.005026044876720437,0.06261784570460167,0.26933887666134476,0.9609944400416772
robot3,3924,1722896171635301974,-59.46436356174889,39.61668981519078,248.58253240658786,-0.001356872980163963,0.06083117502176967,0.2660787576127272,0.9620290129660612
robot3,3925,1722896172132348729,-59.53497956830717,39.54398248728252,249.45012091543055,-0.002546875746586617,0.06009488171546555,0.26380280352910807,0.9626994336062106
robot3,3926,1722896172634852885,-59.60337014256404,39.55275477640128,250.28162125302808,-0.004544845170016149,0.061667279528822505,0.25956132184692265,0.9637449928373027
robot3,3927,1722896173135587936,-59.62991655273276,39.38673492819687,251.1468703385812,-0.006822349584472088,0.06164037943586616,0.25537180440152246,0.9648518853616136
robot3,3928,1722896173635185312,-59.59142870353942,39.16243301306702,252.05750684994518,-0.005302606179820715,0.06381300003916705,0.2544972499361529,0.9649512594782382
robot3,3929,1722896174133336524,-59.579231103384025,39.14044499558793,252.8742225111521,-0.009992299289116383,0.06379044551726762,0.25396489310313325,0.9650558357352901
robot3,3930,1722896174635165835,-59.57902940247034,39.04432378423578,253.74594591003057,-0.009324437430521016,0.06160131298901683,0.2517386580406392,0.9657877516061858
robot3,3931,1722896175134852296,-59.58533317037805,38.83662647288312,254.57037793995448,-0.005601065062773599,0.06242213219399469,0.25345251933826113,0.9653154540996464
robot3,3932,1722896175636262030,-59.6209964101382,38.740848762196514,255.43221193697678,-0.00042642646074183085,0.060905140343011775,0.2801665140995949,0.9580172787677439
robot3,3933,1722896176134201217,-59.65890445752703,38.6517261381903,256.24446529508526,5.5838628329606616e-05,0.059611121682925504,0.2662835988532127,0.962049664017161
robot3,3934,1722896176637618748,-59.62542981457613,38.4985183259656,256.9642399348492,0.0006146885959984526,0.061531299696731954,0.25388767378658045,0.9652743498170868
robot3,3935,1722896177132337315,-59.62724152455864,38.280372685941416,257.6756267725383,-0.001974124800153996,0.05980741331063298,0.2429497437528681,0.9681914057430898
robot3,3936,1722896177635954054,-59.57657025994812,38.040164933119,258.4852521527057,-0.0018913408864558911,0.05935453285262996,0.22959818948303934,0.9714721476427453
robot3,3937,1722896178136451966,-59.52450391132497,37.86887606710856,259.3182418987157,0.0014072534776640466,0.06046653685370253,0.2442824777607129,0.9678160406904074
robot3,3938,1722896178640451253,-59.51595693570626,37.75149834200179,260.1052388063038,0.001351197384679006,0.05967674851153117,0.2432054447022408,0.9681363393757639
robot3,3939,1722896179132240923,-59.55237967844606,37.64457961531483,260.83542880324813,0.0022194026748571048,0.0608482564145478,0.24219592526352912,0.968314875300808
robot3,3940,1722896179634621532,-59.5716320614495,37.536736514055555,261.47119334529214,0.002110474356230222,0.05914880432944349,0.24120674965494998,0.968667264216812
robot3,3941,1722896180135709611,-59.562248423804846,37.362997760224836,262.117155796039,0.0034277383844076746,0.06059405859266443,0.24135392039554462,0.9685375035498305
robot3,3942,1722896180631719840,-59.51484986344515,37.13105349002098,262.8562384236177,0.0034083165099907577,0.062323289948278786,0.2574048712167485,0.9642857062004391
robot3,3943,1722896181134505187,-59.46951229335073,36.88328569026101,263.6353856716837,0.003231717160955749,0.059866386483213685,0.24330688826888394,0.9680946905621096
robot3,3944,1722896181632796926,-59.46829369124547,36.744713404488,264.3307910039017,0.0001976554137930275,0.061173930657821486,0.21762213444840425,0.9741141194635925
robot3,3945,1722896182134706145,-59.39728886935396,36.46714508492447,265.1638196048315,-0.0021218665324143956,0.06074872166445156,0.20275841547809675,0.9773403273432265
robot3,3946,1722896182636725530,-59.385651693397996,36.21614251664812,265.9685695058647,0.0009775090972257722,0.050634339243095884,0.19743839710506658,0.9790062755232787
robot3,3947,1722896183134831461,-59.40442052961604,36.05452071256425,266.7667655710069,-0.00020491852659627644,0.05352203770932518,0.2007401037711495,0.9781813534441286
robot3,3948,1722896183636315399,-59.32624510603349,35.89342487103522,267.5978047217422,3.2585270043134495e-05,0.056590225937137126,0.21942763349905153,0.973986169780449
robot3,3949,1722896184135422761,-59.288648005256206,35.66098120684351,268.3866453213285,-0.001841859772148533,0.06036394460394487,0.22370474413255717,0.9727841431669302
robot3,3950,1722896184634092083,-59.28509559405361,35.42397554750951,269.14929621590886,-0.0003855887808416553,0.058075226497207144,0.2370116435711215,0.9697693541251476
robot3,3951,1722896185137225566,-59.242123596911156,35.20510919468504,269.99445183636095,0.0006766880925450417,0.05907538564857981,0.246595694286545,0.9673159796380053
robot3,3952,1722896185636909181,-59.234716834156856,35.06779130934849,270.78246686426627,0.002413528162498308,0.05720746954740826,0.2542275790828538,0.9654479884196053
robot3,3953,1722896186135991809,-59.25909707167747,34.92558881082774,271.5989508138678,0.001269354893650669,0.05720095292483962,0.2563265733312802,0.9648953971943737
robot3,3954,1722896186639932990,-59.25814432513261,34.75480658306558,272.47500525922084,0.002163057442907963,0.05509629277428887,0.2760598596130094,0.9595575405443252
robot3,3955,1722896187135397976,-59.297728179019714,34.63134390131611,273.2917908389761,0.004258104962725405,0.05226277819186353,0.2761221111108518,0.9596911223479567
robot3,3956,1722896187634382890,-59.29124042904269,34.54735482981923,274.0702944273633,0.005948430385046348,0.04948827682250887,0.27580756830349623,0.9599196382508305
robot3,3957,1722896188137954862,-59.329069654295246,34.409893959841135,274.8285715794107,0.005492912935573242,0.06047295509912271,0.27495527628354055,0.959537620759553
robot3,3958,1722896188635540200,-59.3116326155751,34.26429446411251,275.6092860984376,0.004875411988818201,0.052625841602433686,0.27220395805621117,0.9607870504810665
robot3,3959,1722896189139401128,-59.24911097545862,33.94040208334137,276.5426948861238,0.0029922151419018964,0.05205200806243071,0.27062833579574397,0.9612710018354029
robot3,3960,1722896189634656024,-59.223000353311924,33.65118150078706,277.49520179546124,0.0047071723383254075,0.05334351759868945,0.26801708089330256,0.9619247143140717
robot3,3961,1722896190135218865,-59.16897136098184,33.386742068667,278.58837205708085,0.006784865288565165,0.053154907990491065,0.27948784970554186,0.958652733384989
robot3,3962,1722896190636645000,-59.25187424529483,33.31908986172256,279.571234302517,0.009405864639398707,0.05306040286512889,0.2978982504561499,0.9530754197508929
robot3,3963,1722896191134965985,-59.32873430140028,33.32399833409101,280.49237697429874,0.00864165622359329,0.051938476099826957,0.2989642523016458,0.9528106277345245
robot3,3964,1722896191635420632,-59.34743730833314,33.13204607484423,281.43731514916266,0.011515967272122958,0.04939720063128774,0.29784153609306363,0.9532668663314088
robot3,3965,1722896192130975585,-59.38350646205625,33.00136415970466,282.2917271994262,0.011571695998554695,0.04739473027982922,0.29678277193936725,0.9536979719352479
robot3,3966,1722896192633061681,-59.42630780168802,32.94671415568121,283.1085382838247,0.011177968943297886,0.048245422899718345,0.2932778619020189,0.9547436974904365
robot3,3967,1722896193142753558,-59.453356077064925,32.859315361810346,283.8775094271318,0.010057284884836669,0.050228147331843005,0.2855988738625036,0.9569792408849973
robot3,3968,1722896193633794451,-59.444089223016064,32.7099709610977,284.5496253207225,0.009634443944296859,0.05132548655405264,0.2822746787795203,0.9579112055090454
robot3,3969,1722896194136161174,-59.47314988496249,32.57743594512976,285.20493449422185,0.011170694062090768,0.050324219519455274,0.26938973378635933,0.9616505913555313
robot3,3970,1722896194633292371,-59.48528350303364,32.41993142415768,285.8307414950937,0.012945100106135024,0.0502863135024249,0.25193711344675185,0.9663495236847258
robot3,3971,1722896195134635521,-59.41272275853125,32.18562611680455,286.37133662369206,0.012144277475675624,0.049159565360490584,0.20693289314226884,0.9770438226578846
robot3,3972,1722896195633349404,-59.40438095932457,31.962785464231054,286.9407807439693,0.013389862910877006,0.05010289935167868,0.19782614143270644,0.978864254538713
robot3,3973,1722896196133345360,-59.34323723628275,31.64838941600923,287.47276850029954,0.013454488640049557,0.04978916447982725,0.16442165020110666,0.9850408807663672
robot3,3974,1722896196638289675,-59.231103809997045,31.294514661683202,288.01466825008976,0.015169616814225033,0.0464700031957307,0.13449428913325717,0.9897078900964861
robot3,3975,1722896197131904042,-59.098165460057835,30.835921992191714,288.6451442111975,0.014768231229923146,0.04441441119971558,0.12220560656228172,0.9914005492982475
robot3,3976,1722896197634768823,-58.9509024804267,30.332954185891563,289.3371118451839,0.011831463584730466,0.0433444791685058,0.10561122731656099,0.993391937384104
robot3,3977,1722896198132222992,-58.92090355332127,29.88559423608384,290.0154008920057,0.01437017156943505,0.03741837006713024,0.09645042439092476,0.9945303813284916
robot3,3978,1722896198634736238,-58.95775203077331,29.659896961809416,290.58835609004245,0.013192250060134914,0.034904351248849254,0.07026992669059459,0.9968298692380493
robot3,3979,1722896199135555111,-58.85244209234792,29.256507332734884,291.11668977671945,0.008887109151527595,0.035440548164573336,0.013499794042023294,0.9992410832214347
robot3,3980,1722896199634380424,-58.589029818622734,28.544954820313215,291.32755613107616,0.0008673855811548668,0.034340112506928096,-0.10196282721141896,0.9941949437521393
robot3,3981,1722896200135731201,-58.40877989950266,28.05393385016867,291.46992009330023,-0.0029010135660364955,0.03483536972476306,-0.2042712779897212,0.9782900010349052
robot3,3982,1722896200633764181,-58.26180074505539,27.636929782717715,291.7233951112221,0.006289893074320939,0.040288043360036496,-0.23639802110903818,0.9708003329331238
robot3,3983,1722896201131756075,-58.11948666637874,27.209210917276643,291.96388938891783,0.0012772876691608415,0.038971190596104786,-0.2728184450998028,0.9612750443307359
robot3,3984,1722896201636451502,-57.79409956189668,26.522557626289476,291.886082752731,-0.001805365486526257,0.037051066237866366,-0.361298914343081,0.9317118941178159
robot3,3985,1722896202131041937,-57.41415131644813,25.750095168845256,291.5350544483162,0.0055171673096244605,0.05125259134078696,-0.40342455107737546,0.9135597212737381
robot3,3986,1722896202631981443,-57.20656434434956,25.17305628829964,291.5747733332601,-0.005049700399755054,0.024629838018077086,-0.4078682206184794,0.9126945744413031
robot3,3987,1722896203134668475,-56.95366937043068,24.455686422202294,291.778397092412,-0.004911801010328339,0.02600986108189584,-0.4141268091575647,0.9098342416475155
robot3,3988,1722896203632005245,-56.60086011602919,23.786135513157845,291.61057943788126,-0.001880980420498876,0.030419255483706244,-0.4227039909281381,0.9057551914628473
robot3,3989,1722896204134614889,-56.27472338553511,23.081780766124712,291.405479058473,-0.0009357303562270416,0.03154983774740566,-0.4330336021912197,0.9008249727444889
robot3,3990,1722896204640522643,-55.9477506166619,22.396911166881395,291.3153062581919,0.0004600133599810005,0.031735532104739735,-0.4425304033699954,0.8961916572268049
robot3,3991,1722896205136310652,-55.624886242133506,21.729677163099012,291.21319389555305,0.000128620006982706,0.028190625206797017,-0.4515467535316511,0.8918019967920963
robot3,3992,1722896205637074970,-55.31506537517639,21.072067994691405,291.00003897656114,0.0013069652088434612,0.029574769658412735,-0.4615504425077068,0.8866198812696086
robot3,3993,1722896206135374022,-55.01237854772797,20.44453297817686,290.8104215264524,-0.0019427681973563549,0.024990745685300183,-0.4678925097742258,0.8834298430430115
robot3,3994,1722896206634427477,-54.70991105335538,19.768190347967966,290.6327140038733,-0.008681618644619474,0.02927216693741036,-0.4765203581870136,0.8786330963341967
robot3,3995,1722896207135928741,-54.44190886450291,19.239519232890743,290.4121777799245,-0.008466578386857673,0.027535939868347632,-0.5253211804851292,0.8504162195064816
robot3,3996,1722896207637307938,-54.10480293128476,18.693591769542923,289.9446582751361,-0.016678583365761557,0.023733917638828813,-0.5847176872787239,0.810718047285149
robot3,3997,1722896208133198453,-53.78908435732735,18.209223714004835,289.48474451302087,-0.013221270713893882,0.0269944442669303,-0.5939797743654239,0.8039182331706564
robot3,3998,1722896208635896163,-53.476288757699265,17.600719520964276,289.1288293631205,-0.012541897861477419,0.028364967588440277,-0.6090631551486232,0.7925151118131081
robot3,3999,1722896209134793037,-53.15253937619438,16.959152530052815,289.0403258397365,-0.004809684989993417,0.03417657999586384,-0.5445167724255219,0.8380395652100058
robot3,4000,1722896209633545895,-52.93741630593737,16.468907275307913,289.0670382764048,0.005183466168102972,0.034153479433896204,-0.4738165863656698,0.8799457449217118
robot3,4001,1722896210136808021,-52.75344280755099,16.200434969756994,288.8892489490217,0.010497115603234868,0.029781805993167116,-0.4500852925341619,0.8924270749143794
robot3,4002,1722896210638308233,-52.49438730644685,16.03846237307811,288.4241232197556,0.006218590207182236,0.022783045940306338,-0.5281293859819347,0.8488354455463448
robot3,4003,1722896211140491628,-52.404538051767574,15.963329827311734,287.9406163132246,-0.0032192635657356645,0.020959983407160834,-0.6439931537793548,0.7647372969346964
robot3,4004,1722896211632605319,-52.328188005708405,15.857866903962588,287.5849891283847,0.004751362783949227,-0.02389056626104087,0.7129894935959644,-0.7007514876310946
robot3,4005,1722896212141748856,-52.111521738165706,15.561719407686645,286.88883146456635,-0.011245126157124261,0.015688179730069345,-0.6860056853345169,0.7273401046575028
robot3,4006,1722896212640126616,-51.76753497357729,14.910646579919417,286.0175101565692,-0.013442120613107058,0.001205965933226865,-0.6070238706330984,0.7945689872636623
robot3,4007,1722896213135351020,-51.444957847162165,14.228693859659806,285.2335049792904,-0.012421217875592555,0.016851572391714933,-0.5500078036480942,0.8348970917308393
robot3,4008,1722896213639066700,-51.165637651453046,13.820627960792796,284.90517922581824,-0.0062120465733153645,0.053899575056812435,-0.5457867860266848,0.8361656716732204
robot3,4009,1722896214133927468,-51.040637535555334,13.647066609366172,284.8407986917487,-0.004236761226245496,0.04370725754895775,-0.542817772630066,0.8387017295849549
robot3,4010,1722896214633774096,-50.868033164917826,13.471244217691291,284.51014498710003,0.0013436093093006241,0.015046046209677654,-0.5429619089524791,0.839621448412414
robot3,4011,1722896215136529904,-50.670871226041506,13.19255827591159,283.8790546213625,0.005344571776824787,0.00848613626764293,-0.5824896454678544,0.8127762508627466
robot3,4012,1722896215634730082,-50.43418034444484,12.951476617358251,283.26148720214746,0.009974585335632363,0.00227134094811196,-0.606262346331287,0.7951989160446349
robot3,4013,1722896216134757329,-50.21659051963803,12.658403702123294,282.6327523305636,0.006683299435585405,0.0067277178742950194,-0.6201708796238184,0.7844094284157206
robot3,4014,1722896216635069318,-50.027839324717114,12.389066011064914,281.91918670094293,0.007927842096571993,0.009082138032225039,-0.6330946302056846,0.7739805251381865
robot3,4015,1722896217136800559,-49.82233103119021,12.099010658333905,281.4066546597947,0.006618505747684161,0.006533601397376339,-0.6311774062067758,0.7755827417681075
robot3,4016,1722896217637145347,-49.60998429835087,11.809977123341115,281.0060858706401,0.0056510336909352905,0.004530686171190599,-0.6089460156581378,0.7931785982457678
robot3,4017,1722896218134046838,-49.314015729940046,11.481818693113848,280.6260428623964,0.0031123335343051324,0.006921135224745386,-0.5851126856872174,0.810916491579166
robot3,4018,1722896218635290118,-49.146274536160234,11.229799584346873,280.01794554025435,0.009310151870158281,0.005554484852974821,-0.5739027151593799,0.8188517218049092
robot3,4019,1722896219132394523,-49.11070351288211,10.924365766829428,279.33088220335657,0.003478396120062725,-0.005620392500871747,-0.5620698946551681,0.8270633261551962
robot3,4020,1722896219631869399,-48.85788848345215,10.606447626554843,278.6319943627471,-0.0019233774413027847,-0.01795175428649172,-0.5609563693740969,0.8276484681287626
robot3,4021,1722896220132813797,-48.68338602687138,10.34366169387182,278.10745346647457,-0.0022033232353330895,-0.016075653715755787,-0.5550669055872253,0.8316474307338141
robot3,4022,1722896220631809065,-48.470438693605,10.049173239735484,277.5584295145331,0.0012350946977225893,-0.01951355618056327,-0.5457415157237632,0.8377254285753806
robot3,4023,1722896221134774408,-48.26913877976054,9.711744919177747,277.0073067956797,0.005528815486421546,-0.02000032657506199,-0.5360408228749404,0.843936997262097
robot3,4024,1722896221633456698,-48.04606310571272,9.556670060922569,276.4376220748909,0.009894275667494469,-0.02002179056699159,-0.5226726019170578,0.8522409180605917
robot3,4025,1722896222137113857,-47.9244810646365,9.25690988513644,275.8529608241303,0.01790680966540197,-0.019973000987908274,-0.4951989183060587,0.8683653935456279
robot3,4026,1722896222634125290,-47.79497003743685,8.904642596360308,275.2669254238273,0.0257546808356578,-0.02907388406002566,-0.4574797364511042,0.8883713730289522
robot3,4027,1722896223136849939,-47.5767701072032,8.46725671803061,274.60595428822296,0.030080467643008653,-0.027437195754619528,-0.38388419134682733,0.9224832211967289
robot3,4028,1722896223634646147,-47.33227917517068,7.953877404597291,274.02960422938406,0.038228035412035115,-0.031338016745214324,-0.29055450166207747,0.9555807802477583
robot3,4029,1722896224133749576,-47.11066221077898,7.47224552018193,273.7438164097951,0.035307545985758464,-0.03692582160988607,-0.17157529723040646,0.9838454036459163
robot3,4030,1722896224635269268,-46.93316718440044,7.362717450421756,273.22152054164457,0.04558986630212012,-0.010108914768300467,-0.11717980456559622,0.9920122314441141
robot3,4031,1722896225137055281,-46.85632117173372,7.566360531058166,272.7080626365242,0.04783615309294626,-0.025149588711280885,-0.10545873186887895,0.9929540052376693
robot3,4032,1722896225633281058,-46.709598047948845,7.383299604411644,272.3728192137826,0.04666988785035235,-0.042990281181569334,-0.10090599726075225,0.992870453286217
robot3,4033,1722896226136934954,-46.549855223752466,6.772500934834022,272.3436633111803,0.04616689305504306,-0.040167261548265526,-0.05978951770667675,0.9963334896799165
robot3,4034,1722896226634603757,-46.27128128307154,6.124887868495904,272.17454936580316,0.04634240479460124,-0.03630546007285349,-0.04517782259339064,0.9972428287195009
robot3,4035,1722896227132037224,-46.01968655327701,5.603393696859527,271.71320260541296,0.05270355251462871,-0.03989624848962104,-0.061297056068416275,0.9959283587819646
robot3,4036,1722896227634928625,-45.76595332159265,5.540029843824947,271.0734543328847,0.05145247342582012,-0.03984642578955257,-0.08279490914496684,0.9944394945645711
robot3,4037,1722896228134217670,-45.41822944952791,5.342898462919951,270.3267515347481,0.04187395202829796,-0.03680784839459503,-0.10548346424346962,0.9928569852749635
robot3,4038,1722896228637425911,-45.12683361621344,4.785381259744991,269.89502758907634,0.041028646904616696,-0.024784096904294676,-0.11577662093295321,0.9921180235834656
robot3,4039,1722896229136386110,-44.958030324911014,4.834072261073393,269.3286358302464,0.039908659195985505,-0.018146583942984393,-0.11442980298343212,0.9924635109673059
robot3,4040,1722896229639695806,-44.82076261156261,4.766034633408359,268.8346364096069,0.04557353864768725,-0.0011740920709828171,-0.05461485904677861,0.9974662356462183
robot3,4041,1722896230137148346,-44.691854584669045,4.273779100502591,268.927121527728,0.04746743406940839,-0.00467650142008276,0.0883145068937579,0.9949500092514431
robot3,4042,1722896230637651196,-44.61916840367531,4.074037410454065,268.8162742197523,0.049136379237770346,-0.013667300891752804,0.18431071647902142,0.9815438762035684
robot3,4043,1722896231135534810,-44.562962627305836,3.942087215507977,268.5574952807241,0.048507778067379256,-0.01406603132296225,0.25133062480003987,0.9665826706844112
robot3,4044,1722896231636983098,-44.43926949927162,3.4713229638273244,268.7421128992714,0.043611803806365465,-0.009892226668580209,0.31708593512974026,0.9473418940188334
robot3,4045,1722896232135302728,-44.080430392621395,2.685291127089897,268.9051918966715,0.046017130896386656,-0.011523133322336015,0.2831812358833673,0.9578924932924723
robot3,4046,1722896232635715227,-43.72769615245586,1.6603704624890283,268.86758542591906,0.04641054829110497,-0.008936876571108391,0.2611367058193205,0.96414408369201
robot3,4047,1722896233136481215,-43.259823030464204,0.6344886341078317,268.55354236733615,0.050226342738699685,-0.00863048424310802,0.24132475347021287,0.9691053568107882
robot3,4048,1722896233633881058,-42.75953979171088,-0.42253649533164417,268.142975500261,0.050435279009344254,-0.005337922870188962,0.22572805452322833,0.9728692793031549
robot3,4049,1722896234139739423,-42.21119661955589,-1.4826354405939555,267.7125442199897,0.08000114180646564,-0.006353435639877717,0.19796781001395658,0.9769177024517008
robot3,4050,1722896234638101168,-41.76458824476534,-2.499506656923863,267.37979004527296,0.0718149072693853,-0.013761937985231681,0.1902161388248512,0.9790153465024669
robot3,4051,1722896235132951592,-41.331197887740196,-3.261858530792107,266.97506584571,0.06871053615095932,-0.008257013670515755,0.19857717403458738,0.9776388852227237
robot3,4052,1722896235636841142,-40.971889904902675,-3.981914847044949,266.65578398865534,0.05784590524601775,-0.0029171878981248526,0.18921136069755715,0.9802267096156964
robot3,4053,1722896236133364795,-40.72234958809965,-4.620726064233642,266.54566569468216,0.05032285596606331,-0.00529500297096907,0.17126486731159946,0.9839247523747415
robot3,4054,1722896236641599834,-40.395002722423015,-5.294819240167426,266.2931700154483,0.04945537182864856,-0.004817605261737849,0.15822446392938536,0.986152105859482
robot3,4055,1722896237135064099,-40.10196317478675,-5.915808780485706,266.0158225959072,0.048488777842017196,-0.01210921482388043,0.1449673410745796,0.9881734034882255
robot3,4056,1722896237636724489,-39.80156744067887,-6.621850161024765,265.8505170782188,0.0525364048266451,-0.01312102918270767,0.12604531233956287,0.9905454780060831
robot3,4057,1722896238134776284,-39.51196969777927,-7.41359290190418,265.7730186347459,0.05207060328533593,-0.02625880966683723,0.10720160150408574,0.9925255381214839
robot3,4058,1722896238633162195,-39.11901223430759,-8.091101027929131,265.6089014544366,0.04838340261306278,-0.0068426526646554195,0.08646492020488587,0.9950557984505471
robot3,4059,1722896239143546896,-38.67262933532793,-8.790270888577489,265.5024345025445,0.04978472636649108,-0.002547676394998718,0.08355777377060448,0.9952552882592991
robot3,4060,1722896239635449893,-38.29049838422471,-9.276118917318238,265.18773104581516,0.04792771210450033,-0.0026747476082975147,0.053055627274056646,0.9974371561919159
robot3,4061,1722896240136632543,-37.892374502770956,-9.850547411253952,265.05952688552804,0.04695298372546299,-0.008727812265556033,0.005838274010502426,0.998841907995911
robot3,4062,1722896240636044835,-37.5640860938446,-10.492787938615326,264.9002652863888,0.043831491909430684,-0.008067393663550483,-0.03204873628857854,0.9984921612004652
robot3,4063,1722896241133670820,-37.361796194801215,-11.080602022929748,264.76932865025464,0.045573027904793645,-0.0031945609956153137,-0.05828610012171667,0.9972540420776621
robot3,4064,1722896241638315692,-37.07768450180449,-11.614476083716015,264.62063936543524,0.044304167371477556,-0.004378706396768974,-0.06312824170874187,0.9970119321164485
robot3,4065,1722896242136011150,-36.85345408490048,-12.235584639236862,264.4575077339942,0.04549927109803613,-0.005616840569960174,-0.06807871551267138,0.9966260863160786
robot3,4066,1722896242635214352,-36.54610317272161,-12.871853533675695,264.28815227218274,0.04787186999513761,0.012716117619134097,-0.056396667206198695,0.997179021211286
robot3,4067,1722896243134011162,-36.33128915956836,-13.379847385523641,264.05428013782034,0.043359941842360195,-0.008325052243914884,-0.0699342608152023,0.9965740354398135
robot3,4068,1722896243633445884,-36.21830675869644,-13.928290391516162,263.86191270520465,0.041960039046936334,-0.00636144595058957,-0.06952276574586966,0.9966772156378624
robot3,4069,1722896244135779537,-36.02592291133739,-14.497971037575514,263.72751818729415,0.040788226174235075,-0.008763073868649324,-0.07355843245714293,0.996417927456336
robot3,4070,1722896244632747072,-35.72864650117887,-15.181714719855004,263.5730893416853,0.03889265441571208,-0.012083720908347343,-0.08540694258078915,0.9955134350075396
robot3,4071,1722896245132107364,-35.358759535815764,-15.836980059439032,263.3491947385895,0.03842533772803598,-0.00603577010058958,-0.07562908420140035,0.9963770895211496
robot3,4072,1722896245635432089,-35.03696865909819,-16.441112437237404,263.13551699990967,0.0428187319802614,-0.008589913970241399,-0.0635312155673456,0.997023848369798
robot3,4073,1722896246136244860,-34.722202412341446,-17.017449862671423,262.9771383101448,0.04408716813594051,-0.009501936349649182,-0.062430052720320865,0.9970298507711284
robot3,4074,1722896246636196259,-34.33972550386303,-17.60101325353021,262.8806767680802,0.04149032433973019,-0.012117262216966537,-0.06738643110073696,0.9967902456615708
robot3,4075,1722896247135768335,-33.966376092511034,-18.189966609974327,262.7286908805465,0.04503767183151265,-0.01131607255913515,-0.07366195965485522,0.9962015209372248
robot3,4076,1722896247630769519,-33.617119577109534,-18.80937872878377,262.58419871493186,0.04281542861626248,-0.008430672924603233,-0.06494203290752133,0.996934448792037
robot3,4077,1722896248135296374,-33.29951131925241,-19.51702693966994,262.3700348296564,0.04287889581253347,-0.010314037665153375,-0.07104154316752737,0.9964979277777332
robot3,4078,1722896248631842243,-33.07257415066396,-20.268682515844556,262.1284968723012,0.040895840573270066,-0.00970991694063741,-0.0773896228627022,0.9961144984438187
robot3,4079,1722896249132608048,-32.82572496553355,-20.95960414406123,261.9158689394433,0.040893162976532574,-0.006510999961945437,-0.08307568567452024,0.9956825731883524
robot3,4080,1722896249636018849,-32.51813420554602,-21.679182895691344,261.6479018946987,0.04085788321439533,-0.010370447088964242,-0.08951066530283859,0.9950934267713043
robot3,4081,1722896250135730062,-32.2065459656571,-22.29871231836625,261.5507253087786,0.04112542198535107,-0.010294420679225778,-0.053107091830444715,0.9976885091884735
robot3,4082,1722896250636146558,-31.968481183965746,-22.838959706731465,261.55840410963344,0.04087589028047654,-0.016711133395318413,0.009286244725609459,0.9989813137758475
robot3,4083,1722896251137808770,-31.70421350234336,-23.58939608460338,261.5752049831055,0.036783663479333276,-0.01685349407781101,0.013228236454057494,0.9990935569798877
robot3,4084,1722896251635350563,-31.504981011649775,-24.129226960213927,261.53603671123807,0.040095013562985705,-0.017513859368320034,0.009604127689794987,0.99899620387103
robot3,4085,1722896252134148512,-31.22768274407514,-24.869796437317095,261.5065580819195,0.03884671478040564,-0.016209197642118797,0.027764193609402656,0.9987278629415464
robot3,4086,1722896252630664778,-30.99527975594993,-25.66872580484863,261.69943492967707,0.026671997757352232,-0.015053652238492251,0.04164076914495658,0.9986631256008859
robot3,4087,1722896253135287330,-30.722412917658996,-26.28982678303082,261.8149631690882,0.029571244984302785,-0.015234991749954414,0.10998107260956422,0.993376867137597
robot3,4088,1722896253634642013,-30.62526668911748,-26.50612728927232,261.823788855653,0.034163473453201726,-0.018758747675039145,0.1833490455791744,0.9822749584268563
robot3,4089,1722896254132396127,-30.574396826401557,-26.62126000683493,261.8918602032974,0.0455966211170123,-0.02542466796568594,0.2999991182054816,0.9525098757899992
robot3,4090,1722896254634427751,-30.706567107551724,-26.66029183591594,262.51977090356854,0.035237404304004495,-0.028433622455624284,0.5238000179170897,0.8506370528504056
robot3,4091,1722896255135156531,-30.923441572411345,-26.629727934396087,262.9785088700177,0.03257784997001198,-0.03322552968916989,0.6686497908970059,0.7421200745173221
robot3,4092,1722896255638611334,-30.868752911591546,-26.682611916392283,263.38736127138304,0.031409520883497535,-0.03681815889091571,0.6973837496935,0.7150620748139186
robot3,4093,1722896256136648919,-30.97711613218942,-27.011634949813935,264.14752540521437,0.05606634110737099,-0.06002851882229818,0.5852132586580358,0.806708487753585
robot3,4094,1722896256632868478,-30.964525752444914,-27.81826089467357,264.83674298485437,0.06498449950202335,-0.04623887047990393,0.3950184676681857,0.9152045628613817
robot3,4095,1722896257134766692,-30.872560090578908,-28.554650472301,265.1281525963833,0.07304798856405703,-0.04095918879171598,0.2524880460555849,0.9639689428707249
robot3,4096,1722896257632802783,-30.605281449194635,-29.312173858457303,265.3492529451643,0.07388665671659041,-0.03308828514211587,0.1257967991596111,0.9887472339616405
robot3,4097,1722896258133448316,-30.446155679824628,-30.169961284730856,265.4425126526946,0.0719028811637476,-0.022251914874016,0.10839655133988323,0.9912542638608984
robot3,4098,1722896258633469458,-30.12170864895384,-31.13497275674045,265.5562765733329,0.08062658484452315,-0.002971102929341298,0.0427372601465846,0.9958233040850447
robot3,4099,1722896259137360487,-29.629496790336695,-32.16440378507172,265.4986718573338,0.07509677557163472,0.006060755884787561,-0.022294661088759337,0.9969085663308275
robot3,4100,1722896259631897170,-29.292332665655515,-32.89084049726838,265.1745801026137,0.05670279841279428,-0.0045331420674217734,-0.10809807009956542,0.9925114863395306
robot3,4101,1722896260133499478,-28.91844963577423,-33.61846595256295,264.8822141125949,0.05290369387751458,-0.003044580725010473,-0.1471809301047865,0.9876890722873333
robot3,4102,1722896260632116737,-28.58709758680066,-34.344811166109324,264.631440703936,0.05017446942467223,-0.010158093869599505,-0.1724465219959635,0.9836877211790257
robot3,4103,1722896261133186925,-28.191530096767988,-35.015332511514,264.381966099058,0.04326321656551461,-0.012393305856493864,-0.18096633342241517,0.9824591015558867
robot3,4104,1722896261632608254,-27.863680999648594,-35.73520638389986,264.01311936469585,0.03931505793445586,-0.019218517106309747,-0.21480666714747576,0.9756756994866882
robot3,4105,1722896262135531889,-27.52350579562281,-36.346693092202386,263.34668160389367,0.04093346975108105,-0.0042940138305539765,-0.36580427500272944,0.9297812887389636
robot3,4106,1722896262635175096,-27.37857133843073,-36.426774849858425,262.65694967116764,0.0468239435907377,0.0018436022262307405,-0.5349078246225341,0.8436099445804506
robot3,4107,1722896263132360109,-27.300797632825766,-36.27596614324401,262.0852186265097,0.03877891340373877,0.007408839036342337,-0.6684236452247657,0.7427322098063307
robot3,4108,1722896263637010170,-27.176898515024988,-35.96633880364406,261.6152049042213,-0.028666436710382985,-0.014935970359273156,0.8054553378573269,-0.5917743243102863
robot3,4109,1722896264131709508,-27.255281396320175,-35.60033579196493,261.2298302645652,-0.021686425266322706,-0.019666306690524042,0.8763084226206397,-0.48086014992349774
robot3,4110,1722896264637227399,-27.317042138398104,-34.97974089649849,260.7666853157453,-0.025298923997975453,-0.02597702519831559,0.9183219022286655,-0.394170067982738
robot3,4111,1722896265134390613,-27.55575355689681,-34.33077474011377,260.14407186629285,-0.018060619693985484,-0.029545053620455394,0.9430507127921868,-0.3308417399981176
robot3,4112,1722896265636657233,-27.64373967369462,-33.59447119477659,259.54445758116634,-0.015797806430770583,-0.029061390578763127,0.945632269797215,-0.32355134864155877
robot3,4113,1722896266133666357,-27.683037121370507,-32.91744732925623,259.1348094524887,-0.01256895755229063,-0.02866160861609888,0.949066411308028,-0.3135179108511783
robot3,4114,1722896266634271999,-27.861448106791386,-32.39958527836609,258.80878670685536,-0.017547494325149966,-0.028218731666553393,0.9439627829420091,-0.3283748666484953
robot3,4115,1722896267133272522,-27.971843709704206,-31.98725718377545,258.3472330334154,-0.016071523903906572,-0.029739933388969554,0.933302797741465,-0.35749563662984735
robot3,4116,1722896267633810634,-28.179651379258715,-31.416539026032574,257.9545979197516,-0.012358870262513363,-0.033056482941444996,0.9705024330934969,-0.23849434924328708
robot3,4117,1722896268134467109,-28.266454397658777,-30.961877600089288,257.8002327279529,-0.01932762998203542,-0.03028513595013157,0.9816409238814632,-0.18732418375881657
robot3,4118,1722896268635262116,-28.244616162901085,-30.36436095465799,257.3628304209324,-0.020997722194987505,-0.03733386654974816,0.9787557074993047,-0.20050571839377357
robot3,4119,1722896269135142679,-28.404876718558594,-29.661731907207283,256.9268084336728,-0.021217611286893073,-0.033734238244375714,0.9797263996630455,-0.19633643560133293
robot3,4120,1722896269634344822,-28.496335566704804,-29.012263583309128,256.5057729896566,-0.02046988805946236,-0.032498813420373064,0.9759257398663946,-0.21469457625969768
robot3,4121,1722896270130914839,-28.45264697878185,-28.47160863212485,256.19219582559975,-0.03351253788906152,-0.018000135785039256,0.9647932763196188,-0.2602438066206576
robot3,4122,1722896270635799240,-28.395840503232847,-28.036953152849645,255.85595541421438,-0.04029585746627317,-0.006837083876142342,0.9503427927068395,-0.3085094398965668
robot3,4123,1722896271137967256,-28.31518189917708,-27.490645903465328,255.36998868233567,-0.02392067794563772,-0.0038631371996131784,0.9516978507593019,-0.3060785490649805
robot3,4124,1722896271638057769,-28.286074137452967,-26.818913513939464,254.92987155395298,-0.02840668757655509,-0.02145446670921159,0.972111183417673,-0.23180296165804834
robot3,4125,1722896272132053025,-28.450611034263982,-26.04708533605622,254.5630323130118,-0.023612827645796967,-0.021872931128372096,0.9849315661472937,-0.16992298037953119
robot3,4126,1722896272640409723,-28.648867020893267,-25.25383666664689,254.2978826752201,-0.02025769613191844,-0.023252229142875565,0.9923715439852093,-0.11936363883413438
robot3,4127,1722896273138164439,-28.843686697566756,-24.470204464912424,254.13814710844153,-0.019459023561619323,-0.01893295900525873,0.998159456488301,-0.05422719694316829
robot3,4128,1722896273635128559,-29.088642258551438,-23.787104036900274,254.01451760014032,-0.014342145313470807,-0.02097112106743419,0.9996062597788793,-0.01190967505273964
robot3,4129,1722896274132141404,-29.23094162647165,-23.07887781978495,253.95901887768053,-0.015550939927818364,-0.019866170569134856,0.9996739688602511,0.0039318592895858226
robot3,4130,1722896274637614929,-29.356718156294306,-22.280754956908524,253.8113613989371,-0.02444812046666002,-0.01684320084511771,0.9990793397744705,-0.030968836380249914
robot3,4131,1722896275134555527,-29.42208429653292,-21.611375001317867,253.61015747505965,-0.02492748113952356,-0.017691365287786878,0.9977118309456726,-0.06030537844443265
robot3,4132,1722896275637886185,-29.518351786521173,-20.950181177160296,253.37053199793652,-0.012062928720717585,-0.019909553025325016,0.9979883760042975,-0.05896860867712295
robot3,4133,1722896276135884158,-29.68231872369224,-20.31863440356158,253.0995641396877,-0.016703193304665846,-0.01602534575684835,0.9952235602372367,-0.09483805552371748
robot3,4134,1722896276636775868,-29.872057078588288,-19.70783659437546,252.7832738165555,-0.022786897453446038,-0.017463135721877375,0.9909997883471171,-0.130748673764496
robot3,4135,1722896277137563750,-29.87144864512631,-19.16952706353869,252.4617051285124,-0.024850853056900032,-0.011439042924176052,0.9831374767183434,-0.18081008066811977
robot3,4136,1722896277632606132,-29.892676916049354,-18.48441180472019,252.09056571799718,-0.0246663130942768,-0.010506374087882511,0.9835045274605778,-0.17888553202091548
robot3,4137,1722896278134884169,-29.896459672068026,-17.81998931104247,251.5103161657549,-0.028212734726136984,-0.01072852662074601,0.9748218044603209,-0.22093299858677634
robot3,4138,1722896278635425839,-29.93620880066635,-17.160156113353327,251.00181255915655,-0.03228939360572563,-0.009196024038578181,0.9712820555011777,-0.2355504125741739
robot3,4139,1722896279133750759,-30.022448382057206,-16.5520965525525,250.5777241264546,-0.027350666157437673,-0.006352049433964882,0.9712542706758419,-0.23638260135355005
robot3,4140,1722896279636387320,-30.013941964260564,-15.91613245111668,250.06397457765624,-0.029894993310138104,-0.005159704949427043,0.9640114471986277,-0.26412420655787866
robot3,4141,1722896280136248507,-29.99095998711557,-15.327070715119639,249.5404385060342,-0.028687988828943484,-0.006491950058779229,0.9622602073658256,-0.2705367760613389
robot3,4142,1722896280639564912,-29.96155878317952,-14.580036431467533,248.89480868935556,-0.027817913668696247,-0.006327067176754047,0.9694086867160031,-0.2437886995322297
robot3,4143,1722896281138113941,-30.009415770618876,-13.625310436938827,248.24074834420145,-0.030010786161564402,-0.006788423849162275,0.9779385852156116,-0.206614117528539
robot3,4144,1722896281632225966,-30.13295265783154,-12.664854121695589,247.67791323353066,-0.029755219449585556,-0.0069194635956105295,0.9854443737171991,-0.16723078140155095
robot3,4145,1722896282134241469,-30.203042614501157,-11.71993222141026,247.17326296581535,-0.03258764662819489,-0.002147833798952767,0.988136542662683,-0.15006533627672894
robot3,4146,1722896282634090872,-30.332753298754543,-10.771281515055914,246.6174176969758,-0.017161427345716206,-0.0008945396847489989,0.9887435336946119,-0.14863011063476372
robot3,4147,1722896283135193030,-30.37584331296867,-9.922125974513753,245.98511676760506,-0.03321268970073824,-0.004316704919167958,0.9792988979015357,-0.19962953656791593
robot3,4148,1722896283635725022,-30.414128904500195,-8.930137708358059,245.45120515183334,-0.02339766087316534,-0.009217664347572143,0.9909613236692526,-0.13176964415722817
robot3,4149,1722896284133930251,-30.45729842395486,-8.122015971746094,245.0098798565882,-0.03208520335128487,-0.008403223623075065,0.9860772877167266,-0.16294633536189498
robot3,4150,1722896284632515146,-30.524032293553194,-7.45770902748345,244.61799601473385,-0.028938740672670386,-0.007442950199474032,0.9862067527824022,-0.16279862575279314
robot3,4151,1722896285136810631,-30.577232954313814,-6.81624521582935,244.19132106142263,-0.025141314950171544,-0.011383618265569497,0.9861165025429699,-0.16374544552500084
robot3,4152,1722896285635734123,-30.601499451316272,-6.596284671968433,244.09329213570513,-0.025570842572186517,-0.010207225471785554,0.9863518162676885,-0.16233311154459043
robot3,4153,1722896286133028401,-30.62349629908316,-6.617161052833833,244.24941429679788,-0.025534860570406253,-0.009628061242684177,0.9861542994204253,-0.16356946251353693
robot3,4154,1722896286637225788,-30.60454887021869,-6.659330351402054,244.23751133096442,-0.025594195131564128,-0.010140182182006761,0.9872429781599119,-0.15682288083959783
robot3,4155,1722896287134241550,-30.600584648837355,-6.68225670518269,244.1719476865181,-0.025477335921759166,-0.010305068552104751,0.9879500362518565,-0.15231361326690893
robot3,4156,1722896287636590897,-30.58179431084048,-6.6783406544023425,244.13688602968563,-0.02555668962657892,-0.010219443430707895,0.9881128096096771,-0.1512464679804698
robot3,4157,1722896288135490964,-30.579922933864363,-6.6938299039188385,244.11898281885138,-0.025550457300850687,-0.010033696889591564,0.9881371385012218,-0.15110094166835153
robot3,4158,1722896288635707813,-30.588309274744695,-6.697160226907588,244.10275146251615,-0.025687606071664693,-0.009810291373398365,0.9881323755366881,-0.15112350410739486
robot3,4159,1722896289140034331,-30.58493801167387,-6.69929522871149,244.091036231429,-0.025732788632360087,-0.009616783083885968,0.9881285330966596,-0.1511533762526114
robot3,4160,1722896289640953652,-30.58983689324791,-6.701227102161553,244.0802693592422,-0.025866276254878837,-0.009377279267276833,0.9881250614520695,-0.15116833437130153
robot3,4161,1722896290137404691,-30.58937310585119,-6.701415569126639,244.0633982796923,-0.02600423218370552,-0.00919466275245354,0.9881125998957582,-0.1512373234775398
robot3,4162,1722896290632952704,-30.59865211535897,-6.703414149182246,244.045721755549,-0.026134045040300046,-0.008974707592780648,0.9881140126607748,-0.15121892836836923
robot3,4163,1722896291135250611,-30.58430497515744,-6.700817425863601,244.04904067065877,-0.026210914481873068,-0.00869018644651807,0.9881178644868858,-0.15119707174223043
robot3,4164,1722896291632692016,-30.57882040235012,-6.697321742181181,244.04352640129974,-0.02631109118952088,-0.008424343536901236,0.9881339602654817,-0.15108948833868077
robot3,4165,1722896292133559249,-30.578127357409006,-6.702005942783595,244.04566625590425,-0.02631734877431687,-0.008081630653666126,0.9881614011245957,-0.1509275645034543
robot3,4166,1722896292632033626,-30.5709326831862,-6.694919830312838,244.04600301451222,-0.02642171077448526,-0.007761256502388602,0.9881991382800072,-0.15067886115811016
robot3,4167,1722896293134793006,-30.561568752320873,-6.685127726157281,244.03980689964587,-0.026517478193607807,-0.007496990902430214,0.9882216753805431,-0.1505275349752758
robot3,4168,1722896293640477554,-30.5489160043763,-6.6742962589088455,244.02456606429004,-0.026699030260227276,-0.007281241609232506,0.9882434696908666,-0.15036286083055414
robot3,4169,1722896294134485042,-30.543087414362095,-6.6612961499437775,244.0210834012265,-0.02684135414052598,-0.0069791386505093055,0.9882698916041243,-0.1501780765636992
robot3,4170,1722896294632076104,-30.5465850135829,-6.6578077765028985,244.01507869072282,-0.026897361674508125,-0.006660815134384848,0.9883096204269507,-0.1499208446088565
robot3,4171,1722896295133565065,-30.549990864868825,-6.656001452878801,244.01033694629675,-0.026904453883103578,-0.006419754562015975,0.9883544639538144,-0.14963418959309896
robot3,4172,1722896295633266442,-30.541456613401564,-6.646670889362108,244.0111762610106,-0.026985101551919893,-0.006152449830401025,0.9883935715936367,-0.14937235114870268
robot3,4173,1722896296133448710,-30.54014257020105,-6.644480517120171,244.0171452226429,-0.027006029621619996,-0.005877575078079683,0.9884289170505174,-0.14914558127420052
robot3,4174,1722896296631527443,-30.54087658912097,-6.633144142240043,244.01934940828352,-0.02708193294566644,-0.00557856144605288,0.9884738438489068,-0.14884525046734254
robot3,4175,1722896297135595533,-30.537872317675234,-6.634300270440627,244.02210060517174,-0.027116443565167295,-0.005352757054463809,0.9885139806450588,-0.148580471629193
robot3,4176,1722896297634661327,-30.54218306751293,-6.639020549896908,244.02930054506342,-0.027140940858824923,-0.005091219502031552,0.9885565197886428,-0.148301908270415
robot3,4177,1722896298133243600,-30.54404320910976,-6.6503386405124445,244.03030362292137,-0.0271066283655351,-0.005094854145069148,0.9884990687158943,-0.148690498377344
robot3,4178,1722896298630749271,-30.54361966317043,-6.648955900535927,244.0320968666307,-0.027131026132479506,-0.005097032382791036,0.9884442471293488,-0.1490499849003096
robot3,4179,1722896299134405439,-30.53673097579196,-6.656045724396739,244.02762005343723,-0.027178810197630018,-0.005121932029510214,0.9883924263600925,-0.14938369925308248
