robot_id,keyframe_id,timestamp,tx,ty,tz,qx,qy,qz,qw
robot1,150,1722894275697938011,0.2809558385051787,-0.3270400324836373,0.4295889707282185,0.002445565482073601,0.0064250656801999,0.46747559265694183,0.8839792463686684
robot1,151,1722894276199053375,0.2875294056703095,-0.33066369781408034,0.4296676784808232,0.002455311869273979,0.006445287305052481,0.4674439955014174,0.8839957809768386
robot1,152,1722894276697757121,0.2893242789407147,-0.33100990210012404,0.4347954081476517,0.00244532458311334,0.006440410721128185,0.4673800158964978,0.8840296727135439
robot1,153,1722894277199464428,0.2750314003758861,-0.3266016077804284,0.43471282480605455,0.0023951775887335403,0.006365263083232175,0.46731044421061785,0.8840671327913253
robot1,154,1722894277697124892,0.27860295258958445,-0.3297590418572592,0.42338696608989107,0.0024380492168969183,0.0064036795682914874,0.46725914277342184,0.8840938537840028
robot1,155,1722894278196879401,0.28853338582122695,-0.33574470143137536,0.42061380485515276,0.0024418658938268416,0.006477193807766682,0.4671944940758717,0.8841274726850893
robot1,156,1722894278697195873,0.28691533019387727,-0.33652731881751635,0.4222980903765727,0.0024093000369737514,0.006462407270872887,0.4671379468833581,0.8841575488266773
robot1,157,1722894279198548172,0.28107051363514834,-0.3359919247652067,0.42845107582078956,0.0023432451976635807,0.0064573299538873636,0.4670681092914815,0.8841946580785766
robot1,158,1722894279697571130,0.2759479689342252,-0.3346701563895345,0.4343100539040032,0.0023047648378586127,0.006448723249122415,0.467021667455172,0.8842193529633294
robot1,159,1722894280199049384,0.26763939158998984,-0.33084431678901655,0.43649001352537825,0.002249431586113254,0.006389239856079211,0.4669784301380087,0.8842427627396459
robot1,160,1722894280697653887,0.26330486592333674,-0.33053373283015897,0.4393114541614281,0.0022593726716737014,0.006398655857064405,0.46696515211917766,0.8842496814501358
robot1,161,1722894281196300217,0.2651211521530896,-0.3301313465544979,0.4352360618270971,0.002270702422885149,0.006387662265697409,0.46692257455358926,0.8842722154707418
robot1,162,1722894281704672716,0.2626848621327944,-0.3303456383045156,0.43995575765988293,0.0022572824778799012,0.006411227780283562,0.46686517483694345,0.8843023857022181
robot1,163,1722894282198861322,0.2630675733147102,-0.3303254425944896,0.44152819413112815,0.0022639053762396554,0.006408264176337471,0.4668079165595909,0.8843326172430755
robot1,164,1722894282704030611,0.2643965431573434,-0.32847321989893624,0.44170861441134895,0.0022699791047906225,0.006408118365583633,0.4667468071665507,0.8843648575184947
robot1,165,1722894283199699413,0.2683672401788437,-0.3268702712915284,0.42962472336965035,0.002323398760619499,0.00637952838541511,0.4666914601240248,0.8843941341297356
robot1,166,1722894283696627005,0.26584199906951594,-0.32884568192109265,0.43314989742115484,0.002303601265378585,0.006361298209335039,0.4666574867287425,0.8844122440278152
robot1,167,1722894284200326071,0.2612177408170525,-0.32543007221874354,0.4335877492495257,0.002285717774654199,0.006330253583104965,0.46664769145767926,0.8844176815515659
robot1,168,1722894284703936539,0.2638643360226457,-0.3254072520549813,0.42487122913685876,0.0023353120429594793,0.006307179604671541,0.46663419155002095,0.8844248397006694
robot1,169,1722894285197538349,0.27313684898808194,-0.3363713206829227,0.42992521665405525,0.002660234395320151,0.0056547273426034534,0.4661612388302666,0.884677707769261
robot1,170,1722894285700169670,0.3736062527043703,-0.46099885239996036,0.5922146837913131,-0.000615961038151462,0.005032771499968771,0.462161121295456,0.8867814780237324
robot1,171,1722894286197447883,0.46224345044685716,-0.5791125566015205,0.762355265454669,0.004700620969867206,0.003043853422843234,0.4612908545998031,0.8872313038782059
robot1,172,1722894286695977227,0.45830830950034074,-0.604257004065337,0.9001268689642262,0.00773007493823553,0.001968320737057532,0.46095065477272884,0.8873899174092063
robot1,173,1722894287199193500,0.4448411530182784,-0.6360944067163102,1.086557325924015,0.005805924354661257,0.0009236346895133732,0.45699435972241087,0.8894501634848645
robot1,174,1722894287697185264,0.42103513524532676,-0.6651772840931183,1.211755558830558,0.009326800685236657,0.0005950634932104718,0.4419422476769621,0.8969948196097074
robot1,175,1722894288198570800,0.479814679191986,-0.8551523391028674,1.3963429598617887,0.0022813130252553266,0.0017717878939413978,0.3782484017771108,0.92569962889244
robot1,176,1722894288697517954,0.5529942820541144,-1.0295894645468682,1.4865178886948822,0.005143185954972052,-0.002159626400580475,0.3143964153355664,0.9492753961186335
robot1,177,1722894289198373729,0.6594540148681608,-1.1841190532494512,1.5530216475445673,0.0024948301617081334,-0.006779038666820875,0.2085279886504496,0.9779897230577711
robot1,178,1722894289695767102,0.763046455717324,-1.3171587787375696,1.5570377529144999,0.006240686590631529,-0.008696450722610122,0.10483012862747175,0.9944325365290773
robot1,179,1722894290197036478,0.8428918896341839,-1.4363193484075523,1.5482288061428906,0.00033192226256496685,-0.010053766123119827,-0.004292284917895207,0.9999401921637798
robot1,180,1722894290698060223,0.9115962887986558,-1.529691484202702,1.5268810984988284,0.0008483246451428598,-0.019581236947164477,-0.10578035336337836,0.9941963449677504
robot1,181,1722894291197480359,1.003624825109022,-1.6349897207748232,1.4552195398408156,-0.0006590697300269107,-0.025600995086704492,-0.21154807843958132,0.9770320185061399
robot1,182,1722894291702387717,1.0935682157243172,-1.7336577853572712,1.3638547326573223,-0.004000757130432359,-0.0294398837141614,-0.31563217880365757,0.9484163721135016
robot1,183,1722894292197197277,1.1872509355063676,-1.8189872376570255,1.2168486877688618,-0.004048289782852909,-0.0283059528602658,-0.41674515067159684,0.9085735323980192
robot1,184,1722894292697145742,1.2613864064479843,-1.8729737821079533,1.0365193075012162,-0.0051537694207115185,-0.028043980122824747,-0.5238131576221426,0.8513558302740101
robot1,185,1722894293198882804,1.331575940932944,-1.868290972774509,0.817380316637821,-0.004288911771298301,-0.029248286465353247,-0.63718370063498,0.7701448400267128
robot1,186,1722894293698166035,1.317257927131612,-1.8142585765473096,0.5624309134943852,0.002475010509886321,0.02897721354633835,0.7457226203315719,-0.6656214907467156
robot1,187,1722894294199025528,1.2546507782501481,-1.7279177328052564,0.3507736140185888,0.006848987323925889,0.034446746105578394,0.8285357289502548,-0.5588336594267066
robot1,188,1722894294698500879,1.2296779081870468,-1.6312800968006884,-0.01693089865709694,0.00546724518493491,0.03444479868421282,0.8602103249734999,-0.5087453802077004
robot1,189,1722894295197594453,1.1353288822587722,-1.4081818898647245,-0.6007312245020131,0.004190743924562219,0.03116495905803756,0.8806915338280985,-0.4726453271066802
robot1,190,1722894295698366224,1.120459197006633,-1.2354506449870957,-1.275489855634064,0.0013487605105204673,0.024361307682080093,0.8836358926399399,-0.46753857249591807
robot1,191,1722894296198077643,1.1667739580388008,-1.1047308208868638,-2.0169212621976427,0.0033482198412053926,0.030076390643048543,0.8870103900715418,-0.4607567341395163
robot1,192,1722894296698668174,1.1864069491750382,-0.9236382247241294,-2.75732312038686,0.0029359822427902317,0.030499785206321448,0.8899500657196642,-0.45502749767041967
robot1,193,1722894297200749577,1.1638147263577872,-0.7220967655999415,-3.42234062774288,0.010617932031310251,0.02681446701786612,0.8961715308732189,-0.44276950112928704
robot1,194,1722894297696771011,1.040115690057039,-0.4520103106979784,-4.06037626363146,0.008822199380471655,0.026115631466080196,0.9014574410215231,-0.4319891487273105
robot1,195,1722894298197981775,0.916740634445028,-0.16204592748313432,-4.692330319357872,0.0011643547426463262,0.02686809958485026,0.9055397992228248,-0.4234081028112451
robot1,196,1722894298697558411,0.8262312602835926,0.15539521420257013,-5.312299836222221,-0.0022676155225540727,0.02323012599256933,0.9111150841523606,-0.4114906105809072
robot1,197,1722894299197385870,0.6542436902659574,0.4759686288214126,-6.031990241971855,0.0026997305222351805,0.027591486829773602,0.9139381533297537,-0.4049055114441263
robot1,198,1722894299697509235,0.5078472276269894,0.7572752576806023,-6.728742862049393,0.003210719064596537,0.026118351188589288,0.9111905482483564,-0.4111439015687054
robot1,199,1722894300196947772,0.40149083425869153,1.0363365279696297,-7.457242230422857,-0.0014530437490543483,0.02754162748517588,0.9005348156745467,-0.43390827737822835
robot1,200,1722894300698886003,0.3667715017561423,1.2244567719362374,-8.115265832932884,-0.005112848924014581,0.029616121920804952,0.8884613446570178,-0.45796635591328777
robot1,201,1722894301197485707,0.34607358309852687,1.4317100507651093,-8.822172083050544,-0.003612477895182222,0.024872885175952462,0.8756051574278475,-0.4823731935672162
robot1,202,1722894301699356770,0.3195667744454557,1.5928998049332594,-9.537148337185327,-0.00032087511687261476,0.029027551668919793,0.8559243097380647,-0.5162856518272465
robot1,203,1722894302199210904,0.3118991944031157,1.707569236402032,-10.231005909558807,0.0005982229295334819,0.029111762744266554,0.8489483491146818,-0.5276730502258995
robot1,204,1722894302698097452,0.3293264882351344,1.8615192566102015,-10.810029966238236,0.0011379106038551649,0.03326494720368435,0.8479886467990532,-0.5289682441762493
robot1,205,1722894303197840586,0.2836929811526909,2.0577831482106426,-11.443850132184012,-0.003254251942324293,0.03441597113206121,0.8515568194515766,-0.52312133776099
robot1,206,1722894303698442392,0.28329327568091645,2.1882036584683475,-12.046539647512352,-0.004301053997878641,0.03003953484340285,0.8551490786035199,-0.517493169659707
robot1,207,1722894304196664367,0.27024419074859807,2.4065637980641044,-12.689327563672265,-0.0015183657922895923,0.02858274639036492,0.8589560366546415,-0.5112487146865554
robot1,208,1722894304697935157,0.24483000505500183,2.630296375355809,-13.353699112261491,0.003118618265896779,0.024629901978287128,0.8630480846759567,-0.5045112939130443
robot1,209,1722894305197213883,0.21063644845192758,2.8392766188189715,-13.97874688374783,0.005926434352850282,0.023858410499676293,0.8652560771355671,-0.5007270460083617
robot1,210,1722894305699129509,0.20264713636714266,3.0326966746266555,-14.598216685237931,0.0037243145302011784,0.028924288449799895,0.8570976832244348,-0.5143277908399073
robot1,211,1722894306198414621,0.25085004285842977,3.214805213779538,-15.182095867659699,0.002521453267050826,0.029506391747349953,0.8562860003109244,-0.5156523061046017
robot1,212,1722894306697289951,0.19045219535018398,3.3298429037618216,-15.791326255268437,0.0002447518282590187,0.033410259037876124,0.8497746158738957,-0.5260863017642042
robot1,213,1722894307199232861,0.1759063745398253,3.489810513948589,-16.406642698784243,0.004204150847970821,0.0323819276655557,0.850566678136407,-0.5248524191811522
robot1,214,1722894307698459811,0.15434683229946206,3.698799867267496,-17.087844272641714,-0.0013944705505428158,0.031028766022360862,0.8518191772761615,-0.5229142954209387
robot1,215,1722894308198047444,0.13307488300685466,3.883611163831482,-17.670649090690247,0.0007890684887908369,0.038670868736884315,0.8545391469843391,-0.5179447726865606
robot1,216,1722894308697593466,0.14378413829016537,3.991713628118953,-18.291761249815615,0.006744783625066893,0.0372361547512017,0.8560077831790607,-0.5155760388246003
robot1,217,1722894309199858444,0.12992605315166317,4.171767393385692,-18.953479846958736,-0.008740515215418439,0.03120472362370095,0.8571025570472041,-0.5141255443181966
robot1,218,1722894309697590281,0.1761545530223245,4.33047119173631,-19.502738895245397,-0.0007545655581301616,0.03578937340376284,0.855093439153796,-0.5172366592753436
robot1,219,1722894310197344492,0.22612339812368193,4.391121509503872,-20.059130441894794,-5.744393577842868e-05,0.0341006911962772,0.8367432242824068,-0.5465326304783753
robot1,220,1722894310697443557,0.2613842933749121,4.549848741446852,-20.76887760008218,0.004953470745590601,0.031402174500099723,0.828772266608642,-0.5586822859771124
robot1,221,1722894311200008659,0.3016578082555739,4.727091666288949,-21.493699021734443,0.0002775757694258211,0.03134232729813189,0.8263029639205268,-0.5623530859587965
robot1,222,1722894311697170887,0.37796679310006215,4.800187152834782,-22.17695601356735,-0.0030888561016358955,0.03328551820138628,0.826386670183618,-0.5621099577385912
robot1,223,1722894312198273850,0.45019662207963296,4.851622164523873,-22.791104414812505,0.0018864624094856565,0.03472004373095722,0.8306706444333346,-0.5556772807121114
robot1,224,1722894312696955904,0.4986774928005432,4.93932871588946,-23.43990784847659,0.004271371253708374,0.031633009915263445,0.8376333686987738,-0.5452994110703384
robot1,225,1722894313200195474,0.4540660771470646,5.141619001814169,-24.102075976916296,0.004618506498437399,0.033314460372441686,0.840641791873106,-0.5405461995835235
robot1,226,1722894313697397256,0.4706276224595534,5.263811050041316,-24.771924371358953,-0.00016673602410404963,0.027435134865926365,0.8461183244861861,-0.5322885181390594
robot1,227,1722894314196914224,0.45582506880545687,5.447072819991773,-25.442678305303296,0.005921208538658264,0.025503109185668272,0.8524460730750414,-0.522159193359886
robot1,228,1722894314699241440,0.48155672667359345,5.713908118783571,-26.15767419008392,-0.0034985126314711437,0.02828001387887909,0.8572715911751952,-0.5140753059507203
robot1,229,1722894315197746760,0.3935240489216206,5.886365909878069,-26.807770095376757,-0.0024901245914692774,0.03267220597770369,0.865336634156,-0.5001188217050369
robot1,230,1722894315699018470,0.35909696693715903,6.119884109942618,-27.569070192865922,0.001928314483140075,0.02953113117151314,0.8721120880363165,-0.4884103805161408
robot1,231,1722894316199651228,0.3722632142076612,6.308253666781182,-28.280198512512364,0.0013225964887606642,0.022660676524919224,0.8716392114878867,-0.48962212927392895
robot1,232,1722894316697899723,0.39957712190590106,6.466662721200946,-29.082509903351802,-0.00041567149317398223,0.019769847224638665,0.8662902269906299,-0.4991494996275638
robot1,233,1722894317200800758,0.34978071013715417,6.73594768786676,-29.83355793191912,-0.004180939793323956,0.023636732179710934,0.8662018886026447,-0.4991173337157513
robot1,234,1722894317697954084,0.316353771564823,6.938859992308178,-30.63062849122284,0.004714046594650693,0.03733791207933471,0.8667617879672206,-0.49730037302029684
robot1,235,1722894318199186139,0.34549059301085555,7.1218830995288025,-31.41529669034879,0.0024391399147851603,0.017667574971728908,0.8695577134528941,-0.49350915935336903
robot1,236,1722894318698470635,0.40040349911233103,7.305723720589817,-32.134912302425995,0.01016265749118157,0.0178218083654425,0.873270826645427,-0.4868030062246071
robot1,237,1722894319199705713,0.41986769415216724,7.425227423274528,-32.73324608306307,0.006220434174752598,0.019481054545385255,0.8722452974755992,-0.4886409067445959
robot1,238,1722894319699345578,0.4108799620352686,7.558532052815665,-33.34410801821055,0.004913885822667737,0.021968701410618553,0.8626273651177656,-0.5053387565133255
robot1,239,1722894320199151720,0.4196483445898946,7.7142411727097855,-34.0655465843397,0.0028072948445154954,0.023765345436577264,0.848011816809578,-0.5294367629880408
robot1,240,1722894320698718619,0.4464083789704241,7.84414392307696,-34.78245055788919,0.004802727167036915,0.019922724315079285,0.8265301569733845,-0.5625192605424073
robot1,241,1722894321199994022,0.602828050766944,7.909604543676479,-35.46391071837909,0.013447232225423475,0.01792964054890732,0.804815640023126,-0.5931015811051499
robot1,242,1722894321699533517,0.7589586967317572,7.945018864057592,-36.192121950501196,0.00933988391739282,0.014732126086528458,0.7820407451819557,-0.622983148973254
robot1,243,1722894322199234826,0.9313516689013095,7.932457578052731,-36.862499208578754,0.009432127048915013,0.028521530884751026,0.7598140671505688,-0.6494460259447542
robot1,244,1722894322699911445,1.104804611366684,7.937532508129978,-37.56473215892791,6.502182480704809e-05,0.03169498062813559,0.7459059853202695,-0.6652966894841296
robot1,245,1722894323197900313,1.2851706863141374,8.00771068132011,-38.21852531824358,-0.006383168755236221,0.028992126033375882,0.7449407328875338,-0.6664698164731024
robot1,246,1722894323699519523,1.4973533094752898,8.106923447770484,-38.954979908704765,-0.015409500303972699,0.01803279783823091,0.7823961030580998,-0.6223292564406776
robot1,247,1722894324200996918,1.5619724800122714,8.244429558075547,-39.56977481133281,-0.007332369834081449,0.025716322181389445,0.8199659825323203,-0.5717872809147523
robot1,248,1722894324697447046,1.566443229683302,8.343837013058218,-40.09018664792359,0.005990755743936929,0.027545743991333436,0.8435562454736996,-0.5363004787951396
robot1,249,1722894325200155328,1.5671299822844715,8.544484592339805,-40.700700549200995,-0.0021565923007357663,0.02733528149079386,0.8434694684778342,-0.5364768282425506
robot1,250,1722894325699861421,1.5773632788793337,8.693057283747684,-41.286306638035754,-0.009787543202407828,0.023701735969469662,0.8470545395822803,-0.5308870300573801
robot1,251,1722894326199359956,1.4902068993841766,8.877807305751956,-41.806493257714905,-0.016621015208875926,0.027753398010161377,0.8512188465780389,-0.5238129112409017
robot1,252,1722894326698316500,1.423543780916476,8.997103389753718,-42.16856769346011,-0.002932175033671722,0.03554906013951136,0.8597309310853569,-0.5095001401450983
robot1,253,1722894327200448411,1.3498318570330834,9.086130885617761,-42.575847988399936,-0.00221990046963074,0.025654885777363644,0.8686103140250019,-0.49482625359518156
robot1,254,1722894327698030669,1.2066371145539283,9.288207985750022,-42.976906533273294,-0.013159268832637981,0.019368061352785012,0.8778832769178351,-0.47830185443005424
robot1,255,1722894328198574383,1.2123575569795444,9.408353242415735,-43.200006098204604,-0.021445119578019436,0.013378334328059557,0.8862644418204864,-0.4624894227779838
robot1,256,1722894328699979028,1.296575726691201,9.360384490775816,-43.27953045701112,-0.02047013888886215,0.01391383922534155,0.8887124648288863,-0.4577963885284018
robot1,257,1722894329200336546,1.168829022576055,9.57657934916029,-43.48667023854958,-0.03462189062375588,0.013800797234409353,0.8837212834965572,-0.46652712223463366
robot1,258,1722894329699195322,1.0023908597565891,9.81345395588161,-43.706727400949276,-0.02531406385838868,0.02259293819998749,0.8809776329184534,-0.471939792359008
robot1,259,1722894330199319490,1.03646966721369,9.862226463398219,-44.006129048583816,-0.004074420982197808,0.02829608187026412,0.8741892245058605,-0.4847431594177408
robot1,260,1722894330699494556,0.9197932913077846,10.044770936939274,-44.32801697750962,0.007300122290825061,0.016137683611480203,0.8978372554984556,-0.43997107407328034
robot1,261,1722894331200311959,0.7542620625428376,10.166276843959372,-44.57564572910622,0.007437900141767261,0.01986011632482977,0.9178398724279057,-0.396383932573674
robot1,262,1722894331701184487,0.7217212806848821,10.26048498988535,-44.877039266625054,0.009448122780656777,0.0213298977235245,0.9194467427691688,-0.39252191741378173
robot1,263,1722894332199507101,0.6177156249439039,10.445497270581987,-45.20808277937047,0.007542931612982432,0.02154451728389866,0.9269556637502692,-0.37447581417093356
robot1,264,1722894332698707182,0.4459875302759324,10.678845411303701,-45.50189109299903,0.006787396540713046,0.01931606973416584,0.9361487746736535,-0.3510075389151081
robot1,265,1722894333202767798,0.38016863404319934,10.822115396520893,-45.767715327119916,0.005266454405559543,0.017805163394855463,0.9423194519909509,-0.3341994778780342
robot1,266,1722894333699467027,0.29026367149356996,10.99925540388373,-46.0681990563293,0.006852231545912517,0.010972266550647538,0.9474051039721029,-0.31977527305467446
robot1,267,1722894334199392864,0.1220042479586801,11.178117005526397,-46.326324258455514,0.007868467249417668,0.008191515881006558,0.9522133012452733,-0.3052225666989492
robot1,268,1722894334697688376,0.03949854466820943,11.326946866623965,-46.61599889120663,0.005717459085715121,0.006971871454472623,0.9551956471600067,-0.29583775843627763
robot1,269,1722894335201791154,-0.13835939839700742,11.566569080021349,-46.913161886190416,0.005264585516082193,0.008075566168357012,0.9590946280563204,-0.282921479926698
robot1,270,1722894335699867680,-0.35524966229402366,11.806136125540654,-47.18643659672022,0.011468482933965919,0.007721086159895716,0.9592908250913388,-0.28208149819384354
robot1,271,1722894336201311348,-0.4930581529582858,12.00580815639622,-47.50247544102975,0.01122015975220574,0.007011425548362202,0.9591663197642631,-0.2825330404692412
robot1,272,1722894336698433921,-0.624310425513472,12.206787514318927,-47.850309893369435,0.00784498273583475,0.00725479609838694,0.9593658688903368,-0.2819626815515386
robot1,273,1722894337197623286,-0.7902293547468893,12.391672129707791,-48.190461303197154,0.0024982770877229896,0.005163743486605861,0.9599398115294298,-0.28014755505918704
robot1,274,1722894337699966179,-0.9300267467833189,12.592633033800919,-48.50644041234715,-0.007411924362797899,0.0030161909640047486,0.9607369353505834,-0.27734546511972735
robot1,275,1722894338199099563,-1.069089580854817,12.808777821658527,-48.81151007596371,-0.013219791499954982,0.002846691062760418,0.9609476523888758,-0.27639960714696965
robot1,276,1722894338698098284,-1.2367603752324925,13.041035006707867,-49.09265326561467,-0.009762978748695701,0.003869638893960458,0.9617031226783421,-0.27389197500384793
robot1,277,1722894339200918698,-1.4472624767217541,13.31091007636068,-49.36132696321386,-0.002275615946855351,0.003539625219277665,0.9626668783271931,-0.2706561914997453
robot1,278,1722894339699625756,-1.610628798315976,13.54502361369686,-49.609872133345995,-0.0016017943603183382,0.0026227001465068647,0.9637690249269171,-0.2667204946947051
robot1,279,1722894340206481374,-1.7716862885390288,13.790693969967574,-49.88972380968911,-0.002864752833246989,0.0025979103532807447,0.9646034199843365,-0.2636764801940486
robot1,280,1722894340699485089,-1.8708692026402283,13.938557760608687,-50.12069847816338,-0.0017020951380189923,0.0031921422069303607,0.9648238135473574,-0.26287244418578054
robot1,281,1722894341197735263,-1.8763933585600323,13.975096494215057,-50.27182398389721,-0.0016699210479383536,0.0028716478538146377,0.9634210606013357,-0.2679716869225083
robot1,282,1722894341699288508,-1.919554125045781,14.043202370162534,-50.39283605612527,-0.0037036538320452577,0.0032361714537996393,0.9561306655754065,-0.29289923265338935
robot1,283,1722894342199549961,-1.928562986816623,14.062738106502847,-50.396813206780095,-0.004056711286785474,0.0035846827064077245,0.9497272506534481,-0.31303169569497674
robot1,284,1722894342699241551,-1.9407499070719711,14.081171038487394,-50.429630973872584,-0.0034161975642397987,0.00465149274762788,0.9443722552311187,-0.32882782236166047
robot1,285,1722894343201003635,-2.026973931971969,14.207452812954042,-50.55760670470403,-0.007128923344143056,0.004282191419614046,0.9187176779026507,-0.39482739215733303
robot1,286,1722894343705817959,-2.1025242769286288,14.323753410112602,-50.73436169413179,-0.009437668900646947,0.007597027108752653,0.892412215647716,-0.4510583697788625
robot1,287,1722894344199149727,-2.1203194218578383,14.398808828437925,-50.95099147714729,-0.010581999897555858,0.008313323953937515,0.868052765790245,-0.4962895382001427
robot1,288,1722894344699346576,-2.111915737940719,14.471854514899242,-51.20832249790856,-0.0115159735101144,0.007318666288899279,0.8394014800473868,-0.5433405697830068
robot1,289,1722894345203068400,-2.201870244568942,14.672224714471463,-51.61300741389726,-0.015423062202426247,0.006250219420486598,0.8366343024146713,-0.5475090026041692
robot1,290,1722894345701858526,-2.3480937237430175,14.959014975450776,-52.17557429876554,-0.009552385926414058,0.01066669981953718,0.8374494673431047,-0.5463271575574683
robot1,291,1722894346200174475,-2.4362899399329474,15.184026684820168,-52.74937295317698,-0.012203924393843739,0.01238321750817153,0.8333137147903021,-0.5525268978935974
robot1,292,1722894346700672733,-2.4526321855893474,15.315279315678207,-53.30696651870703,-0.010824544042351626,0.014474103783262441,0.8276607245164715,-0.5609376566596468
robot1,293,1722894347202741420,-2.5312682674621474,15.56349992478475,-53.97404139939537,-0.007728584973869056,0.018006422819204386,0.8272008874004878,-0.5615645373377874
robot1,294,1722894347702004061,-2.6090677564597873,15.786264720428658,-54.56597186551179,-0.005994985687381592,0.021937613559770704,0.8357391348297759,-0.548655538358894
robot1,295,1722894348201596833,-2.7316321268897625,15.98665317368002,-55.039547134415166,-0.0008806619736341098,0.030429605539876226,0.8730712610187956,-0.48664138410561203
robot1,296,1722894348701867351,-3.002271514159361,16.331129011791752,-55.43239229656916,-0.008253841751031655,0.035049313539396575,0.9189216276288187,-0.3927931542081264
robot1,297,1722894349202305524,-3.2618924956922934,16.649027258805237,-55.77209493784879,-0.0041912221669622,0.04447403010946671,0.9314101069447805,-0.36121974888380887
robot1,298,1722894349701564257,-3.5270260788804606,16.985083893060366,-56.04431313923624,-0.009571775675102367,0.04881827271918935,0.9568705029579618,-0.28622368512776436
robot1,299,1722894350201773922,-3.8774563645088516,17.391446260396247,-56.230598530823194,-0.018587255688170295,0.046854077503634954,0.979805410828207,-0.1934956491992372
robot1,300,1722894350701879085,-4.249528389147581,17.779319443136103,-56.288044788047195,-0.019288307796853702,0.04159417383312906,0.9927527707672118,-0.11108475151656472
robot1,301,1722894351205755350,-4.555940126555329,18.103091234248325,-56.27280045105949,-0.018318491457991887,0.0340501793786237,0.9991617259009261,-0.013448555672249767
robot1,302,1722894351701304055,-4.766933786497261,18.30256848357691,-56.26256102657811,-0.021782912239865216,0.03363827799027622,0.9984596372659276,0.0383708709699407
robot1,303,1722894352201522788,-5.065534587060375,18.56852848858222,-56.19891466176709,-0.023659581217710588,0.03577905263682799,0.9972605075075145,0.06026245742473771
robot1,304,1722894352701535242,-5.558313156144998,19.015833612761906,-56.02544100755783,-0.020131679850931623,0.03569910427500226,0.9968316405767684,0.06816868610564905
robot1,305,1722894353205045898,-6.2111055882348145,19.595072550814823,-55.770297870212715,-0.02391561394695376,0.04114393940670254,0.9951403109825988,0.08620313867310463
robot1,306,1722894353700073024,-6.7541145932288265,20.087271307057954,-55.49136304173673,-0.029287435031268145,0.033945026729774286,0.9848607442304697,0.1674493827501598
robot1,307,1722894354201423719,-7.2460682364966,20.47138275574981,-55.13227110945733,-0.021660450781472388,0.020750919055248822,0.9708888035542416,0.23764501964762322
robot1,308,1722894354699522973,-7.702632369607262,20.82772153769178,-54.720225478711235,-0.03071964416957921,0.022084885163935974,0.9636378215672422,0.26451977270996196
robot1,309,1722894355200380530,-8.254113849940873,21.279549968179527,-54.281919929770424,-0.02481872817718445,0.020764275956723387,0.9663697734437998,0.2551123998355219
robot1,310,1722894355701728377,-8.818287491060063,21.76108993350578,-53.83906446904443,-0.026149931312507417,0.021889022047192556,0.9687793635274752,0.24556790630998315
robot1,311,1722894356201711914,-9.373370066027467,22.221912596255812,-53.50609662539562,-0.023963412399492064,0.024024258670258973,0.9784234498493586,0.20380417720546357
robot1,312,1722894356698822589,-9.943139419339643,22.673175627244625,-53.20133834360857,-0.02762922573184339,0.025573172837230745,0.9837067082749548,0.17579462679885524
robot1,313,1722894357200765444,-10.444644509679499,23.11681349260011,-53.05850855638096,-0.03170456056606006,0.027416462214185786,0.9912894215464613,0.12485367903691616
robot1,314,1722894357700837978,-10.877815141766195,23.517362516397075,-52.948197320742686,-0.031195869732427495,0.029170145162230394,0.9962248594438008,0.07557744219693643
robot1,315,1722894358202150495,-11.351820632402745,23.918008469382244,-52.90624448034155,-0.019709813542306078,0.02410467688100668,0.999185618067378,0.02566297819625673
robot1,316,1722894358700527814,-11.733590826090948,24.22496412670054,-52.897917918064955,-0.01750306134567751,0.018019382824341488,0.9994020657406425,-0.023758276021119733
robot1,317,1722894359201781255,-12.139747023418975,24.588730812273763,-52.86127208101774,-0.020886992530040713,0.017103614978309544,0.9988924017816407,-0.038537897719373916
robot1,318,1722894359702141156,-12.654394203559173,25.066964997890867,-52.83363248812903,-0.038065049726111445,0.018961412754024763,0.9984597995536919,-0.035630681875618596
robot1,319,1722894360202413246,-13.055664684668747,25.483669200825606,-52.806053637366325,-0.04179688289171484,0.016770168253424252,0.998411615116586,-0.03385304768522319
robot1,320,1722894360698927035,-13.504495829509436,25.90773817720415,-52.824165613720574,-0.04594537255356783,0.02003737778968377,0.9979825411831124,-0.03896631527261335
robot1,321,1722894361200664408,-13.937281311022696,26.301977123527234,-52.94202801912908,-0.045391029785465886,0.019554225666138705,0.9954681346416712,-0.08124333564449707
robot1,322,1722894361700354057,-14.39380340801351,26.83686353577884,-53.07667932514037,-0.046547824231788014,0.023513621363523904,0.9900437430401472,-0.1307432466199092
robot1,323,1722894362199549997,-14.850579146483739,27.332603499342678,-53.241419034849436,-0.03156616887811097,0.0332018553400501,0.9873560137757689,-0.15175412958190235
robot1,324,1722894362700174284,-15.270885310501464,27.740275424992042,-53.394817112965264,0.016503258928461238,0.0611426047858452,0.9875594506197828,-0.14392899574545387
robot1,325,1722894363202633023,-15.732202749267893,28.146175915462386,-53.55092534737941,0.0014730512347008503,0.04134804883985583,0.9900316990329514,-0.1346306201691294
robot1,326,1722894363702510661,-16.226189548563227,28.59714795345005,-53.62592046899353,-0.0020401223724006087,0.043841611612308005,0.9910791052181175,-0.1258410036196335
robot1,327,1722894364201037314,-16.288120646211627,28.73112142393169,-53.77705795698943,-0.00018411923722714196,0.044496658784656765,0.9920203845608757,-0.11796427456141428
robot1,328,1722894364701817273,-16.19398188145387,28.71155054910187,-53.89246068299818,0.0006212961389280556,0.04503182375297642,0.9918303254856616,-0.1193497142334031
robot1,329,1722894365202600769,-16.180563775637705,28.705147724326217,-53.84238622009417,0.00014654628145485864,0.0450630452708082,0.9887949985537099,-0.14231567485796287
robot1,330,1722894365702375489,-16.201175038184324,28.699179535480873,-53.77971035798079,-6.569385134112131e-05,0.04525428223044734,0.987099133280159,-0.1535817264575571
robot1,331,1722894366202742328,-16.23098564501847,28.703862162612364,-53.7287523058067,-8.81818985958461e-05,0.04565889404638513,0.9866868680319343,-0.15609062134460863
robot1,332,1722894366702452254,-16.252282093993497,28.676379963998073,-53.71964184183064,0.0002890390200396096,0.04600042322935069,0.9870759536295712,-0.15350875963748076
robot1,333,1722894367201130325,-16.232164994298465,28.70790195667434,-53.70146642796757,0.0007489865291385926,0.04627526944693316,0.987412725764192,-0.15124201617183386
robot1,334,1722894367702312562,-16.22598498189249,28.725144725464272,-53.692358615558945,0.001141162200995473,0.046444617135993266,0.9877006620068892,-0.1492950017886566
robot1,335,1722894368200556697,-16.221359289780963,28.70478455663895,-53.69885950933817,0.001757771528343034,0.04652117669671753,0.987984619026006,-0.14737395606430845
robot1,336,1722894368704363232,-16.228994747177275,28.69846559737694,-53.70818440768993,0.0021179194778651847,0.046470076005270006,0.9881489140847315,-0.1462797663599298
robot1,337,1722894369200731042,-16.223063238687473,28.71862645215929,-53.68742461457819,0.0023597925599986237,0.0467981545724862,0.9885760983157988,-0.1432538374578336
robot1,338,1722894369701709112,-16.216784918956744,28.72235831642748,-53.68132533473673,0.0028839753416691396,0.04698505855967264,0.9889197914496457,-0.14078967660152503
robot1,339,1722894370207689904,-16.209246264739406,28.722068381806896,-53.67391195306169,0.0033444107033199257,0.04725853125620403,0.9893184620946537,-0.13785654391149993
robot1,340,1722894370705413624,-16.21431613187065,28.713620894135317,-53.667781683196225,0.003806533645213049,0.04746235874690841,0.9896941770573776,-0.13504914180589175
robot1,341,1722894371203496752,-16.2238019739924,28.7187796741054,-53.66415842137789,0.003999495137184869,0.04768542252252463,0.9900490589416268,-0.13233656110952557
robot1,342,1722894371698283729,-16.224895477399706,28.73069161078001,-53.65613137334771,0.004406210468317994,0.04794445877126695,0.990433091636339,-0.1293220985528866
robot1,343,1722894372200880793,-16.22559365563547,28.723583056888664,-53.64895227105652,0.004899309836209856,0.04826469891770704,0.9907977382102727,-0.1263580530038339
robot1,344,1722894372701596508,-16.23083598556803,28.72216879861874,-53.64486130362004,0.005217209874755853,0.04851938075065812,0.9911499990712532,-0.12345173046073639
robot1,345,1722894373201723868,-16.241002650544345,28.72769265971765,-53.655104166366925,0.005599000668338995,0.048668694305242156,0.9914782172324396,-0.12071020727230326
robot1,346,1722894373699138871,-16.25049035284459,28.735136532466964,-53.649566253118024,0.00584301072006543,0.048983116712337654,0.9918022264872037,-0.11787644819002648
robot1,347,1722894374198441989,-16.25112782539135,28.735173363327128,-53.6337677113941,0.006333905621785225,0.04935620084245198,0.9921474241595777,-0.11474901224624483
robot1,348,1722894374709043625,-16.235412716677114,28.734515308953302,-53.631844578149895,0.006797452516349676,0.049617714036223906,0.9923920383396468,-0.1124718601837291
robot1,349,1722894375202490730,-16.22913455725985,28.746854241969583,-53.63745422180065,0.007215678976185795,0.049831146054764804,0.9926556749376919,-0.10999773576659114
robot1,350,1722894375701559747,-16.23015147982955,28.756866469421258,-53.64262525630028,0.00755099593021585,0.050023615646391725,0.9929027810159383,-0.10763218751349213
robot1,351,1722894376203255188,-16.2265204526378,28.754459065916443,-53.6365220003801,0.007938571911626219,0.05038765467901755,0.993171240845408,-0.10492354211303002
robot1,352,1722894376708406929,-16.21684300213941,28.751249781307926,-53.631058747710014,0.008339365756283478,0.050728806512764346,0.9933771106979828,-0.10275679593049322
robot1,353,1722894377211888273,-16.211498241999628,28.7400053172331,-53.62804576044981,0.008776956214634814,0.05104193577363636,0.9935537616367962,-0.10083951888748043
robot1,354,1722894377700239943,-16.20803591312378,28.744930990354003,-53.62977999978855,0.009142224427551816,0.05131302762568286,0.9937222843891446,-0.0989919917812665
robot1,355,1722894378213616066,-16.213079611363753,28.74926715808695,-53.61743479369102,0.009373152837893547,0.05165892449713135,0.9939061594637508,-0.09692288535580358
robot1,356,1722894378701996799,-16.209049049081237,28.755211897132494,-53.6119354645596,0.009708155622037057,0.05194628817920916,0.9940301455683843,-0.09545367756203778
robot1,357,1722894379202748441,-16.205842882534203,28.755679970329503,-53.59889936827843,0.010099114825752162,0.05228066907586377,0.9941600625947786,-0.09386431410425461
robot1,358,1722894379707510056,-16.207625491112847,28.746068682692435,-53.59273776600699,0.010503963937275393,0.05257434956390745,0.9942525650623053,-0.09266844865736629
robot1,359,1722894380200949762,-16.20976180492555,28.748038302252244,-53.590481587841374,0.01077718391160091,0.05278391736512678,0.9943375262900545,-0.09160018660408052
robot1,360,1722894380702115833,-16.22042253733259,28.758074440436907,-53.589813806786005,0.011053682129195802,0.05300632692736841,0.99441596613236,-0.09058163013602905
robot1,361,1722894381201480889,-16.22083257455171,28.76290545816884,-53.59680162324533,0.011423778169296905,0.05316909869078307,0.9944760771779265,-0.0897768130284837
robot1,362,1722894381702718299,-16.228002903242935,28.769274343104644,-53.59864510811436,0.011649219180345671,0.05337317213009172,0.9945414239989964,-0.08889857220061673
robot1,363,1722894382199417517,-16.234088389285645,28.767760358868923,-53.59574033385656,0.012002604938888687,0.05363605503593356,0.9946042004885803,-0.0879863366968717
robot1,364,1722894382673107412,-16.23110138379272,28.75956855638951,-53.58629589012964,0.012291625991325971,0.05395643992003011,0.9946148569341628,-0.08762936087568039
robot1,365,1722894383223625872,-16.22899448168109,28.755818249020663,-53.60171357474446,0.012674385995370971,0.05410930579183106,0.9946222888885776,-0.0873959118747168
robot1,366,1722894383700388061,-16.227330137121047,28.750097376592255,-53.591258135066795,0.013036473278317558,0.05441920318015937,0.9946192243422873,-0.08718485681841243
robot1,367,1722894384209965511,-16.224608407314097,28.7562348656061,-53.58335660671615,0.01331246518966871,0.054678608144364,0.9946491758895684,-0.08663743408118312
robot1,368,1722894384701469206,-16.2225438547709,28.748660527650934,-53.58518360168145,0.013634461639748506,0.054939729425742684,0.9946786251747928,-0.0860822874161955
robot1,369,1722894385201546928,-16.236173857915208,28.75553087779408,-53.58282381514932,0.014834486782589406,0.05611350950827279,0.9946794518814052,-0.08511169166142611
robot1,370,1722894385701441421,-16.44112041072818,28.884206794488072,-53.47731261030285,0.014157147031359523,0.057533325546219524,0.9971753401599556,-0.046160942542391156
robot1,371,1722894386201997777,-16.626453391611015,29.01720128814538,-53.41469594537602,0.010938868683722104,0.05593676533346393,0.9982639874931305,-0.014846909114831065
robot1,372,1722894386700110889,-16.71143982317776,29.11159747683604,-53.55153511067942,0.009576758668529643,0.053382151723661786,0.9973025658758895,-0.04945931325972635
robot1,373,1722894387201800844,-16.82264306303359,29.18745045359901,-53.35677325445934,0.007794381943854141,0.05544343686854868,0.9968393404163439,0.0563613548153777
robot1,374,1722894387700221794,-16.911287886997062,29.260957827824793,-53.20618914508662,0.005830904415588404,0.053709100670178166,0.9890994943629293,0.1369800106216037
robot1,375,1722894388199311326,-17.003546799924095,29.339802780463845,-53.12440836690738,0.003153343526659527,0.049966242869120575,0.9742856561727914,0.2196836160802628
robot1,376,1722894388698504170,-17.06637434974868,29.39406618081444,-52.937139097931855,0.0024474412736846846,0.05011992076392653,0.9504406439441738,0.306829897358151
robot1,377,1722894389202201688,-17.158626097034247,29.455100384478378,-52.775723496919326,0.00397744910068509,0.04897939810509166,0.9257684293278884,0.3748840003516941
robot1,378,1722894389700196223,-17.248074548707898,29.51411304970397,-52.55756918237564,0.004645529151338756,0.04504363452647221,0.8972686600904034,0.43915651158456226
robot1,379,1722894390201954139,-17.40033346375259,29.57459044624354,-52.26054326742628,-0.002475129501283287,0.043771137721477824,0.8822420807708056,0.4687503302971836
robot1,380,1722894390702267850,-17.60882548694848,29.696457834022965,-51.722928484101494,-0.005421935496174129,0.04940137698846936,0.8704972211723383,0.4896577319907809
robot1,381,1722894391200255232,-17.887368875237794,29.825665905938333,-51.16201685029964,-0.008309225777350826,0.047254189665959866,0.852400706032663,0.5206832383330695
robot1,382,1722894391702805454,-18.089021699839385,29.926072786295002,-50.71526759426415,-0.013244962237186367,0.04178220825860037,0.807992444156015,0.587560233708136
robot1,383,1722894392212792176,-18.210360241028912,29.939480507056874,-50.19311142693695,-0.012920800683323706,0.03911359777936818,0.7843302395917924,0.6189743570135497
robot1,384,1722894392701606129,-18.36801221311176,29.975829951419367,-49.564008496710706,-0.015107907933954348,0.04185748943152238,0.7730619987852572,0.6327676095775542
robot1,385,1722894393202797969,-18.522832057761054,30.009804497741275,-48.85363076911177,-0.02084024397599618,0.04187604581753363,0.7623463091418787,0.645476712171294
robot1,386,1722894393702206664,-18.693754473486184,30.048079104265035,-48.17952901674542,-0.024537974814656197,0.044834713574381395,0.7516253664391315,0.6576070595545183
robot1,387,1722894394200238020,-18.879828541229926,30.11263057575627,-47.547278586593485,-0.02190074312677393,0.03977401646176556,0.7387986725318826,0.6723949037062389
robot1,388,1722894394702907465,-19.013237271300863,30.13694503959346,-46.83496608435966,-0.026049281304746614,0.04481795057489087,0.7268828193852712,0.6848022730192213
robot1,389,1722894395201518117,-19.112699298540942,30.128453861656865,-46.122330731930155,-0.024593485886759418,0.042360904883262995,0.7118981656738488,0.7005724201676928
robot1,390,1722894395700680489,-19.23490486221605,30.113304543296323,-45.37254702910091,-0.02232363140556279,0.03548373757659214,0.7005359112783336,0.7123847253120316
robot1,391,1722894396201833320,-19.330315987493325,30.086062984844432,-44.55258327172615,-0.024639122978770963,0.037488839168743474,0.6886801024145008,0.7236761824842446
robot1,392,1722894396702130445,-19.431071719035604,30.025764208373236,-43.74099274102865,-0.02302053799333824,0.028986620090843268,0.6756881939567747,0.7362576283025111
robot1,393,1722894397203210956,-19.47963697897548,30.01736129993284,-42.885113927340655,-0.03853896504631335,0.038516914892979336,0.6549870144181028,0.7536731429366089
robot1,394,1722894397699226228,-19.53579196997059,29.97619914746714,-42.017130783208266,-0.036082886858014085,0.03482417713531388,0.6449397132007818,0.7625864333302379
robot1,395,1722894398203492171,-19.5706279639646,29.918701551941023,-41.2113378639554,-0.036354699327787225,0.03442973858941014,0.6334336058699208,0.7721753660225641
robot1,396,1722894398702810061,-19.60454678426921,29.858187554125653,-40.35317948314912,-0.03394427851546397,0.03260741031890797,0.6153840323243766,0.786820840794491
robot1,397,1722894399202492225,-19.58639634421577,29.719228055864942,-39.43501519994528,-0.030443470989426964,0.024261730666176904,0.6021938038616143,0.7974002671744458
robot1,398,1722894399709700861,-19.616540254500986,29.585144598491627,-38.509914808282176,-0.039802681371647664,0.02678505288231699,0.6004434301119166,0.7982267815183568
robot1,399,1722894400199980376,-19.624054547868404,29.442358346916,-37.61673996546902,-0.040713437823352676,0.02484327263764468,0.5913860968782647,0.8049768395453049
robot1,400,1722894400702183068,-19.559315122402648,29.263790028310304,-36.683986249959915,-0.0411162196031913,0.026030695211157404,0.5693929942476978,0.8206238343443402
robot1,401,1722894401202022575,-19.498955516301265,29.068517236805594,-35.73471693836634,-0.04238781078719891,0.024069843304397105,0.5552169197385294,0.8302759108730242
robot1,402,1722894401701580677,-19.424638093857542,28.87853162542837,-34.771148990218556,-0.04264580829039867,0.0280931655773037,0.5421968233090363,0.838698225750296
robot1,403,1722894402202206463,-19.334170288753988,28.66525151194847,-33.88895206973742,-0.044660061176625264,0.026647721315590935,0.5481740786936014,0.8347458040222832
robot1,404,1722894402700574657,-19.22333216417329,28.46714501754182,-32.9070432164615,-0.04355102826032543,0.02634673232035191,0.5717839833120524,0.8188236892404315
robot1,405,1722894403204930160,-19.14507596029533,28.245256689515774,-31.918681762010266,-0.0408974533206983,0.02763604931311854,0.5780756201660596,0.8144889345226672
robot1,406,1722894403700018507,-19.108906282200643,28.110199916063173,-30.89947489089317,-0.04129986873916085,0.026654492594945144,0.572889864046603,0.8181571136030651
robot1,407,1722894404199961232,-19.112911018720414,27.969029138494037,-29.93620382936862,-0.03949695697311516,0.022112480978527527,0.5755623514824815,0.8165041384651976
robot1,408,1722894404701132575,-19.12272594346119,27.825892726835963,-29.016569488476076,-0.037616705208673835,0.018196298902639067,0.5653997682750341,0.8237578407699845
robot1,409,1722894405198645485,-18.993699102205966,27.675626018750553,-28.056992589357964,-0.03628292418202967,0.020037440200877565,0.5520171191551532,0.832801987607284
robot1,410,1722894405701877463,-18.91775369752302,27.430187164247926,-27.096872477941904,-0.036459593727816465,0.017423368145019203,0.5362237408380627,0.8431080737540828
robot1,411,1722894406200670479,-18.839613829540678,27.262259934141998,-26.101654406709375,-0.03390523080306482,0.019714985276348865,0.5218040295242032,0.8521633114914351
robot1,412,1722894406701744351,-18.83296323585526,27.056889359312905,-25.081396740194876,-0.027890521945648023,0.020007563701998583,0.527542328471439,0.8488350298210142
robot1,413,1722894407198355170,-18.85975724343225,26.893778061377418,-24.05757223032293,-0.02650004602654369,0.02496956691205011,0.5407895843045475,0.8403694983735014
robot1,414,1722894407704231383,-18.88946823020035,26.730661051804827,-23.042817474918554,-0.020222925716075736,0.02513030724009696,0.53208211540906,0.8460780835096251
robot1,415,1722894408204808244,-18.864084962453394,26.526114119660654,-22.05024596728782,-0.023367875333051222,0.02509294610797921,0.5166240508034672,0.8555254973345082
robot1,416,1722894408701105079,-18.783657672476874,26.296519966788914,-21.08273239256188,-0.0245034230560518,0.0266396238621631,0.5016021973950857,0.8643408750414618
robot1,417,1722894409201060015,-18.765765534041368,26.047283765119122,-20.118093471583673,-0.021271898405124886,0.026969506761419904,0.49691635156771746,0.8671183838368994
robot1,418,1722894409704855693,-18.771625191000854,25.86412907086141,-19.10146882317629,-0.020236293757372535,0.028598837105141113,0.4947087317963689,0.8683523879253325
robot1,419,1722894410203461559,-18.74136504308576,25.641712750475772,-18.13001783283979,-0.021261007648514463,0.026691646608514363,0.4845159388716628,0.8741166000794214
robot1,420,1722894410701299721,-18.74269762253189,25.417736817157206,-17.1413466903517,-0.016499494018144913,0.02916742825053129,0.49280919940232765,0.8694918750689002
robot1,421,1722894411203544756,-18.75119625917644,25.215161994570536,-16.173185159761267,-0.02426192434506862,0.03198366251994825,0.4825278363285359,0.8749601656801217
robot1,422,1722894411702083844,-18.74178688375044,25.019204862258,-15.27952492060562,-0.020022137666516147,0.026525891477962284,0.4720393047765978,0.8809508418922071
robot1,423,1722894412203106355,-18.708983601585388,24.815069489862534,-14.384685756470772,-0.015973745652689293,0.03054035962682321,0.46073106886570236,0.8868703445631468
robot1,424,1722894412700117791,-18.778019587101213,24.783624686856854,-13.738751596285729,-0.008671270350409056,0.03470842418137911,0.4506131033593153,0.8920022227787566
robot1,425,1722894413204784993,-18.97330743381722,24.827291039780185,-13.229378027989886,0.002661994341138298,0.030683406401887825,0.4447496537419378,0.895125235849225
robot1,426,1722894413701188038,-18.907569604446408,24.5989391559152,-12.631501752400037,0.013947112838154863,0.010272256495893377,0.4373046307960635,0.899146605773653
robot1,427,1722894414201873996,-18.814695122535415,24.379300234501777,-12.17132065277038,0.01135981657525972,0.013860042456397915,0.4300344279773951,0.9026346129772765
robot1,428,1722894414702077799,-18.81650075014,24.2137980271812,-11.696268001107748,0.00989742542555592,0.0045000361729047025,0.4205494614745822,0.9072044648797906
robot1,429,1722894415200267191,-18.676769977508698,23.90229486648089,-11.112049486634602,-0.0013695686964597322,0.018651621315475514,0.4127697651946085,0.9106433781920767
robot1,430,1722894415699958046,-18.468804214948968,23.574778255151625,-10.513347921558108,0.00025740970781731653,0.019681942791508044,0.4072294995546772,0.9131137330916895
robot1,431,1722894416200594749,-18.424361442018824,23.343875401472797,-9.78403921485496,-0.0006224413222928386,0.021168077139795047,0.4018104147337472,0.9154779711650619
robot1,432,1722894416704431751,-18.363892058844275,23.067373478423228,-8.929517949694036,-0.0027020620592452353,0.02175024375010436,0.3983723714934908,0.9169618745553662
robot1,433,1722894417198947903,-18.25655958575091,22.79450562324271,-8.183751551287642,-0.004227642063754187,0.02295135343526142,0.38870293204570605,0.921067529032015
robot1,434,1722894417701334713,-18.137853832380944,22.522132366048925,-7.305244811532323,-0.0036559665799175026,0.0223149929013934,0.3794262282020558,0.9249456267005854
robot1,435,1722894418203062881,-18.02911937890041,22.203187967023382,-6.400222585046397,-0.005489550906755085,0.02457074020260351,0.3796162407806501,0.9248014128948472
robot1,436,1722894418699795766,-18.014572308299716,21.961320142659748,-5.5449416140815435,-0.0003062764544392947,0.020696632337919716,0.376779149879512,0.9260718264911608
robot1,437,1722894419199451947,-18.00191068408347,21.713595012453478,-4.5655216881722485,0.0006328772608619871,0.023631718853607493,0.4384763589473534,0.8984317581066849
robot1,438,1722894419680283157,-18.010598314281037,21.503342170957723,-3.6877325697501853,0.0008118208079663429,0.029839395291817082,0.46433307583905464,0.8851574696727341
robot1,439,1722894420205775951,-18.057546993216025,21.33061272036358,-2.720579708100571,-0.0005966181639275159,0.027840968172688534,0.4651783827260272,0.8847788406050245
robot1,440,1722894420702136363,-18.047102150216197,21.161178640967623,-1.8219594938917028,-0.001887855207103913,0.03397297677743919,0.46182189139316243,0.8863198144471547
robot1,441,1722894421204728084,-18.019987790815193,20.974118846506638,-0.9633299624144194,-0.0014620435922469202,0.034366990675733004,0.458741125223954,0.8879039094455486
robot1,442,1722894421701510658,-18.056620213957306,20.793474321221723,-0.09011883570364271,-0.0019905075998024402,0.036392680075245015,0.45332606843589424,0.8905992849721422
robot1,443,1722894422202335030,-18.05007516005142,20.631539157001093,0.7993947763770642,-3.502779126258176e-05,0.03630550590265118,0.450949698589392,0.891810674053828
robot1,444,1722894422704551912,-18.020118775427097,20.481270602009335,1.7235002569205,-0.0003234350052317973,0.03542125648744004,0.44873795692747553,0.8929610719349437
robot1,445,1722894423200967971,-18.015071354743952,20.288606399470844,2.596237766058014,0.0013036438672388668,0.03717997143458352,0.4465866475817327,0.8939666193088533
robot1,446,1722894423703329401,-17.99629832540841,20.099786993792396,3.5321509588929256,-0.0014270420522019195,0.03846234680365412,0.444478151163234,0.8949624486914801
robot1,447,1722894424201597429,-17.932544555752283,19.885975967541736,4.455652911981062,-0.00029734894548212566,0.038453171787733144,0.4388071215264782,0.8977580828155848
robot1,448,1722894424704216159,-17.957936183982508,19.67963799491672,5.429706671407507,-0.003365449964480297,0.0396388162936887,0.43415662364931795,0.8999585902311263
robot1,449,1722894425201588767,-17.959460197941468,19.492951873071547,6.430142934136959,-0.005426540120688839,0.04174537387950353,0.43230535251719526,0.9007441138342024
robot1,450,1722894425700470103,-17.86430519045634,19.242639825830317,7.46677120343539,-0.005689056770689515,0.044507662869836116,0.4281946992318783,0.9025718819732012
robot1,451,1722894426203370813,-17.759484022708758,19.01837809699054,8.454176958191628,-0.0008010506211173114,0.043659019882401964,0.4259971115617703,0.9036701329809673
robot1,452,1722894426701054180,-17.77518870353271,18.837934348319912,9.483887833099576,-0.0018639771557544776,0.043104310347505,0.44476137007241273,0.8946093380408787
robot1,453,1722894427203748640,-17.768199863685837,18.67363412359914,10.52119358094851,-0.00019228428067489715,0.04369375179073879,0.4614451637525342,0.8860920832117855
robot1,454,1722894427699397334,-17.776123176360493,18.521187025559765,11.519105248735865,0.00040763837416484997,0.049154729730446045,0.4764867893157202,0.8778063487943564
robot1,455,1722894428204044853,-17.742769812642262,18.376791018729087,12.499112068294393,0.00023261191535893955,0.047280709843707115,0.4793749302282252,0.8763356415421297
robot1,456,1722894428700752833,-17.734942893224776,18.18391143835128,13.548188397989426,0.0026112049282819975,0.049100104867101285,0.4836576430027398,0.8738750744104655
robot1,457,1722894429202508746,-17.72062207661,17.899403219632173,14.543727181169121,0.004278602459041243,0.03883317249050605,0.4756322308816441,0.878776228184326
robot1,458,1722894429699897880,-17.73350605355458,17.689962933424685,15.497031005585752,-0.0006011108349708892,0.05142988488632845,0.4657824893259705,0.8834032364914933
robot1,459,1722894430202744878,-17.835211295303132,17.65541126025018,16.390115352350787,-0.004966147288834119,0.04816471164048685,0.4629136801773257,0.885079896189253
robot1,460,1722894430701878548,-17.881695146691474,17.614782289943797,17.154807733006457,-0.006319498714378514,0.054026547191312675,0.4638012594465132,0.8842678258708795
robot1,461,1722894431200957742,-17.843553926774142,17.470459926842935,17.92112389846355,-0.0034276878376191984,0.046405145640999054,0.46597637649568757,0.8835727643845043
robot1,462,1722894431704990872,-17.788908845174035,17.29590117500923,18.69162327071302,-0.006891288659964502,0.04267912982567091,0.4594132021829273,0.8871699452066426
robot1,463,1722894432204018675,-17.765557043463357,17.080312349207652,19.51914564664709,-0.007007588676329458,0.046184458185990894,0.4488540347280442,0.892383294908284
robot1,464,1722894432701241799,-17.754767048675397,16.94842870577185,20.250906623881615,-0.00413652810984554,0.04388298015291391,0.4435024638170858,0.8951886604377146
robot1,465,1722894433200508412,-17.780631659612208,16.900076169209427,20.911861577210257,-0.004553567555809983,0.045466768817111355,0.43988866666540316,0.8968890672180032
robot1,466,1722894433699447506,-17.72985989443641,16.772747382442425,21.63930323351118,-0.005444542019000365,0.043835101244280944,0.4424209778929158,0.8957189956573339
robot1,467,1722894434201090663,-17.70708474207371,16.575895160478687,22.38928748693636,-0.005690714809115869,0.04502210033872135,0.4506151479975156,0.8915641393871944
robot1,468,1722894434700747183,-17.71719577208144,16.446341622613225,23.13190030956748,-0.004678818581589251,0.043108100356939676,0.4547189591426767,0.8895788152471356
robot1,469,1722894435200332818,-17.70680875975797,16.34187616403736,23.912557809352673,-0.005777440595366792,0.04494683605061402,0.4519269189650871,0.8909031726421957
robot1,470,1722894435701427461,-17.733058261233758,16.184054720150552,24.63678864197628,-0.005349586125320373,0.03862623986552115,0.44885925765430823,0.8927512320574877
robot1,471,1722894436201601848,-17.75566756756393,16.019634506639786,25.395325800947262,-0.005104928691726852,0.04168509829085703,0.44347356228200224,0.8953030167716653
robot1,472,1722894436701760530,-17.7403265435117,15.87513853758082,26.146548612115208,-0.009462386426287822,0.045177988179822666,0.4377981650523747,0.8978876206429829
robot1,473,1722894437200924854,-17.794745083997174,15.771499831895127,26.852386950090818,-0.007897009266991916,0.04311803552959037,0.43114730489785585,0.9012161082315502
robot1,474,1722894437698962539,-17.774860477570147,15.633567742686935,27.631006325327604,-0.0061357982037833405,0.045243232508301465,0.42705943896180903,0.9030701177019573
robot1,475,1722894438204020740,-17.790754797670626,15.4673832391314,28.342013869036844,-0.005406731559232127,0.044269496422910434,0.42444825379454554,0.9043531714938967
robot1,476,1722894438700442499,-17.803304323054284,15.328469200472558,29.10365735816652,-0.007616263791400652,0.046090755768912715,0.42122973424338883,0.9057500459551489
robot1,477,1722894439200637761,-17.77223862377149,15.231194626960832,29.865867139546676,-0.005421581757681321,0.044858579400718974,0.4198049392698689,0.9064889007980272
robot1,478,1722894439700121441,-17.755599426460364,15.097538219467708,30.621478969855414,-0.006966818080104583,0.04434943510016901,0.4179293297045594,0.9073696415600603
robot1,479,1722894440200985148,-17.713484387648585,14.890417518637335,31.396149311399284,-0.008263290828602632,0.044766017656731896,0.4159285660105078,0.9082572045760395
robot1,480,1722894440701702903,-17.68590836986274,14.733940202496994,32.16520756287052,-0.009218624811206414,0.04583027479646951,0.41426804050022936,0.9089535705902534
robot1,481,1722894441201965851,-17.655944636626558,14.595133372161749,32.96592319261795,-0.014372610987942434,0.041654439829607176,0.41023519208187964,0.9109146078933054
robot1,482,1722894441703520773,-17.645001852806942,14.485616108201349,33.71317400276426,-0.01677265313058735,0.04755784819180326,0.40694401953678117,0.912060027709566
robot1,483,1722894442200636798,-17.661204850805227,14.406504023551467,34.380341596077244,-0.0167510644084034,0.046232724126381804,0.40396755927052025,0.9134506818203476
robot1,484,1722894442700660725,-17.696547641756638,14.326784746712026,35.014603999704896,-0.012813285290689359,0.040000542665335,0.4054711939570999,0.9131423148543396
robot1,485,1722894443202808824,-17.662884952904864,14.188049269810804,35.60868088951896,-0.014814475930682325,0.04028562631558452,0.4045602802205299,0.913503464297288
robot1,486,1722894443701368250,-17.578538370014293,13.994025097329931,36.210871545834884,-0.014362208007681586,0.04145730671364553,0.40554951662279665,0.913019500486277
robot1,487,1722894444205298302,-17.468574180785385,13.746538818065112,36.85955836930854,-0.014637896872645086,0.04236973221439671,0.4035085501905981,0.9138771184849239
robot1,488,1722894444703328094,-17.38255717846576,13.549771346512246,37.603138453605865,-0.015677699020740964,0.04287714569441994,0.4151066220145013,0.9086265748316106
robot1,489,1722894445201075734,-17.37187509147789,13.420182118579627,38.41289822934903,-0.01723945060748304,0.04163470013458483,0.4232662155254696,0.904884005761071
robot1,490,1722894445702170375,-17.35323191043628,13.309239086831441,39.12565329183451,-0.019671263250536565,0.0419302471439843,0.42381920684137303,0.9045618694643954
robot1,491,1722894446205420181,-17.36185945395327,13.189579730927854,39.78263860278793,-0.02010975767562569,0.044379241271701966,0.42449565080910207,0.9041180913102738
robot1,492,1722894446701701375,-17.33930718251979,13.071072623901731,40.41964242217976,-0.020416463051689208,0.04574986358250504,0.4263116250429834,0.9031879739964721
robot1,493,1722894447203837114,-17.3318483345941,12.975700306473678,41.02086572971122,-0.019932628008231413,0.043263924608350206,0.4360743828645654,0.8986490170124579
robot1,494,1722894447700832012,-17.300575968302212,12.864692618536328,41.599271241556735,-0.013469747578831312,0.04554636368514511,0.43870284726879505,0.8973761231799491
robot1,495,1722894448200487529,-17.29894496629715,12.762326910460345,42.12064729007506,-0.0118388478865003,0.051111619063336666,0.43634463456029565,0.8982487428145317
robot1,496,1722894448703088211,-17.275106887525702,12.64872586031622,42.626261300862595,-0.00852908465765908,0.050455924544179985,0.434575943493463,0.8991802954525088
robot1,497,1722894449212132764,-17.225041773197987,12.542455286300164,43.16943598289448,-0.007642045762251244,0.051254395121603034,0.4311620481907378,0.9007851432596201
robot1,498,1722894449702314643,-17.204909890241314,12.456025916933218,43.71774838242167,-0.00480786042297584,0.05183742428319134,0.42915642855408787,0.9017286319910983
robot1,499,1722894450201459137,-17.20870731514836,12.352663471829164,44.23549382428775,-0.0008730724846649896,0.043084041679458306,0.4273477306160481,0.9030597545203267
robot1,500,1722894450701315870,-17.20948118073307,12.221943172042428,44.77420873536825,-0.0020805156107582623,0.043201705091704685,0.4253537768113257,0.9039930578739551
robot1,501,1722894451200946483,-17.167969303282547,12.045927304954981,45.30975430802269,-0.005157500349240498,0.043583481287656635,0.42381549890750364,0.9046846429749871
robot1,502,1722894451703740017,-17.105076314688752,11.868293651693907,45.90766225667703,-0.007873191008692276,0.039385055361741354,0.42263884736830504,0.9054077727591495
robot1,503,1722894452204138206,-17.074307382375626,11.750085550498655,46.480125105631046,-0.013555413038066753,0.041841656511273896,0.4201176056981494,0.9064031795730938
robot1,504,1722894452706041286,-17.06945830556098,11.675238195975126,47.067478921980864,-0.01844234505933404,0.04589315170333111,0.41915432934186286,0.9065667911022444
robot1,505,1722894453201797296,-17.06850919809793,11.56784219362491,47.61314647460683,-0.022886688268238937,0.04187481018074898,0.41655031656372127,0.9078593137392501
robot1,506,1722894453704195257,-17.031769872144842,11.433512259356396,48.18443047556997,-0.02421797581275398,0.04189809525728315,0.41405970348384574,0.9089623761257747
robot1,507,1722894454203920243,-17.015009524751,11.326204053503373,48.70206606163928,-0.024419650117920286,0.041559167323832066,0.4123261685088633,0.9097602140466843
robot1,508,1722894454703670985,-16.986928433962497,11.248492400789349,49.17134363760669,-0.023795560536536878,0.0399879141561478,0.4095310370286102,0.9111087024776262
robot1,509,1722894455207151016,-16.948974373232268,11.14935509311412,49.60628692017698,-0.021351564293700855,0.0431308410799194,0.4089346252733752,0.9112937580728153
robot1,510,1722894455701068605,-16.901996881687733,10.99239384625645,50.092787822538156,-0.01914077324442363,0.0408461245535957,0.4087392738334824,0.9115357540626892
robot1,511,1722894456204442032,-16.81593722993073,10.78914477963942,50.601058315699504,-0.0197149522984203,0.04176272336677156,0.4095852294063732,0.911102154231341
robot1,512,1722894456699265923,-16.7769391039257,10.65209541922402,51.16917732855169,-0.021025516565278495,0.041440651716384724,0.40965804393059324,0.9110548211175026
robot1,513,1722894457200897525,-16.751530609520614,10.550303901024947,51.69031550112264,-0.021308871678253693,0.043529799639858056,0.4100265386511113,0.9107850054392103
robot1,514,1722894457709728572,-16.735258354326184,10.458042312985917,52.21331037683143,-0.02052807924278102,0.04142958705728354,0.4102275096204557,0.9108103960921088
robot1,515,1722894458205416971,-16.707432497405673,10.33909226749215,52.70533565823544,-0.01656882682260794,0.03711246521526502,0.411811172254765,0.9103623988882255
robot1,516,1722894458705250774,-16.66987580397724,10.210523759030869,53.21178439861367,-0.019503070571443196,0.04155969106143988,0.4175528255424406,0.9074921818939748
robot1,517,1722894459205465309,-16.64264458094741,10.091467245506216,53.78041905757689,-0.018904969160424702,0.04035157542749003,0.42984244093324453,0.9018036529500827
robot1,518,1722894459702639084,-16.607928253337455,10.010773905229279,54.308396727942224,-0.019289783018377464,0.040834570660873,0.4304754271499793,0.9014717681270384
robot1,519,1722894460200930940,-16.596804770631557,9.921743064633795,54.80663621517356,-0.02088612759190133,0.04153373530368386,0.4293298340843219,0.9019504487892154
robot1,520,1722894460700533158,-16.57754355454322,9.82940330624325,55.29404190227786,-0.01805134266755484,0.0383551515373094,0.4295258915595019,0.9020590556379686
robot1,521,1722894461202898821,-16.54846399728198,9.698035496082516,55.82904696392413,-0.02041342583610283,0.04263862197455372,0.4286686979084374,0.9022241336803344
robot1,522,1722894461701120545,-16.557336784285482,9.581030173097052,56.3653640057388,-0.020292520407446044,0.04173156838695145,0.4269447771929206,0.9030862899209389
robot1,523,1722894462201293782,-16.54007862201131,9.4908738973798,56.90476489957312,-0.01744284952838241,0.04059402770135802,0.42925083284035215,0.9021039820448502
robot1,524,1722894462700930229,-16.50692388195636,9.378475890847406,57.46039424276064,-0.01877208403937024,0.03778727707730277,0.42871078566976134,0.9024559783182324
robot1,525,1722894463201107299,-16.45041089306956,9.219413937398365,58.07721387313514,-0.018904248460937696,0.03922916109800176,0.4283510740660824,0.9025624962605681
robot1,526,1722894463700289272,-16.427020741260296,9.107789124189868,58.682075856247046,-0.018031206804546528,0.0404167301597959,0.4288429224170328,0.9022943596172929
robot1,527,1722894464199684958,-16.44543179769316,9.02680975540825,59.254486207003595,-0.016652709488251743,0.03929481991473692,0.42917965512648737,0.9022103014375739
robot1,528,1722894464702415964,-16.468562219520944,8.961666393998648,59.785207941617074,-0.01283993872158764,0.0369139722775237,0.4277992358783922,0.9030284095233017
robot1,529,1722894465204251857,-16.475293744673678,8.879162775366117,60.25449719226221,-0.0036544953566433457,0.027042615624058002,0.42767582099233015,0.903520190002655
robot1,530,1722894465706953380,-16.440299286620174,8.790596911944236,60.72862552921978,-0.013338684969367152,0.03773586727202284,0.43244196270200336,0.9007730195220965
robot1,531,1722894466201679827,-16.34427844940588,8.620192067327908,61.252280009521385,-0.01684559086309374,0.038569037329957714,0.43657822318044276,0.898681317527254
robot1,532,1722894466703149049,-16.287770652790712,8.483603852351374,61.81258657764299,-0.015067126217919866,0.03810475696644115,0.44613824174804634,0.8940255468687813
robot1,533,1722894467203935596,-16.293240530425127,8.389238150731906,62.386081676871044,-0.01519440463199059,0.03948339445967154,0.4618276375270983,0.8859601711397417
robot1,534,1722894467703240667,-16.410062769987075,8.410255809319718,62.984381945279274,-0.013482140004152857,0.04116826390797843,0.5142839112929013,0.8565252270266105
robot1,535,1722894468199505864,-16.497870840653366,8.41630620228206,63.61829194539793,-0.011076415094307212,0.04193916270097891,0.5623833313157002,0.8257380991082189
robot1,536,1722894468701536926,-16.615742135419385,8.445781651695928,64.21509930505317,-0.012868563540703,0.0423373479827118,0.5924865474623089,0.8043641215981621
robot1,537,1722894469205509416,-16.79263766760321,8.53649281521303,64.70837551568403,-0.008038101238660137,0.043359727485631744,0.621809439821397,0.7819260473406991
robot1,538,1722894469706917338,-16.963041601260453,8.678762081705775,65.21094933872696,-0.007567940628840584,0.043758441836859036,0.6589384837837114,0.7508848111604548
robot1,539,1722894470202714846,-17.159969048784344,8.822844334955397,65.69813291181156,-0.00486128423749641,0.04257658184345855,0.6971887566779755,0.7156056456987384
robot1,540,1722894470701220984,-17.385213420670198,8.975410282519292,66.09626334984605,0.006369371251880784,0.04434290816572802,0.7279094636765969,0.6842082652930397
robot1,541,1722894471201724860,-17.63728569815332,9.161929555245306,66.45279431541279,0.027810105339182694,0.04739892543872803,0.757140091727516,0.650936879741136
robot1,542,1722894471701504108,-17.932101943929602,9.402214117518877,66.82468062651346,0.03030297446395765,0.04627726654162644,0.7893530089474917,0.6114425333632041
robot1,543,1722894472203825625,-18.227878736076622,9.634265397661794,67.10664688053892,0.031786389634194695,0.045459963069326044,0.8324990736606704,0.5512425142765064
robot1,544,1722894472703240123,-18.45573436585409,9.853250514716873,67.17291581283271,0.03405264632589487,0.04544209370674598,0.8506394619291298,0.522673836351765
robot1,545,1722894473203607774,-18.698867776202906,10.084368799090276,67.4308924854657,0.031465596613520656,0.049310053329798334,0.8596919157926587,0.5074527020236622
robot1,546,1722894473700669996,-18.809999855491892,10.179278097963058,67.4982864108797,0.03508044988670599,0.049861631158263704,0.8606656703516056,0.5055074516287619
robot1,547,1722894474201887356,-18.888040303810936,10.263578899026749,67.32391118047808,0.0359442050479838,0.047752696803725035,0.8587952232383603,0.5088206546656836
robot1,548,1722894474700378809,-18.977830294256528,10.372353589164979,67.38391640285596,0.045690891920573296,0.04743389801504167,0.8977199687821283,0.4356159149576788
robot1,549,1722894475200875534,-18.9851529847809,10.438977903488464,67.48429966913508,0.04784144103703357,0.04867100823537271,0.9245929411829725,0.3747935733059903
robot1,550,1722894475700923727,-19.037274361548636,10.63784774481148,67.49793249710473,0.046247842532670246,0.04483111746376572,0.945816442288945,0.31824921910965653
robot1,551,1722894476205151629,-19.133287955116273,10.808076503923731,67.48875042808096,0.04618917050331327,0.04143992278912998,0.9661826734031973,0.25028051251125694
robot1,552,1722894476703532428,-19.21524786091627,10.976545918736306,67.42541365489676,0.04777208617513112,0.0402246823172001,0.9796139564131806,0.19093532704942548
robot1,553,1722894477202019162,-19.28567090937219,11.162062673806744,67.33163170498241,0.04978627211299404,0.03767384873318042,0.9898382307757903,0.12775869882467455
robot1,554,1722894477700488721,-19.322478818073943,11.297902306562628,67.20691168456005,0.05110896339751019,0.036225522034103785,0.9951044678979356,0.07643744751988382
robot1,555,1722894478201424487,-19.347496389806107,11.43812066685494,67.04732444093473,0.05230484876720663,0.03622213705963593,0.997792669570135,0.019024934543278568
robot1,556,1722894478706113228,-19.4378291488756,11.637999643784603,66.91636496982551,0.05457047860775018,0.03344588541113614,0.9977253959316155,-0.021153484977356796
robot1,557,1722894479203816819,-19.632583270087352,12.00330841494719,66.86530277168652,0.056512990046483025,0.04108226567214194,0.9974974363960085,0.010834841329735785
robot1,558,1722894479700439794,-19.7778311187111,12.325133034041388,66.7493960795019,0.04586936130973421,0.04283243375690835,0.9969739708283653,0.04587249505116661
robot1,559,1722894480205928510,-19.901914371395016,12.626825857319535,66.59306838217115,0.0441337890888486,0.04758133825659883,0.9939754110951318,0.0883238758696416
robot1,560,1722894480703077783,-20.05234393508251,12.99555221822232,66.50674419875507,0.042802141297490985,0.0493239546323489,0.9889853121639118,0.1328276195820189
robot1,561,1722894481201923703,-20.243583404770916,13.385936709969531,66.4585353802969,0.04088676347783793,0.04934304722526332,0.9836214964357057,0.16847043661252792
robot1,562,1722894481701680569,-20.411772943942054,13.737131994658048,66.48785873282556,0.037451004561340796,0.05049994774259788,0.971004528269801,0.23064558008963135
robot1,563,1722894482202463487,-20.584250101036705,14.134226199799151,66.50545887518977,0.037006981992378965,0.05177894829482867,0.9645916337932017,0.2559539095490806
robot1,564,1722894482704437107,-20.764518481637285,14.521423304288824,66.48571286286113,0.03744610275771934,0.05037760766211045,0.9637139095471573,0.2594520891799375
robot1,565,1722894483201236307,-20.970330835016362,14.904499250570655,66.53954272398535,0.03449296827893546,0.05241915246330768,0.9628536590591181,0.26263148865055086
robot1,566,1722894483699305657,-21.17417131031737,15.340176968120234,66.6391244389737,0.031571840320923354,0.054663559624656674,0.9589483297386736,0.2764655765901425
robot1,567,1722894484200941199,-21.393438688277435,15.730017410185967,66.73693400347277,0.03414436337945179,0.05566874101241033,0.9517587242187717,0.29981741876842555
robot1,568,1722894484702566739,-21.636905567413834,16.208930337913788,66.8471241443962,0.03259189304993766,0.055793403597871515,0.9435693266955124,0.32481039136973994
robot1,569,1722894485202295917,-21.918681957236444,16.71317557606297,67.02918893752125,0.03270359484811959,0.05667532800194904,0.9353780949950552,0.3475430929874785
robot1,570,1722894485703286239,-22.20613248693422,17.246005685168544,67.2421877399786,0.03480234653132178,0.05667120526816418,0.9291754815311758,0.3636070622123214
robot1,571,1722894486202146754,-22.539307268512353,17.86050750642493,67.46338665052517,0.03636363877201244,0.05634716024468174,0.9258778636495236,0.37182370138469256
robot1,572,1722894486700904003,-22.874166605298832,18.513707241943017,67.5493284344644,0.035389073385842025,0.057189412003820356,0.9398269772656832,0.3349660243117167
robot1,573,1722894487205732585,-23.176489772027153,19.113467895357964,67.63762591834134,0.03524388793266915,0.0582397691686339,0.9365099684743369,0.34396958673517947
robot1,574,1722894487707569697,-23.515106750701854,19.775163622344706,67.77246950745277,0.036701792936099556,0.05464222272025117,0.9300273580055256,0.36154711899381503
robot1,575,1722894488200628868,-23.828306564854543,20.40942105179409,67.92748854633194,0.030817341647004403,0.05692587332429766,0.9197081080769843,0.3872295602579067
robot1,576,1722894488702719618,-24.146871148560663,21.079082821765894,68.06801512089024,0.03301250490282191,0.05829464987591141,0.9173523398406166,0.39239851287286015
robot1,577,1722894489202979134,-24.450516898281847,21.721024864105452,68.1716755594299,0.034871900910191635,0.05697713721692262,0.9162532825849219,0.3949904790166836
robot1,578,1722894489701936951,-24.75755314929486,22.32972814513891,68.25811618235967,0.03888559673821428,0.05812023218767006,0.9127905229229707,0.4023970803059759
robot1,579,1722894490201812577,-25.046118470162916,22.941714788459244,68.39096486515088,0.03711608419476241,0.05995844472608455,0.908468619630975,0.411961343266413
robot1,580,1722894490701855324,-25.32715290779903,23.56903749777563,68.58009773781784,0.035888903961926615,0.06088028201878742,0.8932449022791471,0.443980993271155
robot1,581,1722894491201341798,-25.566467393963922,24.159319446850773,68.71733791925526,0.03635288456606838,0.06330915750991153,0.8811331429397989,0.4671988899517456
robot1,582,1722894491702934212,-25.881975775623495,24.875629395850957,68.95904194580424,0.0352439292631166,0.06580244391569665,0.8787827241994995,0.4713478837051507
robot1,583,1722894492202707548,-26.21465867763986,25.630972388426443,69.27610683230004,0.0351047841310145,0.06744675450567182,0.8772104867967996,0.4740467817541729
robot1,584,1722894492700763785,-26.495740567853098,26.412797424282545,69.40653861243437,0.03674908920860417,0.06778345192920461,0.8768534602010404,0.4745344217444734
robot1,585,1722894493201318042,-26.813648762555605,27.234255934801745,69.46803333827553,0.0395441820783884,0.06942105009729098,0.8798348629957361,0.4685163703910621
robot1,586,1722894493699223310,-27.089158915123164,27.9892108176886,69.63180559712211,0.0438048423881477,0.06712395144627632,0.8790189716197813,0.47000123240060704
robot1,587,1722894494201798815,-27.292696184808158,28.735795139410822,69.7787291963157,0.037188695326380194,0.07376731852890339,0.8742347917385912,0.47842336123015466
robot1,588,1722894494700397044,-27.51840963412981,29.482997619193974,69.9227574606813,0.04138899595440255,0.07207143141092587,0.8710835983782325,0.48405167536606747
robot1,589,1722894495204891765,-27.77116398918631,30.238305116072414,70.10662634080242,0.039659279112292695,0.07453082145120206,0.8740099651969352,0.47851737582929466
robot1,590,1722894495703160412,-28.037273705174016,30.98300195719221,70.23371967065296,0.043235470964697466,0.07165004217109469,0.8799671404093122,0.46760538631114906
robot1,591,1722894496200497498,-28.338310121706478,31.733522353100785,70.29415628911055,0.04846757319321255,0.07113857093936893,0.8981491839592436,0.43118237606239174
robot1,592,1722894496701583653,-28.649103768300897,32.500598137808,70.34021685526115,0.048939803230470834,0.06914642284162706,0.8990441562191686,0.429585000944089
robot1,593,1722894497205252170,-28.924314674171725,33.33125088725811,70.42377782887662,0.04806454398396142,0.06806161472483334,0.8990541966871005,0.4298359775914234
robot1,594,1722894497704525699,-29.16594325392711,34.08009434777104,70.47574466969537,0.046590254813307405,0.06458568125737299,0.8994018783881839,0.42980728133054996
robot1,595,1722894498202639452,-29.391364159352563,34.78202527136641,70.47821473274827,0.04412339252195676,0.06450114173733297,0.8936028057794572,0.4420031158826999
robot1,596,1722894498704118388,-29.568856986978457,35.47544253165796,70.57953047558941,0.04351601834104758,0.06590250422057675,0.8773554449325216,0.4732976223608731
robot1,597,1722894499203370758,-29.770201257368857,36.10685818391111,70.71402636959108,0.05049470531166764,0.06881199932962236,0.8710127740560442,0.4837891492323308
robot1,598,1722894499700881288,-30.018949360136116,36.779131368144576,70.95666378339924,0.050741361826945684,0.06641664425690581,0.8665184212793694,0.4920975199582983
robot1,599,1722894500200950951,-30.281338982271556,37.53230256527799,71.10562008104505,0.0427368683464689,0.06686279722210685,0.8674457089580899,0.4911627718402205
robot1,600,1722894500701659830,-30.48134095999671,38.23026195903654,71.26353243631243,0.05088220662624702,0.07172201064654903,0.871298628693889,0.4828101633911708
robot1,601,1722894501200615247,-30.6853126607155,38.914710656727955,71.43838813321844,0.04371526515503417,0.07515519190344924,0.870048586419463,0.48523821983833365
robot1,602,1722894501701004481,-30.94943369426339,39.66312629162298,71.61127859372496,0.04826247409191409,0.06688524209738193,0.8741327827224137,0.4786324019057543
robot1,603,1722894502206601558,-31.13938250472273,40.36176967260214,71.67669820397604,0.04035652744665134,0.06309012212924506,0.873727130250963,0.4806161556227392
robot1,604,1722894502700149619,-31.31060656065238,41.02698226884872,71.86781887407973,0.04301401149818705,0.06301470442125028,0.8744052636525733,0.47916007423220286
robot1,605,1722894503200971825,-31.52620994445518,41.64399515684575,72.00880318051662,0.03999551045170076,0.058844954669155417,0.8769373796645664,0.4753088076195696
robot1,606,1722894503700726380,-31.607824171646335,42.237728957687544,72.08954463018226,0.0520340647463692,0.06100015142549345,0.8758017063619864,0.4759651339809153
robot1,607,1722894504201983026,-31.78556987738418,42.899763318633354,72.14227137956227,0.041220567280646776,0.06718952997064301,0.8739356595158275,0.4796070213435382
robot1,608,1722894504702512064,-32.04946235653957,43.64354965070536,72.59522581541117,0.03928676361695921,0.07190807067212558,0.8642646055840542,0.496318920767038
robot1,609,1722894505202440965,-32.321862382341784,44.362094664866355,72.93630954808742,0.054680395933920364,0.06559886800369945,0.8523715709090881,0.5159162218065219
robot1,610,1722894505703487313,-32.63579534710344,45.15890920947317,72.92282841233418,0.03937540924383091,0.07644126846235554,0.8557513444384425,0.5101920678671367
robot1,611,1722894506206962680,-32.928523536287386,45.940762079093304,72.98786685396381,0.04119082238943827,0.07238652527973874,0.8531219324610123,0.5150208495418368
robot1,612,1722894506704418805,-33.16124989527346,46.655696397078195,73.26421109580524,0.04223448776041777,0.07295248635737941,0.8568687928795188,0.5085961605901952
robot1,613,1722894507205006354,-33.40216235294663,47.46908117455815,73.34680871970667,0.041881468779510427,0.07188981562128903,0.8683263063319504,0.48896546167875654
robot1,614,1722894507701197079,-33.61084290844553,48.2258086135458,73.44014718625724,0.043279709993524075,0.07178093169532862,0.8711797108326917,0.48375642216025894
robot1,615,1722894508202543569,-33.8669622969246,48.93285094511635,73.54870842520235,0.0422303563581119,0.0711268500809649,0.8735927150251918,0.4795762050543595
robot1,616,1722894508699198562,-34.152691850751516,49.62347858559557,73.76100050242867,0.046506334403959675,0.06950914599532654,0.8773724011246548,0.4724651407543898
robot1,617,1722894509203827297,-34.38118390571204,50.33411246059931,73.92349487347128,0.047712799489630885,0.06663324062383084,0.886013911626988,0.45635824569330696
robot1,618,1722894509700160752,-34.71107733130427,51.04849691348205,74.02884702964418,0.04585172893477787,0.06422378354864305,0.8917413463243361,0.445612270742233
robot1,619,1722894510200726707,-35.012174370086946,51.79354657922585,74.22529129481715,0.04626124091478008,0.06576922653649105,0.8968823330915264,0.43489813407063105
robot1,620,1722894510699155782,-35.280575556307866,52.523890323627995,74.38454976107813,0.04262378099228316,0.06466942511516463,0.8980158590708501,0.43309190203285813
robot1,621,1722894511199413663,-35.596386607867174,53.246094574591936,74.48693852626184,0.03924466349924787,0.0627785971667664,0.9015410690536532,0.42631256717835525
robot1,622,1722894511703020102,-35.94038506700847,53.905452983148265,74.52491814887408,0.043851069222458836,0.0590403993038588,0.9064106693217424,0.4159459261944985
robot1,623,1722894512201490732,-36.26487590044859,54.5794640593317,74.66826567729306,0.04207163322448089,0.05770471680963985,0.9091182749990254,0.41037069266522996
robot1,624,1722894512701326305,-36.5588858644295,55.25783876855744,74.7877347697802,0.04091269557854147,0.056769868575404545,0.9169881024753268,0.39272910928670485
robot1,625,1722894513203962651,-36.889856552630825,55.978856921117284,74.94207251522693,0.03801991713099929,0.055681945125409894,0.9230684403836169,0.3786801569347936
robot1,626,1722894513702146523,-37.213328175615416,56.68079990873933,75.07205634084347,0.03424995647976145,0.055863859901708786,0.9335597859458719,0.3523808957686478
robot1,627,1722894514204527160,-37.512508285129634,57.36858815721411,75.12582318558549,0.037612164126861816,0.05152707983459609,0.9359456005266001,0.3463179435263427
robot1,628,1722894514705244093,-37.856561240415495,58.0387886551295,75.20239409645986,0.03748139037956995,0.052107971953471256,0.9377242148672108,0.34139888911035376
robot1,629,1722894515204398826,-38.17501942573681,58.68391229293703,75.36657449300382,0.034762281623118146,0.053438417171345495,0.9404024109884763,0.3340347657858942
robot1,630,1722894515702222811,-38.4506153835729,59.33937265055556,75.4639143162503,0.0333972085058479,0.05182660019583614,0.9427371624048393,0.3277884570832685
robot1,631,1722894516204741942,-38.7937375803171,60.0354171393727,75.59677445924308,0.03333342141576111,0.04937515595420661,0.9437054282717764,0.32537830542554635
robot1,632,1722894516707584888,-39.19478926929104,60.64074830566838,75.7092892548048,0.030934971615466253,0.047805666605837516,0.9423768051645134,0.3296719625012818
robot1,633,1722894517208371842,-39.55389212783587,61.27980059748241,75.97571073903694,0.03353340231706604,0.05055069389567892,0.9356784591046231,0.347600286886109
robot1,634,1722894517704389544,-39.8696442176982,61.931004065277754,76.23846087681083,0.03142562264064834,0.05087852641104678,0.9347004296353211,0.3503696799545218
robot1,635,1722894518206183133,-40.11700860367805,62.67564454069757,76.40943837997723,0.031159717756726383,0.05322134797553588,0.936776336647348,0.34445123777766073
robot1,636,1722894518705371548,-40.37869010385403,63.38362369448912,76.62031098611824,0.03176747827968202,0.053130506857923754,0.9376852225620123,0.34192747762295994
robot1,637,1722894519201328252,-40.6632717940798,64.0512679856158,76.88206319353026,0.027737340285353206,0.05528398573332087,0.9373259399882343,0.34292040344736774
robot1,638,1722894519701830239,-41.00177652372213,64.71722505849098,77.04335942498867,0.030542773591117907,0.05427598287351723,0.942439237668614,0.3285263154864115
robot3,234,1722894326626535261,3.903768281356693,12.017281094721035,-43.68614526414978,-0.024900204533082292,0.019095561363731927,0.9301950091975002,-0.36572200400642735
robot3,235,1722894327126398800,3.99496858880674,12.111195804286794,-44.1761689086938,-0.011159134677827613,0.021651480163000558,0.9296996929799357,-0.3675121331235291
robot3,236,1722894327623552259,4.057660538434765,12.197343096187888,-44.58107260254872,-0.0030725968663975673,0.02852733085572431,0.9286249728966135,-0.3699086512309606
robot3,237,1722894328125479662,3.842153286773666,12.285611697185137,-44.82098017508952,0.00596979170488562,0.023214560521012333,0.9291879204706812,-0.36882957340509925
robot3,238,1722894328623660640,3.5816974039101788,12.365361214928303,-44.90238063307392,0.007020646853274795,0.02408364807376521,0.9275800513360589,-0.3727813525065533
robot3,239,1722894329125785005,3.193118809897552,12.390473587651957,-44.91224255488467,0.006012322194212905,0.022610205006443927,0.93915748965497,-0.3426891306072814
robot3,240,1722894329675540125,2.9519374506852083,12.441409309401953,-45.18234787298194,0.0021538629557856332,0.019734082134795185,0.9471901539757973,-0.3200573996769493
robot3,241,1722894330174984772,2.6819133683426144,12.511683321341483,-45.425567737810375,0.004907879178889643,0.014215895595415902,0.9530989802890382,-0.3022848901390563
robot3,242,1722894330626899203,2.2985552459178757,12.570689729456229,-45.682483145324625,0.006583055118253944,0.00712614520873888,0.9544417920103362,-0.2982394123919108
robot3,243,1722894331132956104,1.8153779810723019,12.627512851458272,-45.94016915872576,0.0041102553520874704,0.0035025289114343793,0.9560923861870059,-0.2930156773406542
robot3,244,1722894331677008888,1.4134211733918651,12.74860922314562,-46.37650578970077,0.002923021833123356,0.007766969404581714,0.9563973873843884,-0.29195062516450865
robot3,245,1722894332175223665,1.1324528981853745,12.887606193443649,-46.97990959043856,0.00989612373940864,0.009628650670481144,0.9543666970739442,-0.29831788973739215
robot3,246,1722894332625264496,0.8760870077572473,12.998180071522297,-47.43269353830711,0.007934168743967672,0.007644703553501019,0.9528827512256367,-0.30313869744818567
robot3,247,1722894333175722874,0.46831757246169303,13.104239269315396,-47.9189002629967,0.0030978178806631233,0.006458808615175068,0.948070601158896,-0.3179792800385902
robot3,248,1722894333626004009,0.12946738221455384,13.204615338159948,-48.252237640409334,-0.00810182512027894,0.004737642784371206,0.9403301481595523,-0.34013398482480767
robot3,249,1722894334129322002,-0.24015832652381475,13.35510535069521,-48.70813839893158,-0.01633255747017781,0.00397003567616399,0.9367516075794111,-0.34959106407430107
robot3,250,1722894334676444668,-0.6940441900914422,13.527756441712722,-49.24884542846926,-0.005965805126305813,0.002557454438321814,0.9244573069718084,-0.3812303190755199
robot3,251,1722894335127042536,-0.9927847130279801,13.654695888652158,-49.77498366996017,-0.003528571168366622,0.001490972578405918,0.9109486724612014,-0.41250193008936964
robot3,252,1722894335625544879,-1.2453340990151978,13.80014234355342,-50.397491964571365,-0.0032465908251427074,0.003981253928774195,0.8982804377139595,-0.43939260859234536
robot3,253,1722894336126908767,-1.5498649139501406,13.90913322399774,-50.99698531587694,-0.006106347240655373,0.004128136128190765,0.8754681994920507,-0.48321951812155806
robot3,254,1722894336676780769,-1.8682254211296612,14.065860503113857,-51.598956201132374,-0.014816968096623468,0.004422116390554505,0.8608720043368101,-0.5085865653870296
robot3,255,1722894337126403980,-2.021589691627381,14.235722167701768,-52.16535006594493,-0.014600927653664537,0.009266102504462791,0.8431303015218723,-0.5374311555089321
robot3,256,1722894337624410083,-2.215610321948783,14.343538735774295,-52.78401029533594,-0.011274624070056891,0.013080589422436346,0.8376909261468887,-0.5458714988746054
robot3,257,1722894338126653090,-2.315543564001251,14.43718037616553,-53.35820376860453,-0.014943835737128089,0.013032581613747493,0.8425143036330253,-0.5383089092367888
robot3,258,1722894338626255721,-2.5125639114279923,14.5488200830354,-53.918126041111684,-0.012143083666619788,0.01999804996079622,0.8464264587313589,-0.5319914223710023
robot3,259,1722894339172923011,-2.715077561664228,14.662637351324214,-54.44713144715182,-0.009692745025290736,0.026314833202222956,0.8508271479900351,-0.5246968119691187
robot3,260,1722894339623930615,-2.77191062723279,14.769444170374221,-54.89162649782144,-0.01018469448983001,0.032849849362711535,0.8659721255549259,-0.4989082452283983
robot3,261,1722894340125796338,-2.8340258270865926,14.860861769804416,-55.30471814681296,-0.004820542059847024,0.038161846583860966,0.890244273899537,-0.4538563303829147
robot3,262,1722894340675394633,-3.135174764532699,14.995021782639514,-55.73213179588132,-0.009515795037876255,0.04031202366745293,0.8933175210507781,-0.4475133483778159
robot3,263,1722894341174537499,-3.508478080524785,15.068232103371596,-56.07933357241399,-0.008326011705512898,0.04806501765208599,0.8932331424111996,-0.44693957634718146
robot3,264,1722894341675676757,-3.7357283404557653,15.199719481457828,-56.58534215017219,-0.010530971070142666,0.04738351700927079,0.8861619165702534,-0.4608263865976939
robot3,265,1722894342125351214,-3.984441132555774,15.324615291885646,-57.14368381896353,-0.010438055712620369,0.045994213802345606,0.857301465519154,-0.512649760078316
robot3,266,1722894342630272360,-4.268987086881223,15.477301808788985,-57.79242454906504,-0.010841054106424556,0.0474709388331412,0.8207810311714387,-0.5691638431781408
robot3,267,1722894343126851094,-4.470574807495562,15.635597769488388,-58.527191827820516,-0.025479361810165493,0.03965631891398987,0.7613922252642877,-0.6465756396579095
robot3,268,1722894343627742470,-4.315803983030245,15.717735498565226,-59.18747007467893,0.019498284475525582,-0.04409460513448624,-0.6967257753851018,0.7157154997724822
robot3,269,1722894344175885428,-3.9305433034229913,15.79972129989295,-59.769274890153184,0.013776742265563545,-0.04043726600042132,-0.6414957779479933,0.7659361564555225
robot3,270,1722894344625611915,-3.6710113854686606,15.844175363204736,-60.20436540437522,0.013252987998431661,-0.04184468424291047,-0.5487228471627756,0.8348512548420237
robot3,271,1722894345126236006,-3.3912945886925914,15.951806486167813,-60.48435597327204,0.00999340510277907,-0.04546817144948308,-0.44371382095386513,0.8949585590037191
robot3,272,1722894345627635116,-3.0699390852091315,15.961085962984795,-60.61794801895883,0.009489125907297792,-0.04860321851640692,-0.3517177303339439,0.9347953368562024
robot3,273,1722894346125637630,-2.6414247839026057,15.926314138303596,-60.61826900499533,0.010051320471205067,-0.04267734941320984,-0.24536537582106033,0.9684386646308778
robot3,274,1722894346624364101,-2.177294241470702,15.849001629400668,-60.70411977910571,0.005779956331018361,-0.04841226126658893,-0.19904321870985842,0.9787771156649947
robot3,275,1722894347128368404,-1.5386866820536935,15.79790834616628,-60.90133978296793,0.0028273097281227262,-0.052218210955681216,-0.08693948648412561,0.9948400828546092
robot3,276,1722894347623975248,-0.8945476002916992,15.729055913767144,-60.7434866434733,-0.0014105839061673406,-0.05233528579833508,0.024306127712705943,0.9983327302403062
robot3,277,1722894348128663387,-0.08951394414421034,15.617786747557181,-60.72487493634627,-0.000888383592053833,-0.03978399931302806,0.045330324565217496,0.9981791451678733
robot3,278,1722894348628456964,0.5898747794577983,15.589791416805756,-60.903438402566564,0.0013505898211902735,-0.03919491183720185,0.04911742517879673,0.9980227519135094
robot3,279,1722894349126320016,1.2022997003805072,15.459203088475812,-60.790224614981064,0.0007337999520100688,-0.04090087645144345,0.031179226600232698,0.998676341800358
robot3,280,1722894349674071846,1.8286306463579778,15.333700115999843,-60.76409560259293,-4.706130605142175e-05,-0.04964383493999632,0.02675027702798247,0.998408688922833
robot3,281,1722894350124684898,2.4377673957949892,15.269949277813819,-60.911677195601285,0.005958603506016034,-0.05245251729031729,0.06018689845118137,0.9967902315577708
robot3,282,1722894350628770416,3.07659530808777,15.227398084308101,-61.07212732454876,0.005098298871525213,-0.04542102981007103,0.07400607582848254,0.9962098363999816
robot3,283,1722894351126022674,3.79259654037305,15.170776803032304,-61.2498602149977,0.007493365085036435,-0.04395708600918428,0.07238413195550918,0.9963795268422224
robot3,284,1722894351627991292,4.450300455748531,15.135651062526327,-61.403864727780984,0.007845694027022433,-0.047308382542078135,0.058421821326380234,0.9971395352804918
robot3,285,1722894352174538415,5.1412010755072135,15.041965015367218,-61.48829347129892,0.006985330354692331,-0.04319363630186753,0.0680734717111894,0.9967203807447923
robot3,286,1722894352626809690,5.726000512362132,14.96606646553968,-61.63990867155913,0.006697323734201956,-0.04322772643746472,0.07574891671910905,0.9961669594690081
robot3,287,1722894353124851305,6.316994363652145,14.89868225397754,-61.795358159271665,0.009177059330081363,-0.045294296391925365,0.06632968427817956,0.9967269341599884
robot3,288,1722894353676552348,6.977003382741905,14.85528130965993,-62.004769448221374,0.0118679755105408,-0.04720492946197371,0.061273198882457545,0.9969335187917406
robot3,289,1722894354127765171,7.541586263488907,14.790279242901851,-62.0908361295182,0.012320621182260983,-0.042835999160533406,0.07861118551005684,0.9959084099365288
robot3,290,1722894354636948331,8.203976632609827,14.715281341290764,-62.24382435755103,0.010691383082512043,-0.04198087237774635,0.10222984091527441,0.9938170658167548
robot3,291,1722894355128595122,8.826877229634535,14.673174814116459,-62.436770938493154,0.011396116063656193,-0.04063949609441864,0.1272970247873751,0.9909662089981363
robot3,292,1722894355627102956,9.462810156555502,14.599185677868988,-62.59136897472814,0.012831299292985359,-0.05107701699492514,0.12727015771800484,0.9904689813657912
robot3,293,1722894356175609057,10.235725769284903,14.482317485127671,-62.76177286421469,0.013878120453422248,-0.042949802546829285,0.13931408406298212,0.989219034499216
robot3,294,1722894356674447342,10.900051309569996,14.414575855352803,-62.87617506482786,0.013922014051463762,-0.04605178937191179,0.16055413985221165,0.9858538321661647
robot3,295,1722894357125084097,11.51836487362483,14.3926418370793,-62.945300394155275,0.01396595746996718,-0.04358538937473979,0.19345850454907706,0.9800403424771014
robot3,296,1722894357673892444,12.102013199878483,14.313906078177277,-63.10860912971405,0.015646971873462413,-0.048477441253381326,0.22640449679101465,0.9727004234570495
robot3,297,1722894358125887636,12.460532671996974,14.25805859190905,-63.23803378408242,0.017964758032440867,-0.04752328738163087,0.24615123399384492,0.9678989485625998
robot3,298,1722894358631792729,13.0712250716462,14.115123871178398,-63.411849405370994,0.014539367266992544,-0.047702759985006754,0.25443394984624135,0.9658035093407605
robot3,299,1722894359129697072,13.811539745551732,14.111832167628162,-63.50243224832644,0.01282689636281041,-0.04625639461516849,0.2987672394249986,0.9531180164771146
robot3,300,1722894359628669347,14.556551953432985,14.005415282609714,-63.51919731296982,0.011624511231882748,-0.05038728350129052,0.3252483334084526,0.9442137014548161
robot3,301,1722894360133155621,15.33527160592789,13.866391328247863,-63.63935741125747,0.010203179221309323,-0.04433439729712933,0.33151693254403586,0.9423517813357554
robot3,302,1722894360623470618,16.05027967103471,13.695905362585014,-63.85736303170314,0.011804380126680622,-0.04750891421136622,0.2895936966347635,0.9558969874153252
robot3,303,1722894361125779711,16.826466661262543,13.598139412292902,-63.966454046359736,0.012933930387483463,-0.04572329349617029,0.28565575022174905,0.9571535332650893
robot3,304,1722894361624758758,17.611695970703085,13.56477970242471,-64.12311288271762,0.014975363152105464,-0.043927248859529304,0.2832873139852456,0.9579114954113039
robot3,305,1722894362178267166,18.479231212729143,13.505483817588162,-64.28723993097108,0.011408748439389214,-0.029865553352930098,0.3050084269968524,0.9518128748041159
robot3,306,1722894362628184191,19.074945834797226,13.4496384688498,-64.37526518513566,0.012453861660171197,-0.03214531031182094,0.3213083499126629,0.9463469367156572
robot3,307,1722894363127794642,19.72803419900318,13.414894428671039,-64.45695823830755,0.010529485388927017,-0.03253056631948258,0.32696385578459947,0.9444180902560294
robot3,308,1722894363676434658,20.57778609066837,13.322968906148768,-64.53934448323915,0.01476507461022406,-0.035912732957122113,0.31432759300857344,0.9485201275970592
robot3,309,1722894364176002065,21.402593972903983,13.258685166764378,-64.65571395940391,0.016283583479972576,-0.04875615665759342,0.2967502266144563,0.9535706502935689
robot3,310,1722894364675673164,22.272602546834147,13.13893900253536,-64.77367213385878,0.015732339333378663,-0.044044707377085573,0.29917861462040063,0.9530502157835042
robot3,311,1722894365176277214,23.193544089088658,12.99643163691199,-64.85473313629218,0.014660662557088698,-0.03914935585595543,0.30869588983560553,0.9502416747901845
robot3,312,1722894365675166846,24.038410317550692,12.858407957599876,-64.9658045419384,0.01675286323381836,-0.045401120706356185,0.32741148336204656,0.9436417754501654
robot3,313,1722894366126780891,24.79104357710203,12.756183757344331,-65.02661602300698,0.01645643871735195,-0.049801209261786855,0.3295708359997228,0.9426728431641858
robot3,314,1722894366675487232,25.73706102841998,12.645041113108912,-65.08665558729109,0.006952298643053691,-0.04228181018124579,0.3283393636387913,0.9435873973070267
robot3,315,1722894367127815511,26.51492854838945,12.454885084016617,-65.12279593506625,0.010803081878293621,-0.04479145899509479,0.3413886661625005,0.9387922013091131
robot3,316,1722894367624002377,27.371005173517847,12.219594289562105,-65.14398147518884,0.01173893590977902,-0.04703225303352083,0.3607395284442476,0.9314060109190401
robot3,317,1722894368128886048,28.29328766036113,12.185503290027981,-65.18822544723594,0.008330171206737224,-0.04549784913710945,0.3734619065998974,0.9264916396224698
robot3,318,1722894368676431629,29.282481149885367,12.027910969236839,-65.38187714987833,0.007682944996846683,-0.044647466186683436,0.3732209981208536,0.9266356687938135
robot3,319,1722894369173794136,30.03910182305593,11.876442109270439,-65.61605213823294,0.010371848113621567,-0.04634623646069047,0.3712962475723398,0.92729906053621
robot3,320,1722894369625854772,30.759324978244255,11.87335008909457,-65.7142828266162,0.011601029757138446,-0.04633285881933365,0.37076645750502696,0.9274971246809204
robot3,321,1722894370173361961,31.59719903619818,11.730186778143402,-65.82116496334103,0.014103744311629137,-0.0507813063503823,0.36042709741179385,0.9312972945161228
robot3,322,1722894370624710257,32.43465638514208,11.59250215223086,-65.88498168265498,0.012871868707474693,-0.054411936604171804,0.36613532552144007,0.9288802826824726
robot3,323,1722894371174456395,33.38576828167396,11.501554937099815,-65.98506198897151,0.007319513799507906,-0.0533752557899241,0.3763670997353613,0.9249028668048833
robot3,324,1722894371624798606,34.169609727610094,11.406740498856495,-66.07823417330626,0.008562428682266084,-0.051928711203241384,0.3814838728210774,0.9228760201377342
robot3,325,1722894372123896611,34.94083148423786,11.349484467690212,-66.20395574026918,0.010373311552411542,-0.05361142242183292,0.38518575677722555,0.9212220918808344
robot3,326,1722894372625093728,35.72787842613566,11.27023706324144,-66.29829221520518,0.005369955732323525,-0.044236605217445456,0.41090286564365747,0.9105894362115667
robot3,327,1722894373125845968,36.47441688035316,11.115230615127482,-66.25601936620829,0.0070588427494419625,-0.04657640146592616,0.43218466364428404,0.9005538451842847
robot3,328,1722894373672582339,37.248638988484444,10.964257980855509,-66.32171690338679,0.009421340677340418,-0.050203143972792,0.43110668598088686,0.9008539881566079
robot3,329,1722894374177382017,37.98399528868889,10.777764324188842,-66.38032362914305,0.009854042886100617,-0.04589229905325651,0.4042776393373054,0.9134311058083477
robot3,330,1722894374677075959,38.72478462057682,10.67036990855477,-66.4545122211402,0.016460279248790018,-0.062378501067627004,0.39623012405023217,0.9158819086578497
robot3,331,1722894375173074412,39.463939116984285,10.600830939749219,-66.56605090039596,0.016839052908817886,-0.055466475378466135,0.38781546271833334,0.9199125411052884
robot3,332,1722894375626125027,40.211655347342564,10.374463994734562,-66.62743836041197,0.018381864038741876,-0.0590757233344279,0.3817678745914976,0.9221851527306574
robot3,333,1722894376124815701,41.02273646378368,10.196289751601656,-66.63952138749046,0.018529010599461482,-0.05903911769233156,0.4034175342433166,0.912921328162158
robot3,334,1722894376676002439,41.86870847734611,10.04123097702963,-66.65921746765416,0.017613495801915773,-0.0658004301584709,0.4269879344023022,0.9016880680320947
robot3,335,1722894377124079104,42.77006596926169,9.794449198998379,-66.61642554512562,0.01772005914462715,-0.06325838771532634,0.42552612719568844,0.902558524950824
robot3,336,1722894377627771987,43.79887398931624,9.588820514206269,-66.5961298222668,0.01359273193850088,-0.0484140969236598,0.43012905179033334,0.9013658034690817
robot3,337,1722894378124530468,44.260479119821674,9.531847578458994,-66.71721234402446,0.015639282515090835,-0.052838368319374204,0.4387885734939352,0.8968991623627021
robot3,338,1722894378676375404,44.76724677203553,9.485705289529413,-66.82913794941864,0.014644386242840021,-0.05471943627950287,0.47203200570994447,0.8797596892505763
robot3,339,1722894379128128832,45.36053594890966,9.321201968138167,-66.58960613887238,0.014011569842505827,-0.055168359040430034,0.49449484909014974,0.8673148057623856
robot3,340,1722894379624813060,46.17389007019054,9.120079042407427,-66.40120410879055,0.015192779208412893,-0.05445088527526863,0.5008784287415087,0.8636695433868797
robot3,341,1722894380126213573,47.103913154841166,8.942065698981606,-66.2941673354225,0.017336519672455846,-0.051892530723066314,0.4954525337048774,0.8669102590154413
robot3,342,1722894380623543705,47.926508613114436,8.775119329349659,-66.21979468934376,0.01785140810849368,-0.06136866510845961,0.49866757310285714,0.8644338411394226
robot3,343,1722894381124389291,48.72585619481389,8.579212143292079,-66.10995554147621,0.01666739061862513,-0.05949467284557254,0.5103596302291421,0.8577386722221039
robot3,344,1722894381625389733,49.60905627288696,8.341576375221175,-65.95039878039718,0.016293579318539392,-0.05834961359683865,0.5117721711048036,0.8569825475170226
robot3,345,1722894382175491383,50.53296448648605,8.149939516200554,-65.85163533575844,0.014175069876178868,-0.06500225078822183,0.5030347852036211,0.8617016767197435
robot3,346,1722894382624443813,51.345614360909224,7.985122845453423,-65.7475226381622,0.0046378733398555905,-0.044759373809978735,0.4940050299170894,0.8682937976305243
robot3,347,1722894383123831368,52.14771933790072,7.826187080715693,-65.63465939140067,0.004872630194335505,-0.0409690791235595,0.48563644204628564,0.8731867143901019
robot3,348,1722894383624322513,52.766913412647924,7.696881533778141,-65.61246814416143,0.008998682866347226,-0.04413416523892964,0.4784014302893685,0.87698533092773
robot3,349,1722894384125535179,53.30929423509153,7.5390991908092495,-65.56420735942446,0.007386779148296456,-0.041694396197456206,0.4667162867031009,0.8833928461028042
robot3,350,1722894384623944312,53.87321353071858,7.43906912356393,-65.51240422745464,0.006735849004149433,-0.044545818452373966,0.439486963167435,0.8971184468075925
robot3,351,1722894385125816034,54.53082514319206,7.362014911293814,-65.48387721819749,0.007262776341980629,-0.04609110661891216,0.4268873720385381,0.9031002345058279
robot3,352,1722894385624025955,55.06635009703698,7.310448148100119,-65.46611033790698,0.005766838724398136,-0.041506654072929486,0.4253756055494787,0.9040462020506536
robot3,353,1722894386175837684,55.490301407259714,7.323059847720845,-65.43367231556593,0.006948076116967078,-0.04157522839058404,0.4439389217713374,0.8950650581712181
robot3,354,1722894386675829761,56.014598668395166,7.218334348922807,-65.37578849869382,0.0029896328191958473,-0.03461458490070723,0.4460504359278859,0.8943332159862459
robot3,355,1722894387176394867,56.765607981813794,7.04462127839089,-65.19532364898792,0.003420359343543602,-0.030304277267180227,0.44726242486275186,0.8938826965699506
robot3,356,1722894387625801003,57.37401303154022,6.827031805552909,-65.18386832128982,0.004609802871171465,-0.026637743309033173,0.44584698109116805,0.8947008716888469
robot3,357,1722894388177838446,58.10285865395109,6.696466395963674,-65.12796722472197,0.0032203873491384464,-0.029208010865339473,0.4499269518985832,0.8925817941017292
robot3,358,1722894388674009813,58.696131180388115,6.600256057339752,-65.04346189912846,0.00518054559993585,-0.03616556630653505,0.4546238043385099,0.8899339359131075
robot3,359,1722894389125266964,59.46913151362114,6.4983904767294085,-64.9141567764135,0.0031823229813445703,-0.0330806381569085,0.4617165508524843,0.8864047443851253
robot3,360,1722894389625612589,60.282003734737344,6.376924261762747,-64.82872847110525,0.0023373820111574567,-0.030230785134805847,0.4637446373725555,0.8854499125211228
robot3,361,1722894390126659875,60.87784690690207,6.279367893414294,-64.87000564389791,0.004651204506314294,-0.03472179837587902,0.46700720561297204,0.88355929790804
robot3,362,1722894390631812753,61.597452774152686,6.217068257661442,-64.8654286203997,0.0053946198326568886,-0.03214709988934972,0.468595865147731,0.882811065410949
robot3,363,1722894391126490496,62.15395877694166,6.143045766400731,-64.85861041838302,0.004586642821802046,-0.03483335252740989,0.4704105426191864,0.8817479921451757
robot3,364,1722894391624668717,62.681030019657285,6.077457619348419,-64.83778017970127,0.0027119693500016508,-0.03631652020230287,0.4648783242790886,0.8846252874511936
robot3,365,1722894392123437930,63.27208876243652,5.999438109200772,-64.7922231343982,0.00130239836917444,-0.034417478045947365,0.46023235924782085,0.8871301575668755
robot3,366,1722894392626903814,63.93761765748275,5.908200949266512,-64.74019458062182,0.007626045191986709,-0.04210244752497109,0.45883590613658704,0.8874901906990037
robot3,367,1722894393125528947,64.56089965396046,5.753033796133325,-64.70498298879154,0.009687271428884243,-0.05431269124114084,0.4585791085704086,0.8869393945051585
robot3,368,1722894393677571658,65.25450830155057,5.601378224826802,-64.63482955637691,0.007822783771697423,-0.048446735177689264,0.49183581709181035,0.869303886411602
robot3,369,1722894394126381662,65.82285651670658,5.47970536077907,-64.58404798748177,0.010743407465809362,-0.05586662598061805,0.5069347776899179,0.8601050113015496
robot3,370,1722894394626884864,66.53865757545208,5.28599501878368,-64.34311308033003,0.007282635295699733,-0.05308626591802994,0.5363549488491118,0.8422898434856593
robot3,371,1722894395125666533,67.23415798335724,5.120409441756113,-64.10597157728576,0.004268685410106635,-0.05254453757674633,0.5573795337234517,0.8285824673995601
robot3,372,1722894395624270186,67.85381753002564,5.011848225065389,-63.99610485475082,0.0037925305594847026,-0.05400259549934847,0.5557065179914861,0.8296141285278762
robot3,373,1722894396127766024,68.51188026776846,4.797952955990067,-63.753847490572426,-0.0035442572344635765,-0.05332519333542106,0.5567464768495967,0.8289615325887911
robot3,374,1722894396627389944,69.1630774143594,4.551194532224463,-63.489526455760775,-0.004921532812610264,-0.05285024951608094,0.5572553375363571,0.8286429378375845
robot3,375,1722894397134811992,69.69447117568366,4.394475682379569,-63.37235687168448,-0.006538618423994081,-0.057712810861229674,0.56427484877527,0.8235413608139226
robot3,376,1722894397674692734,70.20972809543936,4.251118415367676,-63.272793710313294,-0.006521528682775722,-0.05837950127977845,0.6028778470289949,0.7956680244019159
robot3,377,1722894398125794628,70.59752284976196,4.121162852073706,-62.983166203965915,-0.008901617482186493,-0.05592811101670619,0.6193059937746546,0.783104650528326
robot3,378,1722894398626926918,70.85031974617537,4.040024616256568,-62.729606090774425,-0.005741840872182268,-0.05512269600266792,0.6408908043625355,0.7656288242564658
robot3,379,1722894399176238283,71.20465214266943,3.8744232927917235,-62.48263923205047,-0.007908147521791363,-0.05321508226053438,0.6592224303761699,0.7500209353822825
robot3,380,1722894399629236945,71.64715908858955,3.626798412894929,-62.0842055354953,-0.009780968832211965,-0.055451149401590065,0.6611254140514443,0.7481595348413681
robot3,381,1722894400175806994,72.3462502443321,3.3207164398956617,-61.67215467189111,-0.00890811950885863,-0.056289422851736506,0.6194666648889019,0.782951593250346
robot3,382,1722894400675272417,73.11946157135084,3.119337489152651,-61.474520576022634,-0.00481139693816278,-0.05804778705543901,0.5492727442723606,0.8336106748818539
robot3,383,1722894401127735877,73.71799277912986,2.9721855505182186,-61.34384240935503,-0.004525525336645068,-0.06018902213301042,0.5303134865295039,0.8456502866078985
robot3,384,1722894401628754080,74.41870036441183,2.8207113493051974,-61.22738679169455,0.0014223266121791756,-0.0660959016426245,0.5113098103251913,0.8568498040136753
robot3,385,1722894402175081463,75.20502108507661,2.6296973126759844,-61.03937233062059,0.007182117863585213,-0.0690220941343474,0.5060227623297875,0.8597239857701042
robot3,386,1722894402624026754,75.73370610283428,2.4722258796089553,-60.91255574192484,0.008612380509760379,-0.0662634162824488,0.5045952798690493,0.8607662807629083
robot3,387,1722894403173860255,75.8828890531383,2.46759649551506,-61.06527540755134,0.009116148572007371,-0.06688474669951815,0.5025999713957208,0.861879687222744
robot3,388,1722894403625437050,75.92545613928942,2.4889704029923,-61.1784020334044,0.009681235173817884,-0.06821229802604122,0.4985370096204267,0.8641262674645636
robot3,389,1722894404126409769,75.9122887049703,2.4705428405917016,-61.17163350194221,0.00963317105478424,-0.06897997863716647,0.4895896778411088,0.8691667917690394
robot3,390,1722894404624901463,75.86089359704307,2.454713122176799,-61.12154779173904,0.0096763042304006,-0.06964367112952795,0.481885385320967,0.8734086120608762
robot3,391,1722894405124060391,75.82606063203457,2.4531637500396206,-61.08904321732332,0.009772970674811917,-0.07016918323527511,0.4767391556986182,0.8761852271021535
robot3,392,1722894405676966895,75.80005855941316,2.4500329201935203,-61.047361302582765,0.009863260427374626,-0.070546388115812,0.47254565250303754,0.8784227510248318
robot3,393,1722894406178015731,75.7641661055258,2.4635732216428607,-61.04495980293874,0.010152070651547192,-0.07098863833788498,0.4698334414256784,0.879837533870045
robot3,394,1722894406625973713,75.76253695731955,2.464120619283471,-61.0253796462527,0.010274671968890509,-0.07125393053331662,0.4678140176292435,0.8808900915602758
robot3,395,1722894407124480015,75.74799245149171,2.4639824339510357,-61.022980223126666,0.010541602338593399,-0.07160899341568103,0.46603177598571555,0.8818023647358448
robot3,396,1722894407676174952,75.73447880152924,2.4711524166643946,-61.01329226443155,0.010742328354639327,-0.07193901547439802,0.4642769295907085,0.8826983137425377
robot3,397,1722894408126308591,75.74231934714274,2.4709501209563847,-61.00438402831253,0.010876412906744664,-0.07220602467991405,0.462927375210265,0.8833834042606529
robot3,398,1722894408675795543,75.7478655694277,2.461832029886002,-60.979073635480226,0.010986168860673908,-0.07245305822652769,0.4615522746603676,0.884081080107039
robot3,399,1722894409129865594,75.75094690487994,2.4683212879102134,-60.98453205082108,0.0112245537856358,-0.07269815389494746,0.4606269434373728,0.8845404494946081
robot3,400,1722894409624630648,75.74361610922917,2.4783327302229705,-60.981673647525916,0.011443006160384,-0.0730217815087877,0.4597133102343976,0.8849861860100579
robot3,401,1722894410175238189,75.73622536462278,2.481615539123961,-60.96589147329132,0.011591514772123083,-0.0733043229913123,0.4587230579939851,0.8854746010364837
robot3,402,1722894410624293483,75.74589137768065,2.476325241076558,-60.970708152839926,0.011874076149502913,-0.07353055148531155,0.457935720654776,0.8858595487221734
robot3,403,1722894411174221724,75.74081361178064,2.4763841619341145,-60.96367860172138,0.012021620703816334,-0.07384655813158239,0.4572189020910738,0.886201468097636
robot3,404,1722894411623820341,75.74648360122302,2.4796677249319368,-60.967793436355215,0.012132812325451062,-0.07404727202259181,0.45662782910124616,0.8864879142218302
robot3,405,1722894412173958572,75.74358603322045,2.479707979449558,-60.97287835548534,0.012285362819870093,-0.07432916854718624,0.45597607589791284,0.8867976447714603
robot3,406,1722894412676631269,75.74427349158456,2.481417536909426,-60.98504903063154,0.012590485486840938,-0.07462227323298001,0.4553546003267335,0.8870880362027372
robot3,407,1722894413126119260,75.73795012076404,2.4803744080802175,-60.98079630579926,0.012691105470605538,-0.07496839714376362,0.4548156285001686,0.8873338826753013
robot3,408,1722894413675768705,75.74245207301256,2.48593143447151,-60.9841064043002,0.012906718802735154,-0.07529554067236331,0.45420858952894977,0.8876139675347193
robot3,409,1722894414176148607,75.7400381101823,2.4816991698087296,-60.97335599122752,0.012948801805698745,-0.07562478606256179,0.4536961029257455,0.8878474342221077
robot3,410,1722894414624380392,75.73005170423994,2.4824356887918033,-60.98509952567706,0.013129813463393937,-0.0760211777599222,0.45321537641981674,0.8880564233803248
robot3,411,1722894415127238368,75.73843950845341,2.476885095961786,-60.98874701801984,0.013251277629291534,-0.07628046185849693,0.4527614026932587,0.8882639286895977
robot3,412,1722894415626974970,75.73780313587748,2.4688520265364917,-60.98230506011017,0.013318206351805972,-0.07661017959331733,0.45231451149131496,0.8884622042926887
robot3,413,1722894416124429951,75.72785389550346,2.471844479230311,-61.004188518779465,0.013404811652692186,-0.07689133490217749,0.45195330921130317,0.8886204138632362
robot3,414,1722894416674542858,75.74976660064624,2.46913426714353,-61.01910781021953,0.013548631223329806,-0.07716877089669837,0.45151982406233077,0.8888145272603216
robot3,415,1722894417127398444,75.7514729125115,2.4658866157501693,-61.013404896014194,0.013671279555040074,-0.07762820860931123,0.45100377684098986,0.8890346172217367
robot3,416,1722894417677262327,75.7583122993663,2.4600942274241318,-61.02324199387587,0.013731237967159297,-0.07796511374009503,0.45056254603746443,0.8892279158076523
robot3,417,1722894418123712958,75.75689325251729,2.460490412230418,-61.024040555274496,0.01374573841915751,-0.07827113867510944,0.4501678075707695,0.889400713150569
robot3,418,1722894418624425228,75.74534311721854,2.4649355607478256,-61.03550834824131,0.013819970368105904,-0.07856451012544864,0.44979204396025946,0.8895637938663112
robot3,419,1722894419179130375,75.75526059056959,2.4580361933226977,-61.0338647451744,0.013820432289309938,-0.07881314552237471,0.44941714303097896,0.8897312601533556
robot3,420,1722894419673326775,75.74519018682223,2.4573092781362638,-61.036069150031054,0.013751936010543055,-0.07916261566606826,0.44908187537850625,0.889870571343604
robot3,421,1722894420123804121,75.73182652837741,2.4544442443124583,-61.031967082282456,0.013828852695809982,-0.07953064330493308,0.44867167513585954,0.8900434638484813
robot3,422,1722894420625804238,75.72788409875464,2.4527204511413703,-61.03290769034173,0.013921556537664548,-0.07989670142805647,0.4482720296844536,0.890210590122958
robot3,423,1722894421172948836,75.7255320724691,2.4480793941404553,-61.03091053516448,0.01401340241370525,-0.08021211720137046,0.44787165579661403,0.8903822890988256
robot3,424,1722894421623622710,75.73148903155383,2.4445165091696075,-61.032718162892735,0.01414641825039748,-0.0805846571507404,0.4474614023322773,0.8905527975956362
robot3,425,1722894422173314137,75.75156651845131,2.4425287540076566,-60.993725599610535,0.014200000912802832,-0.08089891648377172,0.4470567937987429,0.8907266406727804
robot3,426,1722894422625718244,75.75680007597362,2.4507205368429856,-60.97614815875302,0.014271665986412465,-0.08121188817289579,0.4466850307293856,0.890883512077563
robot3,427,1722894423125607594,75.75942362423572,2.452858827304042,-60.96448436334191,0.014369749521749419,-0.08145481028834535,0.44631645765843253,0.8910444679154911
robot3,428,1722894423623786796,75.7528844472264,2.457063270075779,-60.95729159600785,0.014501909849518836,-0.08186011624051023,0.44591587014847095,0.8912057297445627
robot3,429,1722894424123728914,75.7651463338172,2.457660477001107,-60.96215809407375,0.01450299426853391,-0.08215833881418894,0.4455701351175527,0.8913511795088768
robot3,430,1722894424624582650,75.75633169535266,2.456092469661789,-60.95598702029505,0.014622163522205916,-0.08254491386708097,0.4451896524427446,0.8915036191101606
robot3,431,1722894425175488012,75.76278555337524,2.4587986696343327,-60.95927465846619,0.01488861541833093,-0.08289233237256108,0.44481183491921694,0.8916555511410005
robot3,432,1722894425625911341,75.77101846986288,2.4584547267100247,-60.962612520052595,0.015036408425731368,-0.08319601974015342,0.4444367375570113,0.8918118159290842
robot3,433,1722894426125712871,75.76875379904764,2.4583435911306046,-60.96030775235186,0.015153406020305316,-0.083593504810324,0.4440550446735407,0.8919627893244706
robot3,434,1722894426675557617,75.77255991067544,2.454604500927903,-60.94739133763405,0.015101294412039636,-0.08390178500754397,0.4437345201658558,0.8920942310052264
robot3,435,1722894427174843611,75.76861671638282,2.453203284354323,-60.94765477141141,0.01523981577154037,-0.08429467737685956,0.44337566866202277,0.8922332496716792
robot3,436,1722894427674542242,75.78128350471049,2.4521334396264756,-60.947374550630514,0.01533178304399816,-0.08459226210472462,0.44303115467137094,0.8923746307528296
robot3,437,1722894428177923861,75.7837612153106,2.4563758135138656,-60.95384084555809,0.015431411395156728,-0.08493034684075762,0.44269660560952034,0.8925068196432288
robot3,438,1722894428623887474,75.78202557434686,2.456125377687433,-60.956897707382936,0.015524931039143338,-0.08531473859546901,0.4423533033466718,0.8926387437888319
robot3,439,1722894429176181277,75.76952364946877,2.4545099603047205,-60.95054332274767,0.015546715829809437,-0.08567868353756869,0.4420171081943772,0.8927700369510932
robot3,440,1722894429674005161,75.75915436129013,2.4547673652972124,-60.94912290617977,0.01561939926135227,-0.08608715084296932,0.44164826171229954,0.8929120056046724
robot3,441,1722894430177418285,75.7579305882776,2.4514405213895203,-60.94705736032423,0.015643542858289797,-0.08639042869075787,0.4413191178496494,0.8930450210475814
robot3,442,1722894430623975741,75.76132008734572,2.451035251603045,-60.94729151845845,0.015748520093176913,-0.08673023129337393,0.4409514075485306,0.8931918647612294
robot3,443,1722894431176083171,75.76171651175328,2.452996863668895,-60.94725139871278,0.01585994819115924,-0.08704435600093602,0.44056070215298804,0.8933521197435098
robot3,444,1722894431625293053,75.75266704517279,2.457719718166158,-60.94489687015536,0.015916078210964694,-0.08740874396950304,0.44020559483481403,0.8934905842862497
robot3,445,1722894432176405055,75.74145582855337,2.4491585093091293,-60.94720049335058,0.01599734108413472,-0.08780059113019015,0.43983179117242843,0.8936347893571962
robot3,446,1722894432625845244,75.73209028616189,2.448747145042307,-60.946113672765016,0.016074885547673355,-0.08819130178467374,0.43945114462868834,0.893782179185001
robot3,447,1722894433176605527,75.73462098782178,2.453732993449059,-60.94643028311093,0.016186346601921496,-0.08851204845839572,0.4390837924704887,0.8939289919513259
robot3,448,1722894433623799244,75.73299329181899,2.4615133470417394,-60.94813334263313,0.01628811291602815,-0.08893861021999362,0.43870035979508193,0.8940730480813279
robot3,449,1722894434173936640,75.72584929831959,2.470735065750504,-60.952075151239725,0.01640806873110067,-0.08932521897041538,0.43835597057631226,0.8942012209768571
robot3,450,1722894434625806842,75.7335169726536,2.4759343237368605,-60.95822284210721,0.016506703864184902,-0.08955163820792561,0.4380484364436573,0.8943274568920961
robot3,451,1722894435125263331,75.73353010901977,2.484806841945263,-60.958953302501286,0.01661235623638061,-0.08988129665933475,0.4377055803734059,0.8944602881297147
robot3,452,1722894435624752653,75.74042644489873,2.4875611221711926,-60.95525741338737,0.016631354686178556,-0.09014215138534087,0.4373696320342321,0.894598007799685
robot3,453,1722894436126658807,75.75283428754317,2.485678473456871,-60.94791596089468,0.017039032475975793,-0.09084752243439777,0.4367642564863045,0.894814720093372
robot3,454,1722894436623647143,76.00572268937363,2.4015445206997437,-60.852211240312336,0.014155407930232497,-0.08153649412298807,0.4314065808517805,0.898353931671831
robot3,455,1722894437176188238,76.46669212402325,2.2573751671475915,-60.67361882824821,0.010730178413998146,-0.06060297615918585,0.4260144134255041,0.9026205526718171
robot3,456,1722894437625641685,76.61790505667285,2.2156963378861327,-60.65402774543777,0.013778798187722735,-0.06177717100358076,0.4233026750852541,0.9037746240789039
robot3,457,1722894438123582653,76.78256076003757,2.168066865751719,-60.65269130239638,0.014582624720692718,-0.06224362772099248,0.420091587246895,0.9052271185668105
robot3,458,1722894438675139147,77.06913256669145,2.080649808840988,-60.60490492902888,0.013294467145877734,-0.060623438721684145,0.41886482482096143,0.9059251151991375
robot3,459,1722894439124337286,77.37659401070395,1.9841425634599343,-60.503399314911746,0.01454597679474039,-0.06186346580640519,0.4331590497679383,0.8990742815594512
robot3,460,1722894439624524233,77.68380908150317,1.8678446488800886,-60.348624483987464,0.013430050354090332,-0.06214500704952173,0.4755885089369756,0.8773671990753963
robot3,461,1722894440124411083,77.98491419775848,1.7713620244707555,-60.1110448216964,0.008322993539672849,-0.05285345643006441,0.5404183624136799,0.8396935354568656
robot3,462,1722894440676993844,78.20324253401294,1.705656229914965,-59.91164278073268,0.0025893263862250366,-0.05302077270056781,0.5963796961490287,0.8009452859417381
robot3,463,1722894441175733046,78.33693567321704,1.60434491846776,-59.77115037059665,0.0033733305439391835,-0.057439854365771016,0.6384497542099257,0.7675097361732722
robot3,464,1722894441624914574,78.48825057714636,1.4707749188686068,-59.45479604132072,-0.01429553616226968,-0.0660672698538528,0.6798974928318635,0.7301850126788674
robot3,465,1722894442124656667,78.67256717386759,1.2835954693319434,-59.03317548162326,-0.009937322238193057,-0.06442140394290884,0.7161947757829283,0.6948497502928241
robot3,466,1722894442626813075,78.90623221270403,1.0703485285836858,-58.63611097730572,0.01386151669288785,-0.08079519167292037,0.7186663316779771,0.6905061180540175
robot3,467,1722894443125750123,79.14287309848281,0.8250192234828497,-58.18647681255475,0.01184723131625991,-0.0844483585250697,0.7349820653214107,0.6727031154294099
robot3,468,1722894443626014900,79.37423944652521,0.5927743319023359,-57.64276426429783,-0.00438400904316645,-0.0726270510499632,0.7646902590451313,0.6402772053118753
robot3,469,1722894444125859748,79.55726354969794,0.3515453917431561,-57.022771326322705,-0.01046056669155886,-0.06826635186646204,0.787401338106703,0.6125597232067332
robot3,470,1722894444623846846,79.75800308698022,0.11701209418420282,-56.44638029870747,-0.01216603920405318,-0.0627004866469028,0.8033228911315953,0.5921089165417982
robot3,471,1722894445174268390,79.9513757377784,-0.11871926325240732,-55.83612934186725,-0.011824629427167964,-0.06417215831438118,0.8011379167471956,0.5949118847242401
robot3,472,1722894445676795595,80.15107093742871,-0.315655929137662,-55.28075402559125,-0.015031188801431285,-0.060519318816927584,0.800589762701296,0.5959593167918709
robot3,473,1722894446124196197,80.30367614240797,-0.5328547358101919,-54.83882448159902,-0.016713286049611854,-0.0617607793079536,0.7988882721269944,0.5980667194106718
robot3,474,1722894446625153913,80.4446402184416,-0.7665373087386942,-54.308677492682854,-0.018725802798130832,-0.06461539090401637,0.7973152143223213,0.5998021712015034
robot3,475,1722894447177039702,80.6189940851819,-0.9684150517795672,-53.77198631573962,-0.01874848648249544,-0.06563026799557478,0.7955042048403451,0.6020915397668155
robot3,476,1722894447625956541,80.72914933447466,-1.1513712888093686,-53.41779254856639,-0.016122405615142138,-0.06498440236882756,0.7943611338692902,0.6037445523429945
robot3,477,1722894448176050394,80.84956048015066,-1.3878220213153891,-52.91565455144488,-0.01770805214942776,-0.0647000883996921,0.7899115525691324,0.609540862098652
robot3,478,1722894448624204687,80.8959829316358,-1.4006379440484433,-52.977403951299266,-0.017010400609605892,-0.0655620788254884,0.7892804987455542,0.6102856334464629
robot3,479,1722894449175251933,80.84876801993005,-1.283916805682561,-53.25382514914755,-0.016666884850501475,-0.06591641076503614,0.7907017335504986,0.6084143409728862
robot3,480,1722894449625675135,80.69253540088285,-1.096316541980283,-53.697449579964776,-0.02053448515504119,-0.06745666480652769,0.7900918284077966,0.6089194002294739
robot3,481,1722894450124109696,80.54367652367617,-0.8241096579337261,-54.33567607081261,-0.01897541356956649,-0.06745879822558842,0.7838924279651589,0.6169294170330276
robot3,482,1722894450625074290,80.38579600696144,-0.4942512117600027,-55.11332265999752,-0.007442101903017873,-0.07001083078200596,0.7160712091095904,0.694467509806476
robot3,483,1722894451173115936,79.9799154962797,-0.1321229445314314,-55.8820397504453,0.0021988258700702842,-0.08317076041437885,0.621834715418735,0.7787164930043462
robot3,484,1722894451623632878,79.47672610417209,0.16855684184770145,-56.31047702843617,-0.0047064442816072815,-0.09286333030296462,0.604973828621918,0.7907976466516607
robot3,485,1722894452124520643,79.30082610370387,0.24063438120250882,-56.38770647463391,-0.004253391919184263,-0.08946826759617447,0.6095988766338488,0.7876335108140529
robot3,486,1722894452623374958,79.36241346254711,0.17724810440245828,-56.301916755558956,0.0005230060260501669,-0.09386731065808356,0.5632355872539194,0.8209472137142849
robot3,487,1722894453126482210,79.69176885731069,0.10048132749906265,-56.29015351932678,0.011927456369888836,-0.0937426221276219,0.4609546848941236,0.8823779434320315
robot3,488,1722894453627291069,80.03812469673656,0.01674148184841972,-56.34963480073129,0.026833109552195426,-0.0834286912196714,0.3595543501596958,0.9289996270151951
robot3,489,1722894454126579065,80.338264712731,-0.056694235705330394,-56.447689838613016,0.03901463445577945,-0.07705156494532389,0.250347532742959,0.9642961305985167
robot3,490,1722894454625983607,80.65317374368752,-0.09888372580526812,-56.61015359904802,0.045458304417774896,-0.07134069976796509,0.12572173044990848,0.988452372959243
robot3,491,1722894455179303387,80.9016429976863,-0.0761852257581918,-56.85894509137557,0.055274617617186314,-0.0713877181367863,-0.004915950066146506,0.9959037823913732
robot3,492,1722894455625834422,81.1135027790261,-0.04531867986770316,-57.121129611081784,0.053639363877690985,-0.07467765991793975,-0.11931241336192301,0.9885902152913161
robot3,493,1722894456125274381,81.23583356084856,-0.0031881048172293543,-57.43513223599179,0.0575675551072274,-0.07364693904119289,-0.25776785762339083,0.9616744961498597
robot3,494,1722894456625605197,81.22051543018722,0.09310313332961667,-57.80733580943868,0.06964841983558788,-0.06232629853514836,-0.39399795740581417,0.9143468377401212
robot3,495,1722894457126526836,81.15077379735524,0.22666508028108207,-58.187256845738716,0.07933767523444817,-0.05413064844277355,-0.49301634157933105,0.8647024303905305
robot3,496,1722894457624614452,81.20637750365387,0.40761345143435596,-58.6946697651256,0.08323305844038664,-0.05701717893694654,-0.5027328153285306,0.8585342251072934
robot3,497,1722894458127786887,81.24475217087573,0.6230745892948909,-59.22547931567268,0.10644313997955587,-0.026890074756139616,-0.5049954244356331,0.8561112095574831
robot3,498,1722894458676478437,81.31104444807532,0.7257063339091969,-59.63511693464419,0.08320875611114638,-0.05839908871885715,-0.46835761496930983,0.8776713472841087
robot3,499,1722894459126181468,81.59792421344392,0.7695614591567996,-60.022947197832266,0.07197943546139964,-0.0756814835123383,-0.34302389095725455,0.9335019465199713
robot3,500,1722894459624925395,81.80713392174943,0.7307196919694722,-60.17507196371483,0.06319164810133705,-0.08761438652688144,-0.25131746354411677,0.9618576128520824
robot3,501,1722894460125966636,82.14269566381203,0.7267171400469742,-60.321603109388555,0.05310770421520384,-0.09449422498222217,-0.13961727854811706,0.9842547580422546
robot3,502,1722894460625706166,82.50927343006184,0.6550761874075572,-60.42104351646776,0.045857385744594414,-0.10146573278009564,-0.007062149634254602,0.9937564748400954
robot3,503,1722894461126532266,82.85707676844028,0.5433575713867966,-60.40558937757993,0.03861090982059005,-0.10652571291915695,0.12041578386750762,0.9862360311433899
robot3,504,1722894461628318478,83.20189009806055,0.42820470787045717,-60.29023795554355,0.02786167541556047,-0.11152915078080153,0.25086001556626436,0.9611733600965254
robot3,505,1722894462126790174,83.42643725508069,0.2732805906364342,-60.103118727516055,0.019474165086962102,-0.11368972253173794,0.3681198154281027,0.9225959057864942
robot3,506,1722894462624758110,83.58168739436579,0.15315661817309095,-59.85504568023252,0.006142971149251425,-0.10908907773212224,0.4894068057038598,0.8651836889099093
robot3,507,1722894463127740279,83.76636725615104,0.07368175158077411,-59.65830667569795,0.000493182874890358,-0.1048027480786675,0.5236649049883099,0.8454532559813083
robot3,508,1722894463627446205,84.13618830968149,-0.12881504627520407,-59.362648122054445,0.0007585779921273403,-0.10613794424394299,0.5303649957171053,0.8410987651097191
robot3,509,1722894464174498064,84.48446756047193,-0.34272587038830205,-59.04539004081075,0.009511802708528996,-0.1084737935938416,0.5299231798341885,0.8410257934136247
robot3,510,1722894464623840340,84.61865063459268,-0.4688332437691481,-58.86853912481573,0.012869903788619758,-0.10846158870528824,0.5425814036775516,0.832872060844458
robot3,511,1722894465123525117,84.79529940140533,-0.6673438529292408,-58.54607383214498,0.012785687796303293,-0.1032174037072174,0.5902054542225158,0.8005249624874358
robot3,512,1722894465627786561,84.90655026818243,-0.8159380329183984,-58.20175671419843,-0.006053996258939472,-0.09705795920369535,0.6234856394737153,0.7757633395917617
robot3,513,1722894466126376878,85.07635436243326,-0.9897739405739083,-57.846510036236126,-0.0054006977466422535,-0.09791645198271673,0.6138929135433292,0.7832743399322156
robot3,514,1722894466625051876,85.35911168994873,-1.2315119061100939,-57.43548177620876,-0.0011670522073641402,-0.10017949173608592,0.605496066313158,0.7895170809450145
robot3,515,1722894467126625059,85.56996133937616,-1.4282874734833693,-57.11837398022242,0.0003324030986114548,-0.10091567553007057,0.6005611427970075,0.7931848647716634
robot3,516,1722894467625478499,85.63936291399799,-1.5791201669928066,-56.829946112401984,0.0015811244917150419,-0.10090269793888317,0.6155174414237151,0.7816357367068113
robot3,517,1722894468126857533,85.69258070820344,-1.7321903556194935,-56.53518153688428,-0.0034019485712768944,-0.09982405678292419,0.6355846685953552,0.7655427574471921
robot3,518,1722894468627789167,85.77719539318511,-1.8912719859755596,-56.16370387032661,-0.010317279235341795,-0.09317077303087908,0.6647003332004202,0.7412059280964088
robot3,519,1722894469126886307,85.8248099538818,-1.9943377455533817,-55.91293896090596,-0.012271954880569348,-0.09211891178088723,0.6727705275669259,0.7339913640180207
robot3,520,1722894469624000699,85.78833267322138,-2.008125563638653,-55.8386743274452,-0.010415281377562396,-0.09298040879356186,0.6709194472427401,0.7356040108685544
robot3,521,1722894470177598573,85.93026400524762,-2.2050699367010607,-55.490944958795396,-0.0073847748164556325,-0.09286986755296296,0.677623657955158,0.7294839484053616
robot3,522,1722894470677809951,86.06905353572715,-2.429516743649418,-55.032505474703704,-0.012422467719135943,-0.09093885748101105,0.6999440754333266,0.7082754391912803
robot3,523,1722894471125043707,86.0926645636749,-2.575299137049102,-54.66587285315213,-0.01462385002016768,-0.09225994948654005,0.7088116433801641,0.6991854538962032
robot3,524,1722894471624372089,86.09577341358931,-2.757532587461678,-54.164127998959145,-0.01541955405322624,-0.0924698166417776,0.7257602500764597,0.6815303586576246
robot3,525,1722894472125606605,86.07498197837575,-2.9280672303865103,-53.6002174650496,-0.02262578535224654,-0.08698341116339568,0.7451724605998713,0.660787381828003
robot3,526,1722894472627221028,86.03612851726368,-3.0692098760210054,-53.07207072040876,-0.021752671014137664,-0.08796504610953092,0.7474692898991102,0.6580871010925673
robot3,527,1722894473125859058,86.00035089517755,-3.2321665712231815,-52.59483121646809,-0.01987306234502159,-0.08996271053649002,0.7417025637845985,0.6643711906617505
robot3,528,1722894473623601192,85.98365423549849,-3.3904440071716007,-52.118076865053645,-0.019186706603887622,-0.09035574876985758,0.735224912177201,0.6714998417482775
robot3,529,1722894474123712930,85.97592920692675,-3.5550758577957073,-51.67524382743826,-0.016199321709923272,-0.09287707644289583,0.7152852982602625,0.6924437686486073
robot3,530,1722894474623786987,86.00529985098142,-3.7390366869460614,-51.20380908387592,-0.015210643844511196,-0.09188788116306693,0.7015331089228742,0.706524274667335
robot3,531,1722894475125922613,86.06812558914721,-3.9701163618194575,-50.65122195136104,-0.011227116705899659,-0.0937921275868427,0.6831753643439961,0.7241190580330378
robot3,532,1722894475628682670,86.15734759070801,-4.206549947771736,-50.075125458011314,-0.006924946992029379,-0.0918958328972755,0.6625998589842824,0.7432823338942496
robot3,533,1722894476126931605,86.15122499402932,-4.433752100288642,-49.49537594138129,-0.00667671039327785,-0.09119775520063368,0.6525454149961285,0.7522119863125155
robot3,534,1722894476624711790,86.10148026695718,-4.655449413440563,-48.935257928420064,-0.004809013654180438,-0.0904670317237132,0.6542147686528076,0.7508632538853716
robot3,535,1722894477177128357,85.9823023055077,-4.833011364644534,-48.29273580075381,7.758081704960397e-05,-0.09742455104937145,0.6547107951916467,0.7495746964069471
robot3,536,1722894477624061954,85.9697684239697,-4.999931170991551,-47.777614078506474,-0.003345325207011165,-0.09850427803528164,0.6429635412967285,0.7595285383520343
robot3,537,1722894478125359520,85.98332631908119,-5.205582507150883,-47.21036973709345,-0.0017916464325248775,-0.10208172349212549,0.6325028269358048,0.767799639001057
robot3,538,1722894478626018267,85.97757850573831,-5.395118519121351,-46.68278082434122,-0.0007691606641132982,-0.10385153635351324,0.6250396378115289,0.7736534870039172
robot3,539,1722894479174919232,85.94635668340031,-5.6921235738248726,-46.07549683626215,-0.000994401059072561,-0.1053865862092692,0.6179130107950036,0.7791509415408183
robot3,540,1722894479624583827,85.94064578962303,-5.919432174370559,-45.59508420938898,-0.0009055346817252267,-0.10526158238662897,0.6172944561339342,0.7796580876940311
robot3,541,1722894480174284476,85.88904142675224,-6.208985826642712,-44.92226943089507,-0.005530243549169283,-0.09909290550253201,0.625755912349625,0.7736792298135202
robot3,542,1722894480627566256,85.82388831616632,-6.4374750955055084,-44.29649094256748,-0.004399924128367629,-0.10098933660977494,0.6324145256057526,0.768006290574259
robot3,543,1722894481127798597,85.81228347874074,-6.680140006535824,-43.566484950334974,-0.003542596193879482,-0.1003552204569822,0.6302474882560462,0.7698729656808209
robot3,544,1722894481674675069,85.7398333266797,-6.873945836639941,-42.83913965967244,-0.00010790524199461028,-0.10710817187607223,0.6264399651528824,0.7720756426238817
robot3,545,1722894482126174040,85.65465821058697,-7.04436642177395,-42.26896870143766,-0.004962596064172403,-0.09999533575458236,0.6233408990143806,0.7755142997286226
robot3,546,1722894482625957011,85.60561172860605,-7.2952523850372675,-41.56585373392167,-0.004774368413964338,-0.10477421128871457,0.6198375380493805,0.7776895244761617
robot3,547,1722894483126582408,85.59791021048912,-7.56127368231697,-40.841307027559964,-0.0045451103047517045,-0.10382283750757201,0.6175621639909379,0.7796262784123069
robot3,548,1722894483626475672,85.50375317920685,-7.819424934834912,-40.10708223395372,-0.0034385612456918394,-0.1072142012908768,0.6140042615305148,0.7819795765622567
robot3,549,1722894484175375169,85.48578964800836,-8.093127654474765,-39.26247596643299,-0.011398598086234647,-0.09963874832072683,0.6097139612549034,0.7862512812362225
robot3,550,1722894484623445175,85.48385258026444,-8.313400213561671,-38.60057290913845,-0.005571219458486307,-0.10338597354176905,0.6077496062487249,0.787350441730419
robot3,551,1722894485175784629,85.36142312717848,-8.619271340587032,-37.76943470799889,-0.0039268665958663365,-0.10661631931423499,0.6040355199971881,0.7897839139640349
robot3,552,1722894485675582462,85.28538138633853,-8.948473158874167,-37.012433575379355,-0.0013287267875702604,-0.1089708302492025,0.6060731688921854,0.7879079302741584
robot3,553,1722894486174613447,85.25166138825138,-9.238360155481017,-36.26130998874848,-0.002143580997536251,-0.10594929852434212,0.6042680188957198,0.7897026735060158
robot3,554,1722894486631304373,85.20267253968424,-9.463670319052891,-35.60643279886854,-0.003686017642635418,-0.10629256951022441,0.6047190445305826,0.7893055049363786
robot3,555,1722894487125500097,85.07550163394528,-9.732156083491816,-34.970329667276296,-0.0011446888679768293,-0.1125187539447911,0.6062617191394073,0.7872642171496413
robot3,556,1722894487673898560,85.09230797116203,-10.102650536257597,-34.13220509003299,-0.005886154325622266,-0.11226201702264203,0.6115308519207077,0.783193852038176
robot3,557,1722894488173592115,85.21834197134636,-10.38322122574586,-33.330237862464344,-0.006432168578976171,-0.10371885462256884,0.6138025481896675,0.7825902237052447
robot3,558,1722894488679134714,85.1296868458188,-10.807765155976561,-32.472235874296736,-0.009182061905656921,-0.10384958259292901,0.6296022376111056,0.7698908859893876
robot3,559,1722894489124473727,85.10614371995447,-11.071139645981459,-31.720125811543998,-0.005860150101586224,-0.10771435148039649,0.6283106986232486,0.7704472357803029
robot3,560,1722894489627636275,85.01269939797115,-11.414198647622277,-30.804740619856126,-0.004237118482069237,-0.11295905923906954,0.6253469259206592,0.7721162606786461
robot3,561,1722894490178953964,84.95039841909683,-11.756400357798451,-29.85985764336829,-0.0033029382840363314,-0.1140959479954259,0.6220210214970566,0.7746360784687705
robot3,562,1722894490623575014,84.88658576722052,-11.942543787054513,-29.086953763085575,-0.005815592876204689,-0.1030498201096523,0.615474704109816,0.7813691842245899
robot3,563,1722894491173589407,84.76727278622174,-12.195348261512695,-28.29896432401176,-0.0009826982356404355,-0.10538042820958812,0.5960260069798948,0.7960194712807872
robot3,564,1722894491675407322,84.53982294092583,-12.448081010479031,-27.529679100598518,-0.011275989331128451,-0.0986325978832158,0.6231256884017947,0.7757956168690319
robot3,565,1722894492124434029,84.44976578657395,-12.777007522466233,-26.805475631928307,-0.007900227450174501,-0.09799585392914907,0.6209555259672501,0.7776558581980001
robot3,566,1722894492623621518,84.37922421081403,-13.069349662199787,-26.094439119962196,-0.0010912050922466199,-0.10242675274532381,0.6186193054398876,0.7789850605310515
robot3,567,1722894493124038168,84.25260308707017,-13.31515857188465,-25.400335137168085,0.002102179509775168,-0.10965620837918325,0.6151897095488728,0.7807129549779377
robot3,568,1722894493624055477,84.28052916786562,-13.543975745710771,-24.68567274887852,-0.006239912370525594,-0.08938744467894585,0.6113175775387186,0.7862962340108015
robot3,569,1722894494125908030,84.24644572380721,-13.861553086496297,-23.956982995195663,0.002989193805450671,-0.09939627157615605,0.6071324982109141,0.7883537121960719
robot3,570,1722894494624623321,84.11315632741866,-14.13277678798576,-23.254614178149158,0.00475299268725133,-0.10106168391992186,0.6120405117202297,0.784327965277934
robot3,571,1722894495181409233,84.022822360057,-14.453586527716332,-22.426356822915373,0.005814138680745259,-0.10300594510826043,0.6154182636869646,0.7814194339689005
robot3,572,1722894495673311402,83.99429961164746,-14.722128744368227,-21.690098302002294,0.0007424650559101311,-0.10114397630017664,0.6142716571365439,0.7825852516132376
robot3,573,1722894496174730720,83.87471811980636,-14.9877362330051,-20.956312049647796,0.004500420474993688,-0.107491377147554,0.6194092076319135,0.7776616124994697
robot3,574,1722894496624256901,83.79417849182417,-15.241074424438755,-20.260790884199437,0.002512822068483734,-0.10460299616008073,0.618144523967426,0.7790694746995742
robot3,575,1722894497124640764,83.72258209739665,-15.543673705433466,-19.449504312933083,-0.00013746471207579076,-0.10180262706036401,0.6181849013015428,0.7794123645605471
robot3,576,1722894497676535557,83.59758594868975,-15.905119852360011,-18.67446400981609,0.005249617356682398,-0.11124164706635062,0.6178458106637096,0.7783728487819173
robot3,577,1722894498124983806,83.46510905976164,-16.16952611764551,-17.98529955285323,0.0001610374487495052,-0.11099518060159008,0.6173793279366029,0.7787957430460885
robot3,578,1722894498628304242,83.33668401095903,-16.41219731562516,-17.223233812577174,-0.004333554239309676,-0.11196195336865293,0.616901092566062,0.7790242507755003
robot3,579,1722894499126809748,83.26060287792099,-16.67384518597035,-16.478632952114122,-0.006160919580030657,-0.11383174201578361,0.6159336947180026,0.77950629329763
robot3,580,1722894499625559948,83.17783882741438,-16.95420948461803,-15.805455548552953,-0.006078707761191043,-0.11411506933375408,0.6161557488940543,0.7792899931140612
robot3,581,1722894500126572767,83.0431266890123,-17.178126960502077,-15.17564164838722,-0.009791990946135086,-0.11186411802607586,0.6150191298021137,0.7804754999287355
robot3,582,1722894500628080435,82.97772814673604,-17.3588496075178,-14.565048738325908,-0.009284836094612297,-0.11046753488709714,0.6129321344802262,0.7823202119823941
robot3,583,1722894501125661283,82.94452952697851,-17.61564340589638,-13.914774511323627,-0.0040832965187259495,-0.11132002630146264,0.6051765654068685,0.7882591598682047
robot3,584,1722894501625646087,83.00204924977507,-17.927187244776494,-13.23507158326909,-0.0028245395034013775,-0.111586456563872,0.5941081603840747,0.796602773315009
robot3,585,1722894502129947880,82.98390611067676,-18.218381951203796,-12.55622183485296,-0.002706926431147554,-0.10991714466984136,0.5829090505856628,0.8050639307547238
robot3,586,1722894502625978380,82.92208684428529,-18.482706836948328,-11.889387353248553,0.0014161004966105886,-0.1108483620405144,0.5730876282792758,0.8119613325802856
robot3,587,1722894503127447449,82.82947484153986,-18.73488744916201,-11.236020672860516,0.00035232063562790566,-0.1127130882385603,0.5783707749572805,0.8079498018349971
robot3,588,1722894503626151577,82.83115019452467,-19.056326345813144,-10.499519365583769,-0.0029774261049745304,-0.11469688130062491,0.5808040768606852,0.8059171078068184
robot3,589,1722894504124589020,82.85362947467813,-19.390922632178995,-9.816667809104697,-0.001408656518092935,-0.11573200825237792,0.5875629344884526,0.8008582371231526
robot3,590,1722894504624988411,82.84129517945453,-19.72430687077753,-9.034490248732817,-0.004974725075013946,-0.11308675054035648,0.589850004831519,0.7995396242606794
robot3,591,1722894505126977909,82.7959280161236,-20.005324131887956,-8.224687886330345,-0.008851327994356069,-0.10566574091093718,0.5956496739519599,0.7962147142017678
robot3,592,1722894505675308241,82.67408187852502,-20.300329709181987,-7.389322042775293,-0.0046032415927821195,-0.1102199698731143,0.6016837563042301,0.7910796583199697
robot3,593,1722894506126390075,82.61395698478059,-20.548711659134266,-6.735329975640177,-0.003868021623255629,-0.11083670629117451,0.602521296734336,0.7903596332865312
robot3,594,1722894506628268899,82.57085533054448,-20.83701693179341,-6.031229298768109,-0.00512795373843595,-0.10947359864179058,0.6009742823379733,0.7917191088127346
robot3,595,1722894507126134416,82.48377401768117,-21.089516620283593,-5.322001895302697,-0.0053232287560329924,-0.10875006683476642,0.6010224498387289,0.7917809678117411
robot3,596,1722894507624460698,82.3764389456423,-21.30313945415022,-4.641722299915987,-0.00605777842566824,-0.11220249957172469,0.6040793542755905,0.7889626329227437
robot3,597,1722894508124617304,82.31718133375105,-21.610652341338874,-3.8976130832037095,-0.004783025557681832,-0.11286511879904454,0.6103086715296229,0.784067543698079
robot3,598,1722894508626743998,82.23915261564366,-21.902292320191968,-3.186426709768536,-0.006952575351001494,-0.11269901276729868,0.609722055846834,0.784531458152683
robot3,599,1722894509127180233,82.13942349317195,-22.174636909725276,-2.490480865096645,-0.00464161197977526,-0.11511634629918634,0.6091637896390936,0.7846312252552107
robot3,600,1722894509625061574,82.06608430628677,-22.43900283720368,-1.7263437161965411,-0.003864934551517704,-0.11395091010126342,0.6080146973469867,0.7856961118511779
robot3,601,1722894510175807016,81.98625490130087,-22.760138266632694,-0.9139838018922141,-0.004407372096439831,-0.11383729387078707,0.6059061747176421,0.7873368739201877
robot3,602,1722894510624976257,81.86317786132129,-22.97275578319016,-0.23152900394918635,-0.002184815950039408,-0.11327564000313595,0.6046024687703171,0.7884286338775262
robot3,603,1722894511125900619,81.825291371371,-23.225593843189287,0.5755551096259641,-0.0026493015569109424,-0.11683224265915265,0.6040882429787744,0.7883023550461528
robot3,604,1722894511627809300,81.7395225601548,-23.53390675628361,1.3167450110070384,-0.005135534972447527,-0.11409328009169332,0.6029394042757127,0.7895697717682169
robot3,605,1722894512128387294,81.59597950043577,-23.83712734899319,2.0329665868286284,-0.0024427500929803583,-0.11433584203613496,0.601637443441568,0.7905401538485981
robot3,606,1722894512626093447,81.5340802478923,-24.135595250429244,2.7104155191651875,-0.0037764280249979283,-0.10955268207380348,0.6001363682458782,0.7923511140589479
robot3,607,1722894513126945009,81.49171793746257,-24.382014705173894,3.354652692556897,-0.002129743681893446,-0.11120375537340077,0.598297637098651,0.7935169351846709
robot3,608,1722894513626603553,81.36741723274773,-24.69216819400897,4.005356572053288,-0.004678562574544383,-0.10879251253507688,0.595919127729402,0.795627232738278
robot3,609,1722894514126900061,81.29297766278877,-24.98723386571808,4.675829829990548,-0.005581265633933334,-0.10832872423032666,0.5940438668442696,0.7970857050814931
robot3,610,1722894514626275886,81.20800544793416,-25.194621923939998,5.3863403417885936,-0.0029735008912597444,-0.10994605627372035,0.6019169861613557,0.7909481429099734
robot3,611,1722894515127494555,81.15273237895556,-25.404889440327203,6.063011474304433,-0.0031789309711594137,-0.10787935868870553,0.6015085432460935,0.7915424251224672
robot3,612,1722894515626195124,81.19376111537142,-25.718656580906785,6.8328799815661,-0.004909679855988064,-0.10856447322115989,0.5977608321553071,0.7942742836948194
robot3,613,1722894516124306439,81.17215165769088,-25.9938992093124,7.6128543867901515,-0.0046318161459053785,-0.10905702815263386,0.594659156336118,0.7965334887343547
robot3,614,1722894516628125237,81.19052473408755,-26.270171309185958,8.377330996060195,-0.006579742090792602,-0.1069608306727554,0.5910928533871089,0.7994531420730664
robot3,615,1722894517127422881,81.11583388632091,-26.60965092882534,9.211279493930617,-0.011042352949711984,-0.10650733645205261,0.5869195991147028,0.802533262798658
robot3,616,1722894517630473038,81.02996024562619,-26.86734269119089,9.999362950215414,-0.00762440201554821,-0.10922911582001527,0.583417546273073,0.8047576252834079
robot3,617,1722894518123930133,80.91127475875747,-27.061483839067154,10.682442180235151,-0.006787992197661764,-0.1109509362532141,0.5873353991309871,0.8016738375636965
robot3,618,1722894518627512709,80.74637785358024,-27.348410871172394,11.337433641392218,-0.005065127226690008,-0.11260875266144049,0.5867587758007169,0.8018776417453327
robot3,619,1722894519126391570,80.68795105913391,-27.639441185624058,12.058961592202252,-0.004768390944574872,-0.11121760303583846,0.5975029156775814,0.7941021174758015
robot3,620,1722894519625071464,80.62085609100978,-27.94224257888727,12.732242749102156,-0.002058588129241488,-0.11392336738939098,0.5974916934010771,0.7937385620557245
robot3,621,1722894520127943860,80.62895702416114,-28.163351550703517,13.377102819784064,-0.005300009468998709,-0.11223617452340107,0.5933042588548231,0.7970978656681439
robot3,622,1722894520628642368,80.67671277045761,-28.467042753691594,14.201583252767442,-0.0022406794175809344,-0.11546738144014862,0.5859359994806789,0.8020855737960139
robot3,623,1722894521123565579,80.63498412530696,-28.73840507749027,14.829484572532198,0.0012982300992675968,-0.11253699946519696,0.5721519293242099,0.8123890128014806
robot3,624,1722894521626062725,80.58112795797948,-29.00074871291416,15.501420478062181,-0.0020446762916004717,-0.10738263891695356,0.5610631740136729,0.8207757933344505
robot3,625,1722894522125477553,80.5642118985954,-29.307931353577146,16.19351775857778,-0.0014266069011284,-0.10938134060398187,0.5780194088053338,0.8086576841684978
robot3,626,1722894522625608556,80.39693733399562,-29.70482098157674,16.869630533811435,-0.0017266632918764716,-0.11188691736409617,0.5920968547037193,0.7980599294580571
robot3,627,1722894523130919291,80.32577978779894,-30.03859510037957,17.659951905464148,-0.0032732232312657253,-0.11242759641956489,0.5901139107236514,0.799446617319403
robot3,628,1722894523624141831,80.18538849255859,-30.323870300440557,18.37559088985036,-0.0009366881253601373,-0.11211878864623748,0.593448820116157,0.7970238376300908
robot3,629,1722894524128219818,80.01816288317195,-30.564301634470613,19.081593454297668,-0.002994848694331423,-0.10986016712109946,0.6033995346075084,0.7898295868077269
robot3,630,1722894524624845170,79.84721708271941,-30.7358364786761,19.703994930435822,-0.0005791448852941841,-0.11033217094428821,0.6038931914545954,0.7893918481721898
robot3,631,1722894525127172543,79.79109911389442,-30.965793796428628,20.44319115258302,-0.005553484447544935,-0.11562283207400667,0.6017175072259212,0.7902762561354734
robot3,632,1722894525627170696,79.77483523191962,-31.24988205379762,21.13630444982911,-0.005408608884071911,-0.11137347086978029,0.6010113575750446,0.7914240614248212
robot3,633,1722894526127836379,79.73547273519827,-31.531047334314586,21.775148773774085,-0.007589588519374791,-0.10679597992313755,0.5984712805820089,0.7939578975845595
robot3,634,1722894526624044250,79.63720674825338,-31.855239871587496,22.382593349919183,-0.0014840458152830303,-0.10973578637406954,0.5998574156383077,0.7925445954018066
robot3,635,1722894527176388758,79.57294537257991,-32.13707875625508,23.127175626822364,-0.004260086171652944,-0.10811711277800932,0.5735266587304833,0.8120096756294258
robot3,636,1722894527626768810,79.57251380675329,-32.356539108292935,23.66644960983394,-0.0036109977387565003,-0.11477998419696739,0.5659750893910582,0.8163851505949005
robot3,637,1722894528124848058,79.6429407306451,-32.62281485377253,24.487320221771935,-0.006287445602201427,-0.11040155294581376,0.5712418955950004,0.8132986301795809
robot3,638,1722894528624427015,79.67155691964125,-32.913585282265714,25.23556977157392,-0.005859132965096743,-0.11038895301011913,0.5738677942870846,0.8114528355328506
robot3,639,1722894529126164055,79.476724339964,-33.1046634972241,25.834399973715904,-0.0026168248215048687,-0.11619608427478965,0.5879403454589548,0.8005109445901815
robot3,640,1722894529625174217,79.38588759091,-33.40037887992625,26.49384054878992,-0.011680148451366295,-0.10925663564869997,0.5867182621512183,0.8023018400559329
robot3,641,1722894530124505135,79.53295228520423,-33.668907326463575,27.27713967908887,-0.0112101275845129,-0.10739306586215755,0.5955480751007327,0.7960298692185346
robot3,642,1722894530629181763,79.45446982900675,-33.819076134329094,27.960394971368157,-0.014132597071031979,-0.1074417631837174,0.6012149177594422,0.79170522284971
robot3,643,1722894531126197697,79.19652130104564,-33.9667384471661,28.59148709902401,-0.01722671268266412,-0.1061612088697785,0.6162277609333613,0.7801899670955224
robot3,644,1722894531680334273,79.10531352007872,-34.33216023114065,29.266058726896816,-0.0062932901851403275,-0.11084198548953465,0.6111918255740015,0.7836574513796847
robot3,645,1722894532126994244,79.09085203662855,-34.56369695499414,29.85558862910476,-0.007407234962664187,-0.1089182397710641,0.6053570163898023,0.7884318820437296
robot3,646,1722894532626071646,79.10687992750077,-34.71388832380688,30.55591029151547,-0.005856101761143739,-0.11066424326690176,0.599732226093989,0.792489992566894
robot3,647,1722894533125663205,79.15021821958739,-34.9144297926149,31.29732692448397,-0.004853662790431991,-0.11291142482787449,0.5936223809946726,0.7967684236232456
robot3,648,1722894533628263597,79.06356732921329,-35.066052367760015,31.918950691850647,-0.007564851075701025,-0.10794894604180096,0.5870126333246883,0.8023128855963126
robot3,649,1722894534132428154,78.95283230837259,-35.21281059325936,32.51435365305143,-0.005982532346149861,-0.11193610844047805,0.5814414941954142,0.8058289556486123
robot3,650,1722894534626425923,78.83420780084691,-35.37543772873398,33.12711359791488,-0.007946158886587599,-0.11118641763115779,0.5750819076177613,0.8104660625985616
robot3,651,1722894535124335768,78.71989267173072,-35.64630866917763,33.73898603916642,-0.0074879048638116985,-0.11391780857137791,0.5688776777749991,0.814459852847499
robot3,652,1722894535624704127,78.51785580178883,-35.79759145310622,34.177315809620424,-0.007736674540597888,-0.1126541138568897,0.5650472277100618,0.8172948213192993
robot3,653,1722894536124873101,78.24026714669074,-35.918560090054555,34.49644615093598,-0.0052672722923028555,-0.11087270791443489,0.5570859421525518,0.8230034942442971
robot3,654,1722894536623968128,78.31008577089582,-36.119362231644665,34.85052126370484,0.0022651460120331826,-0.11348745277353077,0.5001554619130913,0.8584637331273942
robot3,655,1722894537129177888,78.6819952597028,-36.377217496739846,35.15840159161043,0.004425479863134344,-0.11210281540088318,0.468664295976489,0.8762232315934327
robot3,656,1722894537628498647,78.90839061019206,-36.626263235971805,35.48045427405171,0.009943168322965526,-0.11124222289675556,0.45100588843369965,0.8855054996141012
robot3,657,1722894538127612027,79.08461967284381,-36.856915774226245,35.77233913775422,0.015138515679785906,-0.12167465095135693,0.37844351276920357,0.9174674993163432
robot3,658,1722894538623401650,79.34499641713393,-37.210496827083446,36.03471109986319,0.006523884068309023,-0.12324028703515581,0.31913108368239945,0.939640687718371
robot3,659,1722894539127016643,79.49222293952928,-37.541089191731956,36.13252737927814,0.01951472002653909,-0.13091541937929685,0.22277228698214033,0.965843070495293
robot3,660,1722894539627319288,79.40123018248713,-37.76025871334485,36.18905791950643,0.03261846353713694,-0.12460369000874456,0.1487995869068126,0.9804430831053086
robot3,661,1722894540126618451,79.47216238271997,-37.96922350007771,36.11306078335265,0.050065340925199465,-0.11607782318055324,0.0536295788807368,0.9905267633298873
robot3,662,1722894540627893587,79.56538464437153,-38.08496351905248,36.075265681041856,0.05849784776748851,-0.11302037944755841,-0.03301414504758159,0.9913195558763475
robot3,663,1722894541127387349,79.9806923849635,-38.11646270260192,36.0802215522174,0.06406419337751272,-0.10933464447741728,-0.09737095086902194,0.9871477156792431
robot3,664,1722894541627605221,80.42593893622985,-38.17196182888392,36.014156488974564,0.06586221020164149,-0.1057322977987584,-0.13259158392705286,0.9833119150815091
robot3,665,1722894542124202921,80.99511471982947,-38.35849254210321,35.82801341554057,0.07114687448920404,-0.098405850803837,-0.20214100723252512,0.9717990656370331
robot3,666,1722894542624472511,81.68456710742618,-38.44722022269387,35.91151394473765,0.07127888855634042,-0.09637497999083994,-0.20723118112602568,0.9709203988211652
robot3,667,1722894543126162153,82.27866102953678,-38.66016856574873,35.88904472776195,0.07011564854331767,-0.09566124520767129,-0.22842458504943697,0.966309955935289
robot3,668,1722894543628835375,82.77061349422996,-38.67541605611077,35.97500695453601,0.07094824986795899,-0.09468126483896896,-0.2352519818977379,0.9647063330062434
robot3,669,1722894544126980248,83.4398044125358,-38.75418452284923,35.94357624185428,0.07141095372628022,-0.0979063384238601,-0.23415681340580163,0.9646167173131389
robot3,670,1722894544626518953,84.06471671700474,-38.858627684611356,35.825221074290575,0.07128574802309912,-0.098301855337217,-0.2266416681845963,0.9663791396799455
robot3,671,1722894545127248366,84.65800144216108,-39.027122456244044,35.82276587764962,0.06712296729261351,-0.10149546131125385,-0.2064444366659283,0.9708624378173965
robot3,672,1722894545624639375,85.1502278659428,-39.21463375407877,35.92497883439965,0.06995894890054954,-0.10376942803613916,-0.1959311882860585,0.9725989002310231
robot3,673,1722894546127121558,85.80296392073829,-39.45262512067315,35.9978616276373,0.06446923801585647,-0.1020033244459379,-0.17042685379887765,0.9779538468945492
robot3,674,1722894546627291921,86.25323878687728,-39.682215756658266,35.75606857246447,0.06432324373280521,-0.10667220003944569,-0.14347124328743194,0.9817838684781867
robot3,675,1722894547127472917,86.8572605009658,-39.841399032503105,35.56463515350506,0.06457374425542435,-0.10874179353467983,-0.13962442624024216,0.9820949411786924
robot3,676,1722894547625006326,87.40467762719354,-40.14451425975366,35.591620495451124,0.06425937801724076,-0.10672306492472725,-0.12418776923681044,0.9844075973507592
robot3,677,1722894548123526468,87.86730084240017,-40.410151239590725,35.58144375704012,0.06259231823261929,-0.10825469088509082,-0.12428863848072769,0.9843350333825608
robot3,678,1722894548623664101,88.38174521355648,-40.620990269649866,35.50703582511479,0.06349050190546406,-0.10890539702106367,-0.12466983715500378,0.9841575089238621
robot3,679,1722894549126524825,88.96367002770083,-40.82261561654987,35.383192489782154,0.06309460564589467,-0.1117335062009457,-0.12641975047929457,0.9836425880466874
robot3,680,1722894549624424746,89.47392606014411,-40.9788799331855,35.28976363399189,0.06695462996436796,-0.10638100865060139,-0.1272785544177462,0.983870076844572
robot3,681,1722894550123600494,90.02788246000671,-41.26163626506274,35.33671996795534,0.06636658868175731,-0.10776502480851212,-0.1291330929668958,0.9835175746449935
robot3,682,1722894550627793916,90.75408555779379,-41.634784150321735,35.315153282074995,0.06447500355963084,-0.10709224165251341,-0.13087934696730935,0.9834860559414332
robot3,683,1722894551126042532,91.3076250023877,-41.992868348857286,35.39162970272668,0.0620848739447148,-0.10934604994303719,-0.13340628798793913,0.9830522224756947
robot3,684,1722894551629551450,91.91794397050059,-42.32377763110712,35.542973932999864,0.06272746533791781,-0.11268093754743658,-0.13152030024819522,0.9828889469458569
robot3,685,1722894552125255998,92.59758892478901,-42.57254394984429,35.46087568152162,0.06223543168095333,-0.10782202069703654,-0.12855905852325422,0.9838565603622856
robot3,686,1722894552625983057,93.26539187676926,-42.85996481711388,35.34693150509498,0.061707786488534956,-0.11040602523134654,-0.10167410545475852,0.9867446655337313
robot3,687,1722894553128225381,93.81945157424147,-43.19845312832325,35.45518888828187,0.061471427483170825,-0.1130814720363208,-0.08385763609888965,0.9881304271973342
robot3,688,1722894553624844829,94.51450855980737,-43.60009330786273,35.49850144402753,0.06057098068971022,-0.11137931938447629,-0.06589543635746987,0.9897391550196426
robot3,689,1722894554128111636,95.16707991223849,-43.80442338446401,35.47560663078786,0.05585313679063179,-0.11610844010915439,-0.038490234710947126,0.9909176348607194
robot3,690,1722894554628326486,95.92604393435619,-44.071220120617625,35.41359261206365,0.055420590403300295,-0.11929110814575085,-0.005135178700618543,0.9912980478223595
robot3,691,1722894555126902526,96.58791037578455,-44.316859354856184,35.39407150805303,0.05144020498769459,-0.12232459579462739,0.03914386778881746,0.9903829341164138
robot3,692,1722894555624343298,97.24926490741868,-44.65071202543642,35.477206219632464,0.04539083768299286,-0.13011881182354776,0.10988557077861616,0.9843444153337398
robot3,693,1722894556127729575,98.08955555798657,-45.07032739895879,35.441311472604426,0.04024332893370474,-0.12521951911498624,0.18195490610821813,0.9744706043037392
robot3,694,1722894556626500973,98.70000613361195,-45.52580103722177,35.63678640632308,0.032771410710144624,-0.13234487473510023,0.268994115710768,0.9534427274275049
robot3,695,1722894557125218147,99.54129412878642,-45.858768136492635,35.4706695163291,0.028278389087612463,-0.13351645884359,0.2933375196261508,0.946217093223355
robot3,696,1722894557628116835,100.19390969397902,-46.17288036812578,35.48018068009887,0.03176563908614637,-0.14160149936667768,0.29609743953192347,0.9440689942229838
robot3,697,1722894558126442601,100.7750238056752,-46.50514427111749,35.525352714414666,0.023530150031318486,-0.13239045986581977,0.3068257862133109,0.9422192075576702
robot3,698,1722894558626366371,101.48842746043829,-46.85938795578387,35.53293904100156,0.027322734077046006,-0.12963881188458445,0.3016307732982066,0.9441748372283781
robot3,699,1722894559127771528,102.24800103234487,-47.12557709713979,35.52176322376127,0.03475823095592343,-0.13420511442745414,0.2978492026477134,0.9444928295781021
robot3,700,1722894559626233274,103.0292039208613,-47.43960523956228,35.55153060451756,0.03625758939092135,-0.13711935092905736,0.293620745377291,0.9453414878743223
robot3,701,1722894560124561719,103.8606876703637,-47.7531659227736,35.59002927685144,0.035618601100260536,-0.1333744895115886,0.2881711031874932,0.9475758418674923
robot3,702,1722894560628761239,104.6219722832402,-48.04941475553517,35.58564629297212,0.035606298172460187,-0.13299276439598012,0.29212874834650376,0.9464174081969721
robot3,703,1722894561127808012,105.36433345889624,-48.380614512796605,35.54655816937903,0.03507718230318752,-0.12730119653110422,0.29132821870824266,0.9474660234687576
robot3,704,1722894561626132755,106.06690636201425,-48.670293423649504,35.49379574244824,0.03520880526404679,-0.12946766447502142,0.28979451693417213,0.9476379065034026
robot3,705,1722894562128504609,106.73186499289298,-48.93701487623008,35.484049983317334,0.033107521876022096,-0.13304125729916627,0.30047980058818946,0.9438833642405018
robot3,706,1722894562627967030,107.46019099221847,-49.295311330429605,35.542230787471574,0.03722649111504265,-0.13365245355730562,0.2983150213027762,0.9443301107570902
robot3,707,1722894563125890584,108.15261122421056,-49.61492053439416,35.54427215663425,0.03509950415226585,-0.1282744151935415,0.29538012037973754,0.9460783708020556
robot3,708,1722894563626960318,108.74928644046213,-49.91581801744882,35.50859923356509,0.035111616894586375,-0.13318737406448006,0.2921981771858263,0.9463870894079952
robot3,709,1722894564126340458,109.44049442911947,-50.24323488891283,35.452606112835994,0.03565518015339313,-0.13331938239717694,0.2881537839960739,0.9475874878733933
robot3,710,1722894564625347769,110.17680229193553,-50.54319199497233,35.41533309696033,0.03858136488119712,-0.1293219464603503,0.2865510585487804,0.948512415992634
robot3,711,1722894565124015498,110.94374509620937,-50.87463194939872,35.413885148842915,0.03766138266233136,-0.1271561078924852,0.2852699121910837,0.9492281188840159
robot3,712,1722894565623691398,111.64264449581555,-51.15902949670432,35.3835600214219,0.03541380760800648,-0.12458233617681888,0.305724656179377,0.943269600033538
robot3,713,1722894566125949669,112.50807264097912,-51.55983656185113,35.39944550058748,0.036918701396234654,-0.12895348037990972,0.31123178933942414,0.9408202711940811
robot3,714,1722894566627445917,113.2766738680606,-51.84611505825519,35.40463097798376,0.0385929674661959,-0.13308895338344975,0.3066501150868028,0.9416812731846704
robot3,715,1722894567125305981,113.98619654867716,-52.050039903871635,35.38751349297602,0.03740518366723061,-0.1278518999870773,0.29146816025582256,0.9472597613440578
robot3,716,1722894567626458098,114.74031312064679,-52.32054741118412,35.359067896165534,0.04033594699703982,-0.1286805401353478,0.27810597121291886,0.9510370122902927
robot3,717,1722894568127171129,115.43641084700293,-52.61346177083596,35.25987392517039,0.044491902120453994,-0.13285589198723968,0.26747270458638195,0.9533247793439678
robot3,718,1722894568626173377,116.11951931713298,-52.90045131429088,35.2165521452221,0.04114232165803446,-0.1272474655640988,0.27994375810825695,0.9506560283153556
robot3,719,1722894569126765656,116.70484521842552,-53.172092398766935,35.13618565191383,0.04343065357496758,-0.12829947043003181,0.2815166227781038,0.9499481119077164
robot3,720,1722894569626217312,117.32455374657071,-53.461067323364254,35.04777944893709,0.04283033173137171,-0.12554828425277245,0.28402713794452683,0.9495955854552012
robot3,721,1722894570126602169,117.98783211037345,-53.818904651286545,35.00136328877666,0.041963838749687454,-0.12807284146792408,0.2854332159844926,0.9488752619435666
robot3,722,1722894570624664478,118.69783983259231,-54.214425439171,34.950902128913576,0.041564805305835575,-0.12838568950243404,0.28521952056603483,0.948914804805444
robot3,723,1722894571127290743,119.41824139385157,-54.58194250806656,34.97392766210797,0.04030038994095242,-0.12769464477871686,0.28424003408211146,0.9493563921365068
robot3,724,1722894571625655265,120.04823521015102,-54.81364207760027,34.94529567774981,0.04018213157384218,-0.1288933431460469,0.292098540859455,0.9468106171894118
robot3,725,1722894572124760427,120.68510502825673,-55.0804262445779,34.94912852552065,0.03938082247455151,-0.12866114799195413,0.2971538596683471,0.9453015622026787
robot3,726,1722894572626649509,121.35323374201216,-55.3418611926568,34.928364416373896,0.04107497236781667,-0.13163713162765908,0.2956178610151024,0.9453013236374321
robot3,727,1722894573127612269,122.07953021954204,-55.54078098488735,34.89079670655673,0.04048924183541566,-0.12420070819540245,0.29541842516009986,0.9463946108549437
robot3,728,1722894573625507309,122.7815216974347,-55.80675802090098,34.854509645571326,0.04130840447687741,-0.13056606513254423,0.2932440376566287,0.9461786579363416
robot3,729,1722894574124812427,123.48060325646757,-56.08167675055183,34.83449524133663,0.0432870014693668,-0.1353423181381994,0.29152577435051374,0.9459500067731396
robot3,730,1722894574626085950,124.20348777267773,-56.42278726178281,34.84536813069309,0.04190011125899252,-0.12765252506032843,0.29814084789144835,0.9450191788216653
robot3,731,1722894575125747592,124.97730019955114,-56.80974019880273,34.83986804553852,0.043506403949836465,-0.12905117929495846,0.2970869439217408,0.9450885321964152
robot3,732,1722894575625315549,125.76982461029756,-57.156376862604745,34.8266993297585,0.04398648843493247,-0.12591257394254204,0.2947356550610146,0.9462251878882119
robot3,733,1722894576130258856,126.56375574214128,-57.52283079728601,34.75327282816532,0.04543287887529705,-0.12533144927054563,0.2927269429370796,0.9468573378390004
robot3,734,1722894576623604909,127.26817166728172,-57.85434639189673,34.70939803629851,0.04523311799723095,-0.1224649511340186,0.2916483214298433,0.9475745656079767
robot3,735,1722894577124092150,127.961669958101,-58.184714717563345,34.64786995395175,0.04522145747306678,-0.12346452140065516,0.2889355803029657,0.9482762056354188
robot3,736,1722894577625887720,128.66339832291223,-58.515226085199934,34.58516571844597,0.04813401182957205,-0.12238112297884654,0.2877343829041825,0.9486384466899791
robot3,737,1722894578129068869,129.2790155008819,-58.816921834827795,34.560273906745614,0.048511912248135614,-0.12222153958653754,0.2858822125553583,0.9491995839524893
robot3,738,1722894578625550438,129.9412935364458,-59.095918079043585,34.504898706811,0.05001666999018468,-0.12552642515146176,0.28394607745972383,0.9492713386629895
robot3,739,1722894579127714214,130.62993044067443,-59.39554587191556,34.43246254947724,0.05008302415912842,-0.12222576390240684,0.2822653738324158,0.9501993538541246
robot3,740,1722894579625434148,131.3476077378632,-59.73059998184823,34.346042554789506,0.05020606152967416,-0.12113885015294554,0.28138096500035326,0.9505942788091934
robot3,741,1722894580126468325,131.99679201300034,-60.00323585334625,34.25935001119745,0.051129047828976995,-0.12130824599164541,0.2811468796396357,0.9505927424462217
robot3,742,1722894580627215451,132.39258115444855,-60.13936487004516,34.16459572605584,0.051522547805805535,-0.13418391200017124,0.27921962826994035,0.9494085021826617
robot3,743,1722894581128444335,132.96485808376218,-60.342407274944506,34.113056486816944,0.04380079886829078,-0.13265553021242793,0.27652184424568815,0.9507994898912822
robot3,744,1722894581628987158,133.55624205619637,-60.617157664847554,34.09878185270063,0.04406697644746669,-0.1300570083807958,0.27615065052029714,0.9512539589273901
robot3,745,1722894582123919203,134.07391338438666,-60.83296314708814,34.047448265447855,0.04433908403697662,-0.13026849491991013,0.2731491290452445,0.9520786302401119
robot3,746,1722894582628308111,134.58866375885458,-61.0353386197924,33.948723412640106,0.04671188885990764,-0.1308343068767905,0.2705679782862469,0.9526244552336993
robot3,747,1722894583124316932,135.08787370833016,-61.25517078719724,33.90284852592193,0.04861303236774207,-0.12725042024575794,0.27422321730793575,0.9519693958949392
robot3,748,1722894583626990828,135.68896128258152,-61.53597966899577,33.8991995428584,0.043764386687309906,-0.12553196613333054,0.2824943064965735,0.9500123003064771
robot3,749,1722894584126892913,136.3257325188561,-61.76572127836881,33.84298513826226,0.04228071712603315,-0.12598716083797232,0.28297562754575106,0.9498759763665905
robot3,750,1722894584627472454,137.0496212877717,-62.10882079424936,33.82123935017464,0.04378751438304105,-0.12758839251562132,0.28617073962429995,0.9486359488562068
robot3,751,1722894585129118078,137.76654829085356,-62.409914853174904,33.81879075478535,0.041295538785609744,-0.1289257658586801,0.29124112348090625,0.947022403836223
robot3,752,1722894585625388563,138.4240892055816,-62.66479698282939,33.78324004063002,0.03837733341943298,-0.12583075999241508,0.2921405263935023,0.9472843886383182
robot3,753,1722894586128381972,139.14409548417225,-62.97717711462527,33.76670845335378,0.038736838535090246,-0.12918275729360074,0.2924202685234772,0.946732094689404
robot3,754,1722894586625971568,139.76890574896734,-63.21040505218473,33.69203856565217,0.03722772783597539,-0.12790611464037774,0.29144722396584355,0.9472658749054442
robot3,755,1722894587127202155,140.3597523436008,-63.44543823002449,33.605098092221425,0.03715177775073921,-0.13065329518238605,0.2904183401063398,0.9472099290008643
robot3,756,1722894587628643773,140.99138981071346,-63.752185364863735,33.54925892081396,0.03556210188024637,-0.13212104161176152,0.2895773950745347,0.9473248120550464
robot3,757,1722894588124748098,141.6504491769558,-64.01863655894124,33.50635423450848,0.032525203889739354,-0.1268989854218474,0.2889155909627689,0.9483493765008076
robot3,758,1722894588625964445,142.3150698307956,-64.32657431179334,33.46244601887222,0.03368031656230525,-0.12713695663641886,0.2883956968234241,0.9484354235198219
robot3,759,1722894589126853435,142.8938399398463,-64.59997405037579,33.42027381191134,0.034212630261142296,-0.12741400368189057,0.2889515239821677,0.9482099896039633
robot3,760,1722894589625122226,143.4390690701524,-64.81962952543387,33.3973701569843,0.029521605224823576,-0.12661840244053982,0.3052162879779291,0.943365927167888
robot3,761,1722894590125402350,143.92841262223774,-65.02410738918279,33.43042180435752,0.02564898835312173,-0.13095578342476139,0.33886829875847985,0.9313221721190804
robot3,762,1722894590628353170,144.21062398114083,-65.14697410589514,33.47115449786278,0.015939290060002657,-0.13132355590621303,0.4157737866991421,0.8997956551297561
robot3,763,1722894591130352666,144.28944552374008,-65.30877343020967,33.43126839087868,0.012513686121020391,-0.13103923659746758,0.4595287547799558,0.8783538294229728
robot3,764,1722894591624944721,144.3658131924244,-65.4864882463825,33.633280859006305,0.0008898105443294335,-0.12898277809731268,0.5367618353740738,0.8338161567619988
robot3,765,1722894592176332530,144.45003626779078,-65.66584202332828,33.906277446463605,-0.009377662266367054,-0.12930958438568538,0.5995485471946076,0.7897674533641247
robot3,766,1722894592627187205,144.54829843031445,-65.78438680617643,34.14764143930237,-0.016948976956577034,-0.12838263174824427,0.6441975327708291,0.7538170672102724
robot3,767,1722894593126488042,144.62517577228473,-65.89019598162602,34.40236266972237,-0.025938653108854154,-0.1260885118891289,0.6870346772878101,0.7151309150417972
robot3,768,1722894593627121270,144.64956517617188,-65.98267562175441,34.612541364569246,-0.030366403135680953,-0.12506758617990407,0.7237737881806274,0.677928819265266
robot3,769,1722894594124953859,144.67928737045497,-66.10758699597771,34.79702760029516,-0.03483931649925281,-0.12311958889868954,0.7556451878403471,0.6423613772239184
robot3,770,1722894594628757049,144.69210616051672,-66.18402963822939,34.92733196178927,-0.03724912105457106,-0.12170073887539473,0.7741478480159184,0.6200778520074453
robot3,771,1722894595124929514,144.6400487130398,-66.3508828855548,35.18537685526768,-0.01562847004762093,-0.13951683901510337,0.8035538494980734,0.5784392911205392
robot3,772,1722894595625531116,144.58862610089872,-66.4801442335457,35.41939065687281,-0.01167713972086884,-0.1340693142841574,0.8288881599098353,0.5429857104350009
robot3,773,1722894596124892993,144.5862764212738,-66.60873505469047,35.5615794269704,-0.03195681248370332,-0.12658394061580402,0.834123954169206,0.5359034401785311
robot3,774,1722894596626579702,144.6122930951056,-66.85145704758676,35.983517942589,-0.030186667674829484,-0.12720197441925882,0.8331948395567297,0.5373032496966375
robot3,775,1722894597124525840,144.63217747872335,-67.01870214800815,36.340808901020864,-0.028923183665291494,-0.12614964059283892,0.8318820601329541,0.5396498454126655
robot3,776,1722894597626668125,144.7047632232881,-67.31354267361833,36.830498286899434,-0.026679569211777762,-0.123997358314377,0.8293437667532197,0.5441523428832324
robot3,777,1722894598125823906,144.72090829773964,-67.51247956942146,37.25073975088405,-0.0346837931043199,-0.11518313938412944,0.8269011297318146,0.5493308661870017
robot3,778,1722894598627441389,144.80712604416615,-67.71678226637363,37.712697804661964,-0.031150482446887826,-0.12019631681202043,0.8084449682177028,0.5753253220844949
robot3,779,1722894599125942133,144.95183655067783,-67.99221675142053,38.19015029562908,-0.028501867407043247,-0.1219888383089036,0.7902886078849731,0.5997918665083636
robot3,780,1722894599625461869,145.06756287158592,-68.24445098522433,38.66200608579072,-0.029771477809830936,-0.11932239446026921,0.7854366720667089,0.6066012359549391
robot3,781,1722894600123969156,145.17163006283872,-68.45856668534867,38.976354344582134,-0.03237964626856362,-0.11856019582329072,0.7906103452832269,0.5998585836720204
robot3,782,1722894600626836274,145.23993381192622,-68.63877962190502,39.242124412532256,-0.03088201201946458,-0.11985432813786794,0.7856929132345853,0.6061088082623453
robot3,783,1722894601124773080,145.24641850762566,-68.82703980527133,39.56289108029444,-0.034804642820685926,-0.12112403241049326,0.7801416995506798,0.6127777200852876
robot3,784,1722894601625357995,145.2938911214559,-68.99179682348664,39.931786043334384,-0.03192762954953156,-0.12039765097226564,0.7746604712450874,0.6199888599015689
robot3,785,1722894602124780612,145.3404697688866,-69.19780221875395,40.31780430169211,-0.03053282244719947,-0.1190690027779441,0.7708383969823568,0.6250587852902674
robot3,786,1722894602627978242,145.43517552614045,-69.38152467204179,40.689018667931585,-0.02988505858917834,-0.11863765419995226,0.7702205305529681,0.6259331630403986
robot3,787,1722894603124228157,145.53426108678852,-69.52574154892213,40.92309343065953,-0.029947386658794546,-0.11894187879110626,0.7779429929113415,0.6162472582349514
robot3,788,1722894603626684190,145.52088109375092,-69.63295402661662,41.18955941161846,-0.035933691812565186,-0.11604371808861,0.81012031636827,0.5735396222513882
robot3,789,1722894604126725684,145.48305895557326,-69.74367027200789,41.43371060004344,-0.03876253913403813,-0.11373962656615078,0.8188178387324694,0.5613360044411569
robot3,790,1722894604623393867,145.42143465511657,-69.89133993123568,41.83683948826409,-0.04246727362500175,-0.11346966090460794,0.8190172089585491,0.5608315060290398
robot3,791,1722894605126805412,145.35199043968885,-70.0071801404458,42.3283205055978,-0.041206432525936136,-0.1122055622915757,0.832618687689392,0.540793918807998
robot3,792,1722894605628969306,145.25155161292628,-70.22873748340946,42.898220332938,-0.04119932350479046,-0.11329407812066043,0.8323836059329872,0.5409293855759129
robot3,793,1722894606128380624,145.16675732085824,-70.4608680723329,43.42786197376394,-0.03557516774391481,-0.11523397935876664,0.8241811677969229,0.553336190837032
robot3,794,1722894606625566192,145.0389008806524,-70.66660879801672,43.92871090834123,-0.03387475254845501,-0.11754710787400457,0.8264240272537295,0.5495984950379367
robot3,795,1722894607128153579,144.86262607885382,-70.92390849364637,44.607323417248644,-0.04056850666544435,-0.11589488845469938,0.8316499830795723,0.5415541309423794
robot3,796,1722894607623706783,144.72939192864314,-71.14117920812207,45.22357138324405,-0.039873600149609605,-0.11364818359082053,0.822070961425683,0.5565011417403107
robot3,797,1722894608125722859,144.67705315084342,-71.3559472890293,45.853816309464065,-0.04075564624073569,-0.109786000346445,0.8079991203349042,0.5774282924878651
robot3,798,1722894608632068087,144.53508166086633,-71.53172992296864,46.399314575630854,-0.034293513454278314,-0.11477950228247331,0.8132515424254679,0.5694484608227037
robot3,799,1722894609127619124,144.35139182572334,-71.68152252664035,46.903183456809195,-0.03786248912006244,-0.11590115947876725,0.811299211595851,0.5717752551598058
robot3,800,1722894609625650220,144.1405468093149,-71.90696800564619,47.576924281905846,-0.04253997172006818,-0.10909130078569003,0.8268769777967813,0.5500580901037664
robot3,801,1722894610126363124,143.94196383138686,-72.10665619486564,48.22110043603807,-0.04299236002264622,-0.11034670153266242,0.8239163936435767,0.5541994575294238
robot3,802,1722894610624609108,143.7161844151819,-72.27304860346568,48.79022823905298,-0.04260688999587406,-0.11130097732233686,0.8298694732854623,0.545081097343213
robot3,803,1722894611127246818,143.4077504914157,-72.44050481039544,49.465984500737015,-0.04495064119423691,-0.10930844448974153,0.8326287196962973,0.5410734875748072
robot3,804,1722894611628645055,143.05761799919165,-72.61140315586961,50.24360144953848,-0.04986296075946135,-0.10991043636012487,0.8328049552317062,0.5402492828916511
robot3,805,1722894612124673932,142.59569232819763,-72.6622629971333,50.95265376816642,-0.060513880621299934,-0.10479250768328069,0.8628005137870648,0.4908481170325274
robot3,806,1722894612625140512,142.00798457749164,-72.63276690715308,51.59998729817058,-0.06209944893760235,-0.10100988228214118,0.8950965180824236,0.4298172698248822
robot3,807,1722894613126963955,141.2961435154109,-72.5757731448058,52.1484795885816,-0.07534789194376325,-0.08966345958565289,0.9388617443792102,0.3237619250869217
robot3,808,1722894613628603124,140.42053784483042,-72.43792135658637,52.46619210559379,-0.08536012175856736,-0.07949562062545557,0.9733976729621382,0.19720817981673688
robot3,809,1722894614125007804,139.59169569844875,-72.19514284612788,52.66112604434736,-0.09047294735611962,-0.06722174790460403,0.9896344070925653,0.08899226204504088
robot3,810,1722894614626675526,138.79768824566756,-71.79810528419694,52.71059198146799,-0.09292594467686131,-0.05702711014141656,0.99391625075452,0.01559371671250095
robot3,811,1722894615128324048,138.1098116020116,-71.45271433594654,52.72551584880112,-0.10653701118612585,-0.05316095363537253,0.9928850165636495,-0.001766957697979562
robot3,812,1722894615626409817,137.54673919105693,-71.14390533762993,52.6204962323707,-0.1025369400633339,-0.050708198521949695,0.9928916621098798,-0.03287859239363815
robot3,813,1722894616124261641,136.96155133278995,-70.83152364650822,52.58514681279175,-0.10821337252324746,-0.04846051791759217,0.9921208708831409,-0.040467539687775375
robot3,814,1722894616628542398,136.3653975639474,-70.58272081861995,52.647589346511474,-0.09910529045917817,-0.04743923133369385,0.9928367220641955,-0.04693510471164984
robot3,815,1722894617125524743,135.79651766677512,-70.28381788767757,52.65957594408547,-0.10284657937936019,-0.04942487346088951,0.9924619370823362,-0.044710920770174814
robot3,816,1722894617625442543,135.30975834306412,-69.9054494511085,52.66048352072573,-0.10141244629945263,-0.05055693240167331,0.9928890714918652,-0.03648018686513321
robot3,817,1722894618125282966,134.64734535911677,-69.65173809156487,52.68573373795411,-0.1003850285066796,-0.05184781837317769,0.9932936171982483,-0.024544649414385333
robot3,818,1722894618627012548,134.0605393370437,-69.40558772034284,52.70946906956236,-0.0991458649465071,-0.05157011606957447,0.9929186336938087,-0.04028904883711725
robot3,819,1722894619126922107,133.47356706875516,-69.14798928258402,52.754894030299496,-0.09710254221828528,-0.04707815478766098,0.9933416845299209,-0.040336601391222304
robot3,820,1722894619624693734,132.74658085275232,-68.84526955798891,52.781679276506075,-0.10609108356954948,-0.0429757421442353,0.991367476860637,-0.06393976381850025
robot3,821,1722894620123648294,132.13451346196354,-68.58265510924038,52.804109050428046,-0.09767722054240632,-0.04552191178775902,0.9924011733842486,-0.059387096240381534
robot3,822,1722894620623879601,131.52463856596887,-68.33240744030601,52.849142759250256,-0.09838485555030116,-0.04504860318901202,0.9925126969922237,-0.05665324225750708
robot3,823,1722894621126321232,130.8713425623009,-67.99901514003743,52.8750260063223,-0.10257243830888539,-0.04739219929974546,0.9926554111060624,-0.043221628228904956
robot3,824,1722894621624630698,130.23397156783037,-67.72008408747381,52.94246073177187,-0.09731971773661093,-0.04575943469354426,0.99326322071532,-0.043163885951373764
robot3,825,1722894622126396251,129.60961330527013,-67.45017576372089,52.930691053778524,-0.10442913445028001,-0.04809443752933028,0.9927135739923675,-0.0360727177795485
robot3,826,1722894622629393034,129.04512322477237,-67.20944057885076,52.93481420884957,-0.09902859504776347,-0.04791709105434412,0.9935243620683765,-0.028401262725124554
robot3,827,1722894623126421561,128.49511584063865,-66.90902711305029,53.00450958147139,-0.09896568426576642,-0.04891875667813301,0.9938038725038592,-0.012907810782913759
robot3,828,1722894623624414247,127.87199756943397,-66.69629989914809,53.06354583225883,-0.0986428309178433,-0.04904224723068428,0.9939133408500599,0.0008489848944745825
robot3,829,1722894624124366938,127.36149243183043,-66.57136482514298,53.123168818237446,-0.09596130336043839,-0.05060046185633323,0.9939706485976356,0.015917639388027892
robot3,830,1722894624624018451,126.98060315210374,-66.43613600875354,53.15021099765587,-0.09596912955717157,-0.04954511754102982,0.9940475071807211,0.014309471257832433
robot3,831,1722894625127222320,126.54134941821978,-66.17297195218377,53.26967983209149,-0.09472892223586463,-0.048986053811317105,0.994226391482864,0.011860872775182133
robot3,832,1722894625624822418,126.04316060920588,-65.91228139513082,53.350264038786406,-0.0981736995231091,-0.049165994848417834,0.993883979625501,0.011801047253886863
robot3,833,1722894626125192566,125.60798369097044,-65.68327646284199,53.43635457121505,-0.09121319662292367,-0.05083574780806174,0.9943548218975714,0.018824656057205857
robot3,834,1722894626628660585,124.99499537973139,-65.43500546764152,53.50418709170631,-0.08850050808405825,-0.050633335369960855,0.9946601479981103,0.015972332408074826
robot3,835,1722894627130116065,124.38033247261743,-65.19040336730012,53.58380042800142,-0.09764831995897424,-0.04790431694301671,0.9939076064379458,0.017822791369646495
robot3,836,1722894627625805349,123.6962464536065,-64.8689027049828,53.7043969185615,-0.09441427387324478,-0.04759997485513071,0.9943305338036772,0.011268399552428325
robot3,837,1722894628128813486,123.00374555702618,-64.5569828503753,53.84453288156763,-0.10141793248065963,-0.04478255059582889,0.9938176999384097,0.005941836636022759
robot3,838,1722894628624843116,122.3091040110766,-64.22684070543923,53.953591950608526,-0.09586881041583842,-0.046945911779037466,0.9941989377972724,0.013180464311320986
robot3,839,1722894629126600903,121.66546079642923,-63.92487781295189,53.97919157669231,-0.09547018877207795,-0.048016240039089025,0.9941544906205632,0.0153861147565248
robot3,840,1722894629626265787,121.0437152182248,-63.62808091028009,54.03753030835181,-0.09790304920613245,-0.04977178099073242,0.9936079053545507,0.026097762166408967
robot3,841,1722894630126272085,120.41595541101712,-63.40319349637065,54.037467719730316,-0.09181359763714718,-0.04783078208823119,0.9938886168286907,0.03831314281162985
robot3,842,1722894630624822309,119.72752920497055,-63.146928109795304,54.091065738149126,-0.09232534986861408,-0.0481462570875914,0.9931759167482253,0.05253157232956111
robot3,843,1722894631126414377,119.04277979502648,-62.92145589433666,54.1653690664576,-0.08877473507556602,-0.052892153919335015,0.9921183613113763,0.0708704706832528
robot3,844,1722894631624596128,118.41978505926306,-62.61824181656206,54.186496757575235,-0.08760477851256905,-0.054414117561088014,0.9915242617540688,0.07901990220735985
robot3,845,1722894632124661063,117.88740157354395,-62.31692543511496,54.17530469838801,-0.08627868150241397,-0.058322510019683235,0.9906677028316777,0.08793165817506036
robot3,846,1722894632629211987,117.28232965812398,-62.053397370546975,54.19603274530441,-0.08725904529042881,-0.05648231524241333,0.9901464311609864,0.0938384352971721
robot3,847,1722894633126206119,116.74883482795497,-61.7634567674335,54.216697558936,-0.08677241467445668,-0.056461540997281595,0.9896989829498921,0.0988866299745603
robot3,848,1722894633625403486,116.09368126570196,-61.483273306789144,54.3578606861048,-0.08256427457328329,-0.05348061069478246,0.9891479599791618,0.1091296390215008
robot3,849,1722894634127966207,115.48414521929456,-61.21317371715321,54.43772348515641,-0.08598383582617192,-0.05843979720463067,0.9862570199210733,0.1284081801744074
robot3,850,1722894634625723812,114.95254295879066,-60.96206839697975,54.421442257712364,-0.08522632580813966,-0.05911044574519463,0.9828358466297988,0.15256515713797777
robot3,851,1722894635126543884,114.35008841216666,-60.685296474223904,54.47531830502146,-0.078244780022007,-0.060508273477320164,0.9798404523628484,0.17357762284773384
robot3,852,1722894635625971868,113.80067968049151,-60.449459477258486,54.55354502374406,-0.07500319179052013,-0.059627501670213266,0.975710812265231,0.19699617532969077
robot3,853,1722894636128835777,113.3248881503585,-60.19402883713207,54.56921812011847,-0.07940019582316801,-0.06057868613668983,0.9662596450872494,0.237419733731335
robot3,854,1722894636624624177,112.87987206299466,-59.986570171598494,54.602926874176255,-0.07201819448349918,-0.05967677741312451,0.9609063197786744,0.26059759498185187
robot3,855,1722894637127391742,112.4010781359258,-59.8383304449468,54.730989391217356,-0.06658384794256615,-0.06097240845341357,0.9621233107475443,0.2572308136999442
robot3,856,1722894637630056976,111.81638059486356,-59.68688274991239,54.995719107949846,-0.0647880929274041,-0.06153241631189328,0.9621270829314859,0.25754172680829734
robot3,857,1722894638128213941,111.24738565486898,-59.47771365480844,55.228320805484394,-0.06540909727230104,-0.061462634149661084,0.9624804975070153,0.2560767199806651
robot3,858,1722894638627452396,110.4939365956867,-59.067848610983944,55.23038572749634,-0.07398381693254344,-0.055720205509783335,0.9763125290630579,0.19553899642919087
robot3,859,1722894639126785009,109.83786095192204,-58.728373088202524,55.240457857320706,-0.07102915640352708,-0.05646553264396957,0.9786844696911656,0.184236834941219
robot3,860,1722894639624542783,109.27731693115557,-58.46327566590477,55.22405862291285,-0.07378412448892795,-0.05611069514876326,0.9784855392630446,0.1843191317157116
robot3,861,1722894640127681059,108.70160867038297,-58.22175068883665,55.18342352289011,-0.06789329752489782,-0.06012227204366472,0.9796547449568757,0.17903182186131722
robot3,862,1722894640623998813,108.00849217222606,-57.957217669540256,55.30888368727884,-0.08282806305340994,-0.05809168647252893,0.9787238779661821,0.1785061305177932
robot3,863,1722894641127558884,107.36900837871146,-57.69693278801321,55.42090073776766,-0.08385705850518078,-0.05676708995736582,0.9763652694229101,0.19093546527913305
robot3,864,1722894641624781314,106.84345602380535,-57.34484964139857,55.282730097173825,-0.08566714835417528,-0.05644024850744044,0.9787780324972873,0.17739560632107337
robot3,865,1722894642124746439,106.28039318129659,-57.062890104533786,55.346131835364915,-0.07908405043145252,-0.060349490437309826,0.9778399481671898,0.1842082727232956
robot3,866,1722894642625675189,105.67545491575173,-56.76172637249131,55.504027926428805,-0.08042892018151261,-0.0613779045178732,0.9732053667516642,0.2064830641025783
robot3,867,1722894643124188051,105.21392731284188,-56.46008256720434,55.60283914394317,-0.08084524144091186,-0.06269238869799713,0.9675808621618514,0.23091337448019003
robot3,868,1722894643627859057,104.67576840739444,-56.149983837612126,55.53089807316623,-0.07506328630302345,-0.061630221843573876,0.9728329550178466,0.21015056610950736
robot3,869,1722894644127730592,104.13632296054779,-55.91311744951773,55.568002098888535,-0.07550781789970197,-0.0626818968599099,0.9694537623005317,0.22478645867447875
robot3,870,1722894644626086610,103.6956523622423,-55.7429686029347,55.65941319016053,-0.07297668483320538,-0.06440540740336889,0.9668910143462589,0.2358985234045005
robot3,871,1722894645125841259,103.21129346465673,-55.51424086989115,55.70572131202395,-0.07289764313032558,-0.06603116619562757,0.9609689704187526,0.258581624654985
robot3,872,1722894645625086827,102.75851441376824,-55.3248563895087,55.785448917899316,-0.06365279815875674,-0.06735131986689218,0.9530797909099601,0.2881857615458729
robot3,873,1722894646125917543,102.44890060426657,-55.19145288591429,55.773604827447045,-0.05917180095981894,-0.06917303216918082,0.9400069946764733,0.32878661704971796
robot3,874,1722894646628268550,102.0433352989489,-55.0453035157119,55.91788649622539,-0.057706783077274594,-0.0705928740352196,0.9242959194966116,0.3706259927800979
robot3,875,1722894647130220142,101.55122236923336,-55.00131243345638,56.219643391851456,-0.056341401583645,-0.0683743446294467,0.912100244589045,0.4002795764021545
robot3,876,1722894647626916729,100.96214359258835,-54.77048663777721,56.28932822378466,-0.05052392896923907,-0.07095225185544124,0.9112361793303038,0.40256892085413626
robot3,877,1722894648127554038,100.34663469879479,-54.43149995322925,56.18681823597788,-0.05226431754750394,-0.07249646204152052,0.9086066051399354,0.40797884896013614
robot3,878,1722894648624898871,99.82850014793493,-54.2026622403586,56.20169414178993,-0.04369787151604333,-0.0748532054279456,0.8980040279297484,0.4313655752190672
robot3,879,1722894649126787560,99.32306570557365,-53.960514672805076,56.3612654971461,-0.050212452669816776,-0.07635403991152115,0.883807632260186,0.4588385765655664
robot3,880,1722894649624781324,98.77003420504514,-53.68670632037799,56.47204249174678,-0.05218115648214692,-0.07195570014426302,0.8676036901585281,0.4892477296301327
robot3,881,1722894650125121043,98.16245233366807,-53.401570463990595,56.36327284747843,-0.04428154910371805,-0.07727496433633627,0.8593082978944727,0.5036436969381203
robot3,882,1722894650626312125,97.63405465089754,-53.13409206786278,56.28476982661811,-0.03933341428009001,-0.07923018954091508,0.8519430305988641,0.5161090313106371
robot3,883,1722894651127996463,97.1296720657004,-52.87953981266326,56.37689416683561,-0.042632766360029176,-0.07651109796358666,0.8438631123606983,0.5293614518623481
robot3,884,1722894651624029193,96.5912600861842,-52.56803217756299,56.3313689725557,-0.036182505801190756,-0.08048054834841638,0.8454538711544529,0.5267081348920241
robot3,885,1722894652125945319,96.01723297267662,-52.26500942639228,56.40233718153374,-0.04018341212740598,-0.07718988972164208,0.845516669078464,0.5268098106765088
robot3,886,1722894652624957815,95.46392715379125,-52.06774134571158,56.66010119038385,-0.03730827555742435,-0.08033712552625777,0.8495684795297415,0.5199879204622286
robot3,887,1722894653124388946,94.85664199118094,-51.811379240547254,56.73059738322044,-0.04451039718934939,-0.07513970611461034,0.8511814021813994,0.517554895337261
robot3,888,1722894653627959333,94.22794283956,-51.50560263463558,56.686803759758575,-0.04232719775089522,-0.07664295318668206,0.8496981816974629,0.5199492918327769
robot3,889,1722894654125860848,93.65546680098703,-51.214768730193846,56.72337386938849,-0.03824401946514518,-0.07855861892266065,0.8490001127683027,0.5211187454770009
robot3,890,1722894654624855456,93.0708922380684,-50.96338331189089,56.89610275840609,-0.04076478330761127,-0.07545919816087979,0.8594567148658945,0.5039625949678459
robot3,891,1722894655175813961,92.4149294581847,-50.74305603611266,57.14498331729453,-0.03807664921703653,-0.07386708462344758,0.8582585576403751,0.5064445387509852
robot3,892,1722894655628556190,91.84302200176866,-50.49636664176315,57.20542235771313,-0.041158243039064804,-0.07023298525221473,0.8576627554520604,0.5077281996530019
robot3,893,1722894656128710766,91.1912424783629,-50.151265845995205,57.10038190759489,-0.04110479645760892,-0.0717011685705222,0.857139621515572,0.5084102746423818
robot3,894,1722894656626101439,90.59475263909995,-49.75431062476471,56.89793328710246,-0.04009136182500478,-0.07427229826599165,0.8492968116338282,0.5211249698161831
robot3,895,1722894657126353334,90.06172448793616,-49.45231311784724,56.88735107076948,-0.039559074111128766,-0.07213777230547395,0.8441653257880557,0.5297321249456368
robot3,896,1722894657623552064,89.57894173234645,-49.31647870434407,57.1102596364588,-0.036724984836222545,-0.072307746675387,0.8425788740471921,0.5324318794633482
robot3,897,1722894658126388701,88.98036652911702,-49.149473303969735,57.336172031965155,-0.03734693359689239,-0.07264647792403005,0.8452930859770856,0.5280220588152336
robot3,898,1722894658633343028,88.33002892862426,-48.81568752980588,57.31813223315941,-0.03945213079815153,-0.06994483106585342,0.8506177368882158,0.519615930927666
robot3,899,1722894659127830676,87.66304074109516,-48.50200705058206,57.36923734408567,-0.03693829746075085,-0.06931770856542675,0.8556066194191418,0.5116326125904087
robot3,900,1722894659625694554,87.00998391128579,-48.22776228461421,57.529853324866,-0.03831836301097491,-0.0681192948336881,0.8549945917614167,0.5127140653290568
robot3,901,1722894660127704904,86.32477044708725,-47.91890790280178,57.64373473666305,-0.04010857355188631,-0.06473522956902157,0.8549433788947071,0.5131008392746792
robot3,902,1722894660625671697,85.62362819162712,-47.56179341292,57.66571928574316,-0.03279090606913664,-0.07069284529438428,0.8555865488406754,0.5117606232861724
robot3,903,1722894661124477438,84.9602958518905,-47.18719618964884,57.68998549182817,-0.04148835628540695,-0.06603676108064409,0.855302494352374,0.5122260298279662
robot3,904,1722894661625089485,84.26652634720155,-46.832008303434826,57.678845686352055,-0.03931092680221156,-0.06623829061235882,0.8537529247182862,0.514949593092058
robot3,905,1722894662128835676,83.59952137779845,-46.41807520287486,57.57690656850238,-0.033858970762967656,-0.06737924343299292,0.850929436619539,0.5198391112138675
robot3,906,1722894662625925602,83.00753701032485,-46.11814542208263,57.73777038495388,-0.034071211054681805,-0.06449137358384069,0.8480331984590945,0.524899713870921
robot3,907,1722894663125852203,82.41389040835625,-45.93779542841232,57.96069823117573,-0.029589692805767856,-0.06566894855420197,0.8445968113723445,0.5305358286629791
robot3,908,1722894663625023953,81.69467166370148,-45.58285116636235,58.02453769370226,-0.031161448522187545,-0.06592069030182249,0.8413872586436215,0.5354912769675167
robot3,909,1722894664130020164,80.9086247160024,-45.24894897072841,58.13018403262976,-0.03207438540844996,-0.06113872510864068,0.8579680608006726,0.5090423329534529
robot3,910,1722894664624908006,80.1761419719872,-44.92806906076251,58.17963135095594,-0.03254921976731664,-0.060846272282115525,0.8645394505212748,0.497804999908882
robot3,911,1722894665128408326,79.34304442801171,-44.4923711622931,58.1506662437586,-0.03617787381178805,-0.05843698160165029,0.8884235616748836,0.4538500365634678
robot3,912,1722894665627763006,78.6523879229596,-44.01410800704656,58.04347155252067,-0.04318125635297218,-0.04999016094975697,0.9007118343343821,0.4293652924934538
robot3,913,1722894666129169017,78.0007760631996,-43.64675599231555,57.933359507322685,-0.045261768551382045,-0.04787668769463674,0.9141519040924194,0.39998186374783956
robot3,914,1722894666627186206,77.47483053822936,-43.32879195400654,57.73099131410727,-0.04635181314399243,-0.04637322404905336,0.9305445896401516,0.36026073918899704
robot3,915,1722894667128445748,77.07752817703972,-43.07091255233186,57.51376085937685,-0.044166344423188064,-0.046593419229494046,0.9474753280578679,0.3133191504304078
robot3,916,1722894667627052398,76.59400880049172,-42.791368758349115,57.53707787041981,-0.04647572243523237,-0.04079615455832947,0.9703132047721524,0.23381181672911883
robot3,917,1722894668125059990,76.02281817378031,-42.529315615438264,57.44515886263734,-0.052824899728526005,-0.04084121357930476,0.9873514032334384,0.1438010145131147
robot3,918,1722894668626761363,75.68942239835118,-42.227649886577005,56.81491548118892,-0.04891263971217027,-0.03497156317659389,0.996724753063766,0.05407689040012945
robot3,919,1722894669126487139,75.77611786266402,-41.962174767406026,56.135830117927696,-0.044190893776486426,-0.024626346481481643,0.9987178453813073,-0.0018366499744304056
robot3,920,1722894669625690714,75.60345614828003,-41.7780490382441,55.6993023433989,-0.05545923337593444,-0.016383597372943315,0.9910657963343691,-0.12018501781252865
robot3,921,1722894670126148659,75.58632432802332,-41.64351609175435,55.46812635940455,-0.06889768102529284,-0.01216935653760465,0.9704088074365363,-0.23110984998566608
robot3,922,1722894670624892679,75.67348460625983,-41.419242877569204,55.19403266128975,-0.07467797743122441,-0.010103098686243388,0.960322541839339,-0.268517676734603
robot3,923,1722894671127892415,75.57227534394642,-41.174013350725645,54.850438314714154,-0.06868921788281103,-0.008759533969168294,0.9593961295654623,-0.27343029913691236
robot3,924,1722894671628620862,75.56218844305332,-41.05279288467838,54.338514135520406,-0.06719728031726811,-0.009110486641923328,0.9595998177057722,-0.2730745583355555
robot3,925,1722894672127084409,75.61586190143095,-40.95015528845457,53.67964871227152,-0.07076449584087441,-0.00898987620497225,0.9559339861413148,-0.28478374671701806
robot3,926,1722894672626060629,75.82120801006806,-40.78986566953376,52.940576177459285,-0.062460617494060344,-0.005965696123228821,0.9556218165604332,-0.2878368034942087
robot3,927,1722894673128205973,76.07554513124519,-40.60787374669389,52.15661882072529,-0.06698928771307104,-0.009857958329348167,0.9562766624117949,-0.28451748789104403
robot3,928,1722894673624397050,76.19022616522328,-40.38761643469855,51.59619965029777,-0.05736613375204016,-0.007815925969454202,0.9582111872051902,-0.28014167614691515
robot3,929,1722894674125208341,76.23296443335803,-40.12360668136064,50.95523975099337,-0.0655379288250245,-0.011894660614957942,0.9592532439778382,-0.27458425091795613
robot3,930,1722894674626207008,76.15143837972607,-39.84126525792002,50.34407252456927,-0.062438411573564334,-0.015161271309690406,0.9613370770765041,-0.2677734207318715
robot3,931,1722894675125260705,76.09702776125107,-39.54149036843357,49.625019011059536,-0.06626009247223841,-0.015521235404454518,0.962641700435041,-0.2620870999889586
robot3,932,1722894675625121628,76.17061347289565,-39.27363299509925,48.883725683498405,-0.06914577574415622,-0.017440217269436193,0.9639939637324235,-0.25618418843828894
robot3,933,1722894676125763328,76.25291902822823,-38.99817264385475,48.097414802302374,-0.07269247842336297,-0.01430365693677797,0.9597184304768018,-0.27101982064426167
robot3,934,1722894676625681994,76.36168485988756,-38.7781349465475,47.347261929441956,-0.06908251317172262,-0.01174236582296594,0.9603488397307532,-0.26985149480140846
robot3,935,1722894677126040748,76.48654540323939,-38.53064680168107,46.725091030186526,-0.07076231506132466,-0.012592072984460016,0.9608572995626943,-0.26755818870332204
robot3,936,1722894677626418231,76.4215923032668,-38.21452469237732,46.12928074708632,-0.07718965008179914,-0.013210835179359273,0.9589018680351695,-0.27271677475501144
robot3,937,1722894678123540159,76.33370023554278,-37.94513840248929,45.47710985268464,-0.07293655790069196,-0.007403629646079366,0.9574793881302383,-0.2790316578730941
robot3,938,1722894678625328578,76.33323437782846,-37.58999208671992,44.64121194116628,-0.07835468800457047,-0.012006511149637597,0.9510631614497516,-0.2986557374150444
robot3,939,1722894679126828199,76.33323361920185,-37.25614306194342,43.8854319980848,-0.08225355741197356,-0.016450511075286455,0.9517775547708404,-0.2950986601339918
robot3,940,1722894679625931468,76.50201635189131,-37.05934280604984,43.12643648798511,-0.07802643455277854,-0.01671292184140956,0.9536148767766598,-0.2902606079796913
robot3,941,1722894680124986320,76.65690374730374,-36.84499846648096,42.46222515796077,-0.06621357291446932,-0.007813387655093281,0.9562312919834461,-0.28491477667351833
robot3,942,1722894680625874907,76.76251242494146,-36.615066489462876,41.89685907364621,-0.06417937789016548,-0.007236858745136516,0.9551898793503288,-0.2888614368790659
robot3,943,1722894681135794918,76.82667279587216,-36.42619605027868,41.253572259345134,-0.06839959166666279,-0.007785846382798324,0.9494084420548937,-0.3064057548592008
robot3,944,1722894681624771762,76.92818817198894,-36.20394022823593,40.61432141637401,-0.07005874628454418,-0.002300527778650927,0.9309283029904519,-0.3584117385525963
robot3,945,1722894682127558561,77.138159762944,-35.986530851066135,39.85468182046051,-0.07296484566974493,0.007934766324561294,0.8730930854322903,-0.48199754662247857
robot3,946,1722894682626162488,77.55187956981835,-36.01503389224408,39.282475260877334,-0.07223635161317372,0.01541226235165874,0.8339127292731465,-0.546931377442393
robot3,947,1722894683132202257,78.03201364710881,-36.04704964705232,38.75742201596774,-0.07149486551525784,0.020239381429210144,0.7805543975786883,-0.6206558499401171
robot3,948,1722894683623924290,78.36783107276109,-36.04526295771823,38.18292068416742,0.07382023549919335,-0.030891877945894465,-0.6957080619370687,0.7138533163497858
robot3,949,1722894684125412552,78.89651601653736,-36.10460628092378,37.78016809962536,0.07286113824836912,-0.04352270685557609,-0.5929371450067091,0.8007637420565498
robot3,950,1722894684626313882,79.50563124320705,-36.26683803276774,37.785736037056886,0.06362755169614599,-0.06853845006473017,-0.4792102091095665,0.8727036100607378
robot3,951,1722894685127713529,79.97810405210161,-36.60728298809701,38.11504843882634,0.055456736904935536,-0.07416787107670185,-0.3799371116860865,0.9203648561279602
robot3,952,1722894685625912007,80.31251992842134,-36.91656671967219,38.43547045177292,0.057638297914888795,-0.07251016982241573,-0.31430762601018336,0.9447914151375645
robot3,953,1722894686123673232,80.7934673602769,-37.089192431554466,38.47056420280243,0.055902111151374785,-0.0756645968852807,-0.3041962464404826,0.9479527764601613
robot3,954,1722894686626088202,81.31412783518077,-37.46514779975922,38.541666125383145,0.057831502597651616,-0.07322154221162244,-0.29497467134091854,0.9509385186912802
robot3,955,1722894687127497932,81.77253765389206,-37.96969659545784,38.692507885189634,0.05730690328836573,-0.07433509034111892,-0.3085849338492531,0.9465545688341098
robot3,956,1722894687626709035,82.50836124902133,-38.526254754861846,38.64617411601504,0.057308942043737654,-0.07435601905151644,-0.32879213151610975,0.9397247479159688
robot3,957,1722894688126369821,82.79433502724928,-38.795127442833,39.020277991799254,0.057770539037342264,-0.07901887638901121,-0.3866133139848354,0.9170325661846563
robot3,958,1722894688631481357,83.24305390049162,-39.2957784996757,39.31046136750676,0.06078093254967317,-0.0744629329224835,-0.3824214037891022,0.9189748744024214
robot3,959,1722894689126651451,83.86201966710189,-39.84818086753522,39.436337164905254,0.060947528679092956,-0.07766224643426074,-0.36302408337407677,0.9265352066257961
robot3,960,1722894689623956870,84.63477973678508,-40.2194910650173,39.51561846532195,0.06077288720874564,-0.07767463919329784,-0.30687375326457705,0.9466265399637892
robot3,961,1722894690133022487,85.43247597139502,-40.62242126051716,39.54916162135818,0.053188978073797674,-0.0800493198393691,-0.18669217624583803,0.9777060244947418
robot3,962,1722894690627354708,85.99521063694222,-41.19995955708052,39.971630397127754,0.041363800837987734,-0.08265561433947446,-0.06166751788099776,0.9938079304557779
robot3,963,1722894691127571257,86.08926713578691,-41.497015532621745,40.36937265494104,0.028894619059593556,-0.09512960001956308,0.03270596780889349,0.9945078078422525
robot3,964,1722894691627258242,86.27372116852003,-41.68137229793383,40.54127187465354,0.029102137192802788,-0.09705446985250428,0.11577626448813241,0.9880937972043113
robot3,965,1722894692129062304,86.78337682907322,-41.755326349933824,40.61401381217373,0.04175312368727105,-0.09313224102732608,0.15489832844598705,0.9826441727238923
robot3,966,1722894692627961151,87.1952477389475,-42.009304863358395,40.76101893683441,0.03589599524404424,-0.08984024611485235,0.18171448220351236,0.9785806326823415
robot3,967,1722894693126422908,87.5873236520683,-42.26255034481851,40.98852590988228,0.039823245950190905,-0.1018294005585488,0.23413949646549959,0.9660349778650665
robot3,968,1722894693625110531,88.04297377022769,-42.670217207014836,41.26066652652501,0.03814341367615018,-0.09828362191198238,0.29620152877436395,0.949289241490033
robot3,969,1722894694126682283,88.46933060059901,-43.09787238397371,41.503559115856135,0.02118711794319191,-0.09364069775315144,0.34551481154766733,0.9334891754909341
robot3,970,1722894694625629233,88.851422656579,-43.565686985815645,41.729891784860875,0.015125872367854567,-0.1132711609369969,0.34679962215559906,0.9309515960337734
robot3,971,1722894695126976045,89.24471669902583,-43.927505844566845,42.0482381273008,0.012763382266995058,-0.10544131365952843,0.34151636731108503,0.9338553401386638
robot3,972,1722894695626242544,89.52346036333411,-44.35250853595501,42.36758717365165,0.017876060776215206,-0.10861357065421141,0.3244361651681229,0.9394810873305912
robot3,973,1722894696127706862,89.93794600643776,-44.72928629207387,42.66369713683424,0.02070581659994207,-0.10718212057166107,0.31506004393125653,0.9427727355554605
robot3,974,1722894696625003610,90.4022157478337,-45.13858219402743,42.89921411753617,0.01711594562100421,-0.09674296369626509,0.31361166763997983,0.944455168497072
robot3,975,1722894697128078773,90.91879696691224,-45.579622149204845,43.210324173504425,0.012660993471247866,-0.10677021041215637,0.322255271693365,0.9405271720044565
robot3,976,1722894697631857541,91.36764669453189,-45.953455218806035,43.497955621003534,0.013559060310597762,-0.1019749058829243,0.32199386906948835,0.9411361318828023
robot3,977,1722894698126301838,91.75784596866991,-46.31190641731271,43.7536838452796,0.013941074363962982,-0.10330041571605392,0.3223375390026737,0.9408683125220918
robot3,978,1722894698628879692,92.23383935010592,-46.63760074650627,43.99630631878682,0.02095733301332216,-0.10583718510016987,0.32269526725824543,0.9403334753863496
robot3,979,1722894699125143292,92.80464431673707,-47.028462125082996,44.351971743016925,0.022669538498727312,-0.10839143730937342,0.32645045693968755,0.9387052186422168
robot3,980,1722894699626226692,93.28773959366215,-47.42179659889257,44.711816119299,0.01911331201943578,-0.10459020765117934,0.337878803290508,0.9351649501847815
robot3,981,1722894700126767011,93.76480776984208,-47.848074656381336,45.019361598524874,0.021773460066032094,-0.11183494121238764,0.3385488239748839,0.9340254579753154
robot3,982,1722894700627024336,94.38281528585564,-48.21135547043446,45.319049579139154,0.012126434241956183,-0.11450392182259823,0.33416670094376894,0.9354541236534143
robot3,983,1722894701125740775,94.87280280990916,-48.621606089218375,45.57768280756096,0.018400612192977474,-0.11343892169525657,0.3293358543934631,0.9371931089836655
robot3,984,1722894701627155121,95.41373405071212,-49.02788141626812,45.816075396950275,0.022468106273416402,-0.11315153111042807,0.3346227801776685,0.9352644065685489
robot3,985,1722894702126620463,95.94530051077312,-49.41288109451021,46.15477423905918,0.0229204018870671,-0.10713771679625164,0.3342213926495498,0.9361048154519968
robot3,986,1722894702627752141,96.45334019367579,-49.85679499677643,46.471693006745284,0.033753987053704984,-0.10855216435087793,0.3257689933879883,0.9385902508121928
robot3,987,1722894703124340269,96.99170739485673,-50.3315318255839,46.817602292460776,0.02877791971800187,-0.10462543606685273,0.33165370407040073,0.9371398881922102
robot3,988,1722894703627855775,97.56742631156536,-50.80945636102117,47.10101372086674,0.03258167668044646,-0.10784995254306604,0.3298201163465079,0.9372969182357986
robot3,989,1722894704125100864,98.08423385177313,-51.294768370871104,47.371927965653796,0.04074235737797855,-0.09661430282987948,0.33485064292555566,0.9364191282413679
robot3,990,1722894704627430495,98.47915409828539,-51.74741073195719,47.74142828269398,0.0351618094554501,-0.10447461533535256,0.352309280840606,0.9293690722957827
robot3,991,1722894705127762332,98.9917768296728,-52.19423645300784,48.10790835962314,0.028101158932853563,-0.1104760004717852,0.3501756822002686,0.9297216625323759
robot3,992,1722894705626351271,99.64294991409942,-52.6058750019245,48.40376964399619,0.034732688782632144,-0.10575177434779211,0.3197870050819319,0.9409285169092022
robot3,993,1722894706123971373,100.37391346307035,-52.70833161065739,48.93650507763099,0.03350746677895462,-0.10738082207683067,0.3317198524174626,0.9366475047915828
robot3,994,1722894706629267673,100.88283198594593,-53.12228559743102,49.261036617169474,0.033263290631522814,-0.11772097800412998,0.32668062955944444,0.9371846622223173
robot3,995,1722894707126499938,101.39068415219094,-53.60511720412097,49.657913079927006,0.027410949760774145,-0.1161708104617909,0.33786218656629413,0.933596339709248
robot3,996,1722894707629132704,101.99031140059154,-54.10361473962148,50.03149017533052,0.02742614611921679,-0.1113589973476108,0.33393540923412,0.9355929257312835
robot3,997,1722894708124766547,102.64064143133781,-54.641885845296464,50.39055147076325,0.032079038410665436,-0.113471634850376,0.3275934427622182,0.937431415965044
robot3,998,1722894708625123258,103.29723647738858,-55.20616327466817,50.701695540479015,0.026436456104450556,-0.10585266320338528,0.3124167856982211,0.943658878777379
robot3,999,1722894709124767799,103.83678177437729,-55.76730123528546,51.013435098985354,0.031993470089011586,-0.10629406001190889,0.302470219939048,0.9466729935557855
robot3,1000,1722894709624008636,104.4460199471164,-56.28127821148476,51.363984964172644,0.038158401823367515,-0.09602377332580443,0.29552952120995524,0.9497292632218802
robot3,1001,1722894710125070302,105.05171027241748,-56.72162273890554,51.76217279717075,0.02234959179997874,-0.10912578293700376,0.33649431514278344,0.9350741334896124
robot3,1002,1722894710625415518,105.64586053661952,-57.121045312546606,52.09054586639543,0.01745666946595529,-0.1205142316832548,0.3458897654125513,0.9303396448801918
robot3,1003,1722894711128597633,106.20637022197106,-57.54521437370054,52.353783518701334,0.015157881831802847,-0.10933197077060038,0.34444814241421196,0.932294071617528
robot3,1004,1722894711625737044,106.74029670397971,-58.0542795306972,52.66673539479631,0.014696630592629205,-0.10351436508177302,0.3524711476495234,0.92996391077588
robot3,1005,1722894712124638828,107.05867454884614,-58.429353044902705,53.10636902317944,0.013936927397503853,-0.10506507224292773,0.39446554888882485,0.9127781895888744
robot3,1006,1722894712626087063,107.11316562134682,-58.65153847343535,53.568957322935226,0.00978446644843259,-0.11892767755591435,0.5254016675097047,0.8424449890084797
robot3,1007,1722894713127638803,107.05456826316171,-58.796727819860386,53.861152027733795,0.005044457715437111,-0.12208595691911335,0.6068224280908435,0.785389147706686
robot3,1008,1722894713626191701,106.90614802467503,-58.91379287376559,54.229652567725815,-0.022714652402683826,-0.10263034590655233,0.7224420575025802,0.6833948567385953
robot3,1009,1722894714129272044,106.68990173008031,-58.870703188264386,54.5768762850485,-0.03985318982176616,-0.09296576508202009,0.8251345161449158,0.5558076286360603
robot3,1010,1722894714625751537,106.53112953373987,-58.70266267525604,54.90918078282657,-0.05659272644947169,-0.08311580236121503,0.9006236423434226,0.4228073811594748
robot3,1011,1722894715124926537,106.03216536730962,-58.581148600699144,55.137838916766825,-0.07521925983493528,-0.06900063838685022,0.963369124935284,0.24799375793256723
robot3,1012,1722894715627483837,105.53294710638575,-58.38376012937573,55.20853836578374,-0.07717048674822255,-0.05695679379823508,0.9881958143496006,0.119455732877068
robot3,1013,1722894716124640675,104.93376418421549,-58.13778379824546,55.391550936822085,-0.08483461518917497,-0.05323428459835673,0.9930499412217542,0.06181434500564018
robot3,1014,1722894716633259856,104.03052124241846,-57.75245272145871,55.55388991212617,-0.09149480543639281,-0.0479023215602618,0.9946257278768045,-0.007330048624045493
robot3,1015,1722894717127884772,103.15611924166392,-57.33208718805689,55.77331987483111,-0.08721316245476178,-0.04594401815771113,0.9950859475854209,-0.009325685400445705
robot3,1016,1722894717624923725,102.31750903121892,-56.899093509348006,55.84408152968655,-0.09167519859988804,-0.04050353399441778,0.9931298412697508,-0.06040066287015042
robot3,1017,1722894718128619660,101.58358692656014,-56.429371285387184,55.81964344473383,-0.08661547779271468,-0.03479622423867088,0.9894506469250959,-0.11078988710609497
robot3,1018,1722894718626584084,100.8295074487839,-55.89551580470141,55.78752758658695,-0.09270345343029161,-0.03490470691189173,0.9891631956013232,-0.10836929281522165
robot3,1019,1722894719127959690,100.14455214998159,-55.45845393290078,55.78945326970524,-0.09416569557279107,-0.03365943111278957,0.9892851715878251,-0.10637064327577964
robot3,1020,1722894719626577663,99.50867623579002,-55.11492830052148,55.70880408811304,-0.08949475772279365,-0.03314705035245855,0.9893529954578154,-0.10987543752685608
robot3,1021,1722894720130542537,98.75941535530364,-54.74124281846513,55.65905576972658,-0.08447776103156959,-0.03503965352089849,0.9898056403772826,-0.1091811561101365
robot3,1022,1722894720629202020,97.83931830001342,-54.19857169057703,55.74695845708296,-0.09640114016655286,-0.03740675707573424,0.989108715978093,-0.10474494105126797
robot3,1023,1722894721128050258,97.02433512663374,-53.739633184821514,55.76504827947845,-0.09460741542109652,-0.03413334060118623,0.9897680670365085,-0.10121030323814412
robot3,1024,1722894721627306857,96.190849389097,-53.290620902204125,55.75650501322006,-0.0912769780287033,-0.03586498494537234,0.9903547418217765,-0.09787594948677769
robot3,1025,1722894722124843677,95.41902717609639,-52.75711051632305,55.79980031452614,-0.08554758967328083,-0.03491366229853437,0.9912415742707315,-0.09435458400776314
robot3,1026,1722894722626377140,94.56853996048596,-52.24540237635656,55.86548498628289,-0.0849825689682754,-0.03556961235706057,0.9916772916274563,-0.08993839513107695
robot3,1027,1722894723124486846,93.7115947009042,-51.71034123422706,55.948754675380236,-0.09327318631907663,-0.03618313521817926,0.991402660181473,-0.08433065175111827
robot3,1028,1722894723627850133,92.85125517396355,-51.14327251978734,55.942224571967856,-0.08748479057650087,-0.03356450667859286,0.9923515730644759,-0.08036286919758932
robot3,1029,1722894724125803046,91.93578371753588,-50.665149230393475,55.992668165503645,-0.08796311206368228,-0.0321364314574801,0.9926526186303888,-0.07661931489828588
robot3,1030,1722894724628845330,91.05388215172313,-50.1942777502673,55.988588689291596,-0.08951167359447486,-0.03202536000311778,0.9929900874163317,-0.07023334606789516
robot3,1031,1722894725126304527,90.25693498668555,-49.732754314855725,56.09576337173394,-0.08987590196532887,-0.03882519549862815,0.9948918939178073,-0.024597679911942606
robot3,1032,1722894725626247944,89.44889619535525,-49.367053826258875,56.1954046463909,-0.08672209334489751,-0.03782663406662246,0.995503511464873,-0.004602493039216279
robot3,1033,1722894726125450659,88.59940971116387,-48.9691657175921,56.381738106321485,-0.0868092155622452,-0.03830222840077416,0.9954129350617459,0.012255125652683791
robot3,1034,1722894726628283505,87.84351447265405,-48.59657563900616,56.559160291147116,-0.08232412467247288,-0.03270365083199362,0.996061668656957,-0.003789716544628521
robot3,1035,1722894727128379502,87.07338172275105,-48.14646549177459,56.66063018141523,-0.08538736744128667,-0.03430940867967311,0.9957550790778317,-0.0019194916512562106
robot3,1036,1722894727625835464,86.29864497327,-47.73080316254441,56.885379655822454,-0.0862635840146266,-0.03431616367993386,0.9956810723463708,-0.000444020747785547
robot3,1037,1722894728126343567,85.60731825828255,-47.383517889282174,57.102681674494825,-0.09075488954165806,-0.030622877955664728,0.9953874881354844,0.0054348719695031
robot3,1038,1722894728626297016,84.9429066759229,-46.96086244662528,57.24529029074117,-0.07883883961871692,-0.0316397638144928,0.9963016039541621,0.012902583915678136
robot3,1039,1722894729128101749,84.18357957241635,-46.51819684213681,57.36791020121901,-0.08731580688859268,-0.03569415307034327,0.9953104544937204,0.021423736356872697
robot3,1040,1722894729629926929,83.39351457648297,-46.13267949594272,57.53065983081723,-0.0837537250371999,-0.03167323742507217,0.9955533174491691,0.0292525501343427
robot3,1041,1722894730129965342,82.56977536941348,-45.79490960897327,57.65047531704829,-0.08461168562374731,-0.029024989630720036,0.9951912178802278,0.039910556083741645
robot3,1042,1722894730627032485,81.71026418708448,-45.34172009535111,57.86609951120889,-0.08164837152742169,-0.03192511334406586,0.9949159579406346,0.049563769024943714
robot3,1043,1722894731124245121,80.9495115298128,-44.881658201388476,57.923524178941044,-0.0811676614481327,-0.03284455242422061,0.9943592029483903,0.059856675675615104
robot3,1044,1722894731626297845,80.26012442470136,-44.496856311207154,58.0637573527721,-0.08250057888976,-0.031171147121511096,0.9942217409115423,0.06119758139670152
robot3,1045,1722894732124545952,79.62253714520675,-44.21417157591053,58.20753032455757,-0.07870187400118438,-0.030481796217009544,0.9942026010466237,0.06661879014373046
robot3,1046,1722894732626458652,78.95464469003934,-43.90479216551403,58.52510439096817,-0.08195766515101523,-0.02747085849636744,0.994087556899084,0.06571318189584846
robot3,1047,1722894733127506670,78.27789505976561,-43.414719269262086,58.83840530393287,-0.08573141319110449,-0.0274600751290312,0.9926586490559258,0.08077670159537556
robot3,1048,1722894733624431375,77.64631918009722,-43.142498940613855,59.15109216841144,-0.07564151609973964,-0.03929138017186815,0.9779901783324542,0.19044621175433524
robot3,1049,1722894734128643335,77.18941951110978,-43.13139630485982,59.64058875997242,-0.05742905173796389,-0.051327373872900844,0.9368524347034729,0.3411376852503469
robot3,1050,1722894734628511147,76.80739027435544,-43.02656488665476,60.18156392487806,-0.0502413292713143,-0.05913682117248342,0.8912348236765807,0.4468547127208565
robot3,1051,1722894735131943180,76.54407605891507,-42.973094905554966,60.56558752067675,-0.042406383753414156,-0.06767125362761348,0.837816154406977,0.5400799861725388
robot3,1052,1722894735625160850,76.4656335654412,-42.93051393213061,60.7500148742195,-0.0307971089559689,-0.0722940214298503,0.7714866546400256,0.6313742584694091
robot3,1053,1722894736128117400,76.46792203262133,-43.10408808928341,61.01450210031761,-0.021288944259685364,-0.07286340542123551,0.6766211213323605,0.732408057826829
robot3,1054,1722894736625142433,76.55416120775516,-43.34678811086324,61.31591964301657,-0.011907443813971587,-0.07984211644144552,0.5752524313468115,0.813982855749155
robot3,1055,1722894737125084548,76.69994495447584,-43.63691211105594,61.83694206095002,-0.009695119366785148,-0.07976350086037981,0.5011961708721231,0.8615951409415455
robot3,1056,1722894737627903082,76.87636239060025,-44.05490356581564,62.41057101305514,-0.008380365708810247,-0.07671025924361696,0.4902321594827063,0.8681691859345656
robot3,1057,1722894738132646437,76.99764123835695,-44.335303615408144,63.0141792927845,-0.005658266597899628,-0.07742375419253386,0.48669196660113684,0.870117506979235
robot3,1058,1722894738626414131,76.86731186226001,-44.44526804195422,63.711824448585894,-0.009282570338817998,-0.07851588916737519,0.5034321605148477,0.8604098725581395
robot3,1059,1722894739125175464,76.78160131299074,-44.70000961331921,64.3612877626616,-0.015291633944213722,-0.07454440852565986,0.5249469924609558,0.8477263427516413
robot3,1060,1722894739628297027,76.85170627465732,-45.04693467984267,65.06125123832194,-0.01907118373793535,-0.074321487435022,0.5467577824423595,0.8337676737527027
robot3,1061,1722894740127173516,76.87512798327654,-45.34776320977673,65.70370702556993,-0.018760686012053565,-0.07078434130065772,0.5777237248033037,0.8129409028252828
robot3,1062,1722894740629371167,76.84865729669762,-45.58347076312322,66.34840618819742,-0.01613551018809276,-0.06997616070074139,0.5770716392400953,0.8135301502890371
robot3,1063,1722894741126794377,76.70492529754411,-45.692821787906226,67.00990654630975,-0.015882587173639398,-0.07213296092959798,0.6149664058932505,0.7850865550975502
robot3,1064,1722894741626760880,76.57714319397093,-45.8070918730361,67.65904546139943,-0.02306373078914532,-0.06529296622500574,0.6319174828190407,0.771935999802622
robot3,1065,1722894742126053782,76.48267944719883,-45.96397429970453,68.29027539500163,-0.021193620617951915,-0.06970857573733756,0.6385963980884042,0.7660849726122362
robot3,1066,1722894742628257520,76.34418748149866,-46.083277789489124,68.86171198485297,-0.02529776373656141,-0.06501102458054848,0.6352851749350827,0.76912049533257
robot3,1067,1722894743125654940,76.15187834471166,-46.236972017239644,69.4829291489041,-0.02182854403506227,-0.07496550631027203,0.6304121893655106,0.7723238692597412
robot3,1068,1722894743627717675,76.03680349651124,-46.382502806530795,70.10548272548104,-0.021145564547650982,-0.07211841371554073,0.6264932695849682,0.775795064864331
robot3,1069,1722894744128413115,75.8377174754264,-46.52500944405866,70.64815668210515,-0.01580878435915403,-0.0808740940128735,0.6173269975971024,0.7823789627108014
robot3,1070,1722894744627516142,75.67220259016862,-46.692039349677835,71.20295063448283,-0.012058065008607123,-0.08638430814670889,0.6034918351179903,0.7925843547031339
robot3,1071,1722894745127698570,75.59763020503638,-46.8405380918009,71.65927656144947,-0.01591029199998611,-0.0764874056455035,0.5910182867231862,0.802866068622211
robot3,1072,1722894745633318192,75.5387203276671,-46.98909801340802,72.15166317524913,-0.010953213113666564,-0.07513445672869547,0.5813166309429875,0.8101270364107502
robot3,1073,1722894746127912936,75.56270869749972,-47.192569335512516,72.7238307330318,-0.011155482660642011,-0.07016183717429977,0.5745797694373377,0.8153594056391764
robot3,1074,1722894746623652886,75.49763286009403,-47.43703543975921,73.27720038311264,-0.010832994922653282,-0.07466281838588691,0.5685729898829129,0.8191659569020718
robot3,1075,1722894747126669456,75.3777089304911,-47.60061453951054,73.76864965985564,-0.007041001902932257,-0.08392478640290109,0.5615973865808767,0.8231132546041035
robot3,1076,1722894747625591801,75.41951803443051,-47.781364974391984,74.36994214806153,-0.020398113642619384,-0.0597043939119559,0.5542481813994444,0.8299567794306143
robot3,1077,1722894748127753633,75.570370867774,-48.08301995526892,75.06136201975337,-0.01669613552316769,-0.06998961239072408,0.5490569864310417,0.8326818833547726
robot3,1078,1722894748628106987,75.48514892910038,-48.30153293605657,75.73487579942874,-0.015909172231080845,-0.07090291073462628,0.5551630491644564,0.8285612013187094
robot3,1079,1722894749127982247,75.27386059338272,-48.46299713234738,76.35548973145087,-0.006389153668452296,-0.08241374007443936,0.5559509975110845,0.8270946998553272
robot3,1080,1722894749624932388,75.09589109054117,-48.62470617894058,76.9354846168479,-0.005633150363313462,-0.07951607346145317,0.5628349378498422,0.8227164119025592
robot3,1081,1722894750125815151,75.11439350868908,-48.91500808455028,77.59132253628218,-0.005055365725366503,-0.07536614380641363,0.5666594233017322,0.8204824712499846
robot3,1082,1722894750625329767,75.12236973101432,-49.15826882565754,78.21124418583302,-0.0036676985078785726,-0.07041106847964505,0.5633180381558783,0.8232263463418931
robot3,1083,1722894751124861574,75.07687852590688,-49.32784877464023,78.82438451941766,-0.001946046964402631,-0.07347294747131322,0.5571394463022583,0.8271599459990209
robot3,1084,1722894751628211709,75.04600025128784,-49.49212738981386,79.4743536414431,-0.001814806386144982,-0.06864067561249829,0.5535513124971535,0.8299795832199243
robot3,1085,1722894752125502403,75.00922511814544,-49.70369556530504,80.11155612671189,-0.0008152937518062081,-0.07058088587504795,0.5489968587381394,0.8328385935707154
robot3,1086,1722894752626338875,75.01025377151464,-49.94316755138433,80.73219789393222,-0.004053013783094481,-0.06802991192047503,0.5437397340663975,0.8364822806017889
robot3,1087,1722894753123860647,75.00798870638073,-50.144817406518655,81.35814640124848,-0.0013707234985266832,-0.07107961135263828,0.5511951068860108,0.8313421462382187
robot3,1088,1722894753628052642,74.95726516271851,-50.33184929163392,81.94088931594578,0.0016199137603106163,-0.07032653376897934,0.5446885992136398,0.8356828850791026
robot3,1089,1722894754124487140,74.83518728678645,-50.44410153986371,82.56810523317377,-0.0013051402716939195,-0.07103896720456661,0.5478497748365508,0.8335540690074761
robot3,1090,1722894754625736519,74.7289975220097,-50.5993100680214,83.24115277962812,-0.006410202548854546,-0.07014555249946261,0.5841455195244397,0.8085867441328422
robot3,1091,1722894755125434444,74.60524693138197,-50.84968689327298,83.95617817026327,-0.007115804451792623,-0.07278283143029547,0.614211019968832,0.7857460453128862
robot3,1092,1722894755628766511,74.4012508261962,-50.96811008703193,84.62027530660758,-0.009740709434814086,-0.0689878586238426,0.6374163158037863,0.7673631697503672
robot3,1093,1722894756125775395,74.1940451965833,-51.057731123457565,85.17602881742651,-0.013237690828451693,-0.0716934770961632,0.6405185764030901,0.7644741736422175
robot3,1094,1722894756625115784,74.0053399673874,-51.1711464384214,85.7478577238557,-0.01063791998798036,-0.07798607712334525,0.6537755008754369,0.752583949395888
robot3,1095,1722894757127030679,73.85287405681778,-51.30280749152741,86.34208564078354,-0.014883897776984215,-0.07937048888616523,0.6536262836567245,0.7524968281621089
robot3,1096,1722894757625530239,73.68595862558928,-51.50794480189332,87.0084847201839,-0.009553270821544035,-0.07583298612532721,0.6492047336824309,0.7567637061832776
robot3,1097,1722894758126957198,73.48416117377627,-51.57241646890631,87.65115535336233,-0.01561712501360468,-0.06772656879375233,0.6463958963983927,0.7598299562435356
robot3,1098,1722894758626676397,73.20119257204988,-51.66668533715648,88.30973183265021,-0.01789342178201257,-0.07339443560771353,0.6401522928111634,0.7645247702248547
robot3,1099,1722894759126887708,73.05021541418337,-51.92070568430387,89.06545141470052,-0.01739928808894318,-0.07338761193246694,0.6265681475631509,0.7757086306391913
robot3,1100,1722894759625371777,72.78241126073156,-52.085036148040544,89.71297099798943,-0.014186274024988633,-0.07777604279729369,0.5991820180023487,0.7966997841713744
robot3,1101,1722894760127181219,72.51260183110868,-52.24438907584955,90.32612128583902,-0.012544617271234342,-0.08014435980525367,0.5888837671132816,0.8041364455112046
robot3,1102,1722894760625815747,72.30501616570015,-52.384098896656056,91.084172106487,-0.013510619465863263,-0.0783002870117236,0.610091702616,0.7883366302631387
robot3,1103,1722894761130618319,72.16307982489609,-52.51365863521763,91.81593521218592,-0.019384041410268546,-0.06953456572279419,0.60478132389303,0.7931133294671963
robot3,1104,1722894761627087533,72.05707803604781,-52.652842997150046,92.46755730751319,-0.012653084064673786,-0.06609714519230904,0.6004378952673777,0.7968346131964654
robot3,1105,1722894762124587612,71.96439669158025,-52.82004474270508,93.11133095701227,-0.012249726471144801,-0.06253486666434183,0.5946528489146112,0.8014532574831746
robot3,1106,1722894762627931879,71.80877293783894,-52.993384646746584,93.73315635681196,-0.00693835179016602,-0.06601819638596436,0.5869383393849885,0.8069057211225932
robot3,1107,1722894763124612669,71.70705719621351,-53.139637051799625,94.3346710405732,-0.004405591008585728,-0.061701536256615806,0.5723817050418716,0.8176507169475231
robot3,1108,1722894763624504524,71.6231970557876,-53.34205079955163,94.93180043073025,-0.006244752627942951,-0.06290470834155908,0.5532566605547813,0.8306088539648797
robot3,1109,1722894764125040804,71.45555131487365,-53.382669707577584,95.42420076248207,-0.004170711033515409,-0.06526747028789985,0.5410854559749143,0.8384207129026048
robot3,1110,1722894764629230028,71.42526420454085,-53.518178492127525,95.9717093007595,-0.0015936052298903133,-0.06505799488302912,0.530099096767645,0.8454347197331666
robot3,1111,1722894765127660802,71.57299065201245,-53.84153670553018,96.56760095935432,0.0003771577090921955,-0.06168744405141019,0.5183928394696076,0.8529146387447599
robot3,1112,1722894765627336918,71.58839260932476,-54.06320681680831,97.19556815964258,0.0014433050617835867,-0.06570642477099818,0.5162289101802918,0.8539252279376573
robot3,1113,1722894766126732085,71.41623139299315,-54.24015764156151,97.81823435017698,-0.002948867548256949,-0.06235665974062459,0.5173630596076018,0.8534860372142218
robot3,1114,1722894766627291703,71.16839059265357,-54.552627517486854,98.40619918531405,-0.0009226976903558117,-0.06356335691249664,0.516734066357181,0.8537826145764268
robot3,1115,1722894767127183181,71.12270200411203,-54.85765833980035,98.9757269344968,-0.004335799906427962,-0.05504253570984643,0.51481596791042,0.8555209169191945
robot3,1116,1722894767627113862,71.06883051103877,-55.1112981553138,99.55384771536167,-0.003812189900630424,-0.0587944259063403,0.5177041309754565,0.853528626035151
robot3,1117,1722894768124685422,71.08386084586,-55.329772136961154,100.28280092996606,-0.0021515525176032876,-0.05833340009407538,0.5172425893867947,0.8538458227219199
robot3,1118,1722894768625345782,71.07885531255883,-55.62376540201754,101.00279156411337,-0.0018747354552203683,-0.061427821190676905,0.5244596319046728,0.8492144621078673
robot3,1119,1722894769127767871,71.02131422798679,-55.836758330852554,101.73247972091787,0.0018834754905233944,-0.06671191919656116,0.5227097206499401,0.8498944171455943
robot3,1120,1722894769628523606,70.95779304171442,-56.06714840440221,102.38712093749467,0.0015286262411295256,-0.06468646725430732,0.5196246997565782,0.8519410165374469
robot3,1121,1722894770125529036,70.88241496460161,-56.270906080969944,103.00666514319599,0.005251449502684462,-0.0675968678847773,0.5177608746472481,0.8528345457442524
robot3,1122,1722894770626670779,70.76936561922057,-56.513506563641094,103.61962973097971,0.004498387868891117,-0.06351118059126795,0.531038765187971,0.8449520248594706
robot3,1123,1722894771128348890,70.90329681465451,-56.79481455392919,104.362060532939,0.002978116631936581,-0.062484710798753104,0.5341555261835966,0.8430686007587094
robot3,1124,1722894771628022071,70.96036335102102,-57.03281770209124,105.04794891877977,0.0008064634732124506,-0.06191043268400894,0.5337602812655731,0.8433661186488592
robot3,1125,1722894772131808805,71.01238622610744,-57.17409767908993,105.75246568442144,0.0030334222388813327,-0.06053703662925756,0.5329753105552711,0.8439569798776362
robot3,1126,1722894772625653685,70.98399146531013,-57.44180335309642,106.50436067221771,0.0037278790723938,-0.06715796071666484,0.5308717396106729,0.8447787327535765
robot3,1127,1722894773125157797,70.91020918703367,-57.82527566082567,107.22736229116406,0.0038939077836595525,-0.06795853418018244,0.528658124243987,0.8461010948965157
robot3,1128,1722894773627582039,70.70824644145117,-58.12346838131445,107.93026150164988,-0.0006763761376543917,-0.062371591887162396,0.5251632802793238,0.8487124696191531
robot3,1129,1722894774128298646,70.47460977724842,-58.34433522558388,108.63787149080821,2.4665922516297885e-05,-0.06474696962201718,0.5221749597619246,0.8503770579654593
robot3,1130,1722894774624571678,70.3806880431542,-58.69890878407906,109.28005858324185,0.004709275079093843,-0.06887707691032931,0.5230240144418479,0.8495173048982885
robot3,1131,1722894775126018687,70.26552480109765,-59.01041424751307,110.00519634634138,0.0005970859693030603,-0.06291317459020195,0.535831267416931,0.8419776890213263
robot3,1132,1722894775629853017,70.23317557818584,-59.35694980959572,110.75639458699068,0.0017983165895582153,-0.06558878119336822,0.523648069296167,0.8494042484950313
robot3,1133,1722894776124848452,70.13358366097971,-59.58527230051483,111.42560569243005,0.003229591594335276,-0.06499420515951837,0.5134389302811312,0.8556551804936284
robot3,1134,1722894776635632781,69.99819907566655,-59.69845662691257,112.09622343162394,0.002171553903358763,-0.06616573688180773,0.5169443636611533,0.853455273869403
robot3,1135,1722894777123770057,69.90282986459405,-59.791836137465125,112.69878772189247,0.0005394845244140801,-0.06559764636693811,0.5207180508299389,0.8512046576983913
robot3,1136,1722894777628371738,69.86755085030995,-59.962588404749496,113.33898544718458,0.0004529695756123492,-0.06479169905604701,0.5205960997662158,0.8513410194864327
robot3,1137,1722894778127590121,69.87062707999596,-60.11135482232018,113.98867593720911,-0.0012331723558360699,-0.0666741876445355,0.519243801474476,0.852020484858326
robot3,1138,1722894778629961957,69.84209361123447,-60.319448110653255,114.66219649195975,-0.0045883122465173775,-0.06214542190687414,0.5202494553310145,0.8517378693908871
robot3,1139,1722894779124897921,69.79116228376144,-60.53542217927894,115.35298933350435,-0.003701266104536539,-0.06364363960087877,0.5183445499668521,0.8527923048944792
robot3,1140,1722894779626181394,69.75703658702835,-60.727636124626116,116.01136366086666,-0.0005856160936862255,-0.06606908740122609,0.5226075072082822,0.8500093682738475
robot3,1141,1722894780127131089,69.75793381301823,-60.946334420151246,116.67718383171174,-0.004520626320921606,-0.06509050395997897,0.5312030714787902,0.8447284102499464
robot3,1142,1722894780627308566,69.71706828832345,-61.18579669939571,117.32638802413331,-0.004003058053621789,-0.06484277788665141,0.5290539762306009,0.8460976775271001
robot3,1143,1722894781125310551,69.73218911874116,-61.4633570037611,118.02501548303215,-0.00558589919823991,-0.06527988855927458,0.5247668064390503,0.8487208803485373
robot3,1144,1722894781628355730,69.72000788107462,-61.719184473881356,118.69776457366,-0.0069189761597958305,-0.06359426257976895,0.5211563654800894,0.8510604797870824
robot3,1145,1722894782124704756,69.69580573659111,-61.99858121231011,119.34800128451613,-0.005348403058910348,-0.06815722908657329,0.5176960836436186,0.8528286766332491
robot3,1146,1722894782626189101,69.67873203390086,-62.23440494248447,119.98664176191586,-0.01164489582415139,-0.050229269298784775,0.5066245439131815,0.8606236043774977
robot3,1147,1722894783127665474,69.68792933901717,-62.427547240686025,120.62099386497304,-0.0029488239019559216,-0.058589800673205156,0.49763336045253376,0.8654013971905685
robot3,1148,1722894783627357690,69.71459950957816,-62.643181964703906,121.22750432572084,-0.007601244747692349,-0.049290389168649903,0.48838802912106344,0.8712002132834519
robot3,1149,1722894784128730114,69.6315804890993,-62.770966139229145,121.77689893129016,-0.00538438767444836,-0.050309608170940996,0.4859935711334028,0.8724965332378462
robot3,1150,1722894784627682936,69.6356123154276,-62.894120857800836,122.32443380615992,-0.010578139290782483,-0.045978534485595905,0.48853975182897574,0.8712651652732275
robot3,1151,1722894785129166453,69.71288719769663,-63.12574639206415,122.91961019837916,-0.0032894571082407245,-0.05005970442018305,0.5025994600135127,0.8630625633518247
robot3,1152,1722894785627840020,69.80633683736933,-63.35403605715718,123.54016663871789,0.0016239745429431562,-0.05023628889258714,0.5107932902686262,0.8582330060080043
robot3,1153,1722894786126932755,69.95621942354427,-63.61700765023808,124.09075567590254,-0.0009100022950840494,-0.05049107993874279,0.46345676131168084,0.8846794069813823
robot3,1154,1722894786624710680,69.99313644242298,-63.85434410201759,124.67970861991938,-0.0023477207191078277,-0.051376972767056335,0.4759196662515398,0.8779836935568571
robot3,1155,1722894787127273411,69.96218362375197,-64.04814759675342,125.28107870258884,0.000387757953107303,-0.05679202964964315,0.48547072715831596,0.8724062632079276
robot3,1156,1722894787627343052,69.91952444737801,-64.29753430244386,125.93226290307308,-0.0024814162270016364,-0.056209867883293414,0.4853422097346023,0.8725120244306004
robot3,1157,1722894788125529508,69.94319030202595,-64.53755105638805,126.58571425155564,-0.0037248405574115966,-0.05768109972578529,0.4839722752882325,0.8731722928778588
robot3,1158,1722894788626218088,69.94628520915495,-64.70819182550193,127.15505198373748,-0.005768141099170425,-0.05653325955022034,0.48266251757125606,0.8739608762665891
robot3,1159,1722894789124978304,69.97723285150063,-64.91854035487013,127.74003429749824,-0.005796409997951809,-0.05887381744379239,0.4810281945353743,0.8747068945153964
robot3,1160,1722894789628643427,70.02767959531901,-65.17733293200408,128.33418088051775,-0.0034255358411314266,-0.05832281257346691,0.47894375285845503,0.8758993074752259
robot3,1161,1722894790125402589,70.23836532287376,-65.31634883592605,129.15976732553958,-0.003369518112381504,-0.055830155502940904,0.47627607788332116,0.8775150925883202
robot3,1162,1722894790624822897,70.45086426825068,-65.46835688712277,129.97627276649033,-0.0004221454732949902,-0.059367796015131896,0.479022650971132,0.8757925476082188
robot3,1163,1722894791127170102,70.45502333909609,-65.63368921667865,130.71514741501105,-0.002870494635944146,-0.05724179494249672,0.49062096749111744,0.8694861720754311
robot3,1164,1722894791632823145,70.35026957949624,-65.80183382690832,131.32075742634674,0.0009638754256912105,-0.056008182831007364,0.49292037711734377,0.8682693454352906
robot3,1165,1722894792126407181,70.41432924215782,-66.06614793337882,131.9690916807582,-0.0003124238933344283,-0.054069794256107924,0.4924154058612246,0.8686791282233841
robot3,1166,1722894792625763914,70.3167102674904,-66.18357904583014,132.50482122044764,-0.0008281856760909055,-0.05591605131478886,0.5066179379849594,0.8603551442431873
robot3,1167,1722894793127028466,70.27016199812834,-66.37527355030201,133.05667804822247,-0.00038254928348302084,-0.05491780637079568,0.5117852253261125,0.8573562686172916
robot3,1168,1722894793624730334,70.36083441497308,-66.66519604647497,133.64235591143253,-0.0017865467876608133,-0.05857252209044128,0.5130351308742078,0.8563650053542735
robot3,1169,1722894794130162197,70.47561418178113,-66.99464394519372,134.3592938123992,-0.003718434588260042,-0.05493068794647994,0.5109015757711213,0.8578743338278193
robot3,1170,1722894794627002284,70.51228530026007,-67.24521513301998,135.08465624176463,-0.004913392740096738,-0.05355899558755572,0.5071798340141759,0.8601603969799975
robot3,1171,1722894795127207865,70.36462294592911,-67.38998403721801,135.72582315296572,-0.002419177019536199,-0.061322705928600785,0.504777986820417,0.8610649553556744
robot3,1172,1722894795625276055,70.28097671450905,-67.57298930341608,136.36240830110685,-0.005695057515003741,-0.05714689577447988,0.5036653919451958,0.8619878024542655
robot3,1173,1722894796127913023,70.32445688570172,-67.83885625290733,137.0316122700965,-0.013013476670867283,-0.04098520691563806,0.511889679993605,0.8579742523846877
robot3,1174,1722894796625048164,70.3825476100503,-68.13249065682464,137.77344472972038,0.0030396930697220758,-0.055407178878906,0.5065545791725172,0.860420399057389
robot3,1175,1722894797125094989,70.30759178671815,-68.36631815679273,138.52791748315883,0.0034705420177456882,-0.05351530975686355,0.5209695334107084,0.8518889670711547
robot3,1176,1722894797629365716,70.15623815933711,-68.61973293621418,139.24604338509246,0.003092671607697135,-0.06125135765980753,0.518722311284582,0.8527402126924345
robot3,1177,1722894798125972162,70.13394294697696,-68.89218914648703,139.97303236215922,-0.0023934674980640312,-0.05425958007900606,0.5213922288711792,0.8515869379903203
robot3,1178,1722894798626938140,70.13098682259833,-69.14412079973337,140.68806386665054,-0.0028496543960979913,-0.04891513483831937,0.5228827980003525,0.8509951636812599
robot3,1179,1722894799128081388,70.16594210234736,-69.37677616555085,141.46087023828963,-0.0010183725410837596,-0.04916193559868845,0.520884720145864,0.8522095841541111
robot3,1180,1722894799626034422,70.12238940288357,-69.58743061108207,142.15380537835108,-0.001960891043149373,-0.04940481223353792,0.51863015318491,0.8535678553236892
robot3,1181,1722894800125584007,70.03890295371522,-69.79367385352094,142.88702192900354,-0.0010056074062657118,-0.05296214631178631,0.5344172281540881,0.8435592605525084
robot3,1182,1722894800628815757,69.92334312111615,-70.01866807591944,143.62655001463813,-0.003909607844409172,-0.04931930575425233,0.5507980412033207,0.8331709541582727
robot3,1183,1722894801128010609,69.84986382694076,-70.24578158177643,144.31971431467454,-0.0006910416885162823,-0.04964254193025654,0.5491998242285084,0.834215016383344
robot3,1184,1722894801628459299,69.77709800385716,-70.41290222857143,144.94966186382598,-0.0027314061594337583,-0.04648178245566798,0.5471583508238859,0.8357330449634153
robot3,1185,1722894802125960040,69.77642786508271,-70.566419238426,145.60895926489852,0.0017555707317704404,-0.05156684526358838,0.5453447560664648,0.836622301562524
robot3,1186,1722894802624725627,69.82721496975081,-70.82303687050037,146.34176386571852,0.0025968240214185936,-0.050879233929546526,0.5434702306851227,0.837881058634699
robot3,1187,1722894803127076728,69.74225657100023,-71.03723516019355,147.0343355054309,-0.0001890097754206621,-0.05135539813154785,0.5401136513509905,0.8400237085834873
robot3,1188,1722894803628815974,69.64386382097665,-71.23981916327975,147.75028053442136,-0.0025434443005072738,-0.04650944784782954,0.5367529980097103,0.8424527412736978
robot3,1189,1722894804125251078,69.54201929899101,-71.49551247589143,148.5106382006624,-0.00228828716910861,-0.0477294366500129,0.5324318628704579,0.8451230537733532
robot3,1190,1722894804628565074,69.48192231108246,-71.74157980429186,149.24829953578504,-0.002080758833671759,-0.045091491799308894,0.5289908199073301,0.8474261857316893
robot3,1191,1722894805127155618,69.38812474747391,-71.90446203997415,149.89260760955594,0.0002927195423026052,-0.043142134620476585,0.5265100873251762,0.849073494157304
robot3,1192,1722894805624362750,69.38312368691058,-72.0521151358663,150.54504496494621,0.0011537031425774354,-0.04347353755907302,0.532586175685589,0.8452577630343052
robot3,1193,1722894806125124942,69.29033270227374,-72.16890177864408,151.1135776575654,-0.0005840066703378228,-0.042815867849841135,0.5315296765223706,0.8459566557291798
robot3,1194,1722894806629579060,69.14266964236396,-72.20581275150691,151.5029922455964,0.0015232726042800572,-0.04266950525331651,0.5311525542228944,0.8461997146681778
robot3,1195,1722894807125565170,69.07342776456495,-72.2414617444562,151.82484783021445,0.001432538416986641,-0.04199181406396825,0.5304657644891838,0.8466644601553833
robot3,1196,1722894807626263874,69.16710420045034,-72.36999126247211,152.1257826672623,0.0030691387356561717,-0.04104787457373796,0.5228596552526326,0.8514243555886208
robot3,1197,1722894808124415167,69.26621911722617,-72.51035330698157,152.23727710188518,0.0055466387671183415,-0.04232502540398992,0.47031405857540276,0.8814661158145963
robot3,1198,1722894808624164117,69.31563340196206,-72.56752455584056,152.3124041983801,0.008447768299979681,-0.044383264509653776,0.42693936297104457,0.9031508962449711
robot3,1199,1722894809127220189,69.64305341762623,-72.81927584708495,152.33421302899237,0.013801029407577527,-0.04479529711377751,0.2855627230535292,0.9572130609984556
robot3,1200,1722894809678690565,69.90620175809443,-73.02715905109262,152.259445398031,0.018919808216578293,-0.048222881546845765,0.1466439733291542,0.9878320401964117
robot3,1201,1722894810126185082,70.0765226301173,-73.15852480224373,152.20720362174004,0.02224721477390626,-0.04788596243598351,0.025641245409856586,0.9982757748088524
robot3,1202,1722894810628759144,70.28949390328533,-73.3316864548786,152.08337102185814,0.026695080351899814,-0.044028411900360394,-0.10198641640726114,0.9934523856224527
robot3,1203,1722894811124063621,70.68463491054449,-73.59485786960664,152.04927659847203,0.024238091211637024,-0.0458510230399214,-0.11169259744641204,0.9923885137869556
robot3,1204,1722894811626081473,71.29833605664432,-73.99279754397166,151.9998953494769,0.02252166246876911,-0.046732602346254565,-0.11079180980885721,0.9924887976581235
robot3,1205,1722894812125703349,71.96073540557182,-74.44623935025191,152.04722024809695,0.024186071317018557,-0.051095894331985706,-0.10055916743079764,0.9933237626183556
robot3,1206,1722894812624964394,72.54251346661705,-74.99326682818693,152.3645242100111,0.01941335527065468,-0.049998231713873166,0.011022406558416246,0.9984997771738772
robot3,1207,1722894813125101655,73.02972992237618,-75.58835131785703,152.93307179053346,0.012897373627358917,-0.04586120943663162,0.1038353722912081,0.9934528789447801
robot3,1208,1722894813626302651,73.42921441614087,-76.09606849591059,153.53335460406186,0.005612442461932932,-0.04439441623424049,0.19093837864934823,0.9805815477845738
robot3,1209,1722894814127336259,73.9335969153192,-76.56688749915992,154.03384217077237,0.007038480501559917,-0.046075972019951304,0.19063105296015387,0.9805545707618464
robot3,1210,1722894814627591723,74.46337910331205,-76.9926402449325,154.48299225871645,0.006973407170192776,-0.05085767346718323,0.18298564874284748,0.9817744756287482
robot3,1211,1722894815127991725,75.01600035447572,-77.42955148109573,154.7353606504692,-0.003291515696486323,-0.04805356987405667,0.03860711996833453,0.9980929368723784
robot3,1212,1722894815625277223,75.2901605091667,-77.66557257051679,154.67499458160208,0.006397062467365049,-0.043770058512054386,-0.11974151492319224,0.9918191514452315
robot3,1213,1722894816125787984,75.42822574896626,-77.91795057607668,154.8700634691695,0.008284429783526037,-0.05122402003950865,-0.13674403310013344,0.9892464492762475
robot3,1214,1722894816627782533,75.94833655452882,-78.33995111487468,154.9186191570865,0.007272414507303947,-0.06201755724065202,-0.15343392395733996,0.9861840424384232
robot3,1215,1722894817124048367,76.4880553035691,-78.75696560774858,154.87257409739024,0.01017120145495632,-0.04625918236504492,-0.17142677805151432,0.9840576682668334
robot3,1216,1722894817624805927,77.17612528049193,-79.1195164097227,154.81770098794462,0.012432724175991686,-0.039978533127255515,-0.20867118729891468,0.9770892895993785
robot3,1217,1722894818127637462,77.78705477869346,-79.44900890935388,154.7880207357373,0.011792961264856124,-0.04413813333870148,-0.2186003376034024,0.9747443991373631
robot3,1218,1722894818628591822,78.39737645284887,-79.89181673488903,154.65144152291043,0.016524995437303548,-0.03963903002076701,-0.20902858801861163,0.9769660798695907
robot3,1219,1722894819126983868,78.96799108380793,-80.28578868260394,154.53969084754425,0.016866749383146258,-0.04020785735854836,-0.19101224061816968,0.9806187663439382
robot3,1220,1722894819627490873,79.68616942671866,-80.70745817160147,154.3399182078249,0.01643742905454564,-0.04655837817539444,-0.1901825617324096,0.9805063597757294
robot3,1221,1722894820123384112,80.23344091566732,-81.16118726738678,154.20052291333127,0.017961238125624442,-0.043541515954563376,-0.19037472060515784,0.9805809482484764
robot3,1222,1722894820681404344,80.86643123923392,-81.67533444164981,154.16320829741565,0.017213665240739296,-0.04363366146116459,-0.188435747725449,0.980964710015413
robot3,1223,1722894821127202820,81.46488817132413,-82.07541948882987,154.05365157517923,0.01686144022738197,-0.04521179196111235,-0.18795152601775422,0.9809922576497334
robot3,1224,1722894821625010068,82.20419056623504,-82.55005490542655,153.91038783640673,0.016142270085743166,-0.043320586123187364,-0.16778483338203318,0.984739053567688
robot3,1225,1722894822124279079,82.95191425348226,-83.06074902604068,153.86323258189722,0.015599931337172163,-0.04063919771816844,-0.16410714845864777,0.9854815785066052
robot3,1226,1722894822625096929,83.58730570205502,-83.54855219184186,153.81050595644138,0.017129975455800642,-0.04231735166567347,-0.16161450565886543,0.9857974220140404
robot3,1227,1722894823125774506,84.20736363665762,-83.9586049737435,153.7521467812516,0.016308594778942323,-0.045283591813781575,-0.15663796787045156,0.9864826268466133
robot3,1228,1722894823625324048,84.84016230145897,-84.40560202890883,153.6693298171396,0.018341317206789522,-0.03957642692798043,-0.1489551067211854,0.987881409227046
robot3,1229,1722894824127537293,85.49515202703682,-84.8842217752782,153.53383613496905,0.01949643215874726,-0.03943233986453903,-0.14018848260447309,0.9891471928135581
robot3,1230,1722894824626421279,86.16393619816387,-85.3721655581283,153.4419968196857,0.015997039700903368,-0.03769622980917508,-0.13160458548086226,0.9904561181896914
robot3,1231,1722894825126683847,86.78468738343166,-85.75542284243896,153.48783327219724,0.014121719064133115,-0.04108938369918106,-0.09640037372688698,0.9943938895343292
robot3,1232,1722894825625922028,87.44643717450323,-86.27001720346713,153.43522347183074,0.010970456445756265,-0.042228531010765964,-0.074421298156349,0.9962719862742143
robot3,1233,1722894826124792691,88.09427928691213,-86.7888713162659,153.33988551074964,0.00682306241610045,-0.04897016790703487,-0.0698737540834421,0.9963297782183916
robot3,1234,1722894826628568480,88.73436304777663,-87.22600097796709,153.3199734470169,0.012824162510166704,-0.04018337244466097,-0.08428671939804189,0.995548384744811
robot3,1235,1722894827124354287,89.39106377893526,-87.64374045750583,153.28666806200266,0.012898741900098808,-0.03337385120270907,-0.06499276957671817,0.9972440766512688
robot3,1236,1722894827628939665,90.00620140624505,-88.0771660558994,153.28641556234868,0.009653918059657117,-0.04090482874542511,-0.05559008079353855,0.9975687143093316
robot3,1237,1722894828125630767,90.64703926396416,-88.47618113429883,153.21865955008116,0.00969012422127717,-0.03534999926888627,-0.044604572297549015,0.9983320645829316
robot3,1238,1722894828625397671,91.26725053641064,-88.88414349175011,153.13783614291765,0.010797511571867174,-0.04159522582494992,-0.032561200057268876,0.9985454517363029
robot3,1239,1722894829127239770,91.80749942220555,-89.32707434546205,153.02799692900567,0.008639038126464578,-0.0426205888848004,-0.015633649239375807,0.9989316500315838
robot3,1240,1722894829624423281,92.44066513098441,-89.83186599765992,152.8630851462155,0.0028720949650941747,-0.03467415856689095,-0.012018528148072218,0.9993222747339036
robot3,1241,1722894830133181427,92.95193535445166,-90.24579833600424,152.78940136873734,0.003606545881495265,-0.033225985144458174,-0.006827300588168606,0.9994180380124544
robot3,1242,1722894830624008802,93.49555269104327,-90.65981626822362,152.69010972731954,0.0018702765390516446,-0.03714720405229516,-0.00465542684252979,0.9992972101920823
robot3,1243,1722894831127391708,94.18673564311811,-91.11235477243167,152.5516353574957,0.005954255732242591,-0.033638162912095995,0.0011365802357505912,0.9994156938031051
robot3,1244,1722894831625147586,94.88153107046408,-91.56461882873106,152.3980739257678,0.0073344765181850265,-0.03578236703978477,0.011627237642392362,0.9992650474263781
robot3,1245,1722894832126767016,95.51252497734019,-91.98628640224463,152.25257764819457,0.010230308896705634,-0.0434989169509357,0.01858161420664686,0.998828267830586
robot3,1246,1722894832625657297,96.19423740255947,-92.4584131606845,152.11844132039943,0.011422101206840276,-0.03489276011214704,0.022351424644338504,0.9990757952788893
robot3,1247,1722894833127709970,96.91674222327781,-92.92038541542419,151.9748819238338,0.011567462011521834,-0.036894223931158855,0.028683271139788687,0.9988404677524089
robot3,1248,1722894833624283392,97.55339660659064,-93.37935756414333,151.7999061808598,0.007141276623740868,-0.04206051846596376,0.03514185496400802,0.9984713140517588
robot3,1249,1722894834128697690,98.19410620090163,-93.82435288243971,151.548350370591,0.009964164710694296,-0.03518623922440243,0.044730303929493655,0.998329526710112
robot3,1250,1722894834625084062,98.98464158024785,-94.13593438784609,151.36686839654945,0.010117696548239987,-0.039102393804031015,0.05230629338092874,0.9978139539453738
robot3,1251,1722894835126405350,99.62314579213903,-94.57052811672197,151.29094033400264,0.009446640239260003,-0.04130020810416844,0.15371930310794746,0.9872058699434224
robot3,1252,1722894835625501328,100.24566946478389,-95.07998448874427,151.24545284899688,0.0047456888968375206,-0.03448516742825427,0.21195270355456827,0.9766597683534676
robot3,1253,1722894836127489554,100.95248195824314,-95.55044371665177,151.1916558236302,0.009678012260638833,-0.03349458600708565,0.20866248949855107,0.9773660595003102
robot3,1254,1722894836626678100,101.6272610329385,-95.9264831961117,151.1048587306501,0.008636707385767361,-0.03803913415758198,0.20453409503082495,0.9780819165734512
robot3,1255,1722894837125309911,102.26059097482317,-96.35091126068595,151.0072902669588,0.005472176557477368,-0.03552069857071528,0.20087071154529393,0.9789582690288997
robot3,1256,1722894837625167491,102.87372285601985,-96.81987521813417,150.92199689569222,0.006877576903990475,-0.03541474404127883,0.20129920559515113,0.9788652229327496
robot3,1257,1722894838126264992,103.43190652491693,-97.35456687719673,150.84474144918232,0.007126493849108501,-0.03284502506153373,0.2103024314051344,0.9770584960785177
robot3,1258,1722894838628502356,104.07264566298741,-97.77001974611113,150.7606690171554,0.008727646635752933,-0.03856985188531101,0.21879900109022407,0.9749683029881877
robot3,1259,1722894839126536609,104.75266616592548,-98.21205878834253,150.7024405654992,0.004229044392072428,-0.025494631024617662,0.21584392649907044,0.9760858253073407
robot3,1260,1722894839626638871,105.40426921930288,-98.76620104620983,150.64685772884272,0.0041608660557407705,-0.030299125964935288,0.21726619117178908,0.9756331545889217
robot3,1261,1722894840125417428,106.07999939329248,-99.32218198173909,150.5591153983593,0.0037811577279548065,-0.03332770106050441,0.2153615461767765,0.9759581812847343
robot3,1262,1722894840627947150,106.73622831442539,-99.80391258409483,150.46619957320672,0.00394237313573215,-0.036266283578258056,0.21292421688297333,0.9763874703386216
robot3,1263,1722894841127294194,107.37694795537794,-100.2412319847229,150.34274672561898,0.0023107552471004836,-0.03858232697227999,0.1992744074593849,0.9791811757725447
robot3,1264,1722894841624824752,108.08983453475606,-100.69671007039464,150.2037304143179,0.0016741864907874001,-0.034964875711762586,0.18577757978378867,0.9819680979623183
robot3,1265,1722894842127315692,108.72662040594815,-101.16370773513202,150.05106608316734,7.679890787268418e-05,-0.03903348674836165,0.1740562150155206,0.9839617955127444
robot3,1266,1722894842625980322,109.36852743621272,-101.60489470517977,149.86829614815602,-0.002369043591611681,-0.030192038213549446,0.16319900634718673,0.9861282435810587
robot3,1267,1722894843127339673,110.00339615417138,-102.05183415071102,149.73233975403969,-0.003965935587093873,-0.032589001266265585,0.175821989836879,0.9838744108071856
robot3,1268,1722894843624979650,110.6578809338116,-102.52350849507071,149.6292937796922,-0.0046614865666675664,-0.029591483665048837,0.17506174340164932,0.9841016210913713
robot3,1269,1722894844130038790,111.28573596939793,-102.89031829420314,149.4261135812509,-0.003698668831081331,-0.029246994788326975,0.17324482542467878,0.9844374858813038
robot3,1270,1722894844627631649,111.88943546841097,-103.32024897497406,149.22093167244245,-0.001602403320186216,-0.026348349829155085,0.17214265384096786,0.98471828636086
robot3,1271,1722894845124301805,112.437964146702,-103.67088001146477,149.08324619202526,-0.0017617923436945909,-0.026474798791559104,0.17023151160196306,0.9850468078088446
robot3,1272,1722894845628751258,113.0460099382156,-104.06883634598016,148.9512499137943,0.001350338200083163,-0.026778919913511157,0.17065843545018985,0.9849653620532574
robot3,1273,1722894846123615022,113.64565061775575,-104.38751241834508,148.89281554820485,-0.0015960618383376527,-0.026127994900363594,0.19347418033765984,0.9807560971065974
robot3,1274,1722894846625917356,114.15662923034462,-104.69089283992162,148.7987779356244,-0.003316932219995853,-0.024419290522398367,0.19533241797864925,0.9804274285726837
robot3,1275,1722894847126886090,114.68071957194331,-105.0557297640886,148.7010114840855,-0.0020339315592618405,-0.027108391496132648,0.19623231773751332,0.9801805322022409
robot3,1276,1722894847624912147,115.21583683510865,-105.46157103989904,148.60966310634706,-0.0026684902317981357,-0.026623967914346573,0.19472749612075116,0.9804923486427223
robot3,1277,1722894848125114629,115.81529634296218,-105.91311795673575,148.5316321783206,-0.0027853768217503817,-0.027404775658456944,0.19266043876023153,0.9808787770585036
robot3,1278,1722894848627910697,116.45512440011875,-106.35958738329832,148.45828377666385,-0.003815201836454371,-0.022851808326879986,0.19133747156951936,0.9812508400325178
robot3,1279,1722894849126705301,117.0778021189854,-106.80737417423546,148.30257225098146,-0.0028289890453498416,-0.023704409860458082,0.18940856864236896,0.9816081152369299
robot3,1280,1722894849624676131,117.68442115679785,-107.27232444398417,148.12007114534023,-0.0024668909124506235,-0.020248640069630647,0.18784640352678597,0.9819865761336091
robot3,1281,1722894850128080520,118.40490189646599,-107.75112297828741,147.93362368863853,-0.002181221291870848,-0.02147366669411067,0.18469153309558092,0.9825594951529348
robot3,1282,1722894850626644753,119.02683772205484,-108.16883169072361,147.83205429386112,-0.0003007339186345494,-0.0240439679336672,0.19617750363198552,0.9802735252131607
robot3,1283,1722894851126469858,119.65503661718574,-108.66773770982121,147.6745418509349,-0.0004412085527267808,-0.020485766765177278,0.19467416129393178,0.9806539193923409
robot3,1284,1722894851625803049,120.33402596221755,-109.20172205529707,147.49662192294483,-0.000244808545593408,-0.020500539382424167,0.19368650717854868,0.9808492263802728
robot3,1285,1722894852123816906,121.01286383248245,-109.59419518706095,147.40293904491685,-0.000960293155580277,-0.021215595027456364,0.21702674135599084,0.9759346135377545
robot3,1286,1722894852625025204,121.69395859373672,-110.06158032655028,147.2652735792871,-0.0024148230313234716,-0.020479645671509356,0.21006515289730987,0.9774698891941004
robot3,1287,1722894853127163177,122.3074535814372,-110.54655522362648,147.0921103504409,-0.004822058937820948,-0.02273543230410146,0.2021587321157951,0.9790769606598246
robot3,1288,1722894853625886082,122.94113032461699,-110.96380179448518,146.89588065651793,-0.0060217789599032075,-0.018381944652920222,0.19417877787725202,0.9807754302137834
robot3,1289,1722894854125002323,123.48892190848008,-111.3716698851212,146.68767742308432,-0.004822528727463829,-0.020286842081397645,0.1881305333501151,0.9819226495383627
robot3,1290,1722894854625608896,124.06575093473018,-111.76927073154033,146.54153662177183,-0.004531562313899072,-0.015674329904586358,0.1815080266610636,0.983254095634818
robot3,1291,1722894855132560292,124.6087088741775,-112.1255385081222,146.43039746402417,-0.0032189647645367568,-0.015312084657945214,0.1758224442671022,0.9842975395789701
robot3,1292,1722894855626575585,125.11661237941796,-112.4789574647259,146.32561512584942,-0.004621230817465758,-0.015409619941997039,0.18137522761566285,0.9832823677084529
robot3,1293,1722894856128095564,125.58286576373165,-112.77638061009107,146.21151957047633,-0.004103167541459123,-0.014460298367791266,0.19660156441284202,0.9803682413550862
robot3,1294,1722894856625268859,126.04293602460545,-113.03487428291096,146.09290472916064,-0.006695346055604908,-0.012565254736614098,0.19958486093885588,0.979777102201627
robot3,1295,1722894857127452414,126.51993106460785,-113.3404123479426,146.02063942007248,-0.007827635491578368,-0.013502609306324562,0.20250371108868603,0.9791571143896376
robot3,1296,1722894857628864977,126.93186188104546,-113.62078363473022,145.95176344948175,-0.004359078282646269,-0.01624605944008039,0.20346757648123345,0.9789371835363332
robot3,1297,1722894858124917917,127.43498905525509,-113.99965133450988,145.88320526362776,-0.00606562307234736,-0.016483015952695176,0.2013962652591063,0.9793523690386066
robot3,1298,1722894858628203725,127.99713036209847,-114.3995642915825,145.81955091772397,-0.004889291624414338,-0.013203534592407725,0.20060332420636354,0.9795713694361606
robot3,1299,1722894859128343314,128.6757751032632,-114.70668524818797,145.79231712247596,-0.0038481902098799273,-0.013074972923899081,0.1993779930669333,0.979827868758462
robot3,1300,1722894859627882488,129.17328414360796,-114.96268512284958,145.6978281288562,-0.003932340084829789,-0.014765048866473408,0.2013612797515754,0.979397858405988
robot3,1301,1722894860126839244,129.8444659196375,-115.3913426620217,145.62359307547163,-0.005543644167466944,-0.017173569910369692,0.20032326013628923,0.9795636416048968
robot3,1302,1722894860629166846,130.4391754474903,-115.79102741606282,145.52863098924732,-0.0036741647734234184,-0.021180365971686536,0.1997551831900079,0.9796100037255896
robot3,1303,1722894861126893851,130.98766530781273,-116.20325153168072,145.34361125574267,-0.0011004359396799956,-0.020188666460235673,0.19782051116002444,0.9800297200349011
robot3,1304,1722894861628014773,131.51703469637965,-116.6203137296835,145.17973860979077,-0.00425334791982044,-0.02163127320518588,0.1936053962431378,0.9808317631462254
robot3,1305,1722894862123774343,132.11007050699786,-116.9520582115208,145.05074418570234,-0.008796123495080577,-0.01886868962364562,0.182073112233802,0.9830645871787078
robot3,1306,1722894862625383349,132.80267043986905,-117.41038760393891,144.80683588699617,-0.010167340861441738,-0.015852318399462727,0.14811378804229858,0.9887909966079437
robot3,1307,1722894863124515512,133.46805973337842,-117.82965461683398,144.44153196281803,-0.011849728585128191,-0.01770867126434253,0.08134174776460691,0.9964584823087761
robot3,1308,1722894863625829774,134.036240894183,-118.16214025872499,143.96588072526535,-0.009952201774735187,-0.013036307814728386,0.014179682273987283,0.9997649448590421
robot3,1309,1722894864129190059,134.45801666404188,-118.39648284125776,143.35138847847992,-0.007936614101228121,-0.014311167657864558,-0.080848730372178,0.9965920346029681
robot3,1310,1722894864628296899,134.8151156114113,-118.49594929813352,142.67963126412386,-0.011338658657607657,-0.012804341043053686,-0.20008849702563078,0.9796285403296107
robot3,1311,1722894865126127007,134.91921661613588,-118.49134606614471,142.21876943736817,-0.01698968455127508,-0.012920401112041747,-0.26214556014803725,0.9647922673553224
robot3,1312,1722894865623844803,135.15375203092998,-118.51719513893433,141.61166124067634,-0.01466440214991122,-0.009124460954834346,-0.29024449716487627,0.9567966510117902
robot3,1313,1722894866125834284,135.36037002131883,-118.56041208374253,140.98992225183693,-0.020219672466510904,-0.014997941870548346,-0.3655697678285489,0.9304434273155868
robot3,1314,1722894866623803206,135.3747777769726,-118.50363544080022,140.34648001620818,-0.020184370845662512,-0.01607196296157161,-0.4295139993842855,0.9026915350844066
robot3,1315,1722894867126473080,135.3993776907905,-118.37585124963874,139.79775812190326,-0.020883744699792983,-0.016455276769890365,-0.43964243704184547,0.8977792716618306
robot3,1316,1722894867625610547,135.36704411415243,-118.24286949307502,139.3107326801769,-0.019753831107091276,-0.01649014767817756,-0.44855336762795656,0.8933855481122155
robot3,1317,1722894868124700746,135.35820276228236,-118.20007992111886,138.8424463671962,-0.020930065728671687,-0.01594249060875571,-0.4592973411095123,0.8878928549050925
robot3,1318,1722894868625189581,135.38733227529318,-118.21126302189845,138.36930540724413,-0.018598272654233937,-0.011183115817601954,-0.4697908174791365,0.8825109800943972
robot3,1319,1722894869127041302,135.3343581404082,-118.11684616570831,137.80266708688222,-0.021361653145120015,-0.017069577205762635,-0.5116660105565274,0.8587492084130802
robot3,1320,1722894869628729276,135.2365600913552,-117.99437717662843,137.3094079380924,-0.02517273095200261,-0.021348194625883506,-0.5503976871401445,0.8342499470742646
robot3,1321,1722894870124895214,135.0720227198686,-117.7931401512231,136.82311612282786,-0.02464357620591784,-0.02000251731504305,-0.6035295582306179,0.7967086454876711
robot3,1322,1722894870625200665,134.96992940113665,-117.55449681790158,136.2582489139263,-0.025671776060239702,-0.023197558529963396,-0.6445173225291729,0.7638064245291393
robot3,1323,1722894871124682831,134.76641053910046,-117.32227153019011,135.72357499984508,-0.02643303256732194,-0.024155160028077605,-0.6538975421670251,0.7557352892258219
robot3,1324,1722894871627764215,134.5885329678365,-117.12549940687923,135.10590929189803,-0.025803995524347315,-0.020210190650812625,-0.657444609410097,0.7527896702043954
robot3,1325,1722894872125719490,134.47729107986117,-117.01146797653014,134.54074306816156,-0.02751883120290385,-0.024375935374283928,-0.6193620702800903,0.7842443200956034
robot3,1326,1722894872626121765,134.3023029451733,-116.86426063998287,133.91592796550344,-0.023673481386836007,-0.022430817397483392,-0.6095195550373925,0.7920999537538977
robot3,1327,1722894873126989770,134.36243630135866,-116.81638207078012,133.3938037210302,-0.01778901563861358,-0.021732533190394365,-0.5352107525002119,0.8442515610479464
robot3,1328,1722894873625021344,134.50723189489105,-116.74262482832982,132.86705558232345,-0.017560176367657533,-0.02571901461000942,-0.4740071812789324,0.8799700930085227
robot3,1329,1722894874127641926,134.68625984137793,-116.71342232605,132.47410165634275,-0.017577277980186,-0.017698883221272645,-0.39255817667414594,0.9193888550324052
robot3,1330,1722894874627062614,134.79986683177233,-116.79562867557526,131.87998396411714,-0.01998306645298558,-0.014084695640999458,-0.39563200698843176,0.9180836636440828
robot3,1331,1722894875127846083,135.01480234934718,-116.76648098195244,131.20267097829887,-0.022475696627073685,-0.016279346951341533,-0.40186969899265096,0.9152762265871007
robot3,1332,1722894875624959226,135.18030988353846,-116.75291927467244,130.47989304827004,-0.02302613836963491,-0.01527651476967054,-0.41071549591803774,0.9113447242734631
robot3,1333,1722894876127075947,135.3784748337964,-116.78066317514956,129.7421128195579,-0.030176949400218204,-0.01828336817435051,-0.4194374499431289,0.9070982834061054
robot3,1334,1722894876625912316,135.54146814464247,-116.77177009341366,128.9803705906616,-0.026514078282696387,-0.01379340205157538,-0.42819820140087267,0.9031904815872013
robot3,1335,1722894877126219745,135.6647164757406,-116.69600783318879,128.19789270949485,-0.031056302188804886,-0.018173638115987822,-0.4410518394635471,0.8967600012700211
robot3,1336,1722894877628116111,135.77910926688153,-116.6980850328892,127.50913872871747,-0.026560048019455926,-0.01545427042730925,-0.4522356711196606,0.8913689624065413
robot3,1337,1722894878124712865,135.84932798914068,-116.68533110802741,126.76487591238606,-0.028910074537443053,-0.01731657112039884,-0.46525632571381464,0.8845342816070796
robot3,1338,1722894878628495383,136.0555247150849,-116.68653095583093,125.98695798295961,-0.026164063437642833,-0.00947475105893408,-0.4808839597030661,0.8763425632577149
robot3,1339,1722894879123418175,136.2340729980251,-116.69546748534464,125.3446246452123,-0.030676923051609895,-0.011194639138992355,-0.5027617541224275,0.8638079792629685
robot3,1340,1722894879624513269,136.2062615219958,-116.59146845772584,124.68355933802415,-0.03338116983407408,-0.01852867313029741,-0.5417984403818272,0.8396408969150793
robot3,1341,1722894880124345816,136.21759393613553,-116.51735711835033,124.0548253680541,-0.036599723355855866,-0.03216494703538257,-0.5645859717298899,0.8239348014001482
robot3,1342,1722894880627400774,136.3057192976998,-116.49734650764874,123.32794027115793,-0.035151851740166266,-0.036844325127891035,-0.5868374504641832,0.808101880803284
robot3,1343,1722894881127216433,136.2891583990421,-116.44873792866014,122.60050675825946,-0.037100496710796675,-0.0424710022532148,-0.5981328543831669,0.7994103174333347
robot3,1344,1722894881630915277,136.43929083046405,-116.46386832319484,121.95072978338034,-0.04252966595820151,-0.03244929035542472,-0.548957862966116,0.8341364011698494
robot3,1345,1722894882128056747,136.524171033436,-116.50677649613748,121.3242841008227,-0.04422742474670237,-0.02774891598176383,-0.5609341520814671,0.8262123271839735
robot3,1346,1722894882627402040,136.64147906619598,-116.47612502718025,120.64869378198222,-0.043821985217562434,-0.022477071488339384,-0.5662244260497314,0.8227784113681837
robot3,1347,1722894883123868851,136.73770443036645,-116.48587832440171,120.1204432041038,-0.045116528789422336,-0.025267382333173983,-0.5929890468629745,0.8035484108132899
robot3,1348,1722894883630111976,136.82214630451048,-116.42815802701024,119.45843834948036,-0.040733374363226445,-0.01970088049579665,-0.6130999008451585,0.7887085514335015
robot3,1349,1722894884126184854,136.7897047450986,-116.30725484200056,118.77434797936999,-0.038143201246253935,-0.01931844827779006,-0.662230632512163,0.7480791957522722
robot3,1350,1722894884684878818,136.81373434221675,-116.23813543818049,118.02802602176915,-0.03980551852604652,-0.022904790689869524,-0.6723803749359212,0.7387797524698116
robot3,1351,1722894885125298407,136.79013612586118,-116.12198966784895,117.26108563351417,-0.0409134006353935,-0.021449845203307352,-0.6798400091743455,0.7319040645569799
robot3,1352,1722894885627765295,136.72773722240768,-116.04062043322374,116.61342017515784,-0.04006450288519075,-0.017969973290427807,-0.6927759002837437,0.7198148842963392
robot3,1353,1722894886125502233,136.66228563232545,-115.87894737850625,115.91661167429336,0.04761164073313942,0.02307672377297372,0.7066628535555737,-0.7055694210290707
robot3,1354,1722894886625881099,136.54778024037853,-115.73778923120723,115.21256925953892,0.046334130691333374,0.021498362180684714,0.7132609114968784,-0.6990349353839682
robot3,1355,1722894887126310874,136.5081794797155,-115.57247173472507,114.49436222845937,0.04569460447892012,0.019174902207290137,0.7193359168392641,-0.6928926071130151
robot3,1356,1722894887624594128,136.39519642327872,-115.42464594776739,113.8135647863218,0.04579062490234543,0.02139931955471571,0.7309457408669012,-0.6805612475759875
robot3,1357,1722894888123847550,136.2794986627023,-115.29889171600396,113.08126902058754,0.04725843148187789,0.020412278546988946,0.7409677762763588,-0.6695645854273216
robot3,1358,1722894888628946692,136.23516400455927,-115.16411280314412,112.42206008788449,0.04836638123121085,0.02193544858530024,0.7298871553110283,-0.6815014818574745
robot3,1359,1722894889123651407,136.28869138914177,-114.99342166302164,111.68307064717133,0.04668249912432914,0.021589462636621638,0.7130642390826013,-0.699209575392185
robot3,1360,1722894889629869504,136.21722344306338,-114.83567052270882,110.837134012284,0.047118945822137444,0.02038694679859585,0.7156679946250952,-0.696551145870952
robot3,1361,1722894890126882193,136.1602785342809,-114.70792315457413,110.05316354198725,0.04946072308479561,0.022030807229012656,0.7195559795989134,-0.6923203540473265
robot3,1362,1722894890627757718,136.16448413769606,-114.61916449113332,109.3899349679572,0.04951579449757396,0.02150943851847354,0.7170737461619314,-0.6949034268984344
robot3,1363,1722894891123990797,136.07843912417178,-114.54340354584434,108.70993673440773,0.0506918416747647,0.021772353956531137,0.7151266903830827,-0.6968142639847081
robot3,1364,1722894891627071416,135.98905284229826,-114.47774671572537,107.976288118635,0.052166684187941285,0.02351036540195887,0.7186312012477174,-0.6930332577681714
robot3,1365,1722894892178191941,135.93526437199847,-114.34873203170207,107.11241892366766,0.04750332452526061,0.014569116298011282,0.7234869122645781,-0.6885476474371324
robot3,1366,1722894892628261527,135.87921043035718,-114.21192165047299,106.54096035482355,0.04692857298881283,0.01446065056455291,0.7318147281441644,-0.6797321548181801
robot3,1367,1722894893126485056,135.87709414438555,-114.11165388611185,105.97512115128627,0.044547657531456425,0.014372690728981431,0.735926246908203,-0.6754417007272172
robot3,1368,1722894893625782449,135.76782158047598,-113.98312716583894,105.26527784883102,0.0471282607920024,0.01979024797434628,0.7306558640822229,-0.6808298476139945
robot3,1369,1722894894125717420,135.6772118565559,-113.89747823679534,104.48953793848916,0.04265214721014451,0.017320108649590438,0.7416637702019049,-0.6691903018907452
robot3,1370,1722894894623504811,135.59515388289046,-113.75247657910964,103.81393062487612,0.04372173707743978,0.01940069632983077,0.7470120363721467,-0.6630875056913585
robot3,1371,1722894895127234740,135.5243793505739,-113.62011935907819,103.2005741868628,0.04472040419548593,0.02278152576042553,0.752943011399515,-0.6561691162476705
robot3,1372,1722894895627515475,135.43732823197044,-113.46053955552152,102.47209620174334,0.04245047647094309,0.022433118673885855,0.7548026446316521,-0.6541923875214516
robot3,1373,1722894896131114420,135.397149419194,-113.2943586345048,101.69579486819438,0.04221406209383523,0.0221146212898701,0.7549033636910201,-0.6541023069633121
robot3,1374,1722894896627900265,135.38173998825735,-113.11801440761172,100.94786185047536,0.04145699439249014,0.02328308246147778,0.7564799866371336,-0.6522861684142285
robot3,1375,1722894897126299712,135.26358050217172,-112.94751291962575,100.07923000093174,0.04027154639022408,0.020673031835948884,0.7444537708376788,-0.666137682008465
robot3,1376,1722894897631784736,135.21468748129942,-112.76099480324517,99.19523063010188,0.04339710918823579,0.028805258020298905,0.7432536002454877,-0.6669790354625917
robot3,1377,1722894898125871119,135.23122217398674,-112.66171231124373,98.42966816718196,0.03669569810394508,0.024920284801265825,0.7414834221532899,-0.6695033531043247
robot3,1378,1722894898625822939,135.17816833822596,-112.44076782384634,97.50166314285137,0.026421510012761898,0.019098157657420185,0.7454933915072122,-0.6657152299608387
robot3,1379,1722894899126547558,135.11389987454794,-112.24848211157735,96.74759320626626,0.02782225267250402,0.023735781322114492,0.7421497176765519,-0.66923563226555
robot3,1380,1722894899630414291,135.01899468431748,-112.14763623318731,96.01534766880359,0.04576524351345341,0.038604986712423926,0.7437482973072722,-0.6657729851380434
robot3,1381,1722894900127163834,134.88134507953384,-112.02684164222408,95.28834837673878,0.04931893491907354,0.04232041929368157,0.7286514692742317,-0.6817944419645547
robot3,1382,1722894900625710203,134.7493613316304,-111.96045026322398,94.49233805100329,0.05398268382023685,0.04272660157663494,0.7337008438043329,-0.6759758717336631
robot3,1383,1722894901126972182,134.6438953378344,-111.88658773942413,93.70606452931536,0.05551246877107189,0.03996129786311253,0.7343928375941039,-0.6752692948554054
robot3,1384,1722894901625985782,134.56555558321372,-111.72815556854637,92.94534313714844,0.06021718038901943,0.044940915015541705,0.7362215555055442,-0.6725563370845292
robot3,1385,1722894902126391688,134.48456236004378,-111.56924097033767,92.13757091530759,0.05275567466105526,0.039532386303072056,0.7408575973026852,-0.6684190674592801
robot3,1386,1722894902624714501,134.4143044451352,-111.41948630766552,91.37624691502796,0.05717279434692669,0.04350767168688415,0.7429765476845746,-0.6654503765733862
robot3,1387,1722894903136043023,134.3565223513271,-111.30310042300358,90.7540948136378,0.05426092291635349,0.04209219955998064,0.7491796842645907,-0.6587972371418058
robot3,1388,1722894903626294648,134.3307403578536,-111.211490062623,90.06900531001851,0.05543704113060192,0.049304692395642995,0.7562053131879665,-0.6501148406895081
robot3,1389,1722894904126951198,134.24189290504162,-111.01926783536811,89.31172563957568,0.054895889126027844,0.04939002036677846,0.7608644525333401,-0.6446955499430508
robot3,1390,1722894904625329678,134.22814670254527,-110.87256893649672,88.57776211565546,0.0561215130764026,0.04717543587931164,0.7676821649911691,-0.6366230812451614
robot3,1391,1722894905127448639,134.13787800151024,-110.65274984015136,87.80129801062532,0.057063384124449903,0.04826398277807021,0.7735350103511816,-0.6293313482734362
robot3,1392,1722894905625624344,133.9617260572838,-110.3725430006816,87.08158068320387,0.054728978755742105,0.05070015644737597,0.7837093302775552,-0.6166311041915346
robot3,1393,1722894906125966458,133.81048304268052,-110.18074425680584,86.25051451784788,0.052847641368138375,0.04633582929307825,0.7761768946763179,-0.6265856253507381
robot3,1394,1722894906624958963,133.6720694568385,-110.00256548723641,85.50466411798294,0.0584880297051482,0.05013826543812252,0.7821230407077345,-0.6183436374008822
robot3,1395,1722894907135433789,133.34797712311203,-110.14623448817517,84.64686733794655,0.05458912508104766,0.04634378046640252,0.7942520739859614,-0.603353896485277
robot3,1396,1722894907625277216,133.11252780032112,-110.05890637662439,83.92082848329852,0.05844940478386715,0.048078478617429414,0.7975066278357182,-0.59854432211186
robot3,1397,1722894908127968012,133.00985194717308,-109.71878351653433,83.11993058846214,0.06240538096006025,0.048810610832473886,0.8123464728258909,-0.5777683798761618
robot3,1398,1722894908624332987,132.83926494306104,-109.65319143555018,82.34436054515356,0.06092083447044756,0.05472753330112874,0.8228547662333923,-0.5623198224437653
robot3,1399,1722894909128626677,132.57988137356122,-109.80097918274905,81.57506964380437,0.06406114818911407,0.051761909310563035,0.8204841323744326,-0.5657054556560259
robot3,1400,1722894909626334198,132.34035407881402,-109.78507795766681,80.76339105770788,0.06680808647847021,0.052288012906075196,0.8298889819977603,-0.5514407682119092
robot3,1401,1722894910124635601,132.2382205681502,-109.50386541272916,79.98399610889686,0.0654973157340822,0.054868074443294106,0.8549577118996569,-0.5116120668063042
robot3,1402,1722894910625462482,132.10656808490722,-109.19318490927533,79.15995756694022,0.06110192907949184,0.05453863150092994,0.8835927461908367,-0.46103790605080003
robot3,1403,1722894911127676350,131.98055919389924,-109.07637409110856,78.45030249106034,0.066307943364904,0.057248972859640646,0.9161716588029343,-0.3910950055415085
robot3,1404,1722894911628799153,131.82705964081944,-108.97382598775411,77.93991634170577,0.06606276406807618,0.05731086647157175,0.9455602111450888,-0.3134757771937385
robot3,1405,1722894912124577241,131.80098747171633,-108.96653656746794,77.16646469264823,0.0689952649960086,0.05613119996955378,0.9640304420280217,-0.25046805912404385
robot3,1406,1722894912626078854,131.86619538991494,-108.86333176841778,76.16450970811333,0.08090389154291268,0.06458556225844439,0.9763593898609183,-0.18975143559770136
robot3,1407,1722894913130470544,131.7987334430335,-108.70512424069321,75.4743172461568,0.07607051489859315,0.06353527300799569,0.9800060741537935,-0.1725243184844734
robot3,1408,1722894913630214767,131.79686381856862,-108.60014864882193,74.68378719224252,0.07576206290301343,0.06160191507136528,0.9747405182700978,-0.20086372476572614
robot3,1409,1722894914126810491,131.7134488771465,-108.42587138321872,74.01681809746037,0.07598640869154277,0.06302203741503895,0.9767020547480654,-0.1905449677769695
robot3,1410,1722894914625700336,131.55481998830967,-108.27970725270258,73.40086655263289,0.08375905523702679,0.06433330551477733,0.9720730077315722,-0.2095703082667911
robot3,1411,1722894915125566078,131.39317566563508,-108.21428774726432,72.75988346047629,0.0775689587876138,0.056669258957962265,0.975632904783083,-0.19726146817431117
robot3,1412,1722894915625543515,131.19467734540666,-108.15231233612793,72.16660660039834,0.07626321236968354,0.06143169270583564,0.9799927674948482,-0.17327505656654887
robot3,1413,1722894916124705057,131.05834216222945,-108.05467437986452,71.52469107541022,0.07469273764024828,0.059542920991472986,0.9819909731764761,-0.16300111687815358
robot3,1414,1722894916627665332,131.10590400831524,-107.96031347336304,70.70022914049002,0.07985752566948359,0.049225516984446216,0.9838175466131578,-0.15265208497635724
robot3,1415,1722894917127916852,131.1303188802793,-107.90690808552023,69.99729826581235,0.08013135482778971,0.050493013789738986,0.9840403285259057,-0.15064545584424235
robot3,1416,1722894917629439460,131.14584728908284,-107.858237610393,69.28656442950461,0.07868637896161551,0.048925692624789456,0.9826634588809923,-0.16058411175187276
robot3,1417,1722894918124867264,131.1206041567784,-107.73717097849003,68.70287629659389,0.07884802637351453,0.050004115975011004,0.982712482700558,-0.15987105262387155
robot3,1418,1722894918627754870,130.81419834014415,-107.56186162580872,68.2357335073056,0.0791689185040794,0.05511599439397059,0.9833957478012063,-0.15371178455591641
robot3,1419,1722894919128603282,130.522599905849,-107.50852757197532,67.6582330586766,0.0791506748372907,0.05849673352835158,0.9843380200712629,-0.14625992301892093
robot3,1420,1722894919625871090,130.29525975338643,-107.45725932989082,66.97796499078841,0.07728817614940416,0.05868798062285648,0.9838177814635817,-0.1506148453306846
robot3,1421,1722894920128415031,130.089593854885,-107.29265857493796,66.29715202213524,0.07626937803225681,0.06370325975164867,0.9825117779356148,-0.1574658149865672
robot3,1422,1722894920628377480,129.88431125649603,-107.10187370138902,65.58331117186776,0.0776167560075668,0.0659273156728602,0.9811639457720142,-0.1641540122937145
robot3,1423,1722894921129319022,129.74383675620422,-106.97498853500743,64.78769644891672,0.08396980792643373,0.0689600049081124,0.9796950770623223,-0.16849672121356365
robot3,1424,1722894921629773307,129.73157028797232,-106.9309541582674,63.87804121161489,0.07902947916895038,0.0620541138189747,0.9781689916917334,-0.1819039638743583
robot3,1425,1722894922127868607,129.5765741116571,-106.72049447169287,63.09106335156626,0.07696138513069282,0.05821801861158969,0.9796882354708464,-0.17577988732424737
robot3,1426,1722894922625908002,129.49681509020343,-106.56397195550477,62.37745077292586,0.06836789629291075,0.06038274473587789,0.9807654915653523,-0.17256536572909534
robot3,1427,1722894923129154724,129.35668116574453,-106.52474461632121,61.52555219767971,0.07468331868743411,0.05715508212036684,0.9805818328587327,-0.1720899984457372
robot3,1428,1722894923625041676,129.2770484124929,-106.49135161179267,60.70789603763448,0.07262992067625652,0.05690204620216528,0.9801421422302137,-0.17552331122940598
robot3,1429,1722894924126382400,129.28188669884452,-106.38230661244394,59.89713774857018,0.0769998650516304,0.05638596096939852,0.9774870859095756,-0.1881771534155893
robot3,1430,1722894924628306983,129.2005206578371,-106.26940539633809,59.13164911737381,0.07688826295894213,0.05872218621080044,0.9775904838049841,-0.18696723199458704
robot3,1431,1722894925127703546,129.1609722304762,-106.25972884281455,58.341318174605526,0.07278834868600745,0.05960957162601468,0.9779297397039081,-0.1865528865195434
robot3,1432,1722894925628495109,129.07487230438653,-106.243625977685,57.615250347598796,0.07450738272072634,0.056649910863527164,0.9787172810973187,-0.18262508371177724
robot3,1433,1722894926128127213,128.8683522231876,-106.20702588132484,56.91584533988485,0.07693317059243375,0.05615997931364826,0.9792781520625684,-0.17872225624976637
robot3,1434,1722894926627647180,128.70455098086697,-105.97776079970643,56.21549378420867,0.07390199803255128,0.05693505139967457,0.9802793119516628,-0.1742106918891252
robot3,1435,1722894927126035356,128.43853735112032,-105.88439263839679,55.453003315203105,0.07643192035886551,0.05473963457517775,0.9808446124646324,-0.17060357603502044
robot3,1436,1722894927629142757,128.32118493871,-105.82750413395257,54.63583321169222,0.07657002725973969,0.05415952309628101,0.9815908140842824,-0.1663828437333061
robot3,1437,1722894928128619139,128.259613399341,-105.87507587548878,53.904081137585706,0.07591705262162744,0.051967789126247825,0.9807418305332828,-0.17228294128206845
robot3,1438,1722894928626404268,128.15795924202084,-105.83491655122529,53.21022556792548,0.07655245916212851,0.05442013350576072,0.9814256534968206,-0.1672777831147471
robot3,1439,1722894929127510077,128.01608144553393,-105.71946144418659,52.516651569574705,0.07997655395688243,0.057044445950816806,0.9814127900985474,-0.1648593868553767
robot3,1440,1722894929626069902,127.93503811014428,-105.63966681017385,51.738747681348805,0.07677706023817966,0.053979780782046974,0.9809640736586636,-0.17000280138546342
robot3,1441,1722894930126263740,127.8875530825309,-105.61501225757672,51.012214756535215,0.07714790287430748,0.055619433903342425,0.9796176872194815,-0.17692898728338013
robot3,1442,1722894930627144386,127.84859834634895,-105.56379484377139,50.327499859592066,0.07449911116007019,0.05141283325342565,0.9798071411391241,-0.1782822738972987
robot3,1443,1722894931130799048,127.8415592316415,-105.54892751547297,49.656405519716145,0.07343079087195811,0.05208906399514202,0.9800495028031941,-0.17719373696392493
robot3,1444,1722894931626182862,127.75169935783327,-105.4329230282985,49.079968397037476,0.07869211108604512,0.05199780811178954,0.9798524806096557,-0.17604799302319618
robot3,1445,1722894932125711075,127.65842026631572,-105.33241866013617,48.580107719141054,0.07907200344912091,0.05265303468019233,0.9798214666404704,-0.17585553650660582
robot3,1446,1722894932628105749,127.49204900193583,-105.18911134262301,48.18414909393719,0.07525061398173953,0.0529604085557346,0.9798618523613216,-0.17720973592898517
robot3,1447,1722894933125394690,127.50993948871454,-105.08882067321485,47.61410312248812,0.07463015809964356,0.05189051314709924,0.9803142453037804,-0.17527605256232914
robot3,1448,1722894933627706533,127.3908964299595,-104.92789686133072,47.170625137785215,0.06337123471101207,0.04862453368900679,0.9793622187657534,-0.18565932723391287
robot3,1449,1722894934127678867,127.2172533248916,-104.73860332245648,46.79619328999553,0.05629626292200282,0.04883382758488409,0.9798307197628223,-0.18541237465038882
robot3,1450,1722894934626212676,127.17294006631218,-104.59416689196755,46.160306316988,0.05860917561308616,0.0468529176654526,0.9794025504412485,-0.18745776278769197
robot3,1451,1722894935128998450,127.13202942070195,-104.51323355433935,45.717071175578944,0.05938540430994024,0.04831759100416373,0.9797634796759433,-0.18493866023032282
robot3,1452,1722894935629081128,127.15867246046626,-104.43257489570686,45.10800806611027,0.05775499958783586,0.046799179118657844,0.9807756323095366,-0.18042548579471163
robot3,1453,1722894936127796072,127.04733879498933,-104.30395807918146,44.63906941721259,0.051127772580571454,0.04410894927989159,0.9808638804462849,-0.1826099655008712
robot3,1454,1722894936626041259,126.95394885532772,-104.14740845276381,44.102573711959735,0.047069248372507096,0.04228462873107293,0.9817084478046257,-0.17956898267728422
robot3,1455,1722894937125425566,126.91002382034095,-104.00487471437846,43.51230079823944,0.04953393655430947,0.04086885914768291,0.9821096242620723,-0.17702206476372315
robot3,1456,1722894937626149145,126.93595366620367,-103.89330033792906,42.91147674890775,0.04992244917118144,0.03854064595513329,0.9825990430441309,-0.1747040019200193
robot3,1457,1722894938128559493,126.97802169000346,-103.76476566904593,42.42228485167332,0.05212247275120994,0.03875409510108562,0.9827464970654042,-0.17317820432396547
robot3,1458,1722894938625946634,126.88063503968785,-103.57275317107319,41.96393206615242,0.05445250895176703,0.03397652578501995,0.9835208817089465,-0.16901832802064382
robot3,1459,1722894939128631265,126.89857010924707,-103.45430630302491,41.38768556838893,0.04922100769440468,0.03379082314727541,0.9834471371262085,-0.1710765943980697
robot3,1460,1722894939628889986,127.03656790215348,-103.42832559974472,40.72873258981754,0.049304233053324646,0.032254299925320924,0.983243604101946,-0.17251309437827156
robot3,1461,1722894940126231222,126.9677035584903,-103.39080832784565,40.258160795460284,0.04987047679505323,0.031710600910693734,0.9828969203401784,-0.17441621862633558
robot3,1462,1722894940627719556,126.85799971657349,-103.2818808612141,39.65440118212813,0.05107970219736777,0.03203360486922667,0.9826430615758152,-0.17543467650216432
robot3,1463,1722894941129937883,126.75333075200447,-103.14799153620467,39.0747349482784,0.05461486503369781,0.030725837217321146,0.9824573029873039,-0.1756439217609267
robot3,1464,1722894941637802874,126.75846955133746,-103.09855581357336,38.45300593747616,0.053939077551971276,0.029975810811769196,0.9826050891825676,-0.1751549753547922
robot3,1465,1722894942129078037,126.7064974412663,-103.0156175745071,37.88427071256519,0.055132838612652654,0.030812556742061105,0.9824826900204077,-0.1753246139701785
robot3,1466,1722894942630054437,126.61165426279399,-102.86058705651169,37.401496542154476,0.04871806681086786,0.029783011342828257,0.9829826922068129,-0.1745982503446432
robot3,1467,1722894943128435333,126.70651832133662,-102.89368640373264,36.793766460156085,0.05218108832948111,0.030336859040361295,0.9827494802719797,-0.17481495367808178
robot3,1468,1722894943628442173,126.77184005482235,-102.9036943085255,36.2531158029186,0.05354034307993023,0.030352511873640374,0.9826030260153188,-0.1752239993590565
robot3,1469,1722894944127417758,126.65344246790482,-102.77882626790476,35.84285112924287,0.046884535568589375,0.028327740489449162,0.9832932394023456,-0.17359085456590645
robot3,1470,1722894944628893013,126.40644299061853,-102.58881778734741,35.560678344551306,0.04910428864741416,0.030729948938092295,0.9832086108319977,-0.17304700708335505
robot3,1471,1722894945128239419,126.26859845381232,-102.41424933251456,35.06581718381471,0.04604796228397922,0.030515435753933746,0.9835078510077191,-0.1722228218222508
robot3,1472,1722894945625766964,126.25129426019166,-102.32040168305868,34.505849558519444,0.04766498111910894,0.03171775751703799,0.9834530028478713,-0.1718785170476819
robot3,1473,1722894946130800517,126.21592050340932,-102.19105135497121,33.95811907233555,0.04852393079435312,0.031026477120802122,0.9836489048485878,-0.1706388521055827
robot3,1474,1722894946628933661,126.15140379203234,-102.0310507882012,33.40587847371337,0.048287060610960955,0.031140222566895845,0.9839001122626675,-0.1692312483129162
robot3,1475,1722894947129917887,126.1257093454104,-101.94115328465097,32.85867531602191,0.05071369777407043,0.03293499052927761,0.9839846009171104,-0.16768336952396823
robot3,1476,1722894947624856035,126.0787302613809,-101.81190373966169,32.31795519498612,0.047511792115312805,0.031189617289078028,0.9832367793903684,-0.17324916460811088
robot3,1477,1722894948126327710,126.02631769274194,-101.67048702876062,31.821425504093828,0.04836418541158804,0.03033099404285416,0.9811079429067942,-0.18484626243190524
robot3,1478,1722894948627092158,125.99979728086261,-101.5526546766741,31.281708468504576,0.04698598789619591,0.03023038278536667,0.9811483755035012,-0.1850035300876973
robot3,1479,1722894949133449567,125.97772008368601,-101.47687237268741,30.80488076969637,0.0491528966021746,0.031959862848115486,0.9807566263875258,-0.18622298386424976
robot3,1480,1722894949627151411,125.91585440153229,-101.38016154841323,30.327825558865005,0.048098397026906325,0.0316466488888617,0.9799641420516407,-0.1906706954687555
robot3,1481,1722894950128457908,125.73043412748717,-101.21657993065514,29.892291216042747,0.04893110521677369,0.030183429111583775,0.9802038086420103,-0.1894602889078032
robot3,1482,1722894950628488045,125.64761607988434,-101.06343827600712,29.363206684349596,0.04640121052990357,0.030855832842570815,0.98045053150851,-0.18871036141566544
robot3,1483,1722894951129338326,125.68248624523754,-101.03269638824797,28.801467004322706,0.05018660243884931,0.030994301749962202,0.9803991159827009,-0.18798465781817325
robot3,1484,1722894951628029539,125.8414178277167,-101.08655552652745,28.23077921208713,0.04863622137082614,0.03040733703724601,0.9805450445788995,-0.1877267359137622
robot3,1485,1722894952128508087,125.63111471843408,-100.91277760065952,27.78020292010498,0.04523525140465082,0.027602525315514166,0.9808711824867649,-0.18730615578133014
robot3,1486,1722894952626442782,125.26644003320487,-100.61112003085877,27.42241564140284,0.03946618902358976,0.02782022620565372,0.9810880401139108,-0.1874425578230989
robot3,1487,1722894953129988833,125.10471158066797,-100.43188724286136,26.88776697163662,0.042039287516219395,0.030473194164953466,0.9809131218071894,-0.1873860459292203
robot3,1488,1722894953628081340,125.17089850642583,-100.37563790486075,26.240879386208864,0.0434040102252554,0.030908254884193437,0.9805565007745242,-0.18886429113307868
robot3,1489,1722894954133548827,125.21420203169505,-100.30519346883194,25.52108735137828,0.04532108200910146,0.0282518593064576,0.9804329266827582,-0.1894705999555967
robot3,1490,1722894954628872161,125.14974171855911,-100.18953638302204,24.889203281696176,0.04504525403414101,0.02589916126821348,0.9803782579231182,-0.190154226685169
robot3,1491,1722894955128995866,125.32017300656798,-100.21051704402359,24.220444477994498,0.04634693425632161,0.026006527902759785,0.9810587272189074,-0.18627773871050873
robot3,1492,1722894955626642895,125.21697806194598,-100.04952303271489,23.716768998894043,0.047854451888120264,0.026064760533798758,0.9826892014991971,-0.1770664083039846
robot3,1493,1722894956126529189,125.06912887172685,-99.78333670472058,23.299868311320807,0.04199195055708317,0.024494346649141335,0.9846854242110058,-0.1674255608234138
robot3,1494,1722894956630511541,124.99620015204533,-99.56556869003174,22.792064850421625,0.0396387879094007,0.025421908639646638,0.9861019475822793,-0.15932809554070088
robot3,1495,1722894957128254166,124.98914310998875,-99.384675184003,22.19513802437581,0.03784946135336576,0.025239369551180422,0.9870898218958645,-0.1535710780372055
robot3,1496,1722894957629643847,125.02260689918387,-99.28401147323946,21.586343916483138,0.032369140384259525,0.020744071946887835,0.9883266795723932,-0.14741877992730268
robot3,1497,1722894958127157368,124.9446294743502,-99.06860195070898,21.01754860517027,0.025313042799955835,0.021369594170933863,0.9868467825596561,-0.15822774112282545
robot3,1498,1722894958626979655,124.89496435356702,-98.80426283361837,20.43998436864503,0.031696420127522294,0.023185251712111502,0.9843673449814622,-0.171693655061254
robot3,1499,1722894959141141556,124.91751629560653,-98.58533865693292,19.850699809612287,0.030428477591568123,0.023646567094181125,0.9825201005034973,-0.18212413273017264
robot3,1500,1722894959628710173,124.81352370132275,-98.3826338456456,19.268028630162007,0.026971679523734082,0.02257524665425445,0.9824548533141886,-0.18315389141802235
robot3,1501,1722894960133020036,124.65379920151213,-98.11339250288593,18.711935475138514,0.02496289178541756,0.021950479492984436,0.9822663594798474,-0.18452053955574915
robot3,1502,1722894960629864044,124.63208892614433,-97.99229410566672,18.087831652939812,0.0266880530071611,0.02174505197858104,0.9794754537793411,-0.1986019536280789
robot3,1503,1722894961129153473,124.627068286277,-97.91280255238182,17.47445873559661,0.0307191043943643,0.022523656291712404,0.9772368741593221,-0.20870340992848777
robot3,1504,1722894961629024382,124.34057230860206,-97.65564159888619,16.966061092867264,0.024706251249606428,0.02021766814545415,0.9771352407625669,-0.21020839256279006
robot3,1505,1722894962128728961,124.2313461382572,-97.5045489797146,16.41430211057491,0.02876607154324712,0.020969547418428703,0.9770501618440544,-0.21001374347775953
robot3,1506,1722894962625374719,124.20447779695773,-97.33704272637478,15.78818537259647,0.03206904784712206,0.021576437631629003,0.9758220032768842,-0.21512194548673047
robot3,1507,1722894963129039562,124.05247041715774,-97.11469898069205,15.206837955587348,0.0313804285131682,0.01993506253387437,0.976165818842001,-0.21381804440370852
robot3,1508,1722894963627252752,123.84637664379737,-96.90803730910662,14.633671300805903,0.03018299801059239,0.020407484367110856,0.9759632324000713,-0.21486807630754073
robot3,1509,1722894964129506699,123.66033245732964,-96.68103370610531,13.960475353699788,0.022669839599767153,0.017355880880439073,0.9749774322182112,-0.22046282778865076
robot3,1510,1722894964633040037,123.41669229632875,-96.47670854652196,13.313985078288892,0.030016219441956194,0.019821322678788503,0.975279060396827,-0.21802957617983387
robot3,1511,1722894965127464620,123.20172539707828,-96.34666970935814,12.522322002509789,0.02700798616004804,0.02090002929268471,0.974091899942997,-0.22355922688313665
robot3,1512,1722894965626871174,123.11260510237845,-96.26501756211844,11.715511221104997,0.022230248032609687,0.022209141255405004,0.974652662802069,-0.2215056590923636
robot3,1513,1722894966128398852,123.03303448487809,-96.07429688300454,10.884183181252972,0.026533847179167628,0.027183775688978524,0.9748218182496206,-0.21972578355229008
robot3,1514,1722894966626190746,122.92947085639751,-95.81486552716983,10.043656411265804,0.02570673408241173,0.03126043787679133,0.9758721854862143,-0.2145586783165091
robot3,1515,1722894967128229124,122.81623495415981,-95.49721612028455,9.27470222387847,0.03256647852281492,0.0331371898995209,0.9732144885473591,-0.2251553028549146
robot3,1516,1722894967627114108,122.64632226480599,-95.25796875742499,8.497204489688519,0.049128342101594294,0.03750286496315998,0.9725387098945946,-0.22438448894355745
robot3,1517,1722894968126490860,122.53127749868402,-94.94821451558478,7.689619922465299,0.04724670886481202,0.03564712785929416,0.9678320268196066,-0.24453670202871208
robot3,1518,1722894968624608814,122.49648965058141,-94.70908264780374,6.82745037059101,0.0446577857827025,0.03320006490499277,0.967258041790473,-0.24761930145073505
robot3,1519,1722894969127905074,122.643501043437,-94.62135657310141,5.971087816343439,0.047922731769353785,0.0324647293662091,0.9687371831063515,-0.24124204275812425
robot3,1520,1722894969626251637,122.81207329328734,-94.56402270994923,5.07985966346426,0.04406427514233673,0.033855515959851264,0.9724156560529009,-0.2265390376038513
robot3,1521,1722894970128357158,122.73126995511886,-94.46388929368612,4.336009681573623,0.044958088940765674,0.03296332156187392,0.9757180911592231,-0.21181689322385197
robot3,1522,1722894970627398161,122.83333066228879,-94.40882514791684,3.5526584221297264,0.048975314156396506,0.03315577103584324,0.9780564406050786,-0.19976914787130062
robot3,1523,1722894971130568612,123.07464589132685,-94.41748380658204,2.7543308696381654,0.05747186527157278,0.034215722084128986,0.9761169047224182,-0.20669314787770152
robot3,1524,1722894971627550279,123.21258071198774,-94.3592917049532,2.0610626767355065,0.04945256346937834,0.03163157806992332,0.976289752801661,-0.20835595938102014
robot3,1525,1722894972126753911,123.01082555938036,-94.14878255242036,1.4839512155609857,0.04883121060000548,0.0297640491044007,0.9820510430974291,-0.179736927211689
robot3,1526,1722894972634893941,122.7117193011741,-93.9129628477646,1.0845485301320332,0.04416135212279071,0.03061063211129812,0.9922940187295464,-0.11164830752859756
robot3,1527,1722894973129009029,122.60788892109301,-93.71861566008307,0.5910564216589489,0.046675254977872456,0.033134842435487526,0.9955160728503097,-0.075307711996998
robot3,1528,1722894973628245717,122.39379774282213,-93.49028705979038,-0.09133998204001575,0.04829500350029976,0.028459262057989595,0.9876417278823447,-0.14636078841546735
robot3,1529,1722894974126826160,122.16347527537755,-93.20741869634429,-0.8833876682550064,0.05109493704046208,0.026672818187564135,0.9857749287967089,-0.15787861772452838
robot3,1530,1722894974628657943,121.99907354328639,-92.94405011490998,-1.7640530015464682,0.049101939355710875,0.02391621913048091,0.9815273910086574,-0.18336028663194565
robot3,1531,1722894975128646253,121.6419121665322,-92.69089775459112,-2.60119793843647,0.05464119433968409,0.022625185932821958,0.9809763078333776,-0.1848997682860435
robot3,1532,1722894975626940601,121.38182112004871,-92.54175817934865,-3.3961709806294405,0.0495441141590049,0.01760687151098105,0.9774029165682483,-0.2047410987361285
robot3,1533,1722894976129527951,121.2211752117174,-92.37588599970381,-4.316110702452883,0.05045085749853643,0.016694491805490777,0.9753425673426789,-0.2142028973903264
robot3,1534,1722894976627306713,121.09199535885729,-92.12352819892868,-5.2385326231211256,0.05246018625924312,0.01724382026558663,0.9745671771259132,-0.21718516705595345
robot3,1535,1722894977128205863,120.89565872075039,-91.86293977932611,-6.091610765249085,0.05281151530480858,0.014371006113314036,0.9756018347027247,-0.21261579941099973
robot3,1536,1722894977626872350,120.72101240166081,-91.60889570415132,-6.934114823503331,0.05186166767898729,0.019600455337543884,0.9764559693177067,-0.2084704524865171
robot3,1537,1722894978128999922,120.67969442577947,-91.37134235224396,-7.849051192729797,0.05075823008283206,0.015998796121961027,0.9782224506149477,-0.20062023256489414
robot3,1538,1722894978626842434,120.68544736127409,-91.19049188666408,-8.780831591554032,0.054539383920642184,0.017971592099613097,0.9792200544839819,-0.19450080301980652
robot3,1539,1722894979126108475,120.65071819163065,-91.01565206823294,-9.718012314390398,0.048383847649299865,0.018036245177553516,0.9756617503395618,-0.21311463129237962
robot3,1540,1722894979627397660,120.61767754653859,-90.8095187052601,-10.598536722391232,0.048951867182198745,0.012594469726309855,0.9711026003180311,-0.2332484376951919
robot3,1541,1722894980131166571,120.46195840609934,-90.5379582270506,-11.469341181876482,0.05710984134856798,0.011270901512481923,0.970979420931442,-0.23197068118165065
robot3,1542,1722894980628879082,120.25434139111344,-90.21971788087605,-12.24938757171982,0.05602923769717116,0.00842939829098311,0.9772120426675477,-0.2045636659650119
robot3,1543,1722894981128029377,120.05313184614415,-89.92382725975767,-13.119271448366694,0.049270198156027616,0.009468464518128177,0.9743897794564573,-0.21919706531824548
robot3,1544,1722894981627668282,120.0222368843522,-89.76060220471383,-14.032288766613783,0.05493785183800738,0.010954584258330693,0.9732239753971405,-0.22292806739246324
robot3,1545,1722894982131016519,119.85537225060786,-89.52646328367747,-14.980948408426613,0.05097951017481597,0.01285169542342599,0.9802072675641299,-0.1908654921182494
robot3,1546,1722894982630465372,119.62534999850008,-89.29829163394395,-15.756263683806983,0.051394280338794285,0.014186361016933234,0.9813729066370065,-0.18456595901841716
robot3,1547,1722894983126601758,119.6733460972741,-89.20435010727887,-16.73580544765287,0.05117942496939635,0.013832610928772311,0.9771116796733703,-0.20601478291758574
robot3,1548,1722894983633682055,119.66278461396027,-89.08278414852069,-17.709998691637725,0.052907570371848144,0.013631628006441432,0.9734606072381922,-0.22223729180920984
robot3,1549,1722894984128589232,119.64277330435529,-88.84011878307551,-18.563848891564298,0.048890554202639214,0.011639265439390069,0.9734579857508788,-0.2232796255542181
robot3,1550,1722894984628282010,119.35365867142302,-88.56286742954879,-19.348231960130548,0.04984500325529519,0.014826067272967017,0.9729204425430802,-0.2252142887595593
robot3,1551,1722894985130011220,119.16501627205825,-88.28369237139596,-20.273830201610423,0.05235829904786017,0.013587475412507032,0.9701915155152612,-0.2362253421098806
robot3,1552,1722894985627740640,119.03439650056292,-88.01627991466161,-21.13623317766997,0.053036831113613375,0.01843913510440821,0.9715543907825943,-0.23006337951331884
robot3,1553,1722894986132862957,118.94905437427583,-87.82711693857138,-22.017105842568775,0.05332822639589506,0.01779927954994562,0.9718785173739016,-0.22867320215556075
robot3,1554,1722894986631100965,118.8486049091808,-87.6119890967308,-22.916822061196235,0.05425798931954561,0.01785654457587279,0.9722649783949214,-0.22679952865368283
robot3,1555,1722894987130242236,118.69306768266081,-87.41615597851579,-23.843971977043772,0.04617214286234843,0.015535838469863448,0.9731217965499007,-0.22507940826746206
robot3,1556,1722894987627102559,118.56274985931486,-87.23763708699686,-24.755142893144413,0.0442637390947841,0.01627265711584464,0.9732662267597079,-0.22478606246976218
robot3,1557,1722894988129191039,118.4994200111963,-87.08654069725554,-25.714108626923146,0.04708781464820825,0.01643215443888968,0.9737546772045078,-0.2220687970753596
robot3,1558,1722894988631671020,118.39628889611134,-86.93847879544822,-26.655711887642873,0.045498155864120204,0.016822665764958205,0.9744920475704046,-0.21911678381987282
robot3,1559,1722894989134748171,118.27916090961247,-86.85916121285416,-27.59169412733843,0.04353307311425274,0.01852527270135949,0.9753060467437309,-0.21573085315198853
robot3,1560,1722894989631977075,118.16975117997337,-86.74475621165325,-28.517618429223553,0.04621224885184196,0.018001024933430212,0.9760627543638093,-0.21175903924304063
robot3,1561,1722894990127946055,117.94716048215263,-86.57445698002977,-29.417607920500174,0.04476856883233586,0.01831608554360366,0.9754452783479735,-0.21486462064218123
robot3,1562,1722894990634036387,117.8394781598419,-86.42387946968647,-30.380770293977967,0.03744662772846434,0.01451188147125165,0.9751358994738616,-0.21793836955715976
robot3,1563,1722894991129078869,117.85233008290044,-86.26009494886009,-31.314494903824713,0.04347291272961084,0.018068726781918756,0.9749367704973636,-0.21744406292988294
robot3,1564,1722894991627237374,118.05404291842754,-86.2343894627049,-32.157760136923805,0.0477748683889386,0.01950836798117985,0.9749740940836198,-0.2162463904784432
robot3,1565,1722894992128599678,118.07526118693985,-86.09165940902884,-32.97788266413458,0.03957828675849004,0.01711408743942473,0.9755968839722703,-0.21529372311327402
robot3,1566,1722894992627635714,118.09665387745324,-85.99290319136742,-33.76934735359195,0.04416186851648082,0.016862745598663943,0.9757392208406004,-0.21377172426068353
robot3,1567,1722894993130825239,118.03271170863333,-85.74316812269814,-34.43609603262742,0.04208968373852219,0.015352848663097867,0.9760734288306822,-0.21277549222463224
robot3,1568,1722894993627262144,117.99338020901911,-85.59482297278677,-35.034792779324476,0.04630982266385725,0.017603211218246952,0.9760972124200636,-0.21161228505318155
robot3,1569,1722894994130038654,117.92350552012661,-85.42854798755712,-35.58907725178487,0.04686912290903993,0.01756917359470213,0.9762063060336178,-0.21098781366973612
robot3,1570,1722894994629104686,117.75526284463066,-85.22916600398166,-36.17281443881653,0.04350539035225989,0.013614207257488556,0.9768215055469799,-0.20914511869029903
robot3,1571,1722894995131008395,117.58359441108755,-84.96388731965096,-36.82278678093616,0.04072186069730764,0.013614028449850171,0.9769759932025669,-0.20898396349139703
robot3,1572,1722894995630726529,117.37991533127835,-84.66872493149852,-37.44380409882593,0.04436357450428234,0.0133294921138688,0.9767153790258118,-0.20947855802361698
robot3,1573,1722894996132652374,117.17949814625997,-84.35496235269375,-38.201537834915854,0.04686257764158713,0.01462130072175495,0.9766779555623115,-0.20902221772006352
robot3,1574,1722894996631866757,116.88559848658329,-84.0056817378035,-38.933165891474474,0.03929605527314571,0.012363828717439235,0.9775565226914925,-0.2066063908080604
robot3,1575,1722894997126900113,116.68265039268616,-83.69434424667337,-39.67867649923645,0.036660574459247204,0.011752239447584906,0.9782497687385906,-0.20382658587921915
robot3,1576,1722894997627636195,116.73786558330656,-83.5335074754866,-40.45500360074981,0.04173795344380776,0.013181572131516599,0.9784428987881468,-0.2018258734887879
robot3,1577,1722894998128686645,116.77454678363603,-83.43287209010721,-41.20302511354938,0.04428133091288019,0.013479137441079892,0.9788670917340285,-0.1991900933947103
robot3,1578,1722894998631657973,116.72669190313529,-83.30795881323458,-41.807355354378664,0.040720958651846044,0.013523713383763099,0.9793542570369349,-0.1975453161338477
robot3,1579,1722894999128533300,116.6436119971796,-83.19612469585198,-42.40530881607162,0.03897245484683631,0.015557527233379349,0.9797090182812954,-0.19598303653095636
robot3,1580,1722894999629102049,116.56171483705124,-83.06598793546821,-43.055507448458066,0.025938061524211038,0.012885612513798628,0.9805235158235224,-0.19425450540872688
robot3,1581,1722895000131805891,116.33840202071836,-82.84773779941261,-43.63075661327994,0.03237846226843941,0.008966172884557082,0.9809934464912552,-0.19111017991238552
robot3,1582,1722895000630349144,116.15453020326916,-82.65427166506969,-44.17850204089729,0.03197104281091292,0.008371101781254425,0.9793191907064844,-0.19960385715348056
robot3,1583,1722895001125835335,116.03436546451381,-82.4485588050586,-44.812937693923885,0.03244705225972862,0.009184600449298147,0.9782794496257853,-0.20452909415071402
robot3,1584,1722895001628808631,115.83556570379324,-82.1418303977866,-45.510901285499344,0.033090456616421404,0.009275636987352386,0.9786342949764281,-0.2027163065354765
robot3,1585,1722895002126937279,115.72862288481033,-81.92797269724151,-46.200529563672035,0.036495044866577286,0.011061265603128579,0.9787191190044511,-0.20162997346276393
robot3,1586,1722895002629839466,115.77234579708023,-81.8033212691337,-46.95556515106259,0.03433250363448962,0.010839700102785366,0.9789256381145197,-0.20101834527711557
robot3,1587,1722895003132622911,115.79140984445642,-81.67215401387129,-47.71125467517626,0.03310713607771321,0.012594795367561525,0.9790510887364404,-0.2005099855727181
robot3,1588,1722895003630869946,115.58700042793303,-81.39477529064291,-48.30978625160977,0.03407042492089958,0.013473474157306264,0.9790585839649534,-0.20025473978006625
robot3,1589,1722895004125414717,115.4343378993886,-81.13184437824299,-48.960091168209345,0.02806444229916755,0.014250075662174474,0.9793214290870474,-0.19984709393174122
robot3,1590,1722895004628408169,115.36080754624057,-80.86674736938112,-49.67595819328215,0.030117860366795215,0.014038467043228354,0.9797483970614155,-0.1974561074912331
robot3,1591,1722895005132422402,115.25660817615616,-80.61128136019815,-50.300811789647504,0.03024812822749287,0.015278751964066814,0.9808668367460974,-0.19170774384165706
robot3,1592,1722895005627062035,115.36415690899929,-80.57189927592606,-51.00393365187757,0.033296387962455064,0.015612424361570482,0.982839445449763,-0.18076013725987913
robot3,1593,1722895006129256597,115.36030970827515,-80.46840700205853,-51.669483698008214,0.03326053548497002,0.014445629638825173,0.9855981400375255,-0.16517072052322485
robot3,1594,1722895006630977134,115.24770739587743,-80.28331680121367,-52.138524258612755,0.031231366116339383,0.014665804126930408,0.9879054466377936,-0.15116991917441505
robot3,1595,1722895007127824333,115.14754066794106,-80.1446064539191,-52.67184723730859,0.02597878072918079,0.012363448887595033,0.9892684860927273,-0.14324842235512572
robot3,1596,1722895007632153930,115.022806597308,-80.0038705379926,-53.14560116756784,0.02771137656801545,0.012137982785732164,0.9903369045323597,-0.13534239728873904
robot3,1597,1722895008127999053,114.8676824445621,-79.85837737327711,-53.58563375177935,0.0307625974819067,0.01098115164550648,0.9890958681412952,-0.1436051549580378
robot3,1598,1722895008628858497,114.72923530542721,-79.77399458498351,-54.10972666910898,0.03187035585116864,0.009277934451525097,0.9886878408820521,-0.14626877193105606
robot3,1599,1722895009128734277,114.55771099571963,-79.64549371986261,-54.54064740831075,0.03161603156667619,0.006443274113162317,0.987650604498735,-0.15331403784376962
robot3,1600,1722895009628015938,114.41259575645951,-79.47609333601291,-54.88574436859107,0.02743116930226047,0.006724943303601583,0.9873465129143653,-0.1560422043042106
robot3,1601,1722895010129166517,114.2022443367477,-79.26823418243,-55.23267513388066,0.028365712886866935,0.006572925636478131,0.987028815667059,-0.1578806512017224
robot3,1602,1722895010629233414,114.06177544261656,-79.08235372869507,-55.588933773237535,0.028674109347438755,0.00685952997750591,0.9867369462511645,-0.15962750766877687
robot3,1603,1722895011128053365,113.88836228305651,-78.80833112919032,-56.0522103140643,0.028276624918698777,0.006599427137091613,0.9864891200175523,-0.1612330491297142
robot3,1604,1722895011626204579,113.58287526279506,-78.49902395349972,-56.439483799539666,0.03091727463235309,0.006629830595116616,0.9861999939435913,-0.16251073632609073
robot3,1605,1722895012128426993,113.4096087525568,-78.2558621925564,-56.91992484175521,0.03107679237301274,0.005628015800901341,0.9856490940496695,-0.1658264810367005
robot3,1606,1722895012631445540,113.2573650539255,-77.97447520566284,-57.47926586466543,0.030121756159965304,0.0022346014058572984,0.98529734560403,-0.16815715003546286
robot3,1607,1722895013126838711,113.16370456562247,-77.66077382340004,-58.056471046283804,0.030236500810451445,-0.00023843007772437572,0.9848818322052612,-0.17056809127690112
robot3,1608,1722895013626681121,113.14409721331008,-77.43093722273264,-58.6999940120879,0.03104270875812796,-0.001870804886489968,0.9841748845736328,-0.17444955401637227
robot3,1609,1722895014130441683,113.05230206082852,-77.15859629410029,-59.31413733900391,0.03213264266819373,-0.003712451942786388,0.9881163314602497,-0.1502658526654295
robot3,1610,1722895014628445542,112.91591033122701,-76.9177383521589,-59.78442620869473,0.03072598170225735,-0.002440778504483629,0.991366544836473,-0.12744540175195693
robot3,1611,1722895015130310845,112.81112448897277,-76.73778481326937,-60.149851512278644,0.03239105187056586,-0.00042096767381470234,0.9986373622867963,-0.04091529285983397
robot3,1612,1722895015627298337,112.55735576198364,-76.49863159302369,-60.52844682299104,0.028804663602284855,0.0006807383202611772,0.9991929958180884,-0.027985443683672468
robot3,1613,1722895016129607849,112.2280198781474,-76.20978547115848,-60.810804092044684,0.030320570543297613,0.002892025312972483,0.9986773348257574,0.0414231830843568
robot3,1614,1722895016634934593,111.94211165034655,-75.8787347361011,-61.264034704130985,0.027083893593558794,0.0024036750127195794,0.9996085516929292,0.006590025539439441
robot3,1615,1722895017127122628,111.6710025600224,-75.56005599114056,-61.86462259491783,0.028337721945266094,-0.0015678972865235028,0.9995970494483645,0.000503931717365262
robot3,1616,1722895017627243663,111.21707082045002,-75.14686706428905,-62.47260394504035,0.027532077907154916,-0.0036105269752260086,0.9991028476502821,-0.03197575015809051
robot3,1617,1722895018131108101,110.79713672691275,-74.7347537446033,-63.12266588984385,0.023381586918021207,-0.003434843816498633,0.9991197076328264,-0.034659963370534584
robot3,1618,1722895018627298773,110.4949427826047,-74.3965919250842,-63.83175127800372,0.02629937625671412,-0.0012536702007599622,0.9982674447769471,-0.05262014650341215
robot3,1619,1722895019129754508,110.20743235078547,-74.08097320396273,-64.41153720157244,0.024197825550963618,-0.0009626879205428015,0.9973119691170864,-0.06915471586502525
robot3,1620,1722895019629094546,110.05024109336902,-73.85839074502255,-65.00481950763827,0.026727407085199682,-0.0009592017340910939,0.9965918738324286,-0.07803436841356394
robot3,1621,1722895020128480467,109.73076981636504,-73.51239090113127,-65.46454152740162,0.02436499647284247,-0.0005452242519466202,0.9961205355778971,-0.0845572485207333
robot3,1622,1722895020629569188,109.42064138370115,-73.19445010510414,-65.92976903013017,0.02132149866309584,-0.0018517033264576403,0.9944820867711958,-0.1027002628076406
robot3,1623,1722895021126553075,109.16469172311425,-72.89623085946671,-66.39629922097522,0.023071489809678217,-0.0012383053537078175,0.9934381985649156,-0.11201213590458868
robot3,1624,1722895021631120277,108.81904910537368,-72.51559225277913,-66.79056635083258,0.02393246086773069,-7.901050879066166e-05,0.9922630003139196,-0.12182515865851619
robot3,1625,1722895022127641677,108.71758488602558,-72.28680345729927,-67.32142003600191,0.0246731200899024,-0.0005617016789558847,0.9898217998925406,-0.14015607761971868
robot3,1626,1722895022628569843,108.61585418857446,-71.99024122295606,-67.86379230131296,0.024483855701124425,-0.002315877626372172,0.9886970155800187,-0.14789654797861396
robot3,1627,1722895023128935839,108.38921773691149,-71.65672922274156,-68.26207412097524,0.022607211801650033,-0.0013942083422906727,0.9866846476713478,-0.16106016331583003
robot3,1628,1722895023625500407,108.13011206678043,-71.30159709575581,-68.58717849314343,0.02137689360284859,-0.0015667829413779366,0.9849294228450575,-0.171623441362796
robot3,1629,1722895024129139059,107.93528913564104,-70.97108821525799,-69.09784406400448,0.01967082398354659,0.0011143071669672067,0.9833410663949638,-0.18069909835016174
robot3,1630,1722895024627421885,107.87513632383227,-70.80161999692332,-69.57835967808926,0.016443845236290337,0.0004819919618495858,0.9815765479151436,-0.19035978624852315
robot3,1631,1722895025131437021,107.99937429182803,-70.73257297516295,-70.11959346483528,0.013654860782337495,0.0008534432794587685,0.9741789193797517,-0.22536248456139052
robot3,1632,1722895025630187635,108.1630217400373,-70.75173352427937,-70.5498107885358,0.01175589002435502,0.0005519209186027804,0.9650372536229752,-0.2618484171288042
robot3,1633,1722895026128461218,108.226226757842,-70.69087474412832,-70.89871446667759,0.01041426906432373,0.0002855298528076602,0.9493980396062902,-0.31390257065575594
robot3,1634,1722895026629989639,108.08076399082736,-70.46201372349691,-71.34173819409109,0.006505059082723899,-0.0007657852737845191,0.8948142129092035,-0.44639066091813284
robot3,1635,1722895027127099862,108.0076365274631,-70.37713513980718,-71.49695392166288,0.0043374930421411695,0.0007556604248454671,0.8461283503337376,-0.532961002225247
robot3,1636,1722895027630680894,107.89511433772913,-70.26492854502405,-71.36797101126503,0.006510958983442623,0.0021905174900302424,0.8850418150399294,-0.4654608411854528
robot3,1637,1722895028132635880,107.6355747142688,-70.06867609579909,-71.16896882546772,0.002807649799255672,0.0017209465120506969,0.9450123438713687,-0.3270180811154781
robot3,1638,1722895028629887558,107.50402070455402,-69.872978039041,-71.25253330818687,-0.007851103000265449,0.003980419230356536,0.9573709212738755,-0.28872726844487795
robot3,1639,1722895029130698923,107.41187987868585,-69.74672077934257,-71.3098384230154,-0.009983761664530275,0.0046165571831649176,0.9832203242494691,-0.18209010375517154
robot3,1640,1722895029629667425,107.44979660942349,-69.73239777580017,-71.48179511940745,-0.011286883824988816,0.0019765529659769394,0.9933485990764671,-0.11457425629134127
robot3,1641,1722895030129214289,107.30049151096723,-69.55025861466319,-71.4466732351728,-0.015846304758690043,-0.004731206086500455,0.9998351789398616,0.007491679968908329
robot3,1642,1722895030630401144,107.08473593319255,-69.3643433958601,-71.34323293449492,-0.01836546734515318,-0.009554052615559855,0.993426336144009,0.11258571997950555
robot3,1643,1722895031128750922,106.77839979924858,-69.07477567208096,-71.31886446659288,-0.013878978823082793,-0.005401884235340198,0.9939525685110013,0.10879561178613535
robot3,1644,1722895031630795358,106.4901921117906,-68.80913686609351,-71.34924940200663,-0.0027545452554660855,-0.0017449187018932124,0.9898020094549209,0.14241260414078522
robot3,1645,1722895032130541635,106.14341228863948,-68.47520023361768,-71.47464905902324,0.0013986416206717342,0.004738066176018242,0.991843039550513,0.12736946033381874
robot3,1646,1722895032629751298,105.81880493716478,-68.18466527123485,-71.51172451500904,-0.004585182165095654,0.00687838243241346,0.9924741309415301,0.12217513401458098
robot3,1647,1722895033130896645,105.52829041152332,-67.86094944986637,-71.56379587214253,-0.00824080432454378,0.01045694679077303,0.9926688227344309,0.12013055306181886
robot3,1648,1722895033629013465,105.35714165139615,-67.66071438256334,-71.59450966642643,-0.006639896578043757,0.014725148609279115,0.992530015637043,0.12092662995138324
robot3,1649,1722895034125738725,105.10113513947385,-67.4488900050847,-71.50734316385012,0.004077889652195581,0.013013874374850229,0.9924620320060308,0.12179131708049035
robot3,1650,1722895034629316207,104.6929491237186,-67.16922566123937,-71.3621150971348,0.049134296846552745,-0.006081836603944266,0.9906099129560131,0.12743952483510773
robot3,1651,1722895035129920292,104.3942409631053,-66.87614616172391,-71.33935054936379,0.07100984642441234,-0.01800953047152195,0.9891115443802031,0.12763859642281514
robot3,1652,1722895035630678025,103.87153327464581,-66.50331581291437,-71.15786312075974,0.04929286560641256,-0.006190919955098971,0.9899141148107113,0.13267226993212913
robot3,1653,1722895036129978042,103.37155763356161,-66.13258011592112,-71.07278909288999,0.04554258113005749,-0.0034937377448314684,0.9927979716259211,0.1107513188907434
robot3,1654,1722895036629622233,102.84737324576352,-65.74719643891912,-71.14135148470827,0.044442656166846756,-0.006471037163509601,0.9941322415776044,0.09840763307158303
robot3,1655,1722895037132840787,102.50180956226997,-65.47841170282358,-71.2877561268925,0.05037744674316153,-0.006578954404911644,0.9944956980142325,0.09163589280277867
robot3,1656,1722895037630809697,102.25707505072509,-65.25828145477628,-71.36156632478902,0.047924252625096336,-0.004161161849113275,0.9950500237193767,0.08695631684046545
robot3,1657,1722895038128437531,102.01573832488529,-65.16254029389786,-71.38178338488332,0.04061736795877182,-0.001770841324125516,0.9963236212753953,0.07540779289827394
robot3,1658,1722895038627058229,101.88828648720283,-65.13378273726208,-71.36740630874351,0.03630983056925361,-0.0005095705933527836,0.9973819972566464,0.06253389553022715
robot3,1659,1722895039130474633,101.8944822714815,-65.19835406143115,-71.36613630068531,0.03571556870589708,-0.0003260832715325515,0.998582961062763,0.03945075026965378
robot3,1660,1722895039629427999,101.87066292420228,-65.25784728739043,-71.29678693306172,0.03499502688206056,-0.0003687730026261089,0.9992926070210766,0.013765814651395614
robot3,1661,1722895040128433106,101.64722107117149,-65.17159409729481,-71.19130464896413,0.021929868084960363,0.000679066641816753,0.9989762647826431,-0.03956061368571872
robot3,1662,1722895040631144295,101.40627638032089,-65.01266399170343,-71.23703268388799,0.014153533960880099,0.0011238760199181739,0.994409346961892,-0.10463491316923622
robot3,1663,1722895041126649721,101.219069592332,-64.83258859905338,-71.35702273906803,0.013242273653679162,0.0018682033322155941,0.988934509461381,-0.14774873265503333
robot3,1664,1722895041631515185,100.77815929363445,-64.46002337560276,-71.39004601735353,0.007658688547825749,0.0030473623992656696,0.9877721891212276,-0.15568609594563243
robot3,1665,1722895042128574529,100.15621186645744,-63.91257993436763,-71.45637846470966,-0.0011694901161280538,0.0021415000258167526,0.98709620070793,-0.1601097649066961
robot3,1666,1722895042627858843,99.60658788661124,-63.43633055082713,-71.51844405968735,-0.0006411050976317399,-0.0019396806511212201,0.9924713677093341,-0.12245983382476539
robot3,1667,1722895043129155704,99.0280553753746,-63.00418742610433,-71.42317951843333,0.025647172857392944,-0.004701282691896933,0.9978366915158157,-0.06034946172290754
robot3,1668,1722895043630211068,98.48180822911256,-62.598226325366866,-71.37148400636211,0.03238771892771416,-0.016334618842220386,0.9982139329303463,-0.0474674624734553
robot3,1669,1722895044130897632,97.89699279039228,-62.155689605635516,-71.31231733887658,0.03293496411471975,-0.012307287069400083,0.9989237140410423,-0.030252807311117274
robot3,1670,1722895044629529655,97.3484173714799,-61.664347772965264,-71.25728553992788,0.01073303924467656,-0.010136796252648008,0.9997729048275351,-0.01536834418591637
robot3,1671,1722895045130491084,96.87175316676229,-61.227834945874406,-71.20357377501713,0.0013049672163940962,-0.01084642219444343,0.9999399264486492,0.0008920089765351744
robot3,1672,1722895045630601658,96.31512089842158,-60.74689897375156,-71.11035278522911,0.0015311490846826256,-0.009956543871039152,0.9998484211957356,0.014200614388808068
robot3,1673,1722895046128648002,95.79076746119128,-60.3622040766797,-70.87838455730692,0.003867763261264824,-0.00938230006347166,0.9982261164280202,0.05866543559802877
robot3,1674,1722895046630940402,95.3651837317734,-59.924066458018466,-70.69780565984391,0.0025860336072308526,-0.0059419378113193064,0.9968910240662165,0.07852574062967302
robot3,1675,1722895047129306182,94.95143938837914,-59.64024196920478,-70.58577142472741,-0.002218334423100199,-0.0026927930363084794,0.9984547145682858,0.055461795989797315
robot3,1676,1722895047628986848,94.66945287035847,-59.47560751694607,-70.62925655705136,0.01812002125007743,0.003350982536287459,0.9992324863888746,0.03456694795676347
robot3,1677,1722895048132059246,94.46021467970684,-59.30907606438525,-70.70745611442761,0.03124585837476542,-0.01672662190256333,0.9990636150617809,0.024815509542186663
robot3,1678,1722895048631934468,94.4249681535265,-59.3265096085588,-70.69022523017698,0.03152947747451474,-0.01749415627210365,0.9993488098745467,0.0013426648273141546
robot3,1679,1722895049130070855,94.16730300107992,-59.24182849794192,-70.68139075192839,0.02642940019128923,-0.008585186611585712,0.9976297449898791,-0.06294976797257877
robot3,1680,1722895049630673739,93.81266386550529,-59.05026944655175,-70.67236598165405,0.024006038531690352,-0.009986946576654006,0.9897803693837733,-0.14020981204827046
robot3,1681,1722895050135917054,93.30889554641168,-58.728164332001974,-70.78445078028972,0.004313927946367966,-0.019150357767336968,0.9831633506020343,-0.18167135122533198
robot3,1682,1722895050628709994,92.59141253642923,-58.331129485477994,-70.9949263019726,0.03724296866568155,-0.02597594181398525,0.982529382994739,-0.18048330472323737
robot3,1683,1722895051131815428,91.76073939864013,-57.807898585777174,-70.94384425113618,0.027008501193438478,-0.029622264444850995,0.9967798087438803,-0.06944836350092733
robot3,1684,1722895051629305756,91.04726879997986,-57.40436200346893,-70.52154538088115,0.024536437782456184,-0.025314463554459755,0.9975512543996466,0.06040394028197983
robot3,1685,1722895052127621109,90.43470908106588,-57.12302450428112,-70.23450199329915,0.023700124479390513,-0.02565282511901743,0.9963364103905711,0.07806403777096059
robot3,1686,1722895052630770647,89.73584587053283,-56.67297506916477,-69.96834439281828,0.009834996249020098,-0.033073572128275004,0.994502987732511,0.0988595926886534
robot3,1687,1722895053131220053,89.31054401272411,-56.34969058060524,-69.70238532178006,0.013268564492794411,-0.03793707069227862,0.9857706191416136,0.16322074102499798
robot3,1688,1722895053632976678,88.97080419933421,-56.24293042153613,-69.44949157564201,0.021680848128294423,-0.03819549153296647,0.9724061642317284,0.22912288627531247
robot3,1689,1722895054128014806,88.48531640633686,-55.99298790377142,-69.15472550597568,0.005849005786822259,-0.029341446617427294,0.9676160637915221,0.25064720571812354
robot3,1690,1722895054627999602,88.13080539943938,-55.70537173534496,-69.01980019987577,0.016141667417321245,-0.01785943535122015,0.9661834933634249,0.2567293210639818
robot3,1691,1722895055129890814,87.79293352537005,-55.57444175832576,-68.7880676059204,0.0207988294499152,-0.018143565107994086,0.9614300614188048,0.27366120795413923
robot3,1692,1722895055629646052,87.4731258043772,-55.34031565170683,-68.19431710168381,0.022104950271997534,-0.01822663971626106,0.9592255999968682,0.28118571992328223
robot3,1693,1722895056128398508,86.86954515084525,-54.95622374097588,-67.74987861547159,0.027541959156818428,-0.01711452231846322,0.9752630342847239,0.21865623148990834
robot3,1694,1722895056632560972,86.21388666576935,-54.32619828589019,-67.50450820330458,0.015251661820245774,-0.019335090477646394,0.9942988632164941,0.10374638159632169
robot3,1695,1722895057129221879,85.42069581652808,-53.73004065841399,-67.09292012495752,0.025456864456338206,-0.026448461247547198,0.9938618663878781,0.10436003780035719
robot3,1696,1722895057627938550,84.72882207436932,-53.28038288575941,-66.74107917408134,0.030464290847344342,-0.02441559048037401,0.992917877425415,0.11220469960599408
robot3,1697,1722895058131305100,84.20761029479955,-52.833364962515006,-66.59839475604926,0.017983216122486222,-0.0216355149462364,0.9926539220646534,0.11767199939052668
robot3,1698,1722895058631804261,83.92238346020845,-52.490061012108725,-66.74817304803923,0.026102223624544382,-0.03758105749716233,0.9896544408679794,0.13597950474073814
robot3,1699,1722895059130812143,83.43561230961213,-52.25650386191561,-66.50343770047462,0.02043187174913338,-0.04238252740801658,0.9946293689153732,0.09218827733688198
robot3,1700,1722895059629730673,82.67185165602686,-51.86364231333143,-66.20297581862225,0.023035228482560736,-0.046530608019904364,0.9928032373746967,0.10791669298294766
robot3,1701,1722895060130002137,81.86542447602412,-51.455580081104586,-65.81663639046793,0.02629973439502998,-0.050203898671873096,0.9923028114686384,0.11010459972376709
robot3,1702,1722895060637255464,81.11896004565034,-50.99888108954924,-65.6015903248861,0.017359454618855998,-0.047875238755107435,0.9950577596304883,0.08524474088546985
robot3,1703,1722895061130395161,80.4541458848301,-50.55627097274703,-65.38590017383723,0.015956431295846875,-0.049809197789868385,0.9943104233415998,0.09279664945502715
robot3,1704,1722895061627024857,79.69792481495396,-50.13352263298293,-65.14206449138662,0.01751190486593588,-0.0487148901146326,0.9934247263233059,0.10211515949432012
robot3,1705,1722895062132523769,78.95667236109121,-49.641398778575876,-64.93468636320371,0.01777496977237119,-0.04867845909361303,0.9920279886048369,0.11486917730402875
robot3,1706,1722895062634984759,78.27963203004397,-49.214795240396214,-64.85310375917456,0.020118866783528533,-0.04685430818465919,0.991625926918818,0.1186504364352646
robot3,1707,1722895063130824424,77.55564034361514,-48.7767964313162,-64.61162639701409,0.01924425788456742,-0.045339740912084044,0.9909327325636368,0.1250051437600119
robot3,1708,1722895063629431836,76.66678628906033,-48.26304477554461,-64.22791550332748,0.02705100745137171,-0.049986159432349825,0.9891630952512105,0.13537354931490145
robot3,1709,1722895064128705314,75.9693321771165,-47.79173342178226,-64.07890707480347,0.0204071947560086,-0.0523311150701502,0.9892765487252421,0.1348217747249261
robot3,1710,1722895064632419304,75.17674075258645,-47.27279165447841,-63.90010615907019,0.01853890880486268,-0.05075964020190709,0.9898232446695009,0.13164236437727536
robot3,1711,1722895065129373765,74.28421319107822,-47.01784309750727,-63.718955008090454,0.019395141067656208,-0.05232124235160379,0.9923871353272244,0.10979111866984312
robot3,1712,1722895065632608301,73.72455635539511,-46.68885981569978,-63.62956807481017,0.015462025537943394,-0.05241909942286821,0.9929801733232441,0.10489775578581015
robot3,1713,1722895066133894652,72.98980381769746,-46.21662082576517,-63.438944955642015,0.017776622091469227,-0.050535751944422155,0.9914295442144739,0.11915363335253032
robot3,1714,1722895066629746709,72.19210260430094,-45.754250892409125,-63.10123317376784,0.018858525824658,-0.050622755128375524,0.9910162886793632,0.12234544633583337
robot3,1715,1722895067131219781,71.24790663780917,-45.304899523514884,-62.84757865402334,0.013936360092036361,-0.05064066849443257,0.9922638259132336,0.11248911212136992
robot3,1716,1722895067632860834,70.48812199173474,-44.760004551129015,-62.724646024762116,0.012176343057757402,-0.05210479267657919,0.9929291265945268,0.1059649791681233
robot3,1717,1722895068131876481,69.75390303263055,-44.226464504609005,-62.52728393655805,0.011918031062218544,-0.05402031378318073,0.9944306117322991,0.08970799676780296
robot3,1718,1722895068632377984,69.09297002673665,-43.746679358849555,-62.34798061637415,0.01491727266963798,-0.05207285760533947,0.9940061442123533,0.09496145399584019
robot3,1719,1722895069128729174,68.44733814359941,-43.27761293243989,-62.12738568892069,0.014147689243193918,-0.04712022038059214,0.9929095465427088,0.1082134931730561
robot3,1720,1722895069631042192,67.81072018388694,-42.82534287425459,-61.9731367338511,0.012562467314611761,-0.045319685127529166,0.9917828922330252,0.11897480921945744
robot3,1721,1722895070132656691,67.25868373501436,-42.43944477487366,-61.79529157935986,0.014578484909265716,-0.04529885071451486,0.9912997058794568,0.12272071962385532
robot3,1722,1722895070630210256,66.77628250018446,-42.09178971194725,-61.77414144743092,0.013933162746189012,-0.046358772267050256,0.9902153555599955,0.13088269871519187
robot3,1723,1722895071132712502,66.28407349863352,-41.7390141270974,-61.67338696228955,0.008125155353010111,-0.04880745237719256,0.9878986707962978,0.14699670296250072
robot3,1724,1722895071628341817,65.75217788206652,-41.444157520844534,-61.5451774141967,0.004947551119223308,-0.04361079901156492,0.990040517518893,0.1337661901170032
robot3,1725,1722895072130064111,65.23223168552427,-41.0979202645041,-61.561010339135,0.005756251505576964,-0.04208748763285125,0.9921497801947557,0.11761939726446885
robot3,1726,1722895072628765169,64.63501443807574,-40.80627211374355,-61.45191384761156,0.009321935757110602,-0.040004324855091165,0.9949050010466675,0.09206950851915818
robot3,1727,1722895073132720191,63.89451363988467,-40.40818692598963,-61.26089450181214,0.007870204430959237,-0.04105181764638755,0.996338513084404,0.07458133476213419
robot3,1728,1722895073629648572,63.126793999803375,-39.88316415796858,-61.180457262207916,0.010415245232195986,-0.04435195152659676,0.9980000234420747,0.04382214362801019
robot3,1729,1722895074131245105,62.47800676265259,-39.36122476952989,-61.32551761558421,0.01065985887877735,-0.04538527092411688,0.9986822497136405,-0.02145480595882147
robot3,1730,1722895074635935692,61.83732321933776,-38.757626808415225,-61.59483409266024,0.005130630250723033,-0.04954973785489746,0.9961480243980297,-0.07216379701514988
robot3,1731,1722895075134450337,61.16799502076774,-38.14583354792723,-61.74113801418865,-0.005871263967333028,-0.05008427302906668,0.9948252546033545,-0.08820321228813992
robot3,1732,1722895075637699188,60.6620724358238,-37.756988377671014,-61.88243853596823,0.0014846849379468923,-0.04790185649709442,0.9986698705019175,-0.0190183492041252
robot3,1733,1722895076132322656,60.266421139207836,-37.38805184373281,-61.86254569207478,0.0017185544093658892,-0.04420302403485725,0.9986307875596738,0.02792291845172381
robot3,1734,1722895076631017302,59.654285099731545,-36.883035863719705,-61.734192610296006,-0.004658517042920066,-0.0379864121565837,0.9974874167830645,0.05961697803377788
robot3,1735,1722895077134095087,59.145357097062806,-36.48377303153729,-61.6857106597395,0.00107077565443436,-0.03623909713184435,0.9964868999616276,0.07549463214978777
robot3,1736,1722895077630044150,58.53531613932005,-35.98194697594638,-61.63051458403528,-0.0004947459743207824,-0.035462973428476055,0.997425371546291,0.06232785041837624
robot3,1737,1722895078131972021,57.927600499466585,-35.50674755011517,-61.58357539907998,0.0006519619472471441,-0.03647480366839818,0.9971617870087435,0.06585995879516231
robot3,1738,1722895078637227829,57.36974741298681,-35.132918192906345,-61.474593533044306,-0.009605122490931206,-0.03638286698300515,0.9954443752134421,0.08760436329288061
robot3,1739,1722895079133617940,56.922891944133085,-34.73449860603148,-61.328798471662616,-0.009575015662333446,-0.03864088701105764,0.9937456574503503,0.10433009740547529
robot3,1740,1722895079633745512,56.50749725723179,-34.50443774435149,-61.27984600975386,-0.008885844313153153,-0.038374666750323555,0.9928597365148509,0.11259649341922214
robot3,1741,1722895080132057711,56.069845180046066,-34.21336051956157,-61.17003448444683,-0.007895615048924404,-0.04065627429583016,0.9918488875336731,0.12050108265736184
robot3,1742,1722895080632346377,55.61973200575671,-33.8546255098112,-60.92916858538598,-0.004726172989193884,-0.045012148431422476,0.9904453212738721,0.13026755294070683
robot3,1743,1722895081131542782,55.13768925336328,-33.49789965626482,-60.70936903821053,-0.009826590738540732,-0.05069816614465633,0.9880329443340682,0.14534109871119827
robot3,1744,1722895081629731719,54.61918325637889,-33.14317042063799,-60.52473554316969,-0.015875813127314026,-0.054129452169261294,0.9899496016059399,0.12968325738368422
robot3,1745,1722895082132548943,54.091414988493746,-32.72680814073539,-60.43470294907111,-0.014649976813323593,-0.053586589180784766,0.9909240924489308,0.12240628514746231
robot3,1746,1722895082631458859,53.568312295453026,-32.32981282439237,-60.18882774544938,-0.01298245539476669,-0.051611871638769166,0.9902483057053949,0.12874767417495622
robot3,1747,1722895083127805631,53.06565831360512,-31.98164733825302,-60.15005519406207,-0.0036285493899317956,-0.05321063837171641,0.990923665563129,0.12339266842211992
robot3,1748,1722895083636602237,52.55406013234535,-31.65727255636284,-59.9573806069913,-0.0057837412936000655,-0.050885815699564955,0.9866758102984975,0.15442806567797898
robot3,1749,1722895084132484265,52.069607661054505,-31.305238393296754,-59.77964968558197,-0.011202128378161657,-0.05053199409997279,0.9826599980702939,0.1780459437464653
robot3,1750,1722895084632527414,51.6040764247586,-30.93414280727444,-59.5742487321756,-0.012867513004967105,-0.05104208811847104,0.9785126816089932,0.1993541177903035
robot3,1751,1722895085132360708,51.32616917047443,-30.66284260508308,-59.575140410999985,-0.01582482567914915,-0.048066862051272266,0.9763639498405181,0.2101251748758122
robot3,1752,1722895085629289102,51.019336580816685,-30.420399669263517,-59.54004608804832,-0.02008264987837347,-0.040584033284491755,0.9766463488632728,0.21002745693900166
robot3,1753,1722895086131729651,50.72097570286174,-30.253321122498456,-59.50679352230313,-0.011687763172066434,-0.041171958036944636,0.9825215585785424,0.1811619523846814
robot3,1754,1722895086628356935,50.30124166968985,-29.982193580498222,-59.21664389666241,-0.011455442997439993,-0.04342381579584783,0.9866479992281715,0.15655309216526747
robot3,1755,1722895087127192050,49.89679681294476,-29.755043298530662,-58.941588691922085,-0.017488881548714395,-0.044534549833575146,0.9855322316709112,0.16259469004567512
robot3,1756,1722895087628404317,49.4969089906961,-29.425276171028344,-58.86287123514197,-0.011921758636730782,-0.05021345542195184,0.9895719029434934,0.13447650155468954
robot3,1757,1722895088130005712,49.06877830410101,-29.144509180883194,-58.729650187901086,-0.009405614458365458,-0.05329203246940174,0.9890551299231051,0.13726413830542397
robot3,1758,1722895088627209436,48.581450400150096,-28.86715019156357,-58.45837112594212,-0.007748248687116918,-0.057297511897741495,0.9842894625450328,0.16682689739793485
robot3,1759,1722895089131578811,48.035395465708106,-28.514524374037883,-58.132594985294794,-0.01611076144236507,-0.05235517934196843,0.9814223908400341,0.18387351445939332
robot3,1760,1722895089629635986,47.51751721038852,-28.137652887125956,-57.937019236495765,-0.024024445205698547,-0.04625551029092067,0.9822253397424426,0.1803236971896037
robot3,1761,1722895090152359296,47.06581207216105,-27.802150944652304,-57.734289752897425,-0.021660291193326846,-0.04549235038608186,0.9778508929579824,0.20314750548073826
robot3,1762,1722895090630963227,46.67839064235556,-27.55799002216851,-57.522021648968014,-0.01699557496053949,-0.042308136963623136,0.9693195394950663,0.24153840757010117
robot3,1763,1722895091130343211,46.36588933348949,-27.395550813012036,-57.199221548821924,0.0030612178933013866,-0.04876159701884408,0.9428700873632765,0.3295586957686735
robot3,1764,1722895091632709982,46.14318383098696,-27.34326476778683,-56.88640665790437,0.011534361403246504,-0.04788230057561993,0.8946893830333519,0.44396525954854343
robot3,1765,1722895092131905090,46.10020210931038,-27.32521256518477,-56.76780402379032,0.01629538123428732,-0.0503279810928539,0.8317413666431299,0.5526371810547722
robot3,1766,1722895092630916827,46.121224939593844,-27.393609392130628,-56.498116983654725,0.02757614653343032,-0.0519528282370319,0.7425455246947383,0.6672080661505496
robot3,1767,1722895093130120966,46.07367931210954,-27.60382008553795,-56.159049129149864,0.03756904440872819,-0.053401980041735984,0.7054137933141487,0.7057819604041893
robot3,1768,1722895093631783482,46.154224227205475,-27.865019263257345,-55.63582949793515,0.030446325758517665,-0.04408395689060834,0.639934911934844,0.7665591526292128
robot3,1769,1722895094128231953,46.118000089583106,-28.024574671953765,-55.221919040356234,0.03475545991532504,-0.039150705416276035,0.6091704455969444,0.7913094517840049
robot3,1770,1722895094631463517,46.19906668260197,-28.187773573950686,-54.74926995748526,0.04092047205174434,-0.04086495615339191,0.53731200831398,0.8413984644906605
robot3,1771,1722895095135160928,46.28052494742158,-28.388192508152283,-54.31228235254346,0.04580732400026971,-0.04124133973212258,0.5017705354333604,0.8628019301878923
robot3,1772,1722895095632047752,46.3058777730166,-28.588216698131138,-53.90797197945656,0.04825442669982042,-0.0402344209785416,0.452526882654269,0.8895347784924447
robot3,1773,1722895096130775879,46.34497515368749,-28.715213383593333,-53.463032361021995,0.04845017774307292,-0.03263076543835238,0.426008789784391,0.9028312823833755
robot3,1774,1722895096633617113,46.45276642300342,-28.955192755409737,-52.992356177513,0.05238587780620853,-0.03275197853743389,0.4173872531841968,0.9066261128975427
robot3,1775,1722895097130420845,46.5336554729744,-29.140792153759534,-52.536421630686206,0.05307265401510639,-0.03450167895142452,0.43996179148877995,0.8957826463910254
robot3,1776,1722895097636554049,46.61193622233757,-29.45021872716617,-52.03456485938112,0.04928458421282991,-0.033628535231125176,0.4525449822966683,0.8897433283679544
robot3,1777,1722895098132257732,46.62236025636706,-29.659839729871102,-51.57842052869571,0.0494850936415486,-0.03609192578094372,0.4791668756972594,0.8755842070499199
robot3,1778,1722895098631975198,46.61868757347306,-29.81359248624747,-51.10151897188015,0.04844307103789499,-0.03614768800310363,0.5107015374334652,0.857630779055616
robot3,1779,1722895099132001723,46.676971652723495,-30.11440799639525,-50.435816375536035,0.04725343309673223,-0.034650368386687475,0.5350806877529998,0.8427663511466369
robot3,1780,1722895099632618013,46.79567154067609,-30.42430690568402,-49.75386104450601,0.049001230274974036,-0.0368057709262123,0.5302737853876509,0.8456086134783147
robot3,1781,1722895100128807609,46.79360780021206,-30.67812570447172,-49.04229366765757,0.048744586294599386,-0.03959440583746715,0.5263322191701111,0.8479567461827358
robot3,1782,1722895100635961875,46.669521489231975,-30.869878778128,-48.306227375558656,0.048327172403701185,-0.037566133104320096,0.5225806184333746,0.8503897737442773
robot3,1783,1722895101130055313,46.63256774721178,-31.208754618749776,-47.50990887723942,0.05090505545797358,-0.0382712452979114,0.5163316034675222,0.8540173665522413
robot3,1784,1722895101633150910,46.6025403598854,-31.525912596541268,-46.77406917748537,0.05045075523458851,-0.03486847772628103,0.49810820335449935,0.864943424917644
robot3,1785,1722895102132380061,46.504930837097426,-31.75290613565155,-46.038724753916576,0.05047240561205457,-0.03921387167181815,0.4844016972810911,0.872507767421836
robot3,1786,1722895102629154138,46.47935123839173,-32.036240343664325,-45.28510895271874,0.05539293665180034,-0.04215853725649083,0.4945672724639256,0.8663472129077786
robot3,1787,1722895103132622796,46.43787774860183,-32.318627913659604,-44.47073814897619,0.05409248535368296,-0.04549498230368236,0.4898771004976051,0.8689215361708492
robot3,1788,1722895103632587955,46.450039923751916,-32.70010356467621,-43.603433513708104,0.05089800599982998,-0.04752386172348797,0.48530202264105904,0.8715691724542723
robot3,1789,1722895104129199910,46.444103093838336,-33.098480144932324,-42.77405299031183,0.052192378243971,-0.04886780169880755,0.48234415286074744,0.8730589967530328
robot3,1790,1722895104635494061,46.2995232080778,-33.36563430896023,-41.96296147094348,0.04793767490410758,-0.042547693253120814,0.49591487867044637,0.8660023708032808
robot3,1791,1722895105132186441,46.20024865910108,-33.623747918984684,-41.17509430043124,0.04926340118852694,-0.044805560246740775,0.4930707853112873,0.8674369024585156
robot3,1792,1722895105631088165,46.20710122235753,-33.97378175111832,-40.36767546911601,0.05322054998325405,-0.04772228784258925,0.4897437162188472,0.8689310954999265
robot3,1793,1722895106129021200,46.2962327904441,-34.26275845144014,-39.56018117830731,0.04790534705772283,-0.041089767551632385,0.48685373918410313,0.8712004048256
robot3,1794,1722895106631850167,46.26029699856884,-34.5443212305881,-38.751674307084436,0.04729326174825159,-0.04720976380505115,0.4811244178950923,0.8741017561472983
robot3,1795,1722895107131719601,46.219737970958604,-34.828431390974906,-37.984110128759596,0.04753108169512524,-0.04715810373995086,0.47743552195305594,0.8761119973507704
robot3,1796,1722895107632385992,46.19440209151069,-35.17065573615402,-37.22974993934786,0.050340076150231186,-0.05372816963790198,0.4804877400293121,0.8739054252046237
robot3,1797,1722895108133216129,46.28182271672442,-35.476777801432725,-36.34880764563284,0.04602950114695834,-0.0423025425966085,0.48002263302564396,0.875025743448244
robot3,1798,1722895108631107907,46.34472950934104,-35.91780531596139,-35.44002702643003,0.04849589573227453,-0.045308804625646404,0.4845219655664556,0.8722578318388078
robot3,1799,1722895109131898827,46.24730164840977,-36.30245827417828,-34.5418721209713,0.04978226422697419,-0.048360420055579875,0.49610953871037206,0.8654815547087444
robot3,1800,1722895109631175994,46.08825339482216,-36.63902166618311,-33.74091468544326,0.0496908765612486,-0.0488895265466772,0.49359821377543217,0.8668918238963379
robot3,1801,1722895110129270682,46.037348150729294,-36.910625283774614,-32.93757371781061,0.04941910777518873,-0.05029909995560771,0.49105185834117554,0.868271745912556
robot3,1802,1722895110629394346,46.04355678819525,-37.24448277915679,-32.148898386109074,0.05374917142935834,-0.05510760483852965,0.48819161795316907,0.8693348736936101
robot3,1803,1722895111130467902,46.04503939296813,-37.61446213018197,-31.32657622397525,0.049436407970553334,-0.050533606376465576,0.48436081246775103,0.8720074538323267
robot3,1804,1722895111630699586,46.00074317849326,-38.012926256398714,-30.514114789443237,0.05042498740415672,-0.046760841863196775,0.4806338260133739,0.8742207213314503
robot3,1805,1722895112128125915,45.91362374914447,-38.33103012514916,-29.724595281377013,0.050451910838745,-0.04734756592646429,0.4846460358325829,0.8719696282814678
robot3,1806,1722895112628554448,45.865216540553476,-38.64591254271266,-28.942803612248483,0.05159199273040862,-0.04906481792569557,0.4897235041756851,0.8689659368386724
robot3,1807,1722895113130696609,45.84603246470983,-39.05395751798979,-27.987763032296783,0.0511872225812843,-0.05847209524914957,0.502888281522036,0.860850892216185
robot3,1808,1722895113627153591,45.829152407596226,-39.43506689234786,-27.11985224905237,0.05222998061125551,-0.05548297427889244,0.4959413292354434,0.865006281275863
robot3,1809,1722895114128556760,45.801542594017036,-39.743867955072055,-26.21914414947814,0.05308556358994224,-0.052164862024173274,0.4810999606944651,0.8735007601188001
robot3,1810,1722895114631016355,45.84394748641043,-40.12560169588789,-25.388405259205403,0.050577779383290215,-0.04625491606171946,0.46637824644630516,0.8819261319489564
robot3,1811,1722895115135513766,45.79394525834894,-40.44448801548917,-24.56150099318382,0.053324983995796695,-0.042770651986851364,0.4649426210530165,0.8826978398856649
robot3,1812,1722895115630685109,45.761859711084654,-40.70726330699257,-23.75405379582596,0.057069969910267054,-0.04619431411131154,0.4668152796000302,0.8813016501801028
robot3,1813,1722895116130440093,45.6976025137347,-41.007816739918404,-22.851117434501987,0.0534968247538084,-0.046992108119629436,0.494362059353257,0.86633480005581
robot3,1814,1722895116629912224,45.746761964691736,-41.436766206946416,-21.917690691362964,0.05425469828411528,-0.03950900160676402,0.48546457203496124,0.8716763251374035
robot3,1815,1722895117130682996,45.77627596939271,-41.81277885065884,-21.11715989836833,0.06045792881813634,-0.04709642406244464,0.47548001624875685,0.876382062705321
robot3,1816,1722895117629678165,45.68420787764033,-42.069837515491606,-20.317726198533755,0.06244286021987337,-0.046873354263137705,0.47240033996594505,0.8779189579156742
robot3,1817,1722895118126982662,45.71589836996276,-42.43743276628285,-19.48872153534064,0.060297702431368,-0.046990381957661996,0.46940711635308946,0.8796664425803955
robot3,1818,1722895118630061320,45.74561087901619,-42.81538136311461,-18.708425477106378,0.062001753439659094,-0.05171469896316281,0.4681406719688822,0.8799577738335407
robot3,1819,1722895119130731858,45.72201924592288,-43.16652575985367,-17.870641272155048,0.06001214088540774,-0.04970231110468895,0.48483413087548405,0.8711280553141522
robot3,1820,1722895119628696371,45.74146830152132,-43.48680272856666,-17.0401868253342,0.057647607568519964,-0.04683867795065881,0.4835724913068879,0.8721470846369379
robot3,1821,1722895120127895180,45.77428640008536,-43.85413870866246,-16.20008962839799,0.06073966319893943,-0.05513826860351615,0.4864894834816095,0.8698266764773788
robot3,1822,1722895120633367467,45.66900537849865,-44.20371877923692,-15.387532761673297,0.05495643399841862,-0.05669052527949356,0.5026195694393033,0.860894617896036
robot3,1823,1722895121130471886,45.47626297383388,-44.42989085845202,-14.683132770231811,0.05206765062508714,-0.05761397217138884,0.5024314412148454,0.8611226607445607
robot3,1824,1722895121630756355,45.46092648812018,-44.75075561104486,-13.94219644419024,0.048807621521835994,-0.057854981650116294,0.49402932079436346,0.8661441262140532
robot3,1825,1722895122130502181,45.55845614913176,-45.19875513943961,-13.147233889524035,0.049977290525553345,-0.05655089081922245,0.466145557846417,0.8814831740194078
robot3,1826,1722895122630450734,45.58106170217754,-45.59419746856029,-12.357899037157265,0.048712096598652124,-0.05121629470507604,0.46085115720894637,0.8846582581431214
robot3,1827,1722895123131471528,45.460334729629764,-45.892516185038566,-11.532987985292372,0.05245953265181364,-0.055119347113291375,0.46773398572961467,0.8805877432722116
robot3,1828,1722895123628736473,45.44641088694413,-46.23587976223491,-10.700469073938267,0.05262727528885737,-0.0560690514785632,0.46572378383937485,0.8815826611999015
robot3,1829,1722895124128651151,45.411382488892,-46.632280870404685,-9.845970315846122,0.053810052652747985,-0.0535063322152733,0.46378809231852414,0.8826902945370598
robot3,1830,1722895124632899578,45.34233271890096,-47.01618620359441,-9.001328051758046,0.05364179066211914,-0.05319793038083759,0.47035183309354694,0.8792392686881638
robot3,1831,1722895125132502776,45.34413101802907,-47.321677333750266,-8.1596479831576,0.05098322342024261,-0.05841945141451538,0.46916511279051004,0.8796999349587203
robot3,1832,1722895125632588910,45.31349932591828,-47.64180927117873,-7.344573748592245,0.05207123056958711,-0.058671247767658766,0.4749210160039138,0.8765251280996826
robot3,1833,1722895126130489429,45.231305595346555,-47.959507474046724,-6.606919586425853,0.04962500102096916,-0.05645598313110343,0.4737411831295666,0.8774504958397185
robot3,1834,1722895126630556628,45.17193172211476,-48.21182994113376,-5.92473683929771,0.04807321171627296,-0.04734063552341199,0.47156199810403543,0.8792480380914429
robot3,1835,1722895127130059072,45.054215997769305,-48.357859077361994,-5.39119640661889,0.055185845459634765,-0.05956270518804573,0.4680902165285186,0.8799422457194971
robot3,1836,1722895127630419967,45.08851109615004,-48.61995267375192,-4.797834208163649,0.05207774277824172,-0.0531922363457979,0.46646189705019336,0.8814033091042891
robot3,1837,1722895128130976249,45.176384218060434,-48.950476096407,-4.265117586107893,0.05264961425118039,-0.054466923598343986,0.4667078821630812,0.88116123670971
robot3,1838,1722895128630587359,45.23097655109641,-49.265797506944274,-3.6504704871400433,0.053720044059568164,-0.05331180891507048,0.4674439228111686,0.8807770358742031
robot3,1839,1722895129131454839,45.23878861546085,-49.620766158386665,-2.9743251693061508,0.05294006708029206,-0.05234130919779661,0.4749625225701779,0.8768513778302273
robot3,1840,1722895129630089005,45.17629994957114,-49.89680157978325,-2.231731844653599,0.0514903604410171,-0.05634908877505001,0.49005926812673073,0.8683406225087992
robot3,1841,1722895130139709870,45.034878045888476,-50.117235420995016,-1.518906899416656,0.05228268680635058,-0.05732587782995929,0.4954437923313543,0.8651680258953514
robot3,1842,1722895130633128301,44.99406216915439,-50.361190267389716,-0.888344595981511,0.05031259831791046,-0.05696204273500871,0.49043641097026197,0.8681567225637107
robot3,1843,1722895131133377697,44.954053299279146,-50.61210085520041,-0.35699552461776796,0.053807144612609006,-0.05834492161426985,0.473412380609275,0.8772578749696816
robot3,1844,1722895131630697186,44.898872094276,-50.80851623764742,0.19384785853223005,0.055276321215082753,-0.05748679056958098,0.4637311225724468,0.882379307996643
robot3,1845,1722895132130307260,44.93795620981573,-51.11435436480813,0.7220027223059857,0.055563545690037894,-0.05790192713768578,0.4538589811116851,0.8874525815435753
robot3,1846,1722895132632396299,44.909081351315635,-51.379083842985516,1.298687036914771,0.05496436606232252,-0.057380646330861755,0.4539916462198642,0.8874558947083496
robot3,1847,1722895133129587578,44.96457165468972,-51.58978781723794,1.8397706786369996,0.057358884881678264,-0.056498088663600766,0.4530173579400202,0.8878587712623747
robot3,1848,1722895133631130888,44.965015192797374,-51.82542775267992,2.356918598561659,0.059369619476561344,-0.059809217489634595,0.4508749897595679,0.8885999377649063
robot3,1849,1722895134133785398,44.96374666861407,-52.11940748082103,2.8702261407043346,0.05604207535057779,-0.05727695626293117,0.45066276784353254,0.8890903810925304
robot3,1850,1722895134630572543,44.9248989286535,-52.342651930713124,3.347686012352053,0.0547249521939141,-0.057351509867875045,0.4532225464072288,0.8878655908139452
robot3,1851,1722895135132325946,44.94947662155396,-52.62533784060412,3.882002915300541,0.05697102827417628,-0.057406447547030816,0.4561682263285258,0.8862106696523687
robot3,1852,1722895135628481488,45.06307819569256,-52.993005340447645,4.475114553999593,0.05784122269156114,-0.05597679682058954,0.4540356985646634,0.8873401690468824
robot3,1853,1722895136131285324,45.13304194496369,-53.399824214910396,5.199247630990842,0.05533179975160749,-0.05379683355717808,0.4633995689262185,0.8827826075282997
robot3,1854,1722895136629797102,45.13019344241509,-53.640419447277544,5.917189430274933,0.055308968886841815,-0.054599464558357666,0.47300910514979533,0.8776230414454743
robot3,1855,1722895137132829387,45.00670734856905,-53.84990176297128,6.647235312227561,0.05396359724034781,-0.05480874126961431,0.4719837473133572,0.878245566072134
robot3,1856,1722895137630015742,44.98269091950518,-54.15806414134249,7.390277586852813,0.051895978352664324,-0.055313577307671204,0.48133588477960193,0.8732485222545102
robot3,1857,1722895138128839468,44.95022391192744,-54.433214710760915,8.132718765132635,0.055315903637511515,-0.05290803504605038,0.48141563926406894,0.8731436725443866
robot3,1858,1722895138633392819,44.89586350253718,-54.72876685463909,8.835593352946294,0.05344906140692757,-0.055240894489033944,0.47294783351851144,0.8777311593995716
robot3,1859,1722895139130119365,44.83995335494031,-55.007950766568506,9.531089887033453,0.056474618960226965,-0.05403131584087202,0.4664905710851553,0.8810662752656275
robot3,1860,1722895139629237299,44.7141366184746,-55.30905313129415,10.172789572473617,0.05243789953630722,-0.05180040267438228,0.4669008018884579,0.8812324472980482
robot3,1861,1722895140133339285,44.66796099267661,-55.59375912992358,10.896906017505776,0.05379811404104002,-0.06107525698055969,0.4662477427018465,0.8809021616137734
robot3,1862,1722895140631680389,44.65236877208696,-55.85291774786993,11.539203453723344,0.050138730560248305,-0.054672085283729535,0.46252342181696193,0.8834982484754931
robot3,1863,1722895141130238018,44.589669742630385,-56.007007783001306,12.097232496075696,0.04984725852144122,-0.053530137290739827,0.46713578269692774,0.8811548874878127
robot3,1864,1722895141631620104,44.5879203193423,-56.247577079102506,12.652386265566317,0.05021751696343232,-0.05641107203809082,0.4665347898461191,0.8812725354876197
robot3,1865,1722895142132212062,44.60990177773098,-56.59397750482374,13.244110256112739,0.051135651465520474,-0.055877816850869455,0.46450252859404995,0.8823265924038056
robot3,1866,1722895142631654789,44.59164579994952,-56.85426730537301,13.817744709308194,0.05336249293978246,-0.057300723707239605,0.47443217554594863,0.876802818321552
robot3,1867,1722895143130162657,44.495040228704354,-56.88707305299471,14.363740541671968,0.05082677786915871,-0.05816477942712311,0.5098958967212271,0.8567611520094086
robot3,1868,1722895143629347122,44.385935711741055,-57.107346003612186,14.964906963993535,0.05177628133508051,-0.06254781553924338,0.5080129750664862,0.8575137343660899
robot3,1869,1722895144129345188,44.36629805283219,-57.5649172865981,15.489719289799897,0.05304734066070688,-0.054972983978249006,0.4609615781580402,0.8841257682837907
robot3,1870,1722895144628521555,44.2683106477198,-57.75587768505214,15.93972630936301,0.05599599098157331,-0.05851212892517321,0.4528694838156187,0.887890764898031
robot3,1871,1722895145130049636,44.225327877100426,-57.966759056608154,16.449102942011816,0.06129677222802662,-0.06173269087391155,0.438644341854328,0.8944400046683258
robot3,1872,1722895145631864016,44.24661874086238,-58.32658844824566,16.95320606376197,0.05649994572464666,-0.0528226460010403,0.42980530369857156,0.8996026484593846
robot3,1873,1722895146128093163,44.216907326946064,-58.598592372831604,17.51779313054806,0.05603663074821345,-0.052994238727231,0.45021686401548106,0.8895820827962844
robot3,1874,1722895146630485867,44.15970003910678,-58.84140580481949,18.137722190483746,0.05670138084967344,-0.05580394641975518,0.4517815862192566,0.888574291394329
robot3,1875,1722895147132262342,44.09930733730937,-59.05301715476525,18.634038052116896,0.05867752929869175,-0.057182432604615405,0.4516076339166999,0.8884467693367903
robot3,1876,1722895147628285982,44.04256767429677,-59.13767665039058,19.09944028346399,0.05623488803081994,-0.05246995907723784,0.4515781507144529,0.8889104086239
robot3,1877,1722895148131721878,44.1164084613607,-59.28547017922146,19.69968595642738,0.05574012420950121,-0.05955434887794364,0.458178668595589,0.8851093863059001
robot3,1878,1722895148628053383,44.314797633716196,-59.47126190037002,20.22427933638733,0.05875567031988675,-0.05900695426836307,0.4574410801109123,0.885332484877966
robot3,1879,1722895149130308793,44.418732800146735,-59.7706583107911,20.857229535341016,0.05837289541678947,-0.05929563117868251,0.474532708556301,0.8762963777820851
robot3,1880,1722895149628639133,44.46160551636054,-60.12812880350616,21.544825947314013,0.056429677359866065,-0.05762428950845514,0.494125655173736,0.8656413631931142
robot3,1881,1722895150128793310,44.39222525860565,-60.39897863746842,22.20198052603288,0.056570551213651295,-0.05793711409591589,0.4915842617220217,0.8670570783822915
robot3,1882,1722895150631259839,44.33157041288672,-60.72201930255406,22.798552158493152,0.05333127511226482,-0.0574429522206556,0.47653983244689435,0.8756516832774099
robot3,1883,1722895151131820351,44.23306395807363,-60.98887861106898,23.356171487224167,0.05474219067076889,-0.05906679352206458,0.4660410768318567,0.881090302505362
robot3,1884,1722895151637767923,44.18445627370093,-61.27078014585304,23.89973763499217,0.05567921248429566,-0.053600867001074415,0.45624448944529256,0.88649181508047
robot3,1885,1722895152131723198,44.07208582774388,-61.46105838127862,24.451276954831506,0.05928996240157832,-0.057957322489368884,0.44905718707478115,0.8896478471084881
robot3,1886,1722895152631265273,43.97419500096732,-61.639260781260184,25.052324931565042,0.05374683179102263,-0.05316128181835886,0.46176263904777026,0.8837762281072598
robot3,1887,1722895153129346998,43.921612035546254,-61.858189489408545,25.60114577446339,0.053389498570210796,-0.05977074399884841,0.45741476957957794,0.885634658408707
robot3,1888,1722895153637896109,43.94357047687501,-62.162778166020395,26.17379001933343,0.05129775567335518,-0.05655163350800705,0.448456753557176,0.8905374743374986
robot3,1889,1722895154128508380,43.96014777449019,-62.38530017241305,26.73015653784398,0.05142266418613872,-0.05738002567942259,0.43795344268482533,0.8956896919701253
robot3,1890,1722895154632817982,43.950254739819506,-62.69464747214396,27.42071090655336,0.051249986142826845,-0.055467057892916546,0.4271780080699265,0.9010082096354471
robot3,1891,1722895155130408373,43.92290038343755,-63.04526456172433,28.042878828147018,0.050520886300474285,-0.05651273509617342,0.4202276637351731,0.904247013515136
robot3,1892,1722895155628527000,43.93141183404533,-63.33845356849745,28.701128969922024,0.04990770301762142,-0.05599261565536911,0.4331325628738298,0.8982038917472597
robot3,1893,1722895156132676319,43.94795679765074,-63.71308614844792,29.460979497953964,0.04689275547749655,-0.052945075879771715,0.4401894282681881,0.8951151633531513
robot3,1894,1722895156629152530,43.88941837604813,-64.0252438150536,30.17881483432412,0.04763308787576259,-0.05759685248385526,0.458579057279543,0.8855049066763993
robot3,1895,1722895157131739049,43.73513347004319,-64.12677293436622,30.667952292411442,0.04158493648558357,-0.05015063076739251,0.4626590835692484,0.8841392309370657
robot3,1896,1722895157630360785,43.38744703907932,-64.16198634407486,30.968718564331944,0.051941889320064716,-0.06032319711730784,0.4735546558266354,0.8771597003786286
robot3,1897,1722895158128218009,43.103917427414835,-64.41031620627197,31.201740613953312,0.054717011913671496,-0.06310580646202388,0.47441251417007657,0.8763312571150498
robot3,1898,1722895158630807396,43.06549310688412,-64.88673197285152,31.599155922436942,0.05049932332664828,-0.05839842759175714,0.47887835886362534,0.8744798221859907
robot3,1899,1722895159134728088,43.16492211055974,-65.05927989876328,32.10107190115342,0.051913058620693966,-0.06086239662969562,0.47942091812174337,0.8739315684242323
robot3,1900,1722895159630434718,43.09263311502866,-65.12496277955493,32.52115713103537,0.05204224266096235,-0.0598016710083317,0.4820332646045741,0.8725590506883104
robot3,1901,1722895160133568568,43.26009174910144,-65.07889167463006,33.005228627329856,0.053052617877828695,-0.06396887108309857,0.485210613398174,0.8704390064297617
robot3,1902,1722895160632895184,43.385020146804294,-65.16146057450354,33.43922942752228,0.050955427036562875,-0.062267324720968055,0.5024867629809622,0.8608329557797664
robot3,1903,1722895161129537931,43.33785435250203,-65.38775693907449,33.87883494522584,0.04752104083261005,-0.05723701102891515,0.5193625917166622,0.8513096813569153
robot3,1904,1722895161628036158,43.22932674759674,-65.59942586677145,34.339614499314145,0.049490761262746034,-0.06075526434830242,0.5243797856813011,0.8478710413573721
robot3,1905,1722895162130205470,43.189251706463686,-65.84827183376692,34.93378246767743,0.04547833806432729,-0.06194761162247359,0.5231278368727003,0.8487823516485644
robot3,1906,1722895162631876312,43.08838623932198,-66.1632322563736,35.34660306472994,0.046770125369893424,-0.06107119112596302,0.49938668747835546,0.8629575895469811
robot3,1907,1722895163129423097,42.91581778960651,-66.30083547249043,35.73544423505233,0.050905440044595046,-0.06664041979303394,0.491779234423468,0.8666722997843775
robot3,1908,1722895163629738755,42.83251135539335,-66.45644762788673,36.242925458067724,0.045792218569755315,-0.05365618219275464,0.48486203090416324,0.8717413021180354
robot3,1909,1722895164134698754,42.784727591455365,-66.62480587448084,36.67349872876801,0.04752655195515832,-0.059352930673192715,0.47729907255974535,0.8754450592774876
robot3,1910,1722895164628928092,42.73768937971776,-66.76165683644298,37.120777098026636,0.04932393012005859,-0.05734632399597103,0.47146039334669304,0.8786373805769033
robot3,1911,1722895165130087611,42.771041139675724,-67.01704878379464,37.665378426015906,0.04997896599360705,-0.060398519926450164,0.46225553539580766,0.883274556264834
robot3,1912,1722895165630242412,42.77216636434156,-67.34899521321663,38.184399587751756,0.04955786708583775,-0.057009499767210384,0.46261869614926476,0.8833333893379947
robot3,1913,1722895166128705223,42.6372434910398,-67.506909862725,38.65998515009715,0.047384874191308594,-0.06283605808670746,0.4798909543737377,0.873791150912082
robot3,1914,1722895166632403331,42.55604256578671,-67.6198982665644,39.1485338775006,0.04683392001503467,-0.056442991576883074,0.4796660922176085,0.8743804736009182
robot3,1915,1722895167129555545,42.6200254177994,-67.82468939265235,39.80102556723277,0.04394021869197507,-0.05693731192830003,0.477660400572536,0.8755957637040995
robot3,1916,1722895167630340605,42.76909203410915,-68.08315475864785,40.48393301143801,0.04484368329433986,-0.05877774592747532,0.4762135400609365,0.8762162318257479
robot3,1917,1722895168129137999,42.82210311503687,-68.2164911752439,41.07213323309022,0.04429826544907611,-0.05153201992462325,0.4644002100062743,0.8830144730109578
robot3,1918,1722895168629673990,42.82464999670392,-68.37598915580539,41.64606843805276,0.048097627845072544,-0.054539204013575183,0.44956776063989673,0.890281372384299
robot3,1919,1722895169131235288,42.834818470779695,-68.61592022766146,42.20164825845492,0.04704261693209684,-0.05687951302847061,0.4365953910299998,0.896624881274876
robot3,1920,1722895169627840626,42.82412806424568,-68.85826573786956,42.73810818944025,0.053002318810604264,-0.0671496823910343,0.41908480820384936,0.9039079587481377
robot3,1921,1722895170128665032,42.91464821438538,-69.20195514815526,43.32907743526165,0.05582352336839336,-0.06660149527245973,0.4083786425499455,0.9086665281473038
robot3,1922,1722895170628016962,43.07175883761896,-69.60471617097849,43.96028384842801,0.05807090296152841,-0.06282478159643999,0.3977671711736795,0.9134889679591544
robot3,1923,1722895171129778090,43.08464674253803,-69.92735383033846,44.67323608085637,0.04998310945299085,-0.06131707442084791,0.4285193197785373,0.9000628298793469
robot3,1924,1722895171629474223,43.066800808105356,-70.26426859455334,45.40114170275716,0.05006811625561579,-0.06134134286161915,0.4312989657054514,0.8987277816847298
robot3,1925,1722895172130614676,43.07467973325893,-70.67609291034951,46.17243686912326,0.05060326763236525,-0.06140255401777738,0.4298008311842793,0.8994110746362443
robot3,1926,1722895172629095522,43.01700734638553,-71.00343765629992,46.830986322968414,0.05071405274853365,-0.06106042423603011,0.42853582460738554,0.9000315308221167
robot3,1927,1722895173129582454,42.95144631424151,-71.23230018888466,47.515690445707264,0.049176129744525586,-0.05642625167400542,0.4261150005939327,0.9015674088243231
robot3,1928,1722895173632453028,42.86161128144872,-71.4328488543888,48.145234941587304,0.05094228713077523,-0.058458480198286686,0.43263952719030946,0.8982263239225053
robot3,1929,1722895174131678720,42.82989496906046,-71.6205927238702,48.73038909699327,0.05245409023956357,-0.05705600634747164,0.43136292264345294,0.8988432619346464
robot3,1930,1722895174628928730,42.89346995507008,-71.88759848468318,49.34483710967157,0.05105779319122128,-0.05125135742502721,0.4316774748977061,0.8991223263730441
robot3,1931,1722895175136133516,42.92228910416078,-72.18394215860174,49.94488112904543,0.05280153568208228,-0.05854128465578255,0.4300920033802311,0.8993363021967052
robot3,1932,1722895175630660842,42.92101214572623,-72.44609552630455,50.56596025337623,0.049389295596461866,-0.05201140941397534,0.4301014869741797,0.8999267868409389
robot3,1933,1722895176127182437,42.710855993866446,-72.87837562854907,51.14623843091784,0.04966148581684311,-0.05785963085214819,0.4289243281778032,0.9001166150234851
robot3,1934,1722895176631418492,42.5746320893425,-73.23570479963075,51.7517192413398,0.04717106391975746,-0.05216400225971905,0.42866900350129944,0.9007200969414023
robot3,1935,1722895177130913498,42.50636257003179,-73.49348827119519,52.33628984650983,0.04861490620123334,-0.05978176223456631,0.4272063725345412,0.9008648328495533
robot3,1936,1722895177631476119,42.42848625441863,-73.74686726628653,52.893379501848514,0.04724130091294041,-0.05573519907801925,0.42918280433464684,0.9002577228412066
robot3,1937,1722895178128540185,42.36581373956161,-73.99001971373647,53.39938902025713,0.04733160865426013,-0.05570445252440149,0.4430043475426665,0.8935344877784254
robot3,1938,1722895178630215643,42.35759336544218,-74.20095496743049,53.93250286834951,0.0486604250699276,-0.059849013110021165,0.446328352876067,0.8915387036358587
robot3,1939,1722895179127305474,42.39543202302241,-74.43939598030443,54.45783049123204,0.049250661292209647,-0.06351418193790478,0.4500328423308162,0.8893878579555073
robot3,1940,1722895179630926532,42.36861587988604,-74.68196923633303,54.99021031247326,0.04498725840900836,-0.0572708550623105,0.4527046063425297,0.8886814587564704
robot3,1941,1722895180127615143,42.37581103360462,-74.98472550359077,55.55984092091027,0.04245445843535755,-0.046293265736688544,0.45910678992323406,0.8861577218265246
robot3,1942,1722895180632727446,42.39641929145464,-75.32789450486199,56.20827373973315,0.04682415196253498,-0.056406974837712426,0.4627340284225069,0.8834607919554357
robot3,1943,1722895181127634327,42.33612731512603,-75.57151027638795,56.86601617184021,0.042442349337792604,-0.054775215527704264,0.4757756217659305,0.8768328691830756
robot3,1944,1722895181630766207,42.25773692047491,-75.78855793528824,57.591303881051886,0.04365810265044516,-0.05204734536558939,0.4757813416901995,0.8769362341771674
robot3,1945,1722895182135899733,42.215549631492436,-76.02909083751268,58.315718526307585,0.04411524277252093,-0.05230358166550268,0.47447176563440935,0.8776073862017387
robot3,1946,1722895182629182242,42.16928819519217,-76.2712556670741,59.00652146507475,0.0428750165807798,-0.05465131302572258,0.4717152632800703,0.8790106241259978
robot3,1947,1722895183130993898,42.02625905645001,-76.54363959426243,59.6636508484931,0.04221402163120241,-0.057497905769136146,0.46909420176017347,0.880262800011945
robot3,1948,1722895183631025352,41.90720411551098,-76.74631750767027,60.27224188053857,0.043617710989186584,-0.05613866023108585,0.46832178578601424,0.880693278658195
robot3,1949,1722895184131159140,41.827727810936736,-77.01924012226195,60.86862206150202,0.040161082688663696,-0.054105446697727634,0.4650245995801741,0.8827297490513234
robot3,1950,1722895184632457116,41.78545241874296,-77.24973533041849,61.502900279409396,0.03978339462232833,-0.05475455574773262,0.4661414344754657,0.8821175563394869
robot3,1951,1722895185128464582,41.809415015576555,-77.51414161794747,62.22104170444905,0.04048683058057309,-0.05668592301824025,0.4649558683706061,0.8825891247623925
robot3,1952,1722895185629078411,41.819646186023306,-77.65531404673106,62.914138613358425,0.039602201983439514,-0.051195860173868235,0.4643262445027981,0.8832959799325754
robot3,1953,1722895186128191886,41.72094889761225,-77.90481431850579,63.64756176442329,0.03806382497449111,-0.05202889134717282,0.4635520003538052,0.8837214960956202
robot3,1954,1722895186631822346,41.551607643770915,-78.18686916402221,64.29888001027486,0.037418805321813894,-0.051216786873460415,0.4615561699178798,0.8848404238965261
robot3,1955,1722895187127842271,41.44198111756606,-78.48680378942313,64.95233306187357,0.04205533179459721,-0.05065086844564543,0.4592943514243729,0.8858411467881885
robot3,1956,1722895187630647156,41.395927384364626,-78.72419108824909,65.66340528760884,0.04621872918362463,-0.05251803205206735,0.46238161462943633,0.8839168104718362
robot3,1957,1722895188129463815,41.301699153030974,-78.83616198142238,66.20641189296325,0.038709441092735455,-0.04705317968107608,0.4638812737972194,0.8837996047025918
robot3,1958,1722895188630456165,41.238792689698144,-79.07118189333376,66.84867232051548,0.040368364944117045,-0.05114155426267749,0.4635698319696901,0.8836616702261841
robot3,1959,1722895189131796478,41.22228066477615,-79.28695738073051,67.4199906051404,0.03456951192666698,-0.04829484757731883,0.4758685195283755,0.8775088083116361
robot3,1960,1722895189631789200,41.14997198765136,-79.50536401077922,67.97213600238611,0.03791828626343286,-0.05416449510320489,0.47903228947204407,0.8753036482731184
robot3,1961,1722895190130334340,41.088312216165235,-79.78374364776023,68.54102615486732,0.036631667637704944,-0.05491000900874915,0.4887859217182165,0.8699030604422617
robot3,1962,1722895190629133183,41.132742833768894,-80.2812613480886,69.32699868942728,0.042386563606635466,-0.06900927936131032,0.4864582030239025,0.8699422482546809
robot3,1963,1722895191131172660,41.16618320201847,-80.78449783294134,70.28995142322952,0.03689211800345656,-0.05741771190290011,0.48422421603581495,0.8722781016359146
robot3,1964,1722895191629525344,41.00673541491112,-81.06038627557946,71.12987577777528,0.03907057887868599,-0.051679649292941485,0.474298484307636,0.8779770221927918
robot3,1965,1722895192127980549,40.76951831150179,-81.15747770987382,71.9691151503324,0.04228853980063614,-0.0571892119405086,0.4669639436719181,0.8814112256770521
robot3,1966,1722895192629365001,40.60804080547956,-81.31345888310167,72.7881318883573,0.036553802078874154,-0.05069727792944222,0.47075558875495277,0.8800470335272434
robot3,1967,1722895193131082201,40.56441923016294,-81.59235674923119,73.57622389501321,0.03320432466268284,-0.04978266925743389,0.48169646420009454,0.8742926712734285
robot3,1968,1722895193631327376,40.475230522960175,-81.9024832301949,74.4174672784877,0.03549851039898358,-0.05250260719313659,0.48000455511082235,0.8749736905017419
robot3,1969,1722895194129831186,40.31464205453514,-82.18602587881885,75.20169666600994,0.04443089491519076,-0.06450480293895375,0.47081850613074977,0.8787462433829526
robot3,1970,1722895194630877540,40.19393532475485,-82.43816347198195,75.98184664818803,0.045852320649217675,-0.056634626059952,0.46211700944650214,0.8838200910832205
robot3,1971,1722895195128373144,40.11791360458817,-82.66642777525263,76.7495580556044,0.04771657010978666,-0.05220181948928676,0.4654860048619128,0.8822249589853266
robot3,1972,1722895195628696574,39.99521526851472,-82.9121674032535,77.4698295555226,0.04810414937806674,-0.057269298448435486,0.466728882917079,0.8812323008825834
robot3,1973,1722895196131851825,40.05933196319882,-83.22109724034483,78.24056587934655,0.04855344170784377,-0.05437617613718675,0.4544610080024428,0.8877786813009334
robot3,1974,1722895196629613442,40.13906808564117,-83.54003112549995,78.9979236616548,0.04813549421540293,-0.05069071161718152,0.4426877424761968,0.893946860061442
robot3,1975,1722895197130523413,40.1033927916207,-83.95583762778237,79.77106279258462,0.050510783477202184,-0.050485998421005,0.4294317663931398,0.9002711717746056
robot3,1976,1722895197630201813,40.03306631876736,-84.27350469760522,80.5486293361003,0.051739449149474113,-0.05092380617625128,0.4386354114781908,0.8957280676430714
robot3,1977,1722895198132125245,39.879865211859986,-84.50726508952526,81.35685878424442,0.04999265385327691,-0.056787489152902285,0.45869401668329707,0.8853675590935995
robot3,1978,1722895198629853091,39.84170550673758,-84.85368372570517,82.18459567416829,0.04706665485039636,-0.05631764829301476,0.48109932918311377,0.873588282860694
robot3,1979,1722895199131723632,39.77606063861372,-85.16629174179518,82.89421737507053,0.04422948462945275,-0.058429356460867915,0.48195507356713646,0.8731260333169995
robot3,1980,1722895199631060754,39.58675167277718,-85.26543018898246,83.4682256437912,0.04182934916481302,-0.05856357106886239,0.500679115376429,0.8626360977364598
robot3,1981,1722895200128765640,39.40160498153196,-85.34961484852269,83.98499097934084,0.04387608821183837,-0.06593344945707565,0.50548007164585,0.8591958835415966
robot3,1982,1722895200628938889,39.29502197264304,-85.60119311618354,84.61097547147145,0.04145971653438915,-0.06488764571151487,0.5294777625229966,0.8448218654441575
robot3,1983,1722895201135842959,39.22792367184323,-85.84112772164075,85.27617432060823,0.04104708570909766,-0.06860203147323185,0.5384336497650073,0.8388671544608652
robot3,1984,1722895201640022210,38.95718265907403,-85.96752438851574,86.12070258627209,0.026497717343277875,-0.06322204652253964,0.6271816260632902,0.775850534405761
robot3,1985,1722895202139757597,38.603918982534935,-86.07438931657325,86.9771964248427,0.023148195165317683,-0.06212377366038514,0.6397547159958822,0.7657145036943009
robot3,1986,1722895202632232124,38.299347836873906,-86.08415074773119,87.70786338758624,0.024692662896544364,-0.06279944892592383,0.6375417117904265,0.7674549285404391
robot3,1987,1722895203131276935,38.04357633011528,-86.0769728709161,88.33163205201757,0.027008228523358893,-0.062352146522584535,0.6115602864479297,0.7882745596908366
robot3,1988,1722895203629905458,37.85308501834864,-86.12507649876457,88.93246469704441,0.031567904298802886,-0.06316389015490141,0.5943805673764399,0.8010777312620434
robot3,1989,1722895204132447126,37.68152648321886,-86.23256391573787,89.55814645486937,0.03339732688778604,-0.0645717304811203,0.5585348382945285,0.8262892620570165
robot3,1990,1722895204632248525,37.592974258390626,-86.40804192986526,90.19933956600113,0.03615880179103465,-0.054817210329737506,0.5079535498196963,0.8588776430495041
robot3,1991,1722895205128052254,37.44250523171198,-86.58119669455755,90.77554149528942,0.03826767085110345,-0.05675390153427781,0.4747746190593889,0.8774415314568151
robot3,1992,1722895205634207480,37.35731248726632,-86.79104269211406,91.41639059308218,0.041729354507878166,-0.051332006299020204,0.4630092434134736,0.8838812853632301
robot3,1993,1722895206132134152,37.309230819655816,-87.0858664177365,92.11537618238191,0.047403239614908,-0.05008271881563375,0.45373304127349257,0.8884655206628748
robot3,1994,1722895206632250264,37.34717150662306,-87.47832455285504,92.91289101100612,0.04538615279915942,-0.045762286021428046,0.4457273197173169,0.8928454887436018
robot3,1995,1722895207133788806,37.24887276752284,-87.70816695760901,93.58996421203416,0.04621416814541289,-0.04926968714848593,0.4359287659278348,0.89744239905832
robot3,1996,1722895207632008106,37.059289535046936,-88.01369384200218,94.29841992431196,0.047894870570728054,-0.04850690363847604,0.4365208858917372,0.8971079521733791
robot3,1997,1722895208129062191,37.05947420869413,-88.2315834424858,94.8857115754714,0.048541545940287194,-0.04191011790859679,0.43436355488602246,0.8984517585944122
robot3,1998,1722895208634000354,37.045358443569604,-88.41362303445042,95.50499746032932,0.04846451326473211,-0.04517315725680003,0.437310330555518,0.8968669085248314
robot3,1999,1722895209127819261,36.992632286675416,-88.42282932317886,96.03549023634392,0.04864620396241669,-0.04948125062273743,0.445905035571992,0.8923866045209315
robot3,2000,1722895209634306141,36.920715728744774,-88.54037173662847,96.45695357381516,0.04680375082175507,-0.045277896820930905,0.44529203864182804,0.8930141775418198
robot3,2001,1722895210128825964,36.722741780845624,-88.71576363197518,96.73990265970646,0.04494773397809731,-0.044393821320814306,0.44477223208779726,0.8934128672693316
robot3,2002,1722895210628857600,36.52856618382646,-88.90898851869171,96.94145818107367,0.04700507614089201,-0.044373989637887294,0.44405038106656597,0.893667013453693
robot3,2003,1722895211129386423,36.563289698670374,-89.16104389741876,97.30674670009427,0.04582119624650072,-0.04309009581632199,0.44288772532312726,0.8943680027679802
robot3,2004,1722895211634290677,36.76438073833172,-89.48839133137851,97.78863540403562,0.045024166005288725,-0.03930605240707724,0.43941488491897374,0.8962937116990979
robot3,2005,1722895212131113183,36.884588840496875,-89.67505668401367,98.15990721867279,0.04652601868141256,-0.04014694695211633,0.43610718761664774,0.89779400373648
robot3,2006,1722895212631475761,37.00907271161544,-89.75928801596037,98.63426380824946,0.04853918907226804,-0.04091766149725078,0.4322677708186046,0.8995077911910032
robot3,2007,1722895213131128158,37.084261699379304,-90.02731076065952,99.19052913320017,0.04658363328447497,-0.038093465661717674,0.42844009403523214,0.9015641623350933
robot3,2008,1722895213630841532,37.167468599218886,-90.36372687322755,99.68623585802867,0.05021973527285141,-0.048609178365910916,0.42177677833723615,0.90400192213467
robot3,2009,1722895214132520223,37.07653008073692,-90.76863715275147,100.16948678775293,0.053592209597142275,-0.048231381361580915,0.4208767818076995,0.9042479435739094
robot3,2010,1722895214630629408,37.09382793508673,-91.11624008004114,100.707542708388,0.05174461726911271,-0.04734998305635716,0.4285041237831169,0.9008133489181313
robot3,2011,1722895215132166896,37.08108951704762,-91.47654458065772,101.33087927224474,0.05515165733538249,-0.05139534717916712,0.4276832629520267,0.9007795732431997
robot3,2012,1722895215632266291,37.105992354818,-91.92808114815513,102.0526089077319,0.05361354508179099,-0.04801191973488577,0.43235430897888094,0.8988271217840103
robot3,2013,1722895216131774547,37.06726245771999,-92.2396320359394,102.89117512026321,0.050741883717471944,-0.04818193289389251,0.4565760259929241,0.8869284610767206
robot3,2014,1722895216629090183,37.04252779663477,-92.58797356225571,103.66794633613449,0.05066887886495255,-0.043925289266732066,0.4462992297807176,0.8923677667725011
robot3,2015,1722895217130819327,36.91322397524177,-92.91364225396346,104.48728925147623,0.051857006327264914,-0.05035168581503551,0.43305763965502925,0.898463488054341
robot3,2016,1722895217631504933,36.72043084728781,-93.17156689426045,105.25475633384481,0.05326753879963853,-0.053053598511188946,0.4222032309284996,0.9033782800072063
robot3,2017,1722895218129565523,36.48800816448354,-93.44559225314997,106.0268704900933,0.04938278692069034,-0.04677855781862611,0.41066415488985075,0.9092458736628722
robot3,2018,1722895218633379595,36.337858723365386,-93.68659449352248,106.76272093775792,0.05081074390424073,-0.0488480317039141,0.39941083117078313,0.9140586009912139
robot3,2019,1722895219131115758,36.2341043377452,-94.00984827536658,107.48662441205688,0.0542240202505331,-0.053727924225609264,0.3993894961734821,0.9135978853590726
robot3,2020,1722895219627768326,36.14148435986391,-94.3621939340685,108.33995273446396,0.04653560342515769,-0.045002732040918286,0.4374819437260372,0.8968939405729076
robot3,2021,1722895220132857576,35.94539088012669,-94.66707800821838,109.23787739970065,0.04952366558312678,-0.05176596113306971,0.44302615127566747,0.8936417185321249
robot3,2022,1722895220628919136,35.7478290174201,-94.96460739421319,110.02686130609005,0.04885291517258433,-0.05205876073645154,0.44322724065173474,0.893561912378753
robot3,2023,1722895221133371095,35.66503887307817,-95.363217501535,110.83858886396733,0.04777415987161628,-0.05194589160632906,0.44181315733202203,0.8943267792043883
robot3,2024,1722895221631047030,35.63058049703634,-95.68413300729159,111.68377750631404,0.04602358638336018,-0.0494157372816182,0.4419884644394482,0.8944753276126659
robot3,2025,1722895222128210461,35.50870758387383,-95.82239662136614,112.53782685241433,0.043503354009791134,-0.04952681989366802,0.4409641715046743,0.8951006377778508
robot3,2026,1722895222634322505,35.36000161880294,-96.0521152834439,113.33393485408291,0.04329282998171479,-0.04856433773224464,0.43481488205008884,0.8981666072174862
robot3,2027,1722895223132399981,35.26271045349729,-96.3148796274568,114.08302756262053,0.04737008513715184,-0.050613022038883265,0.4206322311784194,0.9045788650681902
robot3,2028,1722895223630672642,35.16991069651598,-96.47876250606004,114.72448642370954,0.04378275478892314,-0.04917687439921431,0.4105866116097259,0.9094412239250323
robot3,2029,1722895224133215985,35.132946372070954,-96.7809320935488,115.38010123916264,0.04452796376568464,-0.051059853337742316,0.40126117871547407,0.9134547707882852
robot3,2030,1722895224631883376,35.17904826126476,-97.16982309482212,116.08802022096913,0.04380087792877941,-0.049735362542817095,0.39032434168053853,0.9182890531292731
robot3,2031,1722895225130251020,35.13271329957907,-97.54590228455811,116.89489623545049,0.04155229478241628,-0.05216724278635004,0.41052382794046216,0.9094075941355972
robot3,2032,1722895225629297266,35.14243652771329,-97.89843506090344,117.74179379097782,0.03845037449651475,-0.03910492045765114,0.40846724090995945,0.9111239690626537
robot3,2033,1722895226132195788,35.16729221742586,-98.23134134010306,118.53338798845911,0.042538141282937945,-0.03861807458605422,0.4122535931543827,0.9092558087704249
robot3,2034,1722895226630198333,35.23254278022226,-98.51774985420917,119.27701175626393,0.0431661666435898,-0.03577556137754682,0.41208783745747085,0.9094176188556302
robot3,2035,1722895227138437376,35.28739874231009,-98.88168548452273,120.12205333712649,0.04122560006099628,-0.03138602346867195,0.411700448066812,0.9098451013727672
robot3,2036,1722895227631410126,35.33913045935462,-99.25863290062328,120.97966254268347,0.04829087151038542,-0.038579155947516604,0.4096718404894294,0.9101365961025566
robot3,2037,1722895228132414413,35.361081612539145,-99.61961344795974,121.85038458481668,0.04566207441929102,-0.03876543977721127,0.4355520835092455,0.8981684687125027
robot3,2038,1722895228629650502,35.212502045543395,-99.84344900930888,122.7976604953592,0.04167568956395021,-0.041078873038565306,0.4985134653556611,0.8649046120517226
robot3,2039,1722895229132818018,34.8267446651718,-99.89460797281649,123.92605500530237,0.03672351394210673,-0.043427893518781104,0.6235360714960849,0.7797231362038031
robot3,2040,1722895229640576424,34.33061546139373,-99.76823469294669,125.02149820971901,0.029510480529812342,-0.045469363696049134,0.7073175542291094,0.7048145472273729
robot3,2041,1722895230131017788,33.77062966921716,-99.5771233601531,126.0031414559984,0.027030451946854533,-0.04640526670307928,0.7541183677693006,0.6545390693325577
robot3,2042,1722895230630377020,33.1030989937333,-99.21890442453231,126.91557677381581,0.019802173777201077,-0.045283285493846324,0.8145477223960107,0.5779872887080232
robot3,2043,1722895231135626426,32.215758845972964,-98.5049423354577,127.6434413565948,0.01135899471186129,-0.04367210523711028,0.9058106507192334,0.4212728160075056
robot3,2044,1722895231633149051,31.389506607062273,-97.51670815356461,127.73461128454784,0.00033133119830472846,-0.04357225487236206,0.9705003990510215,0.23712934079692208
robot3,2045,1722895232133421858,30.90155070333957,-96.71285848488124,127.44172243568644,-0.006608022127757068,-0.04380270066047392,0.989703022305679,0.1361087252802431
robot3,2046,1722895232632092686,30.293613643552803,-95.9136405435898,127.28071996761686,-0.011258086467391465,-0.049986062712610635,0.9924126732974504,0.11176643012189116
robot3,2047,1722895233132213256,29.75845450349655,-95.19935562443756,127.26420671178944,-0.0063233263612873115,-0.046392901355327844,0.9924380406206575,0.1134656325791807
robot3,2048,1722895233628803695,29.124938298010928,-94.30684224904012,126.88644057361543,-0.006555668959138447,-0.04130107973427936,0.9986936171381315,0.029364997953958964
robot3,2049,1722895234132204905,28.542249293964833,-93.4290343587772,126.17773970645449,-0.01642621133158108,-0.04409908998074017,0.9988548371320831,-0.008629263120370705
robot3,2050,1722895234631619502,28.072742910817503,-92.8319457238548,125.49915125433638,-0.017765256434201186,-0.04850220311034789,0.99862485900527,-0.008962306286579864
robot3,2051,1722895235128429760,27.944316673756454,-92.45307375593949,124.6504555902746,-0.011953827254904783,-0.05044731967001727,0.9979202938928305,-0.03830484289117597
robot3,2052,1722895235631790387,27.610228017399685,-91.71926598981312,123.92757156017123,-0.015429934926386198,-0.05279904379434969,0.99432110043227,-0.09110283924077002
robot3,2053,1722895236129953768,27.211719202414177,-90.9711150513762,123.11811983942623,-0.022910768411596522,-0.05159270046029649,0.984844944055728,-0.16399306728601165
robot3,2054,1722895236631023443,26.829488715488043,-90.34813712367948,122.51163166424497,-0.013506265394756186,-0.05125785611888574,0.9941203963768799,-0.0944184859477068
robot3,2055,1722895237131092181,26.58087509985452,-89.80764445563122,121.90979336583322,-0.009644689258635172,-0.05097481458070541,0.9914441307814105,-0.11977931284934108
robot3,2056,1722895237631853674,26.25561459308926,-89.14544170451389,121.40204050925927,-0.007635374007144645,-0.050411104625715124,0.9954349743246079,-0.08068229970416804
robot3,2057,1722895238128565460,25.860080201565236,-88.44150924229122,120.9473223331307,-0.014259019749949196,-0.05064414006938538,0.9963271616185121,-0.0675576676151734
robot3,2058,1722895238635743061,25.377778457061996,-87.74340728255342,120.4944095057566,-0.008907604567493555,-0.047531648417037026,0.9973088313835904,-0.05510437209446904
robot3,2059,1722895239130953610,25.05347444829554,-87.10456847281081,120.04338674655823,-0.017427336719039916,-0.043331656517240344,0.9959170262123498,-0.07725239399981672
robot3,2060,1722895239628122117,24.73818495007041,-86.51292148306004,119.59249926693019,-0.013985202002426365,-0.04065495260856301,0.9925414172282304,-0.11407508071407471
robot3,2061,1722895240132274784,24.24173732460017,-85.71236851521606,119.40168852668927,-0.014294357677305206,-0.04029000538036282,0.9919365516819785,-0.11930743582153315
robot3,2062,1722895240630037545,23.689434722498646,-84.90619480897529,119.08862032584105,-0.015715108179163596,-0.04172144908250614,0.9903206711817433,-0.13144323600518473
robot3,2063,1722895241130330125,23.270553758222068,-84.18231103359247,118.56179422911315,-0.016377593239192984,-0.04397816948413833,0.9900239887231228,-0.1328540432251646
robot3,2064,1722895241630182870,22.869646141122118,-83.46668602196372,118.02512281010318,-0.017441608665445,-0.04415945410498313,0.9898772009669938,-0.13374924263733706
robot3,2065,1722895242128943741,22.520939970070863,-82.77135840421549,117.43060852495128,-0.014966696800432472,-0.043776045889049126,0.989752811482792,-0.1350889631136176
robot3,2066,1722895242631663639,22.19772401919437,-82.13560829012745,116.88679696525102,-0.015471843992336271,-0.046752860434450205,0.989723961666433,-0.13424333051580126
robot3,2067,1722895243134706492,21.889426732615647,-81.5029844909376,116.35837747809067,-0.013987133571383929,-0.04338620044647047,0.991323206565114,-0.12328948791659103
robot3,2068,1722895243628342641,21.56234225798662,-80.8900141300352,116.02098624318381,-0.014382878822987393,-0.043536535656071455,0.995851044091686,-0.0786028042841331
robot3,2069,1722895244131702167,21.18715986791454,-80.26258611871745,115.96709830969559,-0.0040051551408509765,-0.047195555179442024,0.9973852657009709,0.0545817741210901
robot3,2070,1722895244631325240,20.752799582317255,-79.68832311627735,115.97361949881382,0.0047850505371951815,-0.043907208039726746,0.9944318339678625,0.0956796110194139
robot3,2071,1722895245130091792,20.306240372470622,-79.18119520345407,115.83475333632079,0.003885469872671885,-0.04453592321265801,0.993817637813273,0.10162655872709053
robot3,2072,1722895245632899612,19.866700239884647,-78.55730436309854,115.68496368922114,0.0008786469484904019,-0.04603176937095978,0.9931298565063095,0.10757970209977301
robot3,2073,1722895246127744256,19.287353729670816,-77.97075010600645,115.67712530934577,-0.00533537369528885,-0.04551712137047519,0.9918583509360057,0.11881387599175594
robot3,2074,1722895246633707347,18.777655216071693,-77.41281484829972,115.66637871042688,-0.010272108680799889,-0.04462596910891641,0.9894356543277847,0.13755032755064034
robot3,2075,1722895247130902238,18.435450751355013,-76.89422381926326,115.57171030392668,-0.008442437393523709,-0.046646745732618254,0.9880044133440086,0.14696967570275973
robot3,2076,1722895247631722552,17.959286597049857,-76.37826098102357,115.65108570666119,0.00047170399346829056,-0.05268134367528062,0.98259787747015,0.17811755869387327
robot3,2077,1722895248129456216,17.403992270572218,-75.79355576360281,115.77460509511052,0.0013334587868531953,-0.0580253647795195,0.9753710233677255,0.21279719383597007
robot3,2078,1722895248629076074,16.8735042753002,-75.23828454449125,115.93673329170993,0.004429265825943134,-0.05900417297946103,0.9664314193808151,0.2500184009404825
robot3,2079,1722895249132586972,16.251558005612463,-74.73280567085096,116.15650422098672,0.007190314345677124,-0.06041892427251092,0.959951698523459,0.2734786819320456
robot3,2080,1722895249632626360,15.744446463844978,-74.11681611650532,116.41257890258568,0.0009067088568381539,-0.05410795628656294,0.9556562582851851,0.2894695544369042
robot3,2081,1722895250129699177,15.143720980285796,-73.53879049939141,116.68847434826702,0.00934095077537884,-0.0510855185725427,0.951124147678269,0.3044106964843262
robot3,2082,1722895250626699324,14.650989697367889,-72.97938125721669,116.83410998845883,0.00897122884545654,-0.04699955746357086,0.9475501877698524,0.3160050637387769
robot3,2083,1722895251132377984,14.210380191530522,-72.35252732780799,117.0786021860863,0.018216329086076483,-0.04928189559070682,0.941819612388154,0.33198686396097293
robot3,2084,1722895251628349626,13.774561577247978,-71.85343416312412,117.47700614241164,0.014914483440317917,-0.05129994981530181,0.9371724193475114,0.34475169288487645
robot3,2085,1722895252128506784,13.216482711126478,-71.40665762057101,117.87399952870742,0.012753992824468713,-0.05263528127455896,0.9310401257307884,0.36087552855711763
robot3,2086,1722895252629582921,12.642411235933858,-70.94336359401183,118.1610263584169,0.012382985517707444,-0.05466721462365601,0.9248078582110117,0.37628258358063904
robot3,2087,1722895253132442044,12.18856984343407,-70.52506034470564,118.46678928608176,0.013639643253109686,-0.054753819240309816,0.9174020007766926,0.39394104683499087
robot3,2088,1722895253628369721,11.727312241187187,-70.09902393120989,118.84432066319714,0.01444489058041073,-0.05554326132911463,0.911006322806755,0.4083794449567219
robot3,2089,1722895254126583813,11.125780282295798,-69.60674139362473,119.32750956911025,0.011693773884705714,-0.05357580551752638,0.9041109897803528,0.42376432940240794
robot3,2090,1722895254629503182,10.567694092155142,-69.13308181285753,119.68313183224122,0.008504775723387143,-0.050555241456363836,0.9052775699882747,0.42171596795391586
robot3,2091,1722895255142642455,9.940667712550447,-68.62079131336768,120.11212918474327,0.007590115230982549,-0.05430877001733314,0.9134867281172329,0.40315622927552236
robot3,2092,1722895255628969162,9.39012731172809,-68.09206722163795,120.49073595979515,0.0034161767483512615,-0.04907460082699573,0.9163907090139612,0.39725065352115446
robot3,2093,1722895256129444129,8.816900777546927,-67.50496244160811,120.78313652060456,0.006089359671284632,-0.05523054446774687,0.9161040752341637,0.39707156785137326
robot3,2094,1722895256630268239,8.22559862998301,-66.94356504141949,121.12828281630273,0.0036209291307797045,-0.05398479103683903,0.9215992894133382,0.3843530681050546
robot3,2095,1722895257130617735,7.7078164240679765,-66.4185330722684,121.33471946233004,0.011502383686449198,-0.05587367211884066,0.9266828685071044,0.3714898237488218
robot3,2096,1722895257631071351,7.174792873812,-65.84791914084586,121.5135770270685,0.0018359968463905845,-0.054984534989805114,0.9283502440951752,0.3676127776832077
robot3,2097,1722895258131687439,6.623345204279425,-65.21766633856521,121.91778508319172,0.011146179604314474,-0.052425437893715815,0.9359760318916661,0.3479600607342907
robot3,2098,1722895258628937028,6.000075521137626,-64.61413756582667,122.0997566286835,0.006993205690664565,-0.054191276005225324,0.9398957452938794,0.33706140191003225
robot3,2099,1722895259133012192,5.37421788121978,-63.97281725165756,122.2619917630634,0.006760181963347127,-0.046645949764372974,0.9409661853385227,0.335203062873642
robot3,2100,1722895259632174784,4.778868934446424,-63.37878937783514,122.5004195379496,0.011092827435375867,-0.05117264506281737,0.9430506615456243,0.32850229730570224
robot3,2101,1722895260134362986,4.15045109909505,-62.71984750366832,122.77528839001738,0.012758367278370852,-0.05168926633836674,0.948618057034655,0.3119122082855813
robot3,2102,1722895260631755100,3.523664384460606,-62.11331171654902,122.92400294428155,0.011054308084504602,-0.05162199701840142,0.9444843984097872,0.3242872073596297
robot3,2103,1722895261133188107,2.937970958762721,-61.43987809915591,123.17687680888339,0.008017356423482287,-0.0506525748236055,0.946294341614273,0.31921318533000437
robot3,2104,1722895261631053005,2.358117771331448,-60.789036232321315,123.43779733603905,0.013344210911971124,-0.05029773244280241,0.9458045487783524,0.32053989713673137
robot3,2105,1722895262139461188,1.6086921180469984,-60.02723032568188,123.6886299496941,0.012384630799588582,-0.051197373498114436,0.9501292892130027,0.30737563931848416
robot3,2106,1722895262627801655,0.8524220053118952,-59.272659604872885,123.92112182758574,0.011460853821310821,-0.04860876871194065,0.9526317496508001,0.2999976433094947
robot3,2107,1722895263132416211,0.21533828235061958,-58.6740035119451,124.11236004154136,0.019927759336408387,-0.05212409168523274,0.9539229634429964,0.2948167961462702
robot3,2108,1722895263629187893,-0.2657324727453197,-57.983545641697134,124.28817648235895,0.009493430947815431,-0.04910126226865278,0.9553925602772809,0.2910738679086226
robot3,2109,1722895264135429863,-0.943374546158475,-57.26018470289049,124.61353084193311,0.005614194638967102,-0.0438689447785487,0.9573228859068922,0.2856166812731211
robot3,2110,1722895264632932080,-1.7063778579636588,-56.427731785805626,124.8651750425677,0.0021037196246660303,-0.04758526178072597,0.9563022860640444,0.28847383745096006
robot3,2111,1722895265132506300,-2.414216314535161,-55.65169874962852,124.98462368613312,0.010796345021575636,-0.05994612555394532,0.9593249856905315,0.27565462592727746
robot3,2112,1722895265629886926,-3.0791659722926394,-54.96811320821204,125.08767150750171,0.0032608030226866994,-0.057579529591317076,0.9585498519853972,0.2790271423974071
robot3,2113,1722895266129736564,-3.670673188095026,-54.23689181711596,125.24297682285851,0.0043301301448542264,-0.057657206543299866,0.9578279209125884,0.28146504299258934
robot3,2114,1722895266629319471,-4.197848988310743,-53.60912315962105,125.34097873089064,0.00382468754635481,-0.054839321762753426,0.9563539750460849,0.28699319672655355
robot3,2115,1722895267137178735,-4.61774966423149,-53.13406431577221,125.41172757896358,0.011065723281532358,-0.057697050832053814,0.9573691102957358,0.28283031440263123
robot3,2116,1722895267630276233,-5.024634748543964,-52.60382693381392,125.60484459013064,0.003759612426839031,-0.05485457250498666,0.9670970403393081,0.24839516049360916
robot3,2117,1722895268128577840,-5.656058515074396,-51.95494268492303,125.72446378336775,-0.009877934826374508,-0.049238474381177476,0.9857855177369659,0.16032751499428263
robot3,2118,1722895268629385789,-6.283080767900436,-51.18654262016852,125.76173597633644,-0.013769090476262243,-0.046507015056143984,0.9893834024183733,0.1369963237355926
robot3,2119,1722895269128073494,-6.713135602086219,-50.450298531110214,125.73471605621133,-0.012756758015178733,-0.04661424010060678,0.9884190221508284,0.14384788630767278
robot3,2120,1722895269626901727,-7.113044758661382,-49.93866389867782,125.7048756063905,0.0026612809198815627,-0.04474670127964005,0.9855645958096816,0.16325770363126813
robot3,2121,1722895270130228532,-7.3610842069774085,-49.44735779976494,125.69500355574051,0.004402665856966818,-0.04070635977344285,0.9834312122911596,0.17659745043144606
robot3,2122,1722895270632353241,-7.792138184069829,-48.8609932314597,125.80841582450935,-0.002626473656449318,-0.0364167680946777,0.9819635446162197,0.18551150283047163
robot3,2123,1722895271130855192,-8.267806816994106,-48.30861783473,125.91432820601933,-0.00358680627948016,-0.03594708785681389,0.9804038774198509,0.19365737485427673
robot3,2124,1722895271632806739,-8.844115076309338,-47.70402890176231,125.98179312001295,0.0031716247005567026,-0.0373559814156103,0.9815030616649287,0.187739743772081
robot3,2125,1722895272131734907,-9.368500846331745,-47.04760032148167,126.14424386937526,0.0019907813184855995,-0.03986215661582849,0.9805778564023391,0.19202633359274096
robot3,2126,1722895272629803005,-9.789909604438176,-46.40266830894164,126.11997545121632,-0.003307485283663195,-0.039682719999991074,0.9818760768133503,0.18529358341865063
robot3,2127,1722895273132858121,-10.162428591208037,-45.84586471445376,126.10282237444565,-0.007733182064858235,-0.03561622418912771,0.9830720965089595,0.17955761062996062
robot3,2128,1722895273631063054,-10.49886689994506,-45.424444515131775,125.93917378022516,-0.0058600142980103475,-0.03386712333249386,0.9907214793825855,0.13149003186397784
robot3,2129,1722895274129420994,-10.682109944062816,-45.22800829215936,125.78827053349254,-0.005717197552991298,-0.03019379177883204,0.9973193861552075,0.06640550119648703
robot3,2130,1722895274628414907,-10.87286380638609,-44.924960481747114,125.74341672780714,-0.009422583145246173,-0.025154435469506808,0.9996149033371121,-0.006965222854827439
robot3,2131,1722895275130693055,-11.2328328603018,-44.46153746299926,125.64269397219505,-0.01033814838697115,-0.01975412170799175,0.9964279016591292,-0.08145142207880562
robot3,2132,1722895275635198119,-11.57065328546102,-43.96851372871107,125.3931029501782,-0.014323992708450658,-0.019997654331425106,0.9928166638354046,-0.11708966250214467
robot3,2133,1722895276133475262,-11.66661468170955,-43.8075343806619,125.09428347739906,-0.014313672492919417,-0.02095642072424474,0.9844106291128203,-0.17404499561864797
robot3,2134,1722895276633218750,-11.714639831650867,-43.55029930160106,124.80705708990996,-0.019835393894167077,-0.018161595335317415,0.9731107123388743,-0.2287624425802195
robot3,2135,1722895277131459986,-11.861208353933172,-43.30669408821729,124.531851578429,-0.0268427829003505,-0.016275363856277595,0.9562318968894798,-0.2909211867648308
robot3,2136,1722895277647963012,-11.835836146315826,-43.312063599056835,124.43273369247345,-0.02677738300187867,-0.013499299337384031,0.9488645024005953,-0.31425610059478754
robot3,2137,1722895278138251209,-11.862341038874526,-43.256718895517466,124.29793625449135,-0.028152718233580364,-0.013154001288826723,0.9411121744458714,-0.33666343997517467
robot3,2138,1722895278631064217,-11.923417377955776,-43.05784375131834,124.11336486851523,-0.03306309917926254,-0.009505531291555989,0.9215872989144863,-0.3866436690636857
robot3,2139,1722895279132055446,-12.00333716893352,-42.72775083575845,123.79877818915185,-0.03284184183030791,-0.00569378857693839,0.9220079758665197,-0.38573343987183345
robot3,2140,1722895279634213408,-12.135851976456786,-42.38658856886201,123.45983648130287,-0.03156649953292142,-0.00393937142742025,0.9277024677330703,-0.37196259062164655
robot3,2141,1722895280129656765,-12.180975688395923,-42.29346895443678,123.26734767234078,-0.02868261301087155,-0.0035010403972957154,0.931451680343876,-0.36271589103811624
robot3,2142,1722895280631150024,-12.300101018200955,-42.1119715585944,123.00407530690788,-0.025430479255919125,-0.004429622509490438,0.9354288136941489,-0.35257141642509127
robot3,2143,1722895281132629108,-12.368097794382987,-41.96387490917555,122.83547659112986,-0.024130118957651183,-0.007472743244859876,0.9391268112729595,-0.34264081457959605
robot3,2144,1722895281632297644,-12.422403849190864,-41.84439128659744,122.65651336812931,-0.022045857011302565,-0.009357388181118202,0.9428846893054292,-0.33225725296593517
robot3,2145,1722895282133711717,-12.546410457514918,-41.5814157637857,122.43090339164314,-0.019326472464690277,-0.010487590576959699,0.9465815769608268,-0.3217138729745982
robot3,2146,1722895282630991622,-12.674393873515351,-41.278151016903976,122.19893112168637,-0.017601328840790745,-0.014062620032280834,0.9550604492733493,-0.29555367393191734
robot3,2147,1722895283137816640,-12.819350614881543,-40.999782488745616,121.9993933452663,-0.01566723070107841,-0.016215258452321746,0.9603354709402171,-0.27793414063319904
robot3,2148,1722895283627140025,-12.949635327738847,-40.74053487648563,121.78848485716651,-0.01638108799583638,-0.01920408654981972,0.9653594692886728,-0.25969974599631734
robot3,2149,1722895284131491784,-13.056549371374027,-40.474592090953685,121.53947987020676,-0.016702951406916966,-0.018745283787394845,0.9671283888471457,-0.25304605358699517
robot3,2150,1722895284628346296,-13.13799448218028,-40.27134512445511,121.30750290754578,-0.010484891241511808,-0.01593792945170222,0.9663969212416849,-0.2563455481865035
robot3,2151,1722895285130439819,-13.183009252437001,-40.045071415834656,121.1045753571004,-0.005414883392638921,-0.01177445057968729,0.9637428329635375,-0.26651790420683896
robot3,2152,1722895285628309818,-13.271101727755424,-39.732820394800484,120.83537381613301,-0.007978488696492194,-0.011010909854916758,0.9542198579776542,-0.29879686448052367
robot3,2153,1722895286128460615,-13.372079424075611,-39.44958559134174,120.4830498538207,-0.007105106494152439,-0.010679131522901864,0.9461474420149608,-0.32348182573395
robot3,2154,1722895286630314934,-13.476563703003755,-39.150562978896936,120.04472316933386,-0.008758401878135346,-0.009438862954253087,0.9367302795075657,-0.3498150678806585
robot3,2155,1722895287129411666,-13.512039413702977,-38.902411706749376,119.544698643691,-0.008167212449749927,-0.007051285190618256,0.9189977208986138,-0.39411516717974054
robot3,2156,1722895287627721306,-13.533859952395854,-38.66618335534294,118.9667267652955,-0.007466578333425111,-0.00551946486553004,0.8990884187408198,-0.4376685972305086
robot3,2157,1722895288131628668,-13.559329398326616,-38.40553312485764,118.38365975264345,-0.013889447482176817,-0.0065094087363648,0.8919738914524561,-0.45182661255586176
robot3,2158,1722895288629423393,-13.613867557330995,-38.18960312893359,117.88173642141709,-0.015590177519358015,-0.004969681705655405,0.8941724878973311,-0.4474235247683753
robot3,2159,1722895289131892671,-13.616427968574014,-38.00784277316977,117.43503207063242,-0.0067565006346121,-0.005111563652506324,0.8977432512119013,-0.44043759662372817
robot3,2160,1722895289632083306,-13.639910411458589,-37.86085612849402,117.01505817975189,-0.004403597540605853,-0.008862710425755831,0.9011123795732862,-0.4334726520466772
robot3,2161,1722895290128421174,-13.6979414676871,-37.64256937562217,116.63845862391204,0.0006498102785058316,-0.013428411593349602,0.9031894324416702,-0.42903158931991847
robot3,2162,1722895290636363857,-13.78386211958479,-37.352975332485876,116.22213147708456,-0.007429701986601352,-0.01957987549810855,0.9223288810021607,-0.38583787174559603
robot3,2163,1722895291136148307,-13.898339323159624,-37.0826878957252,116.02823942112805,-0.005378486704091225,-0.01902177706380602,0.9568161801092031,-0.29002076022130185
robot3,2164,1722895291637334034,-13.971005496511024,-36.947839990529914,115.87921035411641,0.0021057637169097643,-0.02095066568471389,0.9740619717067623,-0.22529960195541995
robot3,2165,1722895292133288222,-14.216525687587207,-36.57095773074814,115.76127021243592,0.003015391940920435,-0.027243974078834374,0.990442715093508,-0.135173597296345
robot3,2166,1722895292638392896,-14.445554000038655,-36.17147980243712,115.6831976492392,0.007395142335514574,-0.03310751350689199,0.9976797940981248,-0.05902739082452963
robot3,2167,1722895293133000246,-14.59356019205784,-35.94416258741239,115.57701067484106,0.008778305094731851,-0.03698157027274736,0.9991391353455956,-0.016622064874170506
robot3,2168,1722895293633216125,-14.769136924167672,-35.639186800690304,115.49244340342987,0.0055841164245293545,-0.04187284578898418,0.9990045471162453,0.014331687631075452
robot3,2169,1722895294131292790,-14.946890691991857,-35.3205815548782,115.43128073389403,-0.00585857225659847,-0.045364827711242735,0.9986484113626569,0.024679141408994555
robot3,2170,1722895294629430453,-15.201646914476656,-34.96704787450541,115.40408726948361,-0.009932089287501479,-0.04232699187174841,0.9982019279347603,0.0412636695993193
robot3,2171,1722895295131571678,-15.44915585705791,-34.64254305328319,115.35735357916164,-0.01178466012667244,-0.03619522001620207,0.998075043593674,0.04896156849165888
robot3,2172,1722895295632192128,-15.627700822854553,-34.34569653643638,115.32224372388622,-0.011131342873175907,-0.03167692500395011,0.9976945500199597,0.058976694453013866
robot3,2173,1722895296132214443,-15.899492771099075,-33.945263257498006,115.29028372362407,-0.01051832604446661,-0.025673190795453247,0.9970261147884806,0.07189699939072625
robot3,2174,1722895296630397192,-16.060908065803307,-33.6898699482011,115.27238226031551,-0.004903389576255476,-0.02347856449779764,0.9963588002643122,0.08181598203069367
robot3,2175,1722895297130785594,-16.162335336687942,-33.49596254451829,115.1879709871273,-0.0011275001307703945,-0.024010077025371546,0.9952974368006303,0.09383633221085605
robot3,2176,1722895297628931829,-16.329022037370837,-33.25380597527398,115.18975763893636,-0.0010837791853965124,-0.0230014373510522,0.9943163166594104,0.10394624441184003
robot3,2177,1722895298133334173,-16.569031201142085,-32.90113715701845,115.3220455067937,-0.007327499487534643,-0.022363157365613884,0.9868978215630264,0.15962107234965445
robot3,2178,1722895298629365859,-16.815872372391073,-32.55836429852725,115.38876552273022,-0.003420618325449818,-0.023453849883642585,0.9837271210666394,0.17809875792337349
robot3,2179,1722895299128127006,-16.991416347095075,-32.29229153616117,115.40233501155812,-0.0041297906637053,-0.025195959149173993,0.979885178862942,0.19792206727994546
robot3,2180,1722895299629229065,-17.250021485346597,-31.916972418356274,115.49753375724447,-0.016117662706728292,-0.018189645931961432,0.977143752587669,0.21118580565139908
robot3,2181,1722895300134150826,-17.465637119426344,-31.59147981686859,115.61145689308307,0.017144394222682942,-0.020033522655605752,0.9736568398487563,0.22648860000555854
robot3,2182,1722895300627140436,-17.784934590850053,-31.26526660788157,115.72355644719181,0.019377241228247293,-0.020943744214217578,0.9703281215442209,0.24010251694044285
robot3,2183,1722895301130086159,-18.16557343542669,-30.781023442096416,115.99348101669499,0.009625805024990457,-0.01564428429617863,0.9610925737200504,0.2756150666902134
robot3,2184,1722895301630218574,-18.52073214293262,-30.308819802262228,116.20144592933971,0.009859835846569364,-0.01734009357656167,0.9591395411378564,0.28222941983021016
robot3,2185,1722895302132318131,-18.993666525734525,-29.732548031608523,116.40710695837308,0.011850898208209318,-0.013350005147357558,0.9599257940574503,0.27968518637460577
robot3,2186,1722895302628996434,-19.49576117696143,-29.09417602657796,116.63731852180747,0.01238057526243056,-0.01157460185955994,0.9603242701014278,0.2783703400186948
robot3,2187,1722895303130467129,-19.979854849890884,-28.42906125344715,116.84267153400303,0.015474835800209861,-0.014573419262380488,0.9611977880768702,0.27503991911010206
robot3,2188,1722895303628521832,-20.409738060708175,-27.776092674890748,116.95332331518266,0.009931873126007825,-0.018547957618541524,0.9617637593816142,0.2730710572443264
robot3,2189,1722895304132747018,-20.799545722710484,-27.23356911040653,117.08616112575652,0.013614816141506626,-0.018403988556627164,0.9600799619307443,0.2787873682319574
robot3,2190,1722895304630126597,-21.32191912461824,-26.594616713978144,117.34271067421913,0.013537935881447062,-0.019768797503803497,0.9598345097196744,0.27954182672458106
robot3,2191,1722895305128460148,-21.802881602755715,-25.996792720138426,117.5895293054159,0.013921085324029962,-0.02037877367047096,0.9621334503818322,0.2714592651272732
robot3,2192,1722895305628317730,-22.237897750324656,-25.393580565567806,117.72491058257062,0.0007088927035286203,-0.016784129558446933,0.9612071202917444,0.2753155686962731
robot3,2193,1722895306131526464,-22.71022303436274,-24.744102686374298,117.87113156513614,0.010093229087292117,-0.016361923927816234,0.9612143951075987,0.2751314246135927
robot3,2194,1722895306628434489,-23.093503464952235,-24.173956291078078,118.04282032523862,0.005027034849217245,-0.01187568331773049,0.9587601782820663,0.28392361227432666
robot3,2195,1722895307131459338,-23.434878594886353,-23.6641878926118,118.18191980397366,-0.003068845578412292,-0.01361082147436731,0.9561410710721211,0.2925740588887983
robot3,2196,1722895307627510506,-23.846492329006406,-23.084710873706502,118.41579929056947,-0.008261516180475778,-0.01539406983452842,0.9546679052603552,0.2971598233781525
robot3,2197,1722895308127960573,-24.27753416241982,-22.544283779555,118.61062511608698,0.0029082098118614237,-0.023503878440772067,0.9554655446620477,0.2941508167209269
robot3,2198,1722895308630994608,-24.73703448370052,-21.95540837980428,118.92331204277559,0.0009590180037759428,-0.02435098412533394,0.9515105716042461,0.306649216503087
robot3,2199,1722895309130149429,-25.295398350204017,-21.273975164214367,119.34910441857151,0.010293043657672668,-0.022532110884191034,0.9488325578484911,0.3148065031063581
robot3,2200,1722895309632006966,-25.851650272948437,-20.514794631397404,119.36523263340959,0.011868720140847515,-0.021531538301981894,0.9688212133458589,0.2465379948641307
robot3,2201,1722895310128233695,-26.411557312878067,-19.694016612810515,119.24763400657964,0.025561041763272133,-0.031917374617464626,0.9825508316082704,0.18144359356946485
robot3,2202,1722895310635466656,-26.95424147544753,-18.85168819823004,119.13674339008259,0.02025810343682533,-0.021660864025442664,0.9951727644104365,0.09354990748527839
robot3,2203,1722895311132318372,-27.378378427994083,-18.044087809143956,118.63697719943477,0.004991289283964519,-0.016531869334348262,0.9980314350710119,-0.06029128409390869
robot3,2204,1722895311637506571,-27.477552215170768,-17.569047851141097,117.91935314697143,-0.01176611793499796,-0.02762630197197144,0.9774480722499248,-0.2090301699827058
robot3,2205,1722895312129700623,-27.436041763912822,-17.402565841309702,117.32522671835494,0.007928831783863357,-0.017903862649615604,0.9454832838676532,-0.32508144403457695
robot3,2206,1722895312630450775,-27.42213939450383,-17.19870926313463,116.64550748218703,0.008150008025278257,-0.010357294418803698,0.8758204802008261,-0.4824570346489981
robot3,2207,1722895313131030673,-27.34527826824035,-17.1437457517421,116.18270883555411,0.009705462115979531,-0.0040132691058549635,0.8234551772368369,-0.567284116433775
robot3,2208,1722895313631002450,-27.030633276316774,-17.15315850616541,115.3505633551574,0.004554379316495909,-0.008874241813328907,0.7341145870639055,-0.6789523389172994
robot3,2209,1722895314133945292,-26.551202402999685,-17.445039835620317,114.51671383355806,0.014573226712685603,0.010152869533361992,-0.5685145292497223,0.8224814711197972
robot3,2210,1722895314628983539,-26.178698694420426,-17.86008403660545,114.17224319981291,0.008690628836089039,0.009984381965517404,-0.47720111145381483,0.878694420327365
robot3,2211,1722895315131874149,-25.765095495122697,-18.322527766342297,113.68759171352487,0.006974774102597908,0.013875355624303141,-0.4498429547848299,0.8929726440731376
robot3,2212,1722895315631406300,-25.3975960517047,-18.74787286593852,113.18634676708538,-0.00698609355669799,-0.007686766831971043,-0.4362287082934356,0.8997758733001949
robot3,2213,1722895316129415374,-25.141165579838017,-19.01330384609903,112.92212484691643,0.023519464773297364,0.0016140494573804345,-0.4234485119298593,0.9056133763176837
robot3,2214,1722895316630351938,-24.686958406443598,-19.53840612390181,112.56636949155158,0.02543117048544991,-0.016628831405526397,-0.3665194641277326,0.9299140927791912
robot3,2215,1722895317130825542,-24.254238685410748,-20.078757975355575,112.17332745142068,0.023866168599943265,-0.0016305155753826488,-0.3537321711707307,0.9350408004435734
robot3,2216,1722895317629472686,-23.918143802317307,-20.39021660953777,111.8581041446319,0.023378962767707245,-0.003470388022438722,-0.35776290556770174,0.9335133014085206
robot3,2217,1722895318132923779,-23.78446630811771,-20.630733196557273,111.65607081644131,0.022297674624132943,-0.0055114424388204375,-0.35850766957238234,0.933244174140069
robot3,2218,1722895318632021958,-23.5314373403983,-20.966236717227343,111.3219476770915,0.02358170620610222,-0.004313470931236197,-0.35411878579442696,0.9348931396948077
robot3,2219,1722895319131476528,-23.257143954394465,-21.192232068078237,111.07919560146843,0.024836724801858348,-0.005489451677077859,-0.35325629694197147,0.9351807267540576
robot3,2220,1722895319630862570,-22.888255087238804,-21.715811713595272,110.76929279110219,0.027876008585184915,0.0066324007986293156,-0.3137487433234131,0.9490735827468723
robot3,2221,1722895320132576787,-22.466603053799414,-22.278027875530498,110.44522084267153,0.024773932532059523,0.015031156180161638,-0.31545193408770816,0.9484990215551669
robot3,2222,1722895320637106933,-22.027961628909143,-22.7942173521181,110.17071321622231,0.010317717192998276,0.0004974253375491015,-0.3214158867454269,0.946881790419274
robot3,2223,1722895321133605178,-21.805649910704147,-23.266040834451392,110.0719206224268,0.009906222905938273,-0.002710211843505208,-0.2987015456581343,0.954291311980227
robot3,2224,1722895321632792279,-21.50156014156529,-23.73805300653116,109.72901230627748,0.012647575088740764,-0.005786437230317587,-0.29168507530625226,0.9564132855790639
robot3,2225,1722895322129171397,-21.15244431738428,-24.08732821894095,109.55057719488549,0.014064237625752997,-0.0045314956471513195,-0.2783265127522474,0.9603728521081691
robot3,2226,1722895322632388857,-20.883424625892214,-24.502943357445368,109.38400383453916,0.012385928817485119,-0.006899765093512557,-0.261793605962699,0.9650197354904353
robot3,2227,1722895323130386304,-20.56190284312415,-25.062477883887045,109.22254265027203,0.013717847677767724,-0.011929705576465046,-0.19275955065469003,0.9810776006062671
robot3,2228,1722895323632353621,-20.245346487154055,-25.55568336763363,109.21773154072663,0.012032059773894418,-0.0087921900415401,-0.1174715566616756,0.9929644305348272
robot3,2229,1722895324131186253,-19.978334116771062,-26.13026066303,109.19904774045771,0.012855688603649386,-0.0015698485291786885,-0.09444605983526076,0.995445733642832
robot3,2230,1722895324629969378,-19.644680624952706,-26.777835813189096,109.24600871515486,0.013596585135998084,-0.006694026932331598,-0.04197504189218175,0.9990037130732891
robot3,2231,1722895325130157512,-19.21531775804676,-27.386353750579758,109.2446760280705,0.015585003526131685,-0.0021243016766559516,-0.01817567483052219,0.9997110781880595
robot3,2232,1722895325633885567,-18.85131730028157,-27.95751923919125,109.24693131072122,0.015487753606148036,-0.006416413955104163,-0.0013568660170211995,0.9998585490132111
robot3,2233,1722895326130917923,-18.50338333513046,-28.506674340797343,109.19048914755015,0.017155195100914875,-0.005413314618900509,0.003869670262330324,0.9998306961470763
robot3,2234,1722895326630762651,-18.063098136854585,-29.161964205607507,109.20507463773586,0.017769066513156736,0.0009681120686532811,0.003755331762972327,0.9998345965796661
robot3,2235,1722895327130449634,-17.71825215979927,-29.71846951696814,109.23202397565804,0.017944598583871943,-0.010039429497052785,0.0022215420751711223,0.9997861101194823
robot3,2236,1722895327630769256,-17.459873561808056,-30.073558930529057,109.17417219601886,0.012622626780143807,-0.009877207237916925,-0.002851074431013436,0.9998674819419507
robot3,2237,1722895328129144050,-17.07091932375726,-30.67695499417671,109.20028315893009,0.012309479696915988,0.0039113601565992666,-0.0026292676973862393,0.9999131286880336
robot3,2238,1722895328633335526,-16.844987857566338,-31.24101316734412,109.21407544618798,0.010128061067674497,-0.015373433923872809,-0.002477899780096812,0.9998274550746631
robot3,2239,1722895329132768551,-16.55857442877944,-31.78549538211093,109.16549694404567,0.008340420104026807,-0.009778153874339455,-0.0016447569254713149,0.9999160564137143
robot3,2240,1722895329632765167,-16.202360911914674,-32.37690457089786,109.12906119641664,0.004126207402281138,-0.013252117078766994,-0.0016260287347544889,0.99990235115033
robot3,2241,1722895330137637468,-15.80842404398531,-32.93809651580352,109.10130077749085,0.0018741878129402375,-0.01365188451917975,-0.0007276086137422164,0.9999047874947004
robot3,2242,1722895330632861570,-15.48860976074559,-33.5428919151049,109.00749454665052,0.0013046734585950644,-0.022167898960715828,-0.023891630536517747,0.9994678944684219
robot3,2243,1722895331130257657,-15.087963719248647,-34.242686822139085,108.83973292758066,0.004685438496288254,-0.013734840069236554,-0.07161841824187631,0.9973265277745809
robot3,2244,1722895331632927859,-14.652262782788393,-34.93645808067165,108.66544234353016,0.00692557542155585,-0.01267068955885961,-0.08356479187297004,0.9963977195831043
robot3,2245,1722895332129693210,-14.233119162042442,-35.52128453479109,108.2818910078185,0.01712887983639543,-0.010124187950829613,-0.18816393013726415,0.9819360659886088
robot3,2246,1722895332631459854,-13.814117033265655,-36.10236531181344,107.88014550677335,0.01884993172590407,-0.015549083682252123,-0.21675050973483492,0.9759211661810908
robot3,2247,1722895333131853548,-13.377804213534311,-36.74472617743385,107.47764432346565,0.017530017842027207,-0.01254394199231899,-0.23111779966549925,0.9726869540975296
robot3,2248,1722895333631592535,-13.043257941560574,-37.24469036519345,107.0959483858911,0.015288143835902143,-0.007562352693534981,-0.24303444764573973,0.9698676923876377
robot3,2249,1722895334132373057,-12.766581918551019,-37.69199082977543,106.76711900127242,0.011582749718687996,-0.009392954219612453,-0.25166429760754233,0.9676996918619354
robot3,2250,1722895334633938518,-12.363445279796233,-38.29660880617193,106.37852533450238,0.01407307835458403,-0.0022100880319323797,-0.23980752762803592,0.9707159284102871
robot3,2251,1722895335128787032,-12.05299601799996,-38.82383139239042,106.04780930030735,0.014101985874786827,-0.007254836727978554,-0.2347128574691171,0.9719353763893563
robot3,2252,1722895335632446241,-11.682174298827471,-39.34157346081557,105.72155301536071,0.015069961483928765,-0.008255211257124424,-0.20655971985451377,0.9782831031361005
robot3,2253,1722895336131960292,-11.18329749278573,-40.000454828280574,105.37447867485128,0.015196039461137918,-0.006742849194101389,-0.2039701186189144,0.9788359439048135
robot3,2254,1722895336631642113,-10.740063502110104,-40.607444679960985,105.0352368927318,0.012932405901008746,-0.009316199289024904,-0.1817136596643821,0.9832223081276157
robot3,2255,1722895337130155471,-10.436979172848126,-41.13624667960304,104.79160843186499,0.010890378362150198,-0.008470837596584256,-0.15388281340029678,0.987992775433885
robot3,2256,1722895337632114726,-10.110707201915277,-41.61244610681975,104.55641708857107,0.011809354090449854,-0.006607819688931997,-0.15049810128970206,0.9885176768187403
robot3,2257,1722895338129879348,-9.830837551299572,-42.04760606344675,104.37681648079457,0.01146078758679072,-0.007091798956581936,-0.1484568520165063,0.9888270424218782
robot3,2258,1722895338631115031,-9.55986852469895,-42.472424877820686,104.20569549926603,0.011396667003932357,-0.006906987165390581,-0.14762295194686847,0.9889539289410761
robot3,2259,1722895339130852515,-9.235469687113879,-42.9637296406601,103.99265657547382,0.011328686724638133,-0.004032379116323496,-0.14721429078960233,0.989031522936995
robot3,2260,1722895339628415190,-8.954883646096947,-43.42288102754147,103.78747912659641,0.013362565613425168,-0.004852569336691762,-0.14681220953267252,0.989062217225587
robot3,2261,1722895340133166390,-8.60790291964983,-43.97413104681821,103.57957823620187,0.015405568017019134,-0.004620403654022038,-0.14680686497405196,0.9890344102914911
robot3,2262,1722895340633790309,-8.324420198600496,-44.467456885233,103.37001907684693,0.016094082077023345,-0.005901509410727239,-0.14691471843802928,0.9890006158820367
robot3,2263,1722895341132970247,-8.016438913002222,-45.037838716413475,103.14759508459782,0.01686972916867806,-0.004908749614610685,-0.1362788795739881,0.9905147063002421
robot3,2264,1722895341632060813,-7.738855881894871,-45.569799105991926,102.98259751002146,0.01796027713160177,-0.005462754957934261,-0.1271372556586881,0.9917074694571999
robot3,2265,1722895342131354482,-7.410700954435516,-46.12560597638446,102.79686503041853,0.020460873004360995,-0.003934077459745044,-0.12243789337894943,0.9922574454119077
robot3,2266,1722895342632117842,-7.097763573768991,-46.68745695623142,102.59847564553024,0.02195743883839686,-0.004868102635318207,-0.11390035337651491,0.9932375757879356
robot3,2267,1722895343130793674,-6.707640997489316,-47.312124287945934,102.40997874173615,0.02418034427819659,-0.005582699230604102,-0.10349620225931733,0.9943202102631662
robot3,2268,1722895343633483793,-6.313204039642893,-47.89308976379923,102.28534900248681,0.0243600181988926,-0.007185264262337042,-0.06884509018158914,0.99730402337939
robot3,2269,1722895344133307986,-5.99570258193885,-48.46745470907577,102.16532286772882,0.025958797490469483,-0.00710684089405616,-0.041528993967124124,0.9987747375186428
robot3,2270,1722895344628123983,-5.675276851268632,-49.032884854752986,102.01174693843872,0.030773581850322567,-0.013360721214484679,-0.011257912238582402,0.999373672457284
robot3,2271,1722895345130484151,-5.245041201496453,-49.654849243362186,101.88227887794515,0.03362879309081511,0.0015794236342223434,-0.0017270276256599719,0.9994316520261999
robot3,2272,1722895345628215187,-4.943831672934711,-50.217920720754975,101.70148461262458,0.03175032658369829,0.00037857473353151636,-0.003465644600706027,0.9994897511983308
robot3,2273,1722895346128327464,-4.545418300118419,-50.88928022856502,101.57951331938816,0.029760845032489422,-0.00493632213370686,-0.002100131862224991,0.9995426525531093
robot3,2274,1722895346629282752,-4.143262968499037,-51.53387341114097,101.45396581753378,0.03078036414371728,0.0001530495758970428,-0.00902461985534515,0.9994854186007287
robot3,2275,1722895347127009157,-3.821633112374766,-52.162655268692134,101.30275863225656,0.033907890190420925,-0.013396496558225036,-0.01587484151191418,0.9992090763547794
robot3,2276,1722895347628022643,-3.4418758069202284,-52.82568687696496,101.20243279808136,0.029294048578483674,-0.00159634026153222,-0.020903661075719008,0.9993509630601665
robot3,2277,1722895348132512933,-3.0994613202116765,-53.509976918253855,101.09499989867282,0.02227309294156024,-0.003072719002708209,-0.020274421378083468,0.9995416027192319
robot3,2278,1722895348632111325,-2.8237132476359545,-54.13580294038844,100.91467911725769,0.017574991166925926,-0.00995948919337195,-0.022361906232801942,0.9995458335714901
robot3,2279,1722895349129824767,-2.4756523126476853,-54.74381499881207,100.83633463160612,0.01574320671290924,-0.006959834516518482,-0.006364597417789543,0.9998315878414759
robot3,2280,1722895349628791699,-2.001203909115314,-55.46084648830342,100.80047672213094,0.014070928185852797,-0.006006201814045484,-0.010004605617333443,0.9998329072331031
robot3,2281,1722895350133684899,-1.5786133891912741,-56.172680416501436,100.6880726260525,0.014846594197821254,-0.002825644395182733,-0.013103072396648117,0.9997999319205045
robot3,2282,1722895350628732769,-1.1982391858685064,-56.804192213273545,100.57442009505371,0.015186504665028149,-0.0042701133122799596,-0.015622981570668678,0.9997534989462162
robot3,2283,1722895351132505015,-0.7261350208214659,-57.62957775114186,100.43863784949728,0.015943379750345935,-0.0020616913869569444,-0.023789975081880407,0.9995877125877272
robot3,2284,1722895351629236541,-0.24450689907349665,-58.410015776411846,100.24791275810651,0.014618732057348397,-0.0014837913054912685,-0.031142242738963696,0.9994069500226546
robot3,2285,1722895352128931358,0.19472880699987513,-59.12316765239877,100.0234614519995,0.014222033069694674,0.0005400767426332413,-0.03776377045809342,0.9991853380295694
robot3,2286,1722895352632039336,0.5777306445813077,-59.78157401850516,99.83986183189054,0.012945126923976938,0.0005350031823249985,-0.03987627372501793,0.9991206234756265
robot3,2287,1722895353135766592,0.9564551269871112,-60.39324338570657,99.67558207530362,0.012535396879279431,-0.002338225046356534,-0.039128171493744486,0.9991528325157607
robot3,2288,1722895353629079164,1.2472522112264832,-60.90821484323876,99.47232713173669,0.012335250811373466,-0.0037467155676045353,-0.029219181463663885,0.9994898914668771
robot3,2289,1722895354129585117,1.518772118352399,-61.462821869666875,99.28670624234785,0.01091152857828801,-0.0021290039283733495,-0.029362195342520506,0.9995070121670111
robot3,2290,1722895354630470448,1.9550564051581796,-62.107490979098635,99.19553533187052,0.010722152724020984,0.0005361184273020761,-0.029252775386191775,0.999514393668345
robot3,2291,1722895355132770507,2.2709748939135093,-62.65729250089458,99.05576499601581,0.01152346267615243,-0.004068857807877313,-0.030355026731853706,0.9994644698818458
robot3,2292,1722895355631382533,2.5736868106790296,-63.24561952967049,98.94501021852325,0.013582108913997078,-0.000829115709055459,-0.031180928858783666,0.9994211267329167
robot3,2293,1722895356129838365,2.850878957687292,-63.74708547222212,98.81903702783077,0.010569389513096649,-0.004219971536156408,-0.03382739987759857,0.9993628904772658
robot3,2294,1722895356630020610,3.2402117086851256,-64.45606471842245,98.67864522348914,0.017096818661876827,-0.00971641595411013,-0.03642110423225318,0.9991430294102807
robot3,2295,1722895357133266546,3.6106291176059764,-65.07953989431647,98.56464711621078,0.013631521426299514,-0.004172175541976565,-0.018975526926759856,0.9997183123023721
robot3,2296,1722895357630437533,3.8536139568718233,-65.66524634613754,98.40492754908406,0.01225600288293248,-0.0009106661954359535,-0.020234581292789343,0.9997197221223154
robot3,2297,1722895358130907611,4.227309295814586,-66.4026451640276,98.26568173702293,0.010249314870942992,0.0016626950492164903,-0.022316669075906435,0.9996970307404168
robot3,2298,1722895358630437481,4.6347415013681355,-67.13561286588964,98.11453457531152,0.009588542651493009,0.0037215585384845194,-0.020055145217768938,0.9997459682350108
robot3,2299,1722895359128431277,4.984587178690951,-67.7698185899043,97.94154124149942,0.00681264837253805,-0.0005709819602158762,-0.021980032908533443,0.9997350348742877
robot3,2300,1722895359628947695,5.400160793024754,-68.49096170979466,97.779972057283,0.008508628561966068,0.0027630274516588205,-0.024471832760880795,0.9996604915273081
robot3,2301,1722895360135111903,5.785322606846368,-69.25228891002239,97.66061455479563,0.008909845148418792,-0.002033796210337568,-0.02725269588709066,0.9995867990821466
robot3,2302,1722895360634368685,6.1738630258659555,-70.04280170738586,97.50036459874593,0.008941648214382607,-0.0015471506229613864,-0.03014121172502216,0.9995044575227804
robot3,2303,1722895361132318433,6.554923969572518,-70.73418936986894,97.31624374017348,0.009325212420286794,-0.0035080111639959072,-0.03226689924177044,0.9994296280800922
robot3,2304,1722895361634053960,6.907341603411872,-71.383773638967,97.15311774834795,0.009770780673684955,-0.0035392689153155945,0.031862343163741376,0.9994382404674577
robot3,2305,1722895362127427813,7.094092520654342,-71.7028061502989,97.3513466681182,0.0057984658158985,0.0010883074650143414,0.2312515256732182,0.9728761099209151
robot3,2306,1722895362635663115,7.1675793153633425,-71.81943023302607,97.50141151944061,0.003530282181925669,0.0032882822580393243,0.37100209988524474,0.9286194948353422
robot3,2307,1722895363140224840,7.156465420926728,-71.95504706794812,97.9008069684668,0.006979459207654169,0.0056354647249585235,0.5084519825110475,0.8610436168784297
robot3,2308,1722895363635278709,7.203934390052682,-72.26148886044926,98.52130757130831,0.009423350215636105,0.0036456583633717836,0.5482687205901338,0.8362411851064673
robot3,2309,1722895364140355243,7.159386882787284,-72.4141047490787,99.1438236303968,0.007939935564549227,0.007113703035041794,0.6582425947733523,0.7527303893682016
robot3,2310,1722895364629886450,7.173391480508275,-72.61902610592558,99.50309015208329,0.009036113510188301,0.00971268864952244,0.6879020129049382,0.7256823223512906
robot3,2311,1722895365136663242,7.089921036612347,-72.77355972071501,100.20599480032399,0.0032941422121371177,0.01600744586606726,0.6939481681264053,0.7198394614481326
robot3,2312,1722895365629327769,6.990180029693656,-72.81154526484539,101.1075583479912,-0.010168179876717044,0.03475661588161746,0.7224555575091691,0.6904683578518047
robot3,2313,1722895366131913730,6.830950270300445,-72.88150408373522,101.86796540837467,-0.0011276358219101457,0.03135337562024115,0.7640745232178697,0.644364661697128
robot3,2314,1722895366629253282,6.693977571455738,-73.0089575212039,102.6363380214416,0.0057452463978771035,0.02646121379560389,0.7616188786825252,0.6474592496386656
robot3,2315,1722895367131126325,6.52727737679885,-73.2689990125991,103.22152989115926,0.0108177702245041,0.02136691988232064,0.7541197328273785,0.6563001288606269
robot3,2316,1722895367630848524,6.477824569238573,-73.37662343363262,103.85829088803477,0.00844877578215923,0.020188338281738136,0.7468476430180541,0.6646349729765825
robot3,2317,1722895368130670827,6.393141634754514,-73.3711872722117,104.68892252100163,0.005783444512736142,0.028316863822863438,0.7401749389927675,0.6717929492632818
robot3,2318,1722895368630999644,6.295555817807674,-73.51265951486322,105.43697410149251,0.023613615328585066,-0.009217077443939318,0.6952113394562395,0.7183582923207382
robot3,2319,1722895369130663358,6.320299419945621,-73.75228354982748,105.94062707511598,0.014710823158326811,0.00734386356900787,0.682203380104834,0.7309775697813331
robot3,2320,1722895369632560185,6.235354097721353,-74.03070606510177,106.65360254061905,-0.002235050251287982,0.025855490242860636,0.6393580945147692,0.7684710307832814
robot3,2321,1722895370131460901,6.323881806233794,-74.29232951059227,107.37654883017952,-0.004519288373471284,0.021438014406790915,0.5612574071746904,0.827351261836492
robot3,2322,1722895370635660862,6.614521772778685,-74.74245726988867,108.04574216726924,-0.005092663740787968,0.021753787236932852,0.49832974185811124,0.8666996630301075
robot3,2323,1722895371127973278,6.892997232768568,-75.16248134738252,108.72070558396331,-0.0036682547056037153,0.021936583132369906,0.48481594510431875,0.8743333629688951
robot3,2324,1722895371632595976,7.128614445680632,-75.68848574262242,109.4269267551901,0.007774461155347238,0.010243037716151447,0.4681786928816253,0.8835402364712895
robot3,2325,1722895372129595338,7.329461870278661,-76.23055165568701,110.0220234506907,0.0022615042053897682,0.012977315575823798,0.47156625405179603,0.8817322399224901
robot3,2326,1722895372628034824,7.390012021319219,-76.62459896829525,110.24742166882204,0.004132929247467937,0.013125710109068075,0.4752645882389396,0.879735304393338
robot3,2327,1722895373131982191,7.410575609371167,-76.8171760248279,110.58744605720774,0.004944561714275237,0.01361442556217316,0.48305883372726655,0.8754680815907104
robot3,2328,1722895373630512872,7.472820734587899,-77.02083449609702,111.05015217645976,0.0028101746726146926,0.012483765602143225,0.4747921618127168,0.8800049213475497
robot3,2329,1722895374129296863,7.508419514960095,-77.26390679681684,111.50354825394062,-0.0006895574911057469,0.009402717837759941,0.47542568788341516,0.8797053647149774
robot3,2330,1722895374630741957,7.536923959181884,-77.58467530474866,112.01499378919637,-0.004784894986210308,0.00012750230136844917,0.47126566888439564,0.8819783205125153
robot3,2331,1722895375134487065,7.63655775483007,-77.84224317811083,112.35864418057383,-0.0001572681275390624,-0.010680809756649723,0.4991455225357175,0.866452331581042
robot3,2332,1722895375628873412,7.631472053889902,-77.90564548185323,112.57090184932419,0.007406441184268778,-0.01722445935969077,0.5573407541579826,0.8300721332410584
robot3,2333,1722895376133998881,7.384682772430796,-78.06494167492495,112.67093356514998,0.018392664132610134,-0.02212250188149007,0.6329839622871436,0.7736301495571876
robot3,2334,1722895376629409481,7.0965134964104974,-78.0193387398072,112.998997567488,0.02288485443632576,-0.01976988000214514,0.7349678428272729,0.6774272693743247
robot3,2335,1722895377133770162,6.892291103610337,-77.90098009445776,113.48145979717766,0.018256935091644527,-0.007825641868344597,0.7570393025571038,0.6530673303988355
robot3,2336,1722895377629087080,6.640596396078522,-77.81159299313136,113.95521387148499,0.011415418235957282,0.00878199775979202,0.7807500991747152,0.6246773946450419
robot3,2337,1722895378131820055,6.454005153906579,-77.6948736026293,114.56857125816059,0.0056259565004700635,0.028051268430402315,0.7817646380928666,0.6229169491837816
robot3,2338,1722895378628850919,6.249671614063205,-77.50602851053006,115.2018878858878,0.0050939548805291725,0.0331252484926002,0.7750350920831638,0.6310288230941755
robot3,2339,1722895379128100464,6.083580589095339,-77.33173040154973,115.8309902198907,0.018627727895099047,0.027752624165057974,0.7864124906562752,0.6167967202776076
robot3,2340,1722895379632075520,5.91194410503696,-77.00656496882742,116.41647869353997,0.019844195329512364,0.02437829789749397,0.8073560750206183,0.5892266750840859
robot3,2341,1722895380128101307,5.739245729721466,-76.73812515990434,117.02705352655302,0.023194371764525726,0.019098818342272665,0.8061960938131001,0.5908850265295922
robot3,2342,1722895380629212748,5.499731502597797,-76.43513459568364,117.52228204915868,0.02652402835818051,0.014931025799863017,0.8215647468075881,0.5693021229463333
robot3,2343,1722895381130738046,5.339466686176431,-76.13711786567303,118.01102197505948,0.029968732732996224,0.016722916116837502,0.838028749471872,0.5445457135939442
robot3,2344,1722895381628812830,5.023824311736449,-75.65231779961692,118.46192517861488,0.028307556847198136,0.01781450722323988,0.8762618269999441,0.4806730032989743
robot3,2345,1722895382134471895,4.73072850096645,-75.11079011284045,118.8668197884019,0.029723695173182685,0.015866171007871903,0.8943532303298528,0.44609087186509205
robot3,2346,1722895382630373331,4.406713462174483,-74.63041504254491,119.32758547180859,0.02865109881726979,0.01657993674309367,0.8895070207903244,0.45572083581824474
robot3,2347,1722895383131810510,4.111692409836701,-74.17639320051737,119.68948747892908,0.027706096091350246,0.015459523893608398,0.8929260962531991,0.44908391419687094
robot3,2348,1722895383627895109,3.7455074854863133,-73.66021888702271,119.99864512834262,0.02565918615317673,0.013333261788206433,0.8892313588869208,0.4565429012351018
robot3,2349,1722895384131723782,3.463439546683576,-73.16584461929561,120.30930292460846,0.02192806927368597,0.015184029188716745,0.8959389761192705,0.4433756376999955
robot3,2350,1722895384629137618,3.151808156213002,-72.54835456541588,120.70140086755026,0.017317974855194526,0.010666197825512608,0.8988643052740146,0.4377548179919038
robot3,2351,1722895385130193786,2.779453232799641,-71.9315819317294,121.07690581212724,0.017559158751062433,0.009953750673284549,0.9002398439774139,0.4349262260510518
robot3,2352,1722895385628731698,2.5070082406579757,-71.3871242750066,121.34603286926352,0.018090125143392307,0.009677434285453168,0.9042161271771545,0.42658210228594345
robot3,2353,1722895386132082216,2.2210636654021276,-70.89774880727471,121.56061025305897,0.021070563277311223,0.007327676720419417,0.9169377293094241,0.3984062462938242
robot3,2354,1722895386631144772,1.8703205619041245,-70.3100903625617,121.8638721459753,0.025071308847814368,0.007242048256361131,0.9284469186126268,0.3705472999880424
robot3,2355,1722895387131610144,1.7756325164373448,-69.55792286004542,122.28825872201084,0.029361821006307257,0.00854816493711179,0.9298740669640865,0.36660473528184434
robot3,2356,1722895387628682184,1.5444705934321086,-68.82160462952078,122.49499843582295,0.02091885148689303,0.00810435222316388,0.9437913594798754,0.32977960958591884
robot3,2357,1722895388139102922,1.1481546213424283,-68.11017178582807,122.78086435237911,0.029451019077273006,0.009397069336453743,0.9415126850770733,0.33555654724972345
robot3,2358,1722895388627903711,0.7956385785698565,-67.44392469451297,122.97797528130955,0.024740306801335207,0.007992417540612697,0.9384560153302501,0.3444188522303936
robot3,2359,1722895389131441617,0.513489045045575,-66.8247173672941,123.10218603846141,0.029861547591513514,0.009825147196583554,0.9357511548672744,0.351257071989401
robot3,2360,1722895389627986576,0.15657984704904432,-66.21498856659933,123.28660110642446,0.026096305605488875,0.01195635726645714,0.9332770810262925,0.35800826580639866
robot3,2361,1722895390130137353,-0.16907665615452036,-65.6189902978381,123.44481368879856,0.02816194107528539,0.009963094771917739,0.9338793541566909,0.35633831354110623
robot3,2362,1722895390627197349,-0.46062337709607526,-65.02753795511735,123.65561694003264,0.026656354658564523,0.011809619480256012,0.9440408304505153,0.3285374896208191
robot3,2363,1722895391131190393,-0.7136555460106442,-64.50558586171626,123.82468449475925,0.034481607555635375,0.010228246552053018,0.9438889566082382,0.32829870439260206
robot3,2364,1722895391628629145,-0.9846825147159717,-64.00539517502405,123.95544166233103,0.032420926858065746,0.010514408524586025,0.9432645036861387,0.33028836915759646
robot3,2365,1722895392131271391,-1.2431768150678886,-63.468986849776044,124.15848844775533,0.02862342079909476,0.010450186590047721,0.9425120023436662,0.332780135855679
robot3,2366,1722895392629703391,-1.511150268709007,-62.86229797493423,124.26481502733466,0.027214591104607,0.009956646787294418,0.941624387942223,0.3354157766835007
robot3,2367,1722895393130581184,-1.7394730511047105,-62.321837509058625,124.39934247987404,0.03236808513779441,0.011883696749260854,0.940513605760979,0.3380018375609312
robot3,2368,1722895393633006801,-2.067216632216675,-61.754925364094504,124.56445620100249,0.029061134237387425,0.013228724951995606,0.9396493008688356,0.34064591981952413
robot3,2369,1722895394127023933,-2.242602983181722,-61.22487012188865,124.69879743463008,0.030940465992210637,0.012878228982138407,0.9468825804300268,0.31982841909474274
robot3,2370,1722895394630332570,-2.539354418727337,-60.7389568675902,124.79148109373726,0.03423997293279583,0.012890425832716339,0.9472210439330137,0.31848666393722763
robot3,2371,1722895395129557306,-2.8502563805257037,-60.27832315644704,124.94557389882345,0.03619946197226957,0.014432009704378005,0.9486372543471976,0.3139564869745828
robot3,2372,1722895395632035222,-3.1072435097237063,-59.81627794249694,125.01933188357016,0.03863077410120781,0.01232752985795072,0.9485997267799061,0.3138698036655172
robot3,2373,1722895396130308561,-3.3727114628147032,-59.37301203441229,125.0584674490546,0.03261782529481115,0.013678063113772607,0.9486905541491039,0.31422161054064845
robot3,2374,1722895396629904012,-3.5953936359195304,-58.90927326104267,125.16673446489153,0.029989394700380097,0.013791087132469243,0.948577336874351,0.3148197549226757
robot3,2375,1722895397131786459,-3.775222765607303,-58.42237998370301,125.29796699515376,0.023474276464930843,0.016740791356801305,0.9475183713511038,0.3183985555892923
robot3,2376,1722895397631618641,-3.9351130047360563,-58.08296942499242,125.38627506725346,0.02548069371408381,0.02003957236322134,0.9453426547236489,0.3244632721085578
robot3,2377,1722895398132589424,-4.106913071364806,-57.632245272571055,125.47266597443515,0.02843551144409436,0.017531226532157905,0.9437088623716535,0.32908609947305667
robot3,2378,1722895398629735241,-4.3827238309837036,-57.12220667064326,125.70384892846792,0.024736962469772906,0.01747676939700029,0.9430544152282435,0.3312567208944276
robot3,2379,1722895399128533430,-4.65222389377674,-56.639918790923176,125.83131910679991,0.03771519563317021,0.01047331008958361,0.9438751552354325,0.3279749458775885
robot3,2380,1722895399634643261,-4.877002302682929,-56.18171935312702,125.87940427826595,0.03363036932937516,0.009086458036828195,0.9444058817739386,0.3269311319068652
robot3,2381,1722895400128467199,-5.110098292544694,-55.65773405440914,125.99659975633102,0.0254214292767493,0.012309984306890828,0.9436396117515875,0.32976733973091454
robot3,2382,1722895400633936062,-5.275326425663115,-55.08186223525854,126.09219032258535,0.023406068250666524,0.013863082097282053,0.9433177679331206,0.33077418222328714
robot3,2383,1722895401128445201,-5.530537423505371,-54.63548524232133,126.10471519234747,0.02695090996483885,0.010157044155599248,0.9538465208563345,0.2989101830924375
robot3,2384,1722895401630751617,-5.7965905410652905,-54.0915560331131,126.14684321384861,0.028587613142286625,0.006579764272387005,0.9635754809348682,0.2658227748295548
robot3,2385,1722895402128545041,-6.046860927954088,-53.438755825804115,126.21135491119941,0.02630659813826586,0.010460645354374043,0.9783784055420831,0.204876141515045
robot3,2386,1722895402630954401,-6.211207832120974,-52.87525398515117,126.11177488704308,0.026063454362152103,0.005478952978971606,0.9804482117606451,0.19496661631243303
robot3,2387,1722895403131953500,-6.382282307820437,-52.34966279050174,126.07431114541818,0.026267307238101095,0.005155225227323644,0.9754561456478509,0.21856065551959208
robot3,2388,1722895403633120295,-6.665234334162054,-51.771895355095154,126.0845161773899,0.02180201742969292,0.0106442673163945,0.9726769842783446,0.23089143739965223
robot3,2389,1722895404131206951,-6.919283580600997,-51.16669165716464,126.11392059937357,0.02103301216812231,0.012856529623177782,0.9698380125349019,0.24250062162298733
robot3,2390,1722895404630026339,-7.1775577463971105,-50.461927241993436,126.18298541524952,0.020237127557914566,0.011795470797756582,0.9660872198259923,0.2571513352595097
robot3,2391,1722895405129995493,-7.46576540291704,-49.73540782766461,126.25959167624853,0.020423057962709865,0.016566135015780373,0.9684986429485021,0.24762641313276887
robot3,2392,1722895405630132070,-7.744938442728474,-49.03006351194175,126.25938687578105,0.036074544732640275,0.016860122615836366,0.9688969304010951,0.24423984471630972
robot3,2393,1722895406129494132,-7.998905848380501,-48.36597592665882,126.29621365529893,0.025686972579735363,0.02573526609363774,0.9696738650891594,0.24168258290954311
robot3,2394,1722895406627235599,-8.271722114064588,-47.63688714256932,126.27888733910034,0.023470641435054566,0.02702341206446749,0.9701738256505863,0.23975323191466455
robot3,2395,1722895407132209528,-8.503399425400696,-47.02724695145001,126.25154195748445,0.02772634450659829,0.024607953005568776,0.9741204589492574,0.22296867476321697
robot3,2396,1722895407635086130,-8.802724902711722,-46.382145513282644,126.16969493900338,0.03753425566159469,0.021691840217843768,0.9830976385826847,0.17787545286813014
robot3,2397,1722895408130894128,-9.039344217904658,-45.76340703725769,126.08611398968594,0.028608057347282785,0.022159874317371025,0.9846270725736128,0.17088021237162096
robot3,2398,1722895408628984624,-9.282193437521183,-45.15772381338898,125.93911589925892,0.03060805280551187,0.021316016973152423,0.9900037655867899,0.13601955244681413
robot3,2399,1722895409131968739,-9.593023196752261,-44.43944891705903,125.77928964432064,0.02665506609649225,0.026555314345223305,0.9925372576868808,0.11599187400341637
robot3,2400,1722895409631985676,-9.840699248326242,-43.796215108764436,125.56439146694622,0.03226172370992713,0.02978049395898996,0.9939681113607856,0.10049724852301072
robot3,2401,1722895410130610828,-10.009067369606612,-43.22212416558755,125.31115601226652,0.03389079832982692,0.03114462841978107,0.9966917669188551,0.06698468231865828
robot3,2402,1722895410633007443,-10.209163800143171,-42.68091331495662,125.00985163180059,0.03376085247886008,0.027402695163421635,0.9990376247283942,-0.005755129427682109
robot3,2403,1722895411128699823,-10.450182978105293,-42.07977338870115,124.55129364050656,0.032187495042907334,0.026621764224359322,0.9935073022695344,-0.10582290474919519
robot3,2404,1722895411638861530,-10.491626053675086,-41.62411758112056,123.96971500749639,0.0291852934511246,0.024424797156736403,0.9816538735811721,-0.18683500853187074
robot3,2405,1722895412129191370,-10.596217695643501,-41.18612604554975,123.49602820393348,0.031205163916748713,0.02944397668185629,0.9785384813722005,-0.20154833280351062
robot3,2406,1722895412630238989,-10.767901478579308,-40.59081978278387,122.95801662309987,0.030556861254113707,0.03425758607052235,0.976536444716485,-0.21040263346119298
robot3,2407,1722895413130086650,-10.838249839534555,-40.1213061554798,122.48669364591834,0.03416129421839758,0.02993798984329446,0.9759422843213508,-0.21324488367857847
robot3,2408,1722895413630204421,-10.917720529012579,-39.64712269009711,122.04586351243935,0.03796223174654933,0.027068015707804264,0.9764394042138583,-0.21069475879800362
robot3,2409,1722895414132293738,-11.044585988755049,-39.20128626596017,121.56059045179481,0.038023613986159575,0.022300670741401935,0.9784770429351224,-0.20159256264270659
robot3,2410,1722895414628030463,-11.220629164343038,-38.73630105033919,121.05404395689709,0.04378771535988705,0.024805614014781333,0.9775023377443964,-0.2048328518601226
robot3,2411,1722895415128532152,-11.270125634567357,-38.40756857607851,120.54499611450939,0.046683091159013174,0.026961877762298882,0.9651564828742547,-0.2560599728836359
robot3,2412,1722895415628511004,-11.302354161984372,-38.15373259188218,120.03191370538121,0.04954457635689484,0.023853416392045013,0.9507025414085114,-0.30519014931586697
robot3,2413,1722895416133064422,-11.305825540914148,-37.89115821870253,119.3696879717266,0.048769287303666496,0.02239054359226003,0.9276602115647941,-0.3695493905462396
robot3,2414,1722895416631009304,-11.322624482752762,-37.673798561562606,118.77255220389827,0.05066720335518886,0.023324880463313963,0.9214334507564053,-0.3845116126759754
robot3,2415,1722895417130679124,-11.333414853223356,-37.523809128153076,118.24998444772639,0.05618696426704373,0.024438578678353657,0.9223222007265962,-0.3815331426828922
robot3,2416,1722895417629858314,-11.352118865089967,-37.31800433853791,117.69719010689384,0.04372313002077942,0.018796752034517743,0.9225687110490021,-0.38288633222866775
robot3,2417,1722895418134641147,-11.377142131211741,-37.0504299504781,117.04954567643264,0.04753655336001338,0.024726087860333288,0.9224850666098254,-0.38229595676077927
robot3,2418,1722895418632769171,-11.436353892877182,-36.84966802745828,116.6198172467483,0.05178539971892297,0.022810197865028803,0.9342085001112216,-0.3522107970651263
robot3,2419,1722895419130552962,-11.550283913170734,-36.56910701983895,116.15377912184599,0.058539296351305836,0.022442190386192776,0.9610583572476575,-0.2691399874373886
robot3,2420,1722895419630686952,-11.69552380311946,-36.13934798023561,115.81171336734945,0.047744736449096103,0.022386654326058637,0.9834245385846072,-0.1734804160680512
robot3,2421,1722895420133915270,-11.817184488552964,-35.690026483925664,115.54713614410677,0.05178500879126492,0.024012175745786565,0.9957027429333583,-0.07292308273399221
robot3,2422,1722895420630021907,-11.991593790107858,-35.180191794280326,115.25701222143383,0.05172977557519829,0.020501418202042206,0.9983187404787837,-0.01623005174051354
robot3,2423,1722895421130259679,-12.227963058964232,-34.520494206059304,115.0224554765652,0.04880373327771822,0.009619616340006387,0.9973456549523899,0.05317239083600383
robot3,2424,1722895421628200031,-12.42049872919164,-33.92489752239734,114.83257227922566,0.029204197208635437,0.009337281548697987,0.997127471079556,0.06925847570636025
robot3,2425,1722895422136101243,-12.606613365758832,-33.2840931445431,114.68065172648103,0.023219305972593918,0.018084751274134333,0.9945418213073748,0.10010180453974603
robot3,2426,1722895422630887748,-12.737060737019924,-32.948384492776405,114.60607341884601,0.02350551488891169,0.02194652715814008,0.9928622253871018,0.11484965004246125
robot3,2427,1722895423133244205,-12.82535869539543,-32.675403678603125,114.52732632604095,0.024520628601951096,0.028749037039259677,0.9912488190990075,0.12648324109186804
robot3,2428,1722895423628476623,-12.916342178497132,-32.38932629980003,114.47096456158592,0.027190001359083074,0.030668917775887032,0.9902618623836391,0.13304722927229867
robot3,2429,1722895424129194377,-12.960340453149698,-32.207394961894316,114.44062875287018,0.03132101281459372,0.031541954869676224,0.9893828310555672,0.13836803406762072
robot3,2430,1722895424632921930,-13.014070832996692,-32.060395084648505,114.41599417972559,0.03389758499614238,0.03140730218868292,0.9870659294010063,0.15351021502292744
robot3,2431,1722895425132715181,-13.122665005413454,-31.84368207276048,114.45234114038621,0.0327021797303017,0.031349142701899785,0.9834764644196791,0.17527647481995626
robot3,2432,1722895425631965155,-13.21683998595572,-31.526243311866402,114.54589859498391,0.026613309266991615,0.036756988929186614,0.973654627942391,0.2234665993411168
robot3,2433,1722895426129786758,-13.424619358078774,-31.10384503923457,114.67766943188084,0.025110548155283782,0.037306814634808394,0.9583106438390265,0.2821672763769315
robot3,2434,1722895426628733595,-13.641851391372281,-30.549362271052033,114.85691148690027,0.022686611720267525,0.036881512203267214,0.9509897892531165,0.30617559086669055
robot3,2435,1722895427136433138,-13.728781672564121,-29.94776771362409,114.99015465289573,0.042017387695595966,0.03442687066342839,0.9490852489994008,0.31030069261815557
robot3,2436,1722895427631683997,-13.815249741339272,-29.43964520732488,114.97908520968731,0.03949238598310101,0.03999042218316455,0.9528601416702448,0.2981587966153862
robot3,2437,1722895428128804515,-13.919985222171793,-28.885348504269754,115.06883394056119,0.036697115729266046,0.04244397938616848,0.9525745119986461,0.29908799608403
robot3,2438,1722895428630226658,-14.148172874034024,-28.27380715449429,115.21876007556715,0.030823096466810307,0.044479080826641704,0.9507510144373199,0.3051951124107688
robot3,2439,1722895429136111804,-14.32931020577039,-27.775419564806427,115.35902699112958,0.034651429882641964,0.04533531578167261,0.949631527020413,0.30812976233876355
robot3,2440,1722895429629155994,-14.569629931302059,-27.317501175004697,115.43489267147386,0.03516769326675185,0.0458137282173152,0.9517864632667526,0.3012753956088881
robot3,2441,1722895430129846382,-14.852716223337968,-26.716556400543666,115.55663683908242,0.0362994106274297,0.04820847798131259,0.9536405375457989,0.2948355822966185
robot3,2442,1722895430630605701,-15.150447482726241,-26.138911569567824,115.65440876625337,0.04172855931947065,0.04721105353427269,0.9526352691168783,0.297516197535392
robot3,2443,1722895431131023699,-15.402140006296808,-25.47746989823039,115.78782841470564,0.03382694680031967,0.05002299440584952,0.9498493708957847,0.30682178917039543
robot3,2444,1722895431629805175,-15.693915433244301,-24.840394378304495,115.93980887888648,0.034231610287674255,0.04411225482873951,0.945633887441123,0.32040420839000683
robot3,2445,1722895432133490393,-16.032257590271865,-24.277536147866172,116.05893308108551,0.03684973414937782,0.04318800499633084,0.9411950047777395,0.3330598389163542
robot3,2446,1722895432632498273,-16.34549267110194,-23.683480572333497,116.17802212440053,0.036894260496900186,0.044264298367167575,0.9366038308053577,0.3456193709171666
robot3,2447,1722895433139169209,-16.538801060930542,-23.162597465002975,116.22431606450935,0.03737809484837423,0.04218264202961736,0.9375242400602376,0.3433246306870235
robot3,2448,1722895433638046318,-16.684666129751104,-22.64954118756326,116.23572231836056,0.032977169585016314,0.042700077063648804,0.9406987155489314,0.33492556825287323
robot3,2449,1722895434134118778,-16.902256835777358,-22.10756173762169,116.36335464245587,0.03043842151814053,0.04501211104311064,0.9421529311006327,0.3307495529451451
robot3,2450,1722895434633773966,-17.095134743776686,-21.404324142184805,116.58388076752023,0.0331946890524668,0.04796664894811797,0.9445271322833357,0.323211710165359
robot3,2451,1722895435132347558,-17.27988534836812,-20.730578592339086,116.73565285509066,0.020794244646828393,0.05172740045173338,0.9432278645678418,0.32743407112709383
robot3,2452,1722895435630127215,-17.504453438651232,-19.994609282387522,116.79954528876263,0.013567962765514292,0.04897787586405125,0.9482596587326261,0.3134018150593942
robot3,2453,1722895436131830052,-17.741368527090803,-19.30332647661734,116.84837081569026,0.01792109627398924,0.03646431605474418,0.9464313756103877,0.3203386321117504
robot3,2454,1722895436629004184,-17.94333368806339,-18.741534980816052,116.91173158892545,0.026122189368434155,0.030294630819436754,0.9453319701722239,0.3236469260419682
robot3,2455,1722895437129224755,-18.11136524246096,-18.312601835982562,116.9889298324287,0.02666348277670743,0.03098261676689954,0.944111737925845,0.3270812780565895
robot3,2456,1722895437630237422,-18.272279835661745,-17.957449474939786,116.96116931997418,0.033347956538763886,0.032575964792052506,0.9401943176809645,0.3374334976154285
robot3,2457,1722895438128743995,-18.455574517775407,-17.522271457676766,117.07342609081891,0.036228812075134634,0.034082939303959656,0.9421508241959786,0.3314779794961734
robot3,2458,1722895438629952592,-18.606233446243806,-17.161605089564134,117.20069753642596,0.03370602988330485,0.03570718878892113,0.9414278450125266,0.3336203124112325
robot3,2459,1722895439131321441,-18.687620765174547,-16.74897401711469,117.28283154144758,0.03514642022700939,0.03453103179003801,0.9407669141722061,0.3354548407575108
robot3,2460,1722895439630539701,-18.777299644653993,-16.31930790500561,117.22738714234828,0.041546049124340095,0.03230219328672643,0.9717120757213,0.23023061483744398
robot3,2461,1722895440130723547,-18.88590685342736,-15.951495262263737,116.9914631847833,0.05712562870023051,0.030943908800563392,0.9946534918214255,0.0802718397770432
robot3,2462,1722895440633947714,-18.978139279597507,-15.495799589438347,116.51428746961595,0.057977752725244025,0.0038316371071076857,0.995812029132673,-0.07058541903735012
robot3,2463,1722895441132182175,-19.161117210004008,-14.772455244047048,116.01656393374819,0.06219326671248329,0.018893096165345437,0.9952089319623483,-0.07303581474372013
robot3,2464,1722895441630829137,-19.246492571807238,-14.16598757747974,115.30084640637851,0.05718322001810122,0.046103439219870083,0.9782276899868706,-0.19410084694151172
robot3,2465,1722895442130629977,-19.192632945225583,-14.101411941936318,114.74934235233098,0.06169604635719153,0.03278155959827429,0.9145593334287697,-0.39837192779175656
robot3,2466,1722895442633260113,-19.142067155953118,-14.075139171763931,114.21670964766074,0.06172299089049043,0.02442123960632301,0.8690236511693489,-0.49029763323915493
robot3,2467,1722895443128674205,-19.127933182146016,-13.911990019811203,113.49226686432526,0.0627864238414043,0.016921412764370272,0.8688276254096919,-0.49082592443372564
robot3,2468,1722895443631229915,-19.267834632860733,-13.516703140159123,112.9729148436736,0.06342579732657028,0.021714761969309816,0.9454531560864758,-0.3187851423643003
robot3,2469,1722895444131155026,-19.439847693568407,-13.203983458442051,112.71585377935037,0.06542000702449095,0.030461529598749204,0.9737506993706332,-0.215874716839705
robot3,2470,1722895444635497433,-19.53793737050267,-12.736771558396452,112.23436204456009,0.06315870484127403,0.037982948546999094,0.9814619077335242,-0.17692031339142542
robot3,2471,1722895445132891768,-19.733714504202553,-11.896297046400544,111.83787141378883,0.05493666699512476,0.03579888709187475,0.9975335708671987,-0.02504350804870034
robot3,2472,1722895445628415228,-20.007606736648032,-10.885801398395751,111.33327431652677,0.04773039856016393,0.04181821586790179,0.9979707187845765,0.005243121542466089
robot3,2473,1722895446130386200,-20.28462612946544,-9.803048698814928,110.75347937334912,0.04567781531288995,0.04674300383474369,0.9977974755019162,0.011350183379554723
robot3,2474,1722895446633460052,-20.645116564951874,-8.670163371032201,110.19400067242557,0.04726462246650474,0.04856825219938938,0.9975482051421244,-0.017457341124046594
robot3,2475,1722895447131100341,-20.912087067051793,-7.656849287148689,109.65237895615817,0.04738591364036586,0.05026877745174071,0.9975019722891905,-0.014745863187696336
robot3,2476,1722895447632978751,-21.12970130813097,-6.518689119702815,109.1106673317785,0.021848608689735458,0.026916137053464885,0.9993331313263243,-0.01146527356696462
robot3,2477,1722895448130016926,-21.35749971846622,-5.479800348496993,108.73423446566746,0.03478996097003525,0.046223209564431184,0.9983163717926279,0.004182741214748035
robot3,2478,1722895448632333335,-21.574941671666096,-4.511532498782406,108.38491073364655,0.03414017782647214,0.052133446342296386,0.9980547495435605,0.0018080221216301353
robot3,2479,1722895449131602152,-21.766198739134293,-3.7310442413292715,107.921544584729,0.036168292500474986,0.04916216940124592,0.9974793198788267,-0.03619312270910772
robot3,2480,1722895449635279438,-21.92833263057784,-3.045792292837407,107.48639078674178,0.03961761544391183,0.04312035783472628,0.9956967607950605,-0.07182645633029185
robot3,2481,1722895450128927216,-22.08960228005091,-2.4174542256208325,106.93062256979186,0.0391836606224364,0.03909731664884483,0.9919001549264778,-0.11432463963606004
robot3,2482,1722895450631955439,-22.141551555900506,-1.9277122085694265,106.36036263821597,0.04331259810749247,0.04339496273204612,0.9788992559520522,-0.1949285580698267
robot3,2483,1722895451130929051,-22.168773763293153,-1.4007104031232858,105.64385105209273,0.04372786855456874,0.035541133753040556,0.9586795523442354,-0.27885160433513606
robot3,2484,1722895451629586007,-22.15651169239897,-0.996185589454514,104.82502815497241,0.04936370687546942,0.029240202978629833,0.9393206675200592,-0.33820839513967077
robot3,2485,1722895452130419921,-22.211390159054435,-0.6971464604952776,103.97901329571656,0.0545462896881555,0.033404572926537986,0.924901195462573,-0.37478876106515613
robot3,2486,1722895452629925635,-22.175807161281803,-0.47548258727877235,103.10418757569764,0.061813086896503555,0.025406437776925434,0.9178989714158869,-0.39114592351380734
robot3,2487,1722895453132620857,-22.213679059005745,-0.1296037418795471,102.15064372613479,0.057358508818609245,0.028678780348095265,0.9212681493697968,-0.38360464801746186
robot3,2488,1722895453634291291,-22.295356872991935,0.19387461500065326,101.32847230487877,0.051678621632630456,0.034219226797613626,0.9244564471836894,-0.376216216880713
robot3,2489,1722895454128658251,-22.320656458182395,0.437452698410714,100.66161729503418,0.05278835027002996,0.0390763813256283,0.9267205859248611,-0.3699667311007101
robot3,2490,1722895454629633353,-22.288938726029873,0.7091639724971377,99.9358948771742,0.055732988518489256,0.034959117622072856,0.9295374532709902,-0.36281099356602453
robot3,2491,1722895455132225056,-22.329240782423287,1.0911633120261506,99.24062126349871,0.054437083808302124,0.028406072442650785,0.9525271725667037,-0.29819739180098753
robot3,2492,1722895455631731234,-22.387582648294014,1.5232471775491434,98.44526836905654,0.05365888388612081,0.024102427651598396,0.9563614482314118,-0.28620373424906914
robot3,2493,1722895456131816398,-22.490155145618473,2.029943494641701,97.66056778253501,0.05838379355973078,0.02794617002360574,0.9595174130033195,-0.2741107045957957
robot3,2494,1722895456633838015,-22.513958664165035,2.4084724245523974,96.85895233789226,0.06064577286994523,0.02242498061628104,0.9536614691036054,-0.29385202538781235
robot3,2495,1722895457128390266,-22.539175058648887,2.691388508612635,96.11652602053704,0.06187777034246606,0.021653287944677333,0.9554056819352706,-0.28792752488157547
robot3,2496,1722895457631793108,-22.552355304410593,3.0572393950949315,95.33007438571333,0.06402995017965427,0.01859545721735202,0.9563443672652171,-0.28453440152459625
robot3,2497,1722895458131398754,-22.57034745125166,3.28600520983669,94.49264555970834,0.061884253193745575,0.012832798142712582,0.9328711977048502,-0.35462231598025395
robot3,2498,1722895458631283015,-22.545768749488513,3.458230829316849,93.69890031523471,0.06465541937258125,0.014403784857251219,0.9305243049182057,-0.36018984672535087
robot3,2499,1722895459132137007,-22.557450450972752,3.7385008678973426,92.84694869612483,0.06333587344871267,0.014188948154284406,0.931630650845685,-0.35756338080067596
robot3,2500,1722895459632680069,-22.568050638603072,4.032171264533496,91.9285588181472,0.06541086596914016,0.014587564854051958,0.9322519369470779,-0.35554879780870785
robot3,2501,1722895460132611030,-22.553046811561956,4.2086058140969405,90.97085332538002,0.0652452909765076,0.011951662918674385,0.9180865814467741,-0.3907905304971515
robot3,2502,1722895460631989022,-22.50020053387811,4.329635849108703,90.0937395853923,0.06551569509863951,0.009052543836265848,0.915110314042941,-0.3977422007759101
robot3,2503,1722895461131629622,-22.455415095932203,4.4862464350843325,89.22216138205002,0.06352515556085864,0.00882505269568773,0.9165433583398739,-0.3947593511735375
robot3,2504,1722895461632780451,-22.421452468637426,4.642396329774689,88.35937060798389,0.06279203482167427,0.009813902876424844,0.9215948777886067,-0.3829147802149829
robot3,2505,1722895462133574660,-22.385570637684193,4.820096353179128,87.60845263949228,0.06573062871288082,0.010919017720958032,0.9281355325097774,-0.36623038212825887
robot3,2506,1722895462630687438,-22.347849490626356,4.9956217597739005,86.83214406763437,0.06449804711324704,0.011965411795831021,0.9334989416060296,-0.3525288028793617
robot3,2507,1722895463130402662,-22.297432387526058,5.186937609622191,86.02580346093718,0.06742373925191202,0.010470840393350112,0.933038021834268,-0.35324842632111386
robot3,2508,1722895463632197201,-22.262351720417442,5.322949766417748,85.30338245017285,0.06815410950865211,0.0096254534307738,0.9251598183805004,-0.37328498289844736
robot3,2509,1722895464132659362,-22.251096547537376,5.53850198649118,84.43258063858003,0.06504329158661604,0.013538697454426998,0.9270828989968222,-0.3689219053925425
robot3,2510,1722895464630109405,-22.227264389923363,5.753148120861463,83.49826528757055,0.06831126461769936,0.01712240304443771,0.9315514879621135,-0.3567242908968867
robot3,2511,1722895465133335788,-22.176825876506342,5.840207832616316,82.55492354994206,0.0678771812700881,0.014546195901689029,0.9275560265646392,-0.3671796754059729
robot3,2512,1722895465632426287,-22.132950681952853,5.963779118840029,81.7173969972488,0.061985973525864886,0.014188645016861264,0.9289290642322029,-0.36475637768697083
robot3,2513,1722895466131723355,-22.08915312128044,6.084076484249292,80.93777609660711,0.06524447818100265,0.01268774742070118,0.9314922138387182,-0.3576372948814494
robot3,2514,1722895466631773146,-22.071856231753877,6.277172223966796,80.14774411841711,0.06628039145049164,0.012537317036481073,0.9304739447193501,-0.36009438150172257
robot3,2515,1722895467132715841,-22.072707346386753,6.464400020534286,79.41741434948804,0.06450249332835287,0.011331335854058136,0.9315620938313025,-0.35763542123065467
robot3,2516,1722895467629487458,-22.04346287497751,6.705230279622188,78.51449191710104,0.06885946909619234,0.013157274790415245,0.9333173639239869,-0.3521419569347853
robot3,2517,1722895468131809215,-22.045380920276397,6.914197227677127,77.55507041004746,0.06680716844187796,0.011140802959640194,0.9339413227788094,-0.35095055258591723
robot3,2518,1722895468630786348,-22.004256588702084,7.070267382865404,76.61750871784574,0.06965679811145628,0.009545197375632983,0.931388011644793,-0.35717389525030957
robot3,2519,1722895469132533532,-21.96055994642391,7.206111612408452,75.76278615007251,0.06795670172197776,0.010338689992741503,0.9250783290920805,-0.3735037927846366
robot3,2520,1722895469631917537,-21.877675140716526,7.219525620589946,74.8859063473249,0.06511033896896327,0.003596428788337474,0.8916131393801819,-0.4480778047883349
robot3,2521,1722895470132472298,-21.78239863403401,7.254799293160077,74.2058004210838,0.06702147870214342,0.003540839753346339,0.8994392385294357,-0.43186182980208837
robot3,2522,1722895470632085346,-21.714739929530975,7.363007798001191,73.61467302694446,0.06567391169035068,0.006470272754714317,0.8988892060279026,-0.4331781021477132
robot3,2523,1722895471135684515,-21.750020816859518,7.534646428030064,72.86622250843101,0.06368911880877173,0.008053432734537557,0.9107306495397353,-0.4079810318574682
robot3,2524,1722895471634711650,-21.74627463714989,7.62627052555866,72.19736159944682,0.06606223606015263,0.0042654700619012996,0.9158360185609415,-0.39605804352181306
robot3,2525,1722895472132451247,-21.701850628294096,7.758388338313361,71.57790984877128,0.07750171225501613,0.010730941691156848,0.9245899802793526,-0.3728427280435919
robot3,2526,1722895472629636465,-21.658358084202092,7.925486355401416,70.95956544949979,0.08094074489991693,0.02199816595946216,0.9299252755017494,-0.35805538467178777
robot3,2527,1722895473130089630,-21.62753152502943,8.034950312823913,70.49549969445304,0.06739343007638203,0.019174516010488557,0.934238472921885,-0.34969835462994076
robot3,2528,1722895473631211079,-21.623189239577393,8.096058044668931,70.13957641497146,0.06879636819281897,0.018080186880200192,0.9365424313137667,-0.34326147601318996
robot3,2529,1722895474134310233,-21.62028557602499,8.310212196182825,69.52769701631304,0.06478560134224247,0.015572230369754117,0.9389389048025195,-0.3375708289356186
robot3,2530,1722895474634096486,-21.634089133131457,8.504934055790352,69.05409908105452,0.06667172299631552,0.018058959092692554,0.9437355409154682,-0.3234068400052472
robot3,2531,1722895475132326298,-21.690169138852394,8.787555555730867,68.66177809959463,0.06638755968497279,0.021919293750485153,0.9706893368288827,-0.22994444513242326
robot3,2532,1722895475633105490,-21.78211716989712,9.22306612528507,68.21451513546774,0.07037349612289791,0.023843832702629533,0.9838592615372361,-0.16278819420613433
robot3,2533,1722895476130901154,-21.85329182654218,9.632666963385601,67.71165995192155,0.06446705032604348,0.02928725781800137,0.9904815244887026,-0.11803645876718284
robot3,2534,1722895476631604178,-21.92923737200224,10.10327706694242,67.25314850131693,0.06299742632404935,0.032290181903505494,0.9960613418134019,-0.05338980964631768
robot3,2535,1722895477131649011,-22.053329916952308,10.676092979347732,67.01104822419819,0.063563830114095,0.04321313546068453,0.995532219777692,0.054843995198965594
robot3,2536,1722895477632728570,-22.173438430920644,11.296212016053662,66.85924881676983,0.048892507462925,0.051896429757799886,0.9859535155514204,0.15103624884171532
robot3,2537,1722895478134245332,-22.306857874028502,11.777789398838165,66.80141932439982,0.049381646633096576,0.055095450460528904,0.9807481340146601,0.18071812842412227
robot3,2538,1722895478634001183,-22.434400942007134,12.332277444321127,66.64499474370241,0.04662339310913804,0.05299932293621445,0.9782398593959055,0.1951002523636823
robot3,2539,1722895479134591789,-22.56075404775591,12.959287689461393,66.6657267906874,0.040881929594211754,0.05505330116187312,0.9562024640174653,0.28456044994124163
robot3,2540,1722895479630408898,-22.624571726611315,13.403128068262369,66.74162110990032,0.04048529800992654,0.05797338130623078,0.950809214822372,0.3015988473350555
robot3,2541,1722895480132823928,-22.684847373379007,13.893633297491407,66.7796017086711,0.039563117440012625,0.05739922477825486,0.9473993277771421,0.31236933662045413
robot3,2542,1722895480630545659,-22.76667616418107,14.450114709599266,66.84203083820645,0.03373377737111437,0.060431126904734705,0.942694463029259,0.3264004603845974
robot3,2543,1722895481130858604,-22.906421319425306,15.072949988383213,66.89832229127776,0.03561879352256343,0.058399718741457635,0.9375046995807297,0.3411828141377603
robot3,2544,1722895481634904756,-23.05352868505163,15.736668298817957,67.0261340809545,0.034908307605924456,0.06072163194629321,0.9314985280720126,0.35693806980139153
robot3,2545,1722895482131984230,-23.179095145037895,16.374114080393415,67.18517798514556,0.03487474091922226,0.06022143047811294,0.9220998855538542,0.38064278900112636
robot3,2546,1722895482630966712,-23.33459833984444,17.079797626352992,67.36235480798074,0.033702079365751814,0.05934027720200802,0.9065657296452846,0.416511079301291
robot3,2547,1722895483133517506,-23.515543829469834,17.967682865190884,67.62147404250528,0.03731871050470545,0.05852658186921085,0.9013778616722603,0.4274340926366499
robot3,2548,1722895483632180892,-23.67897124085791,18.764598535474875,67.73069491713018,0.033958212380584475,0.05906563945703799,0.9232559559567155,0.3780959267671335
robot3,2549,1722895484131012748,-23.84985611603017,19.592964858037444,67.82313482442704,0.03391382537161017,0.05510249781773294,0.9206712025321272,0.384939091300114
robot3,2550,1722895484631932798,-24.022592011234053,20.451923852056023,67.93811406162853,0.030102691710188964,0.057340351974519484,0.9178873064461247,0.3915211420246902
robot3,2551,1722895485130683702,-24.16760381278923,21.25102594928696,68.04632811846464,0.031694519759024826,0.056857488721427304,0.9176537254171844,0.3920131676634093
robot3,2552,1722895485634127070,-24.350840834126334,22.032805815523236,68.27612414068493,0.029933171558616443,0.05678915324579036,0.903062293597755,0.4246851671485959
robot3,2553,1722895486134147853,-24.5409429890896,22.88621411810171,68.54287630946565,0.029841871524417942,0.061467240719865555,0.9087319513200497,0.4117492946833802
robot3,2554,1722895486632993750,-24.715424659204498,23.67618327498795,68.68027763226941,0.033314695844004455,0.059348445917887835,0.9155911094800657,0.39630898709090046
robot3,2555,1722895487132819043,-24.99281851778349,24.619224363637997,68.91658440563394,0.03175301747532454,0.060910502146267996,0.9122177307010614,0.40390650948469137
robot3,2556,1722895487632151070,-25.201845490551797,25.488463196596133,69.07452743635135,0.030964537289741977,0.06342288823408104,0.9183597790655478,0.3894021711202411
robot3,2557,1722895488130500577,-25.374042743382635,26.303479393417945,69.10677992026685,0.0317249991933442,0.062174700556129094,0.9297941769894502,0.36140091238602157
robot3,2558,1722895488630677311,-25.553840838498445,27.10335208025839,69.16380152813005,0.03382126279316216,0.06066187517708713,0.935412639713084,0.34666908219233444
robot3,2559,1722895489132959111,-25.76417058245326,27.976996943782705,69.31153534321345,0.03705945034782134,0.05990342197003289,0.9363323610878062,0.34397657878979443
robot3,2560,1722895489632607061,-26.00254080437901,28.84055805878232,69.49690185185464,0.0343259769645667,0.061479797866121136,0.9358988992987918,0.34515969065213703
robot3,2561,1722895490131716344,-26.195229777214784,29.66258059236779,69.6618003171479,0.030208835029072945,0.06449285950760449,0.9294106345039945,0.3621104387194617
robot3,2562,1722895490631255004,-26.295771795212197,30.144075663205587,69.8147989430733,0.024778189440108296,0.0659042746523083,0.8789776040956828,0.47163655436027896
robot3,2563,1722895491132609495,-26.410690752608097,30.58010180640334,69.96548191082643,0.02189930567565708,0.06893186252357025,0.8647495182260989,0.496967895811878
robot3,2564,1722895491637723826,-26.623633524626257,31.178548314461498,70.44143325818418,0.02317996536280824,0.06694429780159651,0.8386332671684079,0.540069804188377
robot3,2565,1722895492140435410,-26.856474715133093,31.90114143205053,70.92476277316061,0.023743431441207385,0.0667632344221687,0.8475599591092586,0.5259477499786448
robot3,2566,1722895492633543389,-27.08255862856339,32.63947794857684,71.00493966905745,0.030783675260756666,0.06598266897123387,0.9130182154705229,0.40136814890060046
robot3,2567,1722895493132209142,-27.220230730160498,33.27322313700927,71.03580980139154,0.03369524484550101,0.06434985832618646,0.919607954701287,0.38606338321358225
robot3,2568,1722895493635655673,-27.501470867290724,34.01118737692604,71.29726172545112,0.033264656178996106,0.06348724297270371,0.9116002741612066,0.40478114182633423
robot3,2569,1722895494135581851,-27.7681933097502,34.77849893596471,71.50302074265555,0.035116906483549044,0.06259141759880817,0.9259521148414456,0.37075840967219026
robot3,2570,1722895494632782157,-28.039914890459784,35.51421808589688,71.64524171605423,0.041811145130413015,0.05697215360421569,0.9284818382945216,0.3645922075604569
robot3,2571,1722895495137989769,-28.243580848673936,36.10006946848975,71.77709387937566,0.029226891581377114,0.05606177436641897,0.9267779392229574,0.37025061462883163
robot3,2572,1722895495632445640,-28.4397408030645,36.76438838375341,71.86375115783841,0.03118282426140904,0.05535117215755898,0.9250656898216845,0.3744560704897136
robot3,2573,1722895496134706774,-28.68544901023336,37.5365402234927,72.0039322396704,0.03963032223575462,0.053195546528635715,0.9359381871423557,0.3458603493285849
robot3,2574,1722895496633830866,-28.990378298066393,38.42024551898419,72.20295642309947,0.03460880191237354,0.054276563155686325,0.9404992798554558,0.33364260836045195
robot3,2575,1722895497133085533,-29.241395490689943,39.19494754324269,72.27000059627109,0.03100573580538685,0.054858035459768195,0.9419856966300855,0.32968498242563915
robot3,2576,1722895497634933129,-29.430216620105444,39.81346644854183,72.34020941002784,0.036554942919686945,0.05544167868264321,0.9405731484798957,0.3330346960477317
robot3,2577,1722895498134255819,-29.707166802027313,40.64193559864139,72.4413827603031,0.02609386601082223,0.04983499189931417,0.9364724392117477,0.34620074282965396
robot3,2578,1722895498634943833,-29.989960086361727,41.35921974074497,72.58993987221206,0.02924299196807697,0.05538397968519243,0.933242637134776,0.35374516597222094
robot3,2579,1722895499138218079,-30.21116599006268,41.998869201434424,72.71031910451217,0.029034251564180838,0.05435367025480383,0.9353860279569733,0.34821784771722464
robot3,2580,1722895499640631754,-30.466693724690316,42.71476672998836,72.87180727008861,0.03236517814027929,0.0547172195669391,0.9371340244759793,0.3431302104103718
robot3,2581,1722895500132308040,-30.67554061210547,43.420065763612804,72.9522143901215,0.03764555989653171,0.06443443828483557,0.9332981812428365,0.35126275047577676
robot3,2582,1722895500630876305,-30.875700337582792,44.02968263395832,73.05639000269679,0.02454706890868725,0.06489136669002132,0.9295769926438302,0.36204028323426374
robot3,2583,1722895501136683029,-31.090814094231316,44.71920504215438,73.12793954890398,0.03806367257790191,0.056932228601683385,0.9272152957142425,0.36821416807325275
robot3,2584,1722895501632702377,-31.302968015113898,45.262423101762565,73.25991133182926,0.015296114931651039,0.06696185892734471,0.9305895109856845,0.35956265150932576
robot3,2585,1722895502135285501,-31.46618068673936,45.719641405374176,73.2457730541926,0.027757151564188016,0.06638959215437325,0.931026747895743,0.3577864688515975
robot3,2586,1722895502632583548,-31.66586674439735,46.252973319138526,73.39038724815585,0.03212874619553314,0.06576407211817056,0.9349237907417836,0.34721799491292615
robot3,2587,1722895503135607844,-31.920158045201205,46.89508839183998,73.50558007913642,0.03440094586624196,0.06554918158386772,0.938909730367048,0.33610771776213405
robot3,2588,1722895503630070571,-32.18750944584179,47.64691086670084,73.59311366912036,0.033926807400159326,0.06520610216268169,0.9403772849484575,0.332095916767054
robot3,2589,1722895504136647449,-32.38038902416733,48.315875529154134,73.58084380302658,0.03264656091953302,0.06461476137391214,0.9398154041552177,0.33392535211523616
robot3,2590,1722895504630659565,-32.54297832770295,48.820875995916474,73.48696210608398,0.03412979543976319,0.06212858646063789,0.9430765269525109,0.3249336241739734
robot3,2591,1722895505139290272,-32.82643483715269,49.396342808325535,73.55503106039517,0.03185129861056929,0.06102654027183688,0.9461845152855913,0.31622162986272867
robot3,2592,1722895505632585093,-33.06060855829053,49.887545387685115,73.67923831745082,0.031066789616567204,0.06053010587717265,0.9426254933640658,0.3268457436246799
robot3,2593,1722895506133537514,-33.315584463708504,50.363197505936874,73.79216335432328,0.03737714509153892,0.05820394246133837,0.934726833225832,0.34856993179901624
robot3,2594,1722895506634233771,-33.53232597689375,50.93856822077889,73.93821471492149,0.03385447403597076,0.05955945810258519,0.9324762350552332,0.3546753679006924
robot3,2595,1722895507137832650,-33.792076858639234,51.52786922293921,74.0876246751371,0.032847654388866596,0.058001820123085024,0.9319085611844201,0.3565154331228071
robot3,2596,1722895507636238716,-34.02896483689165,52.02369122615814,74.1771810070767,0.035204965816756834,0.05788437614410052,0.9285690155998224,0.36492409162485573
robot3,2597,1722895508133029232,-34.30013667149533,52.526337195673335,74.264758832987,0.031440497708798996,0.05605614545602604,0.9283638383638891,0.3660734725143338
robot3,2598,1722895508633001672,-34.62001136110058,53.04247948882923,74.36011866511686,0.03158170264056361,0.05651295483298378,0.9395527521489747,0.3362283568107476
robot3,2599,1722895509135584527,-34.91123463471776,53.61894799766542,74.39017187942812,0.03402015347182831,0.054604764390891534,0.9532146845377977,0.29536877635436615
robot3,2600,1722895509642595545,-35.2021127909211,54.21360423556361,74.43968229677625,0.03729823571410513,0.04980241815193081,0.9635859814840697,0.26005887226975616
robot3,2601,1722895510135940001,-35.49051032812812,54.8774425659609,74.59034801900133,0.0362592444476007,0.05265792936516676,0.9642185532008557,0.2572838730474781
robot3,2602,1722895510631200837,-35.75510939832233,55.56645567874224,74.76334318069075,0.03327931541064671,0.05254165093897547,0.9515069856330217,0.3012744900816635
robot3,2603,1722895511129052627,-36.030010775536,56.21554628253898,74.86205259552791,0.031918124383624014,0.05219013768805687,0.9460753286333303,0.3181177382908238
robot3,2604,1722895511636655983,-36.38366767187201,56.9212269401026,75.01162931531513,0.025852236248779675,0.052950795244618286,0.9419260508502874,0.3306103293811032
robot3,2605,1722895512135588214,-36.73125748636213,57.41702664497223,75.09763153998128,0.03135588641721005,0.05068300954576238,0.9382427940450783,0.3408056636161731
robot3,2606,1722895512632909608,-36.96917791851125,57.87141860552774,75.05674019451152,0.03260311527478808,0.048960639917716015,0.9400214665609645,0.3360052604019764
robot3,2607,1722895513132768193,-37.17668311781607,58.34358358009014,75.18429037241853,0.02858659073437724,0.050151548287854154,0.9470364652839558,0.31589485981412724
robot3,2608,1722895513631604074,-37.39712390820555,58.94151369534259,75.36504267737612,0.03039478909898214,0.0511873155772832,0.9519803142026577,0.30031566207946825
robot3,2609,1722895514133631092,-37.674737013410855,59.600924089716955,75.50751719965889,0.02983049309998873,0.04952670360801347,0.954705444073942,0.29188141833065173
robot3,2610,1722895514635908852,-37.95956047924431,60.262473542625116,75.68926976298413,0.02974124693538659,0.051120987808555965,0.9512240123273115,0.30277876611172155
robot3,2611,1722895515135135935,-38.197039117131446,60.82012581807023,75.80822677134043,0.031414706648965354,0.053721249648740824,0.9377441432373137,0.3417061096416828
robot3,2612,1722895515631683544,-38.47454226309418,61.415952534359334,75.91532161886423,0.03137681083912966,0.053315175916652864,0.9408906487016668,0.3330131753313954
robot3,2613,1722895516133904369,-38.836568868935615,62.01907982883956,76.13141056730142,0.033188099518305245,0.05259112866666272,0.938686753137497,0.33911635572486526
robot3,2614,1722895516632020645,-39.202733727110605,62.6053432952467,76.22441868153717,0.03152861740317215,0.0533785281751594,0.9468363531699513,0.3156859188027327
robot3,2615,1722895517134082118,-39.56978061411299,63.239265706372514,76.33085108470439,0.03345616330578409,0.05234644164222694,0.9478344108577861,0.3126507073046971
robot3,2616,1722895517630910125,-39.89078454725375,63.97709366260361,76.44831964802422,0.033537214438228574,0.051841893147345636,0.9493491830069181,0.3080970660144631
robot3,2617,1722895518136910452,-40.13759537366581,64.57029903800237,76.41031020976922,0.03060807279749212,0.05060239177366554,0.9511684255262075,0.3029540726057393
robot3,2618,1722895518636257866,-40.41274182882739,65.11255504179178,76.41375247110994,0.03150638952706978,0.04768926200406465,0.9539943043400375,0.2943262628364041
robot3,2619,1722895519138371630,-40.7165718108916,65.7217203059585,76.49124556203044,0.03450397881457021,0.049354498425798504,0.9589441078744132,0.2771277808233007
robot3,2620,1722895519633453567,-40.88081250489966,66.38505156489276,76.60525910348845,0.034112850689241365,0.04905710232062959,0.9536251793187397,0.29500632450687936
robot3,2621,1722895520133339933,-41.10178086845417,67.03611510396402,76.81301711442308,0.03729572309851687,0.04934430622538358,0.9491654933401218,0.30864062392060043
robot3,2622,1722895520633887509,-41.36447474021716,67.76196216023651,77.03173435458311,0.03133528313820001,0.05039601686869869,0.9451275561972101,0.32126662452098614
robot3,2623,1722895521133812113,-41.62270608596469,68.42830297286582,77.20023182148266,0.030354545381592216,0.05021439418710301,0.9414997260791154,0.3318665122968115
robot3,2624,1722895521633248158,-41.95465331809301,68.97044655175411,77.27747680333918,0.029350392193517028,0.050610635334825925,0.9470305934980845,0.3157691768487827
robot3,2625,1722895522133675923,-42.34253040810822,69.49359387890064,77.40848650572508,0.033320970032858624,0.05112776732403606,0.9495487897780166,0.3076243816663964
robot3,2626,1722895522630251588,-42.723727530145474,70.08905123810827,77.55278290003025,0.0323584980081764,0.050783539739374606,0.9500517793908521,0.30622798071774887
robot3,2627,1722895523133107018,-43.04143676526099,70.70238164834821,77.68474332351423,0.034067393170910856,0.05089591319582014,0.950753029525758,0.30383827209569125
robot3,2628,1722895523639859321,-43.47353947915577,71.34777554073561,77.88899012297509,0.035046543769709844,0.051118411556211926,0.9501250131408169,0.30564866623940984
robot3,2629,1722895524130968621,-43.821892390082596,71.96829431349822,78.01692052013594,0.034701702347821654,0.05071054571149958,0.9499216031315013,0.3063873044234755
robot3,2630,1722895524636181755,-44.06298148745719,72.46414013535362,77.98388250714457,0.03481781494624952,0.051571198787974844,0.9520133906932844,0.29966420399943655
robot3,2631,1722895525133129648,-44.24204822276945,72.84251446388858,77.93677690347185,0.033975731908491284,0.052396222014575514,0.956405210842931,0.28528820205604394
robot3,2632,1722895525631232778,-44.39992960904494,73.3322921025049,78.0402766065251,0.034703406645247854,0.05295072589107482,0.9601802047089676,0.27211370542453034
robot3,2633,1722895526133232223,-44.61953202647876,73.94341942001529,78.25129280417659,0.03152578151595485,0.049625731452561196,0.9614165079720174,0.2687409720837121
robot3,2634,1722895526629411909,-44.81449389616628,74.35726699856178,78.25418665331917,0.03294301660350689,0.048983829025353726,0.962572500763277,0.2645175285787445
robot3,2635,1722895527129641008,-45.124542995805065,74.99153385748465,78.28769015690716,0.031680286282807425,0.04842368151997086,0.9632189079181303,0.26241349423780874
robot3,2636,1722895527633907113,-45.44691718415503,75.65322628272757,78.41165062050226,0.0321337212443705,0.04821335519716083,0.9616229087625163,0.2681870199743806
robot3,2637,1722895528134856575,-45.730571662088664,76.25338510362866,78.58317881846143,0.029330441938979112,0.04959348928001576,0.9496715432600571,0.3079028595494988
robot3,2638,1722895528632803998,-45.98924785029648,76.72382311554819,78.61858987503794,0.03495635240700587,0.04845882402456496,0.9472975549795916,0.31473343980301993
robot3,2639,1722895529133097113,-46.27739479083329,77.25414806662228,78.7244759145291,0.03346979229309233,0.04545304041738119,0.9442040788508369,0.3244879837561257
robot3,2640,1722895529633160073,-46.557103987396765,77.77650485453678,78.91204895032989,0.030605891769554583,0.04721514858657113,0.9431056289399032,0.3276976987938852
robot3,2641,1722895530135621840,-46.849763220540154,78.31068877707311,79.10998724608892,0.03171529881044267,0.04411065012255913,0.9366429085655181,0.34604689306661296
robot3,2642,1722895530632841171,-47.09357566800303,78.80024317333812,79.29132183757932,0.03315420422826443,0.04293517773598668,0.9262810912330052,0.37290844624245634
robot3,2643,1722895531134820219,-47.29732325784009,79.17527358627102,79.46653820224377,0.032145694858081816,0.042625966678129804,0.9169146305198952,0.39549619670157415
robot3,2644,1722895531631861901,-47.4581652323578,79.56915686635847,79.74397284484097,0.025729857112088892,0.04292240489305801,0.9043660129558604,0.4238133506881401
robot3,2645,1722895532132452340,-47.6175365929801,79.91647972789528,79.85302812937066,0.02999948433529997,0.041994435369101885,0.9365944164893902,0.3465939949545362
robot3,2646,1722895532635648835,-47.83723722399414,80.33106169462856,79.72751097257955,0.0319839979368576,0.04122816064673839,0.9767478342810955,0.20794453797311288
robot3,2647,1722895533134535116,-48.11018767783949,80.87617788597129,79.39332148143316,0.03933539640075676,0.03870148302841927,0.9968448126750561,-0.05705559783429261
robot3,2648,1722895533631764456,-48.19371888547805,81.15568785289226,78.8259228294632,0.043522188826911855,0.028060570812486484,0.950739345535351,-0.30563560050557714
robot3,2649,1722895534136084200,-48.160125259171174,81.2494301509164,78.19966702711372,0.041271641784142124,0.016031526964817126,0.899592113468106,-0.4344809214610051
robot3,2650,1722895534632431481,-48.173079619307394,81.5161246458694,77.50815347768811,0.046971531728609996,0.014331903059327262,0.8980512511657759,-0.4371409635819444
robot3,2651,1722895535134454563,-48.24324161293667,81.88392427774758,76.57252846013164,0.048310925951113436,0.017522291133166966,0.8973009470169807,-0.4384176481730862
robot3,2652,1722895535634425125,-48.33452824636239,82.22403847864801,75.64875554108656,0.04427860021904924,0.01384225946664299,0.8982938321880174,-0.43693934186390854
robot3,2653,1722895536131153128,-48.43118126599537,82.54647338349108,74.84802788279627,0.043510765399373055,0.013625557563911395,0.8992868839343364,-0.4349761578053497
robot3,2654,1722895536631564431,-48.54413859335198,82.95624614419009,74.01152458426246,0.04061368178452436,0.014367093749527104,0.9000997488239891,-0.4335487949886258
robot3,2655,1722895537136998626,-48.60982450762121,83.38128540563802,73.17063151350953,0.03791578536200349,0.018446766686622266,0.9026705213681967,-0.42826164884572565
robot3,2656,1722895537632249124,-48.68664775517714,83.76806608997474,72.35713418161605,0.04915528849406676,0.02578801335458154,0.9016415395636119,-0.4289070646581246
robot3,2657,1722895538139973563,-48.8051339251715,84.17460650608206,71.64071708669624,0.054035747244246216,0.02565652034781818,0.9035204353554587,-0.42434974240416423
robot3,2658,1722895538634744822,-48.92132116610375,84.52973776558451,70.89482780962358,0.05660764125887744,0.020740654095997672,0.9070441002593987,-0.41669701271234755
robot3,2659,1722895539132107908,-48.98169820010717,84.88652500900592,70.21134658154574,0.050650593775266775,0.018231241466311856,0.9117549053994325,-0.40719176276649066
robot3,2660,1722895539631875366,-49.032808903438415,85.20203556727412,69.56538855615115,0.042134500602136866,0.013769412926750393,0.9153540634007327,-0.400202480929877
robot3,2661,1722895540133503338,-49.13769283080319,85.45808707519869,68.92505895005122,0.04666308245708252,0.015122090438737395,0.8981757291400568,-0.43689156400655477
robot3,2662,1722895540630916249,-49.30310977283158,85.71102640862058,68.2164619117625,0.045014590328604887,0.0159880804342394,0.8892861821427002,-0.4548495951318813
robot3,2663,1722895541136297060,-49.39321551096046,85.98975882806747,67.36385107001453,0.04264899824179382,0.014315314688560458,0.8783846639450487,-0.4758324462040002
robot3,2664,1722895541639277739,-49.487444065113024,86.25138666258918,66.65392155916781,0.044918265629313135,0.0193582890864391,0.8846790286552177,-0.4636276763893207
robot3,2665,1722895542134004455,-49.60122319319446,86.51300421289358,66.02687992837217,0.04847999411095347,0.020043943166888324,0.8883500584028573,-0.4561601738961488
robot3,2666,1722895542634799198,-49.65261467907852,86.80632386313935,65.35894918116524,0.049558076353611924,0.01916420874233957,0.8911999307979012,-0.45048797266655827
robot3,2667,1722895543136722104,-49.61575421608853,87.07607122442685,64.79831340025972,0.04779398301019339,0.020443298628774538,0.8919550818422884,-0.44912574932296256
robot3,2668,1722895543635995545,-49.6089586482395,87.22960924661633,64.17371135559863,0.04747120379169208,0.019344913737688787,0.887923232568914,-0.4571264509820221
robot3,2669,1722895544132081748,-49.63700949068323,87.38713241422296,63.6260537184141,0.04653620769963349,0.019080740178574227,0.8908856767754821,-0.45143440015517805
robot3,2670,1722895544631555358,-49.74613757772164,87.53022678154716,63.08602515663494,0.047384750380759635,0.017586164228663225,0.8865097594859926,-0.45994114688203647
robot3,2671,1722895545133828933,-49.84142218883247,87.83743535570795,62.30280307726653,0.0466335836611203,0.018244976083350472,0.8773931796011051,-0.4771515881898562
robot3,2672,1722895545634504228,-49.84997987411651,88.07383934715925,61.51785417386162,0.05113638976235315,0.020001873626207697,0.8755159618983226,-0.48005915797406573
robot3,2673,1722895546133384498,-49.84963740091811,88.30605852631764,60.8280824933485,0.04846924557018893,0.017202540051663145,0.8758311750349111,-0.4798693131328514
robot3,2674,1722895546631867918,-49.97190523513341,88.4732860159913,60.051765589024924,0.048511737860868535,0.01705211566474642,0.8739238125389364,-0.4833352940956046
robot3,2675,1722895547133970993,-50.003611425676134,88.65652798800895,59.318512925291586,0.04606378538430948,0.012398018933494376,0.8737621931360958,-0.4840083125821216
robot3,2676,1722895547632583165,-49.83475167394751,88.81000164990647,58.548166153001965,0.04854704398457433,0.014367140359530775,0.8430339072360995,-0.5354723158562774
robot3,2677,1722895548131793247,-49.75993086500375,89.0069913141839,57.72309495459399,0.05036973717797417,0.0124370103046946,0.8531621798062694,-0.5190592502783452
robot3,2678,1722895548636755409,-49.755089082619065,89.18020178839556,56.90876364682521,0.05103222397070241,0.011587226913316633,0.8703130860117421,-0.4897107111405484
robot3,2679,1722895549136510972,-49.74325549830656,89.37173361422715,56.1087560455687,0.0537098754218259,0.01482431596442869,0.8777477143752891,-0.4758722925820696
robot3,2680,1722895549631345914,-49.67592335348214,89.58039410678873,55.434229922521915,0.055117581660340954,0.015546481993798206,0.8787707642757699,-0.4737956341543379
robot3,2681,1722895550132070983,-49.57011558580519,89.8072245495907,54.815565061642005,0.05438976229843234,0.01573220842610478,0.8719728181862879,-0.4862691186158345
robot3,2682,1722895550635151848,-49.575071362367886,89.93694082391806,54.072122913218735,0.05134185484688742,0.013172214084087074,0.8737721670195681,-0.48343842095858724
robot3,2683,1722895551130265531,-49.63373366506081,90.07250492631623,53.37913962019924,0.05215560456755826,0.016276315378970355,0.8771019782938424,-0.47718654019461276
robot3,2684,1722895551632088597,-49.69709757394657,90.21332541195457,52.5273633794806,0.045808402465300345,0.007138067717437316,0.8794608049220444,-0.4737080650133671
robot3,2685,1722895552135269744,-49.78206977333928,90.36833311297204,51.759234044233736,0.05029210453793112,0.01182685880783438,0.8795742174465491,-0.47294822722490065
robot3,2686,1722895552632495860,-49.82746232076545,90.53746088546426,51.07258235685617,0.05189189012595034,0.013511280701917722,0.8892090339196542,-0.4543478524529697
robot3,2687,1722895553142959110,-49.9214362272896,90.67317973584557,50.28151183138995,0.0514254560434731,0.013358660083801929,0.8944593529867392,-0.44398134479506024
robot3,2688,1722895553632943539,-49.90714305745537,90.76161072839888,49.523718759961284,0.05619032940295954,0.014367047652100133,0.8950671161374977,-0.4421437463457473
robot3,2689,1722895554135117875,-49.957914930628185,90.81593175409121,48.79379628715361,0.05195624024407923,0.013361186776879913,0.896894236948132,-0.43897921991461153
robot3,2690,1722895554637502634,-49.92191154243452,90.93567634527427,48.12115780197302,0.053468783730791634,0.01248044465170461,0.9024240489333608,-0.42733612481788263
robot3,2691,1722895555134952467,-49.8709309029542,91.14560673445774,47.37209051060414,0.05353559409962846,0.01224582043806722,0.9185907948457394,-0.3913756912109783
robot3,2692,1722895555633399031,-49.80292892593824,91.4379263764004,46.54523318217156,0.05698147991485508,0.014671985559759423,0.932006025553043,-0.3576347468007933
robot3,2693,1722895556134162963,-49.70238889772944,91.78328169675491,45.79621444759236,0.05107859961233188,0.013687746139863628,0.9357539070813952,-0.34866638445533743
robot3,2694,1722895556634313915,-49.74092630175245,92.07256146144938,44.9824735670702,0.054207682866281755,0.014078237465063655,0.9376975571089071,-0.3429090575358631
robot3,2695,1722895557132642800,-49.834015924324376,92.21849451365027,44.18487442660892,0.05685577080196409,0.015819626619737733,0.9373090854871114,-0.34346592116750313
robot3,2696,1722895557634281879,-49.95238114080555,92.33812069190235,43.27532511523123,0.04876443877858846,0.01469972696313177,0.9366092491571295,-0.34665409550607756
robot3,2697,1722895558132477311,-50.10910578397867,92.43417296659729,42.42392436962014,0.055121766854365435,0.01781261558038757,0.9420150260121815,-0.33053289142278613
robot3,2698,1722895558634823225,-50.1736825605797,92.56031784997158,41.65573586539272,0.05764714966778754,0.017353127627617017,0.9414670122796869,-0.33168590546762644
robot3,2699,1722895559136110752,-50.25373647010254,92.79722042459167,40.778733739738335,0.0536328432720146,0.017639002905374596,0.9459888363215732,-0.31924521179497684
robot3,2700,1722895559633237536,-50.300986585567536,93.02627534532239,39.94412263403267,0.05374446913165937,0.019704397776310202,0.948035471075292,-0.312972865164184
robot3,2701,1722895560131868095,-50.25201831297631,93.27011263456777,39.08289413709947,0.05272544422777781,0.02111197273489375,0.9493307541598551,-0.3091042402564305
robot3,2702,1722895560639121133,-50.24955539375507,93.4104596904313,38.319993215899125,0.05641459085130316,0.021159614046123897,0.9496168082184897,-0.30756719952138467
robot3,2703,1722895561141774896,-50.1918706629059,93.49352176305571,37.55623080874594,0.05494381217013009,0.019229368961972918,0.9508236470456272,-0.3042134137285702
robot3,2704,1722895561635157667,-50.17505309866031,93.64993672619715,36.846107123292335,0.05194511039088127,0.016415447710917765,0.9507290460063801,-0.30519914754587335
robot3,2705,1722895562132219918,-50.19939221011818,93.73978969600047,36.07735004845211,0.0539445068825835,0.017591154928570163,0.9524103801754353,-0.29949125058932297
robot3,2706,1722895562634286844,-50.22488820875585,94.03409471807734,35.23555592493132,0.053511115091014125,0.017445056526332388,0.9575095084064389,-0.28285645100610474
robot3,2707,1722895563138910606,-50.12433567213445,94.28976789447783,34.39434000466854,0.05418930809295106,0.01931319827471441,0.9613058708938083,-0.26940961721123735
robot3,2708,1722895563632538426,-50.265550402889616,94.58863214509506,33.49277899583772,0.05210374665521777,0.016449629524873412,0.964175572786193,-0.25957672105834106
robot3,2709,1722895564133608850,-50.30396202432887,95.05634235532916,32.65440844074255,0.057484978058900925,0.01670254414000695,0.9689355628577138,-0.2399591159894207
robot3,2710,1722895564631839933,-50.35776729297077,95.40459492145176,31.676117923310834,0.05049850044222703,0.013979701302529143,0.9694755009659249,-0.23952394959888113
robot3,2711,1722895565133644980,-50.41709969009384,95.68038302221068,30.7831537386025,0.05530276924831755,0.0146745024265774,0.9699506578463358,-0.23647829506206275
robot3,2712,1722895565638417885,-50.381373624701354,95.76668382428669,29.925173903161603,0.05782709093755941,0.014394249227085503,0.969195062634993,-0.23897649195441734
robot3,2713,1722895566134466545,-50.30545418746007,95.93177284217643,29.045131241255476,0.05455150350048709,0.010167363323345814,0.9699468558128898,-0.23690473842364737
robot3,2714,1722895566632206393,-50.266659327629746,96.18253646289533,28.184958323656005,0.0543734740709865,0.01353857540949193,0.9689390866656397,-0.24086776169693053
robot3,2715,1722895567133768565,-50.467365517912604,96.39945511725232,27.250918011403684,0.05477181317548233,0.014831454813115841,0.9742955547821001,-0.2180097437304962
robot3,2716,1722895567632194293,-50.46913662558154,96.63750516512384,26.342805327574503,0.055134751103333234,0.014868312300105041,0.9821527926634472,-0.17920654110135556
robot3,2717,1722895568137368932,-50.56069446307547,96.68280102452597,25.427596233213453,0.05075745038080789,0.01631555832294897,0.9911271732656181,-0.12175553458449302
robot3,2718,1722895568635022865,-50.640936382625554,96.77574820141939,24.60259565937891,0.05787479817445346,0.01661259484902084,0.9973677045195521,-0.04040038873634524
robot3,2719,1722895569130944713,-50.42952140179115,96.94039670668337,23.89890619243221,0.05692137346291211,0.018905693909502003,0.9974264183814701,0.03928195381607655
robot3,2720,1722895569634945241,-50.42255031241987,97.20357221212625,23.31689705098806,0.05878751483132412,0.018060695784941277,0.9916957785081574,0.11294831675071702
robot3,2721,1722895570137183043,-50.39733120537585,97.33166347708439,22.356607403335875,0.05559696997248368,0.015607820146200659,0.9911081647929499,0.11987484540517011
robot3,2722,1722895570632580401,-50.39684516697164,97.60154225803268,21.352451883736904,0.05481127999206217,0.016806940664619328,0.9927996036843325,0.10517698063435671
robot3,2723,1722895571131872354,-50.31528545481304,97.83871412020157,20.33043985378842,0.051552463368157095,0.017999469347249043,0.9936085319035813,0.09879497938813608
robot3,2724,1722895571632454461,-50.114464116078096,97.86398041702466,19.29122765690664,0.05416286102917277,0.01782877420907077,0.9913346338998424,0.11833918592757732
robot3,2725,1722895572131973377,-49.951691948936386,97.85786392303989,18.421834981627313,0.052079971162655246,0.01847689160821702,0.988343238309167,0.14185881843841885
robot3,2726,1722895572634731268,-49.94506493129185,98.10987565700741,17.707919037415365,0.057507775448606135,0.019467590262503325,0.9858648431000521,0.15615498657306312
robot3,2727,1722895573135194857,-49.97496782826234,98.49922885867076,16.93268156108939,0.04990768086913101,0.022117148793697413,0.9851713831205293,0.16265731154757734
robot3,2728,1722895573634404420,-49.963679912535795,98.66742556061672,16.125994324152305,0.04804776271512811,0.027609574255214903,0.9817727472234961,0.18180043101364077
robot3,2729,1722895574133566043,-49.859392974704804,98.60174342449542,15.232232275672244,0.04731113305997316,0.03023255233730815,0.981129517615402,0.185020320861039
robot3,2730,1722895574632890379,-49.79626819875213,98.62835269875633,14.38508819891736,0.05030733743352828,0.029332119423259386,0.9790492159891576,0.19511901814406704
robot3,2731,1722895575136166421,-49.67084405429179,98.62401425123234,13.500868728028372,0.05040631651986029,0.028290416984252713,0.9772492984799798,0.20406534292266326
robot3,2732,1722895575632293985,-49.670368609019754,98.86373840636334,12.83564284991914,0.04777794086823306,0.02615888769933883,0.9775335063133226,0.2036202961286186
robot3,2733,1722895576134774956,-49.69770395248599,99.24488677731463,12.182270956227278,0.04609579580814718,0.02638897052738106,0.9785089952719772,0.19924594353497924
robot3,2734,1722895576635837328,-49.70839125914371,99.53592886720769,11.58809089874443,0.04654156112806285,0.025237959289498006,0.9828058067205797,0.17688887691139576
robot3,2735,1722895577135691890,-49.73921454477075,99.68106539514376,10.917716772008783,0.04622775438798231,0.026595412058391252,0.9835887073772861,0.17236279616427752
robot3,2736,1722895577635861583,-49.79397599657268,99.71150357548547,10.175308349799659,0.04740336703460414,0.029387444212256524,0.9861100137838577,0.15644915989436964
robot3,2737,1722895578135920042,-49.99850541617633,99.81018875192136,9.454715358443892,0.04681581980145246,0.029657849232734904,0.9866167436458837,0.1533495750003858
robot3,2738,1722895578632409153,-50.236340495516565,100.02222878072905,8.817821867672318,0.04949771535711586,0.027093360581410857,0.9857579591197482,0.15842086989693197
robot3,2739,1722895579133427483,-50.50547820884396,100.24175503697208,8.174638397910588,0.04433878076118871,0.027122212916330383,0.9857511577590929,0.15997847687654873
robot3,2740,1722895579632225064,-50.59301936655342,100.4213059362436,7.409367109059717,0.04910387891835657,0.027285382576813455,0.9837679653013743,0.17042566537819992
robot3,2741,1722895580132552621,-50.65626891751103,100.58263757780674,6.555720629863695,0.0484669117944181,0.025180519468195123,0.9830112955672483,0.17523039886852887
robot3,2742,1722895580632341181,-50.68184763023108,100.61256868022292,5.754079130036007,0.045800105495666286,0.025671831486745737,0.9816968622817229,0.18306987188208182
robot3,2743,1722895581133468151,-50.80577161950682,100.85470486241444,5.056027425980035,0.04973830852098325,0.024654383972412673,0.9820243026509872,0.18040657144143793
robot3,2744,1722895581632094345,-50.85619321703881,100.96522670811352,4.472136306204478,0.04815325625269629,0.0252733200332637,0.9796439906518141,0.1932360597470019
robot3,2745,1722895582132515386,-50.94536884216696,101.13213863749954,3.8192358690240864,0.04762243840953985,0.02670685142610244,0.9788327938915173,0.19724403425543716
robot3,2746,1722895582636687663,-51.02242914879112,101.29077552961753,3.217023479625591,0.04808646489926367,0.02786726937807121,0.9785958176690592,0.1981447269839078
robot3,2747,1722895583134995151,-51.005079889933704,101.41800536165593,2.5840770697845308,0.050081340360897265,0.028252422172152823,0.978365404902906,0.19873297280077948
robot3,2748,1722895583639216676,-50.98086648222355,101.58433408159569,1.9875175667550136,0.045498339377943335,0.027920312395093502,0.978511620090628,0.1991616595061021
robot3,2749,1722895584138567433,-50.94300723779639,101.8259789351239,1.438494167977765,0.043963629561529695,0.028682016284826414,0.9785160803438514,0.19937608112840144
robot3,2750,1722895584632280684,-50.928614337551366,102.0031273599368,0.8208875699869986,0.04530332914003739,0.028512198133222824,0.9788422951853011,0.19749031389618424
robot3,2751,1722895585138447794,-50.87917554594356,102.1948651743503,0.17686035624369095,0.04343074257104102,0.027482991100277368,0.9791600667883746,0.19647905589883038
robot3,2752,1722895585632450578,-50.907108866845704,102.53329828258673,-0.3543296379142929,0.04504822683200824,0.0287107109855383,0.9806919057912229,0.188121604951627
robot3,2753,1722895586132888570,-50.97049391401781,102.67240515803985,-1.1636118927052772,0.0449101240534951,0.028037969224566733,0.9793482570411076,0.19512545828211803
robot3,2754,1722895586637459719,-50.978605284265115,102.85055770681592,-1.8880155667129435,0.04556319488747678,0.025003148261565772,0.9795105276760402,0.1945712312251257
robot3,2755,1722895587135929743,-51.02038677950937,103.11380515688899,-2.506750136831598,0.04774589349467753,0.0260539522501378,0.9797928340900225,0.19247733241185547
robot3,2756,1722895587633659317,-51.02542419810016,103.19683773452205,-3.247560812616726,0.04614998966585389,0.027118982746935562,0.9802868237294238,0.19019064764359647
robot3,2757,1722895588134155222,-51.0733183083368,103.4693817811579,-3.919815288439957,0.04878045778774117,0.026774304152033707,0.980332522581417,0.18934558020811637
robot3,2758,1722895588634072634,-51.04225062831957,103.5997836668401,-4.605914849153805,0.05031867028612086,0.026880429616927683,0.9803450279122733,0.18886264895931623
robot3,2759,1722895589132591544,-50.94733544629817,103.67804508173919,-5.245415987205026,0.04713378466173925,0.02618694247944343,0.982801779165191,0.17661628819781683
robot3,2760,1722895589634324202,-50.97401055086564,103.90668714767362,-5.841616691164294,0.04960822529479099,0.02921985234348293,0.9811027131645864,0.18472328070173938
robot3,2761,1722895590131659078,-50.9561468021109,104.18147588535791,-6.308822891422029,0.049076620465318535,0.02887274967631575,0.9805779429532098,0.18768257096353808
robot3,2762,1722895590638951538,-51.00738294015579,104.51108564385021,-6.97582821898521,0.045944562185030555,0.027826820505355,0.9808060598689072,0.18744129265084078
robot3,2763,1722895591132724698,-51.0126651397391,104.67741123648698,-7.728502740401941,0.04205514856970091,0.02662034541751223,0.981228914481866,0.1863130136983767
robot3,2764,1722895591632741439,-50.93520833325215,104.72307636194743,-8.4845388721611,0.046232933951722885,0.0231187202610289,0.9809696255235231,0.18715403920820634
robot3,2765,1722895592130712778,-50.85773998510348,104.75037313957586,-9.250352536210297,0.04835010450579951,0.024093186364413037,0.980740168870386,0.18769791402456978
robot3,2766,1722895592635104034,-50.88947913587924,105.02453119433339,-9.883432199240627,0.03627153990456599,0.02813911803279854,0.9821785907829121,0.18225745865939327
robot3,2767,1722895593134378058,-50.9064413230872,105.48570072449246,-10.363419004804374,0.045969977058408114,0.03073447354170671,0.9826749636819074,0.1768956446556141
robot3,2768,1722895593632944662,-50.797992941824994,105.6933382149898,-11.087574832257102,0.04701266759769334,0.027511021710046896,0.9839509614661756,0.16992191794941203
robot3,2769,1722895594136718634,-50.674122185231376,105.84484910001382,-11.90461865391841,0.0482252223401908,0.022816689314318687,0.9842876238891168,0.1683199336908421
robot3,2770,1722895594634390542,-50.52673753290022,105.98681260548004,-12.627333668723207,0.04361208013090768,0.02427033100648704,0.9843051307320001,0.16927004198661688
robot3,2771,1722895595134388748,-50.353629171183094,106.28568839749043,-13.255839873647592,0.047818516688661016,0.024249996202352853,0.9848649823613855,0.16482200600705563
robot3,2772,1722895595631915251,-50.16807028696747,106.40832513275174,-14.044790289768448,0.03938125898412634,0.02310090631174953,0.986031060532121,0.16018180993577852
robot3,2773,1722895596132639861,-49.911029544760396,106.48716098902067,-14.847139619354039,0.03763543150577209,0.024399544349473414,0.9848400151307697,0.16756605004635589
robot3,2774,1722895596632451406,-49.72561215909077,106.78775016427903,-15.40546701142509,0.04347804990969133,0.024311205309951477,0.9831389361402707,0.1759444705508094
robot3,2775,1722895597133673106,-49.57956161725814,107.11280997347666,-15.968989947506904,0.04169509852371337,0.025647422725681608,0.9858861400664486,0.1601007410710735
robot3,2776,1722895597636350891,-49.34785511215634,107.10102245137176,-16.744173189475095,0.04591151940099645,0.02326537901330176,0.9873559645970533,0.14993016274346466
robot3,2777,1722895598135045587,-49.26408655734787,107.27246629453953,-17.356557409473773,0.04538907336612262,0.023140815301211353,0.9877522625194971,0.1474781426984165
robot3,2778,1722895598632816849,-49.2823674232021,107.56590383788564,-17.874145600030793,0.04772581576720294,0.02711266658179944,0.9876422087142138,0.14679924177695336
robot3,2779,1722895599135239341,-49.25145760864359,107.67242465831177,-18.626147622372713,0.04661706435756024,0.025412115958545874,0.9877576845163029,0.14668275410621445
robot3,2780,1722895599637452682,-49.21246223960114,107.73457855150212,-19.48016229017821,0.04892167793198147,0.022995067295828345,0.9879874687611008,0.1447710533201048
robot3,2781,1722895600134775386,-49.20675759660727,107.74708659176007,-20.2471888585497,0.04409585086172361,0.02262533319683938,0.9887007764593813,0.14147234663752947
robot3,2782,1722895600633306570,-49.23540381175901,107.89904149825863,-20.936517456178926,0.04936734419489186,0.0201075505963098,0.9889069040498608,0.13864229823065985
robot3,2783,1722895601138355523,-49.181841349443445,107.96374019232498,-21.590381281204788,0.04582616063874326,0.01988761816800599,0.9911304346383977,0.12314587763387178
robot3,2784,1722895601643970191,-49.00431320758343,108.11815295612024,-22.158564529110055,0.04613706723908254,0.021044273829223508,0.9929700450397714,0.10695325717009137
robot3,2785,1722895602132610160,-48.981907370225116,108.27387532993536,-22.76608934673268,0.04264205325889165,0.02051738226227297,0.9947446853391316,0.09079484186076545
robot3,2786,1722895602632546671,-48.8573612630289,108.52949160284169,-23.354786635744848,0.04419533247851866,0.020429143730800903,0.9955458828478599,0.08073300327756064
robot3,2787,1722895603137023627,-48.7379233279808,108.70454915560269,-24.151571841486042,0.046676572664625465,0.01769266491574229,0.9970305565903563,0.05863732938655622
robot3,2788,1722895603634493200,-48.60732498835688,108.57447784884751,-24.989741383947997,0.046457086033847114,0.0168080627072526,0.9986220972372947,0.01769562360189119
robot3,2789,1722895604132751929,-48.39096305493624,108.56343914043937,-25.800650331289635,0.04498794731416971,0.01347517404194258,0.9976895381350082,-0.04909266520521016
robot3,2790,1722895604635185462,-48.2393405459473,108.67803036532796,-26.707854176675834,0.043838334379226726,0.01268067970941286,0.9875554446154807,-0.1505046331887574
robot3,2791,1722895605137561311,-48.05859551836455,108.54251060664856,-27.742269529187187,0.043928114602646035,0.008633875715659647,0.9727047251765586,-0.2276868343949183
robot3,2792,1722895605631713183,-47.88876342035225,108.36985923041766,-28.719351152880517,0.0367677266050069,0.006468654705612377,0.9594813017137488,-0.2792882425887083
robot3,2793,1722895606133619951,-47.58653868812307,108.04914966160199,-29.583990276796513,0.036901246629371144,0.006912354717950161,0.9433173372690014,-0.3297619119261242
robot3,2794,1722895606633679943,-47.23239494750135,107.4133593362611,-30.456541612235707,0.04120939108703286,0.0004711485299755081,0.9129609830339498,-0.4059603522057083
robot3,2795,1722895607134881762,-46.819863442485236,106.79518869104199,-31.091906000606055,0.041727330475154055,-0.00212406827267023,0.8974814639204233,-0.4390687191598192
robot3,2796,1722895607632837518,-46.460982366371894,106.13691430916053,-31.321701688448886,0.0440013825815794,0.00013218327225616267,0.9002273296902632,-0.4331911999766733
robot3,2797,1722895608131314018,-46.103762267360715,105.42503636742711,-30.988901372399692,0.04641489943715935,0.003291287204803618,0.8990497609328076,-0.4353669164112444
robot3,2798,1722895608639776795,-45.768088457375946,105.26042428412505,-31.207763398144852,0.044080241090767046,0.0025926715202557625,0.8915006371047136,-0.4508623120661758
robot3,2799,1722895609133868015,-45.60602850652888,105.20124272942672,-31.529399731603878,0.0401613961574061,-0.000758066382426045,0.8835435120538307,-0.4666233490746363
robot3,2800,1722895609634827817,-45.432053755922034,104.86217041104709,-31.844076104354787,0.038245875921439666,-0.0025209857140774724,0.879467829067256,-0.47441251589914785
robot3,2801,1722895610133239137,-45.124912048003345,104.48993251396669,-32.07488664294483,0.04205713639087463,0.0037372885160779027,0.874509529500666,-0.48316696158333383
robot3,2802,1722895610634896455,-44.96697804722307,104.26510479404467,-32.51853282132319,0.04127700849511568,0.01752877916786956,0.8651235066670657,-0.4995500662422714
robot3,2803,1722895611130754002,-44.75141653632343,104.00098516335356,-32.93226336502109,0.03584789721290972,0.026588235115644676,0.8559175862553758,-0.5151825691515768
robot3,2804,1722895611633968136,-44.45349158855824,103.560070389125,-33.46760717022957,0.028397580187481508,0.01650409360559973,0.8420399082785505,-0.5384143248465846
robot3,2805,1722895612136809702,-44.14599096998521,103.1429593728791,-34.06785543637578,0.0262245115231203,0.016348804305624864,0.814791353262893,-0.5789300840698932
robot3,2806,1722895612634906784,-43.79796490150227,102.70913435595303,-34.76860850995586,0.028295865163036962,0.01043718355005606,0.8180541349686815,-0.5743499294636153
robot3,2807,1722895613133910631,-43.49736203498291,102.25244921098988,-35.392174857136204,0.02773615411545663,0.011871231016037048,0.8041432966887486,-0.5936693844385094
robot3,2808,1722895613633065541,-43.33576134343419,101.79850434907951,-35.900473726740415,0.025847501429147934,0.008488878758616963,0.7841175296597279,-0.6200157621283653
robot3,2809,1722895614137730062,-43.10295423944674,101.21193049190778,-36.50709029250743,0.02495636865387299,0.002957113956600462,0.7651358833852674,-0.6433782053325292
robot3,2810,1722895614633124663,-42.77984995543009,100.75984420672661,-37.07664585637575,0.030945823591271612,-0.0009830419265596303,0.7432661346054354,-0.6682790156660041
robot3,2811,1722895615137685901,-42.464814351099804,100.28221616857107,-37.62300742878373,0.03455322061576802,-0.0019288282544173523,0.7291395814855108,-0.6834894478174313
robot3,2812,1722895615633166355,-42.19756051802327,99.92490671000584,-38.2397120375114,0.03299893862243786,0.002705007685608761,0.7164430839908311,-0.6968594265595609
robot3,2813,1722895616134157077,-41.93947274221112,99.56205753111315,-38.80074158026327,-0.03221610120362946,-0.003995680493467493,-0.690054736549398,0.7230287808423482
robot3,2814,1722895616631527025,-41.60859732994297,99.10868749874193,-39.25431942409126,-0.03134045376817792,-0.0015597673035192743,-0.6702897873010552,0.7414357316203947
robot3,2815,1722895617133099945,-41.321700139534485,98.72522673495686,-39.84609624393438,-0.03170543246192501,-0.005972305758817521,-0.6547161863051911,0.7551859456493558
robot3,2816,1722895617630052413,-41.04944390168219,98.365464574608,-40.52130880483686,-0.031043358527751176,-0.004900677004614853,-0.6483860442150817,0.7606627576813078
robot3,2817,1722895618130506360,-40.71524389178121,97.75436094562407,-41.061951847683034,-0.031133917625398175,-0.0007389709829366184,-0.5858429629224918,0.8098260034657921
robot3,2818,1722895618632549154,-40.47800084143934,97.0758949696215,-41.35223613450115,-0.031222259973264742,0.0024323988833412796,-0.49684258671248543,0.8672754452575494
robot3,2819,1722895619132521227,-40.23907090786342,96.43596791224523,-41.40909480123567,-0.028170940221372544,0.006538462589660845,-0.42222430615138545,0.906029956419206
robot3,2820,1722895619640766364,-40.026239586675736,95.87808452643303,-41.58846872712056,-0.02706442840088165,0.006209088899935917,-0.40767484675182225,0.9127048719362927
robot3,2821,1722895620132740049,-39.793354920658935,95.39399487005761,-41.86715754043267,-0.025478055511032202,0.0026331072314083946,-0.39284080851845543,0.9192497128616636
robot3,2822,1722895620632102986,-39.49603326666629,94.74265334063155,-42.15579285245481,-0.02596814295661674,0.00968052071642436,-0.41203651440839234,0.9107457679639397
robot3,2823,1722895621136661361,-39.23336631130565,94.12382799435285,-42.4223977180886,-0.023883289025929844,0.008080949022904295,-0.40792153727292224,0.9126687823066422
robot3,2824,1722895621633876030,-38.993996649669164,93.46776290657702,-42.785227111926474,-0.027455432159826362,0.008783148382304143,-0.3798766615056113,0.9245878960881777
robot3,2825,1722895622135198637,-38.66499850674429,92.92761901145614,-43.07831010743152,-0.024602874825838637,0.008204125158990643,-0.3661793089785112,0.9301828339400269
robot3,2826,1722895622631909880,-38.403179404081584,92.28825936118938,-43.3759839185107,-0.023045086758276212,0.008425004601160597,-0.3414830953784002,0.9395675807756249
robot3,2827,1722895623135422074,-38.09652824128996,91.57669537422392,-43.731614709193906,-0.017121399415059493,0.013616996111756832,-0.2892395155180961,0.9570067595173084
robot3,2828,1722895623636509504,-37.805571930402074,90.96806906549638,-43.923108911411724,-0.01229121972538663,0.009633861069794377,-0.2249572679251291,0.9742434717493424
robot3,2829,1722895624138687583,-37.566721513026884,90.36374078710689,-44.074165774429645,-0.012032527986293218,0.013221330739060287,-0.16581857165101152,0.9859942271531643
robot3,2830,1722895624637910086,-37.43011906397952,89.88605661711863,-44.228049560668,-0.009042924733748521,0.019098183579029232,-0.11728240099957117,0.9928737700795691
robot3,2831,1722895625133874222,-37.23289108769048,89.36945533920176,-44.47769404632736,-0.006971116865583855,0.018693536490576482,-0.10012950526772074,0.9947743650687645
robot3,2832,1722895625638033466,-36.847374986244155,88.63070340810914,-44.68127266460289,-0.00448006656995494,0.025074228578986505,-0.0919161109074706,0.9954409277402367
robot3,2833,1722895626136679296,-36.53974616291327,88.09469130157655,-44.961664931135964,-0.0009752235640757623,0.020608769615537703,-0.06496864473242815,0.997673996231016
robot3,2834,1722895626635408192,-36.30969509384576,87.42731148120052,-45.1428527557806,-0.0016368419361830824,0.018984768465215626,-0.06475327761932914,0.9977193555065234
robot3,2835,1722895627133937291,-35.92124392340888,86.72207585610316,-45.19900471845562,-0.0034535000477546314,0.019773908182772866,-0.047955314816782085,0.9986477625636693
robot3,2836,1722895627631649159,-35.60505046186797,86.16936124622859,-45.37789010392741,-0.005101486239211383,0.0175311717226884,-0.05343312773181568,0.9984044940388521
robot3,2837,1722895628134365343,-35.361742393506674,85.555740145523,-45.576391157974214,-0.00597963188213258,0.021726660049302977,-0.04069498899440081,0.998917471123817
robot3,2838,1722895628630157779,-35.07882841247663,85.03236934639558,-45.65539115511276,-0.006910686788315916,0.017841697698723978,-0.04000547649680039,0.9990162551638512
robot3,2839,1722895629133097058,-34.830702250789614,84.3623006618632,-45.69292445146365,-0.007268452028519865,0.017650631887535618,-0.034021268814190236,0.9992387993204389
robot3,2840,1722895629632274672,-34.69853215853802,83.76889330929721,-45.7772718439817,-0.009483464369645997,0.01674728787615498,-0.02008764270717441,0.9996129645331796
robot3,2841,1722895630134749309,-34.47370956559482,83.11133541465908,-45.84761170596239,-0.00812345381554069,0.017196736592541385,-0.0077325071425775665,0.9997892228274735
robot3,2842,1722895630637371477,-34.27684142477816,82.51262084800634,-45.944089269504786,-0.007364031811261077,0.024216725851479385,-0.012016646274605554,0.9996073836446127
robot3,2843,1722895631133927759,-34.098838638549175,81.87167978439417,-46.068096867114775,-0.006554106248348071,0.02082018358076957,-0.016356594160499224,0.9996279435241979
robot3,2844,1722895631633808086,-33.882016538499386,81.27311157626275,-46.19199909752889,-0.006400494426514044,0.02130120221125062,-0.020471803235916183,0.9995429944368184
robot3,2845,1722895632131910412,-33.68666929982276,80.6356528345014,-46.32035952693101,-0.00721792164698331,0.01626681043918923,-0.02527862668683245,0.9995220275301897
robot3,2846,1722895632632113647,-33.48946884238493,80.08332034026293,-46.468996323305554,-0.009040668944195389,0.021673122892973164,-0.030217431708089635,0.9992674561247727
robot3,2847,1722895633137165694,-33.36058930153376,79.48022846901968,-46.620871013979624,-0.007157674783176991,0.014516121709629421,-0.03481596807559438,0.9992626773122114
robot3,2848,1722895633634602001,-33.172051165928806,78.78406491456407,-46.70531014895647,-0.009248439683711062,0.014811672991236136,-0.03959887000058468,0.9990630661781539
robot3,2849,1722895634137081776,-32.94718735861259,78.16353737136363,-46.90621242579653,-0.008209157095646524,0.016080836357540415,-0.04260912162155942,0.99892866571966
robot3,2850,1722895634632842250,-32.769628800991754,77.49659579960318,-47.05954377891498,-0.009768331872072196,0.01643998051132326,-0.043187970052572064,0.9988839301820619
robot3,2851,1722895635135847630,-32.60852729480673,76.91660952121416,-47.17137881556956,-0.010932967137420134,0.013390919008495,-0.04488607982002706,0.9988425268059375
robot3,2852,1722895635634548290,-32.452100404402046,76.26527938923786,-47.24644411278582,-0.011713698464673357,0.015256444270951455,-0.04717136105186475,0.9987016035197903
robot3,2853,1722895636136851001,-32.25516938449561,75.6468822389829,-47.30400909330436,-0.012320281736824139,0.01302150631569124,-0.05115978781669021,0.9985295825070717
robot3,2854,1722895636634812658,-32.08593826705786,74.99843665748507,-47.51557971059625,-0.012337493655015585,0.01351839163173768,-0.05536400802122638,0.9982984854009491
robot3,2855,1722895637136194309,-31.814435614868813,74.3636188507863,-47.61435400438259,-0.010516736668137709,0.012440767131294226,-0.05957080127641542,0.9980911507464254
robot3,2856,1722895637633190551,-31.54153835058581,73.6002705778515,-47.6634664956979,-0.011118530681872612,0.010871693182132085,-0.06451667321715848,0.9977954617254081
robot3,2857,1722895638132732927,-31.290384628275586,72.85193773311993,-47.71405814009596,-0.008884851857995804,0.016336156209843685,-0.0661500632193659,0.9976363859361901
robot3,2858,1722895638635803211,-31.019896124849407,72.18299687902149,-47.75108946895869,-0.00977144327447526,0.013035145933744587,-0.06820575422784654,0.9975382593951123
robot3,2859,1722895639146023643,-30.747380795253353,71.3998480614148,-47.812761798447376,-0.010413577539954845,0.01082536445739241,-0.07019674920349832,0.9974200646109166
robot3,2860,1722895639632782941,-30.55330111303207,70.82735097982624,-47.94419092992954,-0.011585687947859065,0.0135480210632133,-0.07301144872740976,0.9971717762325457
robot3,2861,1722895640135246689,-30.297210914618287,70.12334146307836,-48.06053458680316,-0.011508263090508716,0.01048013797202053,-0.07296417458528588,0.9972130944867376
robot3,2862,1722895640642687631,-30.027760315274733,69.36207557427504,-48.10227307695242,-0.012902894408147562,0.013488264862003147,-0.0668460466149116,0.9975886868238141
robot3,2863,1722895641134198911,-29.742594926385085,68.64276338582303,-48.1803925834117,-0.012985911820792263,0.011818884000762182,-0.06947897221494162,0.9974288708951203
robot3,2864,1722895641644392737,-29.47808496332507,67.83430055825983,-48.246437800386985,-0.013631161100011297,0.01168099135746886,-0.0700110721016714,0.9973846778806795
robot3,2865,1722895642136876586,-29.216415294363692,67.1530193736856,-48.364371116545705,-0.013615554080742293,0.013573822533386922,-0.06994010316251179,0.9973659057730636
robot3,2866,1722895642645400355,-28.98113880764823,66.34814805033437,-48.458403995557006,-0.012458899647162779,0.013207124820764958,-0.07246719191409458,0.9972055223321
robot3,2867,1722895643133025607,-28.72659264307299,65.56969503179043,-48.555622136640004,-0.010760303239157434,0.0098306936417618,-0.07363362907732358,0.997178851563563
robot3,2868,1722895643635798157,-28.480223453751886,64.83744061380376,-48.730800106422066,-0.00933444965892291,0.013146379516000914,-0.07580617159600057,0.9969922091486693
robot3,2869,1722895644132721479,-28.27056099562891,64.18440200580652,-48.94124889954584,-0.008212891376727606,0.012435145091513555,-0.07690058305930902,0.9969273874796125
robot3,2870,1722895644631280542,-28.03983141037343,63.534809143853735,-49.01597141311925,-0.008683209833621183,0.010877727324888382,-0.07908247086037502,0.9967709063359788
robot3,2871,1722895645136121708,-27.775390476100295,62.81807320224357,-49.04869577691955,-0.008511012670049181,0.01045711822289062,-0.0642869996956776,0.9978403644932042
robot3,2872,1722895645634535483,-27.57782554578635,62.12808421922621,-49.215718016456,-0.009909950281192736,0.009104571260206328,-0.0632695127334205,0.9979057412531844
robot3,2873,1722895646132108610,-27.3732487957902,61.44762583697695,-49.34183713543975,-0.009077654006029648,0.008932323871451374,-0.05318752647173826,0.9985033283949635
robot3,2874,1722895646637942774,-27.129515438779794,60.754330057108106,-49.30942822644997,-0.009271350196893773,0.008977401867465621,-0.047734681042647095,0.9987766760127078
robot3,2875,1722895647134374091,-26.912591817678685,60.0034560028592,-49.355449864898745,-0.011191599161251188,0.013092021868154799,-0.04788904914924158,0.9987041534124103
robot3,2876,1722895647632267457,-26.744719277233422,59.349590857191025,-49.50519739864698,-0.009461006192418426,0.014819496063879568,-0.048183932649744333,0.9986837239750354
robot3,2877,1722895648133834858,-26.600306484137484,58.876240548582295,-49.75849789919687,-0.008192463122773119,0.010401005163927906,-0.04785319753996554,0.9987666264572336
robot3,2878,1722895648640932801,-26.402031871134326,58.24660936263772,-49.98009679691301,-0.010514870143630556,0.015045548172530255,-0.05287482677534298,0.9984324322053687
robot3,2879,1722895649136176641,-26.242152752867405,57.688457185452755,-50.14701649426299,-0.01170425750645819,0.012516296083674579,-0.05717972388508566,0.9982168260778785
robot3,2880,1722895649634897208,-26.060069122182245,57.176418057925304,-50.33466226870585,-0.010578463769858309,0.012772713090562441,-0.060087348093196165,0.9980553414033227
robot3,2881,1722895650132337720,-25.877890923394,56.6528164152082,-50.54601325522365,-0.013121678971737173,0.009792772911408364,-0.06496084518184679,0.9977534824459037
robot3,2882,1722895650632100928,-25.6806104359056,56.03406644017637,-50.70094628226126,-0.011841738013735826,0.010090024335086437,-0.06872337102359093,0.997514442464311
robot3,2883,1722895651135281821,-25.58044948594971,55.398877347992155,-50.73553285623069,-0.014108276346185479,0.010009906974584265,-0.07036291066547085,0.9973714549271916
robot3,2884,1722895651637894575,-25.429541723474166,54.735211171711626,-50.800801802528966,-0.014046146325329738,0.009633025456958284,-0.07809547166063249,0.9968003851825381
robot3,2885,1722895652132552325,-25.324109920565785,54.07081772674982,-50.886740600516404,-0.015028743117326365,0.008427806747483583,-0.08733108584086638,0.9960303160042849
robot3,2886,1722895652634449052,-25.183521050293834,53.47359415761243,-51.02841458273548,-0.01732804678992506,0.009511182844732374,-0.09609787540769922,0.9951755998503313
robot3,2887,1722895653136852103,-24.946704780489288,52.87166340282939,-51.17211287760821,-0.017413264919789034,0.006436773503311373,-0.10445994632983155,0.9943558044103072
robot3,2888,1722895653634989790,-24.729736137665096,52.32431113599094,-51.27449131960727,-0.015244837287955665,0.005512337443119504,-0.11203786537547819,0.9935717013855031
robot3,2889,1722895654135455315,-24.52469622694651,51.63147426855739,-51.38323273543467,-0.0164994338456361,0.0062688925624850384,-0.1202888448885182,0.9925820185073874
robot3,2890,1722895654631355717,-24.302693640115333,50.98721078206735,-51.5083717070407,-0.015871114691688778,0.004641568578701806,-0.11270005205923003,0.9934914503031314
robot3,2891,1722895655131095935,-24.039474260565733,50.23844147542505,-51.63662984631279,-0.013943106091237764,0.007199794796048175,-0.11137684517322502,0.9936543418647568
robot3,2892,1722895655636172806,-23.8343989020052,49.529185426804,-51.721821542644435,-0.015799166710953307,0.0018193772070837315,-0.11208242672427314,0.9935716410090496
robot3,2893,1722895656136188619,-23.667163335812507,48.922196211862875,-51.79184607042433,-0.015395071654551827,0.0032505626079917254,-0.10370700448824066,0.9944834251165571
robot3,2894,1722895656634858333,-23.47588266376207,48.33502231741643,-51.89428365303004,-0.01539182901146155,0.0047516644677648165,-0.10534437165073485,0.9943053236536449
robot3,2895,1722895657137588554,-23.291660404394438,47.83454052473996,-52.0472514177124,-0.017617313448775856,0.0039018115928256825,-0.10759043694244606,0.9940315407529458
robot3,2896,1722895657632491754,-23.10861556711973,47.33400627367485,-52.196921216411575,-0.01842973224806285,0.005944121700583193,-0.10951227052459507,0.9937967976357246
robot3,2897,1722895658136933469,-22.934767633982876,46.78958519801014,-52.33304199215508,-0.01925872236988197,0.011773103709282667,-0.11173739145108588,0.9934813792887298
robot3,2898,1722895658632572475,-22.74141165114064,46.14143939113681,-52.388859631095194,-0.018290665564963608,0.01967145086763651,-0.11400042247953585,0.9931175102919293
robot3,2899,1722895659132796551,-22.545728549952877,45.582418989135824,-52.476948015188604,-0.01834236859387302,0.016827953050257714,-0.1154442861331653,0.9930020112314519
robot3,2900,1722895659633582542,-22.374075896375476,45.135672139757006,-52.635283818979104,-0.02006711453886645,0.014700317052112676,-0.11801988894771762,0.9926996108619262
robot3,2901,1722895660137001749,-22.22192491801352,44.62905659179082,-52.739561835239215,-0.020552696718919444,0.019802655205229978,-0.11928365787765155,0.9924499234055744
robot3,2902,1722895660633213585,-22.062312736854928,44.11572968554186,-52.843183876748654,-0.023734614306051338,0.01712580783506434,-0.12257644862595586,0.9920274134478281
robot3,2903,1722895661134462618,-21.884898449842655,43.482276821517196,-52.99711091212134,-0.025003948813535393,0.015677473332712244,-0.1532417872861594,0.9877479303967059
robot3,2904,1722895661633556128,-21.643691197992133,42.844438464905394,-53.236531653274334,-0.028024592556430226,0.011152033522901722,-0.18909034176147788,0.9814963560874169
robot3,2905,1722895662132082768,-21.399311660943802,42.15183641744714,-53.448493824964835,-0.030780419134163187,0.007640897687532621,-0.20567912368354924,0.9781054547241934
robot3,2906,1722895662632103992,-21.141549342528563,41.499762601169614,-53.66167910230155,-0.03003654334668365,0.01481446856900486,-0.21567372059813453,0.975890969231788
robot3,2907,1722895663137649052,-20.88479858472883,40.803941359518355,-53.89753843512507,-0.028339095791273042,0.016225355302909063,-0.22570452551543704,0.9736483454804814
robot3,2908,1722895663632708530,-20.613867515625582,40.03777368826753,-54.0755397774066,-0.02451522808486419,0.0234956176226892,-0.22862153597152926,0.9729229942983638
robot3,2909,1722895664132003337,-20.331132476130914,39.33204753783201,-54.231882495594846,-0.0238876361967896,0.021395431676234984,-0.20660476371342798,0.9778988127363875
robot3,2910,1722895664632932860,-20.04408178042141,38.76135812837252,-54.5860043206357,-0.024543961502978974,0.021768953492035184,-0.2085698040032819,0.9774570801194467
robot3,2911,1722895665133492175,-19.84715037306505,38.335864108417994,-54.9217169525225,-0.020150846609024383,0.021468824027505457,-0.17936463296822,0.9833419351456497
robot3,2912,1722895665635557348,-19.61039158018242,37.6618775311053,-54.91510626509495,-0.018648523746527215,0.026751689663994972,-0.14377066078503753,0.989073595219097
robot3,2913,1722895666130770650,-19.44725803680596,37.09605112513021,-54.94415284712749,-0.016555420813160967,0.02857885136840238,-0.11157332970240919,0.9932072086907543
robot3,2914,1722895666637384925,-19.25714418574697,36.438399485661506,-55.09138886287782,-0.016623232117585693,0.029345765860320925,-0.1114969731410689,0.9931922871027624
robot3,2915,1722895667133368604,-19.057090398117264,35.74695483235564,-55.149208821193554,-0.020976279942535328,0.03240610240747139,-0.09496231229706488,0.9947321244685544
robot3,2916,1722895667629929209,-18.892676560660593,35.29804924782991,-55.30137666483416,-0.021078856196862193,0.03212812796655279,-0.09428439874408975,0.9948034566527513
robot3,2917,1722895668135712884,-18.687053356756476,34.62514838332611,-55.332964802736484,-0.023086166729481543,0.030023091572928297,-0.08475247292640058,0.9956820080783834
robot3,2918,1722895668634873692,-18.53202225256725,34.03819182164437,-55.40583344731779,-0.02358873277194902,0.02720048363845652,-0.07919286046411043,0.9962089119394383
robot3,2919,1722895669133551323,-18.410107981096616,33.42170707145293,-55.48114105150727,-0.025505030498046803,0.030056859820240756,-0.07066280625389296,0.9967210474397361
robot3,2920,1722895669633163661,-18.280069256550945,32.80701445865206,-55.48407134520996,-0.03822025022531697,0.03353705442710844,-0.03256646743647907,0.9981752870371897
robot3,2921,1722895670131373908,-18.093738407951918,32.16542781147459,-55.47280228331574,-0.034096940850502376,0.031407178479130354,-0.0006627196078140574,0.9989246961444785
robot3,2922,1722895670633875820,-17.91897523340155,31.534568942544066,-55.23439996982163,-0.02968061250642829,0.03169146370759537,0.0890101266926906,0.9950838706940559
robot3,2923,1722895671136426179,-17.74772367476903,30.928532840591085,-54.93631491891552,-0.03236358843114883,0.04503948919342668,0.17113288970834326,0.983685710284096
robot3,2924,1722895671636704547,-17.59871743344501,30.436019729623688,-54.72356541384955,-0.03622950130276347,0.06221991173842994,0.24150565180682454,0.9677247160034593
robot3,2925,1722895672134372250,-17.573804030058113,30.077675337658405,-54.411462803120806,-0.026179141462011293,0.019879545929688713,0.3329959315852418,0.9423551165848353
robot3,2926,1722895672635290102,-17.591878998045633,29.803374772195145,-53.9222545575974,-0.023490279224429783,0.0290649969345773,0.43843700031024124,0.8979846488076001
robot3,2927,1722895673138987603,-17.680498745261733,29.679869092840963,-53.589678071103705,-0.013930650926996885,0.03245829298865468,0.546113587956532,0.836966155367262
robot3,2928,1722895673635951043,-17.703679337859153,29.557635809575533,-53.36109877919405,-0.010089421535705585,0.037816375975953505,0.6301203538786249,0.7755104544163133
robot3,2929,1722895674133946590,-17.76822868779903,29.64487451529176,-52.97389948724538,-0.006033060901165758,0.0386473233392702,0.6985227152936012,0.714518021321875
robot3,2930,1722895674637490519,-17.829945298600098,29.733696267900317,-52.56046794851987,-0.0006803842435389645,0.04556461913331678,0.7573978578025249,0.6513615643839168
robot3,2931,1722895675141894533,-17.93575501442131,30.099550479935335,-51.896875240974516,-0.004077990400523055,0.04711300095341635,0.7954896657260901,0.6041191330014718
robot3,2932,1722895675631757558,-18.09913993736775,30.488063682330807,-50.95131148612221,-0.004833817153907959,0.04789175232190935,0.7763136897430537,0.628506220644462
robot3,2933,1722895676134588101,-18.28718642766121,30.80629355971985,-49.85713958195537,-0.000526940916659168,0.050345982334256884,0.7715234841199171,0.6342054224362427
robot3,2934,1722895676635600647,-18.326454507970894,30.778368573768795,-48.64955109153026,-0.008934722227598186,0.05051210474507436,0.7018305906535396,0.7104945601732937
robot3,2935,1722895677142940831,-18.418157551514827,30.599742105499388,-47.389516041166104,-0.012293530442105759,0.05136105617414732,0.6501450744129635,0.7579724884417028
robot3,2936,1722895677634563971,-18.52651439738327,30.413253627966863,-46.45053020750912,-0.011129598863101147,0.055308701324928926,0.6288306519473549,0.7754928050977397
robot3,2937,1722895678131558177,-18.599782165382244,30.185158481482688,-45.504545932880625,-0.009045718665760557,0.05313278624372307,0.5989527380079847,0.7989685223039374
robot3,2938,1722895678632679524,-18.64600250544267,29.876374052058612,-44.485057249630465,-0.00307036269829852,0.05151738312104016,0.5926527578232519,0.8038029862806898
robot3,2939,1722895679136684173,-18.751962964265523,29.6465427462827,-43.60697228172802,0.002057933052174693,0.044102372574597044,0.6037968762152457,0.7959146172282271
robot3,2940,1722895679634055407,-18.78630048732903,29.4564967997924,-42.77670224105931,-0.010665094734174506,0.05333661276894881,0.6024458822843556,0.7963042260413231
robot3,2941,1722895680134144849,-18.758760450139558,29.317859319224013,-41.95222395481706,-0.008772125488451589,0.0531054683818082,0.609502721198971,0.7909546712001978
robot3,2942,1722895680634073640,-18.992316474664605,29.202233288881672,-41.243713977172064,-0.011931907327800027,0.052727107355073057,0.6124153971755864,0.7886855286105839
robot3,2943,1722895681134439696,-19.03171359274699,29.084585334810257,-40.461205305074884,-0.016339224440845828,0.056028400353212174,0.6080530398764852,0.7917482862599056
robot3,2944,1722895681633462157,-18.96171550408934,29.056787878127054,-39.62728211236609,-0.017530167484819257,0.05885081281674194,0.6027886483086242,0.7955344873285034
robot3,2945,1722895682133260282,-18.94124736547698,28.931019309993605,-38.843387251914734,-0.007966893432757477,0.0553160930308925,0.5930376428459644,0.8032328508150864
robot3,2946,1722895682634687118,-18.960611549998788,28.77911534309337,-38.07339555676669,-0.008234703025420998,0.05305379843150905,0.5851572445238005,0.8091405831617797
robot3,2947,1722895683133932122,-18.92908531733886,28.592186359511167,-37.3600345208924,-0.007843315289010448,0.05575240980972274,0.5794779084929745,0.8130408998164199
robot3,2948,1722895683640027076,-18.9473015600145,28.38827797671755,-36.52266932815377,-0.007756177112878056,0.05833212181577152,0.5717839580254875,0.8182910916206844
robot3,2949,1722895684137704110,-18.9263006469668,28.236405692050536,-35.73079375099284,-0.011406053681236393,0.06389086682983294,0.5565002357116094,0.8283087267004232
robot3,2950,1722895684632578288,-18.893127906225484,28.06838601521148,-35.03143179183334,-0.010912598389160815,0.06365486250299131,0.5422211614393914,0.8377500735681493
robot3,2951,1722895685132057061,-18.91159276498784,27.894149191250655,-34.497850670076815,-0.010991676642937813,0.06226643667445041,0.5242924990388513,0.8491875230831174
robot3,2952,1722895685629775286,-18.991517031448208,27.732251208228725,-33.903463705017494,-0.01651984560811569,0.06718487408612703,0.5052460975837223,0.8601974588846069
robot3,2953,1722895686132559972,-19.031793297377998,27.508911060172956,-33.186850324375726,-0.016969085460498134,0.05634090351793701,0.4878583721072301,0.8709374038897973
robot3,2954,1722895686635219778,-18.96553629531799,27.199422279542222,-32.40939896961069,-0.020598836387151143,0.06349366478860341,0.48093482301427243,0.8742116096709298
robot3,2955,1722895687134890999,-18.95472720157476,27.041675617906964,-31.624482390413156,-0.021718477125027287,0.06749184275497104,0.5016533692035355,0.8621583706487163
robot3,2956,1722895687634858992,-18.89848004463509,26.96574830698385,-30.865095837759362,-0.014521852633474547,0.0626826938221749,0.49996590802983953,0.8636516001833062
robot3,2957,1722895688132293623,-18.88762980256491,26.858010910742102,-30.122071401950116,-0.01379338396707982,0.058020764117689076,0.48595546676520995,0.871946453522774
robot3,2958,1722895688641760265,-18.768410176813678,26.64033813331577,-29.271234695493984,-0.015742680362365518,0.06383198541181867,0.47146150490085004,0.879432598355337
robot3,2959,1722895689135344135,-18.726777550068096,26.444470085369797,-28.511515813366316,-0.017801382286199676,0.05968256072518677,0.44868521910253145,0.8915170648354963
robot3,2960,1722895689632655686,-18.687106683068222,26.268163354490344,-27.741713261685128,-0.016712912824304905,0.059744236737890456,0.4265861237063025,0.9023167868231009
robot3,2961,1722895690131655900,-18.687085491482723,26.07502442918401,-26.92890983990076,-0.014623139160443834,0.0621621117661955,0.4087238209389463,0.9104212617568471
robot3,2962,1722895690633311448,-18.628421868594348,25.843341343896693,-26.109681376257633,-0.013657695580866151,0.06423191435745221,0.39906924484828515,0.914566272254568
robot3,2963,1722895691133564747,-18.534118031446727,25.63582721107504,-25.314541836728118,-0.011475384088818956,0.0641992143796463,0.3979061259779277,0.9151051804805215
robot3,2964,1722895691633360248,-18.469926423491298,25.390792854313844,-24.55048878226943,-0.015384015968112823,0.0670842946519747,0.39377064197255607,0.9166284476189145
robot3,2965,1722895692135327009,-18.34342562492649,25.11811215978433,-23.722339721671695,-0.015201431154953727,0.06634757081842949,0.4003635111990256,0.9138249149797363
robot3,2966,1722895692634352164,-18.304860414351786,24.825837547054494,-22.947947120218334,-0.00709018007102554,0.07240770491120062,0.39835814221693744,0.9143400046730554
robot3,2967,1722895693136742843,-18.323492208462312,24.653527113301315,-22.187503725253713,-0.005761793537247505,0.07214947969286327,0.4057558286723262,0.9111111138679614
robot3,2968,1722895693634232383,-18.241422905864013,24.431478134489797,-21.472544845676826,-0.005773662884908965,0.07073587580873562,0.40241964833928723,0.9127001300103703
robot3,2969,1722895694134386996,-18.19025096861488,24.17217565550933,-20.66655429971306,-0.0079402170596426,0.07456023756364664,0.3975232273730235,0.9145233772990353
robot3,2970,1722895694631927933,-18.21537446690006,23.96673317353886,-19.74716037601395,-0.00304112482683163,0.07291309362226875,0.4176425628366501,0.9056760580060912
robot3,2971,1722895695135816902,-18.142456932145343,23.823653945230383,-18.871968897426246,-0.0011560485290850848,0.07062026573577943,0.40800460712974623,0.9102437487728811
robot3,2972,1722895695636211905,-18.06799783623677,23.70325685147142,-18.047329237608903,-0.004679588613225126,0.07280046215133681,0.3883319404370437,0.9186275078601572
robot3,2973,1722895696134506295,-17.980942664644658,23.455829426271805,-17.218644933603223,-0.0036738814944398588,0.060898854245976596,0.36394695697138474,0.9294194126752255
robot3,2974,1722895696636243416,-17.894777683409167,23.224109830022158,-16.397038563034922,-0.010556005802314937,0.07490913394096481,0.33456421758201904,0.9393316649125842
robot3,2975,1722895697132822477,-17.875086334191263,23.038020641758774,-15.575430061812412,-0.007358404910265149,0.07284747796080716,0.32180025171623283,0.9439722966418534
robot3,2976,1722895697633799639,-17.85863563368063,22.88647896542499,-14.792693381295097,-0.0068481031221647335,0.0663067389906904,0.32984848471282446,0.9416774909599901
robot3,2977,1722895698135921897,-17.908149361390624,22.815781105631686,-14.008846159184781,-0.01315447630189411,0.07046156801911158,0.3539831923065095,0.9325009526804806
robot3,2978,1722895698633122191,-17.88667175608536,22.6246887746966,-13.272746100199072,-0.009501050310739997,0.06026694003657191,0.3517808363835475,0.9340920025002423
robot3,2979,1722895699136340158,-17.912822444791853,22.480531455265247,-12.590475042437697,0.006106806598860893,0.04837696656106763,0.35599753216990465,0.9332138731868763
robot3,2980,1722895699632534515,-17.877226506367272,22.245559908754895,-11.86160549498802,0.005189466182364702,0.05928143133620341,0.35216579906233,0.9340439129453517
robot3,2981,1722895700131700551,-17.880200995035374,22.000755489102914,-11.089780330640957,0.010737924821144855,0.055777301071558115,0.37662933466636084,0.9246209677075696
robot3,2982,1722895700634563859,-17.918847259914404,21.858966077423258,-10.261164255629557,0.009470633231167284,0.056531394596641096,0.37888067833577477,0.9236687393838674
robot3,2983,1722895701136567119,-17.914183336525376,21.632229298850408,-9.443857257468066,0.012247442434548936,0.054669380202196347,0.3597357153122932,0.931370750104851
robot3,2984,1722895701637020295,-17.975907097495558,21.46422204562542,-8.652758836978283,0.0095082385552041,0.0572959156978052,0.35087114975711675,0.9346208898329024
robot3,2985,1722895702135230017,-17.99389218874786,21.315472139282697,-7.873742633208021,0.009934195975478791,0.05660571907978478,0.3437889347818931,0.9372866544655976
robot3,2986,1722895702634614515,-18.00761041703535,21.23423818350625,-7.041586797581348,0.004741237977122106,0.055574752590382026,0.35724356004971997,0.9323443603840612
robot3,2987,1722895703133466669,-17.9837795730617,21.075772310199046,-6.276323924622428,0.006627817998486894,0.05590424756815439,0.35972555335592166,0.9313583163290021
robot3,2988,1722895703639799178,-17.99590108323636,20.974399042333324,-5.530604889807628,0.009366347742945948,0.05368351404540583,0.37876683936512556,0.923886374640869
robot3,2989,1722895704135852095,-17.995447493871172,20.838510066080435,-4.69612633969339,0.011529733393275607,0.055263632702845816,0.38513144959418966,0.9211334119886452
robot3,2990,1722895704641935604,-17.931605704513753,20.66489285441068,-3.9839978928668724,0.008256500481257145,0.056370094017966506,0.38283219114074374,0.9220595187549367
robot3,2991,1722895705137521324,-17.88417242311558,20.46623666371012,-3.161936792347875,0.008104472013928424,0.05498771328735887,0.3823222894793806,0.9223558618494532
robot3,2992,1722895705642489284,-17.786025135466147,20.273126254771782,-2.3968862668665394,0.0082002533251102,0.05945861042505552,0.3780133735605921,0.9238524335093055
robot3,2993,1722895706135600112,-17.82212282325702,20.156096288225367,-1.6644468529495202,0.005854993385321636,0.06343600477558098,0.37645551450121906,0.9242417638000312
robot3,2994,1722895706633989292,-17.771772186915705,20.00071642971048,-0.9852425191429581,0.003881205756622998,0.05587626074258328,0.3743121064224807,0.9256096513719307
robot3,2995,1722895707138580692,-17.724671774998097,19.913756000153718,-0.31737317050738817,0.002883667167309279,0.05881636545450273,0.38273669363548246,0.9219788191511611
robot3,2996,1722895707633116365,-17.678806209330496,19.753356075561065,0.4096649795235709,0.005392306864935368,0.05904992169456845,0.3869644423543393,0.9201861497153361
robot3,2997,1722895708130837653,-17.648396578258197,19.523865925223774,1.1772730986088689,0.0034697245621122842,0.05826633180173118,0.39182372282071515,0.9181868904666135
robot3,2998,1722895708631798207,-17.669160186159722,19.3791789011089,1.927575701293061,0.002051811183497189,0.057825397704725987,0.3971968039919526,0.9159075894159496
robot3,2999,1722895709131089518,-17.67013090887582,19.263496871695658,2.6177678695361637,0.0017853977394664067,0.055530477033095285,0.4013633693067399,0.9142322594691846
robot3,3000,1722895709637150096,-17.604489687393404,19.09777503933107,3.377238225938552,0.003151428507400594,0.05940641743915859,0.41944574808789903,0.905829018345289
robot3,3001,1722895710135222536,-17.60840660608197,19.01677061713628,4.06078157694241,0.0039602739650308055,0.05470305093519418,0.4312480908272384,0.9005648097757125
robot3,3002,1722895710631860693,-17.71652708143264,19.06957982676936,4.5695894637193675,0.006454534741271857,0.05693204903460097,0.4764480100515578,0.877333673405909
robot3,3003,1722895711136020920,-17.88452607781582,19.26101510764856,5.020791655965418,0.016423908903924932,0.05802837643941948,0.5796566153655242,0.8126260954504878
robot3,3004,1722895711635109292,-18.019365620081466,19.47367081119107,5.409537307552814,0.02776283588676115,0.05336630005432225,0.6592335257538248,0.7495281325502187
robot3,3005,1722895712131502914,-18.146133979310097,19.507378471177656,5.964947741602688,0.036805186073335126,0.06294471117031576,0.6773857635178488,0.7320053749783081
robot3,3006,1722895712636665604,-18.21872459155371,19.443469282521747,6.6857607537234545,0.017406580202031032,0.056825579646044455,0.6086541282320773,0.7912066839009965
robot3,3007,1722895713147401589,-18.133118651144834,19.228231435235777,7.4915440994394515,0.0074853230144243015,0.05594670846556839,0.5012784697827205,0.8634430099801217
robot3,3008,1722895713634260330,-18.074969227297483,19.003603448967148,8.205539121377202,0.004498224363671331,0.05183399478313025,0.43983121519775287,0.8965720858358598
robot3,3009,1722895714136736392,-18.160509881893336,18.896248209211954,9.048746616450838,0.002719192927244975,0.05271515480858407,0.46671582594067695,0.8828307064550049
robot3,3010,1722895714633405326,-18.27235790802928,18.887013297722714,9.90465545043554,0.00655861136829217,0.050172964335177435,0.49561734455526324,0.8670658026025073
robot3,3011,1722895715135218057,-18.39107551770552,18.89954650074542,10.764824432832167,0.004328646105841624,0.04948997643911269,0.5014285779679503,0.8637716053749311
robot3,3012,1722895715634665813,-18.414587116314088,18.840686130611537,11.538265372180987,0.002133535483841897,0.05022572912445299,0.5047136926766465,0.8618218566414755
robot3,3013,1722895716135539023,-18.432282359695265,18.797963960226408,12.305777216336347,0.005227960957328914,0.0541798052208317,0.5092514297692199,0.8588947539765664
robot3,3014,1722895716632537330,-18.555306614756052,18.781882027740004,12.941297372445202,0.005710530810263597,0.0517991354004497,0.507922098516081,0.8598252038924258
robot3,3015,1722895717133962252,-18.619022028134683,18.65984770020586,13.630062245334154,0.004871085424593867,0.05172716797036552,0.49573131423412187,0.866920432743549
robot3,3016,1722895717633319007,-18.565286063612792,18.496828997089445,14.42302127052573,-0.0005940065320223498,0.0606250425594043,0.4999364551140825,0.8639373774868612
robot3,3017,1722895718132962700,-18.636453265581483,18.40077409763792,15.181153986745663,-0.0031203207645597564,0.05640313652282494,0.5080479850881724,0.8594743711342195
robot3,3018,1722895718636436877,-18.85802156705862,18.551439587653512,15.668579190507579,0.0032269179959627543,0.056846746290564784,0.5858127167379853,0.8084438727236941
robot3,3019,1722895719136539716,-18.961356044288063,18.522590832443864,16.284503530830147,0.0003188323527745224,0.054556157752755796,0.5545370718736486,0.8303686891465665
robot3,3020,1722895719631125727,-18.893915498041824,18.351769828525565,17.148220183879836,0.00352426289989027,0.05827110774381425,0.5412138943264241,0.838856112906944
robot3,3021,1722895720134713518,-18.814508343258346,18.202109661317042,18.04685687192142,0.005945711356276147,0.06226621923467676,0.5217873137672321,0.8507793871799335
robot3,3022,1722895720633483739,-18.77288658211026,18.075354977756543,18.900816386252618,0.008220706395172186,0.05821297038569269,0.49122829631993015,0.8690445506185845
robot3,3023,1722895721133893001,-18.77443432669215,17.983431024618138,19.693432079518324,0.005547990459577425,0.05726602859348244,0.4739849967852495,0.8786512644920497
robot3,3024,1722895721632585967,-18.771435155835366,17.85034292702057,20.45082828288167,0.0033615156007002225,0.05649037385774208,0.45228572889211777,0.8900759278369483
robot3,3025,1722895722146124111,-18.72731149274496,17.673815329020282,21.219136771286603,-0.0002270503810786376,0.05864070949780084,0.4299019631557467,0.9009692101911995
robot3,3026,1722895722638447612,-18.644628718081233,17.514835221589603,21.956929142239773,0.003145021938827648,0.05403272172639929,0.4106709659298498,0.9101757695973267
robot3,3027,1722895723136928420,-18.542872942431643,17.37731758978074,22.716945600955253,-0.0011243303960008846,0.0592534677905213,0.39019632808718746,0.9188223919687821
robot3,3028,1722895723635600351,-18.425882622370185,17.149188424247257,23.46775266563242,0.0014786908986577454,0.05430391636052275,0.37211421491095314,0.9265958715655604
robot3,3029,1722895724137574027,-18.296976876267603,16.903722629908028,24.185768700540013,5.4797171152090124e-05,0.05317891065091839,0.3532352473376405,0.9340218736719005
robot3,3030,1722895724633451734,-18.22341479966332,16.742252899497164,24.90889973107938,4.749324652855741e-05,0.05385509262327935,0.3654622615589262,0.9292668949872069
robot3,3031,1722895725134753881,-18.129041837916056,16.506376313745733,25.70710561347019,-0.005469649637839761,0.05574169045846885,0.35762280681981273,0.932185000372775
robot3,3032,1722895725634023138,-17.974476352220204,16.257121698535347,26.462755832404877,-0.007447406836523736,0.051455896131068934,0.3509393373798064,0.9349536931657002
robot3,3033,1722895726133030563,-17.901842428123363,16.05359362087524,27.179014159960403,-0.00551749911555365,0.051452516066347515,0.3607526884660083,0.9312248351276395
robot3,3034,1722895726635011155,-17.88470657134482,15.8977208642239,27.946863846015827,-0.006891283693685137,0.05228592681711311,0.3676725007369117,0.9284587358993367
robot3,3035,1722895727131694929,-17.770608104091657,15.679478631507603,28.692030377525658,-0.004227116649575314,0.04961040929856856,0.3672787245946305,0.9287773022819845
robot3,3036,1722895727631093312,-17.655001344619844,15.506779579938067,29.48293873350744,-0.006971942701085812,0.04990117758923761,0.3650290764919347,0.9296316678156061
robot3,3037,1722895728140850514,-17.67839736492283,15.257131823228304,30.29561647824794,-0.010222802673683562,0.049245204379058494,0.3649786712858124,0.929656373967071
robot3,3038,1722895728635826054,-17.667885575021625,15.037121847943288,31.000139063135553,-0.013134629709205082,0.049099221416494664,0.3649032807251775,0.9296571108073656
robot3,3039,1722895729136291904,-17.6307571785777,14.927683759866259,31.677181063506072,-0.014533577928687692,0.04675193093765261,0.365123920096355,0.9296706702051337
robot3,3040,1722895729633711366,-17.64070970216054,14.80718637206076,32.2223561043857,-0.01402599059415984,0.04667308332674244,0.3663281542361391,0.9292085763135051
robot3,3041,1722895730130646236,-17.661709325181878,14.70679527224533,32.69413156270775,-0.015592487532567841,0.0452437872079334,0.37005095667222065,0.9277780788085069
robot3,3042,1722895730636900823,-17.62389044515196,14.534298246168209,33.21576491293172,-0.016302615478288287,0.043914141534889053,0.3835905479933952,0.9223145148982247
robot3,3043,1722895731146666336,-17.509246592612648,14.291077627690603,33.729741609945265,-0.01721160440219571,0.04785126100935989,0.38231194378704964,0.9226329688080109
robot3,3044,1722895731632004035,-17.398320924214655,14.125441609811718,34.253016824806465,-0.017056378787404455,0.05149320768106463,0.3806132115352236,0.9231419786307079
robot3,3045,1722895732132501074,-17.348611661004753,13.986909169118473,34.78497511455576,-0.011926495001485668,0.04108993157180111,0.378886790334232,0.9244534473680263
robot3,3046,1722895732631482670,-17.333859042275964,13.774138924576782,35.35004447288099,-0.012502427411306014,0.04321358694055079,0.3779742177827018,0.9247225345497487
robot3,3047,1722895733135635923,-17.269733840579917,13.574985124198793,35.90956831192459,-0.008616548374356945,0.04230365444965149,0.37798769274891997,0.9248034710383958
robot3,3048,1722895733635757552,-17.277189528460948,13.44620775236484,36.45315994663015,-0.008669722435048797,0.04399346269126277,0.40375646032143697,0.9137670008826296
robot3,3049,1722895734136334920,-17.2617548528656,13.382926875383548,37.09711083930742,-0.008871580283512953,0.0452612107429025,0.43366034839218803,0.899895227289114
robot3,3050,1722895734637992846,-17.225568477455088,13.299213964449834,37.6842301823401,-0.009404534339175484,0.044712603234002224,0.4345060143853044,0.8995092335873488
robot3,3051,1722895735134953493,-17.253444208705403,13.209425166025078,38.217712636907,-0.011326700973100089,0.04441230691442427,0.4354230996522967,0.8990583836040856
robot3,3052,1722895735634165238,-17.281237559280537,13.106627658222717,38.75214583048882,-0.01559588450599331,0.0468246779367894,0.43552861516894514,0.8988209183656177
robot3,3053,1722895736138378799,-17.29898500361627,13.064572354041982,39.25070993261822,-0.01653160868260885,0.045051012713724053,0.4274599970998087,0.9027596928569998
robot3,3054,1722895736640887368,-17.29929044480788,12.977385783970362,39.72688734355235,-0.018539558059785105,0.044956379356745076,0.42037676427871135,0.9060455754522733
robot3,3055,1722895737134363973,-17.244846981390737,12.816043650441625,40.25181324122001,-0.017370516365572335,0.044521397665835044,0.41433726365316376,0.9088678354191454
robot3,3056,1722895737633600800,-17.166249456724284,12.707417529891384,40.81461614567492,-0.0207984730715398,0.047712383745589684,0.4200950074748684,0.9059862784004492
robot3,3057,1722895738142201823,-17.109664602474147,12.614986890231652,41.4469407305771,-0.017737592254125092,0.04333013617611316,0.43270971926578156,0.9003167087047282
robot3,3058,1722895738633284342,-17.05607357529612,12.473142779294115,42.06191979712468,-0.016187800509771276,0.04959286181146627,0.4299791375114074,0.9013303747666285
robot3,3059,1722895739145097338,-17.097516274849205,12.42229459306077,42.65439838844951,-0.01488966199762178,0.048582954419177045,0.4266412832168325,0.902992364286983
robot3,3060,1722895739635682303,-17.110009891856155,12.322375157318495,43.197012113792056,-0.012879432993989061,0.051295125739629945,0.4224846685889851,0.9048257484667223
robot3,3061,1722895740133976301,-17.02831515682186,12.133846585119553,43.802084472139235,-0.005232287343205284,0.05146498551373649,0.41740451442751514,0.9072471822886854
robot3,3062,1722895740634405080,-16.987346141159342,12.010401493751223,44.389726305370544,-0.003044716703973677,0.04141780015669113,0.41056198936895627,0.9108864629665862
robot3,3063,1722895741138342521,-17.03069651488024,11.966641326814605,44.91527213427803,0.0017515818678803595,0.04119569225399119,0.4074708339464001,0.9122868882011294
robot3,3064,1722895741638008758,-16.955063194011007,11.735287296552169,45.568353013579525,-0.004768495442997933,0.04206957898925008,0.4076363640032646,0.9121622699482123
robot3,3065,1722895742130899911,-16.913417641376007,11.570173736362129,46.163807882369845,-0.008613324421704307,0.037760717975726645,0.41470564877259813,0.9091309936947825
robot3,3066,1722895742633813736,-16.898983821178664,11.460031344140642,46.763330723698374,-0.012386922209779673,0.03945191015356221,0.4146231567156597,0.9090532156362164
robot3,3067,1722895743131745771,-16.87340634418297,11.327690870482106,47.40207861281404,-0.01968849914951082,0.043999944692867214,0.41391791480804846,0.9090370331670882
robot3,3068,1722895743637410763,-16.84559815957306,11.244218932199313,47.99817024673841,-0.0196562941764706,0.03918224037441451,0.41188242137448566,0.9101819890006506
robot3,3069,1722895744135998087,-16.812080576668684,11.102061809520041,48.62032582835518,-0.020590687350987437,0.041109497728749354,0.41024955159276905,0.9108135584239156
robot3,3070,1722895744637083285,-16.68526945548423,10.802628676574692,49.44214671040032,-0.021459827311937164,0.04314260667806988,0.4075795319734826,0.9118975361393625
robot3,3071,1722895745134811467,-16.58030236414507,10.523160347910506,50.284646527292104,-0.0192864836424519,0.03763720144814364,0.4067108279856854,0.9125775446585673
robot3,3072,1722895745636250586,-16.57221325491979,10.293324922633003,51.176697485697154,-0.022296867675134228,0.04120841000811656,0.40293532600017984,0.9140283582567936
robot3,3073,1722895746138054289,-16.60289673627451,10.149739406603741,52.05177379535358,-0.024953169330633372,0.0427583392178268,0.3975628760599494,0.9162384096656456
robot3,3074,1722895746632656782,-16.579748565633356,9.981716267115623,52.92410745231967,-0.016867562456962804,0.03491127003374246,0.3931970654636907,0.9186363569291898
robot3,3075,1722895747155036710,-16.519760136871323,9.771871691636012,53.82120512056955,-0.023506793657099574,0.0377237816859062,0.386548477512689,0.9211973846466883
robot3,3076,1722895747644125750,-16.520151983898387,9.63606997746401,54.56710637233441,-0.02277598306866091,0.036395930609725666,0.38177196640188393,0.9232587700639225
robot3,3077,1722895748133634539,-16.480213495249725,9.495797944440671,55.31293453161932,-0.021849945587031943,0.0338770438498395,0.3773273218759807,0.9252021497725457
robot3,3078,1722895748632888429,-16.410777296351732,9.305210476321177,56.10420554338228,-0.020763331038325443,0.040388937002263675,0.3841734637906223,0.922143355217146
robot3,3079,1722895749130755896,-16.374044772514562,9.189157228639992,56.78419953940438,-0.02306565199806633,0.039797476108452884,0.381143057161569,0.923371055735902
robot3,3080,1722895749634193850,-16.388861102954813,9.118929500935572,57.34458727711397,-0.020363766562458207,0.03649434073313908,0.37873107181361915,0.9245627373784596
robot3,3081,1722895750137913029,-16.33490928659434,8.906266341101698,58.04675796456397,-0.017715585731054823,0.040124273502868145,0.40548323632998756,0.9130495855940312
robot3,3082,1722895750633657576,-16.262776509218796,8.686061900251582,58.64950683883177,-0.02038806425480601,0.038253079509933674,0.4082822376384361,0.9118259939116127
robot3,3083,1722895751140709739,-16.232203188151896,8.534551564849574,59.32636930891402,-0.02455084458112648,0.04554133965821629,0.40519035129161696,0.9127672329968163
robot3,3084,1722895751636112672,-16.173013638630298,8.354498589667722,59.991093420866285,-0.01797878768565009,0.03549135157613035,0.4015137600121569,0.914988430351747
robot3,3085,1722895752132791264,-16.220618734897545,8.267122435403177,60.62558555293643,-0.010269490984106781,0.024568301349325316,0.40243998096781664,0.9150590133113599
robot3,3086,1722895752641660020,-16.32435757995961,8.242668400274622,61.17259581197769,-0.019619548974216854,0.03469703271260131,0.3996159235020397,0.915815648972325
robot3,3087,1722895753134328080,-16.300229658777116,8.06512381985573,61.74684766242723,-0.020552919920927646,0.03785589599645384,0.3976862333607204,0.9165097754068925
robot3,3088,1722895753642007777,-16.11378812687353,7.702971462271733,62.48885376936832,-0.02150019032939608,0.033879040023602584,0.39774822576825414,0.9166167690813237
robot3,3089,1722895754137554908,-16.02226480172128,7.468302477167117,63.433018977738215,-0.020758669757733335,0.03886741038287679,0.4411659458502359,0.8963431319880156
robot3,3090,1722895754635871794,-16.050774663338803,7.315060211396127,64.36334351909547,-0.021308086861648198,0.03811477391284484,0.4404124620707948,0.8967330108212868
robot3,3091,1722895755134554557,-16.112338334238054,7.278324262863601,65.25856894356319,-0.02156909367757225,0.03565614367074308,0.43864761674811176,0.8976924205637815
robot3,3092,1722895755634516703,-16.183076554559094,7.1780767783738115,66.16301412893058,-0.02328620342628772,0.03549542901731613,0.4375602388228433,0.8981864308984869
robot3,3093,1722895756132319717,-16.24976278070226,7.062055519584859,67.0146987289497,-0.023393003362073714,0.033996037626475656,0.4349003061777412,0.8995325233174775
robot3,3094,1722895756640890663,-16.265780865836536,6.930330595847387,67.85996297247257,-0.026714315236026628,0.039508361679704965,0.43176999652410136,0.9007219908609055
robot3,3095,1722895757136224156,-16.256237270435346,6.7498988823886465,68.79974279813679,-0.024997000804915265,0.039473370744443355,0.4302524271225311,0.9014986699424474
robot3,3096,1722895757634662137,-16.248267545810922,6.627338749852347,69.6404629759169,-0.02639947140409227,0.0397872419196598,0.428186033363038,0.902428259820601
robot3,3097,1722895758137663034,-16.360426374787025,6.767797864262414,70.16903316514332,-0.02569059194101974,0.037332916533777245,0.42795367369198234,0.902663780154238
robot3,3098,1722895758632172686,-16.437809512158374,6.804047103727254,70.65768052188444,-0.03171853614106754,0.050776563222609865,0.42645407943574143,0.9025256745516896
robot3,3099,1722895759132204582,-16.4007182455315,6.654319859023781,71.25198966986262,-0.027025584338110656,0.04108840297589516,0.4457956754754869,0.8937827345946152
robot3,3100,1722895759636372346,-16.372083918747133,6.499458871636463,71.85705484362038,-0.02375464259073891,0.04113105311835923,0.48091068642068957,0.8754820758365884
robot3,3101,1722895760137200721,-16.35380039854903,6.373900455486264,72.4756719676714,-0.02095375542000729,0.03784725246794267,0.478888387416397,0.8768092369564484
robot3,3102,1722895760637219566,-16.34998737447665,6.23855550767207,73.14519450553321,-0.024807770293449674,0.03927468076529254,0.47278249872117595,0.8799538527029774
robot3,3103,1722895761140388978,-16.337358695524593,6.122746173932626,73.83362887724137,-0.020716182348427134,0.04055004244243648,0.4674480142310393,0.8828470353567947
robot3,3104,1722895761636731775,-16.369895133347192,6.027761094155801,74.55309706632953,-0.01657882668988354,0.03914649519703371,0.4635501743697856,0.8850502416592614
robot3,3105,1722895762141440506,-16.435397903744736,6.001327870598785,75.29574018169032,-0.019786909592474217,0.04083729531237738,0.45781405516917567,0.8878891171818156
robot3,3106,1722895762638146746,-16.42171857353113,5.8903895648464015,76.07836840123088,-0.01868725381710188,0.04051487017025965,0.43849258220385917,0.8976266413114387
robot3,3107,1722895763137416609,-16.420157858831782,5.701860632171105,76.81709239478477,-0.02058760768102724,0.041066920782305734,0.422344306749644,0.9052706473666284
robot3,3108,1722895763637162964,-16.454215408788766,5.5760517610482445,77.6301154292381,-0.016812415493023643,0.03771259632938105,0.43180625880774,0.9010207864515947
robot3,3109,1722895764135086774,-16.533729916378366,5.494042170290718,78.43086584390599,-0.016918902852602714,0.040594812124086166,0.4270660714364199,0.9031502547099995
robot3,3110,1722895764641252262,-16.581641685179523,5.405779555840396,79.27775202087176,-0.015196598348199647,0.04114547335084432,0.42222184279043734,0.9054307421840865
robot3,3111,1722895765136741717,-16.56783495386427,5.2579455140314915,80.08753652339263,-0.016711963213010713,0.04193183773786062,0.416558247776692,0.9079876967661539
robot3,3112,1722895765643187049,-16.570915599990034,5.088324583709226,80.94369640506852,-0.0164416545895913,0.039689783731384154,0.40890257748939546,0.9115662758045854
robot3,3113,1722895766136511933,-16.53376674155405,4.924209629873807,81.80105557416535,-0.018313485470917,0.04077585369029564,0.40279144503428077,0.914199648770951
robot3,3114,1722895766643259023,-16.565357410260635,4.872745332068836,82.63210433708312,-0.016321634171030212,0.035902127932561166,0.3983302924058913,0.9163938125171613
robot3,3115,1722895767140464132,-16.627591770394183,4.76799895765709,83.43816871105669,-0.015914354726253743,0.03664022445354697,0.4001537226320974,0.9155769904979674
robot3,3116,1722895767633683539,-16.629851927530478,4.558267835538768,84.26835860865837,-0.015527106348146021,0.037589123430041366,0.4095245773411652,0.9113921150206176
robot3,3117,1722895768138158134,-16.643628065773513,4.431441107142075,85.15871844233618,-0.021917101673310763,0.040995766079937,0.407275638852433,0.9121214512416115
robot3,3118,1722895768636510875,-16.696419263293187,4.324640331850759,86.05083454819213,-0.020302680849214775,0.03761910427013486,0.40365315559952786,0.9139128700914497
robot3,3119,1722895769137574665,-16.701454570757054,4.1888638534512,86.96089631624294,-0.020691471617297275,0.04426095849472981,0.39866110083228895,0.915795914622153
robot3,3120,1722895769637625257,-16.728660620259305,4.060562556282884,87.81774658301953,-0.01885840629504242,0.03806683811659221,0.3934859534916042,0.9183485616870206
robot3,3121,1722895770138900740,-16.736733058284262,3.9145003497326867,88.6942518490634,-0.017304770787507702,0.04034478954708682,0.3896599732909594,0.9199119240879976
robot3,3122,1722895770639656205,-16.766144650109908,3.7870014894143273,89.53489864986457,-0.018945294746346486,0.03906421537542036,0.38631961681260507,0.9213426162670643
robot3,3123,1722895771138745036,-16.79127792889203,3.6334599949820054,90.4118646716511,-0.018394105093244677,0.03999271573914449,0.3804420694649721,0.923756500040371
robot3,3124,1722895771644404461,-16.798795039650347,3.4913204729533844,91.27563225295046,-0.017555154759530987,0.03605059479538501,0.37592772623388615,0.9257810301604199
robot3,3125,1722895772137629264,-16.84610604774266,3.4441107041070538,92.0401608446448,-0.020893842336909253,0.041840447533213414,0.37120575539514866,0.9273721537032142
robot3,3126,1722895772638198470,-16.84321481545285,3.2525373426419812,92.86819952318271,-0.018337210936179276,0.03901737991722542,0.3699476286442278,0.928051799642665
robot3,3127,1722895773136707696,-16.822387182552962,3.0637049543067794,93.63161790519659,-0.016818819959019425,0.03709996072743026,0.36766387152357893,0.9290661966649645
robot3,3128,1722895773640920003,-16.801009764470894,2.8723472047787713,94.47828393688566,-0.019576761387856332,0.03887916545684866,0.3642587729297147,0.9302799080119276
robot3,3129,1722895774136720242,-16.825545735323487,2.725449785496502,95.29917158792152,-0.02067424315573171,0.039280564852806225,0.3594014140883663,0.9321267276749793
robot3,3130,1722895774643891127,-16.80766235938232,2.5305439678543387,96.04945994490322,-0.016914709465371304,0.04037220937008808,0.3480466467413293,0.9364547554507886
robot3,3131,1722895775136712363,-16.83740417226934,2.3384117309985677,96.79284326666105,-0.017980739948618762,0.03662153063358121,0.33545942671879037,0.9411708290796386
robot3,3132,1722895775642513621,-16.748767544891926,2.138921509549295,97.63423729943649,-0.023768409407366277,0.031551791744160375,0.32495767960363015,0.9449031980148027
robot3,3133,1722895776136178682,-16.659826557739798,1.8735958469833902,98.41438690315147,-0.027474741899969297,0.03162501773903578,0.30996091974410794,0.9498258919622704
robot3,3134,1722895776643714745,-16.649650553486893,1.7079817118136347,99.15993452708211,-0.029640369191621316,0.029442457434587718,0.29780332564449624,0.9537126241428677
robot3,3135,1722895777136395079,-16.59632163351601,1.5283730756808305,99.89892793378709,-0.032166697976239327,0.034589365598787954,0.2864984350444877,0.9569156316237278
robot3,3136,1722895777633595523,-16.488995097322412,1.255182408740456,100.5944641578191,-0.03036134372690264,0.03930077316662339,0.28039499348861513,0.9585991266750257
robot3,3137,1722895778138997857,-16.337437912960194,1.0156792744794805,101.27452505908533,-0.0257229619147993,0.03875842117570129,0.2775171729321852,0.9595938373843511
robot3,3138,1722895778634525605,-16.253952085157533,0.767364232748715,101.97880383760898,-0.023214395966616126,0.04166125102579764,0.2754172042453137,0.960141029010096
robot3,3139,1722895779141339244,-16.11127260125095,0.4061478765043191,102.62165939853065,-0.03357119161662384,0.035353478493562074,0.2018483379875176,0.9782026145454336
robot3,3140,1722895779633033062,-15.965211169551534,0.05702469339231424,103.21551059737754,-0.03319871228247787,0.029879726557067204,0.18013916273159436,0.982626546300282
robot3,3141,1722895780137572035,-15.69244209599189,-0.37496873186980356,103.92870313665736,-0.03226898295998873,0.029083043473788588,0.16739397456905755,0.984932559416635
robot3,3142,1722895780632204827,-15.485615949469477,-0.828277147517426,104.77439385460958,-0.03196162390766702,0.028876438405290077,0.22829635973867152,0.9726383593259528
robot3,3143,1722895781136202356,-15.367127277998513,-1.2823841941651455,105.71547790105718,-0.03272162333507067,0.023850569596738112,0.2371958068085906,0.9706176358013751
robot3,3144,1722895781635932553,-15.267619792416959,-1.7029542282839571,106.62240234866903,-0.02771687775825483,0.030334507486650154,0.25947678499985993,0.9648748055520016
robot3,3145,1722895782133132909,-15.206799279650882,-1.9529275903957934,107.5292619033057,-0.02463620059974638,0.03307584204767874,0.29259650360229006,0.9553461845700548
robot3,3146,1722895782635701296,-15.17392787612501,-2.160337306541775,108.40083302266557,-0.02515416443725353,0.027204328195985745,0.2898178416935982,0.9563643715524608
robot3,3147,1722895783138126124,-15.200437949776447,-2.218761148854262,109.32246467276507,-0.02443726883698718,0.03983120302229739,0.3865922843011148,0.921066067595822
robot3,3148,1722895783635032788,-15.36248584824256,-2.119219426785881,110.23415657516304,-0.02185729009082942,0.045358095633101184,0.5025427925736548,0.86308495738409
robot3,3149,1722895784132667260,-15.512024384706782,-1.99836144869654,110.9239649637446,-0.027474730553752668,0.031571119882337274,0.5118139937691651,0.8580762433213209
robot3,3150,1722895784635503731,-15.609893387299634,-2.040146296152669,111.84669004289073,-0.020345603885224196,0.04141563305056424,0.5057701742198494,0.861433301313102
robot3,3151,1722895785132529611,-15.649803084941146,-2.1555666921753414,112.56072869619541,-0.028456668535149762,0.04553329330652828,0.47664093083316494,0.8774567569236881
robot3,3152,1722895785640605072,-15.65674947396614,-2.1835576699887302,113.22640536728788,-0.04226356636779396,0.05239861411897545,0.40405999559510175,0.9122519915878354
robot3,3153,1722895786140418969,-15.6433471519325,-2.319678645815056,113.87523275213071,-0.04310201958581821,0.03217427144771007,0.3200842916571377,0.9458610248862045
robot3,3154,1722895786644417570,-15.651758299297809,-2.4838092820520496,114.59760892868191,-0.04796263893202307,0.02650624885645703,0.30714969000445275,0.9500821395902591
robot3,3155,1722895787132265448,-15.56230546600001,-2.7896326708954766,115.42800114052395,-0.038813415321209764,0.03127159125752816,0.29630943347780325,0.9537905042531031
robot3,3156,1722895787638958616,-15.474207113100537,-3.1486283661579106,116.42693421923654,-0.034594592331117544,0.035589819490728716,0.3331302894209775,0.9415735707847566
robot3,3157,1722895788134503041,-15.479440608211775,-3.3601744690302002,117.44555286306883,-0.039518727089111465,0.030502211821808664,0.3492547366949348,0.935697073939737
robot3,3158,1722895788633956170,-15.442365409822127,-3.5634193797276708,118.45727751453191,-0.057153502896795896,0.03135583435940037,0.34558928162499764,0.9361187623288885
robot3,3159,1722895789134522254,-15.387336563828958,-3.78707095717566,119.4478512492967,-0.04825360237271861,0.04905932604236769,0.3494384044984834,0.9344290095282137
robot3,3160,1722895789637765566,-15.412262469984798,-3.924026669695731,120.35054268962433,-0.042885180428426706,0.03352148397285275,0.3552469273608635,0.93318636510214
robot3,3161,1722895790141583638,-15.400025565225228,-4.133776345888753,121.27205443852174,-0.0331587494913635,0.041064432135316215,0.34741221347605045,0.9362259148695063
robot3,3162,1722895790641980812,-15.313471757589012,-4.386094925948788,122.24641924215493,-0.03533006940886923,0.042878629312136846,0.33701569294352735,0.9398583042425442
robot3,3163,1722895791134991698,-15.310621978638968,-4.592047357024233,123.10324926492915,-0.03608235114195997,0.040846542917870876,0.3284574271808007,0.9429450367850164
robot3,3164,1722895791641573490,-15.36313037096604,-4.705908370590857,123.88335810890906,-0.03677577236359676,0.04202686406267902,0.320982453841845,0.9454372266786334
robot3,3165,1722895792133627870,-15.325070339842307,-4.896597724650229,124.55557624882846,-0.035498904717394766,0.04227862762123694,0.3144219579227392,0.9476767264137921
robot3,3166,1722895792635283450,-15.249455694801458,-5.153903676065698,125.25935002127092,-0.03640906779651168,0.043568502253565435,0.30961972162596113,0.9491637337013211
robot3,3167,1722895793136602648,-15.215507498885248,-5.311305015829806,125.9078167310947,-0.03505021907827153,0.04297355894694089,0.31425124019725414,0.9477187944788722
robot3,3168,1722895793637743330,-15.168228604584199,-5.506318880669987,126.60314548300276,-0.03338000852733271,0.04208550851625766,0.31716268543234577,0.9468486763855067
robot3,3169,1722895794139731491,-15.070272489337963,-5.751062480081479,127.33631882162686,-0.03192726070397007,0.04290001172012395,0.3261449939194453,0.9438059556707824
robot3,3170,1722895794636411633,-15.025559441214677,-5.940592993178949,128.04389325116009,-0.03189309813927385,0.04279809961677702,0.3238326002645517,0.9446076433981307
robot3,3171,1722895795132849159,-14.973950041133689,-6.182480059795845,128.77716605567397,-0.03125812263630161,0.04297074830722168,0.3228136906027804,0.9449697168261973
robot3,3172,1722895795637076873,-14.928853667106356,-6.374073516072532,129.4993728249176,-0.031761163461965856,0.04344212515087481,0.32796702193462773,0.9431551530799424
robot3,3173,1722895796136850818,-14.954769720274422,-6.423225239970175,130.14029464064456,-0.03151923006508734,0.04380228172645108,0.33877893796829944,0.9393171612616965
robot3,3174,1722895796632887184,-14.950617726578434,-6.515386705984872,130.77231027454513,-0.029842410390995347,0.04363745684411453,0.33747356911921256,0.9398493459316624
robot3,3175,1722895797139806867,-14.869202197904881,-6.7924087647325395,131.48795591157293,-0.029248721850525173,0.04608901149164756,0.3354515778367587,0.9404746430482123
robot3,3176,1722895797634388214,-14.851423228115088,-6.9447758662991825,132.12787216778634,-0.02899692659080889,0.046133786118007565,0.33415453145317126,0.940941869158779
robot3,3177,1722895798136395480,-14.828057432625004,-7.089584901593301,132.8297018585322,-0.028184715476040765,0.047815220205073554,0.33286979219019197,0.9413378925643722
robot3,3178,1722895798633243992,-14.80738522313786,-7.219418647357244,133.5051509964541,-0.028511674229877826,0.047364290548156544,0.33100471797304803,0.9420082723060675
robot3,3179,1722895799132445885,-14.768402372814979,-7.383873619437295,134.22341463535923,-0.030264343734269988,0.049451858934356295,0.32746618133827077,0.9430824371315591
robot3,3180,1722895799641818672,-14.761646542036134,-7.476847959096803,134.8747377712615,-0.03186465630187517,0.04750319168603095,0.31731030213825256,0.946595089050928
robot3,3181,1722895800136439756,-14.757484309658016,-7.5486703160358894,135.47001757934692,-0.03143230668414516,0.04564059041981428,0.3091201243032963,0.9494070230166614
robot3,3182,1722895800639196975,-14.72949239747675,-7.705215040782085,136.02001331413584,-0.030785465105214713,0.046083508079981544,0.3017506719241384,0.9517747093796036
robot3,3183,1722895801141384011,-14.646303138611724,-7.9501760293807235,136.60258044920806,-0.03145183120153903,0.044958068261537185,0.292766618579366,0.9546084335778021
robot3,3184,1722895801632810221,-14.586270618296677,-8.137526214935619,137.09063392357083,-0.0314763881088812,0.04474145332433957,0.28555631340991655,0.9567993683201209
robot3,3185,1722895802140039060,-14.575473704215888,-8.27823697491862,137.60068989181826,-0.03174690534454424,0.044368845298974356,0.27858372511042756,0.9588611201167132
robot3,3186,1722895802637929378,-14.463497895224451,-8.59449700308026,138.22749306671076,-0.029618264290316706,0.04236642887410034,0.28909938639861843,0.9559023950743231
robot3,3187,1722895803137150241,-14.37689392926175,-8.867582391522824,138.9315536661157,-0.021307721303499998,0.03460634598624756,0.3013325025357266,0.9526526674218095
robot3,3188,1722895803640036758,-14.300698825244117,-9.086012939788628,139.6880862156511,-0.027096241753650142,0.043795538444905434,0.29995113930229017,0.9525634144383285
robot3,3189,1722895804138386381,-14.193212783547926,-9.391888614125456,140.5605604562036,-0.03144608923004902,0.04745796546397072,0.30507293523725443,0.9506257881900124
robot3,3190,1722895804636697731,-14.14684480326499,-9.654577148445698,141.4057724467339,-0.03192042187466342,0.03915882199504347,0.30254410482210986,0.9517955336965457
robot3,3191,1722895805133030411,-14.131669731375107,-9.74572101304034,142.1935135378168,-0.031079442986404263,0.03029981078541629,0.2990666874305035,0.9532445154100643
robot3,3192,1722895805642040873,-14.1569311019457,-9.934063769450773,143.06033826712923,-0.03219103797209193,0.03806476435629341,0.29473824344878174,0.9542767830338877
robot3,3193,1722895806138310279,-14.142381840361011,-10.115524753131075,143.8350072318913,-0.030918489983244115,0.03957725885210363,0.29139077753801046,0.9552848278522502
robot3,3194,1722895806640387915,-14.129309254984227,-10.342643958397039,144.61776341966856,-0.025212107229147185,0.0339743208790334,0.2865739158352741,0.9571235478937459
robot3,3195,1722895807137427351,-14.07601659560493,-10.589273844331268,145.45316933020976,-0.024926380639394223,0.03536665912590192,0.3102174318733555,0.9496804830743825
robot3,3196,1722895807634108879,-14.00519342271061,-10.834796849762158,146.2935158350999,-0.024591164076205322,0.044353573756122706,0.30523593443828617,0.9509253700853835
robot3,3197,1722895808135474710,-13.957636254368674,-11.083535222722594,147.1914720613609,-0.027961779887055806,0.04280317372913659,0.30263478553259743,0.9517343188988721
robot3,3198,1722895808636778034,-13.974678189325713,-11.188794583934591,147.93123571569149,-0.03233675688730934,0.04643285281299549,0.29868857606308624,0.9526717476985783
robot3,3199,1722895809140461527,-14.033469829517225,-11.23710324398051,148.61657910602923,-0.0329985445739375,0.049395484434045435,0.3074904725479874,0.949695104476033
robot3,3200,1722895809638340500,-13.99459794994594,-11.429800944953014,149.28810635985212,-0.02873876666428606,0.04408207171181911,0.3147522579397264,0.947714023514506
robot3,3201,1722895810135936119,-13.910167938006698,-11.62015738606816,149.85368951382407,-0.027701293919502327,0.04411953475782493,0.31421366384216054,0.9479218735860165
robot3,3202,1722895810634817752,-13.903105705075866,-11.684852565677817,150.37325956140626,-0.028060327680280717,0.04068311137294636,0.31431197506824127,0.9480324281311231
robot3,3203,1722895811132452184,-13.903893366410305,-11.815474157644239,150.86386867994585,-0.027132605750668923,0.04536524122413929,0.32988683343783803,0.9425393857649719
robot3,3204,1722895811636525890,-13.858850331775768,-12.069472213457729,151.47581575891903,-0.020683322739465486,0.040526743827281456,0.3171698883214693,0.9472766465702401
robot3,3205,1722895812140499728,-13.73432599588683,-12.43285407820569,152.12507124553866,-0.027925897665172932,0.04495785564783212,0.2796689944569708,0.9586366303217135
robot3,3206,1722895812636674897,-13.670084765250378,-12.671971562329654,152.7797431259087,-0.026687179308767836,0.04736163413914775,0.26655949476805624,0.9622841086816355
robot3,3207,1722895813140068709,-13.72653865506622,-12.622842942187578,153.42345881922265,-0.0188581299393808,0.04534227648404283,0.2968425464991756,0.953662912923806
robot3,3208,1722895813634113216,-13.737443129076006,-12.72638323504747,154.21680945235317,-0.016774644704015775,0.04766539406080161,0.36738507769216266,0.9286952278294565
robot3,3209,1722895814137008716,-13.796590973214796,-12.803804752768757,155.1459563535634,-0.013509761772918601,0.05244724938762099,0.48052634750690726,0.8753063473551318
robot3,3210,1722895814638765826,-13.911392829843802,-12.799541448120351,156.0936501182498,-0.014597525287377238,0.05372005967726685,0.478331927531325,0.876412936091157
robot3,3211,1722895815138415297,-14.064624704038696,-12.629280533317106,156.82807638258433,-0.018196931695009116,0.05594854928169262,0.4741863834045026,0.8784565471916749
robot3,3212,1722895815637967822,-14.203857946676562,-12.49646309416611,157.4724935688008,-0.01915050929952245,0.05307752985070853,0.47061935036456465,0.8805302157682899
robot3,3213,1722895816141148362,-14.27281014908785,-12.460832933946428,158.20089765632494,-0.01648635186698189,0.045623889889361335,0.46635460018555447,0.8832666911863332
robot3,3214,1722895816640726728,-14.301801662631188,-12.45942550784067,159.04478748597396,-0.017567084183208216,0.04247598048843858,0.45960303745506886,0.8869341782775768
robot3,3215,1722895817141902109,-14.485211173463947,-12.21699470343658,159.48336281948815,-0.016758034634611958,0.04681000716028765,0.45427169928982863,0.8894746847039383
robot3,3216,1722895817639236884,-14.703253180612117,-11.882239033980625,159.81164356318482,-0.010630178882502766,0.04530237347987669,0.4648527574885575,0.8841643558237914
robot3,3217,1722895818134539939,-14.958386396181227,-11.635849982126691,160.4231530679628,-0.0003240559037474666,0.04880689754099861,0.6355179178499579,0.7705418598829319
robot3,3218,1722895818639008893,-15.27239488267741,-11.254344475551445,161.10399556416573,0.006374671939574805,0.05423560253401125,0.7903366859263649,0.6102342057393753
robot3,3219,1722895819135146500,-15.616425964189922,-10.735991119805593,161.81050221043037,0.005561065550602297,0.06043431693864961,0.7775536900325056,0.6258810006725999
robot3,3220,1722895819638936890,-15.776174695472195,-10.531454053292217,162.39777051174414,-0.02330259237613855,0.04926611850540991,0.6163979627941355,0.7855465550934597
robot3,3221,1722895820138178425,-15.730160518905532,-10.51716902086373,162.50500246691306,-0.02740443722733639,0.048347346611701474,0.46638705821482873,0.8828333040985591
robot3,3222,1722895820639904793,-15.686638042197739,-10.661092400905877,162.9802526585897,-0.017525599708953375,0.048145591672781415,0.41016206597095173,0.9105723117884487
robot3,3223,1722895821140558007,-15.597827959727626,-11.09012266071639,163.81362862666157,-0.015540315414419643,0.04364261024795934,0.3390266076222833,0.9396354508487275
robot3,3224,1722895821633254570,-15.561729896858155,-11.368294109753078,164.7958210015336,-0.017739855223172684,0.04719933786896694,0.3279467552286398,0.943349588316229
robot3,3225,1722895822137097274,-15.617182398968987,-11.374079688795431,165.70834958932474,-0.0173040251486996,0.04976984129863936,0.323532712450679,0.9447487060510152
robot3,3226,1722895822635188906,-15.803361742848342,-11.142282710860892,166.44235541709708,-0.01676512240507528,0.048457362379233454,0.3190965084041563,0.9463341022209157
robot3,3227,1722895823140830151,-15.982658491849817,-10.926831749301769,167.11842450822164,-0.019518159564871056,0.047513231115852046,0.3170731712659651,0.9470090487315715
robot3,3228,1722895823641121302,-15.888763252311097,-11.088556149791017,167.43246704396898,-0.022858611424031425,0.048528334837574856,0.28125266458613735,0.9581333014068841
robot3,3229,1722895824136376124,-15.814788436246094,-11.285336702485214,167.60403110979286,-0.030847000594364318,0.03904179160400693,0.19826956989040445,0.9788837411654944
robot3,3230,1722895824640034441,-15.66811435488076,-11.605383562000062,167.76741810257772,-0.05083714733537551,0.038483316619455206,0.06955446476665064,0.995538444874829
robot3,3231,1722895825134546538,-15.518856613678327,-11.97768550686144,167.79852011079734,-0.06214351644898715,0.024016956488330923,-0.01973244968536536,0.9975830790434482
robot3,3232,1722895825637028354,-15.347931950170873,-12.420598661541458,168.08385352778265,-0.045764690932307214,0.03498540618551261,0.024633706324056148,0.9980354677718849
robot3,3233,1722895826140910925,-15.180425464570066,-12.848220527594453,168.6110921635238,-0.03839328924146538,0.03622836025808682,0.07144019815789868,0.9960470668303741
robot3,3234,1722895826639333251,-15.00801089046796,-13.346183395510401,169.4018025186204,-0.03163162321012337,0.0442217303545213,0.17736341356297441,0.9826424062225455
robot3,3235,1722895827142736298,-15.052965252547207,-13.523570331644565,170.33639343780064,-0.01530483959326647,0.035197707710689974,0.3363949028442729,0.9409385487890956
robot3,3236,1722895827644036293,-15.253588498249078,-13.374430789497612,171.0124500226705,-0.016464359889619248,0.014157818649941095,0.39338596839919043,0.9191169462539203
robot3,3237,1722895828138136449,-15.246795811582706,-13.52187925311058,171.41982835048302,-0.037708475599766395,0.01633381595382552,0.23567749556986994,0.9709620978216618
robot3,3238,1722895828634968845,-15.10407455520243,-13.871429413990786,171.6678229473629,-0.04283183865397741,0.021165242289245396,0.1563200515932935,0.9865503066677478
robot3,3239,1722895829139219969,-15.046588180681729,-13.982435310808029,172.2178777410629,-0.05198894604839948,0.051069481921552834,0.3054577550291639,0.9494127750339071
robot3,3240,1722895829640695475,-15.179293236970539,-13.84138989693056,172.8874301060797,-0.03145523512816558,0.04180104951076597,0.4637183396567513,0.8844368501531448
robot3,3241,1722895830135669548,-15.403783808794172,-13.553359648186943,173.5020085570669,-0.013074434064960387,0.04376708610601484,0.610804505956404,0.7904627485536702
robot3,3242,1722895830637224574,-15.670149324350822,-13.087890991929749,174.0113249020351,-0.0009171953791775883,0.04892655292998771,0.7479229113413317,0.6619793575797754
robot3,3243,1722895831135395118,-15.977754971064492,-12.569310764481465,174.25145936006192,0.011316025298230127,0.04993714537972037,0.8296671714326082,0.5559052200958268
robot3,3244,1722895831634230187,-16.199601181386686,-12.171389721765019,174.55128207521247,0.013607756669843677,0.04813923477425097,0.7858370335089337,0.616407008233718
robot3,3245,1722895832138528101,-16.359252210432462,-11.836174704926481,174.8599908329707,0.015148891378058747,0.04740733926330191,0.771950403017887,0.6337315129883568
robot3,3246,1722895832643082683,-16.558009214512204,-11.46508753126809,175.09043755335958,0.018387380047489965,0.04790581243233704,0.7660869230623069,0.6406853858978789
robot3,3247,1722895833132005801,-16.82282326425129,-11.068573582805923,175.63112958428536,0.007137482331965831,0.05021968770938481,0.7424098007537737,0.6680229988982975
robot3,3248,1722895833635095114,-17.10984264927311,-10.588168501899897,176.18015429636154,0.014289775095052405,0.048711783452680145,0.7437366871065498,0.6665423502916872
robot3,3249,1722895834133993207,-17.45398994337523,-9.982248239237753,176.53399232845553,0.014736551322172758,0.05046289278862645,0.7603528692880996,0.6473792124187234
robot3,3250,1722895834637843777,-17.822912647006984,-9.310808092026809,176.93789620720227,0.016551423761776343,0.04777225011374133,0.7864321441650278,0.6156040489750899
robot3,3251,1722895835142530382,-18.205881148124007,-8.71446160551435,177.4490714869291,0.009479633323379076,0.04812746808401038,0.8014188449885232,0.5960886832218325
robot3,3252,1722895835635296973,-18.501796683821464,-8.154225846580621,177.71741756492585,0.01478988725537398,0.047261898131381104,0.8161541293189112,0.5757082676283903
robot3,3253,1722895836138135351,-18.84248434401163,-7.5291322769803894,178.02011897218586,0.01570442751960212,0.05126823334694201,0.8335043366050943,0.5499049554843699
robot3,3254,1722895836639566564,-19.18197262629733,-6.804656648063934,178.40054026582357,0.018549554795355395,0.05509258335371625,0.8673157959026948,0.4943521330529311
robot3,3255,1722895837141030549,-19.569082600113457,-6.079307170275106,178.7250219976117,0.03147563743142979,0.0556473246540666,0.8714779495274795,0.4862497742873616
robot3,3256,1722895837634399279,-19.904868738976223,-5.478423381778693,178.74290853721806,0.029692359367424294,0.05487652151947153,0.8887646029247183,0.4540973593505987
robot3,3257,1722895838132066248,-20.23073387712381,-4.919972474062744,178.7756869294836,0.03131495955581646,0.05067402075734937,0.8885807997818502,0.4548358815961516
robot3,3258,1722895838644875900,-20.58597864667777,-4.181685081926361,179.00506101251784,0.028944417937964245,0.04813640297507615,0.8988905454943451,0.4345582752632057
robot3,3259,1722895839135200185,-20.967626719173076,-3.470211993465022,179.2604489491168,0.03284584734392142,0.04575543571841263,0.9006394629255245,0.4309015528351003
robot3,3260,1722895839633945985,-21.327865444299057,-2.8213105232023006,179.37660031126097,0.030113313147020777,0.04765211434377296,0.8989732786869178,0.4343610348279076
robot3,3261,1722895840138055926,-21.696179198941493,-2.0664583864290287,179.48438654407414,0.033853346933377784,0.043534817970992276,0.8963531445396606,0.4398973866704637
robot3,3262,1722895840633254053,-22.209519478909556,-1.0948181903727472,179.89018229238448,0.031947390737399564,0.04686001881623353,0.892661379056586,0.44714557495563806
robot3,3263,1722895841141739386,-22.778641790622512,-0.006198268424978004,180.22851978898177,0.033407747479059,0.04748519346523932,0.8987548854268645,0.43459030676176835
robot3,3264,1722895841636315883,-23.251776187221036,1.0911664620077404,180.4573380765085,0.038233671160780094,0.047421950511949675,0.897883019317196,0.4359993447484149
robot3,3265,1722895842135031961,-23.678232569098967,2.194651975854686,180.57784712830184,0.03812958495631201,0.04749666902269798,0.9054296341335093,0.4201040095210554
robot3,3266,1722895842633644923,-24.12460678187644,3.2414411267069316,180.61699139274992,0.034330069304037716,0.046600307045037946,0.9041767125735466,0.4232190096918879
robot3,3267,1722895843144644515,-24.68759908471785,4.199244103978762,180.67119587329933,0.035292077498110475,0.04517159812008091,0.9022090694771226,0.4274725616251525
robot3,3268,1722895843632901458,-25.251525863103545,5.164637532954905,180.67615273018225,0.029082579538124077,0.04714611717761569,0.9006834976972802,0.43093002236822264
robot3,3269,1722895844136635955,-25.397760040220426,6.035422456597674,180.82119169512987,0.029535017147319462,0.046655772578371335,0.9005715845235289,0.43118643623843633
robot3,3270,1722895844635034883,-25.678739918914307,6.767187947442963,180.96478565366053,0.03504708382814137,0.04519420101329907,0.9004635696325315,0.43115489777405025
robot3,3271,1722895845145927671,-26.162794674921425,7.723724347459937,181.23745549879237,0.03545169982383907,0.045920803634537606,0.8988775842764136,0.4343426588058761
robot3,3272,1722895845633551217,-26.471030318386877,8.576956589050317,181.51783234319402,0.03254374650623099,0.04826617456855924,0.8970154828927982,0.43814895230555506
robot3,3273,1722895846133956559,-26.82217557784873,9.32220180815798,181.75249373397708,0.02655731983333076,0.05160483568411835,0.8941497319982303,0.4439908855649834
robot3,3274,1722895846632501981,-27.267642964246225,10.054724660117964,181.98953997434955,0.03480829045387936,0.04839994276016068,0.8909818085924914,0.450108037268548
robot3,3275,1722895847140632098,-27.761448348072772,10.835396203645507,182.1642979796956,0.0320997969407103,0.04892246644533645,0.8888538471281928,0.45443925200039814
robot3,3276,1722895847631612434,-28.09193436191838,11.72358403314314,182.34210352759783,0.03766551883810944,0.047764570914998306,0.8987648316219226,0.43419077822494023
robot3,3277,1722895848136364867,-28.43348366291378,12.61164716626508,182.516632410898,0.032757052435821346,0.046791340297948736,0.8952511635919775,0.44188561877034255
robot3,3278,1722895848634058873,-28.683025066125502,13.45907393326805,182.6068311756129,0.038628507207942454,0.04634694508709183,0.8821008017081706,0.4671808801072479
robot3,3279,1722895849139511328,-29.199307076992966,14.238081328253143,182.83982484502,0.035729438652087366,0.0493555016223754,0.8701209033768046,0.4890573127762676
robot3,3280,1722895849636751890,-29.52814541390964,15.019445512258054,182.89152559980246,0.03661737710553352,0.05212418106418715,0.8775275597419189,0.47527636101082493
robot3,3281,1722895850138308019,-29.875571962167953,15.891679103235022,182.96519330796892,0.033947919477853666,0.05151416786079362,0.8741543416910562,0.4817136246520448
robot3,3282,1722895850636144090,-30.284036635297657,16.784375399352214,183.35425914552167,0.03319391852424282,0.05316078930616394,0.8798161162580559,0.47116419200310894
robot3,3283,1722895851138923911,-30.709695807186286,17.729207146981807,183.49649550424948,0.030576227054688765,0.0544386814216217,0.8820010239728904,0.46709283661275314
robot3,3284,1722895851632686315,-31.167905616202923,18.560914402740536,183.52643080352053,0.031097538616143085,0.053619456658061226,0.8784714343684786,0.4737571487147183
robot3,3285,1722895852134311099,-31.569949458430095,19.38141712303291,183.68107895819816,0.02827244912791931,0.05513556122789461,0.8727401856892468,0.4842368292390544
robot3,3286,1722895852637380891,-31.964894184934003,20.262984208976473,183.88920727509046,0.02738200655561049,0.05101138325701872,0.865369872183726,0.4977781120257456
robot3,3287,1722895853139288817,-32.32804340785023,21.157625408223883,184.05936226162143,0.024952327621789498,0.0503907114504645,0.8583354808975744,0.509998391936779
robot3,3288,1722895853640897761,-32.81843135472294,22.099241401274977,184.34529880067748,0.026224606426686947,0.04832496682138258,0.8512159246864619,0.5219275976221693
robot3,3289,1722895854132175582,-33.20555131320733,23.02428125836673,184.60515626733837,0.024911014117938786,0.05205019417866276,0.8472043773327902,0.5281240021905259
robot3,3290,1722895854632281299,-33.57473875778447,23.833983028037217,184.6205983380841,0.029740139671446796,0.04930530256378191,0.838623624868687,0.5416594197865668
robot3,3291,1722895855134560690,-34.020228550810614,24.650744369276094,184.71686775225322,0.027152909414524473,0.05006328993052895,0.8317620975252098,0.5522030420344693
robot3,3292,1722895855636186825,-34.38215432945062,25.473368230194506,184.9822546030215,0.02146310087174293,0.056595457401957316,0.8441891862317079,0.5326170362951972
robot3,3293,1722895856135760738,-34.63999808427633,26.270549950898953,185.15805698225677,0.02535654428796655,0.05501817237268016,0.8427592998744798,0.5348708337959913
robot3,3294,1722895856637291111,-34.901723304750426,27.04698418999309,185.17002304254697,0.023188901912443907,0.055870982639810794,0.8311986760205218,0.5526748312603791
robot3,3295,1722895857139859771,-35.21880404829448,27.657624116920054,185.22627695765289,0.023024676810129752,0.05626111157160268,0.8311605972357688,0.5526993877192165
robot3,3296,1722895857633960011,-35.49694805701209,28.237667371785776,185.39358137137063,0.024546904509410744,0.05655528090330726,0.8364525433297896,0.5445604580191994
robot3,3297,1722895858133474162,-35.71676533157154,28.797096607565205,185.55835732728272,0.02470940559469053,0.0562539940377103,0.827351095696402,0.5583145151972368
robot3,3298,1722895858633490481,-35.979544315988505,29.28535236165409,185.70981325188097,0.026405851652214533,0.0600350180192807,0.8148378701422687,0.5759668158774056
robot3,3299,1722895859134798891,-36.232124345663344,29.844271277855185,185.98663346936314,0.028683951991802337,0.0640468855408342,0.8130934705145193,0.5778877361194867
robot3,3300,1722895859632510314,-36.472609704901494,30.4879526803446,186.15165635908906,0.02931473106002146,0.06098448832497698,0.8022509861350483,0.5931398603803001
robot3,3301,1722895860142915768,-36.80079742034532,31.19311616408433,186.22489190580433,0.03025415341228717,0.05851308410378024,0.8012478524592411,0.5946955390108655
robot3,3302,1722895860634142604,-37.02302086801685,31.801428514838737,186.4068743884138,0.025192934659418558,0.060735687386859805,0.7970792430282455,0.6002842432168373
robot3,3303,1722895861136129608,-37.279410552233706,32.45323959120421,186.4636329885902,0.02475909409286782,0.0590099075119399,0.797894814978659,0.5993902587674448
robot3,3304,1722895861631027797,-37.584694575841375,33.03474486183661,186.44608332164455,0.02265295707163052,0.05949635376688796,0.7967820525853024,0.6009038093591257
robot3,3305,1722895862133317188,-37.801213724597524,33.548570449315385,186.39240505138594,0.024119746652327082,0.058240432981371736,0.7925785301363142,0.6065027315309715
robot3,3306,1722895862635343036,-38.02981199205263,34.07434454619418,186.47138399546688,0.024410430788202674,0.06059629772719441,0.7963860194722231,0.6012499709435996
robot3,3307,1722895863135212739,-38.26003834127352,34.54350410510256,186.6830020080698,0.030766457377276537,0.05820609161026693,0.8027969559904603,0.592606550294848
robot3,3308,1722895863632782363,-38.464251200392475,35.027599733223404,186.79052534997305,0.030737456270753607,0.05720087256420685,0.8030052003156765,0.5924237649064032
robot3,3309,1722895864134711040,-38.677176179878,35.555711989231185,186.95434829242913,0.027048052503819,0.057708291716920455,0.802182403384776,0.5936678765292005
robot3,3310,1722895864643655336,-38.903907822824,36.09415975720084,187.05583540304949,0.02723701378129437,0.05622894307731721,0.8027911784043081,0.592977887376003
robot3,3311,1722895865136821875,-39.0922757322595,36.62459046068619,187.21574564646562,0.026843738860271856,0.055951718892158143,0.7990980783765346,0.597989197203381
robot3,3312,1722895865644275240,-39.326468051480006,37.22685034744189,187.3529367912087,0.024627262242071086,0.05712391707527861,0.8019065035948949,0.5942022513796524
robot3,3313,1722895866133488285,-39.560541176658276,37.782549029106185,187.31753874030096,0.024335737788268745,0.056700632179548356,0.8097388125544737,0.5835373729416232
robot3,3314,1722895866634848878,-39.79011718337067,38.26061132722046,187.26031612429477,0.023939056997760968,0.057802562807563865,0.8050126613367361,0.5899494896772783
robot3,3315,1722895867134987565,-40.00191502836042,38.7297764358858,187.3753529759256,0.024389173653162028,0.05683151458469578,0.7964768694344693,0.6014980828019263
robot3,3316,1722895867638440522,-40.15304054004242,39.144827668770944,187.5752875635327,0.019414574733542113,0.061962314501297945,0.7829022528471374,0.6187469663411973
robot3,3317,1722895868145833383,-40.2958193171526,39.543841623480795,187.73167089577197,0.024094589684050805,0.06049658895947426,0.7637212465631107,0.6422534320813815
robot3,3318,1722895868641952930,-40.45508648031034,39.96279932968105,187.76601586330264,0.024645795765443346,0.05790268015038758,0.7426084270944133,0.6667627676999153
robot3,3319,1722895869146391167,-40.60732815454061,40.37180730669142,187.90825723611803,0.024216181034013632,0.05607390462761809,0.7140480499886308,0.6974271833699733
robot3,3320,1722895869640860563,-40.795906622850126,40.780703298217695,188.1972597797741,0.018720645029393374,0.05983002499991458,0.6865958766602446,0.724331421181867
robot3,3321,1722895870133672891,-40.94951554569469,41.311408662858156,188.2650018636836,0.01291684991067207,0.06704199688157159,0.6675862026766265,0.7413954327066756
robot3,3322,1722895870638516734,-41.14348434924023,41.84646182611815,188.24533110255257,0.014484557435438934,0.0651919362764839,0.6492565764656557,0.757631907298339
robot3,3323,1722895871140743778,-41.31979630460839,42.27632303399668,188.40888934481626,0.01791160403387882,0.06190502018250081,0.6356477928669959,0.7692846198517519
robot3,3324,1722895871636986871,-41.4842294517765,42.69756968581709,188.5139846171146,0.01905642776884881,0.059533741875555615,0.6266838857683729,0.7767624433874482
robot3,3325,1722895872142887863,-41.707862402359865,43.20012743309429,188.62371224456618,0.016319110201073003,0.0610408616709217,0.6259937532944725,0.7772641254329288
robot3,3326,1722895872640596491,-41.875907266044045,43.722984640231026,188.6349915776022,0.01849827930159354,0.05934895412661679,0.6221299483493796,0.7804420815625943
robot3,3327,1722895873139028335,-42.07363325677716,44.13911497717106,188.79090155926443,0.017851351623238823,0.05957568266619892,0.6184468104208464,0.783361736339197
robot3,3328,1722895873638203309,-42.273081372858314,44.637858890627186,188.93075590218962,0.017166842357981865,0.059291657601611925,0.6167913219333957,0.7847026596424683
robot3,3329,1722895874138243948,-42.492344022755276,45.19521298383504,189.03769319411742,0.015196006846996951,0.06361317669248549,0.6153518897710498,0.785534529401601
robot3,3330,1722895874644325907,-42.692381614194346,45.762190538081825,189.09749088192893,0.012925892556098703,0.06830933644788569,0.6158372888641468,0.7848000952472771
robot3,3331,1722895875138910772,-42.95675976429997,46.32771015469215,189.02040741803614,0.01739313416694763,0.06481361716708768,0.6274912659567885,0.7757263596536575
robot3,3332,1722895875641343392,-43.164207249087326,46.88236783085662,188.9875212229578,0.018620187233491126,0.06379170088941014,0.6292499366297603,0.7743567813201279
robot3,3333,1722895876135720351,-43.327392020208535,47.36830278915436,189.18851808750193,0.01855137780348222,0.06206018721183317,0.6289322141311102,0.7747571552254061
robot3,3334,1722895876641618635,-43.483217223238995,47.83139974316043,189.41318388996487,0.018189886655307054,0.05940809117290388,0.6164473072403691,0.7849410959573698
robot3,3335,1722895877138838445,-43.64234988574236,48.37665701957441,189.5361424240047,0.017018654528894634,0.060430945224053345,0.6114019754832681,0.7888257669679095
robot3,3336,1722895877633203914,-43.795978195927354,48.898589512566424,189.53856022378463,0.016812287101592,0.061503219580676595,0.6116898005975556,0.7885241206383907
robot3,3337,1722895878134210730,-44.00499177290744,49.468706693498525,189.51502479432614,0.016314188980135,0.058651488647451816,0.6119313238216926,0.7885644583946128
robot3,3338,1722895878642690417,-44.20747129408524,49.89991047248217,189.60418419969085,0.014765552519710621,0.062376777836688754,0.6141149464021999,0.7866091460508982
robot3,3339,1722895879140064587,-44.40634154915046,50.34680870736659,189.78067450440773,0.014941307435782834,0.06532902566195752,0.6128040190338677,0.7873881571335117
robot3,3340,1722895879637567108,-44.60162324760164,50.85397425934757,189.90374965956073,0.017009394561720972,0.06458361005418041,0.6160918634816492,0.784837851763485
robot3,3341,1722895880141182415,-44.77022177575624,51.39157893802006,189.85900372160418,0.020285487829574764,0.062113248409675303,0.614752706653347,0.7860086214653743
robot3,3342,1722895880634204265,-44.93795125016382,51.8577746017374,190.0363216052786,0.02007957750010802,0.06317752968809187,0.6145809691932185,0.7860633833320642
robot3,3343,1722895881135085409,-45.10668931436881,52.28324623554032,190.2106770409079,0.015719353149846176,0.07019349959087894,0.6152850104426906,0.7850160065095959
robot3,3344,1722895881632614034,-45.266414459244345,52.74960912067965,190.33144966986347,0.019148085727761055,0.0656214007878082,0.6151230368500382,0.7854621773885707
robot3,3345,1722895882135291827,-45.53712365633326,53.368183821546126,190.62566541552107,0.021602424008603047,0.06074478585988217,0.6406219676909658,0.7651450194437293
robot3,3346,1722895882636637670,-45.82465563045849,54.120251593097144,190.91240618010335,0.0232822181743652,0.06178763777693138,0.6782939664547544,0.7318179563292394
robot3,3347,1722895883137146448,-46.16653337147429,55.05949047363899,191.14545501053357,0.025349633546264835,0.05820162068576314,0.7083834815837925,0.7029671474883057
robot3,3348,1722895883640211275,-46.55032668233758,55.996749888290374,191.37382266646614,0.025884779540470082,0.06621595822267239,0.7033947497608164,0.7072349334370532
robot3,3349,1722895884137929023,-47.01344958267556,57.052856155191755,191.52849740448897,0.026716328817576754,0.060551990218976136,0.7009250621795303,0.7101575539721123
robot3,3350,1722895884634406734,-47.379898304663435,58.1044898517595,191.33751281897804,0.027182087615508596,0.06387205805455567,0.7040221175949236,0.7067774418088751
robot3,3351,1722895885144798589,-47.74857262536954,59.51635366771908,190.8213560311907,0.02789160182882932,0.05576941656690415,0.7667514721125912,0.6389084525472983
robot3,3352,1722895885635748279,-48.07699504152527,60.93719359486597,190.20605633935276,0.03397051175974638,0.05521321082202298,0.7688295789160683,0.6361592444233164
robot3,3353,1722895886135073158,-48.34551457294345,62.003538697377735,189.64123380224993,0.0331825276931272,0.06516745258889362,0.7701654029921503,0.6336382051398951
robot3,3354,1722895886639629270,-48.574348815585665,62.92566260091378,188.91197985377204,0.038415292886120334,0.06203672580401837,0.7930334310724034,0.6047922677461429
robot3,3355,1722895887137678779,-48.81928520697195,63.87425557187997,188.35620440954835,0.04151813189147277,0.059473176238031784,0.8521705677930281,0.51821280321863
robot3,3356,1722895887636877643,-49.00395225464489,64.7032398092656,187.7107284862486,0.04743523392680518,0.04048686234032941,0.8999432864109727,0.43152380444647837
robot3,3357,1722895888137803419,-49.22879997382196,65.32650989089561,187.17045822774588,0.04941638327625372,0.042139658191733737,0.9083910878616378,0.41304709388268107
robot3,3358,1722895888642001619,-49.393944960942164,65.85932111223845,186.634098080606,0.05124974827705271,0.027699697625960987,0.9303968213341264,0.36189493627891867
robot3,3359,1722895889134563495,-49.562437722417776,66.26194344146859,186.0553481989051,0.05658384422271295,0.03103656212254503,0.9617117989772264,0.26635580731904474
robot3,3360,1722895889641571137,-49.40451306547383,66.2427047505918,185.13670921815546,0.05133226529198229,0.01844698523174479,0.9818873116161705,0.18144424643130141
robot3,3361,1722895890139633533,-49.169502549497054,66.4152718136331,184.26512863014577,0.056311731085895406,0.024420399217523023,0.9864687085880106,0.15202670824848202
robot3,3362,1722895890635698414,-49.17144901294943,66.73102380658597,183.64306814202024,0.058105566931780046,0.029107065926378448,0.9960483886318587,0.060532051911129536
robot3,3363,1722895891141057303,-49.061271857132475,66.54346945866928,183.0696432144572,0.058476630422518154,0.027895455083479733,0.997750101433218,-0.017235497385256995
robot3,3364,1722895891636785207,-49.01441239538782,66.53515956149523,182.34096304341054,0.057211318640159645,0.020049583277173627,0.9872950700571348,-0.14687860249451926
robot3,3365,1722895892145649904,-48.99355436919748,66.6505316070299,181.88476568954323,0.05435550325390107,0.017096989965118693,0.9883448865556008,-0.14116500068906707
robot3,3366,1722895892634966189,-49.04118485726427,66.79227254043245,181.44123923970957,0.0616396155878334,0.023890942613824066,0.9905658352556664,-0.1200379384838437
robot3,3367,1722895893134420150,-48.98059053097356,66.65757847569016,180.90341155241558,0.06536708205600027,0.0242021149254835,0.9935197908867545,-0.0897765411059999
robot3,3368,1722895893636710068,-48.87024043904914,66.55673791511559,180.17851098822175,0.06347576515851291,0.02138781749144791,0.9946553732989873,-0.07857529425936674
robot3,3369,1722895894136207408,-48.81666901420931,66.58394630651493,179.5011108300984,0.06663690609010726,0.024190195644499347,0.9952267718088353,-0.06706735313387031
robot3,3370,1722895894634578296,-48.8250053448985,66.77377368435401,178.8151506292412,0.06432705083577983,0.024441465912707815,0.9955380764006018,-0.06456457009380918
robot3,3371,1722895895138244645,-48.80111214692903,66.9349358965268,178.19658232939298,0.06233415449374845,0.02593223842082671,0.9963236738951889,-0.05273622123387386
robot3,3372,1722895895638016222,-48.74650607706736,67.01379347749725,177.53060428290576,0.062245714188980145,0.02906568707805601,0.9966775677047146,-0.04375480469615062
robot3,3373,1722895896133637027,-48.741091325148375,67.29147672026996,176.85917153194754,0.055336492171775914,0.02699959769927619,0.9974995177191004,-0.03469303256220655
robot3,3374,1722895896633158078,-48.719862222878014,67.50382328416501,176.14009653245677,0.05176271446799607,0.026861082238848862,0.996131385854882,-0.06573709581883491
robot3,3375,1722895897135415854,-48.66295543777446,67.65929181431267,175.35312723102442,0.050813900335785436,0.023901346602604578,0.995866965284767,-0.07138389606736092
robot3,3376,1722895897636923832,-48.5718229523636,67.70315571575547,174.82187800336865,0.05502303608090047,0.024406775468682782,0.9956374966241559,-0.07129340872510727
robot3,3377,1722895898134511581,-48.51178305618207,67.75462628908329,174.36463531229268,0.057599676478007886,0.02591066223597489,0.9945710482770374,-0.08270033120391321
robot3,3378,1722895898642246833,-48.56942452150558,68.01996441147617,173.8133802093393,0.05319869538012692,0.02387088526373287,0.9940655480979085,-0.0918355363210946
robot3,3379,1722895899136931043,-48.631632327532955,68.32060179403271,173.28258422310992,0.054970346031695726,0.026791006814265703,0.9922214627360997,-0.10843003226444352
robot3,3380,1722895899634408300,-48.62864023279337,68.39652897176065,172.70953997143812,0.061706091437800856,0.025883818027931976,0.9925043982761733,-0.10226145728581124
robot3,3381,1722895900141538703,-48.67192574387891,68.47612084023356,172.10031046288938,0.059761862322928384,0.02605098988523588,0.9929682227381156,-0.09881282492674148
robot3,3382,1722895900638834703,-48.69609805478399,68.75505445865973,171.33016834391296,0.05466813945418785,0.023090441712212195,0.9937076015518163,-0.09499172936782045
robot3,3383,1722895901135703718,-48.676264770277214,68.97899782399318,170.5403385589723,0.05521574309894969,0.027224747720679215,0.9933984011447087,-0.09679695981131149
robot3,3384,1722895901635951896,-48.585491066198344,69.03608497706226,169.651655600513,0.05417861215771334,0.02399638421968118,0.9930701710854062,-0.10149131405912361
robot3,3385,1722895902133837905,-48.49143013174684,69.04691029004202,168.6788402362226,0.057300366250352675,0.02402286640284176,0.9926837073218043,-0.10353080283280447
robot3,3386,1722895902634249778,-48.411291277655806,69.12732316704762,167.87819977132582,0.05675044634405913,0.023760973273036348,0.9936279277674359,-0.09443698507184156
robot3,3387,1722895903136969496,-48.374626840956736,69.25009708123994,167.0250073458669,0.05725855420806945,0.022558183133272913,0.9941428674792709,-0.08883999878331954
robot3,3388,1722895903632056620,-48.36890876045614,69.49229933854652,166.204656951125,0.05839681409455146,0.024631715010538284,0.9941541352657864,-0.08741078911199958
robot3,3389,1722895904135610084,-48.30800863127096,69.59195269128277,165.38640101774683,0.05780732060891838,0.02467647870499334,0.9942487709002086,-0.08671082196683673
robot3,3390,1722895904637775258,-48.27235924865547,69.72075307070432,164.48502649222445,0.05729251655618354,0.02681696057252646,0.9945794877929518,-0.08252309151880276
robot3,3391,1722895905134754564,-48.288441483357225,69.91924401182777,163.6487695593778,0.05614524621954223,0.024090199935247286,0.9946659109826935,-0.083108959342512
robot3,3392,1722895905638651020,-48.24714900028748,70.02000904400934,162.83899860521163,0.056956784639138905,0.024619814733796857,0.9948370974840498,-0.0803052854770808
robot3,3393,1722895906135619932,-48.1273697837687,70.05984767041183,162.13439937796534,0.06176477018693228,0.02832483487666074,0.9947992916719204,-0.0758761239258475
robot3,3394,1722895906634510302,-48.143210252981454,70.22972216123817,161.4282090728867,0.05350730063284623,0.02699745762098668,0.9952566711111254,-0.07663070317953807
robot3,3395,1722895907138829494,-48.17527350479165,70.45119703167245,160.79699832139136,0.05490139845430273,0.026583653690037266,0.9938637875856099,-0.09227089210707727
robot3,3396,1722895907632602456,-48.082509413758984,70.52949496004364,160.1179555522043,0.05738743856003633,0.02816223587524338,0.9934564581585708,-0.09464584570414722
robot3,3397,1722895908132501443,-48.11743033169385,70.85778210902618,159.2993731337437,0.060349785545323276,0.03207414017054382,0.9928688233268471,-0.09767626417157738
robot3,3398,1722895908637607450,-48.152437080624395,71.0320245433334,158.5312829466457,0.05919433786170622,0.02833651128692991,0.9936095513150763,-0.091832086051948
robot3,3399,1722895909136562003,-48.044504797509575,71.1728130358003,157.67870719935993,0.05119510285498896,0.02873829689199441,0.9943500069042251,-0.08843774932110253
robot3,3400,1722895909636530540,-47.97025545972263,71.2178328309399,156.93348141812842,0.057215050711109314,0.02959970216349937,0.9926415066354526,-0.10253357941892013
robot3,3401,1722895910134439648,-47.87568312001641,71.26042932100539,156.14894781433054,0.05564082537516043,0.026435388680958023,0.9918842310048521,-0.11122473223510493
robot3,3402,1722895910633893919,-47.87657091853229,71.5251282168219,155.38703993179277,0.05150864525436581,0.02761445325584632,0.9935035834563601,-0.09764697176467729
robot3,3403,1722895911135892900,-47.86159118475577,71.82461284412581,154.64377360119147,0.05729455682473146,0.029050277424574965,0.9951202421741874,-0.07489405019759397
robot3,3404,1722895911633624170,-47.823194839446,72.00512731695257,153.8064201631277,0.05012505549639704,0.02854902739324555,0.9961763721692621,-0.06561301226182495
robot3,3405,1722895912133718490,-47.77137673510366,72.06673006917033,152.9315911887485,0.052009677036774976,0.029833113795045323,0.9962390261946915,-0.06255223019585286
robot3,3406,1722895912644114508,-47.77674735425803,72.21316037113142,152.09162063840566,0.061476445598504494,0.02871176616155948,0.9967085702163315,-0.0443656080514428
robot3,3407,1722895913136563719,-47.73526361365174,72.47620716877142,151.3780467650775,0.053709506854042965,0.028492713209277508,0.9976821041795484,-0.030559338463683115
robot3,3408,1722895913636992035,-47.69774605185038,72.60927905116135,150.6703430406714,0.05550216057569168,0.02926520119819363,0.9977233672873227,-0.024721256826980738
robot3,3409,1722895914140002487,-47.6297158930646,72.73307892138246,149.88712660680528,0.05622156511746717,0.029449016878259286,0.9978003509038993,-0.019140291447676264
robot3,3410,1722895914631344942,-47.63709035620708,72.9703126329555,149.02678307493952,0.055519667954347686,0.02904730471048989,0.9971739593437918,-0.04144774259137085
robot3,3411,1722895915132687317,-47.59397274895362,73.08225990883402,148.18975793944347,0.05467519123308337,0.030497192056042333,0.9975550954424757,-0.03105440865764208
robot3,3412,1722895915637353014,-47.56327506830484,73.32559114479272,147.350290847983,0.05614262802645603,0.028705026320667237,0.9979041658413884,-0.014536250500581438
robot3,3413,1722895916132785375,-47.50548772119914,73.47117002695364,146.5706068098918,0.056300137267757844,0.028651468774937697,0.9979851250069248,0.0059226806078771154
robot3,3414,1722895916636545919,-47.43309892101003,73.50452005602982,145.7776183267391,0.05592876751035828,0.028532931429503736,0.9977329342670989,0.024224711919370083
robot3,3415,1722895917135907591,-47.39241994844684,73.60719787054626,144.99119122489046,0.055861104413351875,0.029446066159070847,0.997190110225179,0.04030322903405497
robot3,3416,1722895917636583886,-47.40522711907424,73.85136713884344,144.21792280094311,0.05486270154593157,0.029655288291764708,0.9965828234819184,0.05416016798553784
robot3,3417,1722895918134324547,-47.35876540127789,74.10474290507734,143.50864441888163,0.05606737477023695,0.02909236152024408,0.995045988819364,0.07676955205055819
robot3,3418,1722895918637467246,-47.305480780918636,74.18944131706128,142.74282598146877,0.05922479494274576,0.03225753578284663,0.994014319699582,0.08595002781491957
robot3,3419,1722895919137141212,-47.2697686765987,74.4273920387112,141.95195752316656,0.05111501688862045,0.030101841885980963,0.9952607559165755,0.07705298109686669
robot3,3420,1722895919642609512,-47.19784391248256,74.5959416982624,141.10386307695052,0.05355808684728981,0.02923619632226351,0.994723589679079,0.08247276092038813
robot3,3421,1722895920136732806,-47.129438166110845,74.60296393920066,140.2880799886905,0.054769933522013745,0.03143865251187984,0.9941705757924661,0.08738839590419202
robot3,3422,1722895920636126278,-47.07544590144397,74.6521571815563,139.58083794663216,0.06196692344729501,0.03365677028527518,0.9946798711596555,0.07509511383740274
robot3,3423,1722895921139916215,-47.123097912423646,74.81373323668373,138.92630012870057,0.056771542329489284,0.03628572931214507,0.995850670713895,0.061170086386258385
robot3,3424,1722895921633190860,-47.158138535242834,75.14816020212035,138.23841068570047,0.05327529633938907,0.03593214501053968,0.9952994324026038,0.07245456240946122
robot3,3425,1722895922139396247,-47.1518465449862,75.51030140638888,137.49103584709843,0.05425656076033372,0.03775363527495517,0.9951847650000212,0.07237521778784796
robot3,3426,1722895922636491792,-47.1123885453195,75.6806145920361,136.61785517388043,0.0588791378589796,0.034176047964906045,0.9955834810889216,0.06464346102544984
robot3,3427,1722895923140887601,-46.98467380573892,75.70685532588428,135.7222140312907,0.05474759421374487,0.03626230548068015,0.9963951611087838,0.05370688082577173
robot3,3428,1722895923635207937,-46.91254687127639,75.82898974021077,135.0196661892597,0.05712696932182667,0.0354338344342007,0.9966905892062645,0.04570363378399846
robot3,3429,1722895924131912776,-46.915678199780835,76.21203727030677,134.2175991559779,0.05334059769497717,0.0356500117373459,0.9975063896024473,0.029408502222324016
robot3,3430,1722895924638679791,-46.93447902429619,76.36737837876164,133.29543636331658,0.056900523816242145,0.035013632163376676,0.9975541133817861,0.02054669869452235
robot3,3431,1722895925137989619,-46.8935113254066,76.44971184007345,132.36443825080562,0.059178024809115756,0.03670128791684907,0.9974692915046082,0.014352329087342235
robot3,3432,1722895925634316865,-46.82122316643745,76.41321580707438,131.58657563649828,0.061999768210317656,0.03681023322202513,0.9973556211898718,0.00909946992807724
robot3,3433,1722895926132435135,-46.78230441187575,76.52190150176177,130.7876796254035,0.06324311007128922,0.03636372568074604,0.9973212833037218,0.005314729771470948
robot3,3434,1722895926635754310,-46.753565782444724,76.74949250190743,130.0683972911453,0.06321350349972693,0.03680088816624854,0.997172075425603,0.017251075237807452
robot3,3435,1722895927139387572,-46.736636477916896,77.163050210297,129.17556781636898,0.061304519242021266,0.03598740492295317,0.9973701292449035,0.014124018458656977
robot3,3436,1722895927644390780,-46.759930838883164,77.47119119069532,128.25930077349494,0.060190631658449865,0.03571726034925758,0.9974880447248876,0.010907144659385653
robot3,3437,1722895928134985889,-46.67409831173887,77.5435909417199,127.29127060353314,0.06186401764329804,0.03493200988845363,0.9974651740622332,-0.003978006935821441
robot3,3438,1722895928640849782,-46.61573103277884,77.81396464667066,126.22737729752629,0.06037375116694604,0.03635473059625837,0.9974882700031206,0.0071059791363887745
robot3,3439,1722895929135381872,-46.59559853240343,78.21305093171922,125.22956297448356,0.06408747307894307,0.03581503680290949,0.9971266403539729,0.018669280370729
robot3,3440,1722895929636389940,-46.49949292835592,78.31596879612941,124.17401697883938,0.0620842560143218,0.03462257714104913,0.9971993725610799,0.023242927333896993
robot3,3441,1722895930135138129,-46.38705740548412,78.2138910600807,123.05902064403551,0.06027480642419329,0.03249814189327776,0.9976449821832714,0.0039125450221773415
robot3,3442,1722895930635595818,-46.407818826558206,78.62516484604697,122.13668895420156,0.06006063202820401,0.03393475384550619,0.9959675253970314,0.05735713832062425
robot3,3443,1722895931132462618,-46.49195335418251,79.22896694758371,121.62667286483517,0.056713587182935725,0.04221507615559063,0.9837035404246188,0.16531424902316136
robot3,3444,1722895931633389577,-46.449771571358625,79.29432752788225,120.68989060418389,0.05805420828225397,0.036964225601557446,0.9968045736284696,0.040546231881183226
robot3,3445,1722895932142243492,-46.307873681421555,79.23593042170805,119.47695063019067,0.06139778457021823,0.03209874925219159,0.9965631554469633,-0.045407703662547545
robot3,3446,1722895932631833852,-46.27572187525024,79.51205813987266,118.60594946385977,0.05752461584662053,0.03215785622195621,0.9961640789847408,-0.057566644816158044
robot3,3447,1722895933137604063,-46.33726337938035,79.89983044886839,117.89868200067632,0.06128641812090399,0.03133428517884551,0.9948733098440993,-0.07408937093866624
robot3,3448,1722895933635869055,-46.29710191854865,80.01560784121546,117.18582386841402,0.0592720757934915,0.03144208599740565,0.9946820809781899,-0.07813945252022286
robot3,3449,1722895934133516409,-46.25179132710536,80.099281830054,116.47586200622378,0.060176895734236686,0.03278904412778359,0.9945118384059414,-0.07905582252694499
robot3,3450,1722895934637465163,-46.20688432750677,80.2740350100672,115.72143651618245,0.05717019687131899,0.03275657010129694,0.9928121928543089,-0.09991258892007537
robot3,3451,1722895935140890669,-46.14994251068324,80.45332232409936,114.92406305078006,0.052905492297506074,0.03237339879551546,0.9901764584624313,-0.12531381824037643
robot3,3452,1722895935631578463,-46.07652495975175,80.53861403256633,114.16061641224444,0.05534344024668206,0.032115099947108504,0.9895936167352718,-0.12888055591846706
robot3,3453,1722895936134607178,-45.99500228956067,80.5892054506234,113.42592094759131,0.05523597588054884,0.031601136620436183,0.9896288481606965,-0.1287831433882283
robot3,3454,1722895936634415030,-45.950206411852456,80.60301165045804,112.8075939880307,0.05798825441177301,0.030479899466016168,0.9894408162839684,-0.1292873124097307
robot3,3455,1722895937135759416,-45.924214615335025,80.8077072179023,112.10026763434581,0.05729334008982791,0.029072511786487246,0.9898482913333156,-0.12677784658327063
robot3,3456,1722895937635755113,-45.91946779744382,81.05031051956846,111.4023688249003,0.0555181776291061,0.03067282783601775,0.9894948415829126,-0.1299110005584271
robot3,3457,1722895938133969057,-45.88193107580907,81.20938370967251,110.68998894107591,0.046734392097765594,0.029982332665048267,0.9896649666267614,-0.13221274581093162
robot3,3458,1722895938634084258,-45.760708364826385,81.31551406560672,109.92548881915185,0.05303972647143856,0.032102209412600224,0.9834227075603111,-0.17039957107167636
robot3,3459,1722895939135774369,-45.67483221264536,81.51269106895658,109.0221234476704,0.053409303236498853,0.030142287492553262,0.9797363821120828,-0.19067121019817027
robot3,3460,1722895939632692314,-45.658288177863035,81.68591053352397,108.12906378158426,0.05488165902435691,0.029569226189497134,0.9794604591595039,-0.1917573292167543
robot3,3461,1722895940137657177,-45.61002591080494,81.73936074200147,107.18761485431877,0.05433509777976833,0.02720582446301236,0.9783847718764597,-0.19766329559328596
robot3,3462,1722895940643781031,-45.55665100531434,81.89187554947395,106.20502506727723,0.05590441743378259,0.02771115716901207,0.9789439659240003,-0.19435920215089708
robot3,3463,1722895941134657982,-45.50808754425376,81.9334872738073,105.35351494728056,0.05424108813978075,0.02892758840095397,0.9804011554692778,-0.18717551480154265
robot3,3464,1722895941640308202,-45.4211601421419,81.93966640271697,104.52810142956459,0.05602711392606864,0.029089873984862766,0.9811262440770396,-0.18277317888558364
robot3,3465,1722895942133877701,-45.314233894557766,81.98613144954479,103.71414435489112,0.0553118559471179,0.028968175712877523,0.9812760138250263,-0.18220545567907684
robot3,3466,1722895942635741834,-45.263438931444284,82.07054952128658,102.98005006762654,0.05596163048754535,0.028658011904757256,0.9804505418709228,-0.1864503934344362
robot3,3467,1722895943133437127,-45.207986284175355,82.17917459864286,102.23455613817274,0.053721099390428725,0.02868219847612347,0.9802162098454598,-0.18832832215856804
robot3,3468,1722895943636864159,-45.173076061268894,82.25640504805176,101.48951632619489,0.05612567515603708,0.027708684874835555,0.9812455217612028,-0.18231665693065746
robot3,3469,1722895944132224598,-45.10084420662037,82.38286625172086,100.75788973458057,0.053992516416597296,0.02873598198924435,0.9798280197049792,-0.19025273535782905
robot3,3470,1722895944632903860,-45.07298351946429,82.51813248035782,100.03052385990006,0.05626308368694386,0.02925150770920769,0.9794742774364955,-0.19133466635983434
robot3,3471,1722895945133338407,-44.99901115945346,82.64732225771301,99.37388407865707,0.057236256417101165,0.029445154940260128,0.9817817246242251,-0.17877818378029847
robot3,3472,1722895945635631713,-44.92992579193237,82.72428620872142,98.69044888858537,0.05990759286381127,0.03194739753845938,0.9839050436789516,-0.16529158820370754
robot3,3473,1722895946130655071,-44.9092990008818,82.78561903319331,98.03227573318622,0.06090754498509639,0.03249260878362995,0.9850245210618401,-0.157991120779665
robot3,3474,1722895946636169799,-44.84580921517061,82.76490342779422,97.50054515258684,0.06534474066112544,0.03231423066461615,0.9851163096914961,-0.15566538389858037
robot3,3475,1722895947133616757,-44.80633440386383,82.91031509755604,96.88269047814121,0.05672141260973867,0.030018237873900264,0.9855372043619188,-0.1568375132581334
robot3,3476,1722895947641213772,-44.8132446381408,83.02931527661758,96.42286450158413,0.062005247848840477,0.03145859008346574,0.9841195209602153,-0.16332322190736046
robot3,3477,1722895948134999665,-44.783625047782515,83.20825089995628,95.78634019768728,0.059768069702246594,0.03158403749255906,0.9842730216943342,-0.163207981374811
robot3,3478,1722895948634623837,-44.78629508596804,83.59837478376507,95.14047205726396,0.06095329810289616,0.03367484971383518,0.9838540880234281,-0.16486914031048544
robot3,3479,1722895949137363219,-44.7752665490244,83.8426541611746,94.38180890991806,0.059456811571098264,0.033399740524217535,0.982166477389066,-0.1752094620272173
robot3,3480,1722895949635451677,-44.71073790072447,83.82174018526719,93.6614987725193,0.061390546375454165,0.03184106640195788,0.9774395306909134,-0.19957282166877455
robot3,3481,1722895950134278669,-44.689759906352165,83.91305899509415,92.89342736262388,0.06467466374626489,0.031542284826153545,0.9748456751053258,-0.210945921661678
robot3,3482,1722895950636037071,-44.68867795468655,84.10109958187607,92.13046840734053,0.062334763508715405,0.028737484654222507,0.9761704455250763,-0.20586353615304295
robot3,3483,1722895951134273794,-44.624943440428865,84.10031368742173,91.44943583120026,0.0645078073270062,0.028606439436012255,0.9748094366307692,-0.21158208022480993
robot3,3484,1722895951639858551,-44.55682477374599,84.05472761447537,90.84465458038171,0.06475430102229691,0.027367617047985595,0.9703544531546054,-0.231236089915167
robot3,3485,1722895952131990521,-44.54618330356385,84.21484794837038,90.11946270884825,0.06352267773653485,0.02751267277394123,0.969699595523078,-0.23428746593105054
robot3,3486,1722895952632877636,-44.50073270287754,84.48195832348816,89.4493833972901,0.06794153830039028,0.02768142880071228,0.9712438330562738,-0.2265018821623445
robot3,3487,1722895953136109714,-44.41112421435501,84.52100695460108,88.74473984342855,0.0654285822262229,0.02680123887669488,0.9730947181348418,-0.219288539966441
robot3,3488,1722895953636083160,-44.343563257897,84.5651737302704,88.10233862494954,0.06519306028686046,0.027495509688639057,0.974832403029739,-0.21141345236446127
robot3,3489,1722895954135259291,-44.329501704144526,84.63504003173482,87.46906034908059,0.06537398263759969,0.026771986712740302,0.9749810910423936,-0.21076379013325697
robot3,3490,1722895954635111564,-44.282658124126584,84.7330486772045,86.8909840965455,0.05928948696974144,0.02701556729024943,0.973731627411951,-0.2181779861409586
robot3,3491,1722895955133985388,-44.23669479673355,84.89066142461864,86.2806273286543,0.05546264908289177,0.025388771968382174,0.9687820952670246,-0.2402926480454175
robot3,3492,1722895955640329093,-44.14597061056046,84.82234708274633,85.6849698012081,0.05311403111773889,0.019819024171068803,0.9643051223471397,-0.2586537009099202
robot3,3493,1722895956134694539,-44.07549376546332,84.81762035922135,85.03930819359218,0.04252272652868416,0.012510890268113285,0.9585787447677944,-0.28135757575133036
robot3,3494,1722895956634296360,-43.97258422254808,84.79966998278867,84.32353970704659,0.048171406638704305,0.010132185255066916,0.9397258743182163,-0.3383668653122961
robot3,3495,1722895957134861208,-43.85554392702994,84.60457388260383,83.64436624563544,0.05034612221421681,0.010954633470493646,0.9158105188274118,-0.39829179954975824
robot3,3496,1722895957637780769,-43.736650108639665,84.23553838166258,83.05229045714144,0.057247954205047094,0.009867831083940152,0.8880223851228551,-0.45611571028605363
robot3,3497,1722895958132921620,-43.69952258518832,83.86817794578793,82.54512080464146,0.05495966679146441,0.006778748902319812,0.8534239425893956,-0.5182673613152408
robot3,3498,1722895958634572817,-43.64190075928904,83.52233919390395,82.11605381935615,0.04958909917889028,0.007788481410764436,0.8305124241529462,-0.5547336064522658
robot3,3499,1722895959131675983,-43.554377942810675,83.1994810779146,81.73048190996619,0.04638140440127628,0.0018568754873388084,0.8160088085821287,-0.5761726665293703
robot3,3500,1722895959633588798,-43.46474516848427,82.93022734735725,81.48658449731236,0.04823699426704622,-0.00010145961154325408,0.8144066732372988,-0.5782862203758481
robot3,3501,1722895960136121629,-43.364151718190506,82.66682223266416,81.11598867862737,0.04853681478691315,0.0014117587956806522,0.7930178543859446,-0.6072601313873293
robot3,3502,1722895960634722456,-43.23972284614468,82.38696363692958,80.59359757181255,0.04802441278221538,-0.0013588882321958744,0.7574426060197613,-0.6511317130855234
robot3,3503,1722895961132403776,-43.15871164128736,81.94971711311088,80.28346695949156,0.0470833185337849,-0.006730762221501098,0.7199149125861611,-0.6924307738625025
robot3,3504,1722895961635642365,-43.07111086194538,81.46710395282962,79.99149747644691,-0.05269975951344142,0.0015616091918413315,-0.6915797300331695,0.7203733571775165
robot3,3505,1722895962134525447,-42.99028322071779,81.05896159819645,79.74004609840034,-0.05685508966298561,-0.0003235630314637393,-0.6686223792824996,0.7414253219367327
robot3,3506,1722895962634781690,-42.876124341524594,80.57142429132844,79.37177069677311,-0.04545015753906728,0.0008618858150093755,-0.6348208390992873,0.7713209724737119
robot3,3507,1722895963135833695,-42.76283376276625,80.09067422476919,79.132872766462,-0.04795830485655599,0.0015358913683236135,-0.612087600022906,0.7893328904405222
robot3,3508,1722895963633191422,-42.709127851387514,79.52724683706202,78.95386531318893,-0.048252767736161474,0.0028558467789634506,-0.5838319080389208,0.810434338919945
robot3,3509,1722895964134664715,-42.595858126946304,78.90485532833729,78.82224272091166,-0.04685179362968674,0.008408605722739977,-0.5727139795628974,0.8183721050944429
robot3,3510,1722895964637067548,-42.519700882842855,78.33735000825868,78.70591814672724,-0.04880280942350565,0.004941144543351417,-0.5485507962239445,0.8346771201159471
robot3,3511,1722895965137325801,-42.475672953751335,77.74626083567837,78.67727713805063,-0.04755976158944065,0.0073979198856283564,-0.518968050616634,0.8534374624412102
robot3,3512,1722895965635451172,-42.34154430051553,77.07856440381384,78.70913994583493,-0.042169939872094955,0.012334547228749545,-0.45358845440040063,0.8901275577974773
robot3,3513,1722895966133017962,-42.25296150392138,76.50956253143667,78.69748632197873,-0.04487222836458406,0.012207143519440956,-0.44943170547445704,0.8921034754348922
robot3,3514,1722895966631665980,-42.201063091929726,75.91393994101054,78.71627648141214,-0.046753903703766954,0.010736473031395254,-0.44077981408144623,0.8963325031112231
robot3,3515,1722895967133543528,-42.11534233034325,75.2503799718826,78.73986568798003,-0.04280585603530143,0.011711402582676642,-0.3950580314313662,0.9175835948512839
robot3,3516,1722895967643151745,-42.056035899530215,74.50310914414239,78.80679959553846,-0.04170780277505378,0.0145770122572691,-0.3563469112031332,0.9333085496111749
robot3,3517,1722895968137736846,-41.98207860368208,73.78707218795412,78.79684235008627,-0.040180058992555195,0.017860272874485186,-0.3416778623812994,0.9387879482986292
robot3,3518,1722895968634801160,-41.921359563862644,73.12852299880286,78.79051282685482,-0.04228172224200018,0.015007037165604774,-0.34091131013643355,0.9390242400602985
robot3,3519,1722895969136207376,-41.8020535820189,72.31329132554282,78.74793576635982,-0.04226916979868175,0.01826172775281069,-0.34086211359112645,0.9389850084544494
robot3,3520,1722895969631476925,-41.735519772007414,71.58364919232613,78.7077981156525,-0.039898782966333805,0.020662013663559704,-0.33216110574801727,0.9421518816716479
robot3,3521,1722895970131037685,-41.63339979274854,70.79904750770508,78.62218131739533,-0.03834499438062006,0.019397223413435694,-0.3257179837301636,0.9444899174710953
robot3,3522,1722895970644560084,-41.544869384865535,70.07027277979884,78.52768018919684,-0.03873356826883759,0.018340910604917996,-0.33282147313873306,0.9420154928158608
robot3,3523,1722895971134864455,-41.486610031294475,69.31053461022836,78.37005075770362,-0.03865574075344695,0.016597139788922924,-0.33865584757635847,0.9399694067149035
robot3,3524,1722895971635304765,-41.43044391356481,68.597314584146,78.21690414402238,-0.03758018940115456,0.01754557320259125,-0.3451254158363793,0.9376397653519886
robot3,3525,1722895972134616569,-41.41426633540431,67.85113136417291,78.03594212859693,-0.039372396695494874,0.013803431723872427,-0.3569423473063528,0.9331942136289358
robot3,3526,1722895972633059787,-41.373550527030964,67.09665248485754,77.79780244590089,-0.03881746713472195,0.012487940246996674,-0.36909457745161295,0.9284968758641289
robot3,3527,1722895973135221808,-41.30006794945753,66.40542998711153,77.58296196198052,-0.03849543025069817,0.01165297080787087,-0.37834232213064456,0.9247915426764868
robot3,3528,1722895973637044013,-41.197163632681374,65.6151592698336,77.32958839713642,-0.03869900869418886,0.016270667608958404,-0.39201707824610377,0.9189995987295284
robot3,3529,1722895974142508946,-41.12667264802311,64.80429570801351,77.10318647058776,-0.03764675682682677,0.013296295403503371,-0.40722604152838626,0.9124543173935261
robot3,3530,1722895974636016561,-40.84665616549773,64.02022207864884,76.80619878633708,-0.03725228597968719,0.009481670315549636,-0.41922464207033056,0.9070683902541848
robot3,3531,1722895975140440953,-40.52321561483735,63.171654830146785,76.5382936545839,-0.031916332729330005,0.008579382325331994,-0.4289198701641064,0.9027377730451034
robot3,3532,1722895975636833406,-40.174657862887614,62.3903581037018,76.36933570665519,-0.02175710404917509,0.007908993611035788,-0.4041040488354658,0.914420031472538
robot3,3533,1722895976140081097,-39.9038178358857,61.550262635034564,76.13449492635084,-0.01895451401782403,0.008699086515728163,-0.36468055896775114,0.930899104201475
robot3,3534,1722895976637502521,-39.73218803081983,60.71790712992202,75.90371410448218,-0.01785943259983457,0.008577890649909272,-0.36465557795144116,0.9309316677007559
robot3,3535,1722895977130803253,-39.553328364541976,59.87544532536884,75.72111953563663,-0.01790847824926989,0.011990909477046906,-0.3623812628944788,0.9317807278537753
robot3,3536,1722895977633695044,-39.40086245839911,58.96219033764826,75.517585748822,-0.018304073949019,0.007692261042334513,-0.36595138315247866,0.9304221489010851
robot3,3537,1722895978135723386,-39.27143012910826,58.04246307285301,75.32552738843164,-0.018353694889594572,0.00588214305521712,-0.3705129821126306,0.928627305415355
robot3,3538,1722895978635773376,-39.19701102601407,57.16812390257631,75.09026820003064,-0.0179069123150366,0.006476047865363436,-0.35759848890617607,0.9336812753972346
robot3,3539,1722895979130832241,-38.92723757184771,56.3944598761348,74.95070062460785,-0.015838521526713764,0.007780578162564523,-0.35274490220624255,0.9355531186452282
robot3,3540,1722895979638451191,-38.535779161707204,55.49775267744594,74.81041056263648,-0.014343704847512862,0.00629350268059944,-0.3427050254816807,0.9393124695567804
robot3,3541,1722895980144795468,-38.25324782255252,54.511810620513245,74.59277051366143,-0.014216655303759332,0.00615389919702245,-0.3402702546136864,0.940200069167081
robot3,3542,1722895980636986493,-37.98605542355483,53.67011813295502,74.38329101965253,-0.011371006484624377,0.004538297472549885,-0.33269665537904985,0.9429544207262465
robot3,3543,1722895981133004157,-37.69650045644519,52.89336514120743,74.29475598541458,-0.01079105392005394,0.006143619024413067,-0.3211303958920116,0.9469535774972379
robot3,3544,1722895981635469483,-37.39928396288021,52.05413009076146,74.18900319027227,-0.012009681610633066,0.0031973477517954793,-0.31391049850853214,0.9493712358403799
robot3,3545,1722895982135437508,-37.15580919259355,51.12248181809716,73.96267752772735,-0.013001782640873929,0.003039654433981525,-0.3125406839732538,0.9498105258474514
robot3,3546,1722895982635153621,-36.92398391249108,50.27732161444286,73.75468309967665,-0.013525709044167921,0.0026110070211410865,-0.2967919917125746,0.9548427888885537
robot3,3547,1722895983135074389,-36.7582174537419,49.51918083301046,73.58836107807515,-0.012396374913199205,0.009751744894411536,-0.29098086286849173,0.9565988557409181
robot3,3548,1722895983635076509,-36.54166866231163,48.9219404426555,73.47870835606227,-0.01115911479915013,0.008470687461077315,-0.28332591747518626,0.9589213451048423
robot3,3549,1722895984132342689,-36.27670903559979,48.27945283223736,73.33768711167576,-0.0057281177900608505,0.012514844572090287,-0.2624737780273733,0.9648409626357894
robot3,3550,1722895984641965284,-35.9559261848345,47.50396607973286,73.20927719138952,-0.0050413540136448895,0.005596649672454179,-0.2478992559884256,0.9687565334708912
robot3,3551,1722895985134443668,-35.711087247951454,46.90920483776735,73.0873338902856,-0.0056685654035153596,-0.0003134056368638449,-0.24239407739498672,0.9701612651446181
robot3,3552,1722895985634271674,-35.399054577082005,46.097425967854015,72.95014970473373,-0.004117436742799175,0.0005338668470240722,-0.23989275923185613,0.970790515903913
robot3,3553,1722895986135596446,-35.09999103726932,45.341710754152786,72.82814249265681,-0.0032274035532668726,-0.0014455817132646446,-0.23856029013214128,0.9711212499641243
robot3,3554,1722895986636530569,-34.84670100305599,44.6538622813442,72.71472480301325,-0.0036911516628971024,-0.0023336979966314514,-0.2364454071979075,0.9716349616332657
robot3,3555,1722895987134889344,-34.525020104945646,43.90835139622813,72.55821056512258,-0.0028325929480705774,-0.002667191818015821,-0.22333539769914343,0.9747338932444904
robot3,3556,1722895987634884506,-34.20806017678729,43.15259660294149,72.43498391850392,-0.001783182890032513,-0.006542709225701985,-0.21608459532260382,0.9763510950877431
robot3,3557,1722895988136987215,-33.930225228440094,42.66219266072886,72.33440035926682,-0.0005904009714218163,0.0060014566367751964,-0.2122905561777782,0.9771879827866589
robot3,3558,1722895988635305483,-33.760681960380694,42.33439274094168,72.2479025260797,-0.005160995174881668,-0.0011950960634584918,-0.20769190541918142,0.9781799467876827
robot3,3559,1722895989135155002,-33.52278935685734,41.82166521232109,72.15214117338874,-0.005499930899304315,-0.00016653638940771157,-0.19852148790681765,0.9800810894334188
robot3,3560,1722895989636646940,-33.28532589608997,41.243731140518996,72.0174064747711,-0.005911258114578969,-0.005301485747210502,-0.19063183075710133,0.9816294903773881
robot3,3561,1722895990134612302,-32.97520585016775,40.675099781663704,71.87331553070004,-0.0035177108613128273,0.008603271237007337,-0.1875178188335448,0.9822172249834701
robot3,3562,1722895990633818285,-32.703719930984334,40.18858899307744,71.78509221974362,-0.009187724235575777,0.002541837696017747,-0.1866628462094918,0.9823777820316733
robot3,3563,1722895991132922822,-32.4670019972734,39.64882267556007,71.70323758613696,-0.00821702179899134,-0.011180155884671712,-0.18771585736417454,0.9821253695741609
robot3,3564,1722895991650772853,-32.05694356018777,38.89798187800484,71.52358023379306,-0.005013560476514202,0.0020535778140057344,-0.19071990993893784,0.9816295446768061
robot3,3565,1722895992132694229,-31.718641308478755,38.23404022613185,71.25405327347613,-0.0023100771577093133,-0.0026667013031466246,-0.18545525839029584,0.9826463755507746
robot3,3566,1722895992639438249,-31.45765337376274,37.79346452041675,71.10730040373812,0.0010529136799090485,-0.006578323265947751,-0.15521666137003728,0.9878579883105316
robot3,3567,1722895993136111395,-31.10464597723539,37.115305774046384,71.00116236881958,-0.0014965122289697654,0.0022620817730543826,-0.14782922315347424,0.9890091830812496
robot3,3568,1722895993632009491,-30.74825245810624,36.41579914177825,70.95703874577676,0.0014511478258980204,-0.0014878278591462142,-0.13468426938630013,0.9908863850705224
robot3,3569,1722895994136384223,-30.458275466720586,35.76443608742628,70.71905893857769,0.003597297185086137,0.0009354645313200704,-0.13234842363001326,0.9911962868784988
robot3,3570,1722895994637624667,-30.17429591004475,35.143467776307794,70.52496149644843,0.003700083929712251,-0.0007259845932269029,-0.13646372391468226,0.9906378926634196
robot3,3571,1722895995132563087,-29.822226269036978,34.46595852711366,70.44539198832676,-0.0007134851240735802,-0.0005170063066559774,-0.13837209580610962,0.9903799204071544
robot3,3572,1722895995635868357,-29.496414692229973,33.82241910611317,70.29856184862898,-0.0016201081709406324,0.004374597735519566,-0.1417758498882654,0.9898877949205288
robot3,3573,1722895996134490263,-29.210608012023403,33.31485050217018,70.20832010725373,0.00040334949381180753,-0.001948974857954758,-0.1333380776850534,0.9910686130866235
robot3,3574,1722895996632378803,-28.90802459549222,32.70553213980318,70.123153964526,-0.00019970967572414104,-0.00016787237701737344,-0.11928660146677239,0.9928598282967329
robot3,3575,1722895997134224434,-28.566046228462177,32.02766145889523,70.04424502425667,0.00042951078583845743,-0.00173163986498468,-0.11948114895056722,0.9928348664250845
robot3,3576,1722895997633286794,-28.18991915796601,31.284743131528366,69.88061818264326,0.0010434495015409823,-0.0011264356871742904,-0.12107902872488352,0.9926416831660956
robot3,3577,1722895998135395904,-27.87825592858633,30.59080420252833,69.74950643160082,0.001854010072117229,-0.0002788537654800783,-0.11855302920698424,0.9929459522819346
robot3,3578,1722895998643250658,-27.49049047740789,29.866231144190415,69.66561282521408,0.0044829246501919065,-0.0038236942721767767,-0.11242276391653136,0.9936429967055881
robot3,3579,1722895999135331290,-27.125617807977235,29.30166666288049,69.56837528974316,0.0047406789509517,-0.006074657673901256,-0.11636699636531639,0.9931763925175343
robot3,3580,1722895999635502860,-26.777461132471352,28.5770953202765,69.50148273300233,0.0017537752202247295,-0.005621105842897729,-0.12300956631039955,0.992388015867638
robot3,3581,1722896000137180016,-26.442918631792804,27.851536161949333,69.41491995307622,-4.007263338142204e-05,-0.007479297778803016,-0.1353451896899837,0.9907702751529753
robot3,3582,1722896000635851387,-26.0395427884716,26.934515942696372,69.18370016089251,0.000981024903879676,-0.0006835115928851473,-0.14745645200520635,0.9890678263719211
robot3,3583,1722896001132742342,-25.491498734803383,26.056297738977744,69.00082813228677,0.0017049666533560394,-0.003910202111583222,-0.15894074014577728,0.9872789091893283
robot3,3584,1722896001636856814,-25.02920167784381,25.142779051437962,68.78704244936095,-0.0015776912373638157,-0.0071295669592421704,-0.17135789159431702,0.985181786856458
robot3,3585,1722896002131849246,-24.683456478902617,24.216285552723008,68.51496557597822,-0.0008272928788627245,-0.002279871667383797,-0.17163867823521406,0.9851569833815023
robot3,3586,1722896002635838882,-24.311337612969478,23.348581904492907,68.25845241197902,-0.0009868499290250415,-0.003218150513108324,-0.15180174599684898,0.9884052304327414
robot3,3587,1722896003135570664,-23.901493685805935,22.40750912605732,68.0508857462649,-0.0007404454028696621,0.002354723167142998,-0.1571278977336377,0.9875751772767575
robot3,3588,1722896003634192206,-23.556751229173393,21.576168390004224,67.83512231171527,-0.00523541539659416,-0.0011073951748439609,-0.18135400364158286,0.9834033198361294
robot3,3589,1722896004131848344,-23.231156766862743,20.765899819450244,67.55816662046426,-0.0060780880872455395,-0.0035485823964419598,-0.20038939953569276,0.9796910497508405
robot3,3590,1722896004635047179,-22.93061862914869,20.080291677782135,67.39567264362968,-0.008816430331888704,-0.002768752103382146,-0.2042337077128325,0.9788785405768493
robot3,3591,1722896005135188882,-22.695332288660765,19.568695545399486,67.25443617460547,-0.010980449805333673,-0.002024529670885604,-0.2085356646102221,0.977951025147608
robot3,3592,1722896005632552499,-22.474435240880133,19.096579929057903,67.12355599925154,-0.012277305518233226,-0.003074912962659785,-0.21216221321772313,0.9771524998494561
robot3,3593,1722896006137642332,-22.202184131960337,18.512467704946282,67.03391075097748,-0.011553467065920493,0.00028182516005632034,-0.2102408891755025,0.9775813042872853
robot3,3594,1722896006637674203,-21.965525742212545,17.9011215594462,66.98138232736589,-0.012922827993794597,0.0017799889743720723,-0.21926382803979688,0.9755783955527246
robot3,3595,1722896007134797680,-21.70767534823696,17.311116768469866,66.85641491651224,-0.015194634148650146,0.0037646694802368525,-0.22816009194485837,0.9734977775015754
robot3,3596,1722896007634388616,-21.45316565535029,16.79599174664301,66.73217595892856,-0.01642759900066402,0.0011741842605308963,-0.23075173958669137,0.9728732651070804
robot3,3597,1722896008130669824,-21.235751029240486,16.42746828740915,66.63531021004354,-0.01733981280610494,0.002954926341486474,-0.23171744121750798,0.9726240932332368
robot3,3598,1722896008632545888,-21.074882470438375,16.025110115004797,66.55640511317219,-0.019608463885210668,0.0030873684805129745,-0.23481666033481338,0.9718369782680287
robot3,3599,1722896009136926077,-20.93814144053161,15.597976287772381,66.4714219150629,-0.019100871143413713,0.002041745170984171,-0.23786984127069974,0.9711070623839946
robot3,3600,1722896009632436794,-20.71037874976273,15.088191632961182,66.42158413937226,-0.019400726402878047,0.00399864116420018,-0.23614998169547594,0.9715146982053885
robot3,3601,1722896010132549717,-20.56304449411723,14.733998373383862,66.35178272627134,-0.019811199517005232,0.0032727261437966166,-0.2335684909459056,0.9721329979352298
robot3,3602,1722896010632778476,-20.431990232121578,14.3823844706282,66.26311285436694,-0.02065102475949645,0.0006312114016459066,-0.2284378951098196,0.9733392341965592
robot3,3603,1722896011134509461,-20.27161243779926,13.973513505925304,66.2168849591086,-0.021352613959980758,0.0030578882636493588,-0.22304087247312962,0.9745704101822855
robot3,3604,1722896011632338723,-20.12094292124339,13.622371187064646,66.1796788773429,-0.022217687255122517,0.0075541736178451795,-0.23021854379525306,0.9728559661773053
robot3,3605,1722896012130747453,-20.018587889601303,13.264955026000115,66.14476832568498,-0.022368764709397058,0.010628914138681113,-0.2353515810267162,0.9715947189326594
robot3,3606,1722896012652333933,-19.909436723767023,12.97194202582074,66.10926183685915,-0.022867555818267563,0.009752178685978033,-0.2242283739979971,0.9742194856375997
robot3,3607,1722896013134522727,-19.787400311316105,12.606946414657793,66.06057578434265,-0.022936301952130866,0.011163051840580496,-0.22719425932134135,0.9735153213266817
robot3,3608,1722896013634004075,-19.672769146282068,12.275956439079822,66.05481314706182,-0.025503033716072213,0.011650597815580581,-0.20308679995838003,0.9787592198924521
robot3,3609,1722896014136886737,-19.577062388108168,11.856494654072566,66.19208741452445,-0.02426924591892186,0.015119886175431228,-0.13522626396738166,0.990402064960485
robot3,3610,1722896014641204643,-19.438373624905868,11.228755922939364,66.34314448494278,-0.023076759695572737,0.0220039393813498,-0.12864923124144917,0.9911774135414099
robot3,3611,1722896015137740353,-19.300387818019594,10.67757948027447,66.54412469833922,-0.01573344355036324,0.03808048848756165,-0.06691687258566889,0.9969074517295724
robot3,3612,1722896015636476259,-19.222587994033894,10.219846210655847,66.81606364582827,-0.011490361658437696,0.03805588819392908,0.021977012374361376,0.9989678332608246
robot3,3613,1722896016133444265,-19.15003396112321,9.724924790949581,67.38157983578152,-0.0023558028571098546,0.042310980087823066,0.15428489679489038,0.9871172178509989
robot3,3614,1722896016637345855,-19.1579261781187,9.352282379161426,68.07890111155264,0.004994237466073101,0.04895819032588354,0.2740465265700893,0.9604564823390055
robot3,3615,1722896017136187485,-19.19174866845485,9.076766217254871,68.76347205131644,0.027469402806867174,0.04930625175839738,0.3761969055729117,0.9248190167185888
robot3,3616,1722896017633434889,-19.252262461643628,8.972506554214918,69.41909685311944,0.015592935874943058,0.05019339518449669,0.4697577231619737,0.8812293486716902
robot3,3617,1722896018136814078,-19.323977740946678,8.899495745483806,70.06318948606626,0.0185937754954819,0.04804465155323373,0.516425026080608,0.8547813611723148
robot3,3618,1722896018636651777,-19.4061852899244,8.787379051964466,70.82302443046456,0.013494966823311725,0.050790119490650217,0.48421560826834603,0.8733690481931902
robot3,3619,1722896019131329256,-19.50686110667173,8.673493461558976,71.68573360426805,0.01511967762773222,0.05795896872192229,0.4787693768170328,0.875894992059753
robot3,3620,1722896019635965514,-19.58803015866007,8.605684406048985,72.51441882841435,0.019977106912153406,0.053248337810386216,0.48164385899979456,0.8745197097879711
robot3,3621,1722896020130785730,-19.678290080163507,8.543483257458087,73.1962585354984,0.020085603633093217,0.045885300080279426,0.478942884021084,0.8764158953423903
robot3,3622,1722896020630753213,-19.74904772335602,8.415584554556698,73.9335469360726,0.016932958090214136,0.048760082565977185,0.45694102134000175,0.8879981037678123
robot3,3623,1722896021132978085,-19.803250601067848,8.248241584175503,74.63157287401044,0.01590454495674184,0.04691811411157557,0.41393037026980806,0.9089595065712398
robot3,3624,1722896021637768576,-19.913041327038606,8.002292899066312,75.58034085454254,0.014151575644587966,0.04962762716044451,0.3903435842849851,0.9192218000769729
robot3,3625,1722896022135095060,-20.039284609937457,7.701111067004746,76.65892544776625,0.014114607958077462,0.04790061868371996,0.36910669285074005,0.9280444805421214
robot3,3626,1722896022632987185,-20.09759980244295,7.341085034720706,77.45941712377261,0.015481654044031403,0.04845260239712193,0.3497649499149068,0.9354555807306032
robot3,3627,1722896023140718895,-20.10652891168177,6.936083317811428,78.21502581072679,0.010709120524828534,0.045727860091226896,0.3314147812187392,0.9423155099746566
robot3,3628,1722896023638031611,-20.14294080148692,6.630780823493967,78.99601078432792,0.005727224781328753,0.045872139183617676,0.3130332538162989,0.9486164281458568
robot3,3629,1722896024134676135,-20.227151588825418,6.354189658366039,79.7332701028033,0.012611517450988674,0.043881292143849296,0.33600196397854576,0.9407539859229561
robot3,3630,1722896024634640074,-20.30106060745067,6.194313307069122,80.64094952124907,0.014185177495682846,0.04697243625697892,0.38434412818983826,0.9218850048121475
robot3,3631,1722896025134579770,-20.39474160061301,6.091384632488077,81.54419901626883,0.01542400910450665,0.04829770726841922,0.42067260265877576,0.9057946747403905
robot3,3632,1722896025634564870,-20.466538395522342,5.926921527752496,82.34526494260635,0.01688928677991294,0.04816776277571729,0.42698898706290955,0.902815055007524
robot3,3633,1722896026135019822,-20.51989362929509,5.804952407282844,83.29349288926633,0.011198937882765077,0.05080038433515884,0.4173908484423594,0.9072368954017828
robot3,3634,1722896026636751656,-20.567633334390553,5.65193307515514,84.16468947977509,0.011794996401500335,0.04901100389203275,0.4132225558423541,0.9092336987268435
robot3,3635,1722896027133411617,-20.638328573660885,5.532308245126558,84.89183982865035,0.010422937086923163,0.04863490180302907,0.40619209779310045,0.9124330048828418
robot3,3636,1722896027633821530,-20.784932833733034,5.3744606510796675,85.74603806927838,0.00748795601411735,0.04537604164947153,0.3803468245057147,0.92369975557395
robot3,3637,1722896028132729544,-20.875377696697207,5.1109179643550275,86.81966217373393,0.008555090079009163,0.042953187184864246,0.3552804713144912,0.9337331636216822
robot3,3638,1722896028631201777,-20.949897043135635,4.8054265984871245,87.88877764813952,0.008786880855439088,0.046162657870148206,0.33465166587382145,0.9411695183499474
robot3,3639,1722896029135613116,-20.962666937274044,4.547612063028735,88.80647433587271,0.006472123180670206,0.04389924811565682,0.31159561275121894,0.949178140156318
robot3,3640,1722896029631666531,-21.033384683533978,4.2655533471710765,89.66089755717118,0.007629108553806479,0.04212569138985187,0.2882149857196751,0.9566082504527172
robot3,3641,1722896030130743441,-21.103988659205896,3.9544012030954576,90.52002392786719,0.004891700541418252,0.04633811031376701,0.2626168602597957,0.9637744733627516
robot3,3642,1722896030633440007,-21.161907590332326,3.6648359797933634,91.2926442044538,0.00253357967929551,0.045513330709060454,0.2338934540457877,0.9711930651813301
robot3,3643,1722896031133326885,-21.255995120918673,3.2836354522078874,91.88914339625391,-0.005890930273628808,0.0358629324691443,0.1496167894978086,0.9880758894516115
robot3,3644,1722896031634116648,-21.345418648147543,2.7351655210042796,92.66160416602764,-0.01569040699972378,0.03505045368323528,0.10045899957792326,0.9941998120240142
robot3,3645,1722896032137044791,-21.392470087441197,2.109950220117039,93.44067583931323,-0.020196196120631348,0.02721352351763471,0.05589857890594111,0.9978611560113503
robot3,3646,1722896032634559031,-21.399649788835074,1.5529644103095008,94.29463552476471,-0.023720083544383506,0.027452473458261444,0.022890939290240317,0.9990794384012122
robot3,3647,1722896033136794296,-21.483981058584547,1.1471403508571232,95.14133796116928,-0.020433878052709492,0.033374906340196964,0.06485224427730511,0.997127252995678
robot3,3648,1722896033630922305,-21.542720773439203,0.8320584568173672,95.92332565450285,-0.020747078471230706,0.037632006127816434,0.07507415239921178,0.9962516060168959
robot3,3649,1722896034133973003,-21.559451212765875,0.37423911379950825,96.83578283200067,-0.019621050358977415,0.030627294650984516,0.09488444756420893,0.9948235646664222
robot3,3650,1722896034631213952,-21.622696324821685,-0.0830460988217224,97.69493045609964,-0.023583784534171336,0.029548961401539044,0.08768889718560517,0.9954302192004765
robot3,3651,1722896035132164172,-21.78017322065035,-0.26856893282722794,98.51358294251594,-0.02519311379874214,0.03202647801467203,0.11439111454653719,0.9925997605459616
robot3,3652,1722896035633019538,-21.911256772102455,-0.44104917268126165,99.32827146708526,-0.027428430525081874,0.03152336166470072,0.13072468847801325,0.9905377401647115
robot3,3653,1722896036131232609,-21.98498917663387,-0.721365776832112,100.16937198421807,-0.029861663683191274,0.03587768134706153,0.12430864935050455,0.9911450109443541
robot3,3654,1722896036630904854,-22.043162247183382,-1.018845650896606,100.96842769893513,-0.027031840544163726,0.0436560941865426,0.11641394021130304,0.9918725823217666
robot3,3655,1722896037134243082,-22.09638011811725,-1.2108839521955077,101.817944837917,-0.028882460433507052,0.03662279973161193,0.10893518404585201,0.9929540269801121
robot3,3656,1722896037631499697,-22.161952369874022,-1.4510649905071646,102.68538582850654,-0.020334311081085837,0.04165116914283576,0.11665381447334053,0.9920905117330333
robot3,3657,1722896038134776920,-22.227563701222888,-1.5407216899780671,103.4952428011923,-0.02307903524879984,0.04045555938296675,0.1340206764722694,0.9898834093593605
robot3,3658,1722896038632334983,-22.29495268146402,-1.6270765113345622,104.31350903799743,-0.02318327595088164,0.04198043181487015,0.13991388162021343,0.9890016606612889
robot3,3659,1722896039137828604,-22.367458383937688,-1.8029989981249523,105.03109978210789,-0.023813014367229542,0.03711171187711557,0.1354638053221879,0.9898005953907729
robot3,3660,1722896039630978424,-22.430310618512106,-1.9794986578739917,105.65063427557419,-0.022779431000421506,0.03489077281614457,0.13293927699264513,0.9902478882220663
robot3,3661,1722896040132308404,-22.502616817015948,-2.208548644430604,106.37304451908359,-0.02581413180691045,0.029998400505237634,0.13623025643299294,0.9898863792367201
robot3,3662,1722896040634727836,-22.60289899273677,-2.3266114410493945,107.32718619129064,-0.021867601018039584,0.037811013781057654,0.2267897529852478,0.9729637933671811
robot3,3663,1722896041134947601,-22.7531717173467,-2.3869483967030845,108.50650315591729,-0.01599596012650323,0.040471844176877936,0.27202551648740414,0.9613055068334493
robot3,3664,1722896041631618076,-22.897764497531682,-2.358748865870373,109.59502237000089,-0.018482409018319594,0.03726785058324634,0.27040527409803,0.9618474388434756
robot3,3665,1722896042132633583,-23.008792320809295,-2.2655398135607236,110.69254230315521,-0.026315320320077253,0.05109365142930422,0.2611179137652607,0.9635945090186796
robot3,3666,1722896042633791383,-23.14829925423738,-2.1776193375909134,111.77167637897531,-0.03779187333505676,0.03093024120308,0.24858612154844567,0.9673779171877182
robot3,3667,1722896043137590851,-23.244029846423118,-2.176632210656037,112.90275108246907,-0.034201182088088124,0.04270538806474967,0.23015980494694677,0.9716136028076181
robot3,3668,1722896043635546390,-23.3715766236892,-2.2382300571436144,113.96407664118212,-0.028925919869151998,0.0472382046850179,0.21118910090238482,0.9758744831369975
robot3,3669,1722896044136730918,-23.49655695620887,-2.2239348656649387,115.06778507732535,-0.02557491367064053,0.024308742078542153,0.19372076741672653,0.9804219872691415
robot3,3670,1722896044632827668,-23.610328235203525,-2.205240279471918,116.1487559346538,-0.030822354926987188,0.03754046466660357,0.1730114488726396,0.9837213703627468
robot3,3671,1722896045134745492,-23.663212292662575,-2.3063031283761175,117.11221521681617,-0.033260987430879456,0.0403547414727603,0.1547510216484062,0.9865684582706686
robot3,3672,1722896045635087861,-23.766669020689147,-2.471337994532999,118.11261667547808,-0.047184175592374526,0.040494045426316544,0.13886958194716004,0.9883567802511907
robot3,3673,1722896046131974984,-23.859307160368935,-2.7832158084141,119.07583731634611,-0.057293608580053876,0.03751560716097574,0.12476022210458437,0.9898206446703532
robot3,3674,1722896046632907560,-23.906702170434574,-3.0695325510011195,120.1358903215139,-0.048586755056149476,0.04117527653840715,0.11176336292217999,0.9916919252184241
robot3,3675,1722896047133711713,-23.97898781189269,-3.224777812710152,121.18846963656323,-0.02822214362767165,0.03689376098698645,0.12891154393538234,0.9905676023621458
robot3,3676,1722896047634291386,-24.077066152459828,-3.2578587965708556,122.05895717073562,-0.031030774082853346,0.03572312097007663,0.129728020166217,0.9904199061366495
robot3,3677,1722896048131317731,-24.14556843217061,-3.3145469148629347,122.75100642288963,-0.029033782183579365,0.03923265773157072,0.1284250393510013,0.9905174644230801
robot3,3678,1722896048631055619,-24.20313529827671,-3.5603442191005232,123.48906749809676,-0.026321914342591884,0.043455876192530565,0.13377375171917116,0.9897087081564243
robot3,3679,1722896049132509238,-24.262951936922235,-3.697387056115128,124.27208996276165,-0.026866315491949396,0.04645785987178574,0.13940177428607783,0.988780569021213
robot3,3680,1722896049631331784,-24.288610548851235,-4.017134595866144,125.13910719082824,-0.026876226700369727,0.045240879923086,0.13661234907424494,0.9892259586679637
robot3,3681,1722896050135380051,-24.360345100081027,-4.352312344367187,126.18413619539291,-0.027202051446840545,0.04397316415034905,0.1317315960516584,0.9899359554200325
robot3,3682,1722896050631694998,-24.4665188369821,-4.4891098866485795,127.1565664618643,-0.02588205660203444,0.04525725691483358,0.127754226857666,0.990434630534794
robot3,3683,1722896051133941640,-24.5507718339942,-4.650759435326466,128.2493452272706,-0.02675707900201596,0.04076930733150381,0.1221348779484151,0.9913147804262352
robot3,3684,1722896051633115110,-24.629704942540563,-4.876282534266908,129.34360994807074,-0.026060472356564453,0.04484324859083535,0.11631989679483756,0.9918566511578231
robot3,3685,1722896052135078441,-24.720088704156282,-4.875022276155363,130.27233477687474,-0.0251862702712007,0.04535766048014263,0.1121496582153534,0.9923360260454992
robot3,3686,1722896052632117161,-24.831517985152082,-4.70963934493034,131.0577783561965,-0.021022842936311043,0.04794142872215314,0.18877254874867394,0.9806245888850043
robot3,3687,1722896053136960328,-24.944414820149113,-4.508060681713682,131.90672130332212,-0.014315386328288809,0.05353084731770341,0.30661874247751425,0.9502181143617651
robot3,3688,1722896053633475409,-25.01019451855988,-4.57014285643284,132.6781142578835,-0.019327355272505516,0.04463751367381602,0.24767466383467532,0.9676214169837142
robot3,3689,1722896054133049984,-25.066403052421883,-4.769355568847866,133.53813470918914,-0.024127294210786486,0.04410637396616014,0.2253614421191623,0.9729772463195606
robot3,3690,1722896054635546677,-25.157741565808134,-4.77873772454187,134.33209732587446,-0.022040582917055716,0.04651414956761858,0.2074737106724809,0.9768855132381016
robot3,3691,1722896055134318477,-25.259229086859573,-4.713241601169894,135.145900091276,-0.024431113017589535,0.04668588391095903,0.18169887016083502,0.9819414796933931
robot3,3692,1722896055636215236,-25.311642748267715,-4.734395256354842,135.88758495811427,-0.026957561410038296,0.04790478796836768,0.16319388371555213,0.985061509495912
robot3,3693,1722896056134368074,-25.35070615306152,-4.722489298789037,136.54639298824762,-0.026223897651422468,0.05001213719201321,0.14714139975338136,0.9875021528098411
robot3,3694,1722896056636118443,-25.387530232543977,-4.749070038032106,137.12463975543278,-0.02508574671780185,0.04730026451279602,0.1373765779723818,0.9890708094536143
robot3,3695,1722896057132304437,-25.430198657882418,-4.876638670832461,137.68842160067376,-0.028278754279584088,0.04849833724645284,0.1285768940151082,0.9901091887595791
robot3,3696,1722896057632212266,-25.457015210907286,-5.072065428756809,138.234023099555,-0.027623804254659778,0.046585032536217715,0.12778990621257047,0.9903214124981254
robot3,3697,1722896058134742182,-25.448098145994198,-5.261234714613862,138.84494576447176,-0.027235076962826323,0.04668033225890456,0.1273287482984851,0.9903870894856052
robot3,3698,1722896058634531287,-25.511678743352387,-5.342337003066037,139.38435606738707,-0.02595216400008025,0.04462350766867358,0.13394869321131472,0.9896428524139594
robot3,3699,1722896059130788752,-25.56202759264779,-5.44502549103454,139.9222247578723,-0.023866915528000625,0.052030134143484265,0.13987721156864394,0.988512822965879
robot3,3700,1722896059633105481,-25.587850150063712,-5.538091269217072,140.45924215411682,-0.024188784492521202,0.05345222312661337,0.15809129364777283,0.985679920369879
robot3,3701,1722896060134931247,-25.615749464935625,-5.667812712936976,141.02352210379354,-0.0250744918400675,0.05086907573074024,0.15677530592144057,0.9860046198910537
robot3,3702,1722896060635706069,-25.66553736249948,-5.790170862916985,141.6432670932539,-0.029840942083246447,0.0468361064331219,0.15148387131121283,0.9868984416049797
robot3,3703,1722896061141841833,-25.720680883226017,-5.912063573681002,142.29509169091477,-0.027746679695223375,0.048738965145309225,0.1474574087459575,0.987477061834037
robot3,3704,1722896061635034564,-25.759541790025164,-6.046758931873313,142.98380842570376,-0.028636450077967012,0.05510520410351313,0.1420193715499585,0.987913897215844
robot3,3705,1722896062134272840,-25.788621412841525,-6.073555745367965,143.63291824172725,-0.028908341997189113,0.04310512022978728,0.13782831079159752,0.9890953508723433
robot3,3706,1722896062632247366,-25.864468425566276,-6.156148587728239,144.37607954901387,-0.03163744109359199,0.040007100882266104,0.13161127289485283,0.989988372177695
robot3,3707,1722896063138130456,-25.920057138951922,-6.3766460775679565,145.13791421303003,-0.034697000352891805,0.04010858099096428,0.12338866966618646,0.9909402888647789
robot3,3708,1722896063634721760,-25.97023745858523,-6.381531032840054,145.746985167075,-0.03474815373607668,0.0396815607170727,0.11875328762254063,0.9915218586747493
robot3,3709,1722896064135100781,-26.08366047326326,-6.392705679457357,146.38290108199442,-0.03476087391296709,0.03122413394023105,0.11313347981543398,0.9924805040147339
robot3,3710,1722896064631793830,-26.131749432344325,-6.644950892525343,147.04596235495515,-0.035086611848437685,0.04028404997332826,0.10617844453931528,0.9929110045225378
robot3,3711,1722896065140464773,-26.181644301975076,-6.766783672629835,147.72339025377104,-0.033532133083115104,0.03953500374511606,0.12248903213864985,0.9911150369838542
robot3,3712,1722896065638022446,-26.24409798747602,-6.7207582022287795,148.3963368363509,-0.03704533797019315,0.04367985976092339,0.14434275577011996,0.9878688585245653
robot3,3713,1722896066135778265,-26.32059226848523,-6.812509117822235,149.01708412138387,-0.039395768300171205,0.046274056623072955,0.14160225319816844,0.9880564189422006
robot3,3714,1722896066635118865,-26.381262320311066,-6.985955932320907,149.62987661722275,-0.03244116125921259,0.04047688394050224,0.1374912229668834,0.9891437491738455
robot3,3715,1722896067137159455,-26.43564775971638,-7.114791650498364,150.22274865158235,-0.0310981723333545,0.04200199570649972,0.13195764756464762,0.9898767172145229
robot3,3716,1722896067635035134,-26.470394662504386,-7.211329299770991,150.87269959348123,-0.02705831527258917,0.042648298419665095,0.1260569350597899,0.9907364025510763
robot3,3717,1722896068135958005,-26.53435072744342,-7.372103484869247,151.54583785093467,-0.023552480722761466,0.04032236649625999,0.12146047146199704,0.991497222025445
robot3,3718,1722896068645719740,-26.6012370275326,-7.440157426108979,152.25479942760015,-0.02514100436723236,0.04313856012609583,0.12270756715434224,0.9911860811637322
robot3,3719,1722896069130302918,-26.65543476684286,-7.539130157753825,152.92510519812018,-0.024183538635987465,0.04314733732328088,0.12007116675747966,0.9915323386831365
robot3,3720,1722896069633698317,-26.700610833932668,-7.659491319477255,153.58830810606045,-0.01947099118263098,0.041789979981952184,0.11836328585174928,0.9918994962383291
robot3,3721,1722896070138207610,-26.75780942005538,-7.749515277086122,154.23150066787517,-0.021953745366455207,0.04227458505450168,0.11552020740833743,0.9921622721123744
robot3,3722,1722896070634594822,-26.800202077004972,-7.988492851141173,154.99699445425765,-0.022299021752255517,0.0440042553542084,0.11276809159821982,0.9923959575980292
robot3,3723,1722896071132057774,-26.86117725182388,-8.164876970579678,155.74187203171394,-0.021149262148333525,0.04411381741337462,0.11601553119624178,0.9920418722740761
robot3,3724,1722896071631902750,-26.926688732194965,-8.228557185676133,156.51533781535335,-0.024098968453185484,0.03903142435322463,0.1157807897996555,0.992214995021653
robot3,3725,1722896072136079468,-27.011785755945983,-8.25918743552371,157.2987287353976,-0.023432641267778324,0.04576795777532587,0.15182887846105028,0.9870684864939977
robot3,3726,1722896072633968543,-27.11624935363612,-8.34547325734895,158.11977498451049,-0.02266808828849176,0.045422929172496414,0.1501940529991115,0.9873523493274503
robot3,3727,1722896073137709409,-27.202679409743475,-8.427647156295905,158.94690987839928,-0.025673147593299386,0.04521904558734737,0.14706493230274073,0.9877590966908947
robot3,3728,1722896073635840846,-27.26272558511357,-8.43052400571544,159.65024230408318,-0.025311903065127674,0.04376451448112316,0.1437908670640492,0.9883158206688902
robot3,3729,1722896074137724060,-27.30293207162554,-8.38205231589112,160.2887533210243,-0.02464541457216733,0.044974496883201105,0.14165816927657898,0.9885862942848626
robot3,3730,1722896074634267697,-27.37297043029837,-8.476700977532353,160.95762319741152,-0.02396345398583594,0.04561460370967165,0.13835072892155992,0.9890420297481555
robot3,3731,1722896075135982544,-27.399453943376283,-8.656616480543747,161.61812677519237,-0.02247470204448482,0.04677794395356824,0.13605383880658725,0.9893412276224415
robot3,3732,1722896075637617506,-27.45242257880406,-8.701531049211946,162.23284211631022,-0.0255738843385456,0.04390978526394576,0.13448641438138037,0.9896116973564695
robot3,3733,1722896076143336559,-27.52120299896681,-8.756934387608649,162.83379739050125,-0.027779715330686395,0.04347823251072708,0.1308563090697664,0.9900578554258973
robot3,3734,1722896076633530718,-27.553746266525696,-8.975333688033595,163.561438461379,-0.02247106383714994,0.04561438207181058,0.12668931616119627,0.9906382773792067
robot3,3735,1722896077136666428,-27.6092201441876,-9.150397729086096,164.24291085154456,-0.019885443558270773,0.04312290050947398,0.12206079676505874,0.9913859725047657
robot3,3736,1722896077632883140,-27.689033008386456,-9.226833633667734,164.95360899409798,-0.020310197300311285,0.04181452968374161,0.11683887144041301,0.9920623564642903
robot3,3737,1722896078134991711,-27.754449208694776,-9.268123952735955,165.71004676997072,-0.021556742385398453,0.04145485416918652,0.1130564501209257,0.9924893153125608
robot3,3738,1722896078636029345,-27.819209614652042,-9.379100159638117,166.4586265828674,-0.0219242104330602,0.04233446244094034,0.10852279545116668,0.992950112117516
robot3,3739,1722896079136299399,-27.84956651675803,-9.601491417930154,167.22715950932005,-0.022543309709002427,0.04761479311323325,0.10369947079594569,0.9932124900648345
robot3,3740,1722896079634995181,-27.930936636240908,-9.741016983468427,168.01964339762935,-0.02320222794537441,0.05351325968089896,0.10072955155717286,0.9932026707071353
robot3,3741,1722896080136515008,-28.033090272601065,-9.843244255292626,168.77884703201707,-0.03685096532788273,0.05605267049069846,0.09620144673957536,0.9930988803389506
robot3,3742,1722896080636304771,-28.089341306050635,-9.976417448934852,169.53553529397348,-0.03819292868699883,0.04540703129916664,0.09044062056445899,0.994132785828343
robot3,3743,1722896081131059348,-28.16312267132762,-10.17531171655385,170.2550164445123,-0.030899503664289434,0.03278043712860487,0.08547607343022498,0.9953213071596071
robot3,3744,1722896081635109664,-28.210632958323124,-10.370463031644137,171.01673366182948,-0.02358048972046424,0.03901445253824833,0.08268748599691368,0.9955323262743375
robot3,3745,1722896082134960711,-28.305010895693172,-10.677420205499416,172.03368675176839,-0.016219406425242094,0.030926216080922164,0.12348592812378792,0.9917316802288487
robot3,3746,1722896082636687580,-28.45450661817483,-10.880901277566513,173.3840624739892,-0.01119973640048475,0.03445529339734146,0.22330959613262294,0.9740740336014239
robot3,3747,1722896083132764578,-28.67952107801723,-10.72213979802284,175.0974315060099,-0.007002666262223239,0.03824673229314998,0.34361251794364517,0.9383062334049285
robot3,3748,1722896083631679126,-28.88127083255848,-10.501672255965376,176.79150441659112,-0.017695253671301692,0.042367537641477965,0.28155167814239473,0.958446932431268
robot3,3749,1722896084130234071,-29.048629212416337,-9.940097650323025,177.63546518911267,-0.013185879459475833,0.043090914716065715,0.2638654540243312,0.9635062676622018
robot3,3750,1722896084632743047,-29.196076407709125,-9.238459446813009,178.11445633273183,-0.009067092176602232,0.03586649109675941,0.26210737713917215,0.9643293553061064
robot3,3751,1722896085135165678,-29.33760425106092,-8.768306429396432,178.61084862450136,-0.002052484719375009,0.04015925902967495,0.40965699530000377,0.9113529324155581
robot3,3752,1722896085635160186,-29.363711422363064,-8.487644366383742,178.62259867969334,-0.0022657004144553596,0.03817034494972843,0.40181246129431664,0.9149232958650982
robot3,3753,1722896086131338120,-29.31483034028846,-8.315305119465071,178.45809938349487,-0.0032416931277380796,0.03893226859663332,0.3699301538909965,0.9282378203508888
robot3,3754,1722896086630291023,-29.318047286994226,-8.195383573174784,178.0925821342895,-0.0008545055666460184,0.041947731266585554,0.3954884586944827,0.9175121452609144
robot3,3755,1722896087139094285,-29.31143525548983,-8.217875977547699,177.57296728802683,0.0025893380061749313,0.04646888336062783,0.5057238180317571,0.8614391203580717
robot3,3756,1722896087632435357,-29.307815284362874,-8.568263959264211,177.5437271830682,0.0012681208808098831,0.04787104347803146,0.5036159144214983,0.8625994237229435
robot3,3757,1722896088131818397,-29.28791652289752,-8.975496062633551,177.72834530558453,0.008469297960243233,0.04719316114729409,0.5669326762945146,0.8223675681120487
robot3,3758,1722896088634138569,-29.29997141151899,-8.850958717492727,178.2001544718142,0.011107780927821387,0.04614723237820549,0.6657004546084475,0.7447079661725108
robot3,3759,1722896089131476838,-29.426051124446733,-8.119102720168655,178.57439383472038,0.01049859839807066,0.03091563371337341,0.749771165029388,0.6608912188206549
robot3,3760,1722896089636074253,-29.57680342089602,-7.013451133433293,178.93376036020229,0.017143657312526556,0.051565468423644754,0.8028888775820634,0.5936468207067358
robot3,3761,1722896090135201856,-29.65247836083019,-5.788976682979113,179.22164908329447,0.020227908740876058,0.050908705931835226,0.801601702246226,0.5953434692043491
robot3,3762,1722896090632713136,-29.743863000333967,-4.496232149254609,179.32373001493463,0.023027720544508846,0.052920382208777254,0.80174945355037,0.5948671876688814
robot3,3763,1722896091135717950,-29.933349975520045,-3.29963202522027,179.06337073691265,0.026749811906757712,0.04880377342900921,0.7945733637601275,0.6046121143881911
robot3,3764,1722896091631980699,-29.989489475750535,-2.4199075647285393,178.65054380949422,0.026689494835254114,0.04566146141325995,0.7885079790699817,0.6127461699186847
robot3,3765,1722896092133029986,-30.061345075478123,-1.5741317489033557,178.71210588853495,0.026980150383024416,0.043315444874382845,0.7803615914306649,0.6232428341669433
robot3,3766,1722896092635238406,-30.220349907380665,-0.6125387855084538,179.13426171933332,0.028941488877869598,0.04026260098587656,0.771440795822735,0.6343661495727603
robot3,3767,1722896093134005669,-30.286555279779037,0.3053221145656755,179.46604901548628,0.022948157624814055,0.044303252888279056,0.7642964382479317,0.6429320013241443
robot3,3768,1722896093633321280,-30.441998766378678,1.3361622876167218,179.54877517204307,0.026124414427178926,0.042258663241171286,0.7908276852072531,0.6100190920468341
robot3,3769,1722896094138789385,-30.568824741803343,2.3661820051868676,179.73824397078135,0.027306830878985992,0.04411105788750723,0.7924132761489142,0.6077744247188557
robot3,3770,1722896094637044532,-30.64904933648528,3.3863399509129795,180.042173381146,0.02717501595927974,0.044509693375538846,0.8024540381664051,0.5944307548686038
robot3,3771,1722896095144542423,-30.813003146868997,4.4114860305268095,180.25361153373157,0.024945482176358093,0.04638653021138801,0.7992488339623643,0.5986879939866323
robot3,3772,1722896095632600497,-30.93164341127203,5.4209247429026615,180.4246604063815,0.030213087172656704,0.04350336936442844,0.79555990066709,0.603555358412142
robot3,3773,1722896096139758363,-31.10540156780786,6.460672525804099,180.6764525042682,0.02898761822141722,0.04554799515330282,0.8040546101097457,0.5920990475322764
robot3,3774,1722896096633738985,-31.276986712467124,7.4530812531352435,180.81960343447406,0.02744992087954934,0.046700385045133005,0.8026036563401425,0.594047933006906
robot3,3775,1722896097136712873,-31.416160623997783,8.245424518512998,180.9360339149348,0.02573731183767275,0.04634725660857417,0.7999253989212463,0.5977531921662271
robot3,3776,1722896097632392937,-31.45935284224737,9.124223351061124,181.23602936652003,0.02423843586883335,0.04723080742583529,0.7973328771072529,0.6012004924652061
robot3,3777,1722896098131748455,-31.523270144364776,10.262465635111804,181.62534492239956,0.026818993818940234,0.046608523156394896,0.7944414837531314,0.6049554661558506
robot3,3778,1722896098631318960,-31.706138919747083,11.292089911460122,181.80738920386983,0.027769081085006732,0.046888582226148445,0.7904871252934706,0.6100495420355472
robot3,3779,1722896099134149954,-31.816185521924588,12.587381016426573,181.98830326068892,0.02305179883687835,0.04850222341134356,0.7854358402237361,0.6166090250609164
robot3,3780,1722896099636723960,-31.92664206428723,13.74198115411442,182.16371224402562,0.027305209974158307,0.04695087461992976,0.777613372312133,0.6263924361628601
robot3,3781,1722896100136646275,-32.079207858876465,15.202069960556985,182.258050469636,0.029362185166546404,0.04776607575140321,0.8259781997093235,0.5609066568463077
robot3,3782,1722896100634928621,-32.21592226593732,16.62181201870156,182.27970484300167,0.02766159889594073,0.04493599841948713,0.8306014706534451,0.5543616048581449
robot3,3783,1722896101137045762,-32.36752952230709,17.826028231040716,182.35971275326568,0.03193956037291028,0.043920487956838776,0.8268600339481316,0.5597797240702034
robot3,3784,1722896101635768335,-32.52160189915606,18.94930282067584,182.31701894407135,0.02982882350951032,0.042893381030885296,0.8229565981670964,0.5656967709692341
robot3,3785,1722896102134297964,-32.59736569761323,20.02080052524979,182.4345195186459,0.028124963115357584,0.04563100032274791,0.8047101200921001,0.5912431148695629
robot3,3786,1722896102633364917,-32.722222408539515,21.19409516872282,182.59466539200332,0.024834345429139974,0.04677820892772917,0.7883482560354671,0.6129454149126639
robot3,3787,1722896103132342351,-32.82564102571409,22.466334113717945,182.73916965209486,0.023712091233855072,0.0528755743190449,0.7769017984253159,0.6269493647602317
robot3,3788,1722896103635188683,-32.975470065215006,23.612133386748596,182.83348964706107,0.02129535629886546,0.05415829425586481,0.7650986130574258,0.6412780202540883
robot3,3789,1722896104135931292,-33.0459240894509,24.667412348908655,182.8691162677222,0.020933778737343773,0.05255325139022218,0.7704935765117135,0.6349327375638151
robot3,3790,1722896104637187463,-33.14769982525231,25.689422667083978,183.04126832519947,0.019750469438390234,0.05100743449119064,0.7893485465255158,0.6115039106020875
robot3,3791,1722896105131681954,-33.21534135016778,26.702018228221892,183.3388420936625,0.018433785665557968,0.05140003086329567,0.7971606133462553,0.6012929310267257
robot3,3792,1722896105633678724,-33.366449536001824,27.784841354177352,183.57400179814894,0.022498633450467386,0.05163066644196056,0.8102714457667428,0.5833423265550793
robot3,3793,1722896106137085511,-33.54440842125912,28.917343781009674,183.71395657879285,0.02391678878152901,0.050947567281635256,0.8267838669977875,0.5596970340055841
robot3,3794,1722896106644606596,-33.67868698836486,29.91902050446699,183.654590500741,0.025255289423863833,0.04755858288560831,0.8156637640309153,0.5760147355727533
robot3,3795,1722896107141618887,-33.76901215013972,30.808457816218326,183.68269392808486,0.024006738081960157,0.049261346692041165,0.8069718629553315,0.5880420126548377
robot3,3796,1722896107630935931,-33.832987874505406,31.740294448384255,183.95115420251645,0.021201936776620613,0.055063433871901914,0.8003348611835132,0.5966427793089611
robot3,3797,1722896108134166090,-33.82631932336348,32.64152488838963,184.1889666161501,0.023168362012766043,0.05679917673471747,0.7960821676517349,0.6020716426396603
robot3,3798,1722896108633337350,-33.88616482003612,33.485451249368225,184.23489357871586,0.02203663402772408,0.058793486984514615,0.7964614638314799,0.6014206924278098
robot3,3799,1722896109133501645,-33.980920706954066,34.39965901529537,184.37298802455553,0.0228351630759085,0.0545935038039369,0.7915361681369347,0.6082504411842251
robot3,3800,1722896109631990750,-34.10318683207107,35.383316044883465,184.6292984700894,0.023588337119870646,0.05674381428040747,0.7822433677614903,0.619934709050874
robot3,3801,1722896110133417998,-34.16621257211941,36.27780134111124,184.7514801469275,0.02260533211781313,0.05913909774013838,0.7704066124613463,0.6344014640227107
robot3,3802,1722896110632138797,-34.28768261839034,37.27088544995471,184.9662316482005,0.02171646817319256,0.056176002855332585,0.7580936735561936,0.6493586326733138
robot3,3803,1722896111130749016,-34.43588791178082,38.312077451776645,185.33019094731213,0.018196384554429595,0.05628622335840667,0.7398305778252313,0.670187636982345
robot3,3804,1722896111633880196,-34.59585048402984,39.44432356944198,185.50744194419536,0.018471588585059397,0.057646849897558444,0.7531135120894932,0.65509974738223
robot3,3805,1722896112132689782,-34.68844236493533,40.523652666782134,185.1623844856647,0.019365897876130144,0.056004327932013175,0.7795408590227116,0.6235419202960356
robot3,3806,1722896112637080112,-34.79113647898042,41.455504297690666,184.91789738554868,0.024938468037072736,0.051892502710155296,0.7813086962534639,0.6214836780907065
robot3,3807,1722896113135254356,-34.8652819898084,42.231761897227805,185.02737445843238,0.02146924446756379,0.0567820919824341,0.7873772782324486,0.6134752540203652
robot3,3808,1722896113634910891,-34.967110507123124,42.86966374217775,185.25182148884193,0.021808654298387423,0.05556847714046516,0.7955099687342619,0.6029928827029359
robot3,3809,1722896114134919649,-35.10762870988999,43.584670228608914,185.29096889283142,0.0205601606039303,0.05456095585410631,0.796573745631165,0.6017230672521731
robot3,3810,1722896114632279680,-35.28029167128762,44.16623706452281,185.48371421549777,0.020087620631367688,0.05605814287344542,0.8036418850869737,0.5921264161045394
robot3,3811,1722896115136836136,-35.373842624768756,44.82539972434646,185.61077058826646,0.022388262046234654,0.055912437051400525,0.8234553233488419,0.5641754120430778
robot3,3812,1722896115635692890,-35.47222818738621,45.664743688603636,185.7912229766009,0.021594658738118267,0.057071113275704834,0.8238831702841198,0.56346524335228
robot3,3813,1722896116137703273,-35.58147398959926,46.55158664270314,185.98301788650335,0.018886043395738492,0.05822364433579661,0.8291139996408184,0.5557187240004766
robot3,3814,1722896116630781330,-35.65839691357211,47.31767614328219,186.01879611864945,0.023569029462250517,0.05509794219869493,0.8394326113339026,0.5401496169070401
robot3,3815,1722896117132820936,-35.71012101397074,47.943868373698365,186.08422511067133,0.024471218740857722,0.05200841888420277,0.8351873769189165,0.5469536810862526
robot3,3816,1722896117634253510,-35.78120527270126,48.68502960664055,186.23857531073395,0.018297346768687574,0.05625711506722414,0.8343097306261517,0.5481127780740546
robot3,3817,1722896118132062256,-35.86057243510398,49.42978064677453,186.25310032956162,0.02073409361092319,0.05328000476137196,0.8327566221820983,0.5506793501363779
robot3,3818,1722896118633153039,-35.871667732327694,50.064335446516644,186.2761126360303,0.022886755113595142,0.05530353940180667,0.834027842725662,0.5484662911504967
robot3,3819,1722896119130837298,-35.91919740482218,50.64642179194399,186.2548304636778,0.02402768713036933,0.05559708451450962,0.8299740449654666,0.5545040298575955
robot3,3820,1722896119631744934,-35.98977017649425,51.32265819739576,186.42291415485874,0.02495326135487329,0.05517403678356396,0.8272641045434119,0.5585402955443305
robot3,3821,1722896120130623767,-36.0697463901785,52.12615423470987,186.66919715565732,0.02310622198181957,0.056421929324194466,0.8158791267075639,0.5749990599992014
robot3,3822,1722896120638037866,-36.053764232022154,52.853702195869175,186.66123887513857,0.021088477136421688,0.05487881639727368,0.8172323240234183,0.573301770635835
robot3,3823,1722896121131613291,-36.162823354973845,53.41779782143782,186.55703306846362,0.017933295870035355,0.057635696512237114,0.8105387734836301,0.5825662366344618
robot3,3824,1722896121633159936,-36.27562747085605,54.040791688284074,186.62517483134027,0.018000110266919254,0.06006062389122455,0.8212785498722296,0.5670716542095393
robot3,3825,1722896122133827603,-36.28667611130496,54.660350941789375,186.70586098397058,0.017935006226039062,0.0597953530519001,0.8211581929881128,0.5672760116500326
robot3,3826,1722896122632754485,-36.32012652961542,55.16541945463269,186.76656392015923,0.019124451245873617,0.05988668479917582,0.8142304017859568,0.5771279694797227
robot3,3827,1722896123133006807,-36.37538858778394,55.66369389712223,186.84921189442093,0.019242442554609086,0.05903939569797481,0.8071787508071295,0.5870319773279751
robot3,3828,1722896123636214552,-36.425773946363485,56.13875025509994,186.98265804417204,0.01977684107683764,0.05743717470064876,0.798279728295431,0.5992155896770389
robot3,3829,1722896124134058598,-36.48434692994601,56.67290600245507,187.01678529111285,0.017886757037048655,0.05713450292046433,0.7955052401690086,0.6029818615533781
robot3,3830,1722896124631862616,-36.52470875229963,57.2061167804138,187.17755580730545,0.017531413483248253,0.05693005110339725,0.7844564519339488,0.6173165264609756
robot3,3831,1722896125132655894,-36.62237399608882,57.892644916405025,187.45752694141572,0.016016706666846372,0.0581855569795298,0.7716769893662692,0.6331449519258138
robot3,3832,1722896125630918212,-36.67849389132805,58.713684132716395,187.63995472919044,0.014058537915010752,0.05942039412152405,0.7866155543361496,0.6144164255214591
robot3,3833,1722896126131856653,-36.72544322051244,59.4479925238491,187.49218217302354,0.01834934939653429,0.05493976415677434,0.8207730233015853,0.5683102743321622
robot3,3834,1722896126636011603,-36.82162865871885,59.97934406793423,187.53835245565256,0.016495646013792914,0.05540342670105966,0.8213042779438298,0.5675540828886111
robot3,3835,1722896127130544945,-36.85288252689235,60.435690289841816,187.56253327303253,0.013530836201116772,0.057733458856716616,0.8181273747208855,0.571971470383314
robot3,3836,1722896127630742450,-36.88818054286463,60.95282329341409,187.6449467788106,0.01354199658089689,0.05622411288214074,0.8151659535717098,0.5763331775949951
robot3,3837,1722896128131828559,-36.967251429347925,61.48550986817785,187.81618620290809,0.012555503401674847,0.058738096146681705,0.8168133138338906,0.5737666823187731
robot3,3838,1722896128631241899,-37.02604888473263,61.753491955367885,187.84323587891623,0.015914405153543917,0.05621420013346234,0.80057459893148,0.5963782415193095
robot3,3839,1722896129134375269,-37.10257849692543,62.20954704510181,188.07561030237065,0.014181008310638841,0.05614638685954877,0.741096667918377,0.6688962632921418
robot3,3840,1722896129633131099,-37.20703517860545,62.6666841765326,188.65564732632888,0.010507651785241035,0.05775420550613926,0.7058961244738277,0.7058786740319792
robot3,3841,1722896130129674455,-37.34446748855089,63.41407371291045,189.00844408644696,0.012782134163777348,0.058002083877689695,0.7738814748231438,0.6305393233079285
robot3,3842,1722896130634311277,-37.422334847163626,64.05574453065663,188.8753354855772,0.01667521110579472,0.057522610054368095,0.8407822500188432,0.5380504574111631
robot3,3843,1722896131131591668,-37.421278714259856,64.5137691171987,188.79858091656538,0.018167124901981104,0.05418713735327238,0.8392034473802241,0.54080614236841
robot3,3844,1722896131630226613,-37.476057823192015,65.04248011831852,188.98277209806616,0.017422599918860773,0.05400366673573835,0.8500230993610204,0.5236800431025105
robot3,3845,1722896132131946034,-37.517524453575184,65.53525748553683,189.1066833999863,0.01961785704578257,0.051563844152229435,0.850769226036192,0.5226356605618818
robot3,3846,1722896132636428335,-37.551859937962455,65.99990122463055,189.2267725638157,0.02121716817287971,0.0503606615544585,0.8527867400939259,0.5193923482902842
robot3,3847,1722896133130387595,-37.47770906988168,66.46836857243458,189.31810440979632,0.013755126945789387,0.051744907011392414,0.8607946850509735,0.5061282162348618
robot3,3848,1722896133634227457,-37.467428732099116,67.09967704719064,189.46388158121385,0.011355223611338578,0.05472748038338817,0.8663263976492056,0.4963411473208451
robot3,3849,1722896134134184782,-37.49966327966803,67.63731891896757,189.54866264616808,0.01635499346653218,0.058884877489603554,0.8651486902681446,0.49777789135221556
robot3,3850,1722896134634877151,-37.542928362392566,68.2357018676476,189.61345995885813,0.020392195231742433,0.06019399445098964,0.8561832856811145,0.5127484985116543
robot3,3851,1722896135130225000,-37.63209632316581,68.97639909488252,189.92168565633943,0.014273960359394912,0.06309691132674503,0.837674744387739,0.5423246780772745
robot3,3852,1722896135630260068,-37.68598545442896,69.69922130311836,190.0917062484462,0.013347452068167133,0.0628780908788357,0.8316037355001977,0.5516370349358698
robot3,3853,1722896136136788768,-37.7722496244354,70.40655432019742,190.38532622567624,0.03041891679944022,0.05084266847952638,0.7879023309309318,0.6129434145793835
robot3,3854,1722896136637460127,-37.86018162396618,70.88200183275369,190.89926661220426,0.030552803674197646,0.04656476410957042,0.6759301824696559,0.7348582430357598
robot3,3855,1722896137129880276,-37.96236897831895,71.2099192981668,191.53366464597087,0.015630778245604098,0.0450090931317071,0.5771476726870927,0.8152486885722482
robot3,3856,1722896137632519113,-38.09691122715557,71.55570874912873,192.31089030422217,0.020313679795382636,0.04804407876965698,0.5082323042907484,0.8596389042985791
robot3,3857,1722896138132427814,-38.261619194691946,71.82043434304249,193.19773015458182,0.005758546811123836,0.045404295056740165,0.45733828035649804,0.888114286817629
robot3,3858,1722896138637803386,-38.362892588114335,71.89955271168763,193.928702788366,-0.0069006081124767,0.043929378426333765,0.3614103580625467,0.9313458779657834
robot3,3859,1722896139130919023,-38.39627213590271,71.77496980692996,194.68363403168152,-0.012310065472254045,0.039131234125900166,0.2796830480784101,0.9592156177947806
robot3,3860,1722896139632680978,-38.47505459311276,71.52741136892719,195.62939448085794,-0.008880884080135303,0.040267885178356486,0.27423672949413164,0.9607777284666731
robot3,3861,1722896140134332112,-38.54427513455178,71.28799777704327,196.49627313294735,-0.003777554663057108,0.045310801687927935,0.2583160700466219,0.9649898804064391
robot3,3862,1722896140631983922,-38.65358219207722,71.03567635499067,197.34205056188702,0.00261107823045861,0.04377176559835931,0.23941999292298333,0.9699254001188109
robot3,3863,1722896141131875425,-38.724817956742896,70.75284130569048,198.12675146654036,0.006616769578747911,0.044503685130506766,0.22605030646067273,0.9730759987376024
robot3,3864,1722896141636753029,-38.76373647661315,70.33970616607229,199.13088220943905,0.0071936030940349645,0.052529230767646255,0.2177864713127803,0.9745552754475306
robot3,3865,1722896142131708030,-38.86807161946963,70.10920447988006,200.13817931885544,0.005804558707673141,0.04546232698495758,0.2532233487717196,0.9663215922042506
robot3,3866,1722896142632236233,-38.93661379261291,69.90907202599048,201.13529250024757,-0.006403615434555171,0.05009214342821268,0.24490625370200997,0.968230704829061
robot3,3867,1722896143130618400,-39.02680320954379,69.74916734015345,202.21374535092176,-0.012475635505910517,0.05675136412674539,0.2732439764886753,0.9601881953560633
robot3,3868,1722896143633465426,-39.162718029192256,69.94715034494537,203.07992999266216,-0.005771200832846407,0.056488397873771475,0.35609808901525314,0.9327217726344155
robot3,3869,1722896144132458358,-39.264378740664355,70.03256025380578,203.91672538546936,-0.003954563606486091,0.05472481631886415,0.35373572333051173,0.9337347556696111
robot3,3870,1722896144635133992,-39.33586101353233,70.03359825325994,204.891358532089,-0.0033804728504062734,0.06298527494889264,0.3593180102587375,0.9310810894044739
robot3,3871,1722896145133661810,-39.36443107059174,69.92143234610027,205.8597145506248,-0.004222137141024567,0.05573532020076849,0.32738120612463767,0.9432376654462319
robot3,3872,1722896145634325467,-39.432572361680386,69.820826471768,206.8930840382439,-0.008291794291789905,0.051879063242022676,0.29039474730404813,0.9554636045830164
robot3,3873,1722896146133025137,-39.52412928122542,69.83354754465401,207.81667855788396,-0.01047465842283297,0.05623619933805704,0.25714839330397726,0.9646773943843187
robot3,3874,1722896146634498162,-39.59461468651195,69.92391434999662,208.59492569440474,-0.011275058195745175,0.05725438498107767,0.22514915150445136,0.9725752762845387
robot3,3875,1722896147131685676,-39.689036870416146,69.80601635798416,209.4542357662542,-0.010892337904009113,0.054915877350231374,0.22372460330843297,0.9730431158300866
robot3,3876,1722896147634177513,-39.731154827222504,69.50009281845509,210.63149469505964,-0.010909499684495783,0.05868568855976496,0.23659888983729008,0.9697721062717066
robot3,3877,1722896148133100677,-39.82475980147336,69.33364419093357,211.66949602941276,-0.014836888077889005,0.055977592746578285,0.1861007422717438,0.9808225576465748
robot3,3878,1722896148631771691,-39.93224831736086,69.44960961043559,212.43549368530907,-0.01696903324552819,0.05221267266645562,0.14814329835133633,0.9874408599391281
robot3,3879,1722896149133442092,-39.99185755196127,69.32275490740112,213.3008879502142,-0.012258219994233125,0.05021152782981392,0.1415433715875514,0.9885818188067172
robot3,3880,1722896149634320724,-40.03285877862852,69.05920316390484,214.1983078303605,-0.008217017006278499,0.04433361671437475,0.13779217355442738,0.9894343474772281
robot3,3881,1722896150138094721,-40.093094795406,68.9328341983259,215.07579242549136,-0.010985649593574008,0.04855705570600398,0.12943272656143304,0.9903376682420217
robot3,3882,1722896150633845421,-40.12612375914262,68.81659199808007,215.9406714593655,-0.013996715977452119,0.044789781550171465,0.11836513487765161,0.9918607070833736
robot3,3883,1722896151133345080,-40.19163047524675,68.64163980992217,216.75073444188436,-0.011774293523381574,0.04633422712163877,0.1103113960437912,0.9927466450771493
robot3,3884,1722896151633476406,-40.28487730241649,68.43646423013895,217.5318993075058,-0.007297900766105781,0.0433311143348511,0.10282184443537291,0.9937287474365507
robot3,3885,1722896152134426032,-40.332938776053574,68.16938176975226,218.33703627884424,-0.00602838975580656,0.04598768369532217,0.09520959017907256,0.9943761488507376
robot3,3886,1722896152632348306,-40.41224084351862,67.95921050228266,219.16225977055166,-0.009430583428309129,0.04037300155049054,0.08865521757632483,0.9951991445125443
robot3,3887,1722896153132035812,-40.49172333615908,67.67341243433336,220.05950529731743,-0.019547374012469705,0.04423749683338837,0.08028565764969882,0.9955978893202254
robot3,3888,1722896153630666766,-40.58791192488932,67.63902864832846,220.86641879627993,-0.018718495448066766,0.0449811267753699,0.0849844536832382,0.9951904133352273
robot3,3889,1722896154133759351,-40.68566338626218,67.50416476432893,221.72697192053627,-0.01364514215339457,0.0359926416321132,0.07943116959848483,0.9960968974653885
robot3,3890,1722896154631485535,-40.723723485699,67.22764356251459,222.51223950172587,-0.014339395945676802,0.03778038936195968,0.07936389117641013,0.9960263032073554
robot3,3891,1722896155136231563,-40.76203794275971,67.00363622353909,223.34101051910153,-0.013654053861558001,0.044335491151048095,0.09254141304631973,0.9946275774926671
robot3,3892,1722896155633733851,-40.80690457506483,66.81471940759369,224.15288419156101,-0.014632734676463024,0.044305026789418625,0.11111922601387748,0.9927111691157474
robot3,3893,1722896156136965973,-40.842251262481085,66.67491795861106,224.94845679361842,-0.012871815088259676,0.04207767900665878,0.10884487548872997,0.9930843762669862
robot3,3894,1722896156635017438,-40.89114958940864,66.79162698727244,225.39954946413533,-0.015459080938660181,0.04266460738530893,0.10044700640097304,0.9939070112431405
robot3,3895,1722896157132359034,-40.97124206881799,66.90065255115525,225.93738496497042,-0.013397071014322026,0.04393220216544966,0.0981223127457092,0.99411392296988
robot3,3896,1722896157631077289,-40.9597979570932,66.53120892407605,226.54030540539927,-0.012650327322768651,0.03680984827694174,0.09343559422739736,0.9948642088344662
robot3,3897,1722896158130997846,-40.95015139948024,66.02700070265811,227.1640667722141,-0.013213832002955407,0.041160207688249247,0.07989172115184576,0.9958657263096534
robot3,3898,1722896158635746337,-40.98011933031444,65.7907190803489,227.67669885800268,-0.01670941311219394,0.035520577618754885,-0.006141021440568252,0.9992103742129295
robot3,3899,1722896159132726951,-41.03941974582649,65.65807559731968,228.29500787349278,-0.014340670442177326,0.04122238380936197,-0.013452904044035126,0.9989564953575929
robot3,3900,1722896159639568527,-41.09585561087583,65.64199456907129,228.72843290476905,-0.024517142037843182,0.03657458800400287,9.610379676986115e-05,0.999030129687135
robot3,3901,1722896160132340033,-41.20081299923825,65.89268031730509,229.00642468407813,-0.016412529786078694,0.038142059937703546,0.01608263443971471,0.9990080885554472
robot3,3902,1722896160634586328,-41.275892755526684,65.73261413971153,229.48641516776448,-0.009728807681207721,0.0439827883772417,0.1192643365179429,0.9918401497532753
robot3,3903,1722896161140556520,-41.30035690082226,65.38384288951805,229.93977697315344,-0.003386027966034599,0.04380582826474285,0.2015772920650511,0.9784866782682194
robot3,3904,1722896161632180126,-41.331287425464986,65.20882289574926,230.54233880193954,-0.0027602032595013936,0.04854146802421297,0.1976650196408068,0.9790631476929463
robot3,3905,1722896162132996667,-41.39833227409231,64.99646360698979,231.3555697681932,-0.0027087930799339003,0.04155514947814711,0.1952061301313422,0.9798777468393924
robot3,3906,1722896162633921813,-41.53280865681089,64.86804515298286,232.21631985373668,-0.004608390920527159,0.044102731649924704,0.1862858635135261,0.9814944161069681
robot3,3907,1722896163132904648,-41.61168516111187,64.89549311890664,233.02058089828594,-0.00661031450086813,0.040828945826242004,0.1662709578021878,0.9852122966733924
robot3,3908,1722896163633285528,-41.703424798303274,64.9699372690873,233.8241353482774,-0.010705607475483641,0.03779308610166104,0.15247366570278306,0.9875266345160769
robot3,3909,1722896164131586400,-41.76633027555521,64.98280582724601,234.6666340730865,-0.013405641456239955,0.04180069824852531,0.13798448128746038,0.9894611024830198
robot3,3910,1722896164633848600,-41.847074559339106,64.88165628893027,235.47794116469336,-0.013810756920085172,0.035144148638998146,0.12470049711479299,0.9914756365282296
robot3,3911,1722896165132606222,-41.94428587585259,64.71091993199767,236.35056737735357,-0.013948563957116649,0.038640611990219384,0.10913892539272091,0.9931772428084916
robot3,3912,1722896165632050690,-42.02900619134477,64.50220152545403,237.21239327368366,-0.01431540597730187,0.03770224230665568,0.09451954962064808,0.994705818227814
robot3,3913,1722896166134917005,-42.09639348600071,64.50137796162758,238.01993989708816,-0.012583233834334429,0.04337860854582067,0.12128676562002111,0.9915893701690901
robot3,3914,1722896166631273449,-42.20500897835687,64.49066522303097,238.80529189747406,-0.010831042856289063,0.03879562768338604,0.12960228720380917,0.9907476141454183
robot3,3915,1722896167134242440,-42.254085293371766,64.23664289674272,239.64085943461504,-0.013212833598427174,0.04897791237231827,0.1277797007773654,0.9905043832296739
robot3,3916,1722896167633659732,-42.32030938807929,64.05972669948763,240.4377076809325,-0.012334039694454926,0.045591555205713105,0.12782589226823257,0.9906714000235245
robot3,3917,1722896168132749872,-42.38846556044012,63.9521521945859,241.24911641524056,-0.012357879373257837,0.04787349664145912,0.12619565560841994,0.9907724600746012
robot3,3918,1722896168634649089,-42.44521502288904,63.8349999747476,242.09266771715755,-0.01025082665428639,0.04561927185160475,0.12453980323237411,0.9911123246128436
robot3,3919,1722896169136576768,-42.53046299852919,63.66025905802215,242.917370365013,-0.009306507473027227,0.04290227813996747,0.123236260030027,0.9914058743334473
robot3,3920,1722896169632511183,-42.60266838339851,63.445654804044736,243.8564688752912,-0.012380869828215825,0.04736988095849003,0.12501046964563092,0.9909466135565801
robot3,3921,1722896170136054490,-42.70965669654307,63.54088313070947,244.71668719383078,-0.011599308713515347,0.04928703949467377,0.15096916903322655,0.9872408793079002
robot3,3922,1722896170634000401,-42.81975893636414,63.539975896358754,245.58668926513954,-0.009423012848907916,0.040622778243928244,0.14824315669978694,0.9880713350807604
robot3,3923,1722896171133403795,-42.86851722003117,63.34037097541863,246.4590688024994,-0.011198465191571513,0.043486273371684855,0.14538772365486544,0.9883551731113936
robot3,3924,1722896171635301974,-42.92878560308249,63.14275443426779,247.4597347792909,-0.007955906043126544,0.04120273936249257,0.14157418256876525,0.9890378095189513
robot3,3925,1722896172132348729,-43.0569078371353,63.10691477018537,248.32592649768492,-0.009427082911467533,0.040605801218489855,0.13866370226802616,0.9894618116372703
robot3,3926,1722896172634852885,-43.1608656641177,63.14910246697574,249.1552116099039,-0.01137231717019113,0.0423902256331353,0.13371463890221094,0.990047541543437
robot3,3927,1722896173135587936,-43.27008703979606,63.013028377806066,250.02233855112826,-0.013806482152614753,0.04263944816217537,0.12881759357547315,0.9906549783332332
robot3,3928,1722896173635185312,-43.333369165525994,62.805829198066334,250.93870776899965,-0.012265010628270383,0.044653144933140786,0.12740296790677078,0.9907694736569221
robot3,3929,1722896174133336524,-43.3665586601468,62.79913191330945,251.75738831387767,-0.01717561633042225,0.04530971415857653,0.12620708619094767,0.9908197613096587
robot3,3930,1722896174635165835,-43.43262018574072,62.72581352169302,252.63150372415961,-0.017031706851808603,0.04311306694374148,0.12339479314404264,0.9912743865577066
robot3,3931,1722896175134852296,-43.531709705667915,62.54572558224595,253.4597900156826,-0.01355216948378476,0.04358495771622709,0.12468401092886845,0.9911460980006163
robot3,3932,1722896175636262030,-43.631830559226934,62.4829542485729,254.3224274454065,-0.009432655018525122,0.041995381257192405,0.15170124759242715,0.9874888072536648
robot3,3933,1722896176134201217,-43.73024975876517,62.4264760217824,255.13538956662353,-0.009154656895528456,0.04055012081722354,0.13689454513403293,0.9897129702451009
robot3,3934,1722896176637618748,-43.77260200026907,62.28759976286264,255.8605197359563,-0.008412082730860334,0.04231958402519931,0.12363192705854682,0.991389649070361
robot3,3935,1722896177132337315,-43.86562398779773,62.09555746107879,256.5768473777228,-0.01130674119942291,0.04092309262743316,0.11182837657878723,0.9928201610991835
robot3,3936,1722896177635954054,-43.917902214547595,61.87205995291575,257.394336153236,-0.011347859606736059,0.040402972053569616,0.09763196742411287,0.9943373798004786
robot3,3937,1722896178136451966,-43.95161649549174,61.71602191076835,258.234080772005,-0.008535395773231078,0.041528735969482436,0.11218861531201299,0.992782063547758
robot3,3938,1722896178640451253,-44.0110394471449,61.62262634888587,259.02488865729714,-0.009007617122085473,0.040942998008957725,0.11055140181643021,0.9929858615832567
robot3,3939,1722896179132240923,-44.1085649953699,61.55002145648037,259.75671923399585,-0.00830761754129503,0.042192812934933425,0.1089936634886533,0.9931118423152285
robot3,3940,1722896179634621532,-44.185886333467565,61.46948271569184,260.39516663274793,-0.008970223583654593,0.04073719980728168,0.10745151851761174,0.9933348815021952
robot3,3941,1722896180135709611,-44.25353250533773,61.31876198771135,261.0467054948626,-0.00781892040468976,0.04224191107334542,0.1070877872862333,0.9933210413792286
robot3,3942,1722896180631719840,-44.30373851251426,61.10565776746918,261.7945098444923,-0.008234035356916181,0.044550667337945396,0.12300374129768461,0.9913715339509487
robot3,3943,1722896181134505187,-44.361628557806156,60.87995819799454,262.5828020338927,-0.008856735186924187,0.04212256717045228,0.10802908728845867,0.9932154669941574
robot3,3944,1722896181632796926,-44.42909664919575,60.768863519816264,263.28290404765744,-0.011602244987533875,0.043583692032813405,0.08115951296421209,0.9956801610735498
robot3,3945,1722896182134706145,-44.472131393948686,60.510985541168466,264.12737988768725,-0.014077239275441697,0.04346482949440076,0.06543355237282954,0.9968104584901167
robot3,3946,1722896182636725530,-44.563787868382924,60.29443853596195,264.94042717546586,-0.012708592560115292,0.03320407407868775,0.05965079373472338,0.9975859681984983
robot3,3947,1722896183134831461,-44.65974390357853,60.17263449151303,265.74329044780706,-0.01393301520272737,0.03661773259085006,0.062443085394190946,0.9972792356375015
robot3,3948,1722896183636315399,-44.66323342705983,60.02695817805424,266.58346730968293,-0.013977188883040179,0.04037596778606189,0.08096045011612867,0.9958010970737382
robot3,3949,1722896184135422761,-44.72354252983063,59.82287363659712,267.3819549552395,-0.01577229398817259,0.04483254481029322,0.08474257309312787,0.9952687948357166
robot3,3950,1722896184634092083,-44.816615874300226,59.623453589171866,268.15314205468644,-0.01525891828308534,0.04304820334134023,0.09789610331135026,0.9941480626940669
robot3,3951,1722896185137225566,-44.86925714137317,59.434910273634294,269.00810974779927,-0.014611334116598632,0.04451801627916703,0.10721997088522883,0.9931306726636087
robot3,3952,1722896185636909181,-44.9310581147182,59.33283126078008,269.8019836477845,-0.013671728427830517,0.04302675500570621,0.11459987600769383,0.9923853337360926
robot3,3953,1722896186135991809,-45.02516886586815,59.23698635374982,270.6232173780994,-0.015245595504219642,0.04366727311866896,0.11622888903443962,0.9921449422488234
robot3,3954,1722896186639932990,-45.10432343044161,59.110278656763334,271.50618437612815,-0.015327470864543464,0.042421698200898285,0.13606923172091034,0.9896719821928524
robot3,3955,1722896187135397976,-45.20669153146412,59.03844715020094,272.326719663337,-0.014077562829781953,0.03979346777427444,0.13570962603908288,0.9898490791770247
robot3,3956,1722896187634382890,-45.25202327444318,58.9906124529784,273.1096252443834,-0.013224108247345196,0.03728506509019291,0.13495704362269834,0.9900613835812928
robot3,3957,1722896188137954862,-45.35378942886513,58.90385339753155,273.87267200571756,-0.01251010155588625,0.04870679289570659,0.13341164894868113,0.9897840560494345
robot3,3958,1722896188635540200,-45.404945343592594,58.79569537529142,274.660872696617,-0.014661464489647464,0.041463656301617274,0.1301797036353198,0.9905145387254749
robot3,3959,1722896189139401128,-45.46717558388739,58.51268379716207,275.6108532339026,-0.017034558722104003,0.04165534601727568,0.12803929125655536,0.99074749348754
robot3,3960,1722896189634656024,-45.554266747418,58.275269691731864,276.5773360711568,-0.015574894298712894,0.043162343255788715,0.12486754403475137,0.9911117652611046
robot3,3961,1722896190135218865,-45.61030271402384,58.062220883846706,277.68457630996164,-0.014102490976324041,0.04358577124942384,0.13623472991634428,0.9896168443683021
robot3,3962,1722896190636645000,-45.73735634969827,58.07185738511802,278.6678383925395,-0.012119659539448034,0.04426565658536798,0.15480352725156654,0.9868786822351507
robot3,3963,1722896191134965985,-45.83527834563324,58.14694794984264,279.5864569854293,-0.013502458604550033,0.04391978949756672,0.1554209800178273,0.9867791316563297
robot3,3964,1722896191635420632,-45.933937115266424,58.01958009082651,280.5404440261826,-0.011489189504889216,0.04158864428524242,0.15386264988025114,0.9871497698742899
robot3,3965,1722896192130975585,-46.028665446862036,57.95174020178181,281.40067202093655,-0.012194069046542213,0.040219007831464544,0.15231764102185952,0.9874376295861307
robot3,3966,1722896192633061681,-46.106082439778696,57.95736522401326,282.2194507707384,-0.012917800854928534,0.0416733935666945,0.14817793397004708,0.9879978535270592
robot3,3967,1722896193142753558,-46.176174639488615,57.92530521503555,282.9928267835774,-0.014183912368032748,0.04422857382740807,0.13969251498446109,0.989104974785005
robot3,3968,1722896193633794451,-46.227166856345725,57.81858073800483,283.6742307236074,-0.014919439927283134,0.04595651365798595,0.13573849412860717,0.9895657989120065
robot3,3969,1722896194136161174,-46.308875673014725,57.738913144372816,284.3368534235285,-0.014012021134120036,0.04500320412331583,0.12200406802784637,0.9914097953253381
robot3,3970,1722896194633292371,-46.38059750372024,57.62947149690471,284.9722013050605,-0.012729013765902644,0.04480942625474213,0.10358472664421164,0.993529210407682
robot3,3971,1722896195134635521,-46.392286388173765,57.41721284427088,285.529900296621,-0.014080743684952674,0.0429694431242828,0.05705093010206231,0.9973467556418666
robot3,3972,1722896195633349404,-46.46173688845101,57.2374232709596,286.11400775683114,-0.01324273953692803,0.04408951435974334,0.04727402347375786,0.9978205807046083
robot3,3973,1722896196133345360,-46.50697381265834,56.95304688353027,286.6682663009257,-0.01368999232898902,0.043289649923783424,0.012868183538272697,0.998885879453671
robot3,3974,1722896196638289675,-46.51490385671317,56.61737361104453,287.23679301861915,-0.01298992074426312,0.039372991731896165,-0.017750680818775833,0.9989824537055733
robot3,3975,1722896197131904042,-46.53442570809369,56.18273821925903,287.90147057424963,-0.014281551041591909,0.03763708457648755,-0.03054520286214428,0.9987224227714822
robot3,3976,1722896197634768823,-46.55340560355916,55.70684525065593,288.6313906419487,-0.017928215152908062,0.03710122221756303,-0.047679799451333105,0.9980123822556887
robot3,3977,1722896198132222992,-46.666912951881315,55.31886173013948,289.3414630656978,-0.01695462853273087,0.031205463081879284,-0.05711465692204493,0.9977357744462406
robot3,3978,1722896198634736238,-46.7765400356394,55.15496876083934,289.9300341525485,-0.019087761585979617,0.028603197715913,-0.08367750820508017,0.9958993870159022
robot3,3979,1722896199135555111,-46.8034064843971,54.7769077606347,290.4905752529488,-0.023710010482665824,0.028307049226882566,-0.1405842700600351,0.9893799115499899
robot3,3980,1722896199634380424,-46.772168782236776,54.03477027148211,290.7612485322427,-0.031729466247050656,0.02466341854330425,-0.2542337957984601,0.9663074737532262
robot3,3981,1722896200135731201,-46.7537354982579,53.52227240626923,290.94623891504796,-0.0350781488111321,0.022340556176877552,-0.35322724984114445,0.9346127181861766
robot3,3982,1722896200633764181,-46.74434329466988,53.09915820018546,291.2362720907697,-0.02559063112325068,0.025533531130022612,-0.38433411468693907,0.9224860143517367
robot3,3983,1722896201131756075,-46.74261729814755,52.666606988366844,291.51463530684333,-0.031100885487287563,0.02400494081853904,-0.41913698234674446,0.9070725923361757
robot3,3984,1722896201636451502,-46.6473105067188,51.90698029968446,291.5004165224409,-0.03385870748377182,0.019410127722702404,-0.5021667674857537,0.8638896761173996
robot3,3985,1722896202131041937,-46.528944753598594,51.02656973634791,291.22269660867727,-0.024484848690238547,0.030890721067514147,-0.5418156123314571,0.83957256849568
robot3,3986,1722896202631981443,-46.512320689301454,50.41661298968213,291.3161151283546,-0.03991196883317757,0.006366845785199332,-0.5452244892921082,0.8373152060572928
robot3,3987,1722896203134668475,-46.49407191008253,49.673821638551786,291.58614032608943,-0.04035148355771049,0.007745057518560956,-0.5512666858390246,0.8333167542674179
robot3,3988,1722896203632005245,-46.37074142242806,48.913875553483734,291.48438827212436,-0.037406658132526596,0.011549275228091772,-0.5595280649184438,0.827886284907344
robot3,3989,1722896204134614889,-46.28463640987639,48.125678155968565,291.3489189270213,-0.03698947278223586,0.012346934085042756,-0.5692296284166766,0.821253287515249
robot3,3990,1722896204640522643,-46.19063595463343,47.36568751776472,291.32698519430465,-0.036288516600245596,0.012163032178054218,-0.5780989580582804,0.8150685853982595
robot3,3991,1722896205136310652,-46.095776046333114,46.622510349435714,291.29226117295434,-0.037886089376935626,0.008575722753483894,-0.5863411352572264,0.8091323589600437
robot3,3992,1722896205637074970,-46.01286371381062,45.88225494575549,291.1466667167207,-0.03718670887010796,0.009551114613923115,-0.5956491607588921,0.8023266181426795
robot3,3993,1722896206135374022,-45.927567433477726,45.17463572784802,291.0223294442447,-0.041873476870023685,0.0054980452664088,-0.6013451786228373,0.797872395549647
robot3,3994,1722896206634427477,-45.85784058369116,44.42183607878438,290.91517716348443,-0.0485384496963882,0.010612936595161243,-0.6094353050678967,0.7912774440199203
robot3,3995,1722896207135928741,-45.77666505197848,43.81521883285674,290.7515436159955,-0.048320933432358416,0.00659917818056334,-0.6531858779381098,0.7556254013079415
robot3,3996,1722896207637307938,-45.641748049366164,43.14698439680614,290.34481145407824,-0.056239734739149526,0.0011866675187062494,-0.7054029249827523,0.7065708722289985
robot3,3997,1722896208133198453,-45.50874298083177,42.54385036173778,289.93989597037165,0.05291514010405316,-0.003505311365429353,0.713743258719163,-0.6983969225110815
robot3,3998,1722896208635896163,-45.41496419045189,41.83397391423894,289.6514655758443,0.052424125790789484,-0.004051688093687858,0.7269785358074905,-0.6846440705460466
robot3,3999,1722896209134793037,-45.31391194891697,41.11550812703677,289.6330591796541,-0.04664561465839157,0.012367195679747004,-0.6709459025063833,0.7399343450699218
robot3,4000,1722896209633545895,-45.26580000409827,40.58534902475909,289.7138196613667,-0.03929138572323558,0.015005426517473422,-0.6080132879428565,0.7928119990690692
robot3,4001,1722896210136808021,-45.1849890536378,40.25387965108918,289.5682149407493,-0.036037498780060136,0.011496729151617749,-0.5864936309836771,0.8090700493258134
robot3,4002,1722896210638308233,-45.00971575517582,39.97012944075569,289.1257258960452,-0.04056480055682444,0.0009934228309297188,-0.6562198684336099,0.7534779322182167
robot3,4003,1722896211140491628,-44.96951761708462,39.8189415226505,288.65576818052256,0.04757616329410999,0.006184909115193263,0.7570169528251609,-0.6516314822971319
robot3,4004,1722896211632605319,-44.94761625259047,39.656131709135565,288.3163681167301,0.04669102526511079,0.007394983067617053,0.8150941090018579,-0.5773966191930724
robot3,4005,1722896212141748856,-44.86521439523191,39.233428009454535,287.6594239970421,0.056403318628909446,0.012642558306308753,0.792215568226995,-0.6074975924445271
robot3,4006,1722896212640126616,-44.7802493117364,38.41674221992773,286.8681051725857,0.0645158655631815,0.02131501798737107,0.7242038932395072,-0.6862303506225678
robot3,4007,1722896213135351020,-44.72291807640443,37.58619156606669,286.1677904854585,-0.06339262733619833,-0.0021999703258292103,-0.6753033084525925,0.7348074417988443
robot3,4008,1722896213639066700,-44.60334781146816,37.075850273449376,285.88953750756804,-0.05218186219827796,0.033788764146192814,-0.6735474675843308,0.7365250719328759
robot3,4009,1722896214133927468,-44.54630511259311,36.863449739724274,285.84756986652087,-0.05272000524925891,0.02383907723749559,-0.670499173976771,0.739650699411182
robot3,4010,1722896214633774096,-44.45677186118085,36.604895357558796,285.54116164019575,-0.05257893823268143,-0.005080605332596714,-0.669230064469506,0.7411752582985477
robot3,4011,1722896215136529904,-44.39020967628722,36.20836507278723,284.94853987259876,-0.049427574206679446,-0.014676378150819356,-0.7036068407175372,0.7087163978122021
robot3,4012,1722896215634730082,-44.27460649481262,35.83585083409768,284.36467254321434,0.045914497826224296,0.02303298940294393,0.7239468675728665,-0.6879406029738061
robot3,4013,1722896216134757329,-44.194636280932656,35.41860707868486,283.7763830844899,0.0487573696987105,0.018966407464563934,0.7361452743599489,-0.6747985842645693
robot3,4014,1722896216635069318,-44.13966836076589,35.02281976052553,283.1015842460198,0.04745888728591206,0.017652547605154986,0.7473729257884536,-0.6624724532982768
robot3,4015,1722896217136800559,-44.06582193864174,34.62441926749181,282.62884044393763,0.049924806912160495,0.0196880703458648,0.7455455576347959,-0.664290384569776
robot3,4016,1722896217637145347,-43.97990660462202,34.23719970637981,282.2671663862958,0.05257782233113156,0.019720704460515215,0.7262720443414548,-0.6851099065278365
robot3,4017,1722896218134046838,-43.826145060663364,33.788860605327066,281.9296977938168,-0.056044679005833146,-0.015033221514256111,-0.7056756832083997,0.7061549591515979
robot3,4018,1722896218635290118,-43.78332563876887,33.42612911788304,281.3585713255843,-0.051104444352244156,-0.016355362970948986,-0.6958851353083175,0.7161457367927714
robot3,4019,1722896219132394523,-43.88760557386624,33.04516105746625,280.71836433542813,-0.05955660191758741,-0.025371848845811177,-0.6846885635211477,0.7259551304574703
robot3,4020,1722896219631869399,-43.791023304495695,32.58218802711999,280.0645943639155,-0.06747768933756812,-0.03639767612891006,-0.6827570005210779,0.7266118969942198
robot3,4021,1722896220132813797,-43.742240470616146,32.21580853875574,279.5781749747291,-0.06820578808392215,-0.03386943979161042,-0.67763925627352,0.7314409544707791
robot3,4022,1722896220631809065,-43.668785031452444,31.80426723984248,279.0710622859995,-0.06615977486840462,-0.03689711114967468,-0.6692011747002401,0.7392098992559484
robot3,4023,1722896221134774408,-43.62034533957317,31.355394903496105,278.5679252495352,-0.06278656418917139,-0.037113282569851386,-0.6606154626289538,0.7471731139098508
robot3,4024,1722896221633456698,-43.49645392239185,31.06886430283569,278.02202565564215,-0.059308314230020774,-0.03658979448131439,-0.648779094660457,0.7577792535656845
robot3,4025,1722896222137113857,-43.5151174681643,30.675945854092422,277.4828159770357,-0.052402694474609206,-0.03547663374910561,-0.624369777500573,0.7785613315683727
robot3,4026,1722896222634125290,-43.54309956660816,30.23061835359129,276.94935058098963,-0.04710265322570204,-0.04256445781904313,-0.5898858758101431,0.8049871182257333
robot3,4027,1722896223136849939,-43.51854373124232,29.66789780616334,276.3513350083093,-0.04363914498899094,-0.03581284188193307,-0.5229061605169111,0.8505187903123785
robot3,4028,1722896223634646147,-43.487471431276205,29.035314997295934,275.8470837050403,-0.03670471208295466,-0.03377047677032013,-0.43604546399935085,0.8985414138119642
robot3,4029,1722896224133749576,-43.44940299413253,28.47496057238798,275.627111678246,-0.039942685992103884,-0.029974263907924147,-0.322775584543349,0.9451571548486599
robot3,4030,1722896224635269268,-43.354663638981066,28.249747784570832,275.12324496619186,-0.025191659736028927,-0.0010104629741344174,-0.2723956536719349,0.9618549615742289
robot3,4031,1722896225137055281,-43.2589258594663,28.35183490651425,274.58759323014584,-0.025481000698498565,-0.014986945779066391,-0.25995297018534214,0.9651686709334473
robot3,4032,1722896225633281058,-43.20391560272294,28.08967670677658,274.2799757290785,-0.029663172857221563,-0.03168265173603356,-0.25412469671138366,0.96619715600718
robot3,4033,1722896226136934954,-43.24664843501876,27.458507109702104,274.33469457322303,-0.02923499149425572,-0.025582370493859235,-0.21422399742907547,0.9760117501945113
robot3,4034,1722896226634603757,-43.19764412979425,26.73805237524023,274.2529543386931,-0.028445449959640122,-0.020390676502775533,-0.2001019963963458,0.979149767771279
robot3,4035,1722896227132037224,-43.15654202144461,26.108330909447215,273.86531780951475,-0.023366600391527936,-0.025644685384497996,-0.21554636204266278,0.9758771018462551
robot3,4036,1722896227634928625,-42.9864162271562,25.886788940121345,273.23646897628174,-0.025345905978630113,-0.02650357846784033,-0.23630420595397644,0.9709868524480557
robot3,4037,1722896228134217670,-42.77633288171267,25.496285039736183,272.5178383309781,-0.03508711311824984,-0.023217627649554116,-0.2581903933269736,0.9651774743812749
robot3,4038,1722896228637425911,-42.706747799498736,24.82351852587919,272.1640091797914,-0.034544169491153326,-0.011597490961816795,-0.2688370758907152,0.9624961429450442
robot3,4039,1722896229136386110,-42.57905310897479,24.742720751000135,271.5942060946128,-0.03486938282372203,-0.004422541703835861,-0.2678147661423836,0.9628290701378261
robot3,4040,1722896229639695806,-42.5117712994342,24.57086132602318,271.1137711319435,-0.025566547657948843,0.01602574379077048,-0.21083603509423218,0.9770556245590882
robot3,4041,1722896230137148346,-42.53655284212778,24.07644589429599,271.27491583153557,-0.02024332830278438,0.02246438480647982,-0.06930125684835571,0.99713735005451
robot3,4042,1722896230637651196,-42.541466686665565,23.849168148757766,271.1946860466275,-0.016483865310737155,0.020024255641627083,0.028096955126669928,0.9992686688188649
robot3,4043,1722896231135534810,-42.55309680585038,23.671957740743082,270.9589784958795,-0.014304313941547311,0.024371006418728212,0.09666853260740733,0.9949153911023442
robot3,4044,1722896231636983098,-42.56808335853145,23.211313955101758,271.20876922309236,-0.015296003808050984,0.03369094897181441,0.1644705468818266,0.9856877758363829
robot3,4045,1722896232135302728,-42.45625250094372,22.378044969299506,271.47503221098816,-0.015011609541797734,0.03009484686728226,0.1296873441289258,0.9909844320390634
robot3,4046,1722896232635715227,-42.4379049910565,21.295945967559042,271.5784712621831,-0.015411840652022592,0.03166162102616056,0.10703995376939367,0.9936309502117768
robot3,4047,1722896233136481215,-42.33244406026745,20.141720421347078,271.4047210805207,-0.012641368996637519,0.030563616249136186,0.086869415305044,0.9956705106792237
robot3,4048,1722896233633881058,-42.21307064735762,18.93568339087819,271.13911483788854,-0.012748814090880987,0.033217678142346316,0.07095949497465905,0.9968444230024306
robot3,4049,1722896234139739423,-42.05016530346736,17.70936502492233,270.8525686109614,0.014993532976883647,0.026247764979247194,0.042426629047005705,0.9986421931553728
robot3,4050,1722896234638101168,-41.962352246291914,16.567826632391352,270.6602593433832,0.005336627772853389,0.02015037322636527,0.03556240656302547,0.9991500378333067
robot3,4051,1722896235132951592,-41.81671362761281,15.66097720257828,270.3594474758249,0.003444203437681089,0.027015114552238702,0.04404951131981373,0.9986580804263765
robot3,4052,1722896235636841142,-41.72127607567259,14.827897315384092,270.1397864474953,-0.006966366940820429,0.03376957503768817,0.03474895637203449,0.9988010790765467
robot3,4053,1722896236133364795,-41.68769881931384,14.132290045459987,270.11920892218546,-0.015630266319776705,0.03182830219511119,0.017285753957952024,0.9992216253986173
robot3,4054,1722896236641599834,-41.602433427745034,13.361124937266927,269.95995848555077,-0.01703679099065846,0.03197828794083886,0.00447614615435186,0.9993333282587539
robot3,4055,1722896237135064099,-41.535862006276936,12.647333260845237,269.7696468235866,-0.019714005773145443,0.024462075752461128,-0.007942889170617954,0.9994747997512896
robot3,4056,1722896237636724489,-41.47702588377661,11.865699150475548,269.7024534979395,-0.016713820621686575,0.021978455084918885,-0.02659974792270135,0.9992647542682346
robot3,4057,1722896238134776284,-41.4452215346573,11.01794602934853,269.7353765894028,-0.019964441440064325,0.008222999696715867,-0.04408383989819973,0.9987944825707659
robot3,4058,1722896238633162195,-41.28863025031744,10.235518352960403,269.6606398432646,-0.021589761988393366,0.02691228031820906,-0.06571735531879801,0.9972416159363093
robot3,4059,1722896239143546896,-41.08164872578518,9.42419104534946,269.6434325090013,-0.019697847338729518,0.031132971736346753,-0.06850980095642252,0.9969699795149277
robot3,4060,1722896239635449893,-40.892127888917855,8.806694964542562,269.39113832613305,-0.022801452501735653,0.029574414522308273,-0.0983491892504118,0.9944510469315524
robot3,4061,1722896240136632543,-40.69554284030921,8.1252587321579,269.33544046959616,-0.026480392320310284,0.020815551308734245,-0.14413931459175122,0.9889840037307459
robot3,4062,1722896240636044835,-40.58734111211741,7.396725274190561,269.26265593489745,-0.030833496563556165,0.01959530953917181,-0.18086553194919083,0.9828290689059138
robot3,4063,1722896241133670820,-40.58030762190656,6.761011588131073,269.215736906264,-0.029299460070804275,0.022606386318381598,-0.2064501554052737,0.9777570384662654
robot3,4064,1722896241638315692,-40.48087076132999,6.149715032513615,269.13880045555425,-0.030919594654413098,0.02166563940557431,-0.21053861847469707,0.9768562170894549
robot3,4065,1722896242136011150,-40.464232288190196,5.471824707404993,269.063875906255,-0.030106572708209586,0.020295086787853998,-0.21478925131999277,0.9759852874144342
robot3,4066,1722896242635214352,-40.37253977278816,4.754283079411199,268.9806128596822,-0.024699884178506812,0.03927955629549107,-0.20421804002671684,0.977825150170747
robot3,4067,1722896243134011162,-40.33832067996038,4.177092401914394,268.818873838067,-0.03270489521049818,0.018594639415568354,-0.21524159465265938,0.9758358904783404
robot3,4068,1722896243633445884,-40.40820425621446,3.5968919041444365,268.70969128234844,-0.033792492833962136,0.021160968319595325,-0.21437584445372523,0.9759371281812143
robot3,4069,1722896244135779537,-40.40204067229887,2.9809010481525924,268.6565014805413,-0.03542845443446541,0.01905546666866585,-0.21752661611885082,0.9752250433034965
robot3,4070,1722896244632747072,-40.328860717460536,2.22370737380351,268.5949470545031,-0.03816323884612022,0.015561467519854216,-0.2281814085168755,0.9727459343202917
robot3,4071,1722896245132107364,-40.184373163865374,1.4635534482160006,268.4561313984285,-0.03740912727956283,0.022721980188147486,-0.21847575736626948,0.974860303969623
robot3,4072,1722896245635432089,-40.06987885768554,0.7673137438839635,268.32205813663194,-0.032970688513867176,0.020862410975974542,-0.2060126966657656,0.9777711707345899
robot3,4073,1722896246136244860,-39.94818380516792,0.10682913069419764,268.2384253737552,-0.031759944361044096,0.020258999408434446,-0.20428526710743966,0.9781862851829372
robot3,4074,1722896246636196259,-39.75674987919988,-0.5716707612420708,268.21265884395757,-0.03482354920856507,0.018082654180530015,-0.2082064597987964,0.9772975023688325
robot3,4075,1722896247135768335,-39.58027101217884,-1.2596317691011893,268.1331371741941,-0.03136649170948742,0.01830267691933226,-0.21386333939539962,0.9761883154791771
robot3,4076,1722896247630769519,-39.43352983775826,-1.9684794386399114,268.0667686434878,-0.03277809391029305,0.02251944039245677,-0.2048085995827634,0.977993818436991
robot3,4077,1722896248135296374,-39.347155861148174,-2.7610579338394645,267.9467409232526,-0.03312466340444061,0.020603825761135643,-0.2099514161222944,0.9769332842659166
robot3,4078,1722896248631842243,-39.36127518718547,-3.5733939682587628,267.8117741146924,-0.03515170953853017,0.02141112801285718,-0.2154255633093714,0.9756524727517355
robot3,4079,1722896249132608048,-39.336067214706176,-4.329754099741431,267.69450881857836,-0.034831049995006615,0.024549764000818843,-0.22049541561702454,0.9744567095236325
robot3,4080,1722896249636018849,-39.265036880269484,-5.137313306974183,267.5227691870327,-0.0355291937186855,0.020667261912293025,-0.22576724426545505,0.973313768573902
robot3,4081,1722896250135730062,-39.144839685932034,-5.828619560160215,267.50361833635714,-0.033748443011679834,0.02380259981184431,-0.18946546433875575,0.9810185098454484
robot3,4082,1722896250636146558,-39.06229175458712,-6.410544801183474,267.58034262388935,-0.03209510374396778,0.022373028839556598,-0.12682447587622558,0.9911533202360415
robot3,4083,1722896251137808770,-39.00765403729946,-7.1987590565821,267.6957944352791,-0.03582534977083454,0.023467144569197598,-0.12198359977946888,0.9916077040969419
robot3,4084,1722896251635350563,-38.965367759608895,-7.775498060640632,267.7282410845753,-0.03262797341516074,0.022510212236770046,-0.12486486634280926,0.9913815969893064
robot3,4085,1722896252134148512,-38.89801300952174,-8.563642813534315,267.7948316344213,-0.03267464501091824,0.025631573303179875,-0.10613187103418888,0.9934844819996921
robot3,4086,1722896252630664778,-38.86358043790872,-9.367162448193573,268.09217824628047,-0.04372468806240465,0.02975808772829,-0.0911320113289491,0.9944332880488972
robot3,4087,1722896253135287330,-38.751752905961354,-10.021525515587152,268.28320401290756,-0.037196407524786645,0.03413051051650228,-0.022216432607871834,0.9984778243112427
robot3,4088,1722896253634642013,-38.71667941649323,-10.255646226137484,268.3204572127376,-0.028741048478695106,0.035041417940729694,0.0525883705912733,0.9975873467720024
robot3,4089,1722896254132396127,-38.69376863876856,-10.373308630706985,268.40419169256177,-0.010565229896771946,0.03407926282308372,0.17247288355676663,0.9843678602028195
robot3,4090,1722896254634427751,-38.76617023908055,-10.299866515104505,269.0419728034625,-0.0033375875325022627,0.04356486511216327,0.40825682212425113,0.9118208871407967
robot3,4091,1722896255135156531,-38.921082224773784,-10.159286305115486,269.5089940077257,0.008146612568924242,0.04436076607833726,0.5665065678175251,0.822822012197172
robot3,4092,1722896255638611334,-38.84049104122469,-10.17582921336787,269.9189188841671,0.010187964348367974,0.04188331149878554,0.5993277086799975,0.799342411741499
robot3,4093,1722896256136648919,-38.9448878718436,-10.371215175915871,270.7286833211303,0.020340896599545216,0.012723479879971243,0.4779496797877974,0.878059488062177
robot3,4094,1722896256632868478,-39.05580840197576,-11.064791549733519,271.53002377491214,0.01461457150544651,0.01771937427254463,0.2756620320044394,0.9609801674260947
robot3,4095,1722896257134766692,-39.116403893703044,-11.761077927518587,271.9223142778048,0.01326650178415639,0.014928467514111473,0.12872315549340974,0.9914794450859336
robot3,4096,1722896257632802783,-39.01950902656421,-12.530998401677943,272.2341752664991,0.007409157368945527,0.015598878451119647,0.0006575009796162422,0.9998506623844439
robot3,4097,1722896258133448316,-39.063825295939886,-13.385728577405402,272.44308626005704,0.005983278863730733,0.02597764624571691,-0.016631646931260933,0.9995062534021111
robot3,4098,1722896258633469458,-38.96989855473116,-14.382390074972053,272.6741076272282,0.013581998620931963,0.04022472080107333,-0.08298671733028222,0.9956458737405989
robot3,4099,1722896259137360487,-38.74704153434402,-15.503535353430143,272.7311877035092,0.0060322466066648735,0.045976363674473726,-0.14686414856703944,0.988069181712408
robot3,4100,1722896259631897170,-38.63253938695802,-16.327417129961468,272.49328195284187,-0.01735335494344423,0.03218357856367178,-0.22862657542681267,0.9728273060269488
robot3,4101,1722896260133499478,-38.477827687618415,-17.15719476723147,272.28310663621187,-0.022472361617389285,0.03173710020814999,-0.26569070476913564,0.9632736884359477
robot3,4102,1722896260632116737,-38.35765347344357,-17.969950814030906,272.1167417778892,-0.026913904164735276,0.023634402559379313,-0.28865603595716915,0.9567626402006749
robot3,4103,1722896261133186925,-38.161216654589886,-18.74390562625959,271.93729450946654,-0.03422938168248809,0.022122099885507774,-0.29548419308047175,0.9544778959021905
robot3,4104,1722896261632608254,-38.054320751394854,-19.563173846492322,271.6526717433416,-0.04010680436293255,0.013720444591378722,-0.32655806430847045,0.9442261510248026
robot3,4105,1722896262135531889,-37.94588492208982,-20.316281322181393,271.05733444037327,-0.041624079200570624,0.016286310697513583,-0.4708408051968968,0.8810851992152101
robot3,4106,1722896262635175096,-37.91114081271698,-20.51310296548455,270.37927815026796,-0.03838000133168757,0.006331130541513825,-0.6282204197410088,0.7770624148060931
robot3,4107,1722896263132360109,-37.87685613729861,-20.456788411260316,269.7902161419808,0.0462779552191865,0.0010330824087848782,0.7481356238500049,-0.6619292801561446
robot3,4108,1722896263637010170,-37.75172273008737,-20.24514118345155,269.2743386859794,0.05305978895625941,0.009226166845980356,0.86617533358209,-0.49682977782657345
robot3,4109,1722896264131709508,-37.800978597751154,-19.922091849726005,268.852761380259,0.05623997238489884,0.014051644511778481,0.9234490931828983,-0.37931700343161934
robot3,4110,1722896264637227399,-37.790703630851745,-19.36563672533989,268.3170159884406,0.04886291508410664,0.015311120389317716,0.955753813588205,-0.289676773203358
robot3,4111,1722896265134390613,-37.9674213564323,-18.76028076969439,267.63743414798404,0.0531667300639925,0.01571318270586599,0.9728849073620442,-0.22454699225485344
robot3,4112,1722896265636657233,-37.97859661692777,-18.10113320818953,266.95422454052306,0.05542342610234132,0.016125096956493647,0.9742659951711227,-0.21788528114685524
robot3,4113,1722896266133666357,-37.93273448020882,-17.48752643583727,266.4622776901366,0.0584975383426498,0.016572634743689262,0.9761641018902983,-0.20834354313539433
robot3,4114,1722896266634271999,-38.045456737686145,-16.987500705534867,266.0891373345055,0.05456287916342759,0.015978302835647183,0.9727236956359587,-0.2248915249719568
robot3,4115,1722896267133272522,-38.131867718979876,-16.620128912667088,265.5909125257732,0.05739040107943786,0.011569964011814125,0.9650053197107838,-0.25561144482709375
robot3,4116,1722896267633810634,-38.2734506989402,-16.070057106928363,265.1486494861474,0.05552227153512404,0.016740628010189357,0.989240061281326,-0.13431727325077275
robot3,4117,1722896268134467109,-38.29144172187756,-15.631049948904186,264.94548923442835,0.04659121334874016,0.02352250344728719,0.9950982366718132,-0.08399672638211937
robot3,4118,1722896268635262116,-38.21292387840878,-15.108518677414116,264.4330418740205,0.0451863319213718,0.015405122120309206,0.9940430581144702,-0.09797589619075621
robot3,4119,1722896269135142679,-38.29212192500926,-14.445055641057397,263.9265468649569,0.0454232316864261,0.01894720245223227,0.9942712446626598,-0.09488111286953106
robot3,4120,1722896269634344822,-38.31426735331971,-13.845625794063041,263.4355003672449,0.047503128481479584,0.018424651229911996,0.9921288047794397,-0.1143871484846466
robot3,4121,1722896270130914839,-38.213204924133095,-13.367401064892146,263.05148508721766,0.0384745154306698,0.030342323755012723,0.985372900474133,-0.16321550803375126
robot3,4122,1722896270635799240,-38.12350026051523,-12.997026194446935,262.6584217722237,0.03522908716370402,0.03792599975276649,0.9753602200451551,-0.21445971909389358
robot3,4123,1722896271137967256,-38.01006012309097,-12.539133350300414,262.10045104382897,0.05188951184607734,0.039117973274752846,0.9751173430882928,-0.2119514801450561
robot3,4124,1722896271638057769,-37.918658344596146,-11.943119524236797,261.5765359381288,0.04258749034734676,0.02746665651117745,0.9893548274694642,-0.13641449266437383
robot3,4125,1722896272132053025,-37.98918339870039,-11.20246447789009,261.13258979171553,0.04450921223307759,0.030766020795180756,0.9957622503648031,-0.07436345029141958
robot3,4126,1722896272640409723,-38.07678444147311,-10.422890373982566,260.790185367888,0.04531451102240387,0.032273578387160794,0.9981608909414309,-0.024080012954672356
robot3,4127,1722896273138164439,-38.150346984989774,-9.641700226233706,260.55312991299434,0.04316150013438723,0.04049860088928433,0.9974447755143899,0.04001084891886235
robot3,4128,1722896273635128559,-38.28741713421652,-8.944813114876919,260.37101543128915,0.04584205122530812,0.04039293603773461,0.9947803156218962,0.08172539818751731
robot3,4129,1722896274132141404,-38.31209993775449,-8.235841361934728,260.2419313181385,0.04407506784339581,0.04231178090301014,0.993457198178962,0.09648780740498931
robot3,4130,1722896274637614929,-38.31835798494391,-7.452253493901132,260.0089195446343,0.037867662314996116,0.04367065628256308,0.9965062446336742,0.060284478406464344
robot3,4131,1722896275134555527,-38.29662020467943,-6.811380789962514,259.733733018895,0.03925198712581369,0.04069631048070558,0.9979408456259404,0.030284657028206305
robot3,4132,1722896275637886185,-38.312747239362295,-6.176631531169252,259.4256324959776,0.05200808759281124,0.037161947875728824,0.9974495622222244,0.03175719253512519
robot3,4133,1722896276135884158,-38.40537510439142,-5.561442971506788,259.0985605857607,0.04995795232836756,0.03875567334763242,0.9979846187733901,-0.0053760091387022625
robot3,4134,1722896276636775868,-38.53389253668493,-4.966548251862304,258.7328828869332,0.04588385960581487,0.03508599136518567,0.9974288391026723,-0.04241881143892638
robot3,4135,1722896277137563750,-38.490502433631285,-4.477829818401934,258.34999570667327,0.04703395958167993,0.037338263278972175,0.9937550870089547,-0.09404513695669725
robot3,4136,1722896277632606132,-38.45163769987038,-3.8465689290553793,257.90227467065375,0.047401273351586434,0.03809809848906293,0.9938170292935117,-0.09289438337372771
robot3,4137,1722896278134884169,-38.42870566392468,-3.260410699772883,257.2495508245272,0.04595070822094343,0.03470983623925154,0.9889920441713753,-0.13630295759066402
robot3,4138,1722896278635425839,-38.43304305887051,-2.6643567242799455,256.6726105246805,0.042822453966818816,0.03513882126034771,0.9868009091354317,-0.15216920321201088
robot3,4139,1722896279133750759,-38.48078679488336,-2.1015643657003507,256.1911645647547,0.04816133480687219,0.03718359290162634,0.9862578606603042,-0.1536011019957425
robot3,4140,1722896279636387320,-38.44470376515792,-1.5372024740914634,255.60713971822892,0.04701095956620904,0.036081013711183,0.9813860847196434,-0.18267315853426996
robot3,4141,1722896280136248507,-38.4043068917543,-1.0218996826662223,255.01798028331203,0.04847548778451366,0.03383806358691701,0.9800569764068866,-0.18971935993180145
robot3,4142,1722896280639564912,-38.35041135917864,-0.36517664648610865,254.2883636200008,0.048393499782587855,0.03576005296353685,0.9847543367434035,-0.16321208305728133
robot3,4143,1722896281138113941,-38.34189698276848,0.5079327908747326,253.53418109217787,0.044719016082885185,0.03807413440773153,0.9902434450345216,-0.12636648865835906
robot3,4144,1722896281632225966,-38.39537247839632,1.4093480772473903,252.87871085577422,0.043322413659723336,0.0406111190830226,0.9944120825696723,-0.08728410806651725
robot3,4145,1722896282134241469,-38.39229690638775,2.292794012844614,252.27664609234793,0.04020981365495686,0.04656060370642889,0.9955675914829533,-0.07113685301697016
robot3,4146,1722896282634090872,-38.45538136535348,3.18502727433688,251.6313766209093,0.055690177752836516,0.04641819206164583,0.9949435527871312,-0.06950742632918169
robot3,4147,1722896283135193030,-38.4606241926906,3.9578430653023116,250.91305371973922,0.04180951130654862,0.040160714871631545,0.990810517502032,-0.12220311024136322
robot3,4148,1722896283635725022,-38.42721564940669,4.8803552728394415,250.2741739617064,0.04822174317313617,0.0393288827644037,0.9966206612433245,-0.05362051891549044
robot3,4149,1722896284133930251,-38.41438606524292,5.632936135120738,249.7498980542766,0.041152619289383956,0.038232468455809,0.9947019626065766,-0.08609730465016378
robot3,4150,1722896284632515146,-38.44001897426822,6.253434697923309,249.29496780594735,0.044421977784383726,0.03868488090943968,0.9945167128168763,-0.08640992886619737
robot3,4151,1722896285136810631,-38.461392926942466,6.8460892638147275,248.80721638953918,0.04799891099163545,0.03413988645790592,0.994425054031603,-0.08746076040431949
robot3,4152,1722896285635734123,-38.47082519898552,7.053023186774765,248.6904464114279,0.04766224847154054,0.035178803308006434,0.9944708374982082,-0.0867093722389104
robot3,4153,1722896286133028401,-38.477695492393984,7.048187080973929,248.8525839799426,0.04786066386295194,0.03539236449711554,0.9942908639910695,-0.08855741173833671
robot3,4154,1722896286637225788,-38.47086268711381,6.999334351846148,248.84665197203526,0.04753220569917964,0.03512533285859112,0.9948525937092518,-0.08231170756896246
robot3,4155,1722896287134241550,-38.4834042259918,6.966490373487394,248.78739035118386,0.04750333033959795,0.03502119390675055,0.9951789366260654,-0.07833156247520298
robot3,4156,1722896287636590897,-38.47334889600805,6.960726599184406,248.75319048088122,0.04744937060946034,0.03492336798246747,0.9952235548304015,-0.07783952407527998
robot3,4157,1722896288135490964,-38.48020002584286,6.940190450185853,248.74025245810077,0.04752812685570651,0.034849843347158606,0.9951881603990879,-0.07827573683936648
robot3,4158,1722896288635707813,-38.49516621749937,6.933343880153514,248.7288094926928,0.047473663117516045,0.034811296541078736,0.9951435098627465,-0.07889118912393012
robot3,4159,1722896289140034331,-38.49780223578033,6.926312341331274,248.72021695459296,0.047508397308223795,0.03473562814830898,0.9950954868036989,-0.07950698375146746
robot3,4160,1722896289640953652,-38.50838232278607,6.920820290608079,248.7135622655783,0.047457410987539285,0.034712832136744594,0.9950499005262238,-0.08011559704675486
robot3,4161,1722896290137404691,-38.51431634917064,6.915650711379912,248.70002134785273,0.04739957129497766,0.03462938451292327,0.9950022590665134,-0.08077493931810324
robot3,4162,1722896290632952704,-38.53016101859829,6.910069900955837,248.68711078099457,0.04734813221808551,0.03458867459554159,0.9949594095934944,-0.08134833265991073
robot3,4163,1722896291135250611,-38.51926580913422,6.907512936006149,248.69140732539503,0.047353730355002475,0.03460866952623054,0.9949115590003308,-0.08191980213978259
robot3,4164,1722896291632692016,-38.51818405326861,6.906312564251695,248.68800681277986,0.04733084860745186,0.03461797170574763,0.9948722388448895,-0.08240518904071269
robot3,4165,1722896292133559249,-38.52180067766912,6.898471365454303,248.69367355327526,0.0474043282959142,0.03470134149994632,0.9948300460642392,-0.08283613948477445
robot3,4166,1722896292632033626,-38.517750515051155,6.901115645173596,248.69542030752223,0.04737473734936502,0.0347756387831087,0.994799857980998,-0.08318372298287408
robot3,4167,1722896293134793006,-38.51214387491507,6.905512606712038,248.6901523093437,0.047353569656794395,0.034786155046494176,0.9947635068715549,-0.08362492603552105
robot3,4168,1722896293640477554,-38.50445477933119,6.909640130125171,248.6754376938667,0.04724273499760032,0.03475484837208378,0.9947337054974307,-0.08405402817194929
robot3,4169,1722896294134485042,-38.501543421072384,6.917964245386722,248.6729428880028,0.047175743506663856,0.03480825807364413,0.9947000771456446,-0.0844665076874898
robot3,4170,1722896294632076104,-38.509348907257255,6.917979996228702,248.67019932352565,0.04719246835871515,0.03487751641432318,0.9946682532907575,-0.08480268671742547
robot3,4171,1722896295133565065,-38.517095753069704,6.916432573381638,248.66887443903732,0.047251278999324714,0.03486895504824713,0.9946402371501675,-0.08510153493697953
robot3,4172,1722896295633266442,-38.51139776836177,6.921174177186044,248.670705196628,0.04723945349427098,0.034889389014563406,0.9946118450001855,-0.08543092152774656
robot3,4173,1722896296133448710,-38.5129445778852,6.920320136565817,248.67929326686078,0.04728890614576245,0.0349109862151535,0.99457757402657,-0.08579295798866889
robot3,4174,1722896296631527443,-38.51592722124016,6.928420647997267,248.6834490233344,0.04728206216710944,0.03496571170202111,0.9945507022312784,-0.08608545924642327
robot3,4175,1722896297135595533,-38.51666383265442,6.923736143020148,248.68900487547003,0.04731304854925718,0.034942339722295025,0.9945221946864158,-0.08640666992670283
robot3,4176,1722896297634661327,-38.52437609507658,6.916892856101347,248.7002688816461,0.04735565085843519,0.03495499142564574,0.9944927997324644,-0.08671598576093856
robot3,4177,1722896298133243600,-38.52739294004568,6.906050199338799,248.7026980600841,0.047404669730453104,0.03491992446650177,0.9944577776575171,-0.08710410219658345
robot3,4178,1722896298630749271,-38.52655990638919,6.907519531187285,248.7042646496454,0.047394145044099535,0.034892086603432244,0.9944274840542777,-0.08746608637338733
robot3,4179,1722896299134405439,-38.521257096872716,6.89921898569946,248.69971024206825,0.04735788497772094,0.03484501717702709,0.994401272527542,-0.08780184909200307
