robot_id,keyframe_id,timestamp,tx,ty,tz,qx,qy,qz,qw
robot1,150,1722894275697938011,0.2809558385051787,-0.3270400324836373,0.4295889707282185,0.0024455654820736,0.0064250656801999,0.4674755926569418,0.8839792463686684
robot1,151,1722894276199053375,0.28752940567206026,-0.33066369779407034,0.4296676786616327,0.0024553118353556717,0.006445287199576808,0.4674439955744066,0.8839957809391062
robot1,152,1722894276697757121,0.2893242789431549,-0.3310099020600131,0.43479540850964826,0.002445324515293943,0.006440410510171119,0.4673800160424792,0.8840296726380893
robot1,153,1722894277199464428,0.27503140037866497,-0.3266016077249957,0.4347128253429779,0.0023951774870412143,0.00636526276676923,0.46731044442957914,0.8840671326781382
robot1,154,1722894277697124892,0.27860295260307905,-0.3297590417787054,0.42338696680958376,0.002438049081316885,0.006403679146344439,0.46725914306540106,0.8840938536331168
robot1,155,1722894278196879401,0.28853338584282373,-0.33574470132584655,0.42061380576336493,0.0024418657243652545,0.006477193280324546,0.46719449444086864,0.8841274724965483
robot1,156,1722894278697195873,0.2869153302160309,-0.33652731869364105,0.42229809146367453,0.0024092998336718244,0.0064624066379136555,0.46713794732134606,0.88415754860045
robot1,157,1722894279198548172,0.2810705136504746,-0.33599192462854927,0.42845107708118146,0.002343244960540994,0.0064573292153749665,0.4670681098024378,0.8841946578146903
robot1,158,1722894279697571130,0.27594796894083895,-0.33467015624038726,0.4343100553377532,0.0023047645669107644,0.006448722405062982,0.46702166803910383,0.884219352661774
robot1,159,1722894280199049384,0.2676393915895244,-0.3308443166314695,0.4364900151266603,0.002249431281382031,0.006389238906447193,0.46697843079488544,0.8842427624003789
robot1,160,1722894280697653887,0.26330486591862534,-0.3305337326600189,0.4393114559351237,0.0022593723330853036,0.0063986548019103065,0.46696515284906015,0.8842496810731911
robot1,161,1722894281196300217,0.2651211521583554,-0.33013134635974395,0.43523606378572316,0.002270702050498273,0.006387661105012219,0.46692257535649273,0.8842722150561251
robot1,162,1722894281704672716,0.2626848621288763,-0.33034563809621775,0.43995575979338053,0.0022572820716933437,0.006411226514033332,0.466865175712857,0.8843023852499992
robot1,163,1722894282198861322,0.2630675733083881,-0.3303254423661779,0.4415281964464465,0.0022639049362916134,0.006408262804537145,0.466807917508539,0.8843326167532262
robot1,164,1722894282704030611,0.26439654314830574,-0.3284732196478702,0.44170861691220203,0.002269978631097783,0.006408116888228757,0.466746808188542,0.8843648569910326
robot1,165,1722894283199699413,0.26836724020476443,-0.3268702710045943,0.4296247260643284,0.00232339825322075,0.006379526802566964,0.4666914612191308,0.884394133564603
robot1,166,1722894283696627005,0.2658419990905224,-0.32884568162247246,0.43314990028720346,0.002303600724238017,0.006361296520912377,0.46665748789683975,0.8844122434250258
robot1,167,1722894284200326071,0.2612177408293061,-0.3254300719125438,0.4335877522824218,0.002285717199748184,0.006330251789118191,0.4666476926987474,0.8844176809110641
robot1,168,1722894284703936539,0.26386433606890186,-0.3254072517154891,0.4248712323603919,0.0023353114342918512,0.0063071777052165975,0.4666341928641934,0.8844248390224477
robot1,169,1722894285197538349,0.2731368490486629,-0.33637132029962535,0.4299252200869488,0.002660233754934639,0.005654725337783485,0.46616124021826993,0.8846777070526237
robot1,170,1722894285700169670,0.3736062524831556,-0.46099885180575273,0.5922146877271518,-0.0006159617015378379,0.005032769381267486,0.4621611227525681,0.8867814772758974
robot1,171,1722894286197447883,0.4622434498733036,-0.5791125558315029,0.7623552698639442,0.004700620279149192,0.0030438512067315323,0.4612908561418758,0.887231303087711
robot1,172,1722894286695977227,0.45830830838435854,-0.6042570034040196,0.9001268735152781,0.0077300742176940355,0.0019683184206637796,0.4609506563953025,0.8873899165777823
robot1,173,1722894287199193500,0.44484115112474343,-0.6360944062469427,1.0865573305633867,0.005805923614460891,0.0009236322608204298,0.4569943614173135,0.8894501626213869
robot1,174,1722894287697185264,0.4210351328355281,-0.6651772838083756,1.2117555635047075,0.009326799956755874,0.0005950609532725724,0.4419422494694706,0.8969948187358124
robot1,175,1722894288198570800,0.47981467656682264,-0.8551523387429968,1.3963429648426156,0.0022813124523063744,0.0017717851871653385,0.37824840368460566,0.9256996281196148
robot1,176,1722894288697517954,0.552994279655395,-1.0295894639564471,1.4865178940814554,0.0051431855612301776,-0.0021596292432365626,0.3143964173757462,0.9492753954385998
robot1,177,1722894289198373729,0.6594540127540668,-1.1841190522534721,1.553021653554997,0.0024948300907631717,-0.006779041652033489,0.20852799082244222,0.9779897225741454
robot1,178,1722894289695767102,0.7630464541712669,-1.3171587772665667,1.5570377595719098,0.00624068684784394,-0.008696453801711839,0.10483013092802791,0.9944325362580181
robot1,179,1722894290197036478,0.8428918886915847,-1.436319346539514,1.5482288133349231,0.0003319228810137468,-0.010053769280012373,-0.004292282541575608,0.9999401921420344
robot1,180,1722894290698060223,0.9115962884374247,-1.5296914819626481,1.5268811061974392,0.0008483256374487089,-0.019581240131421596,-0.10578035092336682,0.9941963451638
robot1,181,1722894291197480359,1.0036248257368263,-1.6349897179751256,1.4552195481951844,-0.0006590683420259146,-0.025600998256610198,-0.21154807597083508,0.9770320189585515
robot1,182,1722894291702387717,1.0935682174733385,-1.733657781965917,1.3638547416772044,-0.004000755342433561,-0.029439886827728606,-0.3156321763446592,0.948416372842748
robot1,183,1722894292197197277,1.1872509387304586,-1.818987233564167,1.2168486975128814,-0.004048287604438934,-0.028305955860092834,-0.4167451482432106,0.9085735334281221
robot1,184,1722894292697145742,1.261386411262734,-1.8729737773536923,1.036519317887242,-0.005153766819247843,-0.028043982930517998,-0.5238131552838914,0.8513558316359263
robot1,185,1722894293198882804,1.3315759473461493,-1.8682909673079326,0.8173803277308671,-0.004288908714790532,-0.029248288962616126,-0.6371836984589553,0.7701448417492405
robot1,186,1722894293698166035,1.317257935179316,-1.8142585707827819,0.5624309247354484,0.0024750070172716186,0.028977215620067907,0.7457226183950662,-0.66562149283897
robot1,187,1722894294199025528,1.2546507874483819,-1.727917727082885,0.3507736250752978,0.006848983463987809,0.03444674775730468,0.8285357273061041,-0.5588336618098445
robot1,188,1722894294698500879,1.2296779197620111,-1.6312800906597675,-0.016930887476139606,0.005467241128293489,0.0344448001440382,0.8602103234355003,-0.5087453827529782
robot1,189,1722894295197594453,1.135328897272909,-1.408181883394605,-0.6007312135776247,0.004190739713428449,0.03116496038231771,0.8806915323572313,-0.47264532979740165
robot1,190,1722894295698366224,1.120459216644633,-1.2354506375267051,-1.2754898443823572,0.001348756205351665,0.02436130900606842,0.8836358911302693,-0.4675385752925894
robot1,191,1722894296198077643,1.1667739832750395,-1.1047308119013195,-2.0169212501501805,0.0033482154001241563,0.030076391973628765,0.8870103885606409,-0.4607567369935939
robot1,192,1722894296698668174,1.1864069798005492,-0.9236382143571511,-2.7573231076827627,0.0029359776838371364,0.030499786539232358,0.8899500641901549,-0.4550275006019311
robot1,193,1722894297200749577,1.1638147616733634,-0.7220967542379698,-3.422340614721788,0.010617927358913877,0.02681446834702738,0.8961715293832994,-0.4427695041764567
robot1,194,1722894297696771011,1.0401157294374208,-0.45201029907904533,-4.060376251117002,0.008822194586779167,0.026115632763767025,0.901457439526668,-0.4319891518661606
robot1,195,1722894298197981775,0.9167406777825041,-0.16204591561097778,-4.6923303073278175,0.001164349825610913,0.026868100838685894,0.9055397976888742,-0.4234081060258515
robot1,196,1722894298697558411,0.8262313073474485,0.15539522655321542,-5.3122998243203945,-0.002267620551347703,0.023230127197417537,0.9111150826087475,-0.4114906139030172
robot1,197,1722894299197385870,0.6542437421131024,0.4759686412291608,-6.031990231015395,0.0026997253596889757,0.02759148804484197,0.9139381518074824,-0.4049055148317653
robot1,198,1722894299697509235,0.5078472844297534,0.7572752702983547,-6.728742851876324,0.0032107138069203136,0.026118352468196836,0.9111905466703095,-0.41114390502579434
robot1,199,1722894300196947772,0.4014908964717628,1.0363365411760992,-7.457242220640787,-0.001453049086968995,0.02754162890617592,0.9005348139485381,-0.43390828085232164
robot1,200,1722894300698886003,0.36677156947263767,1.2244567861783044,-8.115265822969995,-0.005112854337108922,0.02961612350052755,0.8884613427791415,-0.4579663593938028
robot1,201,1722894301197485707,0.3460736568056045,1.4317100662740465,-8.822172072716693,-0.003612483349423934,0.024872886943990025,0.8756051554136376,-0.4823731970914025
robot1,202,1722894301699356770,0.31956685473833457,1.5928998216988912,-9.53714832663601,-0.00032088061872701873,0.02902755369995184,0.8559243075624543,-0.5162856553164712
robot1,203,1722894302199210904,0.3118992815693335,1.7075692545624628,-10.231005898677477,0.0005982173507646721,0.029111764893418955,0.8489483468529886,-0.5276730537523869
robot1,204,1722894302698097452,0.3293265807409364,1.861519276164647,-10.810029954650195,0.0011379049068153983,0.033264949406523796,0.8479886444964824,-0.5289682477412259
robot1,205,1722894303197840586,0.2836930793676335,2.057783168740745,-11.443850120530234,-0.0032542577638314226,0.03441597331921825,0.8515568171076315,-0.5231213413964463
robot1,206,1722894303698442392,0.28329337993289744,2.1882036803291762,-12.046539635398213,-0.0043010599195210915,0.0300395370295581,0.8551490762314937,-0.5174931734033227
robot1,207,1722894304196664367,0.27024430082758155,2.406563821248842,-12.689327551052715,-0.0015183718281405912,0.028582748588026455,0.8589560342849915,-0.511248718527045
robot1,208,1722894304697935157,0.24483012128262852,2.6302963998169875,-13.35369909927325,0.0031186121262000185,0.024629904191998103,0.8630480823214588,-0.5045112978706738
robot1,209,1722894305197213883,0.21063657058038923,2.8392766444013606,-13.97874687053341,0.005926428102636096,0.023858412741049023,0.8652560747758365,-0.5007270500531544
robot1,210,1722894305699129509,0.2026472645774738,3.0326967015863313,-14.598216671497429,0.0037243081878386487,0.028924290819554326,0.8570976807491839,-0.5143277948774284
robot1,211,1722894306198414621,0.2508501769005938,3.214805242605538,-15.182095852681336,0.0025214468214660416,0.029506394163251397,0.8562859977803745,-0.5156523102000782
robot1,212,1722894306697289951,0.19045233632983594,3.329842933453656,-15.791326240637247,0.0002447452900760858,0.03341026156304077,0.8497746132379744,-0.5260863058646206
robot1,213,1722894307199232861,0.1759065221955837,3.489810544997468,-16.40664268378254,0.00420414420741726,0.032381930245562136,0.8505666754900956,-0.5248524233637311
robot1,214,1722894307698459811,0.15434698713545328,3.698799899779251,-17.08784425724386,-0.001394477293965446,0.031028768602039486,0.8518191745572136,-0.5229142996790057
robot1,215,1722894308198047444,0.13307504402071066,3.8836111975833507,-17.670649074950227,0.0007890615880059435,0.03867087133325216,0.8545391442743117,-0.5179447769744033
robot1,216,1722894308697593466,0.14378430693929353,3.9917136635630635,-18.291761233472254,0.006744776620170374,0.03723615740425814,0.856007780480957,-0.5155760432042736
robot1,217,1722894309199858444,0.12992622935726425,4.171767430379889,-18.953479830176587,-0.008740522297519806,0.031204726223243853,0.8571025541953582,-0.5141255487943505
robot1,218,1722894309697590281,0.17615473549390367,4.33047123067065,-19.50273887720057,-0.000754572758761924,0.03578937611584802,0.8550934363069232,-0.5172366637836183
robot1,219,1722894310197344492,0.22612358815534378,4.3911215504629135,-20.059130422771982,-5.74511314524755e-05,0.03410069419984629,0.8367432212305405,-0.5465326349626295
robot1,220,1722894310697443557,0.2613844922699666,4.549848784692289,-20.768877579831624,0.004953463507917843,0.03140217768267711,0.8287722634771355,-0.5586822905078046
robot1,221,1722894311200008659,0.30165801615939136,4.727091711945459,-21.493699000218093,0.0002775684452051058,0.03134233053416239,0.826302960686512,-0.5623530905340077
robot1,222,1722894311697170887,0.37796701071325617,4.800187201238695,-22.176955990494402,-0.003088863538387219,0.0332855214646256,0.8263866668815947,-0.5621099623589655
robot1,223,1722894312198273850,0.4501968487118856,4.851622215471595,-22.791104390287042,0.0018864548381456328,0.034720047015886844,0.8306706411653438,-0.5556772854178177
robot1,224,1722894312696955904,0.49867772869286053,4.9393287692212535,-23.439907822759118,0.004271363558267592,0.03163301317001531,0.8376333654638252,-0.5452994159110065
robot1,225,1722894313200195474,0.4540663212489685,5.141619056462578,-24.102075951175074,0.004618498673290483,0.03331446363403329,0.8406417886287427,-0.540546204494907
robot1,226,1722894313697397256,0.4706278759937411,5.263811106792855,-24.771924344823958,-0.0001667439479342294,0.02743513806888968,0.8461183212020139,-0.5322885231919643
robot1,227,1722894314196914224,0.4558253311503186,5.447072878479189,-25.44267827831331,0.005921200486828468,0.02550311237926399,0.852446069859804,-0.5221591985442173
robot1,228,1722894314699241440,0.4815569976296232,5.713908179662275,-26.157674161718557,-0.0034985208322969815,0.028280016982133293,0.8572715878938812,-0.5140753111961122
robot1,229,1722894315197746760,0.3935243287075145,5.886365971527162,-26.807770067827192,-0.00249013297230722,0.03267220899978433,0.8653366309380608,-0.5001188270337571
robot1,230,1722894315699018470,0.35909725678601107,6.1198841733849285,-27.569070165046867,0.0019283059776872178,0.029531134153401487,0.872112084888212,-0.48841038599072223
robot1,231,1722894316199651228,0.3722635139662861,6.308253732508967,-28.28019848372921,0.0013225879276678961,0.022660679556004253,0.8716392082766561,-0.4896221348734939
robot1,232,1722894316697899723,0.3995774337041909,6.466662789693925,-29.082509873436276,-0.00041568010433486527,0.01976985037911614,0.8662902236556203,-0.49914950528347096
robot1,233,1722894317200800758,0.34978103171555036,6.7359477579582965,-29.833557901905387,-0.004180948532202736,0.02363673535162333,0.8662018851988778,-0.4991173393994628
robot1,234,1722894317697954084,0.3163541047786163,6.938860064371302,-30.630628461019633,0.00471403765648187,0.037337915338263535,0.8667617846369898,-0.49730037866471244
robot1,235,1722894318199186139,0.34549093804777725,7.121883174403281,-31.41529665887503,0.0024391309903835537,0.01766757821921774,0.8695577100580034,-0.4935091652629776
robot1,236,1722894318698470635,0.40040385489810343,7.305723798459917,-32.13491226919146,0.010162648439316838,0.017821811642269397,0.8732708233303496,-0.48680301224049527
robot1,237,1722894319199705713,0.4198680594516102,7.425227503290845,-32.73324604891394,0.006220425015623516,0.01948105785631381,0.8722452940739769,-0.4886409128012363
robot1,238,1722894319699345578,0.4108803369988885,7.558532134628313,-33.34410798363544,0.00491387660920178,0.021968704930395672,0.862627361547636,-0.5053387625442115
robot1,239,1722894320199151720,0.4196487311226741,7.714241256935826,-34.06554654892693,0.002807285619833794,0.023765349242713913,0.8480118130050425,-0.5294367689599218
robot1,240,1722894320698718619,0.4464087774930081,7.844144009983367,-34.782450521366435,0.004802718028156563,0.019922728542172866,0.8265301528948482,-0.562519266463466
robot1,241,1722894321199994022,0.6028284616720923,7.909604635087752,-35.46391067840325,0.013447223169527239,0.017929645230288036,0.8048156357529965,-0.5931015869633505
robot1,242,1722894321699533517,0.7589591215316506,7.9450189601608825,-36.19212190713902,0.009339874969807293,0.014732131129109262,0.782040740592733,-0.6229831547490774
robot1,243,1722894322199234826,0.9313521073150635,7.932457678948966,-36.86249916162513,0.009432118084836941,0.028521536291395037,0.7598140623326535,-0.6494460314741811
robot1,244,1722894322699911445,1.1048050639169564,7.937532613982631,-37.564732108266895,6.501286058564282e-05,0.03169498620986164,0.7459059802374185,-0.6652966949177941
robot1,245,1722894323197900313,1.2851711511561799,8.007710792121406,-38.21852526348261,-0.006383177781006453,0.028992131642079075,0.7449407276701651,-0.6664698219743406
robot1,246,1722894323699519523,1.4973537879946044,8.106923564334027,-38.95497984904977,-0.015409509651316267,0.018032802915711566,0.782396098021149,-0.6223292623945863
robot1,247,1722894324200996918,1.5619729692067117,8.244429677721527,-39.569774749690644,-0.007332379647181799,0.025716326784395747,0.8199659779434862,-0.5717872871624642
robot1,248,1722894324697447046,1.5664437282781625,8.343837134536699,-40.09018658567408,0.00599074562765259,0.02754574833578415,0.8435562412680918,-0.5363004853000741
robot1,249,1722894325200155328,1.5671304906671062,8.5444847159053,-40.700700486080784,-0.002156602513639303,0.027335285820427258,0.8434694641396322,-0.5364768348015743
robot1,250,1722894325699861421,1.5773637974588421,8.69305740948411,-41.286306574011306,-0.009787553513784804,0.02370174021838016,0.8470545351568177,-0.5308870367386105
robot1,251,1722894326199359956,1.4902074262454943,8.877807431850773,-41.80649319477577,-0.016621025686301104,0.02775340216530509,0.8512188420987531,-0.5238129179673257
robot1,252,1722894326698316500,1.42354431375421,8.997103516008918,-42.168567631395675,-0.002932185745633767,0.03554906428237587,0.8597309268467089,-0.5095001469466907
robot1,253,1722894327200448411,1.3498323974156163,9.086131012063712,-42.57584792748297,-0.002219911272819446,0.025654889792600274,0.8686103098594817,-0.49482626065063035
robot1,254,1722894327698030669,1.2066376605029556,9.288208111185916,-42.97690647468177,-0.013159279759079611,0.01936806511624029,0.877883272718152,-0.47830186168521444
robot1,255,1722894328198574383,1.2123581059236455,9.408353368748282,-43.200006038883934,-0.021445130621938095,0.013378337866836905,0.8862644376115354,-0.4624894302291
robot1,256,1722894328699979028,1.2965762782800392,9.360384618859943,-43.27953039575578,-0.020470150058790892,0.01391384275365758,0.8887124606328058,-0.4577963960674882
robot1,257,1722894329200336546,1.1688295751770654,9.576579475771956,-43.486670179294705,-0.03462190185182199,0.01380080078797759,0.8837212790192905,-0.46652712977733957
robot1,258,1722894329699195322,1.0023914133161538,9.813454080369805,-43.70672734454494,-0.025314075243117306,0.022592941943767653,0.8809776284762092,-0.4719397998615349
robot1,259,1722894330199319490,1.0364702269398258,9.862226589579533,-44.006128991024916,-0.004074432462181945,0.028296086008662368,0.8741892201696041,-0.48474316689971086
robot1,260,1722894330699494556,0.9197938553954229,10.04477106220696,-44.32801692188012,0.007300110617145342,0.016137687318689562,0.8978372516406887,-0.43997108200343826
robot1,261,1722894331200311959,0.7542626303587169,10.166276967149868,-44.57564567681633,0.0074378881691196065,0.019860119511200227,0.9178398689406351,-0.396383940713574
robot1,262,1722894331701184487,0.7217218540576424,10.260485113595314,-44.877039214598504,0.00944811067719107,0.02132990091364682,0.9194467393129869,-0.3925219256275528
robot1,263,1722894332199507101,0.6177162029750168,10.44549739360507,-45.208082729021626,0.0075429193433017554,0.021544520256068147,0.9269556604075001,-0.3744758225215768
robot1,264,1722894332698707182,0.4459881111951985,10.678845532235622,-45.501891045833624,0.006787384115410415,0.01931607242471513,0.9361487715073545,-0.35100754745193724
robot1,265,1722894333202767798,0.38016921886916216,10.822115517218567,-45.7677152808781,0.005266441842106478,0.01780516588012808,0.9423194489336354,-0.33419948656410986
robot1,266,1722894333699467027,0.2902642604871349,10.999255524014153,-46.06819901149979,0.0068522189034468505,0.01097226888845254,0.9474051010327504,-0.3197752819538473
robot1,267,1722894334199392864,0.12200484005520712,11.17811712342986,-46.32632421702412,0.007868454492972878,0.008191518061963663,0.9522132984280289,-0.30522257575832396
robot1,268,1722894334697688376,0.0394991412739416,11.326946984042666,-46.615998851138094,0.005717446213538044,0.006971873514643355,0.955195644379662,-0.2958377676136255
robot1,269,1722894335201791154,-0.13835879881097266,11.566569195126608,-46.913161849605885,0.00526457249990093,0.008075568074703053,0.9590946253747705,-0.28292148920485505
robot1,270,1722894335699867680,-0.3552490603191772,11.806136237455261,-47.18643656466448,0.01146846981271625,0.007721088139792096,0.9592908224756838,-0.2820815075683241
robot1,271,1722894336201311348,-0.49305754667250046,12.005808266809058,-47.502475411634165,0.01122014653117016,0.007011427556303932,0.959166317117617,-0.28253304992950573
robot1,272,1722894336698433921,-0.6243098140701434,12.20678762346315,-47.85030986648362,0.007844969403212498,0.007254798089118802,0.9593658661831428,-0.28196269108237854
robot1,273,1722894337197623286,-0.7902287379842952,12.39167223684314,-48.19046127982756,0.0024982636643297315,0.005163745422347959,0.9599398087427917,-0.28014756469176944
robot1,274,1722894337699966179,-0.9300261256286405,12.59263313934044,-48.50644039176731,-0.007411937877301,0.0030161927834462974,0.9607369324320174,-0.27734547484881256
robot1,275,1722894338199099563,-1.0690889558752974,12.808777925556889,-48.81151005812327,-0.01321980512130447,0.002846692832307404,0.9609476493771425,-0.27639961694802984
robot1,276,1722894338698098284,-1.2367597473779892,13.041035108266934,-49.09265325125656,-0.009762992493739603,0.003869640686077099,0.9617031197177096,-0.2738919848841013
robot1,277,1722894339200918698,-1.447261847089032,13.310910174622045,-49.361326953399825,-0.002275629803326544,0.003539627065791516,0.9626668754794728,-0.2706562014878332
robot1,278,1722894339699625756,-1.6106281667003441,13.545023709534693,-49.609872126955544,-0.0016018083227833672,0.00262270196648615,0.9637690221056506,-0.2667205047873338
robot1,279,1722894340206481374,-1.771685654295782,13.790694063528635,-49.88972380664586,-0.0028647669092384774,0.002597912138680733,0.9646034171554251,-0.26367649037248764
robot1,280,1722894340699485089,-1.8708685650470933,13.93855785299028,-50.120698477145496,-0.001702109330027211,0.003192144015772135,0.9648238107226146,-0.2628724544396078
robot1,281,1722894341197735263,-1.8763927174712216,13.97509658709102,-50.27182398271212,-0.0016699353347204163,0.0028716497612963194,0.963421057699729,-0.2679716972449922
robot1,282,1722894341699288508,-1.919553481971624,14.04320246260551,-50.39283605572237,-0.0037036681752784526,0.003236173735085038,0.956130662352788,-0.29289924296662617
robot1,283,1722894342199549961,-1.928562344049826,14.062738198786374,-50.396813206378674,-0.004056725688408007,0.003584685313978572,0.9497272471819425,-0.3130317060109061
robot1,284,1722894342699241551,-1.9412144720824527,14.080847911596695,-50.42946468730131,-0.0036100201278471,0.004638470261933753,0.9444593208796181,-0.3285757805315481
robot1,285,1722894343201003635,-2.0277914538956736,14.206872548175204,-50.55728610700048,-0.007518060511048214,0.004285762182129631,0.9189255157354629,-0.39433616057747467
robot1,286,1722894343705817959,-2.1035578118737477,14.322985800308953,-50.7338940923597,-0.010018176701411535,0.0076406140888365375,0.8927683979972983,-0.45033969921522826
robot1,287,1722894344199149727,-2.121466878265266,14.39784819414986,-50.950343263030405,-0.011352614975978179,0.008412692484261072,0.8685752266895697,-0.49535585221084794
robot1,288,1722894344699346576,-2.1130052658819483,14.470713685211736,-51.20745218215601,-0.012474254798539358,0.007497551186281001,0.8401159434051323,-0.5422115651016076
robot1,289,1722894345203068400,-2.202164977818471,14.671314829892687,-51.61197825965268,-0.01657553685828381,0.0064769367762099695,0.8374937143931203,-0.54615710122626
robot1,290,1722894345701858526,-2.346720528164571,14.958773214347325,-52.17442728223808,-0.010891912498677549,0.010918423422569873,0.8384601122284996,-0.5447447057786414
robot1,291,1722894346200174475,-2.433091643220491,15.184415134145947,-52.74803612093191,-0.013732686882407781,0.01268829117701623,0.8344796918053792,-0.550721403744576
robot1,292,1722894346700672733,-2.4477246731813938,15.316109499069123,-53.30534540301517,-0.012540504052452975,0.014831897393809971,0.828996863986256,-0.5589158703049706
robot1,293,1722894347202741420,-2.523453168921383,15.56532054602591,-53.972156211889065,-0.009630807093048558,0.018397445617297132,0.8286962045948351,-0.5593133129468764
robot1,294,1722894347702004061,-2.598372415799172,15.789102047778357,-54.56384780173197,-0.008087901372562841,0.022329536605915558,0.8373536236794543,-0.5461454811286455
robot1,295,1722894348201596833,-2.7183204781412846,15.990702665806673,-55.037395190855065,-0.0031661353009951885,0.03066900204457581,0.874653345490503,-0.48376741635120135
robot1,296,1722894348701867351,-2.985481983524236,16.337327113174474,-55.43059758886097,-0.010732717801395827,0.035062579195459596,0.9202966781620874,-0.3894989710802651
robot1,297,1722894349202305524,-3.24172700503026,16.65739689131919,-55.77070401727749,-0.0068294330946320385,0.04437686318449936,0.9327941774425739,-0.3576018391825499
robot1,298,1722894349701564257,-3.503392574848614,16.995710086999075,-56.04335763718423,-0.0123683075799925,0.048496627079140285,0.9580425455415877,-0.28222257716516636
robot1,299,1722894350201773922,-3.849972197191733,17.404994654357054,-56.23042276464411,-0.02153416544545145,0.046244568673063674,0.9806282098377466,-0.1891190991339231
robot1,300,1722894350701879085,-4.218818165105963,17.795867459086345,-56.28889046657858,-0.022378065011350912,0.04067080849834253,0.9932407278968594,-0.10638592007101223
robot1,301,1722894351205755350,-4.522814303809375,18.122054349428254,-56.27450920307331,-0.02151241502450254,0.03273032464235334,0.9991968316959748,-0.008463650355817118
robot1,302,1722894351701304055,-4.732394521710089,18.323205579492726,-56.26492346841959,-0.025080114830167116,0.032078405339553515,0.9982172098903779,0.04363903790926394
robot1,303,1722894352201522788,-5.029164227753546,18.591685144416648,-56.202389620806464,-0.027084325435143157,0.03406516183981347,0.9968820425589487,0.06581942941145008
robot1,304,1722894352701535242,-5.5188315243374975,19.043398260618588,-56.03094858259713,-0.02371822901735464,0.0338472866222082,0.9964012054538964,0.07400300379455262
robot1,305,1722894353205045898,-6.167452930821884,19.62882191533574,-55.77874764074404,-0.02760606472174789,0.0391539118786157,0.994574042491312,0.09234365369460981
robot1,306,1722894353700073024,-6.707300581311573,20.126137214619774,-55.50232191928109,-0.03299879147419584,0.031567231543107026,0.9837229448516133,0.17379228241327688
robot1,307,1722894354201423719,-7.197961102434541,20.514698222110773,-55.14583852099191,-0.025423779787734774,0.017931868527370644,0.9692490237210531,0.24410737294929674
robot1,308,1722894354699522973,-7.654077200819571,20.87509240259847,-54.736336800272106,-0.034547820018545915,0.01909034635835107,0.9617037995916179,0.27123386340744704
robot1,309,1722894355200380530,-8.203942375960217,21.33231936617753,-54.301184802330106,-0.02884598343588007,0.017648853476309533,0.9644458579109148,0.262108020421101
robot1,310,1722894355701728377,-8.76602704890199,21.81965970522209,-53.861615262387446,-0.03035965253820593,0.018707981614269318,0.9668421690348777,0.252872543186508
robot1,311,1722894356201711914,-9.318097533885393,22.286877764113672,-53.53206377946434,-0.02846103462639578,0.020908254805486248,0.9767450628676387,0.2114755223487493
robot1,312,1722894356698822589,-9.884556954822777,22.745155168903217,-53.231054378588944,-0.03237189754213312,0.02251775182173703,0.9821694525337805,0.18381560763958602
robot1,313,1722894357200765444,-10.380963842164187,23.195749984807772,-53.091400353794015,-0.036764139938664016,0.024561002489922264,0.9900953631288587,0.1332528689447018
robot1,314,1722894357700837978,-10.809182112706532,23.602555886281955,-52.98382616577421,-0.03656358126842035,0.02649327658413004,0.9954145351366355,0.0843274217522404
robot1,315,1722894358202150495,-11.277228137625103,24.01072713238747,-52.94517814222332,-0.025445043021240562,0.021536676818862618,0.9988422707519229,0.03468197653521999
robot1,316,1722894358700527814,-11.654080619869276,24.32403130014863,-52.93965673960777,-0.023608330604329066,0.01566118043379136,0.9994937593936797,-0.014477537310817351
robot1,317,1722894359201781255,-12.05444907112545,24.69465551014343,-52.90590601989597,-0.027225065309965935,0.014805472859152844,0.9991001316056184,-0.028957223933261163
robot1,318,1722894359702141156,-12.560805701012397,25.18205302412242,-52.88199750588133,-0.04456143543756742,0.016748336409489736,0.9985357753155644,-0.02569196594662879
robot1,319,1722894360202413246,-12.954729397364078,25.606022872185306,-52.857134055502605,-0.04849737074874161,0.014523708398653985,0.9984384918298603,-0.023614507348745532
robot1,320,1722894360698927035,-13.395186771095666,26.0388003056238,-52.87864049455768,-0.05281273806814175,0.01781233983972013,0.9980418250666707,-0.02839103141432681
robot1,321,1722894361200664408,-13.8185525579352,26.442269268190824,-52.99994678944549,-0.05256307824636718,0.017578295633140895,0.9959787024396481,-0.07038856877743008
robot1,322,1722894361700354057,-14.26213615070885,26.987229732967975,-53.13759908781885,-0.053983421643928726,0.02188381849782696,0.9911116307917383,-0.11960193972051167
robot1,323,1722894362199549997,-14.705999069084903,27.493532247951478,-53.305677690040724,-0.03913558476164818,0.03153324094743558,0.9888317147127366,-0.14030645280593443
robot1,324,1722894362700174284,-15.115177942695771,27.91119516282422,-53.46254087914421,0.00908238051316289,0.05881837270228221,0.9894466708979301,-0.13211054025274696
robot1,325,1722894363202633023,-15.565035534929764,28.32832573318974,-53.622852143762344,-0.0063533021663888765,0.03906795352637886,0.9916694076553599,-0.12257698184941056
robot1,326,1722894363702510661,-16.047462208345422,28.791059364039793,-53.70237757121643,-0.010004693382411785,0.04147788951366647,0.9926293737756737,-0.11343023013963162
robot1,327,1722894364201037314,-16.104135883510747,28.927198611207206,-53.853397651166944,-0.008310583068383752,0.04198902422609228,0.9935263599230019,-0.1052294074475088
robot1,328,1722894364701817273,-16.009079321124027,28.90576506234519,-53.967214429565594,-0.007691077606847885,0.042472115223672426,0.9933967310596512,-0.10630099469746992
robot1,329,1722894365202600769,-15.997176419132831,28.898365348792197,-53.91682039122682,-0.008412318254992905,0.04266672632287993,0.990692220661075,-0.12898723691936786
robot1,330,1722894365702375489,-16.019520324388175,28.892186631840268,-53.854410939244225,-0.008839324447441265,0.04291812054345133,0.989187326744468,-0.13995832908570977
robot1,331,1722894366202742328,-16.050593057899913,28.896990440772555,-53.80380772290636,-0.009052804132228334,0.043300261157320524,0.9888553707246218,-0.14215551311898544
robot1,332,1722894366702452254,-16.07328389083187,28.869730098428263,-53.79515535912474,-0.008855123035777934,0.04356414348045045,0.9892583822365212,-0.13925374455869033
robot1,333,1722894367201130325,-16.053128802724817,28.900232158360826,-53.776210754015395,-0.00857597531962454,0.0437619757793677,0.989612586952305,-0.13666846698770557
robot1,334,1722894367702312562,-16.047125238987093,28.916915239056724,-53.76670024672749,-0.00836658814216666,0.043857283228693075,0.9899202356235944,-0.1344041145708894
robot1,335,1722894368200556697,-16.043459141141447,28.89617546968879,-53.77313618815193,-0.00793402432408634,0.043855553523590704,0.9902249656235846,-0.1321675419266578
robot1,336,1722894368704363232,-16.05158324281263,28.889858162319463,-53.78251818570051,-0.007761938648597187,0.04373762287776633,0.9904184401424327,-0.13075965004254197
robot1,337,1722894369200731042,-16.04595738092507,28.90935566434288,-53.761323596293565,-0.007696548981364411,0.04397887147954724,0.9908445071873423,-0.12741186983101602
robot1,338,1722894369701709112,-16.04018658281077,28.912536540543634,-53.75492009679358,-0.0073522408892259675,0.04407923444055966,0.9911964752970948,-0.12462950294234837
robot1,339,1722894370207689904,-16.033311865351482,28.911642322926845,-53.74721054255955,-0.007068432153219985,0.04426046474608484,0.9915941245345132,-0.1213760302365679
robot1,340,1722894370705413624,-16.039274962103487,28.903008852703678,-53.74112417631586,-0.006783968303508164,0.04437188610820224,0.9919688701913203,-0.1182492032472667
robot1,341,1722894371203496752,-16.04915769563166,28.908144049629044,-53.73751513124286,-0.006768117416456656,0.04450663041643325,0.9923198340515152,-0.11521588164652152
robot1,342,1722894371698283729,-16.050526040349713,28.919713060337152,-53.7292576184249,-0.006536457776190167,0.044668806185388314,0.9926956736165288,-0.11188061519646135
robot1,343,1722894372200880793,-16.052123305765146,28.912267276517102,-53.72202355815263,-0.006216937741559681,0.04488972488605502,0.993052493405957,-0.10859561512779173
robot1,344,1722894372701596508,-16.058000161693045,28.910698583813613,-53.71792542479822,-0.006073388782631093,0.04504728110376711,0.9933938729691867,-0.10536825689519874
robot1,345,1722894373201723868,-16.068219058754174,28.916374108883527,-53.72820301750621,-0.0058679758700539665,0.04509889215861377,0.993712657059018,-0.10230743856612066
robot1,346,1722894373699138871,-16.0780602348442,28.92380307413956,-53.72267259113718,-0.005796416211511587,0.045315521102029604,0.9940230653476035,-0.09915165486923723
robot1,347,1722894374198441989,-16.079576409312228,28.923412764023873,-53.70675383960406,-0.005475204571979816,0.045581077125048754,0.9943507805963981,-0.09570220828355477
robot1,348,1722894374709043625,-16.064446588717693,28.92185159468097,-53.70431682130229,-0.005186028124367471,0.04574498706844802,0.9945912798035832,-0.09310578612025798
robot1,349,1722894375202490730,-16.058068131027625,28.93370001845437,-53.70949668980426,-0.004941912341088914,0.04585776638423719,0.9948448757284759,-0.09031232474836925
robot1,350,1722894375701559747,-16.05906826015189,28.94349734732039,-53.71444216655158,-0.004781088028828119,0.04595128901931976,0.995081430516713,-0.08762743220895754
robot1,351,1722894376203255188,-16.056192090106638,28.94059033527501,-53.70813702956742,-0.004562671256152615,0.046209413763534754,0.9953327114678597,-0.08459707792043929
robot1,352,1722894376708406929,-16.047295719059946,28.936645659789534,-53.702324158865366,-0.004333124151871983,0.04645042367252374,0.9955307826234582,-0.08210994473784744
robot1,353,1722894377211888273,-16.04298888072779,28.924867115291104,-53.69916386408583,-0.0040679220999127776,0.046664910467426414,0.9957038198503422,-0.0798732826187421
robot1,354,1722894377700239943,-16.039784522634672,28.929368655764986,-53.700610300207536,-0.0038757874850683556,0.046838686602902774,0.9958678642249693,-0.07770658088401401
robot1,355,1722894378213616066,-16.045483344673002,28.933482520049676,-53.688217980027126,-0.0038149375199436606,0.047085829369621815,0.996040083716062,-0.075316150692888
robot1,356,1722894378701996799,-16.04186406461736,28.938896323489484,-53.68240266742335,-0.0036534983725353353,0.04727987224889459,0.996165098320104,-0.07352797099517615
robot1,357,1722894379202748441,-16.03951302248999,28.938788070744895,-53.669141715703006,-0.0034341291785778545,0.047517040401103064,0.9962936495318663,-0.07161914220918503
robot1,358,1722894379707510056,-16.042387541641162,28.92890078099467,-53.6630165136488,-0.0032032027440439597,0.04771808401193144,0.9963924930013995,-0.07010509140473924
robot1,359,1722894380200949762,-16.04500416654671,28.93064309474208,-53.66066219461941,-0.0031060932084537377,0.047839019621160064,0.9964835475126653,-0.06871913796927545
robot1,360,1722894380702115833,-16.05572885141962,28.940843923906694,-53.660039733388516,-0.0030053987629181465,0.04797276450763425,0.9965686841514331,-0.06738278127572497
robot1,361,1722894381201480889,-16.056217735511595,28.94547627346536,-53.66683897560895,-0.002813343879235838,0.048047347116301695,0.9966408051539988,-0.0662619274794481
robot1,362,1722894381702718299,-16.06353701113862,28.95189639803919,-53.66867648333859,-0.002764384990338253,0.04816473759258547,0.9967140666850689,-0.06506600879395269
robot1,363,1722894382199417517,-16.070278054283026,28.950340737460497,-53.665842529564785,-0.002585689272368546,0.04833677526329817,0.9967857490555444,-0.06383604661873576
robot1,364,1722894382673107412,-16.068478438717538,28.9416124050766,-53.65628965475063,-0.0024724764796431042,0.04857608300106514,0.9968174034278773,-0.06316102630290206
robot1,365,1722894383223625872,-16.066575420864567,28.937662538184476,-53.671552126642794,-0.002270180273183425,0.048647178198641866,0.9968490050458951,-0.06261277404688002
robot1,366,1722894383700388061,-16.066028658427822,28.9314485918884,-53.660997703562494,-0.002084586854940849,0.04887571090075889,0.9968712682806328,-0.06208457020993492
robot1,367,1722894384209965511,-16.06377610248231,28.93705594413977,-53.652796940329104,-0.0019843705941961012,0.04904981731566348,0.9969164182715198,-0.06121954488012107
robot1,368,1722894384701469206,-16.062536948805533,28.929122223484335,-53.65453298224066,-0.0018378731921325888,0.04922383322493444,0.9969613161657643,-0.060347083888124965
robot1,369,1722894385201546928,-16.07638765861258,28.93634858483264,-53.65238535304079,-0.0007871248247605588,0.050280603957778724,0.9969875735829586,-0.0590509900113113
robot1,370,1722894385701441421,-16.278508092228932,29.07362016480622,-53.551639585615966,-0.0013830940688960892,0.050977387116547174,0.9985043036496589,-0.019711637341324265
robot1,371,1722894386201997777,-16.459336752490298,29.21486159944226,-53.49310393883368,-0.004620547414116723,0.04884915897801422,0.9987242660720678,0.011926884234538592
robot1,372,1722894386700110889,-16.535117347420897,29.315065770341196,-53.631155306917925,-0.006458820749547156,0.04684762665035073,0.9986297415414984,-0.022410328433882784
robot1,373,1722894387201800844,-16.649392247450354,29.39378297121191,-53.43901548557713,-0.007598032708718583,0.04704934360432348,0.9953500572277715,0.08370718453054937
robot1,374,1722894387700221794,-16.739758584499278,29.469589186080412,-53.29031775518724,-0.009057215833284836,0.043916665049401886,0.9853783267905217,0.16437410521064333
robot1,375,1722894388199311326,-16.831022066210366,29.551888239019856,-53.210439212530126,-0.01112860682453443,0.03878221367721601,0.9682018153918588,0.2468954002899782
robot1,376,1722894388698504170,-16.89800260624802,29.606629356882728,-53.02452764511474,-0.010910110433725804,0.03744772433563853,0.9418891621251367,0.3336516802049911
robot1,377,1722894389202201688,-16.993077095947836,29.670124601797966,-52.86540128316882,-0.008597862181966785,0.03508002787312754,0.9152575143646341,0.40124699476680453
robot1,378,1722894389700196223,-17.087563712297538,29.73068120639907,-52.64953491631382,-0.007163683265368579,0.030018187992795813,0.8848286081157223,0.46489345477399036
robot1,379,1722894390201954139,-17.247375042920233,29.79518494670638,-52.35712640034393,-0.013834516517112946,0.028349977959219615,0.8687364057587474,0.4942690989853833
robot1,380,1722894390702267850,-17.468811343137954,29.92071604828169,-51.82539062378967,-0.016256062142068563,0.033597310611165734,0.8562890682499245,0.5151465740534495
robot1,381,1722894391200255232,-17.76063477238785,30.05723248822265,-51.27285281696398,-0.018632074161906192,0.030933183654964926,0.8371339898046041,0.5458046052162061
robot1,382,1722894391702805454,-17.973134208292688,30.162280861308613,-50.83210439637518,-0.022355590784484614,0.02454904269940459,0.7905659958703328,0.6114760651380955
robot1,383,1722894392212792176,-18.11348799242722,30.174346652194078,-50.31469506534078,-0.021400996135047447,0.021262328806867195,0.7658657900361914,0.6422923807662495
robot1,384,1722894392701606129,-18.29281618223607,30.210076703304942,-49.69142218520468,-0.02316600525111047,0.023724192037966704,0.7540471192352443,0.6559828053279143
robot1,385,1722894393202797969,-18.4728743320442,30.241490600380306,-48.98666310841254,-0.02856771756052582,0.02358564918572732,0.742716151011958,0.6685808265960461
robot1,386,1722894393702206664,-18.667440955473488,30.278714659638425,-48.31876952085087,-0.0318462377072945,0.02634067022500001,0.7314546156789208,0.6806365634007555
robot1,387,1722894394200238020,-18.87407370412946,30.34363763998296,-47.6927976337191,-0.02896277294776124,0.020862168193034533,0.7180543815898882,0.6950710990978012
robot1,388,1722894394702907465,-19.03381476740034,30.36380486267926,-46.98562208312391,-0.03258994938412564,0.025724550474731538,0.7055889688997008,0.7074039508435547
robot1,389,1722894395201518117,-19.161826692119593,30.34903211969386,-46.27748598495466,-0.03074643941631946,0.02288629413377159,0.6899904607052176,0.7228029040754073
robot1,390,1722894395700680489,-19.314556168551483,30.328224935468562,-45.53327122036921,-0.028326767774285107,0.015651028235138403,0.6781010507333953,0.7342558168219776
robot1,391,1722894396201833320,-19.444261125385943,30.29233540186167,-44.71818536192305,-0.03020803400771298,0.01744886947360163,0.6657217633091074,0.7453841596734496
robot1,392,1722894396702130445,-19.581181357317202,30.223766814008393,-43.91237353120865,-0.0284437316015887,0.008612818354709553,0.6521398965547301,0.757515893439967
robot1,393,1722894397203210956,-19.664834818700296,30.20276648378195,-43.05926977239984,-0.04303704046927593,0.018312119280049263,0.6305297862990001,0.7747545856752681
robot1,394,1722894397699226228,-19.758776325231462,30.149138319656686,-42.19507070945367,-0.04037016450344484,0.014306806252045508,0.6200556001462514,0.7833879101952642
robot1,395,1722894398203492171,-19.830160871819682,30.078811730584437,-41.39253493683138,-0.04028614520330691,0.013685590612260401,0.6080762497372852,0.7927376650694039
robot1,396,1722894398702810061,-19.90316376216679,30.004254857935475,-40.53774685467544,-0.03737985700539418,0.011517967460114535,0.589432890107709,0.806869847481685
robot1,397,1722894399202492225,-19.93190030132255,29.846754158984222,-39.622661429882285,-0.0337281446541516,0.002831824057677359,0.5757255116659262,0.8169421817042516
robot1,398,1722894399709700861,-20.009028126656123,29.696879690428858,-38.70251834312827,-0.04290862622976864,0.0055041315211258835,0.5736086930353599,0.817986321160408
robot1,399,1722894400199980376,-20.06308363348953,29.537262246513823,-37.81360259939725,-0.043579374800642307,0.0034000388063484092,0.5641231430375244,0.8245328115469784
robot1,400,1722894400702183068,-20.04932033718392,29.33622986502852,-36.88308041679231,-0.04327634618280875,0.004362130699158446,0.5414612419508582,0.839599817259308
robot1,401,1722894401202022575,-20.041983429633287,29.11825050734568,-35.93666118343213,-0.04416385531094724,0.0022513251335694005,0.5267501903370128,0.8488690843699855
robot1,402,1722894401701580677,-20.021276915884574,28.904090158041495,-34.9753199510607,-0.04387381575718124,0.006102565450453426,0.513316877316645,0.8570552085179323
robot1,403,1722894402202206463,-19.98284352450028,28.6670190439192,-34.095182674134946,-0.046049842161098996,0.004601590409155153,0.519179510408854,0.85341131547119
robot1,404,1722894402700574657,-19.92762673748251,28.44143167638129,-33.11430021689848,-0.045574610990346924,0.00419686956008239,0.5431418529429174,0.8383926697560687
robot1,405,1722894403204930160,-19.90704746059874,28.193930411810296,-32.128921146461145,-0.04301546452328234,0.005276519189960857,0.5494659002000645,0.8343914265345834
robot1,406,1722894403700018507,-19.924222304552394,28.035012127682975,-31.112459554248613,-0.043255025218229964,0.00415106096219866,0.5439620103322713,0.8379839513985529
robot1,407,1722894404199961232,-19.97959781464017,27.87348332159523,-30.153681786977305,-0.04164486879862409,-0.0005828045085181763,0.5464997796141011,0.8364229528912924
robot1,408,1722894404701132575,-20.03939429070782,27.711259902855424,-29.238859583453753,-0.03956331484828628,-0.004738140558620937,0.5359166479793255,0.84333008991786
robot1,409,1722894405198645485,-19.96329695219661,27.531248995538256,-28.278522087920454,-0.0377368868921377,-0.003121839054812233,0.5221068924380826,0.8520390685627358
robot1,410,1722894405701877463,-19.946945064350523,27.25976526526742,-27.32227014952756,-0.03750342260902792,-0.005901035804773089,0.505757081143438,0.8618401510386421
robot1,411,1722894406200670479,-19.924902499053896,27.064438276934492,-26.328982128366064,-0.034411028334482015,-0.003860964577129925,0.4909371534587586,0.8705065682895844
robot1,412,1722894406701744351,-19.978103051965704,26.83603568148945,-25.314716311054838,-0.028516754190942146,-0.003909336157542756,0.49674273235022776,0.8674204111493172
robot1,413,1722894407198355170,-20.062135350987695,26.65187477870498,-24.297300448963323,-0.02730684688083165,0.0008920558462562208,0.5101899269601561,0.8596276977728118
robot1,414,1722894407704231383,-20.14894962204611,26.467942316791554,-23.289121829296594,-0.020732743359951327,0.0006773505025954174,0.5012515217726302,0.8650529500959403
robot1,415,1722894408204808244,-20.18307415482826,26.23907407952749,-22.30184477804686,-0.023381670916884915,0.0006025473018177951,0.48522305911305563,0.8740775236252514
robot1,416,1722894408701105079,-20.163289878293334,25.981644735629565,-21.337910182356293,-0.023979872860275753,0.0020504439672025293,0.46971375774213975,0.8824906499022529
robot1,417,1722894409201060015,-20.207384911427173,25.709040310859468,-20.380133485768773,-0.020561856105433353,0.002133462331045247,0.46482884953298503,0.8851591941870247
robot1,418,1722894409704855693,-20.273058428146644,25.502677717618095,-19.369783062665952,-0.019365107695824915,0.0035989835925923407,0.462442844909304,0.8864302877909908
robot1,419,1722894410203461559,-20.303795968659486,25.255411799404744,-18.40405943456148,-0.020119037488568574,0.0016074350968504625,0.4518226079661344,0.8918794601366397
robot1,420,1722894410701299721,-20.367199307151996,25.008349612085745,-17.422623788891087,-0.015481029412566998,0.0037834086292172406,0.46023715682913724,0.8876529631682101
robot1,421,1722894411203544756,-20.43551663556299,24.783489913041677,-16.461461396705506,-0.022792615223150743,0.006771957571692903,0.4494447475842959,0.8929916327440168
robot1,422,1722894411702083844,-20.482324943914033,24.5655302657929,-15.573772403644403,-0.018408669835390457,0.0010437133835957497,0.4385901894695329,0.8984980118165781
robot1,423,1722894412203106355,-20.506741788585206,24.337496371526452,-14.684131359959848,-0.01384372736546101,0.004797853328483312,0.4270360793083762,0.9041158768570539
robot1,424,1722894412700117791,-20.60839484980291,24.29518902202822,-14.042873483389448,-0.006056738680601895,0.008585501357495653,0.41677662277471106,0.908948211831401
robot1,425,1722894413204784993,-20.823922978277956,24.34059695590969,-13.541595105311677,0.005324646819052651,0.004025007253152249,0.41082820916890345,0.9116883403904736
robot1,426,1722894413701188038,-20.80412256283445,24.09277748954724,-12.947810705959867,0.016081098989999286,-0.016905028789747003,0.40304837107616326,0.9148812102288161
robot1,427,1722894414201873996,-20.75032707483613,23.85485231766678,-12.490083865484623,0.013880547090108535,-0.013324053720915259,0.39545786990408727,0.9182825671523137
robot1,428,1722894414702077799,-20.787610684267413,23.677720080641663,-12.02030336698004,0.012373963288325724,-0.022713303093244534,0.38546536957228245,0.9223597127778497
robot1,429,1722894415200267191,-20.700430500698097,23.341317879741414,-11.439252469257296,0.0019256239576824284,-0.008231898653526396,0.37730367740615045,0.9260510044445324
robot1,430,1722894415699958046,-20.547455199035912,22.98315052975047,-10.841106180135002,0.0037874991286203593,-0.00735997984848021,0.37154218432411124,0.9283791740526328
robot1,431,1722894416200594749,-20.55641549881281,22.730630722206236,-10.117301296763882,0.003159273643756807,-0.005932945464008664,0.3658526655853153,0.9306485084242517
robot1,432,1722894416704431751,-20.559220731963205,22.42813095534186,-9.269090132015211,0.0012385184656423104,-0.005365692328904363,0.3621352387441824,0.932109298461042
robot1,433,1722894417198947903,-20.51007611032973,22.128190439895363,-8.527235853079254,7.969102760503057e-05,-0.0041764936958187514,0.3521114664421487,0.9359487516684386
robot1,434,1722894417701334713,-20.456273310744578,21.824320950264358,-7.65232981954439,0.0009313998893438061,-0.004902975192899984,0.3425126830581755,0.9394999495863711
robot1,435,1722894418203062881,-20.417624168484416,21.47401949272509,-6.752815562150675,-0.0007865810956934262,-0.0026776273988291,0.342511386136879,0.9395095326649361
robot1,436,1722894418699795766,-20.4645212434003,21.2092308530609,-5.905129196937686,0.004350171090990273,-0.006845563134931441,0.3395136276954521,0.9405661650760774
robot1,437,1722894419199451947,-20.520112877054636,20.935453840473606,-4.933797945695457,0.0035567361591673096,-0.004245754858394891,0.4021293816797122,0.9155661000623979
robot1,438,1722894419680283157,-20.589224066252882,20.703286622794643,-4.063866246434531,0.003192569596718752,0.0018073509091951852,0.42840451781166833,0.9035796091660176
robot1,439,1722894420205775951,-20.6980801335378,20.509215116519723,-3.105430296636154,0.0016941367286219743,-0.0002309933596857391,0.4290257177362664,0.9032906564687215
robot1,440,1722894420702136363,-20.746359994327243,20.315453907884844,-2.212636045829518,0.0007718686861991095,0.0058614247154729305,0.42548949121107116,0.9049440539547071
robot1,441,1722894421204728084,-20.777695915909952,20.10373192357564,-1.3595359703312064,0.0013244368010165307,0.006149916111267974,0.42218746011535174,0.9064867196602125
robot1,442,1722894421701510658,-20.872913531186615,19.90320845321644,-0.4947494124009713,0.0010634409302119421,0.008115110973432345,0.4165075697977679,0.9090954066369681
robot1,443,1722894422202335030,-20.924656521708155,19.71725609921589,0.388916686789063,0.00309988938447918,0.007862596177883211,0.4139541886997869,0.9102584797325697
robot1,444,1722894422704551912,-20.954090653814358,19.5399909289205,1.308575147473502,0.002855809292906761,0.006907937081965808,0.4115008627245721,0.911378716415677
robot1,445,1722894423200967971,-21.009424523038952,19.32387424741547,2.174431635131606,0.004630075965591882,0.008517595820930361,0.40919890622858124,0.9123937023562345
robot1,446,1722894423703329401,-21.054194863347544,19.10869656570416,3.1041164174610345,0.0020302386546408643,0.009835722797856975,0.4068250867180463,0.9134508664974286
robot1,447,1722894424201597429,-21.055867121168287,18.865092361345816,4.022795750142812,0.003345130670107153,0.009710841379368113,0.40089455748459185,0.9160666260920861
robot1,448,1722894424704216159,-21.148437071942546,18.635089898801954,4.987828807781335,0.000483342968134229,0.010959055215116652,0.39592001120204057,0.9182194782393496
robot1,449,1722894425201588767,-21.217180550471177,18.421883724362303,5.980944624006031,-0.0014249002810017722,0.01308244647903174,0.3938387321467967,0.9190853455007952
robot1,450,1722894425700470103,-21.197160494173684,18.1360069354186,7.012913497443313,-0.001437870008094654,0.015793586370605697,0.38951110337527717,0.9208852238508164
robot1,451,1722894426203370813,-21.163034013829346,17.87649346424752,7.997015175969367,0.003478487657340191,0.014670304404511678,0.3872024003064818,0.9218714571398747
robot1,452,1722894426701054180,-21.247519489325118,17.669848260237742,9.018794722877717,0.0017849661073350755,0.014049518323811992,0.4061197713460455,0.9137101051497134
robot1,453,1722894427203748640,-21.308650739490574,17.477063955340213,10.049723806992315,0.0029284341602665302,0.014472066083037029,0.4230238770238273,0.9059982246364432
robot1,454,1722894427699397334,-21.381764571739918,17.298446170485438,11.04098144762637,0.0032536311030564717,0.019827367443786024,0.43832596729846546,0.8985914732384004
robot1,455,1722894428204044853,-21.412519554997676,17.12472162689033,12.016532335020619,0.00289910448200277,0.01790488688701249,0.4410659203636984,0.8972914042341481
robot1,456,1722894428700752833,-21.476640862358988,16.903098324008685,13.05822809887355,0.0052046764485597285,0.019566370083383893,0.4453617805661552,0.8951217531239924
robot1,457,1722894429202508746,-21.539672813475793,16.59111271816427,14.043899827172607,0.006687769400232903,0.009183808516660395,0.43684852548983893,0.899463338429606
robot1,458,1722894429699897880,-21.621214156196146,16.357438347076936,14.988397944021703,0.002685199016271028,0.02195832305112115,0.4266911413347175,0.9041268117147626
robot1,459,1722894430202744878,-21.772778047510766,16.307468325576625,15.873846626887559,-0.0017270495730223262,0.01884798974769389,0.42341496716896027,0.9057381167641955
robot1,460,1722894430701878548,-21.863304144558693,16.250010951674977,16.63367337548814,-0.002858447173033796,0.024729540175364224,0.42421097280490827,0.9052211495951624
robot1,461,1722894431200957742,-21.87901299232679,16.081689193872247,17.39606960372019,-0.00038659131991302493,0.016937452835907252,0.42619963684202766,0.9044704764636082
robot1,462,1722894431704990872,-21.881316797333888,15.881513101474766,18.162567696601776,-0.0038014395584657,0.01333996754212971,0.41916293726639137,0.9078050596606464
robot1,463,1722894432204018675,-21.921551392022273,15.64180780317093,18.983135743800307,-0.0034221406371624293,0.016832086647440615,0.40825388396852,0.9127068182265161
robot1,464,1722894432701241799,-21.96185932618751,15.489160005797109,19.71012110637933,-0.0004929003365095843,0.014377571958919786,0.40264482797998613,0.9152432381475384
robot1,465,1722894433200508412,-22.027454665246577,15.424935985984314,20.36721876141627,-0.0007320588564799745,0.015956493156265503,0.3987923897777818,0.9169021126986842
robot1,466,1722894433699447506,-22.027579773516933,15.273285850292472,21.09204655057336,-0.001793557954897998,0.014333057708375715,0.4011488989272378,0.9158989614013412
robot1,467,1722894434201090663,-22.063168636794543,15.054419189743859,21.835771859501286,-0.002273804795942511,0.015491647218257734,0.4093548812792815,0.9122408781955785
robot1,468,1722894434700747183,-22.125055930239068,14.905804321005187,22.572604819977407,-0.0015046146385188587,0.013501683733666165,0.41336520581976893,0.9104639736358192
robot1,469,1722894435200332818,-22.166388222616863,14.779262924444549,23.349242191987802,-0.002442841138172206,0.015373411333639089,0.410337112335641,0.9118010446315512
robot1,470,1722894435701427461,-22.246145072226575,14.60458135239573,24.066016934535963,-0.0022232211274755384,0.009019732523206076,0.4069297605450786,0.9134122134588267
robot1,471,1722894436201601848,-22.324829921307032,14.422119452030891,24.817013747993105,-0.0016798690056700214,0.012056864799781963,0.401306402895699,0.9158629706709615
robot1,472,1722894436701760530,-22.36365130324144,14.256147541010153,25.563263304446014,-0.005702917109098893,0.015748905137186985,0.3952776017065865,0.9184089864066639
robot1,473,1722894437200924854,-22.465692082257053,14.138682552827674,26.261958056765558,-0.00403810659335376,0.013614898204759224,0.388312580409304,0.921418291623236
robot1,474,1722894437698962539,-22.501047287672254,13.978156232409768,27.03600120039821,-0.002069683966793342,0.015652800283311872,0.3840414194491883,0.9231808568200606
robot1,475,1722894438204020740,-22.571096303750473,13.794761406793109,27.739851717152863,-0.0013267231252522382,0.014640434089119263,0.3811994319963398,0.9243759465396636
robot1,476,1722894438700442499,-22.63806300210906,13.63689935481008,28.495279026553,-0.003368246369586327,0.016566639147885046,0.377708689140542,0.9257701375241432
robot1,477,1722894439200637761,-22.65784803703721,13.516314286465338,29.2548035729129,-0.0012164434588640882,0.015227045066930688,0.3761113979423452,0.9264485272813033
robot1,478,1722894439700121441,-22.695151220524394,13.361140917800139,30.00587474806497,-0.0027518090953377863,0.01479361055191352,0.3739694766600027,0.9273189349733914
robot1,479,1722894440200985148,-22.715256205765314,13.129958249578081,30.774984982230045,-0.003992304473606862,0.01527665860942582,0.3717220969529009,0.9282097650012411
robot1,480,1722894440701702903,-22.744764157261677,12.950774227451722,31.539342811376695,-0.004873803702978477,0.016392463566118124,0.3698417676246211,0.9289373499305504
robot1,481,1722894441201965851,-22.771990912247514,12.788171808670318,32.335984190848876,-0.010123512376417837,0.012484653583092075,0.3653460707267593,0.9307329888462064
robot1,482,1722894441703520773,-22.812488739464744,12.65802174484315,33.07920390754499,-0.012164508402702003,0.01851938537843178,0.3618461046011442,0.9319744919714829
robot1,483,1722894442200636798,-22.87259190851145,12.563141648291824,33.742002450844424,-0.012142862267711612,0.017205982590909778,0.3586087108536101,0.9332503938166544
robot1,484,1722894442700660725,-22.950049974978555,12.47046607949431,34.370961667542105,-0.008597214365211436,0.010782872394773012,0.3599611854612873,0.9328653506961126
robot1,485,1722894443202808824,-22.962583875359794,12.31333960913446,34.96152724161867,-0.010587988388560001,0.011176613776556784,0.3588061316696585,0.933285132037701
robot1,486,1722894443701368250,-22.930689951417726,12.096009381759387,35.56110056623009,-0.010148037129776844,0.012330916133460929,0.3596673127205614,0.9329439372277909
robot1,487,1722894444205298302,-22.881215297185147,11.821792789609137,36.20677804739907,-0.010349479414002629,0.013270958617336787,0.35741410689032793,0.9337943703669589
robot1,488,1722894444703328094,-22.85576274509485,11.598057432430439,36.947525503454656,-0.011779968236851856,0.013817216091868518,0.3690568832820456,0.92922943011398
robot1,489,1722894445201075734,-22.90216527401719,11.447112397169972,37.752538377612176,-0.013708493146816042,0.012654041691960043,0.3771548775115277,0.9259622836885779
robot1,490,1722894445702170375,-22.933616277843953,11.316429709040976,38.46170754111892,-0.01618090809897822,0.013088092523179131,0.37748644341891974,0.9257812187996319
robot1,491,1722894446205420181,-22.990070264491848,11.181316769715854,39.11355331345326,-0.01656003998847337,0.01557463829231789,0.37802987616862577,0.9255142399993515
robot1,492,1722894446701701375,-23.014406458783917,11.044751513641025,39.747101054741776,-0.01689920560142835,0.01697663004876036,0.3797242377134147,0.9247895512900187
robot1,493,1722894447203837114,-23.0495316248163,10.93369834245243,40.344865757154466,-0.016905971452251728,0.014476682656333532,0.38950399971095573,0.920755802587033
robot1,494,1722894447700832012,-23.06138096337071,10.805280903090466,40.92061829930702,-0.010468034079155055,0.016443391166247465,0.39221972360635293,0.9196650061645423
robot1,495,1722894448200487529,-23.098756699799427,10.689971403889112,41.438190678444826,-0.008523573667579535,0.021945494118923475,0.3897643617284075,0.9206136466000582
robot1,496,1722894448703088211,-23.114409298572102,10.56164604588927,41.94084673486956,-0.005237811042056923,0.02114152751321835,0.38785386098471714,0.921463500996726
robot1,497,1722894449212132764,-23.105345677849577,10.43703437919871,42.4825769482875,-0.004243684080123681,0.021918636572807213,0.3842216359726355,0.9229709090576631
robot1,498,1722894449702314643,-23.124299821332123,10.335197141037554,43.02849792140351,-0.0013638912975543187,0.022378411614684037,0.38207759782813594,0.9238582443925114
robot1,499,1722894450201459137,-23.167145321420143,10.219825905193726,43.54218613678396,0.002126707472721729,0.013447989606045702,0.3800140038839566,0.9248805250101038
robot1,500,1722894450701315870,-23.21099655517901,10.07651034356378,44.0761706004682,0.0009442413127589351,0.013654300690832647,0.377768826370933,0.9257987806771596
robot1,501,1722894451200946483,-23.217435251778415,9.883865687015602,44.60785554855519,-0.002106516985704183,0.014224101223324674,0.3759450706315952,0.9265303780224275
robot1,502,1722894451703740017,-23.206260025126145,9.685944642352506,45.20286870733292,-0.005048039843420207,0.010199553656772211,0.37442982464183994,0.9271854144763187
robot1,503,1722894452204138206,-23.219459962015566,9.55116555943977,45.77257938051108,-0.010561714708449053,0.012987264561398901,0.37156712100842915,0.928255167358166
robot1,504,1722894452706041286,-23.25469968501473,9.461971128101746,46.35709316048847,-0.015248912242382484,0.017329295743532522,0.37034488607123306,0.9286074690337908
robot1,505,1722894453201797296,-23.295006453652782,9.341890870736508,46.898865486465894,-0.019865556120458126,0.013586956444804512,0.3673313367148502,0.9297787066618989
robot1,506,1722894453704195257,-23.30405025021413,9.190697982009162,47.467293655664754,-0.02116665971567397,0.013718259988191832,0.36457590274057217,0.9308319896739013
robot1,507,1722894454203920243,-23.327204363362384,9.069814542908825,47.981930001330774,-0.021384530597149783,0.013426930118930208,0.3626174799920969,0.9315959331184858
robot1,508,1722894454703670985,-23.333384043598986,8.978302783993994,48.44973240085247,-0.020810366745441608,0.011860859047505308,0.35957580535794353,0.9328083880732215
robot1,509,1722894455207151016,-23.330216031232393,8.86526839832721,48.883173101541516,-0.018239361652026446,0.014904844900700842,0.35889941415000465,0.9330789794051713
robot1,510,1722894455701068605,-23.32711653822505,8.692684671879974,49.366932170458455,-0.016204902787095993,0.012537469049846404,0.3585452776015265,0.9332874674531578
robot1,511,1722894456204442032,-23.29143295790532,8.469421532606662,49.87315877536172,-0.016813550524592737,0.013521796873412095,0.3592342589434682,0.9329979703779685
robot1,512,1722894456699265923,-23.298634776298005,8.315817282194404,50.43858816803994,-0.018199924075852664,0.013310864674533985,0.3590957555683749,0.9330283071686665
robot3,234,1722894326626535261,3.9075780809225313,12.021367406660838,-43.68788197237504,-0.024710364073498352,0.01909542829405625,0.9301012442645193,-0.3659732749029832
robot3,235,1722894327126398800,3.998553197768568,12.11525447109221,-44.177952771557486,-0.010969920988605438,0.021654621181245566,0.9296027960203163,-0.3677626678256112
robot3,236,1722894327623552259,4.061054556852355,12.201372221049061,-44.58289221271191,-0.0028852087028454205,0.028532097241663158,0.9285254621860225,-0.3701595076044471
robot3,237,1722894328125479662,3.84541474467181,12.289489716447422,-44.8227362103654,0.00615860143749298,0.023221954819526516,0.9290874864955097,-0.3690789277107949
robot3,238,1722894328623660640,3.584887586587774,12.369088898974585,-44.904055685893695,0.0072092444499821376,0.024090488033835827,0.9274783171584243,-0.373030355844842
robot3,239,1722894329125785005,3.1962922595128993,12.393994270880853,-44.91378228428288,0.006201055251750006,0.022623063523026656,0.9390640058327825,-0.34294101075824357
robot3,240,1722894329675540125,2.9549872721157437,12.444760642302782,-45.18380905561499,0.002343044712190904,0.019750595329645047,0.9471035671004225,-0.3203111882392755
robot3,241,1722894330174984772,2.6848389701153357,12.514854211533557,-45.42694303292994,0.005098203332352171,0.014236777382905004,0.9530170257624767,-0.3025390406201725
robot3,242,1722894330626899203,2.301357704591363,12.573618130459026,-45.683730208759435,0.006775181290383965,0.007148298714642055,0.9543611554226947,-0.2984925187743035
robot3,243,1722894331132956104,1.818058195592731,12.630145862513201,-45.941251893420684,0.004303231300574124,0.003525092053939567,0.9560138538462569,-0.293268762708224
robot3,244,1722894331677008888,1.4158811519930345,12.750962126820102,-46.377463215932416,0.0031148425649707087,0.007789432755226669,0.9563190193983979,-0.29220464683169206
robot3,245,1722894332175223665,1.134623312960518,12.889717100789614,-46.98078780630713,0.010087580688490102,0.009651660155956,0.9542852527935201,-0.29857116818757745
robot3,246,1722894332625264496,0.8780368307455473,13.000085311794352,-47.43349697440508,0.008126257481177552,0.007666216206531926,0.9528005372490548,-0.3033913797165915
robot3,247,1722894333175722874,0.47003725132400503,13.105853611071106,-47.91957397961217,0.003290506523684839,0.006476012406602046,0.9479854215021701,-0.3182308508763409
robot3,248,1722894333626004009,0.13101466006163523,13.205998889040687,-48.25280546030043,-0.007908353399116436,0.004747318806793982,0.9402412501938027,-0.34038406593825193
robot3,249,1722894334129322002,-0.2388538425199046,13.356222857078414,-48.70859703578143,-0.016138791741425094,0.003975564948136436,0.9366617428514087,-0.34984069769401005
robot3,250,1722894334676444668,-0.6930245764375016,13.528550217685435,-49.24916811658998,-0.005771421019834387,0.0025591071619320747,0.9243573300293384,-0.381475645475538
robot3,251,1722894335127042536,-0.9920206097273031,13.655250233263736,-49.77521892261754,-0.003333905691290424,0.0014866240759370142,0.9108400739860589,-0.4127433035710806
robot3,252,1722894335625544879,-1.2448698184914018,13.800466760676732,-50.39765918341295,-0.003052772631756804,0.003971183791846305,0.8981644868677063,-0.43963105532732755
robot3,253,1722894336126908767,-1.5492100167153806,13.909528576629437,-50.99722797962673,-0.0057187906443556214,0.0040871597132845425,0.8752137531704148,-0.48368530763338297
robot3,254,1722894336676780769,-1.8677065386995724,14.066056661157694,-51.5991865121319,-0.014235763222399278,0.004336418587471429,0.8604742028003144,-0.5092766289890724
robot3,255,1722894337126403980,-2.0214916101154214,14.235734288501563,-52.16566176417217,-0.013832375488909266,0.0091253535063588,0.8425668717341838,-0.5383367533131928
robot3,256,1722894337624410083,-2.2161742372465585,14.343076415325426,-52.78427634648326,-0.010317367156538096,0.012898852306384783,0.8369699956390684,-0.5469994496743787
robot3,257,1722894338126653090,-2.3169365503962256,14.43632598605732,-53.35852957436602,-0.01378954486908043,0.012818719861274325,0.8416642463343966,-0.5396728873269196
robot3,258,1722894338626255721,-2.5150736122401876,14.547131307663813,-53.918293845389044,-0.010803495540945915,0.01976347077619981,0.8454378677333918,-0.5335986333466297
robot3,259,1722894339172923011,-2.718900346043571,14.659931388133478,-54.44707368568999,-0.008168529603368823,0.026064869803056827,0.8497038800193142,-0.5265521949117595
robot3,260,1722894339623930615,-2.7770294514819964,14.76625378986756,-54.89170423289942,-0.008473876219856019,0.03262039051355583,0.8647649031150688,-0.5010446745400448
robot3,261,1722894340125796338,-2.8404872004403585,14.85710293147471,-55.304887608064966,-0.0029196415084588845,0.038023148477242565,0.8890072946991202,-0.45630225272848635
robot3,262,1722894340675394633,-3.1434583469058657,14.989294161234064,-55.73156930625016,-0.007424571841391845,0.040161033023150064,0.8919813589649801,-0.450223524950077
robot3,263,1722894341174537499,-3.5181300024036792,15.06002201848317,-56.077546032185225,-0.0060641006437500405,0.047904953795433976,0.8917652997902038,-0.44991442761410516
robot3,264,1722894341675676757,-3.748000852387785,15.189393129860497,-56.58295769279951,-0.008073980346709647,0.04716120654698402,0.8845274193932646,-0.4640278825457425
robot3,265,1722894342125351214,-3.999802085714075,15.311704126673634,-57.14051697712952,-0.007796097571556669,0.045586989457751956,0.8553463017417167,-0.5159881310181481
robot3,266,1722894342630272360,-4.288393201798319,15.46109961829958,-57.78827143316771,-0.008041687661204097,0.04682935939734969,0.8184560836408015,-0.5726010666330921
robot3,267,1722894343126851094,-4.494886885424419,15.616292159237897,-58.52244196746112,-0.022527791295984423,0.03859849767681557,0.7586317583957183,-0.6499850073269675
robot3,268,1722894343627742470,-4.344313492686186,15.698341606841959,-59.18401381694612,0.01648356908579541,-0.04268496967694168,-0.6934499050583556,0.7190504255533335
robot3,269,1722894344175885428,-3.9630695276280288,15.782527037349263,-59.76866168792789,0.010670626910980124,-0.038717508095819704,-0.6377682501738949,0.7691805713603959
robot3,270,1722894344625611915,-3.7064675864608194,15.828510076364045,-60.20580097679184,0.010197227826538736,-0.039636180203982616,-0.5444311413679966,0.8378064944080056
robot3,271,1722894345126236006,-3.429417787732589,15.938423723783709,-60.48829454155744,0.007085969801685507,-0.04275555828993923,-0.43885416619454976,0.8975125470326148
robot3,272,1722894345627635116,-3.108742511314657,15.951027747595893,-60.624520703427464,0.006743483337357098,-0.04543394026449108,-0.3463823428006343,0.9369682785988357
robot3,273,1722894346125637630,-2.6794261204987775,15.921410522934005,-60.628316718469286,0.0075164104226175706,-0.0390138793246243,-0.2395908783515556,0.9700606330560644
robot3,274,1722894346624364101,-2.2146960197179855,15.84959353581793,-60.717951177994806,0.003342581628936128,-0.04446871989845026,-0.19291287142756156,0.9802020119017406
robot3,275,1722894347128368404,-1.5768086547571236,15.80595452675189,-60.92075331442648,0.0007839709412734603,-0.04781910636722662,-0.08042119559573174,0.9956129517813417
robot3,276,1722894347623975248,-0.9299837373274827,15.74637388429772,-60.76872799458674,-0.0030188951282935504,-0.04752757180959967,0.031135239362714964,0.9983799943207566
robot3,277,1722894348128663387,-0.12295610237920379,15.646327321972512,-60.75755038461602,-0.0025476871689766828,-0.034730617073034986,0.05239891765213453,0.998018861022526
robot3,278,1722894348628456964,0.555376624385453,15.627355280996573,-60.94294050173556,-0.00036059164689249866,-0.03391810392101173,0.05644083155081716,0.9978295769989582
robot3,279,1722894349126320016,1.1711827232475946,15.506498363857478,-60.83568883016798,-0.0011289559236268467,-0.03546736693123217,0.03878314771628906,0.9986173735694289
robot3,280,1722894349674071846,1.799984431921833,15.390866405905458,-60.81591148031483,-0.0019355293615799698,-0.044030530672179706,0.034644896485072366,0.9984274121048335
robot3,281,1722894350124684898,2.4087707850555313,15.33618803799201,-60.97016217221614,0.004220158274106881,-0.04651902799031759,0.0683062949917085,0.9965703288596762
robot3,282,1722894350628770416,3.0468574324805995,15.303579584578245,-61.137852951936416,0.0033344621882688275,-0.03926968067201114,0.08237730034542076,0.9958216476506391
robot3,283,1722894351126022674,3.761997977726128,15.25825445310845,-61.32399524778539,0.0056464080605614485,-0.03758731125121877,0.08100194034101024,0.9959889546425247
robot3,284,1722894351627991292,4.418725498423439,15.233894912492495,-61.48607651738799,0.005877030837195705,-0.04076747584081779,0.06731652587153711,0.9968811156635948
robot3,285,1722894352174538415,5.110505655808317,15.152278363853867,-61.57894366352735,0.004980445793082185,-0.036435758751613305,0.0772193569024317,0.9963356871875418
robot3,286,1722894352626809690,5.695020463426574,15.086471497285329,-61.73795484664512,0.004683640255816275,-0.03625304050238672,0.08515172616625542,0.9956972251137358
robot3,287,1722894353124851305,6.28548927390342,15.029545716543854,-61.901147154154074,0.007055408821302851,-0.03811920731205099,0.07598740690048429,0.9963548871927137
robot3,288,1722894353676552348,6.943715376019674,14.997866719196216,-62.11961256935208,0.00966594064418231,-0.03981651720709601,0.07117893777427342,0.9966216801606748
robot3,289,1722894354127765171,7.508646214409732,14.943796441441155,-62.21350515022312,0.01014084070778149,-0.03519446258522578,0.08874550264256237,0.9953807055161334
robot3,290,1722894354636948331,8.170576794824633,14.881546424922997,-62.375889517353116,0.008625481320028381,-0.03409224479123798,0.1126057204143523,0.9930172564699251
robot3,291,1722894355128595122,8.791719012586956,14.851403100151456,-62.5780885698797,0.009461209613435736,-0.03247752394055958,0.1378850909974711,0.9898703943607771
robot3,292,1722894355627102956,9.427092618361106,14.790208667640178,-62.742169646682775,0.010959353128794699,-0.042697482020697404,0.13813045955801337,0.9894325614969333
robot3,293,1722894356175609057,10.200056509872,14.689307418117535,-62.924164613110385,0.011967160063195042,-0.03432173331747762,0.15037415509145774,0.9879607376726243
robot3,294,1722894356674447342,10.864251985240605,14.635870546283837,-63.04902673363136,0.012184375989499787,-0.03716761392552176,0.1718345365557461,0.9843490242304819
robot3,295,1722894357125084097,11.482128291701631,14.627832634897374,-63.12842635503502,0.012454557978024253,-0.0344207560973695,0.20490651425437997,0.9780968336271093
robot3,296,1722894357673892444,12.065072386234071,14.561780731981663,-63.30122827301167,0.014467592700147502,-0.03902156841412646,0.2380113623597347,0.9703703403070538
robot3,297,1722894358125887636,12.422987220210183,14.513790955897719,-63.436625148120605,0.016936020356490365,-0.03779436582537484,0.2579166880619405,0.9652790990928489
robot3,298,1722894358631792729,13.034277027525281,14.384655713040651,-63.62034792866071,0.013569473443195269,-0.03779054715599688,0.26644473297675064,0.9630134724940627
robot3,299,1722894359129697072,13.773139813382075,14.399278234433432,-63.72449901891897,0.012273762952778933,-0.03609127461950141,0.31086153681564865,0.9496904124860542
robot3,300,1722894359628669347,14.520620005347046,14.311898764334973,-63.7544017713934,0.01139471315783338,-0.03999911767465062,0.33748842165578313,0.9404104403639874
robot3,301,1722894360133155621,15.300733370603611,14.19226905852574,-63.88832024352523,0.009952401297272822,-0.03374554120894808,0.34395241812101546,0.9383277264504334
robot3,302,1722894360623470618,16.01614092885805,14.039022094346407,-64.11884913540102,0.01111687720252889,-0.0367366828343367,0.30244596786416783,0.9523934416501932
robot3,303,1722894361125779711,16.79284431563235,13.961384521869137,-64.24254932899083,0.012158265390551442,-0.03473075404347984,0.29874009876729934,0.9536248238666863
robot3,304,1722894361624758758,17.575870692694263,13.948294715375429,-64.4148216629897,0.014126593267947173,-0.032699654415822975,0.2965862009268206,0.9543415517431499
robot3,305,1722894362178267166,18.441666635546824,13.911837040821219,-64.59630936380397,0.01059324112533837,-0.018443376840254305,0.31842069896223724,0.9477108649612439
robot3,306,1722894362628184191,19.03722426737502,13.872288422421802,-64.69640635887096,0.011847845543810924,-0.020478920911195457,0.33486713949115654,0.9419682803806576
robot3,307,1722894363127794642,19.68962455202601,13.85580449543285,-64.79179908962821,0.009982742089342024,-0.020675667617970517,0.34074183711587186,0.9398765142654804
robot3,308,1722894363676434658,20.540191855316863,13.788178665589285,-64.891842466639,0.014094331792589319,-0.02380189792970453,0.3283636887427323,0.944146231990326
robot3,309,1722894364176002065,21.364266456925122,13.747489426447693,-65.02587974062178,0.015568295019364933,-0.03644164236736876,0.3111369357693336,0.9495385416568558
robot3,310,1722894364675673164,22.235122424274653,13.653075684142891,-65.16228398257735,0.014956265894522832,-0.03152398867257438,0.31376436860346296,0.9488595624451145
robot3,311,1722894365176277214,23.158394539297408,13.538240850689782,-65.26304591823244,0.013912624635342501,-0.026420845869518778,0.32344649023999766,0.9457752088793204
robot3,312,1722894365675166846,24.00484059670475,13.425627060703265,-65.39241947364275,0.016336747495024565,-0.03240881654391832,0.3422836058527711,0.9388954747233216
robot3,313,1722894366126780891,24.75915791535549,13.34681108929239,-65.47004068023936,0.016127742084136306,-0.03660378502290658,0.3446726288918432,0.937870373639156
robot3,314,1722894366675487232,25.707018409221593,13.265598065583562,-65.55167759204467,0.006471027052909948,-0.029027828780742275,0.3437474692661126,0.9385910655542696
robot3,315,1722894367127815511,26.490022017605284,13.100668969685326,-65.60485940932267,0.01053314618736844,-0.03125437664866695,0.35689931498363414,0.9335604403229131
robot3,316,1722894367624002377,27.353080961054,12.893721527192513,-65.64479587197819,0.011775580551897506,-0.0332557809279969,0.37633790027238184,0.9258105494949329
robot3,317,1722894368128886048,28.275050189806485,12.890172110187054,-65.71188686868304,0.008522205829985613,-0.03156242971004986,0.3892199407315621,0.920564513098082
robot3,318,1722894368676431629,29.264317983761046,12.76410015620153,-65.92900878013198,0.00785112664840965,-0.03051727180206045,0.389194608521217,0.9206164307843557
robot3,319,1722894369173794136,30.019965779845112,12.636122079055404,-66.18106292370707,0.010533904383368771,-0.03196610036335323,0.3874657329326239,0.9212695105608276
robot3,320,1722894369625854772,30.737525534022954,12.657113684034332,-66.29820730021204,0.011747957884132142,-0.03172591509481041,0.3871310343370186,0.9214038278898671
robot3,321,1722894370173361961,31.57729979841887,12.542449329999773,-66.42577228799827,0.01416175978250662,-0.035934951058317344,0.3770621714879098,0.925382214376914
robot3,322,1722894370624710257,32.417612860495595,12.434183314772842,-66.5106290999482,0.013078760811178588,-0.0393781986114631,0.3829700390187633,0.9228283982971738
robot3,323,1722894371174456395,33.36880702726141,12.376552772342697,-66.63566118457257,0.007665888394424582,-0.03822739541012116,0.3933996951670441,0.9185404619491507
robot3,324,1722894371624798606,34.15321386296775,12.309457878566391,-66.74946504721613,0.008959271369567718,-0.03654885647216721,0.3986540225759355,0.9163290254221618
robot3,325,1722894372123896611,34.922712378936644,12.279320778647813,-66.8961793875812,0.010858026223891357,-0.0379914082202582,0.40251035223917425,0.9145622846522039
robot3,326,1722894372625093728,35.709678622111376,12.228526068007953,-67.01197368246545,0.0061089545864956955,-0.028492257397547203,0.4282279417045132,0.9032008092809528
robot3,327,1722894373125845968,36.46289328310311,12.10268168159345,-66.98939149350878,0.008213519124789844,-0.03059861860157527,0.44949816725458414,0.8927192505362657
robot3,328,1722894373672582339,37.24058521817862,11.980762859295904,-67.0758285339477,0.010631175333200406,-0.03397704036733175,0.4486086982712374,0.89301891059165
robot3,329,1722894374177382017,37.981064433764494,11.822272089951321,-67.1538354439188,0.01050138405328401,-0.029451570390620158,0.42219011060896083,0.9059679003355943
robot3,330,1722894374677075959,38.723442710720064,11.7431038035218,-67.24884378642064,0.0172907948763646,-0.04561660001978132,0.4144014999514859,0.9087857564096927
robot3,331,1722894375173074412,39.461559000726226,11.701451300698444,-67.38189136899854,0.01737379681504396,-0.03849247576350348,0.40620895432861454,0.9128037937679044
robot3,332,1722894375626125027,40.2160164007509,11.504471367728437,-67.46322750957793,0.018874527063705286,-0.041873028726264985,0.40040307738018993,0.9151872908415437
robot3,333,1722894376124815701,41.03334730868297,11.359215252074161,-67.49812755289021,0.019415616000938246,-0.0416173046404175,0.42204458290668184,0.9054111794366667
robot3,334,1722894376676002439,41.88438941775391,11.238688662391299,-67.54230567940652,0.019087989349899043,-0.04819546888389914,0.4456261858939996,0.8937170401683107
robot3,335,1722894377124079104,42.79651476984821,11.030089911884088,-67.5247862917554,0.019115759455762715,-0.04544574524094226,0.44434735485851595,0.8944968978203138
robot3,336,1722894377627771987,43.833580103519985,10.867911730518545,-67.5346823013834,0.014762818415885802,-0.03047585238129923,0.4490619485640304,0.8928586942881437
robot3,337,1722894378124530468,44.29353374691274,10.828751318710268,-67.66999398262638,0.017076437080974234,-0.034659886980844955,0.45780528572568496,0.8882124790233012
robot3,338,1722894378676375404,44.79838474889438,10.802622061171792,-67.79793983201778,0.016799716991362148,-0.03638520171163618,0.49087911807491413,0.870305451001778
robot3,339,1722894379128128832,45.406073192775345,10.667741973064615,-67.57595889232768,0.016654821710871914,-0.03667796825257772,0.513253517869785,0.8572911815438977
robot3,340,1722894379624813060,46.233552320866345,10.505200051913512,-67.4120644270945,0.017970179372032408,-0.035745517953217565,0.5197016701917795,0.8534105135276153
robot3,341,1722894380126213573,47.17394198334256,10.369831957015865,-67.33401669613646,0.019955348149588176,-0.03292963228643153,0.5144627585412725,0.8566478234792949
robot3,342,1722894380623543705,48.005568919194396,10.240662445145638,-67.28541472605328,0.02076910860274679,-0.04220717784097349,0.5178574334209443,0.854172627117739
robot3,343,1722894381124389291,48.816542541416545,10.082471438947296,-67.20038921402089,0.01981529092807813,-0.040181991825668166,0.5295673741479786,0.8470839143888712
robot3,344,1722894381625389733,49.71490071632417,9.88751431411671,-67.06820097921133,0.019464339771902258,-0.03884970442179364,0.5311245204084075,0.8461788131148891
robot3,345,1722894382175491383,50.64983767623,9.739660137180781,-66.9991791978117,0.01732333707266053,-0.045340528794267275,0.5227549458179791,0.8511001145953188
robot3,346,1722894382624443813,51.472735707544246,9.61402122231038,-66.92157734075764,0.007125842228903043,-0.025089480071008405,0.514044526618603,0.8573668788889337
robot3,347,1722894383123831368,52.285215160736,9.49425904349671,-66.8352013543692,0.007091361871830911,-0.021085687325930743,0.5059214660771589,0.8622926281368373
robot3,348,1722894383624322513,52.91058140517945,9.394377455665275,-66.83353954953165,0.011133371989512034,-0.023953355209521264,0.49889566379881606,0.8662594307971997
robot3,349,1722894384125535179,53.46157723026316,9.263195400645397,-66.80275001886447,0.009202040034688101,-0.021344094378577823,0.4875392249062543,0.8727916453954903
robot3,350,1722894384623944312,54.03152114337429,9.190979099973044,-66.77032660901506,0.00800051888544198,-0.024003595607033128,0.46085074845561824,0.8871169070327733
robot3,351,1722894385125816034,54.69308109274936,9.145919838198617,-66.76520322398747,0.008274447851096657,-0.025344585753213744,0.4485713391783334,0.8933492817221682
robot3,352,1722894385624025955,55.23117378981813,9.120559746713544,-66.76688908743257,0.006626508318072466,-0.02060320650971638,0.4472374254194441,0.8941533887276923
robot3,353,1722894386175837684,55.6553354374892,9.154425382643886,-66.75095665567062,0.008234242446082582,-0.020454033232285916,0.4657180046658484,0.8846584481628672
robot3,354,1722894386675829761,56.18633794835173,9.076599291418074,-66.71156379688547,0.004151375519368231,-0.01339811208473721,0.46798634754574014,0.883624374485369
robot3,355,1722894387176394867,56.95167412964334,8.94346407707448,-66.55739955919427,0.004498924950980743,-0.008887947855319772,0.4693013222675847,0.8829818984413572
robot3,356,1722894387625801003,57.570548172077025,8.756554878956633,-66.56600308836214,0.005556576559730002,-0.005002507522880217,0.4680110037311113,0.88369100921194
robot3,357,1722894388177838446,58.30703334438923,8.663586340308793,-66.53663181560393,0.004325850622528116,-0.007420817780445855,0.47224698899306417,0.8814244152885974
robot3,358,1722894388674009813,58.90763359725458,8.599026751667838,-66.47415789328804,0.006573161028303645,-0.014144962739646041,0.47706123406848516,0.8787316385178378
robot3,359,1722894389125266964,59.6896671770155,8.538941168683783,-66.37417405834705,0.004669504553887945,-0.010927262905393075,0.48422830313017123,0.8748609838713192
robot3,360,1722894389625612589,60.51082468261472,8.460704975398992,-66.31951080806088,0.003799584416521009,-0.007913891737599968,0.48637626838392956,0.8737053616802125
robot3,361,1722894390126659875,61.109214421319,8.393043247346187,-66.3833182335027,0.006309336224711733,-0.012163099132756962,0.4897406468908006,0.8717604889411257
robot3,362,1722894390631812753,61.83110323823478,8.36805468655816,-66.40720791094242,0.0070236494050339975,-0.009384414772297695,0.4914222436908842,0.8708425687311305
robot3,363,1722894391126490496,62.39095005879488,8.323269054004728,-66.42214626631967,0.006332151979895434,-0.011908329717368127,0.49340414931235604,0.8696956024816938
robot3,364,1722894391624668717,62.92156121725842,8.285869185882634,-66.42219402733507,0.0043529242466596495,-0.013251199209836903,0.48815680060270705,0.872644484194642
robot3,365,1722894392123437930,63.51769629123253,8.240103552301225,-66.4001426254273,0.00276930286342263,-0.01120160525630855,0.48374239268463326,0.8751343625530187
robot3,366,1722894392626903814,64.18912577073951,8.185398595548179,-66.37469226444607,0.009256663178183095,-0.018536833690683863,0.48245464916026676,0.8756758598289516
robot3,367,1722894393125528947,64.82116637889115,8.064510501450048,-66.36320558874004,0.01164085568184277,-0.03051443954168831,0.4824171053155947,0.8753325630623905
robot3,368,1722894393677571658,65.5246821301506,7.951847786214739,-66.32007100443141,0.010510569478789906,-0.024546748406462066,0.5153056788214507,0.8565903585998766
robot3,369,1722894394126381662,66.10084157676658,7.8622420779742015,-66.29167419611693,0.014055741786875289,-0.0317373960102232,0.530306973874226,0.8470948514054798
robot3,370,1722894394626884864,66.83612564977331,7.713085423976008,-66.07847651500077,0.011354863304813136,-0.02894249486611225,0.5594100662849945,0.8283077790346244
robot3,371,1722894395125666533,67.54959914746497,7.5911088618426135,-65.86892077882851,0.00894622448652316,-0.028375126677055548,0.5802434940114849,0.8138994439799315
robot3,372,1722894395624270186,68.17887111222767,7.519323389385711,-65.78452000550803,0.008480612799157244,-0.029660668389763657,0.5787633508511598,0.8149118404273928
robot3,373,1722894396127766024,68.85809026922786,7.347744062113101,-65.5676199606487,0.0011773865632237466,-0.02901153923915204,0.5800753835229742,0.8140451423493236
robot3,374,1722894396627389944,69.53338599614335,7.143755936496861,-65.32787423750541,-0.00018037019435751685,-0.028399754775994473,0.5807366791330092,0.8135959260620844
robot3,375,1722894397134811992,70.07780055615322,7.019850657388445,-65.23174037977442,-0.0014290398738960406,-0.03316415919853803,0.5878335168687885,0.8083005955926078
robot3,376,1722894397674692734,70.6046549465772,6.9081661534694705,-65.15288031091225,-0.00019270638443532335,-0.03384997759951689,0.6257618796709981,0.7792792900054389
robot3,377,1722894398125794628,71.01211169956463,6.807395166367597,-64.8787980132039,-0.0020994666316160497,-0.03139341599187279,0.6419761897173183,0.7660787280092417
robot3,378,1722894398626926918,71.28062948652543,6.747063236298912,-64.63567383043413,0.0017565971960795538,-0.03047875293393646,0.6630905965549588,0.7479163193474732
robot3,379,1722894399176238283,71.65508086309273,6.608156414024109,-64.40209077164896,0.00017168663599148484,-0.028611340748140847,0.6811100573161308,0.7316217954155751
robot3,380,1722894399629236945,72.12919673891292,6.396244295187462,-64.0196611717788,-0.0015315163734302229,-0.030751083824198524,0.683146422055936,0.7296320931355802
robot3,381,1722894400175806994,72.86340508295132,6.141245741498025,-63.634489310563495,-0.0019714123095052752,-0.031070743457019316,0.6426399091792596,0.765535544285572
robot3,382,1722894400675272417,73.65575023541743,5.99003471027861,-63.469404922511195,-3.614329916494352e-05,-0.03217683454360036,0.5740303035138782,0.8182016014773992
robot3,383,1722894401127735877,74.267713834152,5.881442862612092,-63.36429164165411,-0.00026296232510720114,-0.03407847590999095,0.5555892641374423,0.8307581825692016
robot3,384,1722894401628754080,74.98122441939675,5.774340252252925,-63.27832377748108,0.005280643562786,-0.039596281185622556,0.536993109253683,0.8426402850172154
robot3,385,1722894402175081463,75.78585768455503,5.6348301111704995,-63.12431277002305,0.010968651036630885,-0.04217425530432054,0.5318259289006202,0.8457317554833536
robot3,386,1722894402624026754,76.32880598884798,5.512360395679334,-63.01991290046112,0.012274036067333016,-0.03919740326609617,0.5304946123376008,0.8466926112212102
robot3,387,1722894403173860255,76.47102187199333,5.513006788921127,-63.17978712267954,0.012739039667730797,-0.03963019418932745,0.528660904803444,0.8478117788219649
robot3,388,1722894403625437050,76.50719744004746,5.534304466432121,-63.295543048915455,0.013221914948023675,-0.04076435263484652,0.5248029534302546,0.8501442869244322
robot3,389,1722894404126409769,76.49591719094607,5.515665683279565,-63.28793211122907,0.012920196277806172,-0.04134981122071703,0.5161583057311148,0.8553969049891045
robot3,390,1722894404624901463,76.4484550984966,5.4984585118858265,-63.235228787232906,0.012743745986208914,-0.04183296942176185,0.5087296442976657,0.8598149502191548
robot3,391,1722894405124060391,76.41579641157202,5.496030355255437,-63.2012231470556,0.012695435205683713,-0.04218072611888369,0.5038104934914104,0.8626903261987835
robot3,392,1722894405676966895,76.39249531273437,5.492799564198824,-63.15845017020046,0.012664926389280021,-0.04238202888875531,0.4998259597503866,0.864995591449131
robot3,393,1722894406178015731,76.35639197688079,5.5045492168437855,-63.15478629982236,0.012880847208392918,-0.042643964471128185,0.49729269441922663,0.8664384295185925
robot3,394,1722894406625973713,76.35609666203361,5.505884587350939,-63.13539042514787,0.012946407023546911,-0.042734530977106,0.49544272825732016,0.867492163321543
robot3,395,1722894407124480015,76.34212607073985,5.505278433923815,-63.132472814886604,0.01316613528451737,-0.04291079487525705,0.4938232426807699,0.8684030870241612
robot3,396,1722894407676174952,76.32908511258962,5.512223259989347,-63.12250435723572,0.0133193250538757,-0.0430641787555048,0.49223229067426344,0.8692959473653322
robot3,397,1722894408126308591,76.33775758323074,5.513114677829056,-63.11423442668747,0.013416538567289098,-0.04315682695885025,0.4910407825870595,0.8699634674030884
robot3,398,1722894408675795543,76.34553745024292,5.505427623383403,-63.08925431585909,0.013487599357947975,-0.04323037235958273,0.4898247320871846,0.8706439866012567
robot3,399,1722894409129865594,76.34831608468753,5.512303337531338,-63.09524949914022,0.013701489559723324,-0.04329809648925468,0.489047344563806,0.8710741867368945
robot3,400,1722894409624630648,76.34090959313602,5.522271311263688,-63.09248508637222,0.013898239303727494,-0.04344509298549968,0.4882829249311821,0.8714924830773855
robot3,401,1722894410175238189,76.3345360186508,5.5258877280642835,-63.07664728943623,0.014021018699041207,-0.043553215014374876,0.48744476279996435,0.8719542027626448
robot3,402,1722894410624293483,76.34466289569832,5.521448803988982,-63.082061295023465,0.014282374733817337,-0.04360071863173075,0.4868018472557439,0.8723066849538382
robot3,403,1722894411174221724,76.34035926529947,5.521747288606393,-63.075000584968926,0.014414021282561243,-0.04374244087753295,0.4862328685206647,0.8726147101823962
robot3,404,1722894411623820341,76.34597756105714,5.525629363220481,-63.079722670121754,0.014509554348204251,-0.043769911219760725,0.48578721401283553,0.8728599259939009
robot3,405,1722894412173958572,76.34321902098668,5.525696847599404,-63.08486994608416,0.014646999109051618,-0.04387733523622331,0.48528182018076427,0.8731333230794207
robot3,406,1722894412676631269,76.34354884374086,5.527451993302707,-63.097327206209684,0.014938188414328478,-0.043991001291085526,0.48480220817277486,0.8733890663862853
robot3,407,1722894413126119260,76.33793800205389,5.526488327589959,-63.092937623333775,0.015029579967066201,-0.04416439607311752,0.4844098710699596,0.8735964140582855
robot3,408,1722894413675768705,76.34227241595161,5.532589379213779,-63.0968616488109,0.015232832589409594,-0.04431504116358144,0.48394740343087883,0.8738415466493245
robot3,409,1722894414176148607,76.34111969043501,5.528894048422396,-63.086115013168246,0.015265955047035476,-0.044473503514511785,0.4835826838758542,0.8740348082067856
robot3,410,1722894414624380392,76.33088685322602,5.5289796963682605,-63.09753066025842,0.015441281420543726,-0.044694594332902314,0.4832461540782116,0.8742065629095485
robot3,411,1722894415127238368,76.33981775417946,5.524251776256742,-63.101719761354445,0.015553232825002797,-0.044780361673071846,0.48293604606806334,0.8743715409168266
robot3,412,1722894415626974970,76.34047366409949,5.516757582546824,-63.09526859703895,0.015613363329889073,-0.044938493852139105,0.4826352964895381,0.8745284016190017
robot3,413,1722894416124429951,76.32956184824636,5.518768972271946,-63.11685904563964,0.015694436556862937,-0.04504728165281033,0.48241765046118223,0.8746414337317707
robot3,414,1722894416674542858,76.35115448716716,5.517439261199634,-63.13314610384081,0.015829958109928672,-0.04515043953431908,0.4821274193638951,0.8747936909543911
robot3,415,1722894417127398444,76.35378491508884,5.5148564838134435,-63.12769333361418,0.015947829259003597,-0.04543660967661009,0.48175894186477586,0.8749797158656609
robot3,416,1722894417677262327,76.36084905425592,5.509599331140645,-63.13797363631726,0.016001345526736946,-0.045602176388406385,0.4814643424042254,0.8751322673991866
robot3,417,1722894418123712958,76.35975639479345,5.510236735144785,-63.13893074398571,0.016009991128981518,-0.04573837456238869,0.48121641553203964,0.875261356795178
robot3,418,1722894418624425228,76.34769451491842,5.513881487792581,-63.15006174783057,0.0160785389763642,-0.04585984846871768,0.48098533537443094,0.8753807526085766
robot3,419,1722894419179130375,76.3585408460911,5.508098649002401,-63.14903688301827,0.01607177691935842,-0.045939090651436115,0.48075677839539616,0.8755022661099475
robot3,420,1722894419673326775,76.34883042596317,5.5069739251826135,-63.150860049198386,0.016001219997184492,-0.046121701524578465,0.4805704463217167,0.8755962515504652
robot3,421,1722894420123804121,76.33634839198166,5.503689680967126,-63.1461337210487,0.01607390848750395,-0.04631794330105366,0.48030665501623976,0.8757292930702996
robot3,422,1722894420625804238,76.33288262314768,5.502031243546793,-63.14702340263242,0.01616269193422766,-0.046511670120798036,0.48005281464709315,0.875856567641881
robot3,423,1722894421172948836,76.33137720043652,5.497669910095342,-63.144991643547584,0.01624872913438904,-0.04665472748994503,0.47979774428278765,0.8759871230705991
robot3,424,1722894421623622710,76.33785145256181,5.494840668231256,-63.147281275842445,0.016377633179116922,-0.0468535642949413,0.47953251212105147,0.8761193334604502
robot3,425,1722894422173314137,76.36062501805235,5.495924775987424,-63.10975333421181,0.016425235757220387,-0.04699693517059546,0.4792745352077133,0.8762519156134958
robot3,426,1722894422625718244,76.36665012822476,5.505410695556353,-63.09300147202403,0.01649209343983396,-0.04713841681684421,0.4790482978038195,0.876366766191665
robot3,427,1722894423125607594,76.37017476567006,5.508483822857126,-63.08181919318365,0.016582840802363146,-0.04720884347305456,0.47882358789333723,0.8764840592765002
robot3,428,1722894423623786796,76.36416641818533,5.512816712138016,-63.07460325495448,0.01671253658771462,-0.0474407272267778,0.47856854447273384,0.8766083599659814
robot3,429,1722894424123728914,76.37643264902351,5.514490393129692,-63.08045976521965,0.016709329895659007,-0.04757003241828994,0.47837002854084293,0.8767097616109871
robot3,430,1722894424624582650,76.36852555302544,5.512869883930428,-63.07395100636677,0.016826138782762807,-0.04778363829969895,0.478135011497109,0.8768241076436973
robot3,431,1722894425175488012,76.3749426878229,5.516286506900793,-63.077944973248,0.017088708693906617,-0.04795269193657216,0.47789760828499994,0.8769392176010192
robot3,432,1722894425625911341,76.38335232393347,5.516791266723276,-63.08201055201144,0.017231167631279676,-0.048082223146196895,0.4776660266301106,0.8770555020537666
robot3,433,1722894426125712871,76.38163143437279,5.516961826127724,-63.07980324726134,0.01734622451901951,-0.04830683184762939,0.4774301999380929,0.8771692896350471
robot3,434,1722894426675557617,76.38686380721089,5.514328719206683,-63.06727957970227,0.017291302052384015,-0.04844827035454949,0.4772585689051325,0.8772559685631159
robot3,435,1722894427174843611,76.38341512475584,5.513000407292505,-63.06748893463693,0.017428629359680255,-0.04866752470715799,0.47704454356348336,0.877357520269718
robot3,436,1722894427674542242,76.39650624311686,5.513243099342155,-63.06821363796594,0.01751631655488509,-0.0487930325600987,0.4768448586836831,0.8774573490346277
robot3,437,1722894428177923861,76.39864157265053,5.517792433214462,-63.075188865402424,0.017613646762628766,-0.048958812180416686,0.4766552894391513,0.8775491605644
robot3,438,1722894428623887474,76.39713162753928,5.517672337276941,-63.0783576573411,0.01770637591153247,-0.049171214880527454,0.47645801160481044,0.8776425462891159
robot3,439,1722894429176181277,76.38558967124409,5.515725546389512,-63.07140718231179,0.017726965436191337,-0.04936582937907857,0.476269823896652,0.8777333447189938
robot3,440,1722894429674005161,76.37572358899342,5.515624919355525,-63.06957012563886,0.017798900688850858,-0.04960319687360575,0.4760486883800893,0.8778384636627534
robot3,441,1722894430177418285,76.37527525638295,5.5126598932140585,-63.06756557369552,0.017819781632581043,-0.049737002204684064,0.4758667130089309,0.8779291300807452
robot3,442,1722894430623975741,76.37904879256955,5.512870634025541,-63.06824563407057,0.017921327449466784,-0.04990441480520478,0.47564488046381015,0.8780377686033596
robot3,443,1722894431176083171,76.37967667415857,5.515224511206619,-63.06853311370416,0.018027364605263333,-0.05004590114936103,0.4754000362814541,0.8781601376782764
robot3,444,1722894431625293053,76.37083492544997,5.519697394532495,-63.06598214407471,0.018081655139716418,-0.050239809567603,0.4751926403832519,0.878260194821337
robot3,445,1722894432176405055,76.36059029550796,5.510594851806692,-63.06750882004518,0.018161423197169516,-0.050460297326794974,0.4749665551515095,0.8783681987575898
robot3,446,1722894432625845244,76.35175671982724,5.509876440699793,-63.06603336083013,0.01823718343807962,-0.05067981376406111,0.4747339667700863,0.8784797222542047
robot3,447,1722894433176605527,76.35424192670148,5.515395061726932,-63.06691880400458,0.018344536218485058,-0.05082793614151074,0.4745123971541278,0.878588631752976
robot3,448,1722894433623799244,76.35227763435375,5.523325696957309,-63.069001945446885,0.018445902738583708,-0.05108246867222466,0.4742769284214386,0.8786988820031782
robot3,449,1722894434173936640,76.34456411324402,5.532179749621066,-63.07299604354958,0.018565462162266122,-0.05129621370799223,0.4740786266062726,0.8787909181762382
robot3,450,1722894434625806842,76.35175960586339,5.538091326772397,-63.08005431515025,0.018658663329601574,-0.05135025348477023,0.47391498409347715,0.8788740487700621
robot3,451,1722894435125263331,76.35139292377005,5.547272399534423,-63.08131734153134,0.018761691029708358,-0.05150750916852773,0.4737180105736866,0.878968840122941
robot3,452,1722894435624752653,76.35865065826154,5.551067032036262,-63.07843354843794,0.018775604680523243,-0.05159925483281498,0.4735298592245539,0.8790645402883416
robot3,453,1722894436126658807,76.37200323595877,5.550819097057301,-63.07213953164148,0.01918496822056798,-0.052121491962212274,0.47307090297641036,0.8792719760273794
robot3,454,1722894436623647143,76.63700675062127,5.491043537016082,-62.99146706942398,0.015684150609379298,-0.04274977427498873,0.46792999809148683,0.8825916275974983
robot3,455,1722894437176188238,77.11934448512945,5.391271056730616,-62.840513110941274,0.01115306190637487,-0.021773292397751096,0.46259055344388544,0.8862344570218168
robot3,456,1722894437625641685,77.27480764801861,5.362915394217641,-62.83026473822438,0.014122400312446047,-0.02266526391661498,0.4599838295656319,0.8875256166213689
robot3,457,1722894438123582653,77.44292763834736,5.3290380220710185,-62.83898698223681,0.014798377173356855,-0.022940381479561452,0.45695381522474116,0.8890714019032219
robot3,458,1722894438675139147,77.73866530984527,5.267181054198125,-62.808581581954805,0.013381129387543218,-0.021207145473197065,0.4559072012573889,0.8896739999566399
robot3,459,1722894439124337286,78.0595492793037,5.2001762138375325,-62.725843439010774,0.015289871961983288,-0.022198012673217107,0.47001228698785735,0.8822482179801724
robot3,460,1722894439624524233,78.38545760927879,5.115676435193874,-62.58938284491947,0.01604979137776559,-0.022318008244389405,0.5116558574691629,0.8587506007114226
robot3,461,1722894440124411083,78.70928429192726,5.053855374532817,-62.37069901511124,0.013520829795500355,-0.013179812868429563,0.5749546071004574,0.8179674073386743
robot3,462,1722894440676993844,78.9457296915047,5.014557189145165,-62.18535442703523,0.010491949289853331,-0.013716788055340252,0.6295411054748208,0.7767752346999001
robot3,463,1722894441175733046,79.09709187702117,4.930620644993009,-62.051542250924136,0.013583208874265297,-0.018306946334835688,0.6703213842369141,0.7417206980981985
robot3,464,1722894441624914574,79.28075935828625,4.823216852764823,-61.74258621734083,-0.0015012081170232448,-0.02802037992347823,0.7110346127148869,0.7025968859911949
robot3,465,1722894442124656667,79.50910482042529,4.669545259465048,-61.329222736293794,0.004774579527854414,-0.026591179540872957,0.7457111972345347,0.6657213552831199
robot3,466,1722894442626813075,79.78719071313505,4.493114943445188,-60.943008823534534,0.02944143871768364,-0.041887204945633215,0.7475678555953709,0.6622091550474171
robot3,467,1722894443125750123,80.07475965311895,4.287300199642079,-60.50352515653148,0.0285576940505703,-0.045780662120124486,0.7633430404774781,0.6437359642283133
robot3,468,1722894443626014900,80.36266168257814,4.098129893731754,-59.97039352584724,0.01359348806424602,-0.0350951719983133,0.7920707973255673,0.6092679197271889
robot3,469,1722894444125859748,80.60879288537612,3.8993366890057093,-59.35743885563712,0.008751808557969733,-0.03140276468897169,0.8137869378555874,0.5802483020160247
robot3,470,1722894444623846846,80.8691304328651,3.7070427297625965,-58.78950774073456,0.007845761493179677,-0.026198700575409063,0.8288469159342722,0.5588066410315805
robot3,471,1722894445174268390,81.12482769249678,3.5145292205806347,-58.1872833724671,0.008182319558348552,-0.0274528123058573,0.8268846660521748,0.5616414708610181
robot3,472,1722894445676795595,81.37979292889844,3.3590308095524564,-57.64164635106824,0.004849612235000852,-0.023775894601661355,0.8265092496822843,0.5623999006816132
robot3,473,1722894446124196197,81.58191719595064,3.1747498015425495,-57.20489996889642,0.003185163969065829,-0.024904781501723355,0.8250696497435966,0.5644729219907899
robot3,474,1722894446625153913,81.78032556101954,2.9769524086000407,-56.67879884804375,0.0012718763731704608,-0.027670420857299954,0.8237870700640622,0.5662222119763047
robot3,475,1722894447177039702,82.00977398559274,2.8140717693851154,-56.149837913612316,0.0012450071321563009,-0.02849916608917814,0.8221828365911704,0.5685082503397458
robot3,476,1722894447625956541,82.16094699347707,2.656885863646464,-55.798669636300644,0.003826123750238601,-0.027565253926064952,0.8210878868335063,0.570122968883316
robot3,477,1722894448176050394,82.33774812901609,2.453793702342056,-55.29889486673148,0.002013076729373493,-0.02708992030827711,0.8170351324931602,0.5759476330463186
robot3,478,1722894448624204687,82.38094631134521,2.4427203042092858,-55.363699320173644,0.0027699313944351237,-0.02776809875415429,0.816513262631179,0.5766518465409065
robot3,479,1722894449175251933,82.30413447191097,2.5432160717372683,-55.64013854185179,0.0032800689538202295,-0.02800985176957657,0.8179280467700889,0.5746289234439663
robot3,480,1722894449625675135,82.1005271252504,2.697503898242726,-56.0775490724248,-0.00048326274657404,-0.029573157735822073,0.8176006286191606,0.5750255706316054
robot3,481,1722894450124109696,81.88241366907543,2.9279959083655336,-56.71254362859757,0.0007413161197504379,-0.02919469433621714,0.8117942636066734,0.5832128203737675
robot3,482,1722894450625074290,81.63979569550555,3.2087934802468183,-57.48789939072031,0.008303898333618292,-0.029571143232393658,0.7472505201954873,0.6638322475053225
robot3,483,1722894451173115936,81.1483114513882,3.5003083169035185,-58.23656181238325,0.013290778094633523,-0.04089499172189269,0.65695185022267,0.7527052685870587
robot3,484,1722894451623632878,80.59035934104352,3.736977559045633,-58.636323256575814,0.005978157828702341,-0.05061422300040128,0.6412353022633613,0.7656498868218139
robot3,485,1722894452124520643,80.40381941630507,3.7902283806034163,-58.702676366423596,0.00654799041648133,-0.04707503843960965,0.6457382102317984,0.7620782298583582
robot3,486,1722894452623374958,80.47744460259624,3.736771436855461,-58.61982414125374,0.009090482939698153,-0.050793796489565356,0.6009885475650498,0.7975901949333077
robot3,487,1722894453126482210,80.81276898086554,3.6903315152706533,-58.631020184006076,0.015310393344699677,-0.04978998365147277,0.5013628547371123,0.8636676659881797
robot3,488,1722894453627291069,81.1603397075045,3.635344952603544,-58.7143317171234,0.024869296623781345,-0.039003687512846996,0.40161567299856915,0.9146393177902123
robot3,489,1722894454126579065,81.45819456255136,3.5848528905920043,-58.832932540769406,0.0317886739034889,-0.03286882716740025,0.29376063752445286,0.9547846920920571
robot3,490,1722894454625983607,81.76300487229818,3.5639081063066125,-59.01812593367033,0.032616339821383296,-0.028419484843084528,0.17025341236651456,0.9844502439613021
robot3,491,1722894455179303387,81.98933165049993,3.5977128843559614,-59.28666080794491,0.037155423894181645,-0.03034706240447493,0.03998202769377851,0.9980480788720333
robot3,492,1722894455625834422,82.17746543874725,3.63577284947785,-59.56602435900329,0.03132193615161928,-0.03627969761795039,-0.07424227305035552,0.9960877495224908
robot3,493,1722894456125274381,82.27167339657807,3.674620998287338,-59.890395615059155,0.030295696412710606,-0.038941237062923684,-0.21368450064232736,0.9756560280242814
robot3,494,1722894456625605197,82.21966885489704,3.752232470462481,-60.2639259033083,0.03742146180428716,-0.03173550315321467,-0.35239114299235635,0.9345656608160731
robot3,495,1722894457126526836,82.10943684324141,3.8615666131428754,-60.64225413980369,0.04377974728533557,-0.027081375504822754,-0.4539242032082701,0.8895519943039507
robot3,496,1722894457624614452,82.10932809351384,4.0233778909222915,-61.15946313255543,0.047420088097527485,-0.03014626387241891,-0.4638718324773905,0.8841184655086811
robot3,497,1722894458127786887,82.0868879785223,4.216773185191474,-61.699977131335075,0.06900841251890834,0.0009401355615710515,-0.46768560209411486,0.8811964212027936
robot3,498,1722894458676478437,82.11192603296196,4.306067381730598,-62.1176255130594,0.048136703169059714,-0.029848492869975075,-0.42839432741329786,0.9018149619082136
robot3,499,1722894459126181468,82.36301752627087,4.358044090928952,-62.52911148577803,0.04136666897639696,-0.042574270796330645,-0.29976068720246557,0.9521658261940845
robot3,500,1722894459624925395,82.56296972975166,4.331789582225587,-62.69632695307378,0.03607374496925728,-0.051645278920752075,-0.2061698413687978,0.9764862756839214
robot3,501,1722894460125966636,82.8853813478364,4.352112450255503,-62.869722448412745,0.030203262783062852,-0.05551222881075382,-0.0929589727710936,0.9936623092132774
robot3,502,1722894460625706166,83.24866087716849,4.310335870913235,-62.99613717589944,0.028314665801189663,-0.059370738224472856,0.04034686182897438,0.9970183177273132
robot3,503,1722894461126532266,83.60609855793227,4.232546679106623,-63.005073058658546,0.02654891379095727,-0.06209627380867328,0.16773823698611284,0.9835156794929043
robot3,504,1722894461628318478,83.96873398996577,4.155969141712661,-62.914231327058665,0.021833237772053975,-0.06555690251618354,0.29739156963077196,0.952251992160383
robot3,505,1722894462126790174,84.22156485145963,4.032223323830114,-62.740449832634596,0.019147500556220335,-0.06689835269702415,0.4130780089320565,0.908033337584916
robot3,506,1722894462624758110,84.40714536481117,3.9396688442542973,-62.50168888035203,0.011830869321908402,-0.06239867692019512,0.5319186292687804,0.8444104496549759
robot3,507,1722894463127740279,84.61400325542591,3.8878887387687806,-62.31818701931031,0.00783650567149504,-0.0582664185175285,0.5654104373526192,0.8227117666502167
robot3,508,1722894463627446205,85.02444234142553,3.7360941017335736,-62.046662024829665,0.008550488145893329,-0.059454137349308434,0.5720251258656792,0.8180338318693612
robot3,509,1722894464174498064,85.41646011386113,3.572142752976882,-61.75143866719703,0.017393631412319713,-0.06121754318299941,0.571393162666529,0.8182051867660529
robot3,510,1722894464623840340,85.5764089536124,3.468515512798119,-61.581701241897164,0.02146404438842314,-0.06093184318697151,0.5836065845406333,0.8094627599619062
robot3,511,1722894465123525117,85.79732907385655,3.30419571903789,-61.26759983719429,0.023848167162393973,-0.05579316510354179,0.6295495346730974,0.7745874844351733
robot3,512,1722894465627786561,85.95033293821201,3.184492177556436,-60.928314516354526,0.0067233949139196975,-0.05067069865530247,0.6622959218073027,0.7474967479635146
robot3,513,1722894466126376878,86.16491219818163,3.0459152643429563,-60.58208729927973,0.006874781939774922,-0.051250794002634964,0.6531918099961327,0.75542474995287
robot3,514,1722894466625051876,86.50289071773706,2.853528635651872,-60.18714177451322,0.01074228897449383,-0.05308247588776099,0.6451035522977516,0.7621733797463907
robot3,515,1722894467126625059,86.75762854159525,2.6943981464332007,-59.881488154789025,0.012008691953891067,-0.05355184114571085,0.6404223580025634,0.7660595244482622
robot3,516,1722894467625478499,86.86529809203904,2.566031831682585,-59.59423156038558,0.014175093702715982,-0.05346160812012077,0.6548297529510652,0.7537499040303599
robot3,517,1722894468126857533,86.95776740384457,2.434280864967088,-59.29918694086312,0.010398738658843235,-0.05268848884423413,0.6743447958737263,0.7364610550841358
robot3,518,1722894468627789167,87.08834835526035,2.303554411482196,-58.93023997670004,0.005001409429802583,-0.04658852385220338,0.7024252017676325,0.7102135814462358
robot3,519,1722894469126886307,87.16684035931085,2.2188716253613263,-58.68063835556294,0.003546693122097672,-0.04560437438660042,0.7102756653774381,0.7024358626788226
robot3,520,1722894469624000699,87.13852445242435,2.205802290899096,-58.6032303246385,0.00536269337207929,-0.0461998055684627,0.7085497672314239,0.7041264423677953
robot3,521,1722894470177598573,87.32819563300032,2.042090750188912,-58.26132142518245,0.008847890351472789,-0.04589373341710124,0.7148991121386312,0.6976637725529146
robot3,522,1722894470677809951,87.52682102390027,1.8565483121536583,-57.807791763687746,0.0052214594961432215,-0.04444932004402628,0.7363695727455288,0.6750976571155621
robot3,523,1722894471125043707,87.59580799203702,1.7333017589152264,-57.4389543736178,0.0037307110488840095,-0.045912166910556954,0.7449789476212743,0.6654956966996448
robot3,524,1722894471624372089,87.6595427310277,1.5789060203987122,-56.932272761760146,0.004142227896483632,-0.046372739194139145,0.761129222716156,0.6469271344867102
robot3,525,1722894472125606605,87.70373184425299,1.4371211411334188,-56.36211909878167,-0.0019410665198843307,-0.04155145732173047,0.779715429990384,0.6247507958299183
robot3,526,1722894472627221028,87.72418837231379,1.3209983901660867,-55.827227416220644,-0.0008055085689860671,-0.04241112637123924,0.7819431910316329,0.6219047302562791
robot3,527,1722894473125859058,87.74583705319247,1.180923780656429,-55.34230051791854,0.0008201528949329076,-0.04403973551826741,0.776563295770717,0.6284976346068709
robot3,528,1722894473623601192,87.78602697813584,1.047445663988617,-54.859740769753124,0.001120575185984926,-0.04410872238690826,0.7705316631009917,0.6358727239624821
robot3,529,1722894474123712930,87.83306100214654,0.9068401657290691,-54.411443970005216,0.0028995636378015663,-0.04590869579614726,0.7517299798633704,0.6578647441196585
robot3,530,1722894474623786987,87.92142260344367,0.7523194175436076,-53.93714151600821,0.002935661775306897,-0.04445628281539714,0.7387562476265629,0.6724984962071654
robot3,531,1722894475125922613,88.05486419491432,0.5587295103675566,-53.38300668326214,0.005813558485196629,-0.04569473367503897,0.7213119147970136,0.6910769243897326
robot3,532,1722894475628682670,88.2171973323136,0.36383469476085606,-52.80761818066185,0.008671321651839614,-0.04311032113921304,0.7016329967519608,0.711180319089995
robot3,533,1722894476126931605,88.28458711433817,0.16886979746496025,-52.22042105616709,0.008254205437648548,-0.04212006119806516,0.6921326501109493,0.7204930000962247
robot3,534,1722894476624711790,88.30669027030827,-0.025961568240010814,-51.64904543013993,0.010218046861935252,-0.041178313220044574,0.6937245564555687,0.7189896924220844
robot3,535,1722894477177128357,88.26258728994935,-0.17942347012850238,-50.991344778331566,0.015537800244875574,-0.04777546029717483,0.6942050253226977,0.7180219112072109
robot3,536,1722894477624061954,88.31228522056307,-0.31832610106188386,-50.47052261797237,0.0114443748885782,-0.048746565087096884,0.6832801678285001,0.7284373761195095
robot3,537,1722894478125359520,88.39656020434747,-0.49014940611959434,-49.89847515560898,0.01253960800642011,-0.05199401803658805,0.6733952453225504,0.7373453898251745
robot3,538,1722894478626018267,88.45675934108816,-0.6499750938085137,-49.36483426161393,0.013202133252173972,-0.0534994504084849,0.6663546355678975,0.7435960006218137
robot3,539,1722894479174919232,88.51018813985206,-0.9147117978774305,-48.744719015786906,0.012629798664311149,-0.05484403972783595,0.6596823413632228,0.7494343386752217
robot3,540,1722894479624583827,88.57068495238678,-1.1144473165993647,-48.25628141242104,0.012698691162086946,-0.05457747675247385,0.659184775225284,0.7498903082353412
robot3,541,1722894480174284476,88.60922575354994,-1.3700754985046937,-47.569393529501596,0.008320160991846345,-0.0485952203382709,0.6674610905519326,0.7430107482941074
robot3,542,1722894480627566256,88.62393384318862,-1.568923511962808,-46.93079485200162,0.010018081254979976,-0.050387323180219684,0.6738982228463398,0.7370359156481084
robot3,543,1722894481127798597,88.70247178320832,-1.770510142339786,-46.19280629442535,0.01072337394109137,-0.04955470812757381,0.671878313004815,0.7389241318751975
robot3,544,1722894481674675069,88.71547120058236,-1.9298695397868384,-45.45404747376674,0.014306328588533625,-0.05597990984651745,0.668311189593414,0.7416345006269116
robot3,545,1722894482126174040,88.69978155466012,-2.0759291534251143,-44.871487979546906,0.008888275192633143,-0.04894345602098328,0.6655398352021757,0.744702802758176
robot3,546,1722894482625957011,88.74039674269582,-2.2906948081496954,-44.15634928769214,0.009142692156376007,-0.05356761855567006,0.6623730747589901,0.7472006633138981
robot3,547,1722894483126582408,88.82568172559584,-2.5149024041846135,-43.423039634239714,0.009194665489538532,-0.05245598119572665,0.6602705576985897,0.7491372496410271
robot3,548,1722894483626475672,88.82556791402217,-2.7396304092050348,-42.67236523192962,0.010283347912187314,-0.05564308626519835,0.656982800008883,0.7517790235162781
robot3,549,1722894484175375169,88.91254897952645,-2.965577904200343,-41.81831482501665,0.0016603897134639006,-0.04831222132327851,0.6532009723267668,0.7556399024192518
robot3,550,1722894484623445175,88.99362086606286,-3.1469331316798175,-41.14993485406189,0.007579136728298537,-0.05162034835882392,0.6512291349718534,0.7570855368355541
robot3,551,1722894485175784629,88.97996188480184,-3.4162645718398035,-40.297918330964784,0.009184309916232512,-0.0546220298976575,0.6477625901178884,0.7598261045429979
robot3,552,1722894485675582462,89.0084326172444,-3.70797768963634,-39.52288616693601,0.012069475327487075,-0.056749325253682426,0.6497326616394153,0.7579454533457747
robot3,553,1722894486174613447,89.07417694694006,-3.9564382261509747,-38.759510008192976,0.01098918474516764,-0.053631654759517415,0.6480863567750306,0.7595965755507724
robot3,554,1722894486631304373,89.10930907908644,-4.147751737721582,-38.09339554915452,0.009525836136146836,-0.05395259268002824,0.6486921155890354,0.7590763567399738
robot3,555,1722894487125500097,89.07032027523942,-4.3911730997473075,-37.43647972274356,0.012547725457139653,-0.059966820542808066,0.6502611107186215,0.7572364379154133
robot3,556,1722894487673898560,89.20342253174523,-4.709028810070279,-36.587575298574414,0.008182906604817027,-0.059911370220546205,0.6556032810617722,0.7526805468582487
robot3,557,1722894488173592115,89.43164406424852,-4.927959485554533,-35.78926788146734,0.0073201886361052,-0.05128483185772782,0.6577329963708444,0.7514676216209767
robot3,558,1722894488679134714,89.46864431924044,-5.30929447708526,-34.90794433009707,0.0056807142270255484,-0.05163804394764291,0.673018259323557,0.7377992033881721
robot3,559,1722894489124473727,89.54282510759845,-5.529678288095824,-34.14572155897359,0.009157318089886039,-0.05521422010111786,0.6718004378004193,0.7386147204024511
robot3,560,1722894489627636275,89.57166512782896,-5.827132234013339,-33.2106703249071,0.01090880412187028,-0.06025235943834875,0.6690919221261943,0.7406528545278264
robot3,561,1722894490178953964,89.63413425426393,-6.118594099673421,-32.24930261917177,0.011708322209738753,-0.061203703921931446,0.6659934105454183,0.7433503877226076
robot3,562,1722894490623575014,89.66224720496112,-6.265148598766653,-31.46616106605992,0.008135758714531998,-0.05008691333303889,0.6597567423847077,0.7497640638366352
robot3,563,1722894491173589407,89.64448327398429,-6.48287490683742,-30.659482238640557,0.011805280139066277,-0.051871699812544234,0.6411037507401501,0.7656082176324304
robot3,564,1722894491675407322,89.51820508398012,-6.713195641794108,-29.860914297294773,0.0030066277940881425,-0.04585166079482838,0.6674017952676671,0.7432788366859093
robot3,565,1722894492124434029,89.53256209890031,-7.006869338386934,-29.11680480429789,0.00621084587330788,-0.04490512878277737,0.6652571303114411,0.7452368116057652
robot3,566,1722894492623621518,89.56107771640293,-7.262816673562754,-28.389402591530693,0.013125481152132907,-0.04884970881651059,0.6628895047952726,0.7470066479793506
robot3,567,1722894493124038168,89.52746485005909,-7.479582124965007,-27.675584861838942,0.016529555205856687,-0.055795822291118846,0.6596995494343687,0.7492730506935674
robot3,568,1722894493624055477,89.64685993813401,-7.66142587951369,-26.95718108608372,0.006772849031698778,-0.03580185042574327,0.6560967019791035,0.7537967057995346
robot3,569,1722894494125908030,89.71647667836335,-7.937187573223393,-26.214522567838205,0.016303505919852513,-0.04518757692888705,0.651960212045005,0.7567299125158522
robot3,570,1722894494624623321,89.68043043035016,-8.179245741340488,-25.490541298304088,0.018520887490883837,-0.04671932035557597,0.6566788514157589,0.7524939653813464
robot3,571,1722894495181409233,89.7042963448492,-8.45834763614915,-24.64321824597197,0.019951898562361854,-0.048557634422482204,0.6599742864656645,0.749451812385017
robot3,572,1722894495673311402,89.77503038084701,-8.6841568502408,-23.895906846075228,0.014729860813899959,-0.04687561700050007,0.6591785619794833,0.7503794581129509
robot3,573,1722894496174730720,89.75530230988078,-8.917123539200658,-23.142237389276527,0.01923801648693347,-0.05300304690978478,0.6641028495898764,0.7455118918612457
robot3,574,1722894496624256901,89.76940927010861,-9.135826079010021,-22.431016568131298,0.017020515049964612,-0.05011874348390838,0.6630278262836947,0.7467211763386299
robot3,575,1722894497124640764,89.80891268077521,-9.395498028383841,-21.60321363458292,0.014237826633769199,-0.04737751758123175,0.6632276201068947,0.7467809444863542
robot3,576,1722894497676535557,89.79924064591742,-9.721530905540222,-20.803298781936757,0.020181576454687856,-0.05645896324711578,0.6629154733464666,0.7462895983723038
robot3,577,1722894498124983806,89.7631466842795,-9.957167310513977,-20.092678191883486,0.015087272558716511,-0.056415228168583346,0.6628008152196105,0.7465150873101262
robot3,578,1722894498628304242,89.73546097446354,-10.166407827046065,-19.31103548765759,0.010659037230101752,-0.05755921161225147,0.6626682291143027,0.7466218187318244
robot3,579,1722894499126809748,89.7602787865718,-10.389644205410685,-18.55100148240084,0.008910926996399343,-0.05945421915177014,0.6619588004320813,0.7471253828746808
robot3,580,1722894499625559948,89.77417841231815,-10.636397012838618,-17.860365499751556,0.009052134639084934,-0.05966133159617005,0.6622597409453739,0.7468404246514875
robot3,581,1722894500126572767,89.72622367018144,-10.835499368063191,-17.21039342028344,0.005160598863551544,-0.0575305258842464,0.6614012699939448,0.747804765203625
robot3,582,1722894500628080435,89.74008013560444,-10.985120846234006,-16.588516013700588,0.005460424781615551,-0.05600440883989031,0.6594525941861076,0.7496372229104632
robot3,583,1722894501125661283,89.79852791490846,-11.20416269277098,-15.926693108854668,0.010181453965343428,-0.05640662036273675,0.6519232989694917,0.7561154960951008
robot3,584,1722894501625646087,89.95599470621389,-11.465496508840822,-15.242004800888225,0.01071033997049579,-0.05642608800218997,0.6414068295801644,0.7650481450068405
robot3,585,1722894502129947880,90.03633186089527,-11.715133587707738,-14.551594817503997,0.009978159192137822,-0.05458064479952688,0.6307710203400372,0.7739827578516156
robot3,586,1722894502625978380,90.06933753532336,-11.943708477787236,-13.870060854937039,0.01349691076856386,-0.05513422578249044,0.6212956227388812,0.7815176259769043
robot3,587,1722894503127447449,90.06933972873901,-12.164481520918946,-13.199407700817845,0.012934813434767746,-0.057037194930506525,0.6265211998944993,0.7772069448214061
robot3,588,1722894503626151577,90.17870561008246,-12.438208404589606,-12.452199903424884,0.009928787140981757,-0.059174201968225086,0.6291342123903946,0.7749774034171903
robot3,589,1722894504124589020,90.30529940954696,-12.725801360381173,-11.759748773461483,0.012045414023300241,-0.06011087314993392,0.6356159286940729,0.7695673993358418
robot3,590,1722894504624988411,90.40684918329738,-13.010067018431236,-10.965150741951557,0.008508233852772698,-0.057620769564956,0.6380074017550463,0.7678242065585219
robot3,591,1722894505126977909,90.47227031605918,-13.244423399014417,-10.142344330887683,0.004609094012359425,-0.05039273158491475,0.6436654780515155,0.7636321635581558
robot3,592,1722894505675308241,90.46633766606281,-13.499764919482416,-9.285724662001604,0.009571219176840708,-0.05470838880289546,0.6493816611186272,0.758431830925412
robot3,593,1722894506126390075,90.49882614560389,-13.712802089037298,-8.617848593434546,0.010425294598113555,-0.05523323369968932,0.6502401611959104,0.7576465771687578
robot3,594,1722894506628268899,90.55779024151569,-13.960389068958763,-7.899930080683806,0.008999695376477237,-0.05386716843375708,0.6488873408093144,0.7589219673889248
robot3,595,1722894507126134416,90.56960999476858,-14.177159450100376,-7.174224437893517,0.008786872594879798,-0.053096959234607055,0.6490132124050437,0.7588711049405725
robot3,596,1722894507624460698,90.55411601122665,-14.359440482066814,-6.477138746463637,0.008511409994794907,-0.056580466997173035,0.6521094609138689,0.7559626033349174
robot3,597,1722894508124617304,90.60362545289526,-14.625353895898106,-5.716865270709539,0.010288433018337559,-0.057180588536520804,0.6580672070065144,0.7507143794435336
robot3,598,1722894508626743998,90.62967768977624,-14.879664225655466,-4.988175173703429,0.00809932085716828,-0.057084849579192944,0.6576954811082955,0.7510741475246645
robot3,599,1722894509127180233,90.63063285427816,-15.11824963528888,-4.273367294187879,0.010540602671617041,-0.05931632662598544,0.6571806929257402,0.7513215063716482
robot3,600,1722894509625061574,90.66331044004734,-15.341668540539137,-3.4938786228047,0.011183773422809485,-0.058038093461377276,0.6561105418034348,0.7523466354372824
robot3,601,1722894510175807016,90.70119134491591,-15.61912931298489,-2.663002309831278,0.010511104227399301,-0.05788624063050052,0.6542129156754317,0.754018674037347
robot3,602,1722894510624976257,90.6708892881073,-15.801966899395097,-1.9621482091929887,0.012622173025641585,-0.05712866582919961,0.6529353076503348,0.755150634186484
robot3,603,1722894511125900619,90.74165473322486,-16.007093720293803,-1.1441671913831093,0.012374768696942214,-0.06067562910319033,0.6526191725079131,0.7551513416578931
robot3,604,1722894511627809300,90.76571657066847,-16.27680222734789,-0.3840124817880523,0.009665197907800563,-0.05801976431371902,0.6516790326040358,0.7562107704619471
robot3,605,1722894512128387294,90.72982074218471,-16.54971980046195,0.3569984554672297,0.012296051655749849,-0.05804466537457038,0.6503943724550156,0.7572758970243801
robot3,606,1722894512626093447,90.77040705431696,-16.81074468021545,1.05090492091865,0.010578166593209455,-0.053267934852635895,0.6490216406323533,0.7588290581540418
robot3,607,1722894513126945009,90.82083666364454,-17.019907242621358,1.7072356195947638,0.012218456884613855,-0.054766423235128384,0.6473047957514708,0.7601630414552764
robot3,608,1722894513626603553,90.79888835781647,-17.301438869376085,2.3815561606920834,0.009379170553160843,-0.052438886832541255,0.6452025729116625,0.7621521070073017
robot3,609,1722894514126900061,90.82634155929811,-17.56092039948125,3.0696593020491556,0.008340713351236284,-0.051972508809194864,0.6435350435261968,0.7636045695139643
robot3,610,1722894514626275886,90.8365217680098,-17.732254194474788,3.794271971475678,0.011624982591030742,-0.05347506338418052,0.6510046106503141,0.7570985895429002
robot3,611,1722894515127494555,90.8732348114966,-17.905008142086956,4.482358971642815,0.011281594823879035,-0.05137373614003408,0.6506660103494558,0.7575402351223106
robot3,612,1722894515626195124,91.02692159947316,-18.163168918376527,5.258265266115781,0.009358511170366736,-0.05209553256985371,0.6472826630278218,0.7604101708279215
robot3,613,1722894516124306439,91.11505040894544,-18.38990251080589,6.048739501062958,0.009470612021386885,-0.05251026016696867,0.6444089045420706,0.7628172414359984
robot3,614,1722894516628125237,91.24140625773117,-18.613839876266074,6.819746497730181,0.007164758051594853,-0.05046249206625228,0.6411514641660291,0.765719924733765
robot3,615,1722894517127422881,91.29051364346577,-18.907143846266475,7.672496262772797,0.0024179732403079935,-0.05021621419402968,0.6374712191713121,0.7688321858283962
robot3,616,1722894517630473038,91.3140804638496,-19.123552092704344,8.476773868453462,0.0057757794643467295,-0.05267750101038581,0.6341023540438151,0.7714310895050653
robot3,617,1722894518123930133,91.2872873427259,-19.287392562306447,9.17696948245048,0.007020618086970258,-0.05435933154690852,0.6379029173558922,0.7681638119726103
robot3,618,1722894518627512709,91.22384149043164,-19.550437717281657,9.85864658546901,0.008828073629876804,-0.055884997310521274,0.6373798457623562,0.7684698201019631
robot3,619,1722894519126391570,91.27255496660669,-19.800689246660827,10.595626492823127,0.0098183927810481,-0.054544312726608056,0.6476317407608697,0.7599352903184748
robot3,620,1722894519625071464,91.30962633097904,-20.066622619540205,11.286156998958562,0.012718723549645074,-0.05706799943053212,0.6476152838898512,0.7597209498128453
robot3,621,1722894520127943860,91.4080220526783,-20.24433620687111,11.936615794083043,0.009104129211120882,-0.055512819181862766,0.6438426982700233,0.7630871651536048
robot3,622,1722894520628642368,91.57339382387866,-20.487934707338322,12.76549625249256,0.011866080714482618,-0.05847803075170533,0.636823189481151,0.7686974316250407
robot3,623,1722894521123565579,91.62743662513559,-20.72245558148027,13.406753260980617,0.014252745944173601,-0.05518694218335832,0.6235441913096673,0.7797075747544553
robot3,624,1722894521626062725,91.67270496957417,-20.946761827399314,14.092558901720551,0.009832195293786962,-0.05012803853697995,0.6131173262535031,0.7883385389132612
robot3,625,1722894522125477553,91.76214525987628,-21.20976665817854,14.796783904662188,0.011787146963238342,-0.05219709349550745,0.6293623555888402,0.7752674067473457
robot3,626,1722894522625608556,91.71306006151998,-21.580831055790814,15.505170721580432,0.012672427938388783,-0.05483399107706093,0.6428910385807647,0.7638872662279774
robot3,627,1722894523130919291,91.7620086321078,-21.87062934824357,16.313903480731753,0.011049725184703652,-0.05543959307354442,0.6411699521922984,0.7653139535503767
robot3,628,1722894523624141831,91.729309876753,-22.125432079248306,17.05322791641388,0.01361766430270716,-0.055000418299450904,0.6442902007807498,0.7626792578690764
robot3,629,1722894524128219818,91.66356089142725,-22.33969018783366,17.783542946774023,0.012151940604623577,-0.052949328647839376,0.6538696181946035,0.7546543721050902
robot3,630,1722894524624845170,91.57732621704524,-22.491371367272755,18.427785623641814,0.014649077672637472,-0.053264873875565784,0.6542993390532295,0.754215242917344
robot3,631,1722894525127172543,91.62326967160902,-22.67967195923705,19.179006793478333,0.00991407749996926,-0.058854518056075195,0.6526595281062947,0.7552968933762276
robot3,632,1722894525627170696,91.71107358636544,-22.919586129029145,19.882983092158245,0.009747474664313395,-0.05456473341212189,0.6519750086160818,0.7562117856430121
robot3,633,1722894526127836379,91.77051482168153,-23.162802644587238,20.535301851738947,0.007110627097757352,-0.05007708482860691,0.6496586070518873,0.7585416394903755
robot3,634,1722894526624044250,91.77436495009917,-23.45781573376792,21.16467922419298,0.013511744593950431,-0.0526471547316971,0.6507978674990188,0.7573030077290162
robot3,635,1722894527176388758,91.81971249491596,-23.698187657941343,21.924642740634,0.008793270152638474,-0.05095909508157443,0.6259605299727755,0.778138332139403
robot3,636,1722894527626768810,91.90017860601266,-23.881692234922166,22.47093260708713,0.009380827698490277,-0.05754220086434703,0.61894153181191,0.7832702441620676
robot3,637,1722894528124848058,92.08398369431495,-24.085325098833312,23.291871310782494,0.006812523112538489,-0.05335456956600701,0.6240802199374398,0.779506740521276
robot3,638,1722894528624427015,92.22270179367385,-24.322877414618826,24.046225796314634,0.007445747256693793,-0.053333000174082934,0.6266308542569738,0.7774534869903124
robot3,639,1722894529126164055,92.11358333803753,-24.498600080981497,24.67050308868281,0.012084959914817433,-0.05907109834679643,0.6400279030767109,0.7659822728805078
robot3,640,1722894529625174217,92.12656806715925,-24.761346927379396,25.34930857466785,0.0025254324708136803,-0.05267835522643254,0.6392598342345512,0.767180211825023
robot3,641,1722894530124505135,92.3828756578273,-24.959991076072033,26.125012348006766,0.003519181114347712,-0.050864726582400585,0.6476528104975192,0.7602277500911463
robot3,642,1722894530629181763,92.3915908691522,-25.075624860972898,26.819004753244176,0.001040648007748741,-0.05116428896500638,0.653242215800948,0.7554175931773742
robot3,643,1722894531126197697,92.21786170856869,-25.21436063963384,27.479757954259206,-0.0010208449392071902,-0.05025468585691505,0.6676538643015281,0.7427730083331445
robot3,644,1722894531680334273,92.24127296063546,-25.54532096836249,28.177023573093003,0.009843302890600541,-0.05419061620108997,0.6625056723630426,0.7470292635437671
robot3,645,1722894532126994244,92.31476460972533,-25.739425677177262,28.77522549341031,0.008205447357419595,-0.05227423979056673,0.657070134042173,0.7519700216350274
robot3,646,1722894532626071646,92.41851666244665,-25.842306451399125,29.47630239262548,0.009488776821025413,-0.05387450981022496,0.6517662111201938,0.7564445163719383
robot3,647,1722894533125663205,92.55981492402726,-25.989086200791366,30.217817450029287,0.01022748034567576,-0.05601270372281339,0.646035318572203,0.7611808870595421
robot3,648,1722894533628263597,92.55485900852138,-26.11115034292003,30.85148471260717,0.006742279926396836,-0.051158091774668596,0.639875526900623,0.7667442216156695
robot3,649,1722894534132428154,92.52298460718035,-26.23307430696437,31.461373109243194,0.008220070039547268,-0.05501762443492739,0.6346528004062015,0.7707926533034993
robot3,650,1722894534626425923,92.48712085851106,-26.37066059907435,32.09009626485138,0.005789277456944734,-0.054352982247144355,0.6287649072658495,0.7756719209680957
robot3,651,1722894535124335768,92.46968480821327,-26.614968529483743,32.72277096680866,0.006022276459212625,-0.05702904735326307,0.6229652218990122,0.7801446995580644
robot3,652,1722894535624704127,92.33316238126893,-26.762706277420786,33.18635201704734,0.00544503471897045,-0.0557638671971119,0.6193808132500415,0.7830888524872829
robot3,653,1722894536124873101,92.10656973023583,-26.89739115451097,33.53791562496899,0.007253875064711109,-0.05377635729869441,0.6117166516024914,0.789213673756648
robot3,654,1722894536623968128,92.23664616126571,-27.065082780240523,33.89186315578254,0.011094350736543364,-0.055694197176792935,0.5570681181281563,0.8285228925912196
robot3,655,1722894537129177888,92.66780265966489,-27.253829868025758,34.17120587183542,0.011099982022704612,-0.054163930236947655,0.5267780843630597,0.8482027522327241
robot3,656,1722894537628498647,92.95567353036681,-27.451390484605213,34.479353847623806,0.01541818230420126,-0.05298144562239248,0.5095642081429214,0.8586614954997536
robot3,657,1722894538127612027,93.1887292319159,-27.638939627466048,34.76185928695961,0.01675330701393067,-0.06344252632276876,0.4394642118323474,0.8958602452818495
robot3,658,1722894538623401650,93.5182809207251,-27.939275946979016,35.01223422353147,0.004694828701728233,-0.06609760986013082,0.38238176565524107,0.9216253305159421
robot3,659,1722894539127016643,93.71726345407467,-28.241363793439195,35.1098040178504,0.012580247192257126,-0.07424467451912342,0.28773939813117044,0.9547436852104564
robot3,660,1722894539627319288,93.66249609298637,-28.466051686982563,35.1857679158207,0.021115328874984376,-0.06841250625985308,0.21425157667981715,0.9741509809900925
robot3,661,1722894540126618451,93.75327146660537,-28.66812692057844,35.11271037309353,0.03288694905676032,-0.060896791070597305,0.11907425622777953,0.9904702675612443
robot3,662,1722894540627893587,93.85732775547717,-28.772701969066297,35.070767553473,0.036723882559165755,-0.059647783473262064,0.03238885805365363,0.9970177833170719
robot3,663,1722894541127387349,94.27196603413175,-28.75000496726338,35.033684851849124,0.03892565058620761,-0.05759377430179136,-0.03229348685079159,0.9970581134493277
robot3,664,1722894541627605221,94.712447206885,-28.751496688443876,34.92409614731134,0.03883899474612789,-0.05504939440555984,-0.0677371824520052,0.9954259243038406
robot3,665,1722894542124202921,95.28108057522496,-28.874064514434828,34.688635903273536,0.040459481423770094,-0.04989457671244822,-0.13816371405637437,0.9883240104822678
robot3,666,1722894542624472511,95.98134458468104,-28.867690310530318,34.703816157454426,0.04025372209263464,-0.04804563676200089,-0.14327276489005647,0.9876963954002168
robot3,667,1722894543126162153,96.5939918573996,-29.002934343449123,34.6296275637219,0.038135067210544014,-0.04822491404925722,-0.16456955972907444,0.9844475274611479
robot3,668,1722894543628835375,97.08983941696255,-28.948917646860075,34.66429079567554,0.038628714874326966,-0.04746115496037657,-0.17146563237062287,0.9832877493759025
robot3,669,1722894544126980248,97.75765636317084,-28.94200281101946,34.56695338030551,0.03939006539272799,-0.05061758499317917,-0.17023649305017785,0.9833136932188994
robot3,670,1722894544626518953,98.3768609966415,-28.971436821836058,34.389109244383896,0.039650863313790724,-0.05072572299146818,-0.1625381571341367,0.9845994401485828
robot3,671,1722894545127248366,98.98473830946146,-29.06114929059408,34.33276707285683,0.036639526439503134,-0.05340629302169225,-0.14174675430855035,0.9877819448698997
robot3,672,1722894545624639375,99.50566661923777,-29.1762732299423,34.3918270920549,0.040126581879810636,-0.055110563498610474,-0.13116272208430002,0.9890141675188202
robot3,673,1722894546127121558,100.18888123365817,-29.322241532019056,34.407483349706574,0.035706690398899475,-0.052753791589740286,-0.10509694577201445,0.9924196197793842
robot3,674,1722894546627291921,100.6409336557595,-29.505340581394204,34.131171254198,0.037152195029838485,-0.056490119342192405,-0.07778061523574421,0.9946752016184575
robot3,675,1722894547127472917,101.23993991668992,-29.59560375641501,33.88555852138124,0.03775240763264954,-0.058420020825557716,-0.07381013039871417,0.9948436668819902
robot3,676,1722894547625006326,101.8237792595528,-29.822228490540436,33.869681183718335,0.03804490046136087,-0.0558991664767889,-0.05824526075931397,0.9960097179923321
robot3,677,1722894548123526468,102.3153647886095,-30.025003361566416,33.823907119402456,0.0365103804280695,-0.0575500425906162,-0.05815307030170155,0.995978516401484
robot3,678,1722894548623664101,102.84442408134761,-30.17063416288895,33.70633771901314,0.037460787879045464,-0.058165245877979534,-0.058501124469278375,0.9958870980082358
robot3,679,1722894549126524825,103.43401749060268,-30.301263602779333,33.53222148167829,0.03720819358761713,-0.061090689310094815,-0.06011191891492851,0.9956254492598754
robot3,680,1722894549624424746,103.94972164550771,-30.39443730775204,33.39361041435792,0.04067060462027533,-0.05552059900331543,-0.061222617477203485,0.99574854060419
robot3,681,1722894550123600494,104.53932084770787,-30.598418600882454,33.3959490953591,0.04011963397584421,-0.057015981207733296,-0.06295837754912645,0.9955781413595547
robot3,682,1722894550627793916,105.30451230423854,-30.873352054609125,33.31664687402526,0.03812838669917577,-0.05653199537963408,-0.06455669469966548,0.995581635425026
robot3,683,1722894551126042532,105.90689720791262,-31.149964966474457,33.35194175760685,0.03580901362083118,-0.05903908878661369,-0.06685647535696315,0.9953704397065413
robot3,684,1722894551629551450,106.56878824097076,-31.387594373372725,33.45445351246445,0.036797627436278166,-0.062286425714875304,-0.06486653966931248,0.9952681386531248
robot3,685,1722894552125255998,107.26533254846109,-31.54895079707371,33.31398467731963,0.03612657466634587,-0.057363216145279276,-0.06189600291806876,0.9957776944976792
robot3,686,1722894552625983057,107.95246169071392,-31.75195441645878,33.144946941882196,0.0370682179340907,-0.059112103744086424,-0.03476304769626051,0.9969569885030181
robot3,687,1722894553128225381,108.55586522292663,-32.006873934284435,33.21086884437492,0.03789171046295017,-0.061255156386097756,-0.016777797172287882,0.9972615151585627
robot3,688,1722894553624844829,109.30072812153834,-32.309553934389996,33.20067221939797,0.03775813669229771,-0.05906898150589258,0.0012809143136891731,0.9975387399975518
robot3,689,1722894554128111636,109.97025085624972,-32.42654249220902,33.1197976390973,0.034740646755723005,-0.063314480555244,0.029080779235694357,0.9969647297141753
robot3,690,1722894554628326486,110.74952155046839,-32.593585005299644,32.992023098724616,0.03620519658502789,-0.06561025132015708,0.06249519229252751,0.9952280289472686
robot3,691,1722894555126902526,111.43426302412549,-32.74986395047725,32.91552762321071,0.034705536473454146,-0.06776897072819901,0.10687489985961295,0.9913529382235813
robot3,692,1722894555624343298,112.14052587255331,-32.98717966219384,32.94525320523189,0.03292722308929716,-0.07435333441034064,0.17749597316079743,0.9807561160417982
robot3,693,1722894556127729575,113.02361511904635,-33.29277712344872,32.842300681855995,0.03135176232801411,-0.0683915295089924,0.24878794191039316,0.9656315164959868
robot3,694,1722894556626500973,113.70729627437188,-33.65020279271136,32.99465948889721,0.029322233292522926,-0.07472068746934668,0.33467091508903646,0.9389102215293611
robot3,695,1722894557125218147,114.56699977509459,-33.877644522435375,32.75820515362127,0.026348044066983732,-0.07592259509723505,0.3587293632440697,0.9299756900446645
robot3,696,1722894557628116835,115.25496278730395,-34.100757342188345,32.71484726810292,0.03057761907104791,-0.08379790166143228,0.36142094536413877,0.9281259726681389
robot3,697,1722894558126442601,115.87838921366564,-34.349101980970424,32.715167277765545,0.0223418306934939,-0.07501393033105223,0.3721866204537329,0.9248518110555768
robot3,698,1722894558626366371,116.63168969845336,-34.60381340556206,32.66557161118152,0.02562875832600448,-0.07208535343877136,0.3669239430415293,0.9270996109313883
robot3,699,1722894559127771528,117.4165426744221,-34.76633633221769,32.58848077103692,0.03315726335185182,-0.07624123773699515,0.362972436652691,0.9280834444088285
robot3,700,1722894559626233274,118.23327418715786,-34.97075534951912,32.55212405048951,0.03462366158767801,-0.0791422495850417,0.35886201166468934,0.9293846152012918
robot3,701,1722894560124561719,119.10035750210824,-35.167412508106636,32.519287961111296,0.03340721699091687,-0.07552095201434575,0.3535556143847162,0.9317612200541587
robot3,702,1722894560628761239,119.89176872405264,-35.35882348458726,32.45029073406081,0.03360315505667726,-0.07512293326173214,0.3574459523514706,0.9303008997179033
robot3,703,1722894561127808012,120.6660867828702,-35.58936460085328,32.35043005059656,0.032624532635628783,-0.06949025333558848,0.3566291593561833,0.9310866701110936
robot3,704,1722894561626132755,121.3941400812007,-35.784908240419874,32.23916225802558,0.03282763431648524,-0.0717033013783284,0.35519960240720727,0.931458117923932
robot3,705,1722894562128504609,122.08604498349052,-35.96011291283675,32.17345979614494,0.031614448330765516,-0.07533756616173895,0.36581965312709347,0.9270926378564011
robot3,706,1722894562627967030,122.85962073872018,-36.21328259548478,32.17307455191843,0.03564288436550962,-0.07573308105548109,0.3635380675733737,0.9278114887481014
robot3,707,1722894563125890584,123.58710268746498,-36.43631868627982,32.11881929714153,0.03296613929306432,-0.07054730286885352,0.36072620404040584,0.9294153632454328
robot3,708,1722894563626960318,124.21403915582219,-36.65588064368024,32.036059824280784,0.03315097206914313,-0.07554392195996987,0.35773906920170173,0.9301703538989387
robot3,709,1722894564126340458,124.93593737360592,-36.89020406912212,31.92471013226518,0.03347056612420819,-0.07572148647443934,0.3537980508708691,0.931650641007347
robot3,710,1722894564625347769,125.70026541625774,-37.090150823150175,31.82610987796424,0.03600790889573768,-0.07157110175567141,0.3520403615263097,0.9325495116865703
robot3,711,1722894565124015498,126.50259093757555,-37.31492909994488,31.761494495399006,0.034860633269978326,-0.06951123569189264,0.35082680724878285,0.9332060199528438
robot3,712,1722894565623691398,127.22857178400056,-37.50398981319807,31.672987832540915,0.03361463722676838,-0.06688320682479736,0.37085874550809544,0.9256675881163312
robot3,713,1722894566125949669,128.1393175866758,-37.78304306978083,31.61888603175836,0.03574902738463038,-0.07114353952513235,0.3762421240793678,0.9230939648232647
robot3,714,1722894566627445917,128.93765719024057,-37.962399279672,31.55874208305526,0.03744887863986913,-0.0752653069112196,0.3717878341369411,0.9245033918012084
robot3,715,1722894567125305981,129.6641810659562,-38.06952932965435,31.47866952844836,0.035005318701887236,-0.07030043532631804,0.35698789187377755,0.9308018701694929
robot3,716,1722894567626458098,130.44289131322174,-38.23718025315434,31.385957525138167,0.03721919016162099,-0.07113507853719334,0.34383553746039,0.9355916073076678
robot3,717,1722894568127171129,131.16087607433866,-38.439007281493694,31.229945947597496,0.041058046371076885,-0.07521961543832394,0.33332753192758835,0.9389084101980149
robot3,718,1722894568626173377,131.8705183580672,-38.633327934066735,31.130552613534007,0.03801673959213304,-0.06970001174619697,0.3455979067522644,0.9350180333671737
robot3,719,1722894569126765656,132.4781568330075,-38.82780500635095,31.003616892864805,0.040459738231756,-0.0706228752113791,0.34704813265135515,0.9343088422477351
robot3,720,1722894569626217312,133.1213672789643,-39.0352676553781,30.866055374834684,0.03979953116882298,-0.06791395367916847,0.34949567999864706,0.9336254398187149
robot3,721,1722894570126602169,133.82111015898846,-39.302439936301376,30.769061149836098,0.03919190300328088,-0.07052642032553828,0.3509708798143446,0.9329037786917747
robot3,722,1722894570624664478,134.57181494365912,-39.600824429355804,30.66512175131197,0.03879716337358498,-0.07091035485965866,0.35080140164076434,0.9329549176110901
robot3,723,1722894571127290743,135.33576769047446,-39.86567762409697,30.631912557644625,0.03742244728341591,-0.07035540188771092,0.3499109120449399,0.9333873962596757
robot3,724,1722894571625655265,135.98678741851433,-40.011439987761335,30.550246005421794,0.0378310220867933,-0.07151387082528309,0.35761144450188254,0.930359411630113
robot3,725,1722894572124760427,136.6525402107818,-40.18901567153675,30.501836948544494,0.037294796446749434,-0.07131886271987305,0.3625850992944437,0.9284690429669574
robot3,726,1722894572626649509,137.34606340572904,-40.358560239924984,30.425633801401407,0.03910201590062083,-0.07425084115957101,0.3610600896685978,0.9287590950230893
robot3,727,1722894573127612269,138.0866256463245,-40.45944346271494,30.324008748225705,0.03795684743216187,-0.06687972601079072,0.3607731976124872,0.9294778533489619
robot3,728,1722894573625507309,138.81273218705127,-40.62983560461109,30.229297382549696,0.039099603355936936,-0.07327674106952081,0.3587286735355832,0.9297394683560765
robot3,729,1722894574124812427,139.53874940087454,-40.80847893740477,30.151532797377975,0.041309966816170156,-0.07800001180020526,0.3570375310556216,0.9299105796895316
robot3,730,1722894574626085950,140.30037263966693,-41.047528926422935,30.105220693164554,0.03973298063650554,-0.07034961315956602,0.3634276285905744,0.9281123751761259
robot3,731,1722894575125747592,141.11708824774206,-41.32604592645276,30.039723318323606,0.041362688635970486,-0.07170311470911886,0.3623439730433387,0.9283612640179376
robot3,732,1722894575625315549,141.94590742646318,-41.56262735081805,29.962921969842863,0.04146602665837928,-0.06859826434479392,0.35997350556258023,0.9295127336701932
robot3,733,1722894576130258856,142.77328832283916,-41.82223643330135,29.827094751673968,0.04273752650696687,-0.06799028582994991,0.35792975794612597,0.9302887257391953
robot3,734,1722894576623604909,143.5102965975689,-42.05756655952867,29.7280620174619,0.042254218177066837,-0.06519079413772436,0.35683574295149617,0.9309312509300519
robot3,735,1722894577124092150,144.23475189271537,-42.29429545192928,29.61259645425227,0.04214523443169883,-0.06627434137649221,0.35420598377040846,0.9318635157312719
robot3,736,1722894577625887720,144.96724084245153,-42.53013646055023,29.495217784248386,0.04488732350217535,-0.06505828200108633,0.35286020841270366,0.9323316048760878
robot3,737,1722894578129068869,145.61431956118517,-42.74680469737787,29.422756352811774,0.04513102743586496,-0.06494527633522339,0.3510259013515673,0.9330198915482159
robot3,738,1722894578625550438,146.30141400549692,-42.93658176594697,29.314346247487432,0.04674421023083934,-0.0682320880850929,0.34911154281688006,0.9334240684905553
robot3,739,1722894579127714214,147.0158088597981,-43.14425549304975,29.187385180022055,0.04645893941836359,-0.06499050008910215,0.34740196808814355,0.9343070557449374
robot3,740,1722894579625434148,147.76250054593513,-43.383917335753445,29.04536200491359,0.046434493941661215,-0.06395503815256764,0.34650412641794265,0.9347130475405935
robot3,741,1722894580126468325,148.43293402977105,-43.57108573647747,28.907048886844116,0.04733462111202946,-0.06411808699249001,0.3462208798733806,0.9347616845508304
robot3,742,1722894580627215451,148.8337530787577,-43.65780210449201,28.779607446204103,0.04853098581450861,-0.07707679953598175,0.34453478517015745,0.9343445254278078
robot3,743,1722894581128444335,149.42190051249946,-43.78440243926607,28.68076587380948,0.040546800163695565,-0.07614274955556231,0.3422607453972664,0.9356365858850924
robot3,744,1722894581628987158,150.0423200772336,-43.977147193232256,28.620486698936112,0.040582253748238276,-0.07357666484272259,0.34182676102557524,0.9359989425838576
robot3,745,1722894582123919203,150.5784410598821,-44.12373337932797,28.527987841119764,0.040680568883228005,-0.07386245266237514,0.33887214175243946,0.9370459438822357
robot3,746,1722894582628308111,151.1054730492089,-44.26028739916133,28.388103854281884,0.042923125814554465,-0.07435937435744373,0.33622535375233487,0.9378596911103467
robot3,747,1722894583124316932,151.6244622392176,-44.413047396997214,28.303166274718848,0.04474046472360142,-0.07064575285697015,0.3396190781629931,0.9368384867026477
robot3,748,1722894583626990828,152.25626454578685,-44.60993537170504,28.253056520881817,0.040216201931554216,-0.06919249070100379,0.34789233289384863,0.9341124027901929
robot3,749,1722894584126892913,152.9113376804536,-44.754698932506855,28.144857087391376,0.038771991765752,-0.06979563874085322,0.34842738481635765,0.9339291509409623
robot3,750,1722894584627472454,153.6712477600628,-44.99786610722828,28.06772756751597,0.04054318089982814,-0.07131549568411871,0.35147714879883907,0.9325953915981415
robot3,751,1722894585129118078,154.42020044372913,-45.19929631471797,28.008586402407484,0.03841088946171515,-0.07281465673512176,0.35655122678350376,0.9306416345804032
robot3,752,1722894585625388563,155.10114975108343,-45.36499828577896,27.920299583035966,0.03530080499762785,-0.069950720517046,0.3574989588355018,0.9306208918228721
robot3,753,1722894586128381972,155.85342356498657,-45.57810046562473,27.84756856357579,0.03588940246497137,-0.07334010208695534,0.3577896733626033,0.9302256338392658
robot3,754,1722894586625971568,156.4955412451842,-45.72918590560104,27.722754151320185,0.034210334942094786,-0.0722291554688286,0.3568700436427555,0.9307289476715696
robot3,755,1722894587127202155,157.10331194518125,-45.887377873783855,27.58923291393894,0.03424713124845639,-0.07505821614639538,0.3558934808415554,0.9308776656922505
robot3,756,1722894587628643773,157.76409157726988,-46.10922185493257,27.486087714593403,0.03269201645454353,-0.07670364255584494,0.3551517837272284,0.9310826997609658
robot3,757,1722894588124748098,158.44748726498943,-46.28680328585214,27.391310890616914,0.029221116533844852,-0.07173648982265302,0.35453794354401263,0.9318276927436867
robot3,758,1722894588625964445,159.14203472200614,-46.50478499469739,27.29703467635732,0.030331045895195204,-0.07196275118783957,0.3539490036661098,0.9319986549883796
robot3,759,1722894589126853435,159.74727745003517,-46.700017922790785,27.211314135242638,0.030881617667108608,-0.07225671801954403,0.35443982935374446,0.931771270086707
robot3,760,1722894589625122226,160.3137213219377,-46.84545334063196,27.145560449783268,0.02701645254151839,-0.07163357029209183,0.37048006215742946,0.9256798941551594
robot3,761,1722894590125402350,160.82796988725337,-46.980020460817904,27.14022567968252,0.02532315918048728,-0.0759371085198668,0.403449063492767,0.9114939090995459
robot3,762,1722894590628353170,161.12730466863104,-47.061068441604796,27.158850440920894,0.020088534954695002,-0.07643031257682226,0.47834583599480035,0.8746085520215424
robot3,763,1722894591130352666,161.2241886896004,-47.212611522714916,27.118921941288445,0.0192389858238272,-0.07626011615998149,0.5205953457814486,0.8501733600027882
robot3,764,1722894591624944721,161.3424915075887,-47.36572055129538,27.320488640340574,0.01228087531672544,-0.07505630567825207,0.5949597167057611,0.8001491527064117
robot3,765,1722894592176332530,161.47507336819046,-47.51515154796308,27.59196278577446,0.006140418336413378,-0.07649313489154168,0.6549690283240711,0.7517490721732487
robot3,766,1722894592627187205,161.61023295907154,-47.60446114661417,27.827774795896723,0.0015304744680116346,-0.07660198715148517,0.6973033022698897,0.7126695572674993
robot3,767,1722894593126488042,161.72369166837316,-47.68322294201523,28.078344579675004,-0.004601278391335485,-0.07561567282623918,0.737677832471209,0.6708893453772979
robot3,768,1722894593627121270,161.7795328641701,-47.75845675323285,28.289067722110808,-0.006429821652227931,-0.07567707538663546,0.7719028947058747,0.6311874197091837
robot3,769,1722894594124953859,161.84279025588975,-47.86661085946201,28.475279986527262,-0.008640403339275344,-0.07486785193059942,0.8013693142520792,0.593403210601851
robot3,770,1722894594628757049,161.87785331436433,-47.93231419612242,28.60695593005515,-0.009740511892622561,-0.07418605801594516,0.8183399883611481,0.5698431491851074
robot3,771,1722894595124929514,161.8726593478953,-48.08840774248516,28.876157323916225,0.01542873591131603,-0.09163470794238125,0.8442702254608205,0.5277999818196554
robot3,772,1722894595625531116,161.86074288630627,-48.208665393314355,29.119620041300717,0.021058155584687415,-0.08692508307666427,0.8667577735108029,0.4906440115542857
robot3,773,1722894596124892993,161.88899496094643,-48.32726350584443,29.26705767723162,0.000714019281612192,-0.08105702231426008,0.872209125808847,0.48236966132394554
robot3,774,1722894596626579702,161.98556061689447,-48.538225069172896,29.695371942202897,0.002372867833070436,-0.08154334787991328,0.8712943980547532,0.4839329745255921
robot3,775,1722894597124525840,162.05993827843648,-48.679209393079056,30.056415773209267,0.003370501753297425,-0.08036760365038606,0.8700395968008188,0.4863751515035427
robot3,776,1722894597626668125,162.21540821311876,-48.93151423396225,30.550173150454242,0.0051555432831503845,-0.07796513454895514,0.8676345457265693,0.4910245953412811
robot3,777,1722894598125823906,162.29584578260352,-49.100575985130035,30.97569869127582,-0.0037331626360055594,-0.06958585320027089,0.8656596073896907,0.4957593334119391
robot3,778,1722894598627441389,162.44973890699578,-49.263184677069994,31.43632014558316,-0.001487885068376288,-0.07368510177774566,0.8489800678321511,0.5232601039614454
robot3,779,1722894599125942133,162.6723695491355,-49.487526762929555,31.910218154430858,-0.0002849239529561492,-0.0747020538009856,0.8324471136534708,0.5490458313713539
robot3,780,1722894599625461869,162.8626467482272,-49.69309284448878,32.380221193414954,-0.0022004964572512114,-0.07199093172068009,0.8280344925673819,0.556031782080852
robot3,781,1722894600123969156,163.0223784039812,-49.87195115475547,32.69291335582168,-0.0044978887160155075,-0.07161453887935133,0.8328085292096719,0.5488907728262695
robot3,782,1722894600626836274,163.13789140918595,-50.02490804565004,32.95907991366391,-0.003377125132668591,-0.07269192366507676,0.8282726384393994,0.5555798013538154
robot3,783,1722894601124773080,163.19822916133796,-50.19068037163965,33.28616193432603,-0.007698143848345493,-0.07410953759049152,0.8233781811366174,0.5625805594291091
robot3,784,1722894601625357995,163.29991810847616,-50.324917107981705,33.65613379357354,-0.0053898091865481005,-0.07305592876414767,0.818226363471481,0.5702099607596978
robot3,785,1722894602124780612,163.40776967144316,-50.49906764551542,34.045205487500674,-0.004465169105978817,-0.07155585982992277,0.8146338996139996,0.5755270895349267
robot3,786,1722894602627978242,163.5587223096099,-50.64573948980687,34.413993134451665,-0.003965970657164703,-0.07110430833617275,0.8140095917950969,0.5764692818167856
robot3,787,1722894603124228157,163.6967018304428,-50.76098560227442,34.64412373638185,-0.00346323926945468,-0.071684269180245,0.8210381978929328,0.5663441084063487
robot3,788,1722894603626684190,163.72139285929086,-50.85245162952904,34.915227627853206,-0.0070847046885840845,-0.07029396177208477,0.8503989747705072,0.5213733303565983
robot3,789,1722894604126725684,163.72046671574327,-50.951932861086014,35.16659206938853,-0.009405590565929425,-0.06854213694351038,0.8582871734740388,0.5084846489121067
robot3,790,1722894604623393867,163.71468136226414,-51.08157056517944,35.580047132219136,-0.013162107933695847,-0.06857951400974066,0.8585865517877005,0.5078904825474048
robot3,791,1722894605126805412,163.7043519504563,-51.17543994032892,36.080569625574675,-0.010908983746645957,-0.06780623051945772,0.8706825333370833,0.48702693489998716
robot3,792,1722894605628969306,163.68440917888398,-51.3732842825317,36.667026479476796,-0.010914505237522697,-0.0689317358302277,0.8704627853691237,0.4872615608256809
robot3,793,1722894606128380624,163.67779122418753,-51.58195891151472,37.212497751130655,-0.0059543322847452505,-0.07019927008954129,0.8628966540626476,0.5004457740988786
robot3,794,1722894606625566192,163.62252600233785,-51.77187686083835,37.7320487395691,-0.003975709108575369,-0.07254028942835958,0.8648444973726751,0.4967555691795902
robot3,795,1722894607128153579,163.54148344628044,-52.0084978037911,38.43533383528617,-0.010377433425908317,-0.07160170772903601,0.8697436965936649,0.4881714929831149
robot3,796,1722894607623706783,163.4920718525979,-52.20361846511168,39.07068653314632,-0.010736879258660625,-0.06895765086494704,0.8610796378069681,0.5036580379237422
robot3,797,1722894608125722859,163.52324293322994,-52.38487233629325,39.712384647420315,-0.013134566754770172,-0.0646691930669989,0.8483617047689181,0.5252882984664732
robot3,798,1722894608632068087,163.45335992233743,-52.54431271607549,40.27615778908943,-0.005985575418589031,-0.0694750230780241,0.8528869577662301,0.5174178498346196
robot3,799,1722894609127619124,163.3351532901796,-52.685958479953264,40.801088396629595,-0.00968778545171771,-0.07083054760944525,0.8512585100051723,0.5198539501457707
robot3,800,1722894609625650220,163.21457236551817,-52.89585346110848,41.501078826802264,-0.013599528976855095,-0.0649422689708866,0.8653327305323929,0.49678649335692876
robot3,801,1722894610126363124,163.09999557141407,-53.08042863482778,42.16928041570196,-0.014281975840084305,-0.06617169907674257,0.8626860794904422,0.5011886467796439
robot3,802,1722894610624609108,162.9476431840193,-53.24007120185252,42.7636902390555,-0.013399720417912429,-0.06738770224692628,0.8679958626338425,0.4917952089326744
robot3,803,1722894611127246818,162.72264716497838,-53.4051367642792,43.47170654093586,-0.015711854913177586,-0.06571055928008009,0.8705029666634462,0.4875036872111079
robot3,804,1722894611628645055,162.4653256601303,-53.57293877133468,44.28495455803565,-0.020610931801590446,-0.06672011692909934,0.8708295583288284,0.4865999340608826
robot3,805,1722894612124673932,162.07559530585866,-53.64052105966791,45.03431715645365,-0.028994988789387055,-0.06372334256800366,0.8977482517580222,0.4349099937946689
robot3,806,1722894612625140512,161.5455861096544,-53.64853946071282,45.729734596048935,-0.02784871973127223,-0.061893020647210965,0.925834809215806,0.37178435799375037
robot3,807,1722894613126963955,160.88096577477793,-53.65128312063757,46.336623220917616,-0.037117861575852715,-0.05493317546909611,0.9626811909067243,0.2623919496846815
robot3,808,1722894613628603124,160.0245238801063,-53.60889509341616,46.72469472931451,-0.04293990781681017,-0.05005270219974522,0.9888758336497705,0.13332470492245174
robot3,809,1722894614125007804,159.18996127210292,-53.463841201110895,46.98123049868575,-0.04531240158999122,-0.04242821415455983,0.9977880546031606,0.02378299806673481
robot3,810,1722894614626675526,158.3570774597329,-53.17018088784499,47.08237581307726,-0.04635528417694873,-0.035500798396098286,0.9970354740692424,-0.05011131997498305
robot3,811,1722894615128324048,157.63307633358667,-52.91591450978894,47.1419939669499,-0.05983965057109123,-0.03333247747137752,0.9953420981968647,-0.06784003038186802
robot3,812,1722894615626409817,157.02736235170073,-52.68880607534398,47.07276801013614,-0.055265258748235645,-0.03197089459007539,0.9930563920720545,-0.09880594738898492
robot3,813,1722894616124261641,156.40508108306577,-52.456833549253204,47.07455932318437,-0.060986747063880346,-0.03045818620873737,0.9919696553490538,-0.10653224132683836
robot3,814,1722894616628542398,155.78849900599604,-52.28336612487098,47.17757020360346,-0.05185999198618216,-0.029104680498224542,0.9918376896737939,-0.11278943278002748
robot3,815,1722894617125524743,155.18803026907716,-52.05973805864747,47.2254567078605,-0.05562026635909598,-0.031251289941932485,0.991822859163233,-0.11053125751740112
robot3,816,1722894617625442543,154.6571664263754,-51.74748014876447,47.25113030094567,-0.05440583430815992,-0.03192962823301259,0.9927576541939015,-0.10223866232280458
robot3,817,1722894618125282966,153.97143839301674,-51.57977352506499,47.322476587998295,-0.053686017928599984,-0.03263777085268153,0.9939346494270782,-0.09025796397553554
robot3,818,1722894618627012548,153.36127345287207,-51.40986461762378,47.38588783078577,-0.052147624165830145,-0.032968239202167286,0.9924638952141248,-0.1058732128263555
robot3,819,1722894619126922107,152.75117903569642,-51.22732751630645,47.470250746089114,-0.05047176574955745,-0.02835686735686104,0.9926734462909002,-0.10605620191565754
robot3,820,1722894619624693734,151.9952596694628,-51.01920336998278,47.54614097880093,-0.05923348510446507,-0.02591981381239687,0.9894250552437539,-0.129836888249081
robot3,821,1722894620123648294,151.35784341587225,-50.83622006762193,47.609403731111435,-0.050842954417639426,-0.027692511594837724,0.9904650290212171,-0.12500858000015413
robot3,822,1722894620623879601,150.7260620942137,-50.6638326240924,47.695460962017385,-0.05173066202830516,-0.027157457226417894,0.9907712807958537,-0.12230568373240899
robot3,823,1722894621126321232,150.03878150266956,-50.41581367286575,47.76219187981232,-0.05618609081852707,-0.029207792311624948,0.9920315695088491,-0.10891920475574027
robot3,824,1722894621624630698,149.37781461168439,-50.21718675819747,47.871381157808685,-0.05111586633895788,-0.02722818611850488,0.9923742872851756,-0.10880748147234023
robot3,825,1722894622126396251,148.72454068052255,-50.03045368268563,47.90095860575475,-0.05834176146919009,-0.029749648299665126,0.9926494562314562,-0.10177550952028135
robot3,826,1722894622629393034,148.1355621110672,-49.863954406216834,47.94243706956359,-0.05322248080487371,-0.028888309568716266,0.993726255102082,-0.09402639537932263
robot3,827,1722894623126421561,147.55820601441837,-49.63264135822868,48.044970307900705,-0.05357596070228986,-0.02924095993223375,0.9950406223845589,-0.07854134262678446
robot3,828,1722894623624414247,146.91940518348682,-49.49812422979701,48.14734584464702,-0.05368763812458639,-0.0287811345425566,0.9960368332794688,-0.0648067169177275
robot3,829,1722894624124366938,146.40354782010655,-49.436023845456255,48.2446512134424,-0.051390964988818746,-0.02954606146399385,0.9970064854831925,-0.049639368186314224
robot3,830,1722894624624018451,146.01178024979748,-49.34900660688605,48.29776465293772,-0.051499601126691254,-0.028576958397088865,0.9969463437716808,-0.051275102855483784
robot3,831,1722894625127222320,145.55270615351506,-49.13739109344926,48.441734658073024,-0.050305073135195916,-0.028053185915153416,0.9968944296558884,-0.053702090256651146
robot3,832,1722894625624822418,145.03263902667857,-48.93804439515378,48.552141774423305,-0.053816316020716085,-0.02848742117962684,0.996692947554681,-0.053809285994656536
robot3,833,1722894626125192566,144.57945340488234,-48.76166013763553,48.664051335864485,-0.04701414612697991,-0.02941227911097923,0.9973743469181592,-0.04657252420713723
robot3,834,1722894626628660585,143.94657856738993,-48.59004158321445,48.77207136769956,-0.044311645449461236,-0.029162154980592964,0.9973713898592467,-0.0493594720867612
robot3,835,1722894627130116065,143.31345078556024,-48.42157088101301,48.89204678630291,-0.0537631631171025,-0.027003574173115313,0.9970428791520369,-0.047810316938267615
robot3,836,1722894627625805349,142.60474864494924,-48.18345962423488,49.055002136154954,-0.05044373741904225,-0.026767196888793955,0.9968910883276175,-0.05428724103224773
robot3,837,1722894628128813486,141.89051373631986,-47.954766158902295,49.23848378837176,-0.05756280274696029,-0.02466908071899238,0.9962405912761172,-0.05985519601677669
robot3,838,1722894628624843116,141.16929605907401,-47.71011023393659,49.390260277273896,-0.052141369065569966,-0.02617687531013213,0.9969192196487789,-0.05242249827922797
robot3,839,1722894629126600903,140.49566240215063,-47.49167328280754,49.45588140006853,-0.05180801807671107,-0.027150147501483514,0.9970269182034945,-0.05016097219206301
robot3,840,1722894629626265787,139.84689663823744,-47.27363993116558,49.55238624088139,-0.05449680112276654,-0.028658440673481056,0.9973231670043368,-0.039437203272925894
robot3,841,1722894630126272085,139.19714680504845,-47.130959998600055,49.59460147978346,-0.048937847641443044,-0.02584465832587688,0.9980969702962902,-0.027195194237363333
robot3,842,1722894630624822309,138.48746155683713,-46.96186485414166,49.69378586945783,-0.04990298449253307,-0.025657953798395614,0.998340119586718,-0.012975637525569348
robot3,843,1722894631126414377,137.78707664482903,-46.82158818097655,49.81463382289694,-0.04665129557203244,-0.029466099022803557,0.9984605054154257,0.005659041915527306
robot3,844,1722894631624596128,137.13329824491237,-46.59951720939275,49.873581809889814,-0.045693959951379724,-0.03061977808270548,0.9983891704923362,0.01391242098818662
robot3,845,1722894632124661063,136.5668067211945,-46.369596605007864,49.89274570376585,-0.04445482541031988,-0.034119339897909384,0.9981626648343606,0.023041998034824727
robot3,846,1722894632629211987,135.93594240598034,-46.184553536996255,49.95150719376757,-0.04579615971432965,-0.03215385219609252,0.9980159957633067,0.02886024506040801
robot3,847,1722894633126206119,135.37230416242167,-45.964204563753135,50.0028798180437,-0.04553010850492466,-0.031939761195786155,0.9978755845738224,0.0339290227642646
robot3,848,1722894633625403486,134.69898458711802,-45.76215179440957,50.18477616194771,-0.04188790698524333,-0.028327229977861634,0.9977438981363598,0.044159767003896434
robot3,849,1722894634127966207,134.0673497128985,-45.56778884161313,50.30223728457449,-0.045659731783223,-0.0328272262041232,0.9963855141275506,0.06366686225976809
robot3,850,1722894634625723812,133.50786280200558,-45.387797665935274,50.31831327358964,-0.04569550641539376,-0.03260111838182111,0.9945369858166777,0.08800722479644874
robot3,851,1722894635126543884,132.88032034496368,-45.187444401534556,50.40885703135666,-0.039378542214960996,-0.032811360006006755,0.9926779461816011,0.10937659819293552
robot3,852,1722894635625971868,132.31246093528694,-45.0194410318461,50.521080171665645,-0.03704439720608188,-0.030931286704429,0.9899366260872098,0.13302798378355643
robot3,853,1722894636128835777,131.8099783499571,-44.82621117662979,50.56393739722371,-0.04285863884998289,-0.030840390558108013,0.9833557687642477,0.17384889825427585
robot3,854,1722894636624624177,131.34562142227824,-44.67551250788422,50.62439302552185,-0.03643625309752925,-0.028717465791329822,0.9792153317212119,0.19744629837212294
robot3,855,1722894637127391742,130.86287410985116,-44.58238649802885,50.784294510698004,-0.03085554326764855,-0.029798646901258507,0.9800251954754035,0.19419215310076177
robot3,856,1722894637630056976,130.28537639963443,-44.49186538930824,51.08879009132602,-0.029093576709181466,-0.030270190825810128,0.9799921692085206,0.1945575175407371
robot3,857,1722894638128213941,129.71328335490554,-44.34405026689616,51.35723865985939,-0.02972116406608914,-0.030333773125774954,0.9802712606821629,0.1930408508453939
robot3,858,1722894638627452396,128.91486250538267,-44.03438186590428,51.40193721875804,-0.03657719982582549,-0.027248869264229505,0.9902888559850865,0.1313300776230298
robot3,859,1722894639126785009,128.22258800622464,-43.781481873836874,51.449804484214305,-0.033253465621219995,-0.028223738282431493,0.9918154605991909,0.11999883223580905
robot3,860,1722894639624542783,127.6325737754597,-43.591495357236546,51.46687362959983,-0.03608984417325043,-0.028092382933729752,0.9917210884040761,0.11999009952195944
robot3,861,1722894640127681059,127.028864439703,-43.428195754139786,51.462095123133004,-0.029829087034648934,-0.031923373571399995,0.992411764359392,0.11493482391154851
robot3,862,1722894640623998813,126.31852748229781,-43.2477769477114,51.63114844254753,-0.044927233669856285,-0.030962245652344112,0.9919831071496407,0.11398420131177228
robot3,863,1722894641127558884,125.66072581787148,-43.06547648296577,51.7825586249933,-0.04650931846150321,-0.02932376763995336,0.9904509665408346,0.12642738163060566
robot3,864,1722894641624781314,125.0846151970198,-42.7918723802806,51.671260667481654,-0.04794488766722586,-0.029626183672731676,0.9920303654602144,0.11269130841569022
robot3,865,1722894642124746439,124.49578623639984,-42.581118447286606,51.76690535085484,-0.04139392396811554,-0.03289044845025945,0.9913841658179073,0.1198423849261802
robot3,866,1722894642625675189,123.87004610764109,-42.3514245110543,51.95908970011493,-0.043475862912219276,-0.033295719264311345,0.9883034719999523,0.14232881526784968
robot3,867,1722894643124188051,123.38155042199224,-42.10618456727306,52.08072211603422,-0.04470525911264926,-0.033869661886295074,0.98434965266823,0.16706300339486888
robot3,868,1722894643627859057,122.80347547973102,-41.87211360701223,52.038129635975906,-0.038323619164170784,-0.033149657756854994,0.9879707793585203,0.14610318113744453
robot3,869,1722894644127730592,122.24193834826843,-41.70459228920274,52.10754284390848,-0.03925588846683611,-0.03378943072508113,0.9856083538999846,0.16091433222220078
robot3,870,1722894644626086610,121.79089633230569,-41.58737461860126,52.226067725315666,-0.0370541949991428,-0.03502104874146212,0.983730948627488,0.1722612361806223
robot3,871,1722894645125841259,121.28553209178463,-41.42036527858856,52.300468844251675,-0.0377282489444911,-0.03595550914466928,0.9793588712674554,0.19529460275047514
robot3,872,1722894645625086827,120.81906105002827,-41.286391970103665,52.40736510598605,-0.02953698543124507,-0.03576814111567867,0.9731200949931708,0.22557811793976298
robot3,873,1722894646125917543,120.49476393597004,-41.19454196424297,52.41409331676447,-0.02653933597678446,-0.036104396979045064,0.9626374593873249,0.2670604013121511
robot3,874,1722894646628268550,120.08542256624847,-41.09373141356895,52.583371926100476,-0.026703199462435365,-0.03626217051758903,0.9497157656505443,0.3098579652076466
robot3,875,1722894647130220142,119.61569076422498,-41.0964642903767,52.92104037888931,-0.026754885886280364,-0.03318371217552847,0.9394098990850358,0.3401353536880674
robot3,876,1722894647626916729,119.00816608817078,-40.93979385963341,53.02678689103641,-0.020916450342997918,-0.03535887043549037,0.9385503664158916,0.34268857886887727
robot3,877,1722894648127554038,118.34746540704629,-40.68912717285652,52.95818322732104,-0.022825483268960986,-0.03692659634662822,0.9364015891059112,0.3482348169205887
robot3,878,1722894648624898871,117.80626976064173,-40.52840140148417,53.003667121734374,-0.015168559971059498,-0.03813896990418743,0.9271170038109294,0.3725176438877723
robot3,879,1722894649126787560,117.28640415384906,-40.34483501208903,53.1915678829483,-0.022838181809322143,-0.03942969097591017,0.9150780937654265,0.40069414674015635
robot3,880,1722894649624781324,116.71167671266666,-40.1388601383981,53.333186044302536,-0.02651307234127337,-0.03448189120894001,0.9009103971511024,0.43182000009115373
robot3,881,1722894650125121043,116.065501318161,-39.94100066923939,53.2599573365219,-0.018998375306380325,-0.03898150847758288,0.8934404511978975,0.44708350886140646
robot3,882,1722894650626312125,115.50214062219459,-39.748714253085076,53.211329711213885,-0.014560735485782898,-0.04037334283265353,0.8867996018670363,0.46015697788808524
robot3,883,1722894651127996463,114.97662144430346,-39.55669043873481,53.33125410467168,-0.01869774941719389,-0.03764017309790798,0.8796961164736344,0.4736753679442252
robot3,884,1722894651624029193,114.39984265835575,-39.3203772527408,53.31417745639011,-0.011903454415623498,-0.041290203283312905,0.8809792150399272,0.47119958568894343
robot3,885,1722894652125945319,113.79741346624947,-39.090701611636405,53.41626881067091,-0.016134008313260412,-0.03832904915734386,0.8811361244944141,0.4710304744678477
robot3,886,1722894652624957815,113.24309899660561,-38.95276993051217,53.707479345530324,-0.012758796731818376,-0.04149207017152048,0.8847120183729553,0.4641123417506686
robot3,887,1722894653124388946,112.61395616696315,-38.77376674335155,53.813741384715726,-0.020184067861705374,-0.03690028594645353,0.8863195867413387,0.46116001828030007
robot3,888,1722894653627959333,111.94875799483631,-38.55499751226874,53.80559628717183,-0.01804780541705147,-0.03826039230740991,0.884974863821141,0.4637131759017251
robot3,889,1722894654125860848,111.34689592996436,-38.339332194059615,53.87368779466503,-0.0139289380276408,-0.03993194301478649,0.8842709675747816,0.4650551370717728
robot3,890,1722894654624855456,110.7481308163554,-38.15688308688785,54.08005976422543,-0.015846749731535516,-0.0374548392846139,0.8935919689223223,0.4470340128162926
robot3,891,1722894655175813961,110.08841044290496,-38.01040325862022,54.369218701934194,-0.013403008995017077,-0.035685663727525505,0.8924425415666916,0.4495477758327689
robot3,892,1722894655628556190,109.49467202943586,-37.837253255925965,54.462890612243484,-0.016793030136443524,-0.03229514330973254,0.8919807131195399,0.4506056205599274
robot3,893,1722894656128710766,108.7968825967085,-37.58625702381336,54.3935602350194,-0.016699988317114018,-0.03380250453318198,0.8915613625045381,0.4513278608357168
robot3,894,1722894656626101439,108.13977191064338,-37.28208079789353,54.22054013081499,-0.016148681221429796,-0.03607612372164983,0.8846403789233163,0.4645956665428984
robot3,895,1722894657126353334,107.57185287691553,-37.053176630679886,54.237857040396776,-0.01618497896967001,-0.033778372047563406,0.8800509309652549,0.47339985946845814
robot3,896,1722894657623552064,107.09261595526617,-36.96950834215336,54.491168588174496,-0.013492920382370696,-0.03375753035105611,0.8785731712614072,0.47622216767368847
robot3,897,1722894658126388701,106.49491574141895,-36.87010172551371,54.75505769260743,-0.013897212310570128,-0.03429491733163568,0.8810410433513056,0.4715902947110492
robot3,898,1722894658633343028,105.80615383144844,-36.62575344741323,54.772553585525586,-0.015787220498297772,-0.031985225583846005,0.8858236787234297,0.4626490238033348
robot3,899,1722894659127830676,105.10853180692244,-36.399830048359945,54.86105915025483,-0.012957967250498349,-0.03142646026196418,0.8901788252286743,0.45434142205464334
robot3,900,1722894659625694554,104.437740949642,-36.20526905751069,55.05926011968384,-0.014480202475525124,-0.030359903250540193,0.8896893551091498,0.4553256542479797
robot3,901,1722894660127704904,103.72713344276698,-35.983317815167105,55.211832503562405,-0.016519330892580345,-0.027154726924868387,0.889674463865052,0.4554877395264657
robot3,902,1722894660625671697,102.98770380169532,-35.72076647384341,55.271936677308574,-0.008784276571655621,-0.032696462139821234,0.8901282138503495,0.45445081225170936
robot3,903,1722894661124477438,102.28338826812595,-35.43589635952428,55.330587110392145,-0.01780305381851352,-0.02869054474777046,0.8901125971045161,0.45448813889106593
robot3,904,1722894661625089485,101.54909146425159,-35.17626558938091,55.35713567287192,-0.015757213923322987,-0.02874325100521675,0.8887045920036744,0.45730699085254367
robot3,905,1722894662128835676,100.82682531607185,-34.85993194948561,55.28857134168058,-0.010482948503872762,-0.029462519904310553,0.8860760029884357,0.462483929060882
robot3,906,1722894662625925602,100.21265294680937,-34.63248262100111,55.48096382119943,-0.011131611292834182,-0.02654327349844687,0.8834987667698819,0.46754836218097234
robot3,907,1722894663125852203,99.61744034182965,-34.52038315740108,55.74049420669258,-0.006860514757482497,-0.027351889157549873,0.8803494730497565,0.47348665535344425
robot3,908,1722894663625023953,98.86313417541088,-34.260782440920764,55.84355010003578,-0.008658951740058539,-0.027665968009823228,0.8775823173359864,0.47854873635612377
robot3,909,1722894664130020164,98.04854659962417,-34.02877813527635,55.99425088239916,-0.00865079191030632,-0.023592767587354155,0.8922711331075948,0.45080014434312515
robot3,910,1722894664624908006,97.28468873685067,-33.80566543637889,56.08539442675881,-0.00864125076217952,-0.02364805756272052,0.8981030903546602,0.43906370523442784
robot3,911,1722894665128408326,96.40018118374323,-33.4866298781541,56.10111292420529,-0.010493947989303937,-0.02258800398771982,0.9190358651370374,0.3933862449594112
robot3,912,1722894665627763006,95.64508000842666,-33.11076404572577,56.02615182708298,-0.01701993198640877,-0.015304906448153712,0.9297040223317893,0.36759558296296646
robot3,913,1722894666129169017,94.94350835718852,-32.839709708516196,55.950070228711766,-0.01805224176442288,-0.01415131993552756,0.9411562908813578,0.33719236771582844
robot3,914,1722894666627186206,94.36642121511711,-32.60571589827108,55.77461293942221,-0.017702700879057186,-0.013843929316537997,0.9548218933919461,0.2963277103176219
robot3,915,1722894667128445748,93.9236393230065,-32.414816855432036,55.57712189292214,-0.013782454061913535,-0.01528009820920518,0.9684471619669446,0.24836798714189978
robot3,916,1722894667627052398,93.40938714479073,-32.20139198609962,55.62487505271602,-0.013762419833366537,-0.01206865816788308,0.9857504132477575,0.16721562747611873
robot3,917,1722894668125059990,92.80288452077008,-32.023212056180036,55.565223235274104,-0.017338969301217408,-0.015473697604610839,0.9968291096800254,0.07610289692607197
robot3,918,1722894668626761363,92.38851152467153,-31.802297042291716,54.949535739992434,-0.011386099224097432,-0.012448979190603228,0.9997572261170699,-0.014172808058849929
robot3,919,1722894669126487139,92.39080293510266,-31.563220169836832,54.25488814409728,-0.006015141228530326,-0.0038475867016828603,0.9974941008662953,-0.07038844286894648
robot3,920,1722894669625690714,92.16488754192551,-31.426804208577604,53.825000549786814,-0.015308800944979443,-0.0009295301292468758,0.9819581224267001,-0.18847552198520495
robot3,921,1722894670126148659,92.11369058108905,-31.30770808784244,53.59002922080176,-0.02714708437056816,-0.0022078596456623486,0.9541233385598336,-0.29817246013238635
robot3,922,1722894670624892679,92.15012017822848,-31.087955183336618,53.30062890834605,-0.032571896047685005,-0.002178539811777212,0.9416320843023557,-0.33505722401486693
robot3,923,1722894671127892415,91.99273244221203,-30.876555699381335,52.95534737506693,-0.02665596684549106,-0.000663656026804988,0.940091415747038,-0.3398781385010511
robot3,924,1722894671628620862,91.93097710901168,-30.784275033053355,52.44073244178411,-0.025188421563675085,-0.0009285007578393228,0.9402425104038239,-0.3395713517583431
robot3,925,1722894672127084409,91.92469144015686,-30.70934156455543,51.77570687344525,-0.028650020290858003,-0.0015989053365697693,0.9358760456568088,-0.35115900530220323
robot3,926,1722894672626060629,92.05471458194086,-30.56087183655374,51.01693809949126,-0.020562819551760238,0.001837548745216082,0.9349510920407309,-0.3541754499658826
robot3,927,1722894673128205973,92.22703717556497,-30.38650607751179,50.20887616118255,-0.024901412177725107,-0.0022524086817292477,0.936056574750841,-0.3509600193646116
robot3,928,1722894673624397050,92.27142073947553,-30.181623271956667,49.632442983619846,-0.015523329769676452,0.0006201564042607134,0.9378613146009908,-0.3466623663073302
robot3,929,1722894674125208341,92.23309116359394,-29.947383151085724,48.97936163648877,-0.023515233315494617,-0.0038187675045295347,0.9396441633560366,-0.34132286341204593
robot3,930,1722894674626207008,92.07148250612774,-29.710395025650307,48.36454057122113,-0.020319458630100155,-0.00659733386563893,0.942127825665843,-0.3345724957210264
robot3,931,1722894675125260705,91.92681307583159,-29.458000451359975,47.639483410820034,-0.024223469946355897,-0.007018482630103684,0.9439386424487247,-0.3291561995426905
robot3,932,1722894675625121628,91.91151534674634,-29.220763936569085,46.88401800346785,-0.027087754949155607,-0.008919871473659222,0.94581545321494,-0.3234498691984985
robot3,933,1722894676125763328,91.90067450471463,-28.977072876439994,46.08274974398894,-0.03068050381674247,-0.006704746824048633,0.9405438092779984,-0.3382175274648087
robot3,934,1722894676625681994,91.9262248252572,-28.78265330575439,45.317840628786364,-0.027296710486206237,-0.0038739352406475525,0.9410330616862865,-0.33718935190144605
robot3,935,1722894677126040748,91.97253785748514,-28.552232142643472,44.678122458055995,-0.028976406612755332,-0.004773998398960058,0.9417488153846096,-0.33503245442909463
robot3,936,1722894677626418231,91.82348270298553,-28.278652719555154,44.07603662339859,-0.03531790697380018,-0.006100577381870222,0.9396521406082381,-0.34024885459462423
robot3,937,1722894678123540159,91.65450150905804,-28.057337012230555,43.421448708391644,-0.03141846830523563,-0.00030362024913246514,0.9374728011643655,-0.3466374687496075
robot3,938,1722894678625328578,91.5472010793516,-27.748516978782423,42.57375761632792,-0.03629763744690323,-0.0061507484880853735,0.9299685296427302,-0.36579117496591945
robot3,939,1722894679126828199,91.44880091459883,-27.45656287894627,41.80675114237084,-0.039953111538781984,-0.010738104742172239,0.9311379061385024,-0.36231290583820086
robot3,940,1722894679625931468,91.53626228703449,-27.27692134661709,41.02959753936011,-0.03579163006028586,-0.010514609828209296,0.9331297889256017,-0.3575992159072083
robot3,941,1722894680124986320,91.61394676316314,-27.07695153930005,40.34721520643975,-0.02469850672764541,-0.0005884873106450491,0.9354526076224868,-0.3525876576688401
robot3,942,1722894680625874907,91.64745298764602,-26.863310106202654,39.766367338466985,-0.02268082563605469,-6.111753564335094e-05,0.9340169837899437,-0.35650785461901113
robot3,943,1722894681135794918,91.6405537447497,-26.69996814560606,39.11265731860962,-0.026672371701615356,-0.0016908381737181827,0.9271450764509811,-0.3737482212222361
robot3,944,1722894681624771762,91.6660432968497,-26.49816722057491,38.458836084806606,-0.02819927874346579,0.0013532714382569794,0.9049457461984379,-0.42458940845493903
robot3,945,1722894682127558561,91.79112186396675,-26.292118288503307,37.67720262851155,-0.031067686752896822,0.005588508246417554,0.8383800734830058,-0.5441713147548604
robot3,946,1722894682626162488,92.16522475452766,-26.2912460060177,37.077200311922496,-0.030803311023722846,0.009858715373220554,0.7944784563959848,-0.6064304940253408
robot3,947,1722894683132202257,92.60860388415097,-26.282048632733606,36.51939775824983,-0.030643980064151734,0.010854581655763891,0.7358722995841402,-0.6763394733768358
robot3,948,1722894683623924290,92.90129265981774,-26.262002691447265,35.92168495232296,0.03463308005930365,-0.016027486795158863,-0.6444643233570931,0.7636814816090023
robot3,949,1722894684125412552,93.40483323624943,-26.26660595226329,35.4832642435476,0.03627510743537503,-0.023225446559422692,-0.5354636863217447,0.843459148888312
robot3,950,1722894684626313882,94.03022101061086,-26.34085584971322,35.449907274972055,0.03128978643915253,-0.043645429747582544,-0.4160214255147714,0.9077677011435241
robot3,951,1722894685127713529,94.568254602824,-26.59401153706965,35.756499538914724,0.026024086451497595,-0.04587285842527493,-0.31318779911169864,0.9482256220287606
robot3,952,1722894685625912007,94.96494177363552,-26.836151106228748,36.06321550775584,0.029887743954257733,-0.04169977468516098,-0.24607111647590152,0.9678929988324303
robot3,953,1722894686123673232,95.46733310032444,-26.93689994241651,36.069233769917105,0.028700907134504607,-0.044627797574887045,-0.23555076395880245,0.9704125180621364
robot3,954,1722894686626088202,96.04072010491639,-27.231175235735893,36.11639713162465,0.03073841429966158,-0.0417429983442365,-0.2261883999090673,0.972703181716885
robot3,955,1722894687127497932,96.57666731413114,-27.657258384994392,36.2528111954762,0.02994152088176379,-0.04336078510510014,-0.23994005048291592,0.969356549375209
robot3,956,1722894687626709035,97.38074532712413,-28.10540003688973,36.17429169301779,0.02941235542651547,-0.04408898902232147,-0.2604873183684718,0.964021489057405
robot3,957,1722894688126369821,97.72755509189169,-28.31147315277616,36.536452739218795,0.028701417531468862,-0.050826943081964254,-0.3195710565420363,0.9457627558268689
robot3,958,1722894688631481357,98.26297277734751,-28.72780758481321,36.812259573652355,0.03150937886078567,-0.045911131760055575,-0.31538831325164757,0.947327577392635
robot3,959,1722894689126651451,98.96293386213856,-29.17934511475021,36.91382392138721,0.0324531520917222,-0.048385237235362304,-0.2953725480828682,0.9536040685609636
robot3,960,1722894689623956870,99.78532560745623,-29.432247224596477,36.95033371115855,0.03384510911387815,-0.04643338371975052,-0.23788865409499718,0.96959137667281
robot3,961,1722894690133022487,100.63390145301008,-29.715056160066162,36.940706160533985,0.030040855779862163,-0.04553609693156682,-0.11548703938861753,0.9918098379192981
robot3,962,1722894690627354708,101.30216469670007,-30.18421658266889,37.342986092961,0.022533617423545666,-0.04560485471470139,0.010814759237216478,0.9986468216015617
robot3,963,1722894691127571257,101.4653601096078,-30.44408690071754,37.74400410927811,0.014358902986389635,-0.056798569681173444,0.10570393950483147,0.992670348887464
robot3,964,1722894691627258242,101.68618577366703,-30.59097885206981,37.90880355145378,0.017810817432535757,-0.057074196387921966,0.18812573772243316,0.9803234250467792
robot3,965,1722894692129062304,102.20522374782139,-30.58724469204544,37.946426421968624,0.03166063630987746,-0.051581709355578854,0.22624990909369214,0.9721871784813386
robot3,966,1722894692627961151,102.65903954475581,-30.77164314734911,38.07244829251321,0.026644743597426537,-0.04828948570681496,0.25287820812498146,0.9659248392418001
robot3,967,1722894693126422908,103.09863000800047,-30.954061471067483,38.28012841177808,0.03358132216637202,-0.05923829150071843,0.3044061076806891,0.9501052790235022
robot3,968,1722894693625110531,103.62658209737637,-31.27772259839598,38.53376110321714,0.034232862501630684,-0.05504753481459632,0.3650759614641931,0.9287181609060821
robot3,969,1722894694126682283,104.1266279449598,-31.62674075245511,38.76120402905365,0.019107057992118297,-0.05113165316206543,0.41362030863985155,0.9088117047334249
robot3,970,1722894694625629233,104.5878077626967,-32.02257429956701,38.976996717852884,0.014614860250754105,-0.07122580259046958,0.4154300273651103,0.9067144993153127
robot3,971,1722894695126976045,105.0506735798903,-32.30739286458448,39.279462348722234,0.011454576188412217,-0.06364451589994052,0.4103430110497741,0.9096355212736644
robot3,972,1722894695626242544,105.40986461737675,-32.67103370513091,39.59383949588898,0.016069997294211148,-0.06665065618178827,0.39368335779751207,0.9166858016849488
robot3,973,1722894696127706862,105.8944033690518,-32.9686024260547,39.87320547050184,0.018398200075183044,-0.06514531304964186,0.38450689611051664,0.9206367585889205
robot3,974,1722894696625003610,106.42884192626445,-33.294105995511934,40.08984065848419,0.013984913489561017,-0.05501287786058233,0.3831354167952549,0.9219464506473858
robot3,975,1722894697128078773,107.02464353762389,-33.63962381056801,40.37924791812287,0.010685194245333792,-0.06530984848405412,0.3918966549639199,0.9176259925171147
robot3,976,1722894697631857541,107.54216036897829,-33.92960377136867,40.64757455772322,0.011220887959288026,-0.06048638021453782,0.3915960233425964,0.9180784519768516
robot3,977,1722894698126301838,107.99742843802584,-34.2143879902045,40.88780105360289,0.011731026771944804,-0.06181763012608911,0.39198807543672426,0.9178160558259388
robot3,978,1722894698628879692,108.53167021892959,-34.45500752003102,41.107431959848924,0.01894696817613378,-0.0638788097507359,0.3921687219931262,0.9174770861182527
robot3,979,1722894699125143292,109.17661514084301,-34.740656999647406,41.435390920782694,0.021021872460683138,-0.06630953996576992,0.3958390065991069,0.9156814984711698
robot3,980,1722894699626226692,109.73566363090634,-35.041185151488115,41.774025510352274,0.017689843573082502,-0.06269121735004121,0.40705546935420095,0.9110777823931175
robot3,981,1722894700126767011,110.29018878186628,-35.37768524128831,42.06229327029844,0.02093456332221653,-0.06977955450272276,0.40775600114095534,0.9101799829514198
robot3,982,1722894700627024336,110.973954612023,-35.631838922895156,42.330039318842466,0.011346780012619961,-0.07323767666405928,0.40393634553997515,0.91178008425936
robot3,983,1722894701125740775,111.5356538661478,-35.95295372910544,42.568038235628016,0.017326278750587887,-0.071803600336449,0.3990544760359224,0.9139472458512449
robot3,984,1722894701627155121,112.14571229660716,-36.26369618914464,42.782039445942985,0.021596687786777476,-0.0712099770804946,0.40407734529334477,0.911693052107736
robot3,985,1722894702126620463,112.74999839421147,-36.54977917525794,43.09588219742467,0.02158316118278582,-0.0652076685262746,0.40363380037056185,0.9123386883812079
robot3,986,1722894702627752141,113.3383887600357,-36.89852936224582,43.392051857196265,0.032145882815722025,-0.06596330883314185,0.39509352213471133,0.9157055164587411
robot3,987,1722894703124340269,113.96319918806459,-37.27185622464991,43.71615188314451,0.027144531424588714,-0.06238301166576499,0.4009769590212778,0.9135584341481923
robot3,988,1722894703627855775,114.62124410678297,-37.64592734021072,43.97542265077786,0.031116466039988553,-0.06539629205320577,0.39914144282810454,0.9140247256742965
robot3,989,1722894704125100864,115.22145292050877,-38.03645029965338,44.22680695141715,0.03862049527388535,-0.0535637197115106,0.4035984767004617,0.912550083491604
robot3,990,1722894704627430495,115.70300261363934,-38.407584076006884,44.58398240151839,0.03440735476900666,-0.06171410486718621,0.4208771695217266,0.904361604322973
robot3,991,1722894705127762332,116.29962487125748,-38.75592768438638,44.929478192987034,0.027743145714708903,-0.06830023702160877,0.4191888445024283,0.9049011593170623
robot3,992,1722894705626351271,117.02309626787705,-39.052711270426585,45.19330737301916,0.032718615835301695,-0.0634357680545801,0.38944153026865513,0.9182813784517008
robot3,993,1722894706123971373,117.7946548962308,-39.02071407558202,45.675560645443625,0.032131758776262884,-0.06508558860689966,0.4011268234915552,0.9131422056334995
robot3,994,1722894706629267673,118.37997811375126,-39.33908647490364,45.978342441544065,0.03247920518176845,-0.07555144507987971,0.39641390664758486,0.9143812634746528
robot3,995,1722894707126499938,118.9792246211334,-39.72210966233847,46.35600749267862,0.027003296051561328,-0.07437157989943577,0.4074870622182715,0.9097768870609628
robot3,996,1722894707629132704,119.6698388964691,-40.10830389519241,46.704535991705214,0.026491668868262472,-0.06964847208386944,0.4036462036300339,0.9118755529742082
robot3,997,1722894708124766547,120.41546990763729,-40.52705694517805,47.03656134406083,0.03103581521725546,-0.07154024397264502,0.3973793306752098,0.9143349710134996
robot3,998,1722894708625123258,121.16805974427935,-40.97289195281041,47.321434457883335,0.024202377835427658,-0.06454401756832953,0.38277198733375795,0.9212675617950606
robot3,999,1722894709124767799,121.80472879331174,-41.43271030009001,47.61515512265925,0.02937611263989447,-0.06474371845635853,0.3729313457089604,0.9251310752073546
robot3,1000,1722894709624008636,122.50560982424109,-41.83381581026592,47.940836432474526,0.034461716540774456,-0.05415854199716608,0.3658338476169396,0.9284636979223208
robot3,1001,1722894710125070302,123.19503416364918,-42.16036051297938,48.31147283431713,0.021398944364052506,-0.06805187903358245,0.4064080741811886,0.9109025766680212
robot3,1002,1722894710625415518,123.86243904955965,-42.451536952441565,48.61182220953307,0.017796513070754322,-0.07978013515614764,0.41585257076478616,0.9057510991134969
robot3,1003,1722894711128597633,124.49615577708173,-42.77523673979107,48.85063011741263,0.014587677709499026,-0.06883636596897262,0.4144150976731837,0.9073636984141227
robot3,1004,1722894711625737044,125.11952363708964,-43.18429411869618,49.144172901011885,0.01402037749726017,-0.06304131253339766,0.4221432900162918,0.904225781883663
robot3,1005,1722894712124638828,125.51824354990212,-43.48647744713375,49.57408531197654,0.015168173061601042,-0.06437412533460736,0.46278518697307597,0.8839998694749183
robot3,1006,1722894712626087063,125.63512976699678,-43.67525609046261,50.03960939924255,0.017985819646985344,-0.07808522697639854,0.588474846762008,0.8045349975905969
robot3,1007,1722894713127638803,125.61799962610111,-43.81280995471959,50.34028081418736,0.01745445672164541,-0.08179961801569258,0.6655987457050315,0.7416080326890531
robot3,1008,1722894713626191701,125.51285349479724,-43.93211843750019,50.722222964687745,-0.005593847252904372,-0.06545722412996743,0.7737313686401693,0.6300982700058148
robot3,1009,1722894714129272044,125.31539518541439,-43.90421618845269,51.08157335214869,-0.01722930124865156,-0.05920896794049408,0.8669274137824201,0.4946052047102106
robot3,1010,1722894714625751537,125.15492758727453,-43.745164426577205,51.41726114077345,-0.029290986466820195,-0.05350460961225657,0.9325903521657213,0.3557450349751303
robot3,1011,1722894715124926537,124.65917622761496,-43.68710180137244,51.675089255903046,-0.04309043680286629,-0.04534566211403151,0.9824031615565081,0.17598583280297195
robot3,1012,1722894715627483837,124.14179371196391,-43.561720645890546,51.77253552293251,-0.04239274958514503,-0.037269075853578915,0.9973642181149313,0.045590428728221506
robot3,1013,1722894716124640675,123.52554799149263,-43.39770092677157,51.98698507970755,-0.04896352943585908,-0.03597476908596924,0.9980739687963655,-0.0125196479769491
robot3,1014,1722894716633259856,122.58705114838844,-43.141790289970274,52.19655007532828,-0.05451890008005525,-0.03344715161164446,0.994587672097803,-0.08188003477161968
robot3,1015,1722894717127884772,121.67529826307442,-42.84435771028737,52.459615608183796,-0.05040003027741417,-0.03126304155019853,0.9947073892972285,-0.08390273451180265
robot3,1016,1722894717624923725,120.7876059498946,-42.53632908237785,52.571440804009036,-0.05428210174944141,-0.027932223983191715,0.9889696097273349,-0.13495315975841024
robot3,1017,1722894718128619660,119.99170864173554,-42.181177181791476,52.579679941055296,-0.048770042973484376,-0.02363323677586268,0.9812435486757553,-0.18499743568512292
robot3,1018,1722894718626584084,119.16578523363756,-41.76605176036327,52.57916950848192,-0.05494964466187369,-0.024148703427757517,0.9813308163916409,-0.18272166120744315
robot3,1019,1722894719127959690,118.42470701892229,-41.434793128336196,52.61142984945627,-0.05659797905025275,-0.022975789381215677,0.9816131039919146,-0.18084384407851964
robot3,1020,1722894719626577663,117.74095839813262,-41.1926636207367,52.56146124568218,-0.05196408969103936,-0.022256511357951828,0.9812444750785029,-0.18429232543073631
robot3,1021,1722894720130542537,116.94270549307903,-40.936061554768216,52.548870032287695,-0.046881643225282585,-0.02376201414837594,0.9816133464409997,-0.18350127057056426
robot3,1022,1722894720629202020,115.95897280266915,-40.531307300285874,52.678783008881936,-0.058759769194955035,-0.026911314095051705,0.981679837247817,-0.17924220440212293
robot3,1023,1722894721128050258,115.0871969387414,-40.19711595740892,52.73498452837047,-0.05732764744982631,-0.023415421884676085,0.9824624453544822,-0.1758772365143422
robot3,1024,1722894721627306857,114.19698342762472,-39.87679666467832,52.76619817321094,-0.053986691987616645,-0.024800479517476715,0.983213996145261,-0.17251264037166755
robot3,1025,1722894722124843677,113.3580387597157,-39.46151811331371,52.84168322436006,-0.048449815386960644,-0.02332065115622437,0.9841443223539009,-0.1690228250775626
robot3,1026,1722894722626377140,112.4461008563274,-39.078452817626335,52.945587855650196,-0.0479710756483807,-0.02381101079417472,0.9848942719994407,-0.16466658631546632
robot3,1027,1722894723124486846,111.52530171330001,-38.672542182497004,53.066532648153924,-0.05636667458120811,-0.02490159920035018,0.9853116607675322,-0.1592596606471609
robot3,1028,1722894723627850133,110.59076316007196,-38.23982049417285,53.096927970155555,-0.05090108488709125,-0.021743109699441127,0.9863015419505908,-0.15538849726991422
robot3,1029,1722894724125803046,109.61871030877589,-37.90057257287054,53.1910913287881,-0.051605867481839374,-0.020263470131771846,0.9868570461403394,-0.15178734039052658
robot3,1030,1722894724628845330,108.6774975281181,-37.566158187727076,53.22883220298314,-0.053331322393600764,-0.020091824047312315,0.9877099145440856,-0.14553766993296524
robot3,1031,1722894725126304527,107.82826495993392,-37.22327224895343,53.37206266125846,-0.054126460553895285,-0.025423961448520858,0.9931836304848697,-0.10005110988422605
robot3,1032,1722894725626247944,106.98208613501599,-36.97714494289078,53.51200950262293,-0.05150510450851332,-0.0235759414695113,0.9951683650898351,-0.08019553801688688
robot3,1033,1722894726125450659,106.09537177726689,-36.70147150997063,53.739935367309855,-0.05195720831460324,-0.023558807345235855,0.9963540286210242,-0.06343564259372111
robot3,1034,1722894726628283505,105.30423321381731,-36.437383604811664,53.95357534439786,-0.04760150005169137,-0.01818423588780503,0.9955222604393924,-0.07961695628224065
robot3,1035,1722894727128379502,104.48262921115226,-36.10248013255789,54.08954767483654,-0.050627109168158914,-0.020004240901140734,0.9954814731750834,-0.07780335936455537
robot3,1036,1722894727625835464,103.66912483994366,-35.79670181230575,54.349965813598054,-0.051578017001832614,-0.020074753954934844,0.9955393285683746,-0.07640783787961322
robot3,1037,1722894728126343567,102.94778695530728,-35.54647499010929,54.599844823467606,-0.056508698922114055,-0.016597246631561254,0.9957501454418723,-0.07080216241663151
robot3,1038,1722894728626297016,102.23697434123744,-35.22134107427644,54.77066624309129,-0.04472825382761614,-0.01649677001946079,0.9968605178164645,-0.06321667428098185
robot3,1039,1722894729128101749,101.42821800938103,-34.89167286952302,54.927112185937744,-0.053118385549966105,-0.020974277399692702,0.9968647911365482,-0.05476408491348927
robot3,1040,1722894729629926929,100.60020302400315,-34.62133257099346,55.12765025061643,-0.05007017613290519,-0.016491250789044527,0.99749796096532,-0.04710450062851409
robot3,1041,1722894730129965342,99.74361602525806,-34.40529938121093,55.28929569669767,-0.05139852873938382,-0.013635235346149664,0.9979131207673673,-0.03662888205795783
robot3,1042,1722894730627032485,98.83982858805871,-34.07639658651307,55.54462582527865,-0.048473237684224534,-0.016049003439896337,0.998332959708755,-0.026908665447253628
robot3,1043,1722894731124245121,98.0228628274451,-33.733256201291205,55.63538289338664,-0.04819239628167259,-0.016664633293744423,0.998560323619206,-0.0166452104619305
robot3,1044,1722894731626297845,97.29269852193106,-33.450068988345265,55.80667406211625,-0.0497185766156943,-0.015110123351475633,0.9985293833238766,-0.015453735808892826
robot3,1045,1722894732124545952,96.62941595727982,-33.259900496435435,55.9817123073014,-0.04613580939346378,-0.014014745605614111,0.9987860861898289,-0.01007114843618055
robot3,1046,1722894732626458652,95.94247582138136,-33.04016367285837,56.331069620363685,-0.049633024671713946,-0.011346276813904365,0.9986402317268224,-0.011203233506345667
robot3,1047,1722894733127506670,95.21876760833247,-32.64366105133261,56.67026237909129,-0.05378263924135872,-0.011233177125750055,0.9984824049902246,0.0037590388176671342
robot3,1048,1722894733624431375,94.57293622472923,-32.45564282400431,57.01362269045003,-0.04554195799513745,-0.019162006109523736,0.9921766861417048,0.11464803121158532
robot3,1049,1722894734128643335,94.14997678207003,-32.491235035678365,57.53108963756449,-0.030837252508047912,-0.025929963330708877,0.9624070524418331,0.2686063407100542
robot3,1050,1722894734628511147,93.78945936606856,-32.42074513195118,58.091629151878344,-0.026655632235533928,-0.03083628671285659,0.9250120092545397,0.3777451302489095
robot3,1051,1722894735131943180,93.54458733655544,-32.39016042684577,58.489681415408405,-0.021750738554459147,-0.03696690285628388,0.8788982580330235,0.47507705216319024
robot3,1052,1722894735625160850,93.47188498065299,-32.351324445139305,58.67698009514692,-0.013734694223763342,-0.039231646016523264,0.8195923943257523,0.5714372610259103
robot3,1053,1722894736128117400,93.5168738682809,-32.51010774520054,58.94645491809976,-0.009192159864758947,-0.03788752340107538,0.7326044938847848,0.6795371184176563
robot3,1054,1722894736625142433,93.65752121005927,-32.722753429593226,59.24970278403481,-0.004077923114311772,-0.04367308067758496,0.6377890610582024,0.7689610823453288
robot3,1055,1722894737125084548,93.8771702808901,-32.963382831518686,59.769731168029786,-0.0051080202172041865,-0.04348751192173593,0.5676645045444502,0.8220947358526397
robot3,1056,1722894737627903082,94.14991820565879,-33.32327237266497,60.3446876428228,-0.004479325874087577,-0.040424378553820146,0.5572112329086321,0.8293741297983035
robot3,1057,1722894738132646437,94.34873484878393,-33.55441621250894,60.948312587821235,-0.0018347830029287354,-0.04100207258662614,0.5538293936938226,0.8316179809838565
robot3,1058,1722894738626414131,94.27848213844688,-33.6515841562852,61.65608540921714,-0.00462597068372872,-0.04240774253913311,0.5699562941711501,0.820566881188034
robot3,1059,1722894739125175464,94.27184836154241,-33.88708374068325,62.317915080248454,-0.009981427038833483,-0.03895313389474785,0.5905812265034697,0.8059757064426344
robot3,1060,1722894739628297027,94.43612662409025,-34.18759809045587,63.023208447713635,-0.01279498351201625,-0.03909723977003962,0.6114042712782697,0.7902483858268735
robot3,1061,1722894740127173516,94.54382684808384,-34.45234034015901,63.67254904055879,-0.011378183967914294,-0.0356563362889049,0.6406220556646449,0.7669436383516389
robot3,1062,1722894740629371167,94.59229744531464,-34.66040830321315,64.32508055608137,-0.008838540004773047,-0.03471781008398119,0.6399801009599103,0.7675558769554826
robot3,1063,1722894741126794377,94.50638666363223,-34.76107884960658,64.99755502948317,-0.006684554737464477,-0.037056364501242486,0.6756170636336681,0.7362905173265053
robot3,1064,1722894741626760880,94.436204670123,-34.86478877423661,65.65682576290826,-0.013581880162249784,-0.030951488632040326,0.6916249160473796,0.7214655316681278
robot3,1065,1722894742126053782,94.40444741885057,-35.0063084826419,66.29753185317396,-0.011044083026967782,-0.03533473751141683,0.6979066393794414,0.7152312963406923
robot3,1066,1722894742628257520,94.31990335501244,-35.120194629033605,66.88011819194017,-0.0156457846733077,-0.031027476774393322,0.6949326054053024,0.7182347659724981
robot3,1067,1722894743125654940,94.19051162237255,-35.27425909980714,67.51692351053431,-0.011609123470309072,-0.04075364355048038,0.690468298454946,0.722120417671695
robot3,1068,1722894743627717675,94.13602737910625,-35.408389409267244,68.14984124904885,-0.011322136712731924,-0.03791719906244146,0.6868137294777579,0.725755465867375
robot3,1069,1722894744128413115,93.99360214234868,-35.556044379195846,68.7082945243531,-0.005709167893507675,-0.04628351283163482,0.6782569619444083,0.733343531652028
robot3,1070,1722894744627516142,93.88878609647668,-35.722288166803594,69.27749491790082,-0.0021374139594951954,-0.051519954595417874,0.6653187761236148,0.744776511362588
robot3,1071,1722894745127698570,93.86504709768145,-35.86046470988454,69.742077612715,-0.007304389543703412,-0.04197387018902097,0.6536806612223106,0.7555702702321682
robot3,1072,1722894745633318192,93.85879197947312,-35.99480193947754,70.24162165816658,-0.0028824414420845113,-0.04028855477763821,0.6444662759003379,0.7635651531548646
robot3,1073,1722894746127912936,93.94742759501075,-36.1671472278459,70.81732095102258,-0.00375555447024492,-0.03540710265734659,0.6381346331838538,0.7691010485127044
robot3,1074,1722894746623652886,93.95361367937505,-36.394649948130514,71.38120494985631,-0.0033116124469182375,-0.039952568958832854,0.6325823064082898,0.7734548797931006
robot3,1075,1722894747126669456,93.88942319159811,-36.55354678953069,71.88407676874604,0.000933983175739925,-0.04898274075972412,0.6260614535716115,0.7782331752983126
robot3,1076,1722894747625591801,93.99357840444885,-36.69966548556287,72.48692738181964,-0.014605346189352372,-0.02592687467701903,0.6192814765322454,0.7846049540094769
robot3,1077,1722894748127753633,94.22939168577213,-36.9443947407272,73.1768038333207,-0.010289390426318998,-0.035988762633801775,0.6144640920399557,0.7880563539508171
robot3,1078,1722894748628106987,94.21827737771982,-37.144711667792684,73.86082203607569,-0.009151257921147198,-0.036937571807692235,0.6202732705071903,0.7834621497952062
robot3,1079,1722894749127982247,94.07082708275385,-37.31072462534543,74.49803301375195,0.0013166163860823272,-0.04777530738574433,0.6209304341984225,0.7824072995643945
robot3,1080,1722894749624932388,93.95392733896006,-37.47357723808848,75.0926232703394,0.0021496881739178943,-0.04492452850250244,0.6274234205829559,0.7773782971524007
robot3,1081,1722894750125815151,94.05530537187391,-37.72954594474611,75.75480055360632,0.002574364864815129,-0.04083467426008357,0.6310197471092391,0.7746870211781064
robot3,1082,1722894750625329767,94.13678642405705,-37.94231157231514,76.38026873522679,0.0034383732239208578,-0.03586446322551704,0.6278328021603482,0.7775139165305042
robot3,1083,1722894751124861574,94.15342872527563,-38.09111632141103,76.99989785836036,0.005166079013719007,-0.038872337052946106,0.6220512776263045,0.7819939008989445
robot3,1084,1722894751628211709,94.18562624807717,-38.23097805072974,77.65518079216208,0.004780907778390535,-0.03412814318588912,0.6186653961768763,0.7848984267641302
robot3,1085,1722894752125502403,94.21877085323602,-38.41904740321542,78.29956441460153,0.005770259765242123,-0.03607942002640047,0.6144181083129772,0.7881341051685954
robot3,1086,1722894752626338875,94.29265262025619,-38.629475192473635,78.92596666219178,0.002147876479001255,-0.03388396341577969,0.6095758106603645,0.7920003754466461
robot3,1087,1722894753123860647,94.35749697302109,-38.80297556255062,79.5566565501397,0.0053979725604041545,-0.036825463239862875,0.6166273904770428,0.7863748523845857
robot3,1088,1722894753628052642,94.36980593633588,-38.971527551782245,80.14671562575504,0.008076037082721274,-0.03592951275348426,0.6104471237526269,0.7912004530082631
robot3,1089,1722894754124487140,94.30222704994273,-39.075855939027896,80.78312896609094,0.005374527605375653,-0.036980843167736546,0.6135806449423847,0.7887473130500728
robot3,1090,1722894754625736519,94.25962195851596,-39.21833340422262,81.46560687464428,0.001734605696547979,-0.0366797766996699,0.6479338014253859,0.7608109976168775
robot3,1091,1722894755125434444,94.21717050168678,-39.45592335641661,82.19392267029694,0.0025334416000985975,-0.03959700853257021,0.6761810485061363,0.735666261446094
robot3,1092,1722894755628766511,94.0716418291659,-39.578179417125085,82.8721741770255,0.0006227229919378656,-0.03625475644821791,0.6978884653388228,0.715287980325392
robot3,1093,1722894756125775395,93.91235854333665,-39.67695996108731,83.44160237158822,-0.0024902586999633,-0.03936876446413507,0.7009455157862982,0.712123081282481
robot3,1094,1722894756625115784,93.77593458045492,-39.795768747776606,84.02664393624883,0.001204589050146042,-0.045649170992366095,0.7132844391193978,0.6993854524245241
robot3,1095,1722894757127030679,93.67930353893868,-39.92606782988413,84.63238114039024,-0.002903795187749041,-0.04748644353827272,0.7133220696985733,0.6992197297949607
robot3,1096,1722894757625530239,93.58407625675338,-40.128442983183845,85.3131577935332,0.0019367417994195846,-0.04360336966967696,0.7090950738428223,0.7037607345088912
robot3,1097,1722894758126957198,93.4304850229548,-40.19865590493454,85.96807938082834,-0.00487389855249237,-0.03609109691483475,0.706624484045759,0.7066509155045715
robot3,1098,1722894758626676397,93.20247017473886,-40.310705045994155,86.64452684978659,-0.0069280783551077495,-0.042011156603312026,0.7009928450918911,0.7118961269603407
robot3,1099,1722894759126887708,93.13540305884796,-40.55571782645688,87.41478343276769,-0.006993708919738587,-0.041998666797150384,0.6883955990615711,0.7240847320690229
robot3,1100,1722894759625371777,92.93288204117302,-40.73519969118252,88.08125715849592,-0.004545841220435963,-0.04610483929617584,0.6628392135569062,0.7473271412790615
robot3,1101,1722894760127181219,92.72567880916272,-40.91156066944523,88.71334411231607,-0.0031104968043225187,-0.04841596294172588,0.6532254090090096,0.7556075597604008
robot3,1102,1722894760625815747,92.58423200478634,-41.053227989338374,89.48574771264516,-0.0033404557143925937,-0.04686159216735473,0.6731248754222199,0.7380350497252698
robot3,1103,1722894761130618319,92.5043459683347,-41.17554605163795,90.22775003901153,-0.010106137626325779,-0.03868123968235022,0.6682884814704689,0.7428271220228898
robot3,1104,1722894761627087533,92.45710612976177,-41.30478260970125,90.88793282624403,-0.0038393321732543414,-0.03480443303169191,0.6640700838403785,0.746849941231864
robot3,1105,1722894762124587612,92.42703710530023,-41.45994805560877,91.54028096129746,-0.003939824045761593,-0.031314715092225144,0.6586632719424104,0.751775605216942
robot3,1106,1722894762627931879,92.33471313742506,-41.63221699138556,92.17450081839742,0.001354718954102331,-0.034455522989389524,0.6513837873712809,0.7579644735882605
robot3,1107,1722894763124612669,92.28997151112794,-41.77000516744146,92.78453507075626,0.0029770639138681425,-0.030017791499794572,0.6376675717516298,0.7697208177127001
robot3,1108,1722894763624504524,92.27164588921131,-41.9606043043876,93.39071231354882,0.0005354155043058036,-0.031447552094327855,0.6197921658977317,0.7841354703680423
robot3,1109,1722894764125040804,92.13893849482791,-42.00908845275616,93.89260401906313,0.0023654415661306834,-0.0337424635201077,0.6083393380505344,0.7929559260274363
robot3,1110,1722894764629230028,92.15979646827222,-42.127137504803784,94.4442687758128,0.004536547974760058,-0.03343658288380286,0.5979479273879219,0.8008243819902188
robot3,1111,1722894765127660802,92.38908274608241,-42.40009803026198,95.03927288700463,0.005822516180135418,-0.030029999942914387,0.5868442718057653,0.8091218066876716
robot3,1112,1722894765627336918,92.47299653720157,-42.59305002931421,95.67097270396563,0.00717324679373983,-0.03408174039492793,0.5848627947492039,0.8103841624934679
robot3,1113,1722894766126732085,92.3644626271834,-42.7725055067172,96.30671511874338,0.00259846931484875,-0.031225812581719817,0.586078611397915,0.8096481074193423
robot3,1114,1722894766627291703,92.20165569033969,-43.09923615773827,96.91568769336948,0.004730145893175641,-0.03239445244992635,0.5854970957331833,0.8100131949902459
robot3,1115,1722894767127183181,92.23580373504166,-43.38672041499909,97.4946455908041,0.0005918366298267811,-0.02429955449732205,0.5837427073115662,0.8115747858584558
robot3,1116,1722894767627113862,92.25385607002264,-43.62466244335306,98.08121001953019,0.0015645045094955438,-0.028134697516625312,0.5865573801555214,0.8094173403791018
robot3,1117,1722894768124685422,92.34157974753728,-43.811559379821524,98.81351175175831,0.0032003168800034056,-0.027671756422622824,0.5861279594829448,0.8097394932820765
robot3,1118,1722894768625345782,92.42139221785892,-44.07663625094082,99.53994246530449,0.004027881576083029,-0.03087834011197175,0.5930332176537965,0.8045756067897681
robot3,1119,1722894769127767871,92.43655226961644,-44.2701804470799,100.27678861427019,0.008184636081461139,-0.0359789689138627,0.5913816926813185,0.8055471550998662
robot3,1120,1722894769628523606,92.44482392174466,-44.484607243506005,100.93946801953815,0.007589805040392131,-0.03412047643501595,0.588509365300239,0.8077344334007348
robot3,1121,1722894770125529036,92.4352010761529,-44.67605362823546,101.56703153241452,0.011512726817048223,-0.036856605789978694,0.5867267827451059,0.808863851423993
robot3,1122,1722894770626670779,92.39444220377719,-44.91230254556013,102.19103183758972,0.010927584210536275,-0.03299457432126775,0.5993183350945624,0.7997558872482039
robot3,1123,1722894771128348890,92.60967346005489,-45.14218752161701,102.93177978181026,0.009473012152969782,-0.032240769706975154,0.6023457099650041,0.797527705159016
robot3,1124,1722894771628022071,92.7391619745337,-45.34396371959003,103.61913894713268,0.00728306005889127,-0.03198820234378935,0.602076925045105,0.7977638048164521
robot3,1125,1722894772131808805,92.84854463992191,-45.45070732295217,104.32292262113262,0.009394926206821719,-0.03057673634022865,0.6013187728296684,0.798368669224294
robot3,1126,1722894772625653685,92.90176557634682,-45.69381964108497,105.08145200139121,0.010603079428590926,-0.03726955344103306,0.5994217530321841,0.7994949137328895
robot3,1127,1722894773125157797,92.92787859597615,-46.059624725570785,105.81637003826813,0.010795773132213513,-0.038197747779832335,0.5973846449577629,0.8009718904653981
robot3,1128,1722894773627582039,92.81256515375516,-46.3631740974478,106.53587069750257,0.005692541758284016,-0.033141046170979745,0.594206677801149,0.8036091650071848
robot3,1129,1722894774128298646,92.65338831259821,-46.59570864744571,107.25978202536443,0.00652617601318072,-0.03559830689561799,0.5914350902469169,0.8055400074468255
robot3,1130,1722894774624571678,92.65071697444691,-46.93945017946489,107.9141474769505,0.011606870801068687,-0.03948395605613105,0.5922010293394498,0.8047386150879432
robot3,1131,1722894775126018687,92.62386947245837,-47.241704608897905,108.6513310819669,0.007481432714607942,-0.03404451445597309,0.6044047789179214,0.7959144818516447
robot3,1132,1722894775629853017,92.68553596175177,-47.56422571664422,109.41095808424268,0.008529659145148817,-0.03674642517561727,0.5929416517513759,0.8043613260034512
robot3,1133,1722894776124848452,92.65735660936798,-47.78404537256498,110.08939030890511,0.009605731570376728,-0.036173740566319466,0.5832972602049351,0.8113960171530636
robot3,1134,1722894776635632781,92.5747596722033,-47.89637510985873,110.76834354816405,0.008806944798145451,-0.037589296087337604,0.5866993914927577,0.8088839883228056
robot3,1135,1722894777123770057,92.52496352439493,-47.98488850815609,111.37678993444725,0.00729816571850636,-0.03731880789736217,0.5903542599969646,0.8062480332116794
robot3,1136,1722894777628371738,92.5488675870183,-48.138751677771346,112.02146489592747,0.00718058005040989,-0.03667827640436124,0.5902853231103568,0.8063289531144511
robot3,1137,1722894778127590121,92.60721814893743,-48.2644720452161,112.67313060115406,0.005656417954532762,-0.03885338740715476,0.5891106707726003,0.8070979102963718
robot3,1138,1722894778629961957,92.64530030046295,-48.45332637714567,113.35150549917553,0.0020061687880923444,-0.03477469432540215,0.5901596855340167,0.8065347118951292
robot3,1139,1722894779124897921,92.66331324809723,-48.653296099361086,114.04839370085789,0.0029960716344578846,-0.036353473291304714,0.5883971754049071,0.8077488548490468
robot3,1140,1722894779626181394,92.69230358231752,-48.828210061875545,114.71149837966972,0.006482305380992413,-0.03868308944041588,0.59241657786634,0.8046764545936629
robot3,1141,1722894780127131089,92.76042944186311,-49.0233704678656,115.3808248551774,0.0027951544695828077,-0.038216176945995294,0.6006674459925244,0.7985801965087423
robot3,1142,1722894780627308566,92.79001637318237,-49.24657761704161,116.03605024246706,0.0032612293082802434,-0.0380858750121454,0.5986729274313296,0.800080968695519
robot3,1143,1722894781125310551,92.88323433294204,-49.496762885384975,116.73861805881184,0.0016269245797019577,-0.03881183422820756,0.5947117998121058,0.802999918931814
robot3,1144,1722894781628355730,92.94463881310816,-49.73098405297512,117.41618551921029,8.501635136217742e-05,-0.03740165305456076,0.5913681923849368,0.805533841720122
robot3,1145,1722894782124704756,92.99702097703495,-49.991252615369206,118.07230635079637,0.0019711743119241397,-0.04198511421566676,0.5881354911991459,0.8076694922108106
robot3,1146,1722894782626189101,93.04849186135404,-50.20788443849545,118.71554227101677,-0.006114574246814132,-0.02477786953076717,0.5777338361793403,0.8158261357034352
robot3,1147,1722894783127665474,93.11837088953757,-50.378358413460944,119.35230448186657,0.003028123161168645,-0.03254484620389656,0.5691257894049516,0.8216005716221697
robot3,1148,1722894783627357690,93.20788011782818,-50.56902995962206,119.96084704139929,-0.0026228913337273682,-0.02382014059267288,0.5604465898952583,0.8278437903481386
robot3,1149,1722894784128730114,93.171991986406,-50.69314957340612,120.5158167558356,-0.0003505919966729484,-0.024819273574174114,0.5581800102683897,0.8293485135220793
robot3,1150,1722894784627682936,93.22086116278865,-50.79837954244868,121.06465012613283,-0.00576681973786415,-0.02111239213122189,0.560728538913626,0.8277104060819815
robot3,1151,1722894785129166453,93.36205277193147,-50.99712412011865,121.65969768648746,0.0022996373875923018,-0.024760513242344802,0.573973158408968,0.8184964520863208
robot3,1152,1722894785627840020,93.51959266363541,-51.18933759205003,122.27924546013284,0.007495193588255609,-0.02471242035225259,0.5816668514832891,0.8130170922181927
robot3,1153,1722894786126932755,93.73542074810595,-51.40830497933784,122.82692085604744,0.0036770880803335673,-0.025302102617499683,0.5368504251352287,0.8432899285883279
robot3,1154,1722894786624710680,93.83721742809179,-51.62003972725837,123.41767414537215,0.0027267220367299303,-0.02649020757112012,0.5487898243746361,0.835536092908397
robot3,1155,1722894787127273411,93.86524908632279,-51.800075474812544,124.02312206666679,0.006234358759399534,-0.03184777487911789,0.5578793698559105,0.8292873209541314
robot3,1156,1722894787627343052,93.8931089749792,-52.03572930614929,124.67983954832879,0.003373990221433818,-0.03168808168873051,0.5578629025007145,0.8293210859988743
robot3,1157,1722894788125529508,93.98466446782999,-52.25113837310779,125.33556336622053,0.002273778344035849,-0.03343924283490064,0.5566424852201434,0.8300757740222354
robot3,1158,1722894788626218088,94.04059902131381,-52.40393923769722,125.90692598125979,0.00015602636125188106,-0.03264679355197602,0.5554812711184943,0.8308879105891064
robot3,1159,1722894789124978304,94.13120040755152,-52.590951406417155,126.49333129907366,0.0003349723165612977,-0.035164125308819585,0.5539860725772868,0.8317829064576923
robot3,1160,1722894789628643427,94.24945307864674,-52.82235122954503,127.08883050221455,0.002645449840686939,-0.03459382279602631,0.5519976841389552,0.8331235356924733
robot3,1161,1722894790125402589,94.51457657203596,-52.9032342915422,127.90627920731522,0.002469768420848867,-0.03228392369622644,0.5494939592329925,0.8348700720957567
robot3,1162,1722894790624822897,94.78312044895958,-52.99704033161843,128.71484052995314,0.005835824841722865,-0.03575244584873101,0.5521007240550528,0.8329900937358959
robot3,1163,1722894791127170102,94.84543629750237,-53.141171122422136,129.4552671973516,0.003577901128508586,-0.034046262508342404,0.5631914774153489,0.8256169877124889
robot3,1164,1722894791632823145,94.7954550621427,-53.30981011594785,130.0673427844909,0.007404477533016463,-0.032683704204287796,0.5653285911445498,0.8241847688634315
robot3,1165,1722894792126407181,94.92959101031478,-53.54389062168021,130.71628357569406,0.0060052628081656186,-0.031048481431828263,0.5649105070199724,0.8245459645634197
robot3,1166,1722894792625763914,94.87497291347796,-53.66333692065208,131.25731029895655,0.0060732501647601305,-0.03315764187938346,0.5784204809986004,0.8150419827093464
robot3,1167,1722894793127028466,94.88377038898139,-53.84712091966658,131.81338426286217,0.006615240040573036,-0.03233101195523336,0.5833352288095267,0.8115608141691497
robot3,1168,1722894793624730334,95.04558502975438,-54.103872170715654,132.3988950625233,0.00561054130196125,-0.03629441740114483,0.5845996186233239,0.8104902979044688
robot3,1169,1722894794130162197,95.24283885163969,-54.3927392967467,133.11508640313542,0.003366400009909091,-0.0330170555802409,0.5826481103225906,0.8120466248493979
robot3,1170,1722894794627002284,95.34992136255255,-54.617142517204925,133.84174091725328,0.002012024519370708,-0.031938450300082785,0.5791869615380499,0.8145663574774519
robot3,1171,1722894795127207865,95.25408079822603,-54.77059247338464,134.4903254772552,0.005152983626412233,-0.039661247231038546,0.5769312684350224,0.8158129342746292
robot3,1172,1722894795625276055,95.22745787528605,-54.951156246983544,135.13217916951243,0.0015535723117838963,-0.03597269520675215,0.5759685013062005,0.8166785396444085
robot3,1173,1722894796127913023,95.34121800018318,-55.191284364494635,135.80254568525353,-0.00687151442099236,-0.02070784870013935,0.5838594198238395,0.811561547373176
robot3,1174,1722894796625048164,95.4766708352599,-55.45498634111447,136.5452252916663,0.010276804815707087,-0.03390164062644652,0.5786044160767919,0.8148386317192194
robot3,1175,1722894797125094989,95.47120714410852,-55.68235890889603,137.30501476698927,0.010943870552355973,-0.03222736973592456,0.5922480362342801,0.8050365779974697
robot3,1176,1722894797629365716,95.39233953146368,-55.94300021607333,138.03172154970562,0.011227467455314735,-0.040173321023643384,0.5901922977575748,0.806184284093969
robot3,1177,1722894798125972162,95.44394814194511,-56.200482641823974,138.76233072362353,0.005271788249995826,-0.033885876817883555,0.5928379268003666,0.8045912926125746
robot3,1178,1722894798626938140,95.51047401845386,-56.43490801398852,139.479903471349,0.004439419976762203,-0.02880910579357857,0.5942752732535623,0.8037333056263427
robot3,1179,1722894799128081388,95.61293629535108,-56.64300059750618,140.2534312905044,0.006285331836507979,-0.02910075601367283,0.5923944230474345,0.8050978127814252
robot3,1180,1722894799626034422,95.63127372868638,-56.844553800452374,140.9498671498594,0.005363325141784079,-0.029626855876670747,0.5903220887692605,0.8066060473771467
robot3,1181,1722894800125584007,95.61079146959737,-57.04806571102123,141.6879630153974,0.007034041323216995,-0.033365992973337755,0.6052339810894675,0.7953169562571646
robot3,1182,1722894800628815757,95.56197727770586,-57.27566116078815,142.43372704889046,0.004247680552141752,-0.030270176355417004,0.6207199437173068,0.7834362929459692
robot3,1183,1722894801128010609,95.5531436947136,-57.499221517674236,143.13152069003883,0.00748646621278319,-0.030524621795094076,0.6191974340433924,0.7846061036991683
robot3,1184,1722894801628459299,95.53234257623897,-57.66489474687756,143.76536920387014,0.005176724247842118,-0.02775667184249055,0.6173445052490067,0.786186066102134
robot3,1185,1722894802125960040,95.58102671577822,-57.80453325286588,144.42568272774417,0.010088509424807204,-0.03265107529620506,0.6156058161132365,0.787312903760089
robot3,1186,1722894802624725627,95.7004147158489,-58.035900038260934,145.1586410419618,0.010869243849102022,-0.03210411545501692,0.6138629601452891,0.7886846337229241
robot3,1187,1722894803127076728,95.67731069085298,-58.24965352072045,145.85581318113668,0.008106991164978171,-0.03302456711278746,0.6107911323770375,0.7910612158808192
robot3,1188,1722894803628815974,95.63957857567921,-58.45413436379884,146.57662641285737,0.005315386192393537,-0.02860276660642546,0.6076973606094125,0.7936356508628111
robot3,1189,1722894804125251078,95.60886799871466,-58.71107219463403,147.34238445781324,0.005630685904451937,-0.030001188344636415,0.6036618938437963,0.7966558491563821
robot3,1190,1722894804628565074,95.6166486891833,-58.951972075453476,148.08380910069494,0.005584987520516027,-0.027562512261900787,0.6004483251200052,0.7991688962245644
robot3,1191,1722894805127155618,95.5736744300107,-59.11839002558597,148.73226079012113,0.007778135065994589,-0.02562859224191912,0.598103509695696,0.800971202705992
robot3,1192,1722894805624362750,95.61557540943832,-59.25464317969826,149.38558158778537,0.008836533113121218,-0.026139059931563142,0.6038491807603844,0.7966208835597065
robot3,1193,1722894806125124942,95.56285454080096,-59.37703456549651,149.9577294301433,0.007075600500291007,-0.02585696439495597,0.6029175148512586,0.797353010626674
robot3,1194,1722894806629579060,95.43649238035907,-59.43292114712659,150.35198362189797,0.00920316194438859,-0.02575565468688454,0.6025633385308595,0.7976022637382747
robot3,1195,1722894807125565170,95.3848822128248,-59.4751253956766,150.67604317780237,0.009089448040304704,-0.02531395753903253,0.6019531303930274,0.798078325916742
robot3,1196,1722894807626263874,95.50896307379523,-59.5811146280473,150.9745297176397,0.010541702537605434,-0.024425230803615364,0.5947941459024034,0.8034377415880021
robot3,1197,1722894808124415167,95.63454059536323,-59.700372045093296,151.08359417894437,0.012196937168166043,-0.025501771629622104,0.5450631419673451,0.8379182929356253
robot3,1198,1722894808624164117,95.69567212539202,-59.746761606402515,151.15730787475238,0.014552276780043038,-0.027398372193309206,0.5037424118929331,0.8632966714299115
robot3,1199,1722894809127220189,96.06253738604686,-59.93743671311846,151.17024205843276,0.017573341060460705,-0.027393833646070283,0.3675709103768931,0.9294258342691181
robot3,1200,1722894809678690565,96.35567205137941,-60.097139559164454,151.08842579205952,0.020830892540886384,-0.03073070104859934,0.23183432335895646,0.9720465752430315
robot3,1201,1722894810126185082,96.54487217644474,-60.197222662493736,151.03155827136928,0.022390576031810997,-0.03066413529101955,0.11220371828194876,0.9929595653980694
robot3,1202,1722894810628759144,96.7812424534897,-60.33185305471143,150.9021020687841,0.024769694593121824,-0.027211719398456957,-0.015383335819200032,0.9992043522404297
robot3,1203,1722894811124063621,97.21519602479569,-60.522538285487926,150.85736318044755,0.022522049280827666,-0.0294481332747243,-0.02505720016387206,0.9989983490791032
robot3,1204,1722894811626081473,97.88728202658932,-60.80818281222866,150.79160324013085,0.021082235949079205,-0.03062229554445912,-0.024081508282556466,0.9990184659463569
robot3,1205,1722894812125703349,98.61971587666073,-61.138978016314475,150.8214623495877,0.02344391129420328,-0.03492623184661666,-0.013784535362663428,0.9990197835563925
robot3,1206,1722894812624964394,99.29658944521688,-61.57321473372093,151.12410363052655,0.02033419778245844,-0.033937554175186395,0.09791269411282079,0.9944083000200266
robot3,1207,1722894813125101655,99.89559514742285,-62.068856746502206,151.68088747925736,0.014958100402993597,-0.030318672638856174,0.19003487033084882,0.9811950781470977
robot3,1208,1722894813626302651,100.393776973851,-62.493555070612416,152.27153343114506,0.00896117293664717,-0.029582808206124436,0.2758032315685872,0.9607169886572026
robot3,1209,1722894814127336259,100.98595648324442,-62.86474396298998,152.7593447341156,0.010650808377639284,-0.03133856598560933,0.2755107464208759,0.9607279964534604
robot3,1210,1722894814627591723,101.59380158555695,-63.18770331048024,153.1950302888179,0.0110239141711277,-0.03631774824528078,0.2680453524723392,0.9626583939782166
robot3,1211,1722894815127991725,102.22077711612388,-63.519382881554435,153.43350632865466,-0.0012779395671648247,-0.03480126426764703,0.12581281216453755,0.9914425728054483
robot3,1212,1722894815625277223,102.53048967936672,-63.70413698091003,153.36632439935417,0.006097415636300243,-0.03035890814067277,-0.03257668123431946,0.9989894484221653
robot3,1213,1722894816125787984,102.71566369933883,-63.92675352517872,153.55817910895573,0.008599157734871292,-0.03785056681363087,-0.04971712311319683,0.9980088159668155
robot3,1214,1722894816627782533,103.30270963454286,-64.25097436336239,153.59398906653823,0.008515492996471464,-0.04892177781712743,-0.06654786055808992,0.996546801855979
robot3,1215,1722894817124048367,103.90583287226963,-64.56747875735286,153.5347923840224,0.009991587786041886,-0.03318784939332043,-0.08470395357881783,0.9958031808918254
robot3,1216,1722894817624805927,104.645315807063,-64.8045079509056,153.46298904780994,0.011437809176231524,-0.02704069798882002,-0.12242948023504208,0.9920428415864423
robot3,1217,1722894818127637462,105.30374798314968,-65.02221384876873,153.41840551603278,0.011243604982735605,-0.03142869918137682,-0.13248724722157365,0.9906225050635628
robot3,1218,1722894818628591822,105.97880894027946,-65.35215401741208,153.2672645585502,0.015871567800314953,-0.026632180865813412,-0.12280202112376178,0.9919468150489772
robot3,1219,1722894819126983868,106.60691614072951,-65.64071566041075,153.14196344866863,0.01666475591388631,-0.027243345485371738,-0.10451883017532893,0.9940100100984275
robot3,1220,1722894819627490873,107.38311774817753,-65.93116670070069,152.92528007999695,0.01699499893206193,-0.03375421848500213,-0.10367006493996683,0.993893525676221
robot3,1221,1722894820123384112,107.99815128973509,-66.28262439308259,152.77313524091915,0.01843732801326872,-0.030762813284321275,-0.10385910601916785,0.9939451696906949
robot3,1222,1722894820681404344,108.71049075529275,-66.67810221492553,152.72116443188722,0.017912993814634112,-0.031062265668778108,-0.10186977644956778,0.9941513008341508
robot3,1223,1722894821127202820,109.36733656484546,-66.96753554518226,152.59786390333716,0.017895827234194108,-0.032813533300095364,-0.10136563690926147,0.9941468800202248
robot3,1224,1722894821625010068,110.17515992286769,-67.30583097365279,152.43782293378564,0.017420846755808315,-0.031088779440473505,-0.08093042474218465,0.9960824605635127
robot3,1225,1722894822124279079,110.99971659669161,-67.67777464807321,152.37381537764335,0.016870417636979263,-0.02860987235407586,-0.07718678875223677,0.9964632777251528
robot3,1226,1722894822625096929,111.70960799637632,-68.04677637524122,152.30682188461915,0.018752677820802744,-0.03029850759901718,-0.0746823813684671,0.9965705591803102
robot3,1227,1722894823125774506,112.39073170538015,-68.34187798675275,152.23472841117805,0.018430245895190052,-0.03347356368843037,-0.06964820010214014,0.9968394929941188
robot3,1228,1722894823625324048,113.0903798973019,-68.67114278953389,152.13799420190256,0.02021534558916161,-0.027753698584500188,-0.061887546323773246,0.9974923576788016
robot3,1229,1722894824127537293,113.81636999860888,-69.02771496830029,151.9882138457204,0.021622143601833448,-0.027656939130041764,-0.05305010677658898,0.9979745802348933
robot3,1230,1722894824626421279,114.55849589753458,-69.39093124676297,151.88191195199227,0.018247790724421602,-0.026385970905014777,-0.04434587122157982,0.9985009976853686
robot3,1231,1722894825126683847,115.23777656474256,-69.65927166163793,151.9145691279474,0.017195783722754834,-0.030072238715930767,-0.00891469004442634,0.9993600421180466
robot3,1232,1722894825625922028,115.97847155555733,-70.04984158273444,151.84781663103647,0.014536565759533307,-0.031649511582432954,0.013172342737103628,0.9993065025603147
robot3,1233,1722894826124792691,116.70543659705345,-70.44703075727756,151.73871413797949,0.011205905618351398,-0.038906302213173295,0.0177379425017879,0.9990225686755896
robot3,1234,1722894826628568480,117.41191534817588,-70.76506550968523,151.7055398625285,0.01644660066094865,-0.029796776249174012,0.003260366020100681,0.9994153448217967
robot3,1235,1722894827124354287,118.13112912653806,-71.06109068302908,151.65888035293506,0.016264195044681313,-0.02318666343242888,0.022629558369394648,0.9993426627971139
robot3,1236,1722894827628939665,118.81277430162551,-71.37983490680686,151.6460880586137,0.01393914981154442,-0.031159324487677158,0.03203774099755068,0.9989035888171475
robot3,1237,1722894828125630767,119.51252294557865,-71.66014552626815,151.56562922064984,0.013744158906983352,-0.025811068993823766,0.0430461515112595,0.9986450398682234
robot3,1238,1722894828625397671,120.19332995010794,-71.95283702237069,151.4725616520273,0.0156552757227586,-0.03213310287149642,0.05503343394857726,0.9978445255598297
robot3,1239,1722894829127239770,120.80106895690109,-72.29387198324942,151.35176859432767,0.013890132383660913,-0.03355296284534546,0.07193349932346593,0.9967481299614984
robot3,1240,1722894829624423281,121.51022205412761,-72.67943559858506,151.17423806149276,0.007630800788116959,-0.02633367542607196,0.07561562396969872,0.9967600442581752
robot3,1241,1722894830133181427,122.08501943900689,-72.99700816902435,151.0903891435216,0.008427692005101184,-0.02502384921409043,0.08077754897494945,0.99638234054984
robot3,1242,1722894830624008802,122.69129508702095,-73.30893058495471,150.98054373245748,0.007208746624226237,-0.029276370417924264,0.08291948327595863,0.9961000388517752
robot3,1243,1722894831127391708,123.44900479737555,-73.63285555197095,150.82924961267477,0.01116149870574893,-0.025624419617846013,0.08865903717648731,0.995669817355547
robot3,1244,1722894831625147586,124.21003941795338,-73.95580255561347,150.66298058537018,0.012947102077748565,-0.02785633554913983,0.09906210717743168,0.9946070058264868
robot3,1245,1722894832126767016,124.9030833222488,-74.25977041298755,150.506009842225,0.016700837604737683,-0.035502404516669535,0.10589105871313523,0.9936034143366488
robot3,1246,1722894832625657297,125.65508024089537,-74.60457867198693,150.3595401560874,0.017303040570389304,-0.02702742606111868,0.10966093382477432,0.9934508556643397
robot3,1247,1722894833127709970,126.44537258474077,-74.93220568611139,150.20333660098845,0.017806312024860074,-0.029222750271686665,0.11591844680774654,0.9926690686267562
robot3,1248,1722894833624283392,127.15022921804837,-75.27170964714499,150.0170011876546,0.0140301871544477,-0.034974415813892136,0.12230822518466379,0.9917765081605158
robot3,1249,1722894834128697690,127.85567143049295,-75.59634203090906,149.75428391081797,0.016437110096978125,-0.028107311711991274,0.13182389538950048,0.9907382404269671
robot3,1250,1722894834625084062,128.68633942104626,-75.76377432687022,149.56099017342558,0.017112515526757823,-0.03222141085274166,0.13928419934888772,0.9895801404165023
robot3,1251,1722894835126405350,129.39016200984895,-76.07942104615897,149.4742822800695,0.017325355613880454,-0.03508071092851905,0.23934390171412076,0.9701462119113096
robot3,1252,1722894835625501328,130.09168873863044,-76.47175779887228,149.41774806536242,0.012448877173815969,-0.02918473603366083,0.29644983901957106,0.954521225319284
robot3,1253,1722894836127489554,130.86930947913805,-76.81096890257659,149.3524532562378,0.01735898032325184,-0.027969675237674737,0.29317891724948125,0.9554907040623984
robot3,1254,1722894836626678100,131.5985595588711,-77.06260531372733,149.25545187074482,0.01679919721888712,-0.03278740279080761,0.2890844970472294,0.9565944421529872
robot3,1255,1722894837125309911,132.2953235918177,-77.36905487070966,149.14785006610595,0.013510908132059365,-0.0307552872301131,0.2855032463102168,0.957788841037088
robot3,1256,1722894837625167491,132.98010428396438,-77.72297730362993,149.05246949755306,0.01500293782532121,-0.030748113636689844,0.28587903084913796,0.9576547629940303
robot3,1257,1722894838126264992,133.62231164746584,-78.15126791507447,148.96515328673604,0.015159687716238164,-0.028432998179551628,0.29466200390346475,0.9550581406063519
robot3,1258,1722894838628502356,134.32499709317915,-78.44774097902153,148.87153116444856,0.01737979662979629,-0.03426365444659115,0.3028721115885244,0.9522564931125331
robot3,1259,1722894839126536609,135.07124891928297,-78.76379297499354,148.80333568133187,0.01184364423383002,-0.021834451369253383,0.30006455131944804,0.9535954330145066
robot3,1260,1722894839626638871,135.80902845250935,-79.19523887275022,148.73706827079803,0.012292977894561581,-0.026856568851589904,0.3013780188134666,0.9530471641949697
robot3,1261,1722894840125417428,136.57058582948545,-79.6240623859194,148.63858183333213,0.012266267588089784,-0.030117992711380284,0.29945194332066755,0.9535570139409444
robot3,1262,1722894840627947150,137.29999779846378,-79.9831454460238,148.5359720833855,0.012769123348550687,-0.03323939403286388,0.297000138344571,0.9542132937643152
robot3,1263,1722894841127294194,138.00618054508982,-80.30093644429124,148.40355538187148,0.011404911138405777,-0.035830446495135164,0.283591800272627,0.9582075964654083
robot3,1264,1722894841624824752,138.78648007215412,-80.62395872046343,148.25510006879563,0.010521194345106974,-0.032422220003204605,0.27036009753117873,0.9621556640079337
robot3,1265,1722894842127315692,139.4937520731519,-80.97142078555221,148.09348726092293,0.009356041878765991,-0.036763856323371015,0.2587881720955323,0.9651888754705218
robot3,1266,1722894842625980322,140.20140395302533,-81.29228834303011,147.90219018458436,0.006230676370353347,-0.02832018775439825,0.24816292102806128,0.96828420944697
robot3,1267,1722894843127339673,140.90347456016866,-81.62055063282742,147.75783202503192,0.004971358082536907,-0.03114207523058574,0.2604776573019404,0.9649646868127562
robot3,1268,1722894843624979650,141.62937531745436,-81.97016495503435,147.64616035400823,0.0041158356457356975,-0.02842991625496931,0.259702198241323,0.9652613987865138
robot3,1269,1722894844130038790,142.3103052930245,-82.2200364875137,147.43589665371036,0.005140916371360841,-0.02821004701135805,0.25786292469076183,0.9657559092733558
robot3,1270,1722894844627631649,142.97839566397295,-82.53624095261291,147.2231163884037,0.0070749914651463955,-0.025351649410691516,0.2567431015673492,0.9661212233283685
robot3,1271,1722894845124301805,143.57884267033205,-82.78469085226828,147.07914802115783,0.007023259226174188,-0.02569740170618093,0.2548072503456097,0.9666248406422746
robot3,1272,1722894845628751258,144.2461358824923,-83.06956772283397,146.94024715821732,0.010247778103703364,-0.025952164150284885,0.255156773594349,0.96649701971024
robot3,1273,1722894846123615022,144.89182048607628,-83.2787642026756,146.8761152569886,0.007360629379342469,-0.02593289668130029,0.27746862891980695,0.9603564265262243
robot3,1274,1722894846625917356,145.4473838975041,-83.48779614051554,146.77693255717716,0.0055903464765663085,-0.02461349101836983,0.2792416743206593,0.959889062032043
robot3,1275,1722894847126886090,146.02644959317786,-83.75509153624995,146.67331704934145,0.007191124947793798,-0.027409377168802734,0.28003240990871026,0.9595722292594361
robot3,1276,1722894847624912147,146.62346453456598,-84.06100490398258,146.57568039446411,0.0066078605119160895,-0.027192624711329026,0.27849798377910273,0.9600290466291832
robot3,1277,1722894848125114629,147.29176322009118,-84.40109524531962,146.4908116609635,0.006649876260110065,-0.028187505883842143,0.2763989182666055,0.9606065175912685
robot3,1278,1722894848627910697,147.99895436254675,-84.72937221590155,146.41083603949443,0.00532303262669264,-0.02395255074456697,0.27507687871200204,0.9611090736407323
robot3,1279,1722894849126705301,148.6892725944792,-85.06079577294386,146.24865089656632,0.006470799128662091,-0.024924480755679764,0.27310890433923274,0.9616384067768509
robot3,1280,1722894849624676131,149.36668015303314,-85.41154342718633,146.05957866657513,0.006626177389397975,-0.02166045100090805,0.27153890024276595,0.9621608723548213
robot3,1281,1722894850128080520,150.15865140155822,-85.75638272765099,145.86662270555587,0.007110238705831235,-0.02305411091023726,0.2683626739004557,0.9630157982778279
robot3,1282,1722894850626644753,150.84318486521897,-86.05927804075453,145.75951044410755,0.009273465082531532,-0.025762738507573258,0.27951522567044207,0.9597507607542468
robot3,1283,1722894851126469858,151.54774624172686,-86.44029821052283,145.59539852984918,0.008917864908412896,-0.02244112324321776,0.2780018995433236,0.9602769452212012
robot3,1284,1722894851625803049,152.308346570245,-86.84692459892193,145.41060720333977,0.009203190236138071,-0.022654068234496654,0.2769572992356852,0.9605710535311688
robot3,1285,1722894852123816906,153.04461093709,-87.11558099269473,145.31244189037963,0.00857723009988446,-0.02383554690879745,0.29970427122747934,0.953695783588969
robot3,1286,1722894852625025204,153.79590516441104,-87.45702654049433,145.16930954325147,0.007165161030825636,-0.023396362675386292,0.2928242622529306,0.9558531383622648
robot3,1287,1722894853127163177,154.48361790347937,-87.82682879944997,144.99034396737042,0.005064374396066387,-0.02601018169408026,0.284980572153018,0.9581669458166233
robot3,1288,1722894853625886082,155.1797011997846,-88.12613775197138,144.78966288270203,0.0036052004065839876,-0.021933747620765318,0.2771259326148858,0.9605764575075046
robot3,1289,1722894854125002323,155.7896004554654,-88.43068726093226,144.57696566274714,0.005066296234627495,-0.02390182820354576,0.271097857941931,0.9622416467136973
robot3,1290,1722894854625608896,156.4262769783126,-88.72130853906611,144.4267795030518,0.005071103592881005,-0.019448570638284726,0.26456695240666667,0.9641578525857302
robot3,1291,1722894855132560292,157.02247497216825,-88.97765061084881,144.31227691647038,0.006454831028041723,-0.019149581553152214,0.25890914756083566,0.965690261932914
robot3,1292,1722894855626575585,157.58362506855119,-89.23732512609149,144.204134337103,0.005130701954146986,-0.019635436337091448,0.26426197517245464,0.9642373846803819
robot3,1293,1722894856128095564,158.09425114505999,-89.44878804766414,144.08754726831356,0.005586394825362596,-0.01899922170489127,0.2791043275859416,0.9600565587975861
robot3,1294,1722894856625268859,158.59220667478996,-89.62291496589138,143.96722697158762,0.002910331348917817,-0.017580870524389242,0.2819462651104862,0.9592646905590195
robot3,1295,1722894857127452414,159.11464472028723,-89.84146842769864,143.89266188960488,0.001927669406996932,-0.01886015686285545,0.2846977229088645,0.9584298540552006
robot3,1296,1722894857628864977,159.56867321516074,-90.04636165771122,143.82160069085847,0.005690162730122529,-0.02153207158162068,0.2855308913050134,0.9581106940495305
robot3,1297,1722894858124917917,160.1292146942876,-90.33299312680562,143.74987490220704,0.004099035832721206,-0.02211869197111233,0.2834001960956403,0.958737863142831
robot3,1298,1722894858628203725,160.7514229465045,-90.6305960288525,143.68328085690385,0.005076982606937698,-0.0189691520270278,0.28256879868965806,0.9590460205464949
robot3,1299,1722894859128343314,161.4725936941935,-90.81795754719577,143.6560090359543,0.006189041004296832,-0.018966809605424843,0.2812780269047803,0.9594189009423321
robot3,1300,1722894859627882488,162.0069702499282,-90.98418597809527,143.56104871636487,0.006314158561643465,-0.020900922417966695,0.283103080725605,0.9588409297309998
robot3,1301,1722894860126839244,162.7414635987801,-91.29188966038797,143.48482894124217,0.0049949958659560425,-0.023652067258831906,0.28195250376300635,0.9591237747821991
robot3,1302,1722894860629166846,163.395807846726,-91.58357035590079,143.3878879011242,0.007274823552683864,-0.027706708499004657,0.2812561772450953,0.9592050760957763
robot3,1303,1722894861126893851,164.00729445731992,-91.89356530897784,143.20035760587737,0.00984509708465669,-0.026709521364299625,0.2792829289409493,0.9597868102521769
robot3,1304,1722894861628014773,164.60059573003974,-92.21205855019122,143.03381709006732,0.006929149970086252,-0.028596891668532375,0.27501670843344167,0.9609890814936586
robot3,1305,1722894862123774343,165.24210694437846,-92.4366444867926,142.90471418361602,0.002328233813950486,-0.026339092680594176,0.26361406136949594,0.964265761173936
robot3,1306,1722894862625383349,166.0038772469928,-92.76695936576782,142.65950908489583,0.0010245732414100187,-0.02333768493853297,0.23017298502932756,0.9728693127414758
robot3,1307,1722894863124515512,166.73335031208256,-93.0607094900322,142.2936189563579,3.0750062569643865e-05,-0.02486625763413094,0.16414141434386198,0.9861233515047209
robot3,1308,1722894863625829774,167.35356312346983,-93.28268509920063,141.8181959837567,0.0020410505371917294,-0.01954835285872278,0.09744337383216403,0.9950469762324895
robot3,1309,1722894864129190059,167.8144958131343,-93.42911534953177,141.20431058644536,0.004782724438573535,-0.019786044663253684,0.0023719492493817066,0.9997899838667552
robot3,1310,1722894864628296899,168.18997408134305,-93.45194436690228,140.53529770692973,0.0019216214494784624,-0.017326360080534318,-0.11797558647485926,0.9928634677604357
robot3,1311,1722894865126127007,168.29682336655654,-93.41896220605636,140.07597914560196,-0.0033310033107673445,-0.017294477869645476,-0.18119767221749328,0.9832889753450518
robot3,1312,1722894865623844803,168.53905697457543,-93.39085328426958,139.47171177582052,-0.001078909964768963,-0.013111073972829738,-0.20991814719761212,0.9776304553202547
robot3,1313,1722894866125834284,168.7570357720447,-93.38403433566367,138.85213402054947,-0.0057682434228645335,-0.018541781645606673,-0.28738160513691596,0.9576193099192136
robot3,1314,1722894866623803206,168.76939942052815,-93.30974537254507,138.2102410237163,-0.00535619866015252,-0.01882044545237969,-0.35352477256392084,0.9352204751568023
robot3,1315,1722894867126473080,168.77923876273,-93.16590229686717,137.66478312320234,-0.005823168442570109,-0.01923802642105901,-0.3641434735927513,0.9311259419050236
robot3,1316,1722894867625610547,168.73157152366778,-93.02769237441142,137.180250997955,-0.004496751591041548,-0.019170744968849997,-0.37348790781169405,0.927426031811115
robot3,1317,1722894868124700746,168.7219251274364,-92.97488318207427,136.71282620627818,-0.005514411859266069,-0.01867952207986615,-0.3847582723208729,0.9228118652235521
robot3,1318,1722894868625189581,168.75886477665642,-92.96881511700765,136.2399712879779,-0.0033817861936365576,-0.013701098084739302,-0.3956916113514832,0.9182750089921209
robot3,1319,1722894869127041302,168.69886942386566,-92.86960320117167,135.67467753295747,-0.005426987393819083,-0.019220600642728233,-0.43957576161344086,0.8979834442353174
robot3,1320,1722894869628729276,168.5892982793673,-92.7517929886583,135.18259458936637,-0.00867348131440718,-0.023237524001063468,-0.48037381201753665,0.8767130596312166
robot3,1321,1722894870124895214,168.40109343009325,-92.56725446215391,134.69809457624737,-0.00809240894750385,-0.020989124377320516,-0.5364839501765314,0.8436106571033137
robot3,1322,1722894870625200665,168.2696996727074,-92.33341244374884,134.13705030214237,-0.008722780646180891,-0.023557986302733425,-0.5801731887627468,0.8141056475790012
robot3,1323,1722894871124682831,168.03912506955163,-92.12307551479898,133.60414138792876,-0.009220794347886741,-0.024465211671182187,-0.5902952365707055,0.8067638837053955
robot3,1324,1722894871627764215,167.84112648699514,-91.94114265567374,132.98789539444863,-0.008719601778774939,-0.020486994750780824,-0.5941090932624947,0.8040762631079948
robot3,1325,1722894872125719490,167.72182024543483,-91.83118914859483,132.42341944176803,-0.009823459219346934,-0.025623209148457768,-0.5537520044980138,0.83222933637089
robot3,1326,1722894872626121765,167.53539313769153,-91.69709667257412,131.79883423161314,-0.005941553958277587,-0.02365470132599146,-0.5433389455826462,0.8391590691012504
robot3,1327,1722894873126989770,167.59568606733885,-91.62543735920065,131.27922742866062,4.587509567515053e-05,-0.024022593321511243,-0.46507207595533,0.8849468216069171
robot3,1328,1722894873625021344,167.7355783157482,-91.51429578046316,130.7574277261116,0.0006686583492289324,-0.029226394099382005,-0.40132510311661856,0.9154690231746759
robot3,1329,1722894874127641926,167.91443158076135,-91.44518271592743,130.3690554075077,-9.441119529579341e-05,-0.022814732383611227,-0.31695323329760516,0.9481667189766704
robot3,1330,1722894874627062614,168.0504233599339,-91.49086723260228,129.77553722537135,-0.002607867565273308,-0.019487712813969358,-0.32020540245070456,0.9471440905783157
robot3,1331,1722894875127846083,168.27003018495228,-91.40789829923305,129.10391036414347,-0.004725245399784759,-0.0218969895866271,-0.3268112922732105,0.944824096404018
robot3,1332,1722894875624959226,168.44446342063375,-91.34687388597465,128.385447098677,-0.0051541593364642846,-0.020912616257291697,-0.33604499320918124,0.9415996281126341
robot3,1333,1722894876127075947,168.65833463355236,-91.3207904459462,127.65176300704148,-0.01184130808274352,-0.024452071686952657,-0.3453040259885467,0.9380975478324237
robot3,1334,1722894876625912316,168.83230618678724,-91.26340564625418,126.89433364476515,-0.008351072703753423,-0.019645963662113384,-0.3543587289818679,0.9348658657213016
robot3,1335,1722894877126219745,168.95696400438894,-91.14569333068562,126.11703592490223,-0.012311898737524155,-0.02425411779202116,-0.3679041959248094,0.9294657914848331
robot3,1336,1722894877628116111,169.08388407873116,-91.10880176527156,125.43125568825988,-0.007838874146706315,-0.02108840178197872,-0.37950472700678234,0.9249162089302476
robot3,1337,1722894878124712865,169.1661751137558,-91.0625883140417,124.6893682364985,-0.009818176163025886,-0.022993431618607722,-0.3931895667741693,0.9191174408633389
robot3,1338,1722894878628495383,169.38583904388824,-91.00727340809992,123.91686918631147,-0.007485010011473372,-0.014760559951696227,-0.40938662184919766,0.9122108826066166
robot3,1339,1722894879123418175,169.5769613667037,-90.96794575669583,123.27905951288282,-0.01160463551394242,-0.01649416415984772,-0.4323764112754873,0.9014676444308953
robot3,1340,1722894879624513269,169.54697640078436,-90.84940575070046,122.620352359096,-0.013432733556865731,-0.023286915965879566,-0.4734557185530892,0.8804072715416238
robot3,1341,1722894880124345816,169.55996736572794,-90.75496705443287,121.99418277705007,-0.015335690245129922,-0.036719779988569234,-0.4977585132456746,0.866402295041831
robot3,1342,1722894880627400774,169.65972973552283,-90.69859312893105,121.27051476097022,-0.013309899549793454,-0.040849525461233785,-0.5213515520379001,0.8522597737962523
robot3,1343,1722894881127216433,169.6518820563462,-90.63046645817933,120.54434068668795,-0.014622105331627375,-0.046431739800225,-0.5335087879249539,0.844392480296717
robot3,1344,1722894881630915277,169.8172417644476,-90.60108459661582,119.89853147483429,-0.02076857683912881,-0.03811482698059838,-0.4817590831253323,0.8752280342896674
robot3,1345,1722894882128056747,169.92230849298195,-90.61007584869019,119.27356932743106,-0.02263672387473153,-0.03338580786402132,-0.4943826730511663,0.8683079748293628
robot3,1346,1722894882627402040,170.0490394432392,-90.53970762026731,118.60243320557848,-0.022470937761719035,-0.02807144702914848,-0.4999491541529437,0.865307976433567
robot3,1347,1722894883123868851,170.1581813626,-90.51708130723594,118.07688382594716,-0.023314677522975218,-0.030400444110284378,-0.5283099570417261,0.8481867884496119
robot3,1348,1722894883630111976,170.2483428743156,-90.42540205784829,117.41925085383538,-0.019178661242626568,-0.024097168636071895,-0.5494890671661954,0.834933093416167
robot3,1349,1722894884126184854,170.21390204254664,-90.28893764616518,116.73799931757077,-0.01641527135577114,-0.022314724445360028,-0.601724955259633,0.7982228198673831
robot3,1350,1722894884684878818,170.24514670008753,-90.19258746718702,115.99477761077591,-0.017622410517842652,-0.025814254601725362,-0.6127455196643408,0.7896619549137309
robot3,1351,1722894885125298407,170.22273074488237,-90.05649350356498,115.23089949381894,-0.01867454326754281,-0.02431445112761646,-0.6208088074854367,0.7833623002472238
robot3,1352,1722894885627765295,170.16479362491154,-89.96452491259987,114.58408594897881,-0.017938772349150534,-0.02048297706783424,-0.6346808366586126,0.7722945575849718
robot3,1353,1722894886125502233,170.09268556054107,-89.7920311050529,113.89034249027706,-0.02491444903507265,-0.025818623855652163,-0.6499158841698798,0.7591587530913165
robot3,1354,1722894886625881099,169.9758166945384,-89.64707378017206,113.18730746906337,-0.023604022242935736,-0.024012196365532177,-0.6570528505646894,0.7530921697405131
robot3,1355,1722894887126310874,169.92973518637297,-89.46596860879521,112.4730977608349,-0.022989148079299682,-0.021524001497588176,-0.663633068191133,0.7473950543275912
robot3,1356,1722894887624594128,169.81322817952554,-89.31466293911245,111.79350161051275,-0.02276706198775433,-0.023447548559996482,-0.6762932366554247,0.7359071486329659
robot3,1357,1722894888123847550,169.6991082419799,-89.1837157852774,111.061724501281,-0.024165593865612827,-0.02231613432800277,-0.6872340377383248,0.7256909752750517
robot3,1358,1722894888628946692,169.65233480947745,-89.03506995801985,110.40547894026186,-0.024963160878809926,-0.0243250991835901,-0.6753839717373977,0.7366421253694803
robot3,1359,1722894889123651407,169.69899324156313,-88.83299413625315,109.6737159510006,-0.023122875048550342,-0.02443597424098263,-0.6572922171035519,0.7528845576497636
robot3,1360,1722894889629869504,169.6274590084272,-88.65933150026648,108.83072817320736,-0.023494294011154847,-0.0232500147661239,-0.6601695207967894,0.7503890049655778
robot3,1361,1722894890126882193,169.57350726731596,-88.51499634193412,108.04925394880995,-0.0255497963048676,-0.025003408112569642,-0.6645226027979168,0.7464125855465048
robot3,1362,1722894890627757718,169.58287085326737,-88.40369133628874,107.38929149031995,-0.025485257176349575,-0.02462619434899737,-0.6619274939201865,0.7487296207651214
robot3,1363,1722894891123990797,169.50583294306855,-88.31846056122322,106.70920115336448,-0.026481425768215456,-0.025099664431928903,-0.6599482361256642,0.7504245908612747
robot3,1364,1722894891627071416,169.42882832863685,-88.24175743427666,105.97509383772628,-0.027668463961149685,-0.02688955045734423,-0.6638721891510928,0.7468501353350403
robot3,1365,1722894892178191941,169.38119405528664,-88.09239576426087,105.11397322313447,-0.02355373831110445,-0.017525680016573553,-0.6689266297097416,0.7427484338702405
robot3,1366,1722894892628261527,169.3218200127004,-87.94566944723327,104.5451236835751,-0.022845126933021393,-0.01715431508642041,-0.677981286124856,0.7345237949269011
robot3,1367,1722894893126485056,169.32138746038234,-87.82686088392221,103.98267329822473,-0.02032937538638516,-0.01680292799838371,-0.682453356544093,0.730453143089125
robot3,1368,1722894893625782449,169.21528014108733,-87.69143893581177,103.27348476422165,-0.02233254016107959,-0.022632026232705778,-0.6769985178405421,0.7352972568154087
robot3,1369,1722894894125717420,169.13643761209798,-87.59307691185742,102.49783189882986,-0.017920240636778086,-0.019509423256928404,-0.6888339353169873,0.7244349915178135
robot3,1370,1722894894623504811,169.05410200884955,-87.43818579174052,101.82428367621029,-0.018689196234524145,-0.021530375787144715,-0.6947663856792275,0.7186701790061938
robot3,1371,1722894895127234740,168.98315863040625,-87.29615031460938,101.2129394145144,-0.019292181344078372,-0.024816012153424934,-0.7013614435180743,0.7121124228842183
robot3,1372,1722894895627515475,168.8957589289615,-87.12552519569849,100.48683551237835,-0.016911400190090114,-0.024283031899274676,-0.703401595914359,0.7101764103168466
robot3,1373,1722894896131114420,168.85539264998204,-86.93943705171033,99.71487255735555,-0.01655541495088205,-0.023996736913407445,-0.703578343728146,0.710019428670844
robot3,1374,1722894896627900265,168.83729530432404,-86.74045186821876,98.97248030782103,-0.015571492013674498,-0.025098544487699027,-0.705373315341401,0.7082203595670964
robot3,1375,1722894897126299712,168.72271779303978,-86.55838969483023,98.10555733902484,-0.014426749046966992,-0.02290200497158969,-0.6923433435466592,0.7210603731497451
robot3,1376,1722894897631784736,168.6748937863193,-86.34933390087015,97.22635797942212,-0.016791748613917346,-0.03133645634482869,-0.6913528128400884,0.7216421217337118
robot3,1377,1722894898125871119,168.70141402585094,-86.22071478541656,96.46525828181625,-0.010260092092026673,-0.027084483178841275,-0.6892913609427956,0.723905091162389
robot3,1378,1722894898625822939,168.64626303521246,-85.97644934915374,95.54303266257097,-0.00031810044130711415,-0.020422194163115484,-0.693372026654508,0.7202902647201984
robot3,1379,1722894899126547558,168.57892130696615,-85.76837696970028,94.7932326830378,-0.0012297692690239944,-0.02532833647649719,-0.6899513240231485,0.7234114552020742
robot3,1380,1722894899630414291,168.49470798697,-85.65594593024207,94.06122767283145,-0.017887762024284735,-0.041476375281079954,-0.6924614295249892,0.720039517584635
robot3,1381,1722894900127163834,168.36528849193078,-85.5303224584081,93.33341024204981,-0.02102562869904863,-0.04605428113564035,-0.676407945874897,0.7347851501522001
robot3,1382,1722894900625710203,168.2522679306675,-85.45496356918302,92.53517949795057,-0.025524477943696625,-0.04667601534488656,-0.682054244846193,0.729364009054817
robot3,1383,1722894901126972182,168.16420843030315,-85.36849458557786,91.74792947296963,-0.027133269657310995,-0.0440666142823122,-0.6828589053995902,0.7287150571381595
robot3,1384,1722894901625985782,168.08952144729813,-85.19524448493412,90.9899001487908,-0.03133754169324015,-0.04935919400688339,-0.6851394374031982,0.7260616914301734
robot3,1385,1722894902126391688,168.01401111653456,-85.02008341724415,90.18478842761192,-0.02416913412923904,-0.043304717525372724,-0.6899185128387155,0.7221862640883623
robot3,1386,1722894902624714501,167.9491009016204,-84.85399193982835,89.42620800282876,-0.028164353470273844,-0.047562218821839114,-0.6924842158875164,0.7193123210963347
robot3,1387,1722894903136043023,167.89684524915677,-84.72408718763354,88.80607481784011,-0.025245001559356748,-0.045753618099192414,-0.6991650884734831,0.7130480175885546
robot3,1388,1722894903626294648,167.88235276650707,-84.61148840747232,88.12361279813287,0.025773516416853756,0.052797260827867266,0.7070431686014644,-0.7047255727122335
robot3,1389,1722894904126951198,167.79323998771383,-84.40608540669666,87.36964570739818,0.025114682575185232,0.052709080257636896,0.7121603043249083,-0.6995846671571608
robot3,1390,1722894904625329678,167.78454021625134,-84.23530035756802,86.64062501254301,0.026393339957986837,0.05036951628595542,0.7196207432731367,-0.6920348902230286
robot3,1391,1722894905127448639,167.69105073496206,-84.00194366728917,85.86830624229374,0.027148020701972704,0.051331014730012336,0.7261110105656957,-0.685121093117134
robot3,1392,1722894905625624344,167.50183417307963,-83.72366918557013,85.15097452625706,0.024545345567690648,0.053207271934749736,0.7372692045848116,-0.6730532164659072
robot3,1393,1722894906125966458,167.35476437584782,-83.52479749432977,84.3206713825507,0.02285919174738253,0.04909451205456565,0.7289772112606643,-0.6823924176757867
robot3,1394,1722894906624958963,167.2194784058379,-83.34060463405936,83.57555622018126,0.028113354837539416,0.05308564633335278,0.7357682199781741,-0.6745640665669185
robot3,1395,1722894907135433789,166.95303615662857,-83.49758119697782,82.70049940020152,0.024416787659242656,0.04854810984584814,0.7488984078675514,-0.6604529326184008
robot3,1396,1722894907625277216,166.73505649752337,-83.418053849688,81.96808595319388,0.02804597818908566,0.05045625233751502,0.7526768513627011,-0.6558545167414803
robot3,1397,1722894908127968012,166.6137578478017,-83.06619962497624,81.1746500047791,0.03188944250567253,0.05084120726655711,0.7691707661265725,-0.6362189620222098
robot3,1398,1722894908624332987,166.46536203966912,-82.99655434999131,80.39480168130451,0.02992062192935239,0.056171746605557495,0.7809287147909909,-0.6213693214840373
robot3,1399,1722894909128626677,166.26078340823193,-83.15100716198201,79.61051120942767,0.03315450137695805,0.053600642928645977,0.7783929950652835,-0.624605551808002
robot3,1400,1722894909626334198,166.053390764275,-83.13904171128087,78.78994210665147,0.035806214142298884,0.05390831552339453,0.7889523399926791,-0.6110368350323097
robot3,1401,1722894910124635601,165.94150141121008,-82.8458488268575,78.01610192432247,0.03438462803203928,0.05515089131945523,0.8169594167087705,-0.573021280575716
robot3,1402,1722894910625462482,165.79806216096827,-82.52606526807116,77.19731644707001,0.030214524882690667,0.05296786779605042,0.8491884036089579,-0.5245574731555378
robot3,1403,1722894911127676350,165.68453380035277,-82.4014066726737,76.4867641059532,0.03564820858686245,0.054030824088212207,0.8870183551007119,-0.45717426982204873
robot3,1404,1722894911628799153,165.53824441431107,-82.30242426745707,75.97347477087462,0.03604198197822071,0.05192926429634902,0.9220570426427689,-0.3818574827832926
robot3,1405,1722894912124577241,165.54248850167994,-82.2689198750266,75.20015953864622,0.039666790471660926,0.04931017585956521,0.9451716088972835,-0.3203836481858848
robot3,1406,1722894912626078854,165.63216220968883,-82.11850547908755,74.20589768042403,0.05162551022637024,0.05709647800034419,0.9623481397710109,-0.2606930316926367
robot3,1407,1722894913130470544,165.5703557421404,-81.94492649707183,73.5186937523207,0.047007136776925654,0.055259572771316004,0.9671515220641084,-0.2436280814648537
robot3,1408,1722894913630214767,165.5854118934472,-81.8105591614259,72.73258078509372,0.04635029453683255,0.05401605090977596,0.9598204497347238,-0.2714380605432734
robot3,1409,1722894914126810491,165.50489745057973,-81.62420929240231,72.06834102696249,0.046509744380851994,0.05519167070606393,0.9625897647565353,-0.26117363563012874
robot3,1410,1722894914625700336,165.35224072232967,-81.47845839368263,71.45066447250692,0.0538267837233231,0.05756614476538093,0.9568122963075751,-0.27981966686685716
robot3,1411,1722894915125566078,165.2095757595937,-81.41196017157243,70.80523058659928,0.04825526484803021,0.04914596120059371,0.9610169204159514,-0.26777337915923805
robot3,1412,1722894915625543515,165.02916139184578,-81.35597541082345,70.2055784068119,0.04683927889602143,0.0531962743672074,0.9671925349120697,-0.24395663294182912
robot3,1413,1722894916124705057,164.90714677079455,-81.25383406871471,69.56137920373115,0.045452152408450665,0.05093873885965475,0.9698897008918346,-0.2337804842769698
robot3,1414,1722894916627665332,164.97514269044777,-81.12136126283866,68.74341473527492,0.05139669156266023,0.04076692464011035,0.9724191079458039,-0.22382474495391974
robot3,1415,1722894917127916852,165.02130756385856,-81.03740362556943,68.04439260419313,0.0515129807827962,0.04200391186579085,0.9728411963210678,-0.22172526003916546
robot3,1416,1722894917629439460,165.0598569272614,-80.95908871687926,67.33701967015007,0.049945381254680246,0.0405880574945057,0.9707152004145109,-0.2314520861093359
robot3,1417,1722894918124867264,165.04238719949473,-80.81993565989626,66.75689335716915,0.0499467550724065,0.04166285683290909,0.9708647608220218,-0.23063205373983917
robot3,1418,1722894918627754870,164.7343066647872,-80.67190099750493,66.28147786398306,0.049899615272136544,0.046635934720977344,0.972114593356602,-0.22433977661467364
robot3,1419,1722894919128603282,164.46333442023388,-80.63803007019422,65.69260920168536,0.0496580759903101,0.04982413484525764,0.9736760112617968,-0.21681018465279564
robot3,1420,1722894919625871090,164.2607099979996,-80.59297428292432,65.00411267823561,0.0476321591168927,0.0499955161729484,0.9728292369021464,-0.2209862023042415
robot3,1421,1722894920128415031,164.06332081771555,-80.43266777906953,64.31973170029376,0.04607559259102059,0.055110423276798465,0.9711251527229049,-0.22749905222341715
robot3,1422,1722894920628377480,163.86412186392496,-80.24507968638024,63.60320705521212,0.047084661031841064,0.05761172817257393,0.9693966574389737,-0.23395308080602606
robot3,1423,1722894921129319022,163.74191180875954,-80.10824694569172,62.80610396761587,0.05307300564259296,0.0612279675977343,0.9678471907273973,-0.23813065207359815
robot3,1424,1722894921629773307,163.76351381924755,-80.03067557806982,61.898718411032604,0.04835584469822654,0.05433942147632874,0.9651535627001331,-0.2513713188977202
robot3,1425,1722894922127868607,163.61490135667623,-79.8135129410432,61.1121754242582,0.04655988741376192,0.050210753124865115,0.9670160445903709,-0.24533859594333166
robot3,1426,1722894922625908002,163.54535991400846,-79.64185030656915,60.40080701559066,0.037788122682814757,0.05167493270853821,0.9681822760941584,-0.24191907607878216
robot3,1427,1722894923129154724,163.43920027487704,-79.58937393864078,59.544635448597305,0.044248038900659634,0.04891556302349316,0.9681484655266501,-0.24153245629921735
robot3,1428,1722894923625041676,163.3923314244461,-79.53541929290773,58.72543334605009,0.04208954747310955,0.048622186631502896,0.9674369703123927,-0.2448061711506857
robot3,1429,1722894924126382400,163.41800776014693,-79.39495394383601,57.919729324136554,0.04624403058824158,0.0487836435114152,0.9640079304139716,-0.2572359925431823
robot3,1430,1722894924628306983,163.3560348741587,-79.26460158889604,57.15505105331684,0.04591013684160264,0.0510937805749136,0.964261674258035,-0.25589276753913737
robot3,1431,1722894925127703546,163.35139792038754,-79.22949945747489,56.36434474807691,0.04168463296537338,0.05169173962585143,0.9645727385262782,-0.25532290833552557
robot3,1432,1722894925628495109,163.29705603991584,-79.1970907688454,55.635659568789436,0.04358665482853729,0.04877627420310046,0.9656501905665217,-0.25147721179972166
robot3,1433,1722894926128127213,163.1196448512972,-79.1623671273598,54.92818200017207,0.04602391515279482,0.04837786550541553,0.9665601512255461,-0.2475941344741384
robot3,1434,1722894926627647180,162.95725070629513,-78.93097601029874,54.22804054239863,0.042931950356004715,0.04883183341917424,0.967842518595068,-0.24300855722197692
robot3,1435,1722894927126035356,162.71606339476764,-78.84594762888399,53.45633515968771,0.04559038029424303,0.046747558070292586,0.9687068385124523,-0.23946449435835093
robot3,1436,1722894927629142757,162.62968653131898,-78.77403809886347,52.63638975762655,0.04575733414632018,0.04608689897501763,0.9697650648621534,-0.2352402667223272
robot3,1437,1722894928128619139,162.60948409286758,-78.80098140518436,51.90120703548514,0.04511016472499964,0.04403842987665681,0.9684705322844237,-0.24101974572471724
robot3,1438,1722894928626404268,162.53559332923734,-78.74820102626262,51.20459326459092,0.04557663975415037,0.04641962499951086,0.9695867113696993,-0.23594405578212088
robot3,1439,1722894929127510077,162.41138415078024,-78.62654968506578,50.50858008096017,0.048784311043175245,0.04924419061035563,0.9698965631206307,-0.23344326405780563
robot3,1440,1722894929626069902,162.35640124294383,-78.52844271017258,49.730360899852634,0.045666917538577226,0.04612444774280024,0.9689773345220757,-0.238474302903772
robot3,1441,1722894930126263740,162.34012036735598,-78.48221629042365,49.0033897803584,0.04577095000551644,0.04800773468295046,0.9672089543340298,-0.24516752681029527
robot3,1442,1722894930627144386,162.32669438740507,-78.41014885959697,48.319435973455896,0.04333597274989075,0.0436871687159305,0.9671863826369709,-0.24650339956482847
robot3,1443,1722894931130799048,162.34941680755452,-78.37016087541383,47.64957779247483,0.04217685526489123,0.044285873333540386,0.9675123135776061,-0.24531570960449728
robot3,1444,1722894931626182862,162.27167448573306,-78.24525141792739,47.073093788634345,0.04739556704660373,0.04456914057520842,0.9675474658726013,-0.24417033647891284
robot3,1445,1722894932125711075,162.18921999236267,-78.13910333775405,46.57236430130861,0.04767496235669323,0.04527604774844986,0.9675733458301067,-0.24388316445318767
robot3,1446,1722894932628105749,162.02365322076412,-78.00470834551416,46.17286203323695,0.04376160022815033,0.04538064359896062,0.9674512346296658,-0.245078820271257
robot3,1447,1722894933125394690,162.0546730715278,-77.88071867845375,45.607849909487264,0.04318393353239923,0.04424705939899373,0.9680249143898614,-0.24311542678265607
robot3,1448,1722894933627706533,161.9358602520182,-77.72051088693804,45.163891524337046,0.03197291697009634,0.04051704930857678,0.9660345781400924,-0.25320603297205063
robot3,1449,1722894934127678867,161.7558751355043,-77.54239802555082,44.78684600595819,0.024841709664513364,0.040254407245260415,0.966365997814682,-0.25278297099668495
robot3,1450,1722894934626212676,161.72264200747244,-77.38086654994399,44.15421355354763,0.027207332174040894,0.03853544691363166,0.9658419671415044,-0.25480203083053937
robot3,1451,1722894935128998450,161.6925023074802,-77.28908133040927,43.712065608198934,0.027861279072629783,0.040016672407690274,0.9664429533712102,-0.2522110880532127
robot3,1452,1722894935629081128,161.7372600222019,-77.18198472847864,43.10795688578549,0.026341334203657356,0.038295019723032765,0.9677184381943374,-0.24771081921364702
robot3,1453,1722894936127796072,161.6322119147606,-77.05173397586674,42.637881129972,0.019828203870983514,0.035245465235778525,0.9674606134978073,-0.24976901497585838
robot3,1454,1722894936626041259,161.54437519446387,-76.88881742817155,42.10217187604245,0.015887802844986327,0.03309265389092543,0.9683983389491996,-0.24669234098294485
robot3,1455,1722894937125425566,161.51010987867696,-76.73097189338064,41.514968884991426,0.01842693107313901,0.03181916248315794,0.9690325779461029,-0.24417995820547225
robot3,1456,1722894937626149145,161.54984380214418,-76.59383509533313,40.91999641460593,0.018953203975877818,0.02949692746089648,0.969670094589982,-0.2418896752390868
robot3,1457,1722894938128559493,161.5978466902477,-76.44195531888849,40.43782387778107,0.02110604149689547,0.02986041509466242,0.9700017984067616,-0.24033185746037503
robot3,1458,1722894938625946634,161.49769639650896,-76.24748615994964,39.98090155248157,0.023761819877053864,0.0251775854681566,0.9710579849709715,-0.2363215075490182
robot3,1459,1722894939128631265,161.52764626054667,-76.105682511928,39.41023117125727,0.018477474062052336,0.02472808097322608,0.9707238860981161,-0.23820630118080333
robot3,1460,1722894939628889986,161.69327752836486,-76.03598517724855,38.760648596351004,0.01860064181143686,0.02328475024874456,0.970417200572248,-0.2395877571237265
robot3,1461,1722894940126231222,161.6435009923796,-75.99015778161477,38.28830530960959,0.019133835185205932,0.02287979146180035,0.9699653710690316,-0.24140751939549412
robot3,1462,1722894940627719556,161.55011742524866,-75.87422933087242,37.68297943515059,0.020262518458517474,0.02335943531044558,0.9696983868824196,-0.24234026822905186
robot3,1463,1722894941129937883,161.45717399617516,-75.7338287670145,37.102709054369505,0.02383533299948892,0.022350599004490497,0.9695878017744252,-0.2425527206097303
robot3,1464,1722894941637802874,161.48663877240327,-75.66059830126768,36.48384272288051,0.023174948988106868,0.021586260976026575,0.9697576779048416,-0.24200620079056478
robot3,1465,1722894942129078037,161.45245055402262,-75.56395724356035,35.915772548897216,0.024267214216530754,0.022554446349118937,0.969688450522629,-0.24208822397439445
robot3,1466,1722894942630054437,161.3617580271435,-75.40496704622277,35.43331558917807,0.017899525389314733,0.021108754114193815,0.9700705960733619,-0.24124068090696518
robot3,1467,1722894943128435333,161.49083060994016,-75.40198497922563,34.83083701217873,0.021278027108319674,0.02195417259630943,0.9699420663384837,-0.24140763826983938
robot3,1468,1722894943628442173,161.58422450951676,-75.38267306589617,34.29439701975091,0.022590899100046028,0.02212338691520185,0.9698230295237348,-0.24175090162118684
robot3,1469,1722894944127417758,161.47094217872566,-75.25946606677081,33.882062270065745,0.016062765475799667,0.01964524182767325,0.9704324579708149,-0.24003519857621752
robot3,1470,1722894944628893013,161.21515908421267,-75.09381833885597,33.59243811467188,0.018086859862181823,0.022227602357616918,0.9705017462549634,-0.23938496132761533
robot3,1471,1722894945128239419,161.08023445122072,-74.92094326253117,33.09602945682594,0.01502298138843608,0.021828818571974863,0.9707899807221767,-0.23846304963115428
robot3,1472,1722894945625766964,161.07892854841006,-74.80942330039865,32.538858996664416,0.016525584606010345,0.023179421741115473,0.9708391322365324,-0.2380357090425595
robot3,1473,1722894946130800517,161.05436453504672,-74.66566673769512,31.993939808585406,0.01740969597602061,0.02256285921764399,0.9711476217624125,-0.23677017678575427
robot3,1474,1722894946628933661,160.9971003638062,-74.49534728240111,31.44379538441264,0.01714858264514645,0.02266997302555625,0.9715065870466931,-0.2353018269397181
robot3,1475,1722894947129917887,160.98759155778845,-74.3894671702663,30.898758223102362,0.019437489084999253,0.024633056034923113,0.9718067908298885,-0.2336813168941076
robot3,1476,1722894947624856035,160.9514200566938,-74.2477473946752,30.360147943193418,0.016259682516188017,0.022888986275118633,0.9705887289017158,-0.23910089159332223
robot3,1477,1722894948126327710,160.9060430361268,-74.09634371678733,29.865677452242497,0.01700512290613091,0.02248743740041153,0.9677098481707307,-0.2504851107501029
robot3,1478,1722894948627092158,160.89174862929698,-73.9633186699313,29.328840708832765,0.015604703194316106,0.022351935363832932,0.9677194112590563,-0.250551442414794
robot3,1479,1722894949133449567,160.88439046740655,-73.87365343258574,28.853795415655615,0.017611666261950584,0.024316250782332315,0.967350784236463,-0.251656530605642
robot3,1480,1722894949627151411,160.83489976461922,-73.76860196373276,28.376902912333495,0.016503444412718605,0.02412019807820114,0.9662463201666783,-0.2559568345083556
robot3,1481,1722894950128457908,160.6520507578457,-73.61530142088922,27.936470924873365,0.017418908113182707,0.02273649941705866,0.9665837735467899,-0.25474583794529493
robot3,1482,1722894950628488045,160.57700364953487,-73.45536896997183,27.408059009564113,0.014830756796714943,0.023269616289578902,0.9668410779176193,-0.25388364197338215
robot3,1483,1722894951129338326,160.6366462126702,-73.39990591826889,26.850131548201436,0.01858495511246949,0.02369990798738957,0.9669605057249734,-0.25314085836340283
robot3,1484,1722894951628029539,160.83095149891685,-73.41151148451254,26.287812963599208,0.017054698942730463,0.02305911214565431,0.9670902768973599,-0.25281180930014835
robot3,1485,1722894952128508087,160.62311821578035,-73.25094856460801,25.831144285242793,0.013825666103458534,0.02007621597045958,0.9673253133979136,-0.25236389315575875
robot3,1486,1722894952626442782,160.24061224458953,-72.98745575016622,25.46199006703316,0.008027495248770196,0.019966953741875276,0.9673975824117036,-0.2523465823471595
robot3,1487,1722894953129988833,160.0845888853133,-72.81214310804587,24.924221380344367,0.010400866283097181,0.022845429534358773,0.967355480975857,-0.2521770841212981
robot3,1488,1722894953628081340,160.17647985106365,-72.7246224331068,24.283771209817587,0.01169938508959198,0.023476290407545862,0.9669621961182114,-0.25356675542245605
robot3,1489,1722894954133548827,160.24767153651004,-72.62360420560438,23.569664403646367,0.01376343351247907,0.021034281242778067,0.9668263277826534,-0.25419476551820747
robot3,1490,1722894954628872161,160.20166089228204,-72.49516268894446,22.938476315621998,0.01361809427418504,0.01875073110904859,0.96669961259962,-0.25486234831955884
robot3,1491,1722894955128995866,160.4083465305278,-72.46989820065329,22.279935727450532,0.014933977977035355,0.018890927508227313,0.9676905048695068,-0.25098843787126784
robot3,1492,1722894955626642895,160.31138578848632,-72.30619645997493,21.77572585521587,0.01651524584533069,0.018836140739308248,0.9699872916952333,-0.24186173820276652
robot3,1493,1722894956126529189,160.15173464111479,-72.0471832194383,21.358435422773017,0.010850541902110914,0.016650811447068908,0.9724501425086938,-0.2322622150790047
robot3,1494,1722894956630511541,160.0774984217538,-71.82320315663151,20.853295978223795,0.008511740103271576,0.0172412511368839,0.974364967961951,-0.22414994701796237
robot3,1495,1722894957128254166,160.07809318995,-71.62411360541252,20.261902126171236,0.00678480263378855,0.016833050584540005,0.9756944406443231,-0.21838263062111946
robot3,1496,1722894957629643847,160.13013888377606,-71.49886487247912,19.658781201782748,0.0016613082114980146,0.01186577783845664,0.9771311719655389,-0.21229959054262726
robot3,1497,1722894958127157368,160.05460805556177,-71.27596781885553,19.092326808163833,-0.005554404870334258,0.012407771114626995,0.9747716121605622,-0.22279025994958152
robot3,1498,1722894958626979655,160.00113731803725,-71.00064694734672,18.519987553436874,0.0005448662266537329,0.01511329790518063,0.9716266212103063,-0.23603601484237116
robot3,1499,1722894959141141556,160.0258485840203,-70.7605487824389,17.93880313574339,-0.0008661956271283653,0.015871159514903158,0.9690840084091514,-0.24621848152898618
robot3,1500,1722894959628710173,159.92716755855116,-70.55335651055604,17.356596636360585,-0.00426554283029874,0.014672919834460374,0.9688559909904844,-0.24715294715973146
robot3,1501,1722894960133020036,159.763183720676,-70.28845770632947,16.79946344542006,-0.006250728113660716,0.014027433115679328,0.9685292129373675,-0.24842568950323443
robot3,1502,1722894960629864044,159.75902954176408,-70.15014567003965,16.178387391215225,-0.004654490986238192,0.01443434327228384,0.9648800706839002,-0.2622526160879787
robot3,1503,1722894961129153473,159.77636643755557,-70.05132429917596,15.567874660825794,-0.0007766270041588651,0.01585721665173182,0.9621228423914895,-0.27215359942333606
robot3,1504,1722894961629024382,159.48615363007556,-69.81662363190773,15.050707555682974,-0.006644195563087477,0.013277039077443393,0.9617404852805754,-0.273559525279122
robot3,1505,1722894962128728961,159.3877328614035,-69.66258885230468,14.497575653282464,-0.0026408769619530666,0.01436113140232885,0.9618080283473689,-0.2733351427831113
robot3,1506,1722894962625374719,159.37266524233806,-69.47922339430934,13.875302176494166,0.0005729968356416185,0.015413835034659271,0.9603652622329277,-0.27831753171589957
robot3,1507,1722894963129039562,159.22419078210723,-69.2592966684068,13.29195726933301,3.861833317060599e-06,0.013763832540709899,0.960767820988856,-0.27701218574496494
robot3,1508,1722894963627252752,159.02385154422134,-69.06225284855904,12.7132701195007,-0.0012288736239663234,0.014262243546693764,0.9604877207558155,-0.277953982802783
robot3,1509,1722894964129506699,158.84605630847238,-68.83928695321026,12.036360193409447,-0.008572446983531391,0.010970921167995121,0.9589050225100726,-0.28338544395645554
robot3,1510,1722894964633040037,158.6128482290661,-68.64718350844221,11.382224482183258,-0.0013751584564604025,0.013913117942947705,0.9596192983162013,-0.2809543314979266
robot3,1511,1722894965127464620,158.42552353697718,-68.52043149864627,10.582957388571463,-0.004484830682304909,0.015038324999464678,0.9580235215579063,-0.2862597897308484
robot3,1512,1722894965626871174,158.36996082276792,-68.42498884956622,9.774524853900893,-0.009313840312436284,0.016045246493246783,0.9586195137014981,-0.2840852519831125
robot3,1513,1722894966128398852,158.31094490113307,-68.219553251805,8.944809892354458,-0.005315254956399135,0.021313409719208653,0.9591086093329764,-0.2821846241988635
robot3,1514,1722894966626190746,158.21974569105177,-67.94894106777394,8.106179119036186,-0.006351232424090865,0.025246975801552243,0.9605413389098146,-0.2769162117047531
robot3,1515,1722894967128229124,158.10761403248034,-67.6242287978525,7.339790037888283,0.00030878469114364366,0.027973536073763353,0.9574328323977426,-0.28729733270321267
robot3,1516,1722894967627114108,157.95009824379295,-67.38436758286595,6.55971625933578,0.0165888628274535,0.03347006588311725,0.9573418561819735,-0.28653295573445864
robot3,1517,1722894968126490860,157.83937828297138,-67.06673614075581,5.754371423266667,0.014704755883113091,0.0321984048392843,0.951278257473312,-0.306295135023008
robot3,1518,1722894968624608814,157.82027142148112,-66.80722962463253,4.897397106223106,0.012274963172397546,0.029763245121393757,0.9504169239387826,-0.3093075253040287
robot3,1519,1722894969127905074,158.00056732362364,-66.6747707542392,4.052983178622923,0.015645399293270527,0.02912584675413047,0.9524012666729071,-0.3030490616577639
robot3,1520,1722894969626251637,158.20804701173856,-66.56877450245233,3.174270762550428,0.011824053610578733,0.029889613938810844,0.9569482271651272,-0.28847338397211464
robot3,1521,1722894970128357158,158.1552070304123,-66.45695873758787,2.4294322182916996,0.012899838832322912,0.02868953914828061,0.9612205434979676,-0.27398096878986167
robot3,1522,1722894970627398161,158.2913982378124,-66.36532799938409,1.6545230839401772,0.017011116973199583,0.02886099563479794,0.9644578714131753,-0.2621043286545633
robot3,1523,1722894971130568612,158.57453810277707,-66.31874628068496,0.8711259446215328,0.02540346435624559,0.030768455615537562,0.9623389373840988,-0.26890841513827574
robot3,1524,1722894971627550279,158.7410559630519,-66.2224079266252,0.18821139906878098,0.017569358787953935,0.02780354011105054,0.9621621063233553,-0.27048541909773577
robot3,1525,1722894972126753911,158.54533654672437,-66.02204818355759,-0.39468835689949017,0.0173057830690022,0.02512126029636726,0.9697229471943983,-0.2422949397699033
robot3,1526,1722894972634893941,158.2404670948494,-65.81431983027586,-0.8052191329492162,0.013206877947944364,0.023738645674906623,0.9842120726428965,-0.17489611528093868
robot3,1527,1722894973129009029,158.1393695468428,-65.62009273546211,-1.2995199959792394,0.01594416613221941,0.025461955452640562,0.9898704830224054,-0.13875842039986439
robot3,1528,1722894973628245717,157.93484298626717,-65.40084314296294,-1.9879309606956652,0.017196506556962095,0.023056741191998912,0.9774459000032233,-0.2092180188576748
robot3,1529,1722894974126826160,157.7131119094242,-65.12654043443656,-2.7855711780289867,0.020035457453686473,0.02188663180827144,0.9749096022517362,-0.2206146487205066
robot3,1530,1722894974628657943,157.56393574534715,-64.86077606397546,-3.668394714634404,0.018051340696876698,0.01985707581123203,0.9689604554676366,-0.24575492137335228
robot3,1531,1722894975128646253,157.22288350540893,-64.63104042973104,-4.518974606418969,0.02368633100942469,0.01906475053884133,0.9684606964150139,-0.24730421045657527
robot3,1532,1722894975626940601,156.9890750192368,-64.49341287573564,-5.324193049236907,0.01881117638477256,0.014416190757058819,0.9634360302483996,-0.2668882326111098
robot3,1533,1722894976129527951,156.8582868065904,-64.32320649735276,-6.248193159266601,0.019751618513609463,0.013942673986828403,0.9608026732686755,-0.27617693322932774
robot3,1534,1722894976627306713,156.74770566385712,-64.06335566845016,-7.171131970409481,0.021744571325335887,0.01480368898439203,0.9599138936849688,-0.27905795297911357
robot3,1535,1722894977128205863,156.56586564025227,-63.80594287407329,-8.028531042379099,0.02234465421425106,0.011915987044034555,0.961226029762157,-0.2745965137952281
robot3,1536,1722894977626872350,156.40578666608084,-63.552716382123805,-8.874331236456426,0.02113033653497037,0.017042392356709478,0.9623910271206891,-0.2703082992774431
robot3,1537,1722894978128999922,156.38373264866397,-63.29715619791285,-9.785288604628931,0.020345321010397176,0.013238610261091648,0.964592787822384,-0.2626243720456657
robot3,1538,1722894978626842434,156.41644290209152,-63.09160319696543,-10.711586970403713,0.024078493300397467,0.015364848731946767,0.9661163672945781,-0.25652156328339165
robot3,1539,1722894979126108475,156.41010929711274,-62.897184083183454,-11.645719380394697,0.017861889722609218,0.015688332709723522,0.9612250968422977,-0.2747383160624705
robot3,1540,1722894979627397660,156.39842225223472,-62.67322011006612,-12.522633093192335,0.0187179205873701,0.010999507222277362,0.95536239174582,-0.2946376600630986
robot3,1541,1722894980131166571,156.2563656370895,-62.40030693515745,-13.39552685572949,0.027009114101817385,0.010262564779652983,0.9555427108607878,-0.2934336641225667
robot3,1542,1722894980628879082,156.0521212412546,-62.09018971256482,-14.179900916704328,0.026300161234728853,0.00663796814374081,0.9634517124890994,-0.2665052280908791
robot3,1543,1722894981128029377,155.86184864115032,-61.79926547948782,-15.054077725358756,0.019458255309758466,0.007778656093362551,0.9595461572512082,-0.28077044166742526
robot3,1544,1722894981627668282,155.85942300089246,-61.61752510841283,-15.964303233512819,0.025063331793844408,0.009837131125219655,0.9583301747459918,-0.28439116797455877
robot3,1545,1722894982131016519,155.7151810168434,-61.381880541169785,-16.916449648801994,0.021208350141158863,0.010630028391086717,0.9672522721086954,-0.2527058576314783
robot3,1546,1722894982630465372,155.49991224046752,-61.16465669167188,-17.699233892583667,0.02162828982878539,0.011908564812096038,0.9688497470118702,-0.24641544366827578
robot3,1547,1722894983126601758,155.58786797203288,-61.04068416536995,-18.672839575916473,0.021380703819910314,0.012278083755206089,0.9632418977789773,-0.26750170191350114
robot3,1548,1722894983633682055,155.61399422686307,-60.89704237355061,-19.643910918594354,0.02310646264805384,0.012772859250033927,0.9586294583343323,-0.28342989797143436
robot3,1549,1722894984128589232,155.60900204168192,-60.63765083634386,-20.49328607180381,0.019277669437436022,0.010666051090127263,0.9584422430883761,-0.28443465590347083
robot3,1550,1722894984628282010,155.32937280981474,-60.37960861540303,-21.28771386290183,0.020088257021525488,0.014070478785191038,0.9578536025747156,-0.2862078957527748
robot3,1551,1722894985130011220,155.15645763563927,-60.10385288218158,-22.21756455372116,0.02270300560891149,0.01342716219785626,0.9545026157047711,-0.2970337379227892
robot3,1552,1722894985627740640,155.03913551354484,-59.83419808706906,-23.081370292168305,0.02316860883704817,0.0182373991776322,0.9563285200568158,-0.2908029823810822
robot3,1553,1722894986132862957,154.97749050797486,-59.63625595580758,-23.962469653315896,0.023575549342593257,0.01768575771765141,0.956750813515369,-0.2894119698368178
robot3,1554,1722894986631100965,154.8985493888152,-59.41423203252707,-24.862836030574574,0.02457975632912413,0.01785718955211839,0.9572895728348267,-0.2875302246752777
robot3,1555,1722894987130242236,154.76886771865813,-59.21783331474036,-25.79398267545638,0.016726742561131065,0.015089693375939137,0.9580218981999629,-0.2858086069495701
robot3,1556,1722894987627102559,154.66546016218675,-59.03604415816151,-26.708106485249438,0.014850785314792114,0.015807969065861797,0.9581498452807408,-0.28544427876214135
robot3,1557,1722894988129191039,154.6343179038894,-58.87224468971365,-27.666743092887668,0.017747549315438732,0.01618073276514637,0.9588946715623525,-0.2827440843409586
robot3,1558,1722894988631671020,154.5631557704005,-58.71705893770357,-28.610308931754997,0.016223186461557567,0.016499282122733674,0.9597858696053474,-0.27977788764728184
robot3,1559,1722894989134748171,154.48641763792895,-58.632176825366855,-29.550098129208372,0.014244900578252836,0.018092564147731065,0.9607823599787272,-0.27634579548779725
robot3,1560,1722894989631977075,154.41231455559284,-58.511989901962224,-30.478921619655857,0.017047397953259394,0.01774223305760081,0.9618616466169162,-0.27242755395985147
robot3,1561,1722894990127946055,154.2176352396686,-58.35126811856733,-31.387212124294514,0.01565885838572467,0.018172561111159696,0.9610233072167891,-0.2754246923622171
robot3,1562,1722894990634036387,154.14248791224415,-58.19469632936302,-32.35265622191491,0.008658680739198574,0.01412207651115377,0.9603025218329929,-0.27846841968895497
robot3,1563,1722894991129078869,154.18349424056626,-58.01087942381557,-33.28204176943615,0.01454413027348609,0.018156800391926416,0.9603339038295812,-0.2778805355356012
robot3,1564,1722894991627237374,154.42416963992173,-57.94263525228718,-34.112878827380925,0.018843074542501878,0.019951281909966697,0.9605800672996369,-0.276645656388384
robot3,1565,1722894992128599678,154.47007675203366,-57.781479354934426,-34.92878304961314,0.010896355434400484,0.017141350017219618,0.9610324227031308,-0.27568845835686584
robot3,1566,1722894992627635714,154.52011441704633,-57.66473089992173,-35.716697087990696,0.015584211800613533,0.017258911904660695,0.9613963643598732,-0.27418295515592994
robot3,1567,1722894993130825239,154.4602114792742,-57.411478256337084,-36.38273289936091,0.0137020119689375,0.015717825626421322,0.9617332714676328,-0.2731928245356107
robot3,1568,1722894993627262144,154.43382712393867,-57.257251587269266,-36.98085950365624,0.017872881965915327,0.018320150414288583,0.9619657768466395,-0.27196833704472184
robot3,1569,1722894994130038654,154.37260843643935,-57.09004363751426,-37.53608589142634,0.018528473029704656,0.018428763130742445,0.9621350779266133,-0.27131746755380143
robot3,1570,1722894994629104686,154.21124577391714,-56.90180649131864,-38.12558464745692,0.015511647202003662,0.01434591278080762,0.9627530252773233,-0.2695555525433071
robot3,1571,1722894995131008395,154.04159301677294,-56.64756170754564,-38.780657703082305,0.012827131859628011,0.014293242090049523,0.962852221336071,-0.26934507195604074
robot3,1572,1722894995630726529,153.83496294556105,-56.36834147604377,-39.408217911291004,0.01657789047634492,0.014377986804739996,0.9626610727355694,-0.2698186540667634
robot3,1573,1722894996132652374,153.63614394755135,-56.0680048732049,-40.17197326307581,0.01909300262959173,0.015938431408484225,0.9627328681010168,-0.2693080918442921
robot3,1574,1722894996631866757,153.3388741756996,-55.744678861507296,-40.91424274153775,0.01177805116904529,0.01327499172747398,0.9635549830213159,-0.26692104975083275
robot3,1575,1722894997126900113,153.13709167411758,-55.447701525673665,-41.666083978081005,0.009288338167496737,0.01255403225187827,0.9643542676890074,-0.264153306695758
robot3,1576,1722894997627636195,153.21134880586783,-55.26779102822157,-42.436866710357684,0.014375147442689737,0.014373701577747424,0.9648179405386222,-0.2621318245726114
robot3,1577,1722894998128686645,153.27321875390066,-55.15061337606762,-43.18102426658977,0.017003188520292693,0.014889815914413653,0.9654780226034997,-0.2595021634434182
robot3,1578,1722894998631657973,153.2409941234756,-55.02236679228982,-43.785878391171536,0.013549560124511743,0.014800306846155182,0.965981364542978,-0.2578320455129232
robot3,1579,1722894999128533300,153.1750981931747,-54.911737919679595,-44.38634618139795,0.01178371215096101,0.016812145673930013,0.9664062613833588,-0.25619803637971345
robot3,1580,1722894999629102049,153.1106407295287,-54.782170003997976,-45.03878245362446,-0.0009602487291286153,0.013422866704290463,0.9669848305073876,-0.25447837263786455
robot3,1581,1722895000131805891,152.89128916183697,-54.58398359268681,-45.62287118261514,0.005821435540139646,0.009964631497839894,0.9677947414572371,-0.2514759539500425
robot3,1582,1722895000630349144,152.71266652816192,-54.406101288636805,-46.177723648349655,0.005551493877013641,0.009705187388790537,0.9655904764799669,-0.2598269077379642
robot3,1583,1722895001125835335,152.59989462217885,-54.2070999563055,-46.815830777664,0.0060833727775664375,0.01081145337563049,0.964271044228733,-0.2646270173538308
robot3,1584,1722895001628808631,152.39973792424306,-53.916849580096454,-47.52060671873867,0.006831678024662674,0.011030431916467782,0.9647602536339388,-0.2628104083846026
robot3,1585,1722895002126937279,152.30162809333007,-53.70775637728408,-48.21319662198443,0.010233747310715014,0.013131710046059692,0.9650125838293091,-0.26167449562066103
robot3,1586,1722895002629839466,152.36701182790563,-53.567933617908956,-48.964229523523095,0.008200989522851839,0.012897856416765502,0.9652068938491567,-0.26104030557896873
robot3,1587,1722895003132622911,152.4070812497236,-53.42492264121049,-49.717163319762065,0.0069837132144155364,0.014698236827930032,0.9653473317049333,-0.2604605896370015
robot3,1588,1722895003630869946,152.19980196638642,-53.16664419259459,-50.32337770647055,0.008007186219304872,0.015767014682402936,0.9654036519865787,-0.2601597104623066
robot3,1589,1722895004125414717,152.0480429529811,-52.91586102094272,-50.97886696056554,0.002078832510130907,0.016298987640608522,0.9655514485218671,-0.2596929373598948
robot3,1590,1722895004628408169,151.9775468830699,-52.652586571617576,-51.69594910719349,0.0042591329280696165,0.016294467316713416,0.9661793420317115,-0.2573204794662378
robot3,1591,1722895005132422402,151.8733420434132,-52.403971231835044,-52.323783748852925,0.0044290623681039545,0.01753585144705311,0.9676631543625044,-0.2515966951487529
robot3,1592,1722895005627062035,152.00937788039911,-52.34303076735059,-53.02063646423305,0.007567006940502202,0.017924670411068825,0.9703866405859953,-0.24077212124505462
robot3,1593,1722895006129256597,152.02517690169134,-52.23283518640831,-53.68513447625505,0.007717767444164228,0.016513472493444904,0.9740986701987661,-0.22538749301787295
robot3,1594,1722895006630977134,151.91359810793563,-52.0574213921388,-54.15831068026426,0.005795055373266747,0.016407601464755405,0.9772189968797891,-0.2115188882455969
robot3,1595,1722895007127824333,151.8230655898898,-51.925973925610094,-54.69534645800458,0.000808588156296498,0.013739938728594879,0.9789350018142953,-0.2037076888381333
robot3,1596,1722895007632153930,151.70501551456388,-51.79632702565036,-55.174096999588386,0.0026693754944650417,0.013579050346359242,0.9805321957114974,-0.1958701023621275
robot3,1597,1722895008127999053,151.55458397505225,-51.666184607513564,-55.62063959495307,0.005902639610156835,0.01296636322794082,0.9788567955482667,-0.20405000877052812
robot3,1598,1722895008628858497,151.43211143441596,-51.593975705561974,-56.15059145309935,0.007231831280451608,0.011551387907371684,0.978309384806761,-0.20670029911144625
robot3,1599,1722895009128734277,151.26694868538763,-51.48308481875344,-56.588915973517494,0.007274834698860129,0.009029127947007068,0.9768291125732416,-0.21370642586968294
robot3,1600,1722895009628015938,151.11883949381297,-51.32927552347554,-56.94013920453625,0.0032018588407370045,0.009269199516637083,0.9762632310079573,-0.21636527868904606
robot3,1601,1722895010129166517,150.9013675762328,-51.14539838810551,-57.29621217254236,0.004268103443580038,0.009370352101450439,0.9758583551413634,-0.21816152386542068
robot3,1602,1722895010629233414,150.75625538184724,-50.97480131750445,-57.65838108144357,0.0046834848826825095,0.009868290482937764,0.9754711182887712,-0.219856269405155
robot3,1603,1722895011128053365,150.5725733419497,-50.72004254261382,-58.12884568396277,0.004428869311683816,0.009773885602085758,0.9751184947356887,-0.22142442842031215
robot3,1604,1722895011626204579,150.25004244474033,-50.447179441514166,-58.52956858305521,0.007190969210887882,0.01014841120151846,0.9748159618574436,-0.22266373799934328
robot3,1605,1722895012128426993,150.070942872193,-50.223219549844096,-59.017332309215696,0.0075440026777082985,0.009388189147514187,0.9740669408158729,-0.2259392501043943
robot3,1606,1722895012631445540,149.91154063924822,-49.95837316846425,-59.58293918313134,0.006930994933599192,0.006149694472222603,0.9735473342945413,-0.22829746046577334
robot3,1607,1722895013126838711,149.80698208601663,-49.6543600316336,-60.163725450096145,0.007331958390205256,0.0038971518730313436,0.9729864660425631,-0.2307127900473813
robot3,1608,1722895013626681121,149.78904840015963,-49.424309396916584,-60.80748768785372,0.008377583421756544,0.0025598537469527518,0.9720623479946553,-0.2345592779148232
robot3,1609,1722895014130441683,149.69289660480615,-49.16130917076116,-61.42527348373994,0.009652583446685847,0.00038712376405191187,0.9775049789379421,-0.2106909915481189
robot3,1610,1722895014628445542,149.54978538246186,-48.936006700778435,-61.9014535095148,0.008252702115031227,0.0012063250208323398,0.9821208086388827,-0.1880668895001237
robot3,1611,1722895015130310845,149.44067131955097,-48.76797700845738,-62.27147045720418,0.009836167468545844,0.0015292309515424658,0.9947240526413926,-0.10210274413017267
robot3,1612,1722895015627298337,149.17712541137544,-48.55948588773216,-62.66144275519158,0.006300462214400099,0.0022889254628016857,0.9959923929542294,-0.0891864237057327
robot3,1613,1722895016129607849,148.82822345342905,-48.3114291630021,-62.95875304221424,0.007842710094722892,0.0032137624543704703,0.9997675100325691,-0.019826485128071312
robot3,1614,1722895016634934593,148.524743282365,-48.01566504726792,-63.4248985100302,0.00470724560074212,0.003480261263118597,0.9984893092868043,-0.054633587291657584
robot3,1615,1722895017127122628,148.2438929658697,-47.72996702707499,-64.03763729855395,0.006307731784608837,-9.465981732668585e-05,0.9981314250890853,-0.06077714873934212
robot3,1616,1722895017627243663,147.7704295531197,-47.373010136278545,-64.6660798769168,0.005746798600296071,-0.0012917599190404162,0.9956312718190458,-0.09318624489777799
robot3,1617,1722895018131108101,147.33253854952807,-47.013061501495265,-65.33510684145323,0.0017107636501210097,-0.0011377977492472875,0.9953939264998672,-0.09584732542534605
robot3,1618,1722895018627298773,147.02288198443307,-46.71220675268432,-66.05779961417949,0.004630690049825116,0.001782441787813988,0.9935078012862283,-0.11365574510045674
robot3,1619,1722895019129754508,146.72478630070498,-46.43246344901061,-66.65065502780313,0.0026665932140302762,0.0024745420739430107,0.9914969776756809,-0.1300788575524302
robot3,1620,1722895019629094546,146.5677463448602,-46.229322469680234,-67.25108783116546,0.005338307884513045,0.0029953252337020495,0.990289977844083,-0.13888228928571122
robot3,1621,1722895020128480467,146.22885312867928,-45.9239227462992,-67.7255658780369,0.0030999570299558334,0.0035741687824041466,0.9893697992141908,-0.1453444735337369
robot3,1622,1722895020629569188,145.90279453129932,-45.645395420959176,-68.20507104932591,0.00032694418941766197,0.0026394355770219236,0.9865612643400563,-0.16337012637285098
robot3,1623,1722895021126553075,145.63282826045796,-45.379994682283765,-68.68352875555424,0.0022039415419323055,0.0037233335473021174,0.9849868834572388,-0.17257496587330157
robot3,1624,1722895021631120277,145.2606987711826,-45.04394444010843,-69.09401585856244,0.0031678624696561903,0.005305667801233764,0.9832305440229866,-0.1822622062766119
robot3,1625,1722895022127641677,145.15491865447845,-44.828938728957866,-69.62999391886197,0.004156182975930894,0.005416194851234844,0.9796889293454398,-0.2004070674761498
robot3,1626,1722895022628569843,145.04097279173712,-44.546908092252494,-70.17793371934248,0.004255716369256591,0.003978113041630244,0.9780917916668794,-0.20809255289098202
robot3,1627,1722895023128935839,144.79252492689074,-44.24354384840208,-70.58737480914064,0.0025398154593739967,0.005215550439460884,0.9752375374316153,-0.2210839047858628
robot3,1628,1722895023625500407,144.50611559836923,-43.922748174305326,-70.92523408933997,0.0015301715740659169,0.005343901138674744,0.972814478312717,-0.23151909657894393
robot3,1629,1722895024129139059,144.29405244676656,-43.618972706164676,-71.4457684308559,-0.00013118070954358724,0.008258007995903812,0.9706328464355433,-0.24042392875085491
robot3,1630,1722895024627421885,144.23383864953507,-43.458707428721006,-71.92965268321946,-0.003098649810173198,0.00778165054482012,0.968216181650591,-0.24997453845162337
robot3,1631,1722895025131437021,144.37111096039928,-43.37590756946569,-72.46608406481637,-0.005505285339049592,0.008828230655835524,0.9586346361544532,-0.2844492723524565
robot3,1632,1722895025630187635,144.55359688766893,-43.37573060003351,-72.88939221975242,-0.006931437878630435,0.009271537899069617,0.947242243170745,-0.3203094230689693
robot3,1633,1722895026128461218,144.62332860749746,-43.308316736038904,-73.23613530913948,-0.007614743268918077,0.010062707923949194,0.9284247031768605,-0.37130624573947574
robot3,1634,1722895026629989639,144.46932913557148,-43.10014557945775,-73.68662210619951,-0.00976476364187428,0.011364095662162592,0.8657733550210177,-0.5002119595296082
robot3,1635,1722895027127099862,144.39302946670512,-43.02505627546475,-73.8454713621895,-0.01057042831271513,0.01440120358620527,0.8118438562808911,-0.583601254624702
robot3,1636,1722895027630680894,144.26299858690868,-42.92647502665003,-73.72214544698934,-0.009287176092566709,0.014876416146457766,0.8548447000264298,-0.5185874848466615
robot3,1637,1722895028132635880,143.97417369972743,-42.76207210928496,-73.53534778259515,-0.014445573810084718,0.011822702173669318,0.9230920228861494,-0.38412584707953035
robot3,1638,1722895028629887558,143.82348885488338,-42.583955234483994,-73.62597918938125,-0.02543110184006591,0.012870117531518182,0.9375534066787795,-0.3466716440076116
robot3,1639,1722895029130698923,143.71931785477608,-42.469825760021905,-73.68819169184809,-0.028362921545611264,0.011577592965676986,0.9698327750562948,-0.24183856691835742
robot3,1640,1722895029629667425,143.76222572110052,-42.451587134695544,-73.85887994925223,-0.029829819011412597,0.007780977116891166,0.9840601676970835,-0.17514344019928574
robot3,1641,1722895030129214289,143.5909486778137,-42.28845102981456,-73.83153792357923,-0.03449813612519245,-0.0013034885770676458,0.9979504643276973,-0.05387996166990698
robot3,1642,1722895030630401144,143.35069176264105,-42.129225819279064,-73.73847217483643,-0.036967035155826417,-0.008090552811851138,0.9979670682533425,0.051280717124618125
robot3,1643,1722895031128750922,143.0109896470554,-41.878737216974365,-73.72898994636805,-0.032630383988362606,-0.0033992214623088874,0.9983295228647897,0.047559090727049357
robot3,1644,1722895031630795358,142.69426382773747,-41.650186236266016,-73.7732852727015,-0.021740969837399454,0.00048528529591155536,0.9964378588410683,0.08147814551729986
robot3,1645,1722895032130541635,142.31468185762415,-41.361788136252024,-73.91552360099341,-0.017851987995386995,0.007700132232675541,0.9975986032220571,0.06647587034114377
robot3,1646,1722895032629751298,141.95904489160938,-41.113076252229156,-73.96817036517177,-0.0238348673094441,0.009769437424019103,0.9977898526469727,0.0612524868678154
robot3,1647,1722895033130896645,141.63371786457037,-40.827413588013215,-74.0350295693041,-0.027589915829191743,0.013355616459798469,0.997773360173088,0.059234667066018334
robot3,1648,1722895033629013465,141.44104230158345,-40.64951836197426,-74.07466589933557,-0.02615110896296847,0.017898175481612197,0.9976884678740658,0.06011236050543393
robot3,1649,1722895034125738725,141.15844422540033,-40.46941784966847,-73.99968846341696,-0.01524987865475765,0.01703118648988835,0.9978758903282289,0.061000716302403224
robot3,1650,1722895034629316207,140.71452222057712,-40.24003453211611,-73.87299124208414,0.0309863675680238,0.0008233044206809606,0.9972928555754361,0.06667928773586679
robot3,1651,1722895035129920292,140.38201857332928,-39.985132938477555,-73.8650461807431,0.053676861047315956,-0.009551727644155341,0.9962691858914726,0.06689744636577258
robot3,1652,1722895035630678025,139.81187816717542,-39.67685441427157,-73.7074245534121,0.03133679527757226,0.001028739528487943,0.996916125320072,0.0719387658604772
robot3,1653,1722895036129978042,139.2680322773079,-39.36884144050756,-73.64534279080361,0.027630114989717063,0.004092379567520502,0.9983633865252087,0.0499036834416761
robot3,1654,1722895036629622233,138.70385264531345,-39.05102791732963,-73.73781285481427,0.02688591718552172,0.0014747558626097682,0.99893611127064,0.03743819108518271
robot3,1655,1722895037132840787,138.33380888528987,-38.82798254253083,-73.90018833458356,0.032968341607447625,0.0020470398795536127,0.9989829462922364,0.030691547642124953
robot3,1656,1722895037630809697,138.06712873158477,-38.64004230197111,-73.98585979766271,0.03050940617912228,0.004589569556721951,0.9991856158505558,0.02600417395778775
robot3,1657,1722895038128437531,137.81712689742764,-38.57449331130538,-74.0157952383691,0.023249844634194803,0.006927103556841435,0.9996022744862274,0.014378901305719304
robot3,1658,1722895038627058229,137.68706138449565,-38.56104280822907,-74.00623128231491,0.01907113925103524,0.008339544561461808,0.9997823046249324,0.0014446463351787014
robot3,1659,1722895039130474633,137.7014319757569,-38.62393547504684,-74.00379152410389,0.018747149602010234,0.009072227815488755,0.9995480647081365,-0.021677301549839656
robot3,1660,1722895039629427999,137.683086384889,-38.68454384610684,-73.93435521067167,0.018348864020906533,0.0096047123054395,0.9986626577094243,-0.047370505458791325
robot3,1661,1722895040128433106,137.44769599499895,-38.62451783714369,-73.83779717280754,0.005818589497113384,0.010904255447262918,0.9948431120624571,-0.1006698743979069
robot3,1662,1722895040631144295,137.19116493127316,-38.49667701210835,-73.89421067221315,-0.0012089128891932916,0.012067459764855456,0.9861515711139193,-0.1654025203375047
robot3,1663,1722895041126649721,136.98781541331547,-38.34237624610241,-74.0235365993692,-0.0015552068114208758,0.013571171179924285,0.978011435804943,-0.20810342639979046
robot3,1664,1722895041631515185,136.50632115963984,-38.0270065973954,-74.0775396926477,-0.006954362203872095,0.014683881994757213,0.9762579230297134,-0.2160011300378117
robot3,1665,1722895042128574529,135.82490855418175,-37.560938313929206,-74.17382414416872,-0.01549930750696545,0.013461896680351996,0.9751735203644386,-0.22048844410671456
robot3,1666,1722895042627858843,135.22377805498675,-37.15660535433574,-74.26223819288141,-0.014990018735468598,0.009039413576063868,0.9828955756595181,-0.1833299639705836
robot3,1667,1722895043129155704,134.59423018036134,-36.797082176170356,-74.19341804630183,0.010904440199357704,0.007150409368804907,0.9925057515540777,-0.12150019737380056
robot3,1668,1722895043630211068,134.0013233753166,-36.460289906834,-74.16661814793376,0.018363076290409144,-0.004063881171115502,0.9938852243277567,-0.10880461002156322
robot3,1669,1722895044130897632,133.36542548815615,-36.091848154301836,-74.13424514581047,0.018625244658201433,-9.098508648624824e-05,0.995619641279564,-0.09162216915947978
robot3,1670,1722895044629529655,132.75960804917335,-35.670603326908214,-74.10596356871136,-0.003685302825082765,0.0006675077263388062,0.9970217877767144,-0.0770293948765477
robot3,1671,1722895045130491084,132.23187980262955,-35.29493248706074,-74.0757380070099,-0.013079308805224002,-0.0006850924465116636,0.9980551157674968,-0.0609462732236015
robot3,1672,1722895045630601658,131.6181240460498,-34.88435197356035,-74.00931964102158,-0.012909147479928025,0.00019915061171642287,0.9987794676438584,-0.04767482840478855
robot3,1673,1722895046128648002,131.04390217995558,-34.56269834915864,-73.80118356900056,-0.010920765978199527,0.00042546029304721384,0.9999351513506595,-0.0032013977138402347
robot3,1674,1722895046630940402,130.56270178878856,-34.17671600712135,-73.64283154710576,-0.012479763503376295,0.0036628350697927373,0.9997758865335837,0.016703767483356304
robot3,1675,1722895047129306182,130.1143257708163,-33.943733594056845,-73.54908213087283,-0.017128441736273103,0.007149708945425167,0.9998069386304599,-0.0064485356532159865
robot3,1676,1722895047628986848,129.8160381445111,-33.815734673212155,-73.60433073149076,0.003136625982910659,0.014934995754081075,0.9995169105945598,-0.02707494994963979
robot3,1677,1722895048132059246,129.59069894531441,-33.67758753916609,-73.69230294132366,0.01771779789818906,-0.00396623834211572,0.9991514356741594,-0.03696967921579144
robot3,1678,1722895048631934468,129.55774307308607,-33.69849028748638,-73.67578063661608,0.018441522565817905,-0.004196124838269762,0.9979921269372769,-0.06044846857453349
robot3,1679,1722895049130070855,129.29182630166846,-33.64582604068675,-73.67606861523824,0.013699851000270961,0.005437296638619158,0.9921145901141055,-0.12446441246619319
robot3,1680,1722895049630673739,128.91652307723882,-33.49917388612036,-73.68132591228654,0.012527402116730424,0.005036558316967342,0.9794660462172453,-0.2011565598832975
robot3,1681,1722895050135917054,128.3806856684729,-33.244168991664694,-73.81474576441423,-0.005811668338054374,-0.004680846654998548,0.9701193251084177,-0.24251352382271218
robot3,1682,1722895050628709994,127.6263858938113,-32.9436244729685,-74.05388233866773,0.027634629728296466,-0.00931902321505251,0.9700815902405608,-0.24102114289506182
robot3,1683,1722895051131815428,126.7366608791723,-32.52625385793185,-74.0376981003331,0.016267190936570173,-0.014756147967396376,0.9910979348267717,-0.13131076946810435
robot3,1684,1722895051629305756,125.96746184846161,-32.20466329426694,-73.64439141078229,0.012061118848805211,-0.012156408880999219,0.9998517649600162,-0.001788642382825815
robot3,1685,1722895052127621109,125.31735447039732,-31.994743448301346,-73.38045389021492,0.011168713694936007,-0.01260629633784131,0.9997324237677995,0.01585629195001353
robot3,1686,1722895052630770647,124.56136910139263,-31.6286981998111,-73.14392061561935,-0.0023222136857854415,-0.020980002178644593,0.9991140456465987,0.03640838672432286
robot3,1687,1722895053131220053,124.09247463401198,-31.354312860583388,-72.89740422453119,0.0008074753617684966,-0.026370572056934372,0.9945246692825498,0.10111687841980305
robot3,1688,1722895053632976678,123.73570995795691,-31.284258249670952,-72.65595452749452,0.008632115174912372,-0.026921122030822,0.9854193326872044,0.16777806335308945
robot3,1689,1722895054128014806,123.21552262272148,-31.08929526375152,-72.3800362817113,-0.007849613069932742,-0.019205532660734565,0.9816778239009377,0.18941536672347709
robot3,1690,1722895054627999602,122.82490150925787,-30.844542869777914,-72.26177520456287,0.001730220087295272,-0.006995438510534081,0.980615461538544,0.19580956761620064
robot3,1691,1722895055129890814,122.46770828864139,-30.750654741028665,-72.04192250007665,0.0063114102718296134,-0.00705612254642971,0.9770028153714989,0.21301614021279053
robot3,1692,1722895055629646052,122.10611625439807,-30.54280836982258,-71.46279686201649,0.007627551202881692,-0.006973754692899985,0.975302099123878,0.22063318574658716
robot3,1693,1722895056128398508,121.44839148946298,-30.225481730976988,-71.04364102579835,0.013748266866140354,-0.004340350677703582,0.9874497052558066,0.15727436569381797
robot3,1694,1722895056632560972,120.7135585354155,-29.67594619647096,-70.83176662740287,0.003120953758562575,-0.005489134700621056,0.999132324230135,0.041167070898521826
robot3,1695,1722895057129221879,119.84228758090886,-29.172812354846588,-70.4558165989893,0.013866260807282465,-0.011774679200829776,0.9989597180833528,0.04181585091529438
robot3,1696,1722895057627938550,119.09135810803951,-28.80382105148337,-70.13292810365787,0.01875193790154331,-0.009351083906949893,0.998542028686306,0.0497467486549454
robot3,1697,1722895058131305100,118.51530536087421,-28.42171267820833,-70.01526213366974,0.0061639069843284575,-0.007242279550564242,0.9984402746342432,0.05501430382997735
robot3,1698,1722895058631804261,118.19352576650445,-28.120927541524644,-70.18167918267942,0.01514893457833246,-0.02270862928973214,0.9969323274859209,0.0733536798697074
robot3,1699,1722895059130812143,117.67583977324537,-27.94332904305108,-69.95466872894731,0.010510268629172552,-0.0271023974358188,0.9991522627301049,0.029150474916970804
robot3,1700,1722895059629730673,116.8621383440189,-27.641075561935832,-69.68258231282867,0.013274851030488654,-0.031097128265530245,0.9984192440507248,0.044897216538830595
robot3,1701,1722895060130002137,116.00217961450842,-27.32665534559094,-69.32592365037551,0.016857453795635177,-0.03440440542361463,0.9981568337792324,0.0470648310184298
robot3,1702,1722895060637255464,115.19970483387286,-26.961427546005318,-69.14069239301232,0.008267079692443315,-0.03215091813873274,0.9992085687986332,0.02191369196603915
robot3,1703,1722895061130395161,114.47996576554483,-26.59986231517652,-68.95268454308591,0.007005298511072767,-0.03408240090254411,0.998962159260457,0.02939251787741865
robot3,1704,1722895061627024857,113.67141861658521,-26.268750683134122,-68.73761141433316,0.008475047185262537,-0.03282452811288742,0.9986748641320435,0.03872001653174002
robot3,1705,1722895062132523769,112.86981826381216,-25.8680980269026,-68.56088125956848,0.008669480566158797,-0.03274612773459001,0.998099641787185,0.05147461791403475
robot3,1706,1722895062634984759,112.14302549308805,-25.52816258337521,-68.506406155567,0.010957554300740259,-0.030640857356593373,0.9979413827680476,0.055263608488738236
robot3,1707,1722895063130824424,111.36459286057926,-25.17802466997443,-68.2933324674582,0.010013453911890367,-0.029079222538754078,0.9976280990597942,0.06158169796000568
robot3,1708,1722895063629431836,110.40991373785094,-24.76934171402096,-67.94360653479056,0.018065935383415808,-0.03316953737946853,0.9966854446978058,0.0720522594808203
robot3,1709,1722895064128705314,109.6556189146398,-24.385813852036545,-67.82344078482933,0.01171406599743801,-0.03574251293415923,0.9967461429104184,0.07129081301376004
robot3,1710,1722895064632419304,108.80025875608092,-23.966322778540484,-67.6767524415639,0.00991836207296443,-0.03407187045650451,0.9970543743595464,0.06799491383830382
robot3,1711,1722895065129373765,107.87925301517394,-23.82129445186264,-67.5201588037089,0.011340955026295675,-0.0351417402235272,0.9982608395179605,0.04595364096619738
robot3,1712,1722895065632608301,107.28088800167565,-23.5634161837357,-67.45204371353962,0.0076272239591269695,-0.03525662168964834,0.9985123268693852,0.040889230508735025
robot3,1713,1722895066133894652,106.48849469475495,-23.1826862734538,-67.2906880894116,0.009710565583945651,-0.033211601840209534,0.9978760154667675,0.05519195752475805
robot3,1714,1722895066629746709,105.63186735909423,-22.814975982266514,-66.98295243027341,0.010868403136617152,-0.033087418731598185,0.9976890163553792,0.05834147048863076
robot3,1715,1722895067131219781,104.63337846640813,-22.481851970022912,-66.76098169271586,0.006245991740865755,-0.033133021162890845,0.9982656398457436,0.048258706977712854
robot3,1716,1722895067632860834,103.80816964883854,-22.034878536673236,-66.67006174889141,0.004821577375292556,-0.03446166260341534,0.9985291264749004,0.041577996386247804
robot3,1717,1722895068131876481,103.0082231108405,-21.593425439022745,-66.50389429467847,0.005095100691000443,-0.03604655892177975,0.9990205076937075,0.025153742191849682
robot3,1718,1722895068632377984,102.28815804984404,-21.196515452247606,-66.35261563901673,0.008002403687743355,-0.03379101883573054,0.9989342350649063,0.030405963174222367
robot3,1719,1722895069128729174,101.5838047460383,-20.806888413873683,-66.15939491946222,0.006812814814086745,-0.028859219693699117,0.9986072994260117,0.04363705450723618
robot3,1720,1722895069631042192,100.89180053618803,-20.435157491451516,-66.03164778732848,0.005054672102632643,-0.027102252275652106,0.998141776743901,0.05434070049281664
robot3,1721,1722895070132656691,100.29172753549834,-20.117491618963086,-65.87655307292889,0.007126319676446541,-0.026816333180017523,0.9979277954488962,0.05805355211486449
robot3,1722,1722895070630210256,99.76853562221591,-19.834402902638786,-65.87554627574072,0.006534096964953748,-0.02782700260729663,0.9974000464994685,0.066152178691289
robot3,1723,1722895071132712502,99.23343687624701,-19.544722550157438,-65.79528457263369,0.0007386229136525954,-0.030643305382739565,0.9961480874585291,0.0821549153984485
robot3,1724,1722895071628341817,98.66595887029736,-19.316666314724262,-65.68582352984843,-0.0024105626744889055,-0.02534696220215652,0.997312526507076,0.06869821807578141
robot3,1725,1722895072130064111,98.10622037019785,-19.04155874171207,-65.7220572414947,-0.001282557928010741,-0.023437749975335983,0.998351372122442,0.0523790483160252
robot3,1726,1722895072628765169,97.47470403174141,-18.826080946386767,-65.6322341229849,0.002742362527302123,-0.020711568371884922,0.9994253418793584,0.026692628058568243
robot3,1727,1722895073132720191,96.68584898406833,-18.520902819421124,-65.46643633694221,0.0018275398322977416,-0.021528009019183374,0.9997259445616684,0.009013362086997687
robot3,1728,1722895073629648572,95.85533161393963,-18.097852155671713,-65.41640286302497,0.005313970896101796,-0.024235677456683733,0.9994531215950988,-0.021859812106774797
robot3,1729,1722895074131245105,95.14683654232527,-17.671084369265454,-65.59003458925943,0.007059451639444784,-0.024619297337374446,0.9958673428657113,-0.08713374636013337
robot3,1730,1722895074635935692,94.43759951128757,-17.167355431153293,-65.8910090102949,0.0030032663773292717,-0.02868949647960983,0.9900399059725878,-0.13780013702679178
robot3,1731,1722895075134450337,93.6966950633907,-16.654740808355104,-66.06969957676168,-0.007441457936722318,-0.029724306063480876,0.9875883196137056,-0.15404675035649934
robot3,1732,1722895075637699188,93.14678708422953,-16.341441103598143,-66.23244737047385,-0.0015099093198900134,-0.02729718119814031,0.9959861997200465,-0.08522953736646176
robot3,1733,1722895076132322656,92.70613297805681,-16.027066635538116,-66.23216612499465,-0.002324291157874222,-0.02374232384906216,0.9989744672867934,-0.038482638136267594
robot3,1734,1722895076631017302,92.03123266808502,-15.602351468406592,-66.13131119035204,-0.00959429009653458,-0.01802808880555886,0.9997669659475998,-0.0069965285315773595
robot3,1735,1722895077134095087,91.47373008075424,-15.272032602211427,-66.10476271884896,-0.004174262900609355,-0.01586149601199283,0.9998256888922465,0.008920779374182466
robot3,1736,1722895077630044150,90.80227706696391,-14.853420302301954,-66.07673921975432,-0.005376112227872637,-0.014930252566116879,0.9998643023528343,-0.004422878712480413
robot3,1737,1722895078131972021,90.13668540621318,-14.461356316437222,-66.05575839047431,-0.004093209667666893,-0.01572839976995424,0.9998674384647972,-0.0009841611341201582
robot3,1738,1722895078637227829,89.53298642079133,-14.16062362228418,-65.96795830367353,-0.01463815225214975,-0.01632021429663209,0.9995498180291749,0.020482587282818807
robot3,1739,1722895079133617940,89.03544729334392,-13.819313704640694,-65.84342730505766,-0.01466374794247745,-0.018536713599675306,0.9990303645233456,0.037144252658441484
robot3,1740,1722895079633745512,88.59281621233617,-13.644630995499487,-65.8080602180057,-0.014028246751073163,-0.01812395155788344,0.9987086414658907,0.045340711665937714
robot3,1741,1722895080132057711,88.11912107246555,-13.410051758647999,-65.71465934792704,-0.01291533040782541,-0.02023118387037641,0.9982965974189499,0.053177034718070504
robot3,1742,1722895080632346377,87.62224997858272,-13.104681143291447,-65.49333786219806,-0.009529626076009969,-0.02427695186143498,0.9976768716752614,0.06293389833335442
robot3,1743,1722895081131542782,87.09426917345272,-12.806552715103443,-65.29315675105757,-0.014416757368283519,-0.03025257662457095,0.9964004704545358,0.07786553276346525
robot3,1744,1722895081629731719,86.53085533500963,-12.516904337919517,-65.12821000115014,-0.019747241498393762,-0.03379952479414506,0.9973181111749838,0.0618403080462635
robot3,1745,1722895082132548943,85.95111864155447,-12.171701730512304,-65.06051551217963,-0.018265818975989122,-0.032955441446926734,0.9978071816003661,0.05441623914704522
robot3,1746,1722895082631458859,85.3766456324213,-11.838348428061927,-64.83618177657652,-0.016736205784835017,-0.030752998146642844,0.9975416525188905,0.06070258652480344
robot3,1747,1722895083127805631,84.83147566254044,-11.559764752796665,-64.81634419360167,-0.0070413514477637015,-0.031509614859669494,0.9979427801582147,0.05538746312368417
robot3,1748,1722895083636602237,84.27880653675979,-11.299250736598655,-64.64166274205111,-0.009896204546467665,-0.029398821158380238,0.9957722011855721,0.08646096111027526
robot3,1749,1722895084132484265,83.74942572618693,-11.008430749690275,-64.48295849318853,-0.015713393426532204,-0.02943473256292689,0.9933674001075145,0.11003587682937475
robot3,1750,1722895084632527414,83.23585628934201,-10.69501599040124,-64.29733906793723,-0.01768250834325912,-0.030065774991211068,0.9907160469559417,0.1313966985006115
robot3,1751,1722895085132360708,82.92394724057463,-10.46415141283773,-64.31226214555117,-0.02094970560534639,-0.027219474683440666,0.9892571095324467,0.14209356520446473
robot3,1752,1722895085629289102,82.58687949171805,-10.26425166406405,-64.28999555319922,-0.025583556029839867,-0.01987026230337898,0.9893699166393064,0.14176678872710166
robot3,1753,1722895086131729651,82.26848799037151,-10.137932607704112,-64.26596519587585,-0.01638956890029815,-0.019472531141527284,0.9933111719457154,0.11262823025349443
robot3,1754,1722895086628356935,81.81301397965451,-9.913553031556201,-63.990608730142135,-0.01530607225199034,-0.021357704106290912,0.9958039728293516,0.08765854393500246
robot3,1755,1722895087127192050,81.37889129550945,-9.73132297043361,-63.72813141692683,-0.0212518048842427,-0.022763415454341473,0.9951345760639222,0.09347386387698424
robot3,1756,1722895087628404317,80.93702021262963,-9.456185227145482,-63.66658003773886,-0.014513440123136715,-0.027698955825534888,0.9973870053968399,0.0651251822837461
robot3,1757,1722895088130005712,80.47338306757504,-9.230965389916001,-63.548264830243134,-0.011716071629570602,-0.030454093041805,0.9971617391940517,0.06785092313348366
robot3,1758,1722895088627209436,79.95033769953577,-9.010866769984741,-63.29195236986923,-0.010345611883607322,-0.03436513547907473,0.9945831274048862,0.09755208075574107
robot3,1759,1722895089131578811,79.35824196254563,-8.721945454091182,-62.98488160521435,-0.019300935776662337,-0.029966952389196014,0.9927929280525072,0.11441878190043037
robot3,1760,1722895089629635986,78.79176594763061,-8.41145966612903,-62.80891004467025,-0.027401818195536824,-0.02424477807495804,0.9932026573026347,0.11049802089929005
robot3,1761,1722895090152359296,78.29647932395741,-8.132428032254495,-62.62361427089045,-0.025516042714055324,-0.02331272660338683,0.9904491766354105,0.13347612837046047
robot3,1762,1722895090630963227,77.87750163049263,-7.93436703381464,-62.4241685070298,-0.021889819019487663,-0.01993305844881704,0.9845939962708294,0.17233157433160087
robot3,1763,1722895091130343211,77.54329840807536,-7.80128746938193,-62.11018139752346,-0.003449975778183167,-0.025608578501715825,0.9646393068881906,0.26230384286266684
robot3,1764,1722895091632709982,77.31356839126327,-7.765028588088085,-61.80060648768872,0.002268838076553379,-0.025350613081541736,0.9246952354467064,0.3798564470064087
robot3,1765,1722895092131905090,77.26800761838743,-7.746939352294709,-61.68325378802061,0.004640984035708337,-0.029008407004004422,0.8697320153714381,0.4926491601821796
robot3,1766,1722895092630916827,77.29701246797157,-7.797757857127754,-61.410678412849094,0.013295436221767883,-0.032040103747656395,0.7890358983381115,0.6133669491106295
robot3,1767,1722895093130120966,77.27778952322792,-7.994879642091028,-61.061629633051055,0.02245857045169439,-0.0335584320091892,0.7548917750609829,0.6546051116510085
robot3,1768,1722895093631783482,77.3916356672698,-8.214907466596935,-60.52611156418514,0.013231943358707303,-0.026301566192282765,0.6937769073049002,0.7195879002465461
robot3,1769,1722895094128231953,77.37634091732185,-8.356372346691595,-60.10474810553604,0.01656937926614308,-0.02168032857821863,0.6648524696540422,0.7464761299722824
robot3,1770,1722895094631463517,77.47750132060406,-8.48164642050496,-59.62469879065362,0.021593727317303944,-0.024635559272196468,0.5969409590698447,0.8016160499545065
robot3,1771,1722895095135160928,77.58471221196467,-8.645314648505813,-59.17833838362116,0.02593353219262792,-0.02539166235686015,0.5631680714714214,0.825544934371188
robot3,1772,1722895095632047752,77.63668624295991,-8.81811860007982,-58.76447506496995,0.027593433776285457,-0.02530578403871,0.5160841027339901,0.8557192405292008
robot3,1773,1722895096130775879,77.69178584348984,-8.914543422620582,-58.313845500617,0.026856688843459944,-0.018209820096286813,0.4905281710708003,0.8708210115186485
robot3,1774,1722895096633617113,77.83110390209883,-9.111291077609726,-57.83180644944012,0.03063834107007963,-0.018077758529274,0.48233809649428844,0.8752625019805756
robot3,1775,1722895097130420845,77.93624456032109,-9.258756565756114,-57.367236922810086,0.03168040005215701,-0.01897855335539293,0.5042379603122351,0.8627747366174027
robot3,1776,1722895097636554049,78.05662136715722,-9.52637432065174,-56.85025333771807,0.027952677468566733,-0.017851179805436313,0.5164502137010408,0.8556746811551933
robot3,1777,1722895098132257732,78.09583635455404,-9.70741090044625,-56.38389564326795,0.028668771631189333,-0.0193884266971908,0.542157062827236,0.8395641188556779
robot3,1778,1722895098631975198,78.11314914545152,-9.834023374340108,-55.89968013912859,0.02808712775630431,-0.018482912108723645,0.5724174360868417,0.8192727104439331
robot3,1779,1722895099132001723,78.21264534759366,-10.086700689402349,-55.219327473905494,0.02717215701073003,-0.01622976031802076,0.5957204927743921,0.8025679804552629
robot3,1780,1722895099632618013,78.37344964582,-10.338488957810933,-54.522514454505256,0.02896325409368034,-0.018183240875140474,0.5913088965598917,0.8057197332278171
robot3,1781,1722895100128807609,78.40680275024108,-10.550590082334391,-53.7984957549217,0.02881518818438038,-0.020892570613401225,0.5877435173703403,0.8082640306312062
robot3,1782,1722895100635961875,78.31058887609137,-10.717614052658542,-53.05264734274587,0.028151398264851902,-0.01880792030695236,0.5842435962749387,0.8108718647981241
robot3,1783,1722895101130055313,78.32218506224059,-11.013770129495642,-52.239071335456764,0.030636725940445437,-0.019297749938803923,0.5784136104864473,0.8149396806359239
robot3,1784,1722895101633150910,78.33787046080192,-11.290561667799063,-51.487035153268565,0.029578710011163748,-0.016238330735629664,0.5610735877885857,0.8270778957359699
robot3,1785,1722895102132380061,78.2737594156422,-11.48802464360716,-50.739932819717325,0.029657090610611152,-0.02075032032173085,0.548205948505709,0.8355597639941834
robot3,1786,1722895102629154138,78.28940537041956,-11.72935707825559,-49.97190202937154,0.034929744718505774,-0.02286215514130599,0.5580796639032359,0.8287365827172383
robot3,1787,1722895103132622796,78.28939234464679,-11.968494914308527,-49.143090581454004,0.033766574219316954,-0.026225482122822125,0.5538084909832702,0.8315456679387789
robot3,1788,1722895103632587955,78.35728750051959,-12.29438950945041,-48.25625646873504,0.030615982463897278,-0.02842478174769735,0.5496256727284164,0.8343658150225245
robot3,1789,1722895104129199910,78.41012796479382,-12.64152895768926,-47.4061369394044,0.03192401739255514,-0.029567287631836955,0.5469429080490106,0.8360383292352735
robot3,1790,1722895104635494061,78.30673443186829,-12.880415998532861,-46.58044430486779,0.02740564106610405,-0.02303312812014832,0.5598945263916372,0.8277901456066271
robot3,1791,1722895105132186441,78.24708251291622,-13.1047973365892,-45.77873345779424,0.028816265718098054,-0.025083923095796025,0.557346006491848,0.8294008974433155
robot3,1792,1722895105631088165,78.30631777698373,-13.402861280086338,-44.95315020897232,0.03289610697503087,-0.027609918141638507,0.5543336196509635,0.831185765452441
robot3,1793,1722895106129021200,78.43810048309052,-13.62817529227755,-44.13161566217612,0.026997285126661233,-0.021297863803154477,0.5515630055280517,0.83342414083471
robot3,1794,1722895106631850167,78.44537774579142,-13.864515108114716,-43.30832925155243,0.026714706681126372,-0.027427871097137173,0.5463654517311249,0.8366712792301789
robot3,1795,1722895107131719601,78.44870862443142,-14.106203949141594,-42.52567313326561,0.026846981385534385,-0.027287815675355112,0.5429564074081367,0.8388879271753779
robot3,1796,1722895107632385992,78.47604306310475,-14.403565387621178,-41.75295860186985,0.030180895163204,-0.03337195357354719,0.5461344208062804,0.8364882669185632
robot3,1797,1722895108133216129,78.60984903170117,-14.640812330697148,-40.8570065765074,0.024957293940052687,-0.022149923783310006,0.545553301007965,0.8374115536072428
robot3,1798,1722895108631107907,78.74004787737839,-15.012998306847901,-39.92520795155057,0.027704642353779414,-0.024669725888948547,0.5500264572524626,0.8343229313275036
robot3,1799,1722895109131898827,78.70354940577599,-15.354042553590562,-39.005542692013215,0.029422244189772972,-0.0271290269864486,0.5612647585058149,0.8266681427882745
robot3,1800,1722895109631175994,78.59900142775268,-15.662451339048536,-38.184947675955385,0.029293234026460065,-0.027567617172891214,0.5590000746623731,0.8281913121079822
robot3,1801,1722895110129270682,78.59179401801657,-15.890124423672033,-37.36685186638294,0.02905174296631729,-0.028900291766134786,0.5567251951927704,0.8296853779620459
robot3,1802,1722895110629394346,78.65070038876554,-16.171266699251014,-36.56034489667855,0.03366356440245853,-0.03328227878787983,0.5541985811065883,0.8310372958236301
robot3,1803,1722895111130467902,78.71076960313917,-16.486553241406376,-35.71802701469177,0.028895029596854672,-0.028996301296679374,0.5505791436447899,0.8337786866783529
robot3,1804,1722895111630699586,78.7301811837322,-16.837276365191226,-34.88327879100098,0.029482936776144546,-0.025105313988438915,0.5470326866780195,0.8362151154783222
robot3,1805,1722895112128125915,78.69522710767674,-17.11642268936482,-34.075585334657745,0.029607988102730017,-0.02541913508539135,0.5509913117365195,0.8335981100043885
robot3,1806,1722895112628554448,78.69826849329145,-17.38678802689431,-33.27620188689462,0.03095786714920034,-0.026746251021486315,0.55598252354725,0.8301865344775834
robot3,1807,1722895113130696609,78.74527256712997,-17.733908811521058,-32.29866180405968,0.031549085200290816,-0.035633359502858744,0.5688778722907641,0.8210437779628428
robot3,1808,1722895113627153591,78.79042280531738,-18.059183565314136,-31.409658536185148,0.032179765225440804,-0.03261407425221888,0.5622923774607174,0.825668254882238
robot3,1809,1722895114128556760,78.81425637718371,-18.312576300128445,-30.49204105588656,0.03242980459640925,-0.029504748504031834,0.5481653739240818,0.8352200311416291
robot3,1810,1722895114631016355,78.91849009924152,-18.631239750126046,-29.64076795283275,0.02912495094949331,-0.024071611368281783,0.5340894647365868,0.8445831743621882
robot3,1811,1722895115135513766,78.92197702487167,-18.90215514500229,-28.79580813545033,0.03153277930018969,-0.020280327455095008,0.5327133599657231,0.8454648829265174
robot3,1812,1722895115630685109,78.93465869470808,-19.116000580721003,-27.973841900629893,0.035551276475051775,-0.02320486728802456,0.5346721118232189,0.8439925199393883
robot3,1813,1722895116130440093,78.92205552686075,-19.365976158575826,-27.053795210632387,0.03261450017481851,-0.02335507879666552,0.561113712586917,0.8267661315146352
robot3,1814,1722895116629912224,79.04180300418605,-19.722952149643906,-26.097087912648043,0.03255504232608759,-0.015944957614168268,0.5525383998231663,0.8326987716255404
robot3,1815,1722895117130682996,79.1335658116261,-20.038829613797606,-25.275904432499527,0.039106093596517434,-0.02316653103875218,0.5432700960588064,0.8383266833469553
robot3,1816,1722895117629678165,79.08695577986317,-20.256156142334426,-24.461243068622956,0.04097656639021938,-0.022736516203487954,0.5404147696719471,0.8400927618770518
robot3,1817,1722895118126982662,79.18019371843894,-20.561235665458103,-23.612100050145816,0.03875143877059046,-0.022965952132021114,0.5376934664948096,0.8419362369708729
robot3,1818,1722895118630061320,79.27307942883232,-20.879702809547496,-22.81086243254076,0.04077671765938312,-0.027440493528123396,0.5367030927122386,0.8423384526928461
robot3,1819,1722895119130731858,79.30967869339054,-21.176245362762504,-21.953039591983465,0.038975648935450254,-0.02497920951186327,0.5527010354677149,0.832092845345481
robot3,1820,1722895119628696371,79.38414593639055,-21.435934205790836,-21.105052741753532,0.03633182655930177,-0.022211104875429113,0.5515550239590506,0.8330508512357506
robot3,1821,1722895120127895180,79.47948752334746,-21.73912539228073,-20.244710886626084,0.04013142580703456,-0.03002516809552402,0.5546310870628994,0.8305855255221803
robot3,1822,1722895120633367467,79.43573020045731,-22.048008261831963,-19.410710400076884,0.03484218977421486,-0.03143638041154335,0.5701871252507017,0.8201734072723273
robot3,1823,1722895121130471886,79.2857253305785,-22.25574717534655,-18.69082777524223,0.03200932216331309,-0.0324588071373035,0.5701703162780565,0.8202607143885716
robot3,1824,1722895121630756355,79.3262612574089,-22.52651285476074,-17.931427982757263,0.02855312504029688,-0.03306598404534587,0.562329800235378,0.8257581701180957
robot3,1825,1722895122130502181,79.49889498065906,-22.901170324639505,-17.112016474344298,0.028942505788643873,-0.03234526279030271,0.5358235175583609,0.8432136581941053
robot3,1826,1722895122630450734,79.58943549708329,-23.236033996492495,-16.30020990727052,0.02710167576229293,-0.0271565673711652,0.5307470012282269,0.8466614675930016
robot3,1827,1722895123131471528,79.52352512124527,-23.495349828626146,-15.456516049246341,0.03129308384130584,-0.030428930216147357,0.5374918142748867,0.8421385709591341
robot3,1828,1722895123628736473,79.57048013133559,-23.781539407831577,-14.604178252111181,0.03146865225870183,-0.03129845149132311,0.5357057702799367,0.8432374864461647
robot3,1829,1722895124128651151,79.60541555157486,-24.12174001656344,-13.726160014817337,0.03237208345058309,-0.028586177599345595,0.5338836322830549,0.8444543479925833
robot3,1830,1722895124632899578,79.60493560528958,-24.455509392012498,-12.858116533040603,0.03230961825587507,-0.027983860058712378,0.5402453791142265,0.8404212767952152
robot3,1831,1722895125132502776,79.66207895582387,-24.700823192801366,-11.999190411878368,0.030034746552077538,-0.03331677336864354,0.5393922237541591,0.8408590461934735
robot3,1832,1722895125632588910,79.68955255872088,-24.967303696370493,-11.16527148547433,0.031258172922776696,-0.03319903060503893,0.5449797291101899,0.8372083646568514
robot3,1833,1722895126130489429,79.66534480410347,-25.244539199880165,-10.407784805584159,0.028585630145425343,-0.03110640926255033,0.5439287368715726,0.8380672898146515
robot3,1834,1722895126630556628,79.65292499741267,-25.45727058570545,-9.710178651236893,0.02621353624485097,-0.022096607518999906,0.5417218985260317,0.8398583065678656
robot3,1835,1722895127130059072,79.56481398528683,-25.584326407473043,-9.166552585238232,0.034216734896546426,-0.03369607081190206,0.5387757134701203,0.8410793782037588
robot3,1836,1722895127630419967,79.64601316184772,-25.797341184573227,-8.558622789711066,0.030527875321426826,-0.0275327027596229,0.5371900701119712,0.8424587988027694
robot3,1837,1722895128130976249,79.79076462179337,-26.0730601615255,-8.007809695695626,0.03118960884262672,-0.028640067922575854,0.5375585716705089,0.8421625358760604
robot3,1838,1722895128630587359,79.90106192976752,-26.33359074068658,-7.375572081278781,0.03215994332997224,-0.02727251980786802,0.5383200707645012,0.8416848870690532
robot3,1839,1722895129131454839,79.97229569817422,-26.636469179124035,-6.678504626027925,0.03146636060321717,-0.026041584717043778,0.5455690704524437,0.8370699453340025
robot3,1840,1722895129630089005,79.96213061673016,-26.868389763416793,-5.9188284882175894,0.030716839152124868,-0.029607846880917454,0.5601620688114597,0.8272836924903355
robot3,1841,1722895130139709870,79.86496717731767,-27.060174272215892,-5.190863962566275,0.03171273805474215,-0.030255836850303346,0.5653965840030016,0.823653804325152
robot3,1842,1722895130633128301,79.87030778389123,-27.26429420359164,-4.545392717197708,0.029569975995995982,-0.030093462745256937,0.5607560821239016,0.8269054458525764
robot3,1843,1722895131133377697,79.87681929396886,-27.481699191735323,-3.9984432016844442,0.032720965355775254,-0.03158076624028661,0.5446632958273437,0.8374209740676181
robot3,1844,1722895131630697186,79.85979060774089,-27.646520013875477,-3.435247308442126,0.03385502557658375,-0.030787707788093633,0.5355020443183994,0.8432932555304701
robot3,1845,1722895132130307260,79.95353025343223,-27.905219157775925,-2.8894501180816614,0.03391397297770797,-0.031367526622959684,0.5261987802965143,0.8491058616714914
robot3,1846,1722895132632396299,79.97410589812262,-28.1311146235813,-2.2965077249563346,0.03325635757292741,-0.030793137124370176,0.5264220178648219,0.849014520779327
robot3,1847,1722895133129587578,80.0688538388265,-28.29242418168144,-1.7443104133098968,0.03552926295411021,-0.029648377431578093,0.5255402898694731,0.849509298897618
robot3,1848,1722895133631130888,80.1132753261478,-28.48877454259255,-1.213215196357442,0.0377440351045231,-0.03274916378886326,0.523665806616314,0.8504569378081668
robot3,1849,1722895134133785398,80.16567235841332,-28.7430025339557,-0.6820747250876003,0.034184764556962184,-0.030406974016498552,0.5235384401347524,0.8507727778347255
robot3,1850,1722895134630572543,80.16914526407108,-28.936113851414323,-0.19052059824653367,0.03292174737613959,-0.030417319734992676,0.5261025603051167,0.8492390954555978
robot3,1851,1722895135132325946,80.24564978522493,-29.17339285015722,0.36034502426186243,0.03522427720975255,-0.030105512769548353,0.5289861927888672,0.8473644530157449
robot3,1852,1722895135628481488,80.42470180516226,-29.475594435126382,0.9735832703830563,0.035899975602200804,-0.028578580938321645,0.5270018072662818,0.8486245056568812
robot3,1853,1722895136131285324,80.56868598164733,-29.814380828166268,1.7210606074571357,0.033431591474350535,-0.02624242685158227,0.5359977292733721,0.8431489180080944
robot3,1854,1722895136629797102,80.613471720984,-30.00186651775042,2.452983785529931,0.033711066737978336,-0.026668604271391286,0.5452677884691622,0.8371591177210892
robot3,1855,1722895137132829387,80.53440254464789,-30.177661145178824,3.1975642498796844,0.03234363204681482,-0.026928165052755786,0.5444155220165615,0.8377592152762908
robot3,1856,1722895137630015742,80.5700671713069,-30.433178949059364,3.9595010661986487,0.030557937218367772,-0.027237308756800235,0.5534471393293232,0.8318777587198939
robot3,1857,1722895138128839468,80.59205998849897,-30.65755179959441,4.718861564059671,0.033753876808502836,-0.024467558057490894,0.5535058332776766,0.8318012424435809
robot3,1858,1722895138633392819,80.59557839628718,-30.908255469395918,5.440617566538319,0.03184829451520114,-0.027110556215296094,0.5456480602361267,0.8369700700973258
robot3,1859,1722895139130119365,80.59490480425336,-31.143537460685028,6.153988683553971,0.03457817842234177,-0.025760951074718187,0.5395274202090717,0.8408631790126515
robot3,1860,1722895139629237299,80.52851445009365,-31.41562124959244,6.816752064851998,0.030354794819423506,-0.0237774512794517,0.5400059316591047,0.8407775050601117
robot3,1861,1722895140133339285,80.53895555498741,-31.65256212722606,7.5588757161472895,0.03247756389194707,-0.032842985999044484,0.5397322486620665,0.840568644352441
robot3,1862,1722895140631680389,80.57449221354636,-31.864903114524733,8.217009007696898,0.028162278434888482,-0.026797637719283174,0.5361510018280792,0.8432264677563015
robot3,1863,1722895141130238018,80.54514857016619,-31.987540844744508,8.785149726657671,0.027882652616186845,-0.025466942829586506,0.5406089744919691,0.8404260402942909
robot3,1864,1722895141631620104,80.59046188076397,-32.18521879043754,9.354834184278621,0.02847111687183449,-0.028245651739657533,0.540214047332397,0.8405714495071928
robot3,1865,1722895142132212062,80.67748679741875,-32.480385848687135,9.967565444624709,0.029273577709973946,-0.02762046262011284,0.5383501193142033,0.841759654965176
robot3,1866,1722895142631654789,80.71027967547332,-32.698776108503026,10.557424334169111,0.0318761608463002,-0.028478691798635984,0.547898968222432,0.8354517311634069
robot3,1867,1722895143130162657,80.62729072360405,-32.70844456684871,11.10626098526976,0.030418884144418276,-0.02842844654248844,0.5816694470888324,0.8123590149915008
robot3,1868,1722895143629347122,80.56433942886706,-32.90063420417051,11.723055547696335,0.031684052185813515,-0.03269561748114786,0.5800952000486972,0.8132752770833963
robot3,1869,1722895144129345188,80.62887926836875,-33.316474077804315,12.27760977286455,0.030957165028514384,-0.02636329238036624,0.5353165440952323,0.8436722280401328
robot3,1870,1722895144628521555,80.57033231893423,-33.488539804117394,12.741442129242822,0.03397778595455736,-0.02981115456586692,0.5277711228496206,0.8481830268350854
robot3,1871,1722895145130049636,80.57016722001975,-33.66670923753508,13.264552053840028,0.039161068607217686,-0.03293051260896038,0.5143237795604374,0.856068362821287
robot3,1872,1722895145631864016,80.65865102521242,-33.980810376900386,13.790962404765702,0.03335428163856448,-0.0246552013084041,0.5057924926644314,0.861657453579506
robot3,1873,1722895146128093163,80.68281107696795,-34.212816828706565,14.372997191197102,0.033429204210439725,-0.02417585917616519,0.5253712493614585,0.8498723824688806
robot3,1874,1722895146630485867,80.67569857473839,-34.416784096230586,15.008934003083768,0.03436787840086697,-0.02680215164827991,0.527031343550864,0.848727551406349
robot3,1875,1722895147132262342,80.65870973086355,-34.59934085562486,15.519557695538028,0.036444410256939695,-0.027944626288314494,0.5269730478721225,0.8486402710448027
robot3,1876,1722895147628285982,80.62335867465418,-34.6586429574009,15.990647436447174,0.03358175569972593,-0.023390052802657244,0.5269370259343065,0.8489184541600688
robot3,1877,1722895148131721878,80.72919003335228,-34.74821484011303,16.597338031444743,0.03387889518202044,-0.030223948747948245,0.533531807129349,0.844560562757117
robot3,1878,1722895148628053383,80.96334904131496,-34.85930124733154,17.12810162444139,0.0368097570234603,-0.029378697181837686,0.5328640283914092,0.8448892597176574
robot3,1879,1722895149130308793,81.12536953151746,-35.09026624459866,17.77700420117144,0.0369216701166846,-0.029119629086125254,0.5492137514564049,0.8343578924471581
robot3,1880,1722895149628639133,81.23800705650802,-35.384702672414676,18.48589223114258,0.03539452250829744,-0.026971425084514986,0.5678578151839774,0.8219229110687936
robot3,1881,1722895150128793310,81.22492535435015,-35.6152423750362,19.161307170932506,0.03548060985031143,-0.027284250087069,0.5655501560984578,0.8234984620257928
robot3,1882,1722895150631259839,81.22874563156647,-35.899870478906436,19.77967263900681,0.031759656357228466,-0.027457750642721115,0.5514168586517461,0.8331727576873558
robot3,1883,1722895151131820351,81.18521660054846,-36.138503952274725,20.35631442383958,0.03300432550641935,-0.02921083739629591,0.5415693312444213,0.8394999112161619
robot3,1884,1722895151637767923,81.19334606404561,-36.38435225007543,20.918738423847046,0.03317205392857,-0.023922892709666174,0.5321732340807821,0.8456470652527347
robot3,1885,1722895152131723198,81.12305676724715,-36.550478549176624,21.48445794280861,0.03695380673354584,-0.02811327415322199,0.5255026506146521,0.8495239985905403
robot3,1886,1722895152631265273,81.0656710037475,-36.698662399020236,22.098375440042748,0.03134220397099179,-0.023369151733608907,0.5376207078607207,0.8422799555235955
robot3,1887,1722895153129346998,81.05934796612603,-36.88280805558322,22.66186815644361,0.031443514606110466,-0.03006029021778094,0.5337831209658308,0.8445017845530082
robot3,1888,1722895153637896109,81.14168086308972,-37.13653072470769,23.25312333223958,0.02881297508124433,-0.027251975121946746,0.5252896394227963,0.8499987864897156
robot3,1889,1722895154128508380,81.20435247007659,-37.31167174913659,23.822644994332684,0.028715704687487124,-0.02833452633194645,0.515402177006995,0.8559983404530032
robot3,1890,1722895154632817982,81.25792387230943,-37.56691306952408,24.532661627633484,0.02807436798602713,-0.02672344850436963,0.5051649793361966,0.8621519766343284
robot3,1891,1722895155130408373,81.30067258064419,-37.87059819939395,25.177787210797085,0.027247415160510352,-0.027992392026859478,0.498665948923807,0.8659135498071412
robot3,1892,1722895155628527000,81.36932620663758,-38.10900633671202,25.854023579922455,0.026925975253159786,-0.027080041816943463,0.5110665831668135,0.8586923842459867
robot3,1893,1722895156132676319,81.46157076853844,-38.41859327585084,26.637010812916145,0.023830892486164972,-0.02404140674386406,0.5178356222438484,0.8548101354455359
robot3,1894,1722895156629152530,81.46852844193589,-38.68280643465625,27.375746948830606,0.025493424379216766,-0.02800192980834725,0.5355513038882023,0.843653233351284
robot3,1895,1722895157131739049,81.34137416782684,-38.77332768190954,27.87435729253403,0.01890449344179076,-0.02094153038615372,0.5393789349130537,0.8415904211698555
robot3,1896,1722895157630360785,81.00968695182951,-38.84600467006101,28.185597532489062,0.030459221320424862,-0.0297959495742112,0.5499625680274897,0.8341016790500624
robot3,1897,1722895158128218009,80.77762645053411,-39.12180441137795,28.442382066744358,0.03350020033681095,-0.03225377145080115,0.5509050519619336,0.8332712970740155
robot3,1898,1722895158630807396,80.82922010118688,-39.56697765359006,28.87249684284112,0.02899533211967298,-0.027751999033288136,0.5551514063657742,0.8307803640403577
robot3,1899,1722895159134728088,80.96466837858668,-39.68207181803918,29.38213501259568,0.030640690977892147,-0.03002202572111854,0.5558057169029864,0.8302046922813403
robot3,1900,1722895159630434718,80.91121090960617,-39.72811114344855,29.807293350041938,0.030748116268396027,-0.028831427052414548,0.5583345400213511,0.8285444125568724
robot3,1901,1722895160133568568,81.07496356541601,-39.617842725247485,30.282146526773925,0.032226827052600895,-0.03275536490789594,0.5615374981895365,0.8261744100460318
robot3,1902,1722895160632895184,81.21885429803373,-39.64491983536636,30.71712200228702,0.030507355356071943,-0.030683964647794378,0.577933792061345,0.8149357812590298
robot3,1903,1722895161129537931,81.2188659245125,-39.84278979066766,31.172260813703673,0.027156584860393462,-0.025431871817064012,0.5938306808027563,0.8037293464419074
robot3,1904,1722895161628036158,81.1562671691662,-40.035485468366915,31.649147132070855,0.029602467434965595,-0.028574528303334346,0.5987113696088481,0.799907423490432
robot3,1905,1722895162130205470,81.16955937897922,-40.24288068732467,32.25981776600105,0.025668378233310776,-0.03011332616387169,0.5977147325931476,0.8007318030322774
robot3,1906,1722895162631876312,81.13226545982245,-40.53912498127808,32.695893216886596,0.02612203578092448,-0.02979475175387752,0.575382117888942,0.8169243113215695
robot3,1907,1722895163129423097,80.9926867187597,-40.6756288215801,33.09764251914607,0.03051988506033332,-0.035167932264202645,0.5683840641177166,0.8214446474432662
robot3,1908,1722895163629738755,80.94587349292782,-40.805386786865206,33.616561931372715,0.024020733998524283,-0.022858442780759356,0.5616229283810678,0.8267286025344017
robot3,1909,1722895164134698754,80.93523993012825,-40.94702503585151,34.05872625049417,0.026040799894952553,-0.028572042942374518,0.5546994302452595,0.8311522466964248
robot3,1910,1722895164628928092,80.92001892638098,-41.05636096015775,34.515336380054784,0.027473799760036444,-0.02655648625895986,0.5491694450584966,0.8348370283944441
robot3,1911,1722895165130087611,81.00646362405823,-41.26065768491796,35.0750969194042,0.02813375879959195,-0.029784951643838393,0.5406126249448174,0.8402733710059213
robot3,1912,1722895165630242412,81.0745715131513,-41.5476343217131,35.61557799506197,0.027412001097449092,-0.02640257547536006,0.5409493346281873,0.8401936107644611
robot3,1913,1722895166128705223,80.97719460544698,-41.69108478594999,36.104298012490105,0.026294436116614736,-0.0318406323216588,0.5576065187887372,0.8290776483339614
robot3,1914,1722895166632403331,80.92486705081537,-41.77996089804839,36.60134681714929,0.02514966502465405,-0.025497593546214534,0.557297255477028,0.829540316145196
robot3,1915,1722895167129555545,81.03420803490194,-41.921046694580774,37.26433213343036,0.0222487999721719,-0.02627867152981516,0.5555446745582486,0.830773457022067
robot3,1916,1722895167630340605,81.23736698258506,-42.097383243149594,37.9590724860402,0.023275614882139462,-0.028046472458969955,0.5543034502729293,0.8315162813499161
robot3,1917,1722895168129137999,81.32226946832355,-42.174959215629045,38.553248064708534,0.021711458723360055,-0.021212063056572635,0.5429876047284241,0.8391919458933554
robot3,1918,1722895168629673990,81.36207013163377,-42.28821603995372,39.13641727029217,0.025343800831286473,-0.024296112881523543,0.5290352535968951,0.8478732753837339
robot3,1919,1722895169131235288,81.42362055979159,-42.480361732171694,39.70670953834255,0.02413806456084039,-0.027096869112430273,0.516879560607452,0.8552886257572982
robot3,1920,1722895169627840626,81.46487278832785,-42.67998600156165,40.25868370560251,0.030547097095952856,-0.037312028212275694,0.5005061455700847,0.8643889666442267
robot3,1921,1722895170128665032,81.6247970276428,-42.95688617256135,40.86932539844107,0.033020431602697214,-0.036824789885488554,0.49031962889672753,0.8701380623011711
robot3,1922,1722895170628016962,81.8615392011187,-43.27679354210418,41.52239231888311,0.03462901938853965,-0.03317317441598452,0.48012277727136843,0.8758895422715028
robot3,1923,1722895171129778090,81.94324354370781,-43.5378370683827,42.25534587203691,0.027257337640052892,-0.03141256802612636,0.509630585814278,0.8593875459403493
robot3,1924,1722895171629474223,81.99760074484064,-43.81726146437265,43.005066823647574,0.027423432759568007,-0.031322901460969846,0.5123619680967475,0.8577598992887084
robot3,1925,1722895172130614676,82.09153602760952,-44.16230938901611,43.80259984213248,0.027922557233829498,-0.03136398639829604,0.5110151546602322,0.8585453644754655
robot3,1926,1722895172629095522,82.10413285520907,-44.44459235174036,44.483604800142395,0.02796776972123842,-0.031035499278585565,0.5098843823875776,0.85922786165172
robot3,1927,1722895173129582454,82.09154710588967,-44.62974612802077,45.18400139340856,0.02593680052861513,-0.026619068656144364,0.5075486361750523,0.8608211716024778
robot3,1928,1722895173632453028,82.04919268195772,-44.79558134001615,45.82808663152321,0.028072431292274144,-0.02826504786948168,0.5138772972803951,0.8569382410711247
robot3,1929,1722895174131678720,82.06104656344444,-44.94166159258984,46.42539407548048,0.02941596280668677,-0.026757452505817104,0.5126808247874529,0.8576579223459733
robot3,1930,1722895174628928730,82.18149417956488,-45.146089047193925,47.05482297464546,0.027493200612098926,-0.021081322138045668,0.5129080898858466,0.8577441303248116
robot3,1931,1722895175136133516,82.27296224067369,-45.386610390178014,47.672918098066575,0.029872205133948688,-0.028219946763871507,0.5116796510053571,0.8581929973567225
robot3,1932,1722895175630660842,82.3289672260121,-45.597466502594884,48.31042737707267,0.025862121688325437,-0.022016751942472025,0.5116264875623487,0.8585364002302381
robot3,1933,1722895176127182437,82.21017265360089,-46.01601225367251,48.92503162778481,0.02665208752803935,-0.027842551763645067,0.5107652521423381,0.8588558177864666
robot3,1934,1722895176631418492,82.15080332521093,-46.34580209567707,49.55744133010649,0.023631647340052443,-0.022397407089961546,0.5104698538571381,0.859279017376029
robot3,1935,1722895177130913498,82.13976880446064,-46.56720127985337,50.16011247325998,0.02575010113519413,-0.029889418113359843,0.5093717826455607,0.859641752139143
robot3,1936,1722895177631476119,82.11813058354316,-46.78806654297105,50.735341046296405,0.024059912969187313,-0.025917249274348193,0.5112336223442849,0.8587139221898685
robot3,1937,1722895178128540185,82.10885990506742,-46.99993035289167,51.258492597157115,0.024543648838286216,-0.025443413667315513,0.5244494479752737,0.8507073636222314
robot3,1938,1722895178630215643,82.14763261991408,-47.1682805882202,51.80488527444135,0.026360310424316694,-0.02934139458271622,0.5277912032461839,0.8484578141394069
robot3,1939,1722895179127305474,82.23665365084665,-47.3557721508872,52.34415641711307,0.02740858802354047,-0.032818905154497466,0.5314870251585974,0.8459865429515296
robot3,1940,1722895179630926532,82.26303385049945,-47.5585769945479,52.892557630480354,0.022651329609371856,-0.026907503083340344,0.5339802173166267,0.8447650744788373
robot3,1941,1722895180127615143,82.33451293599533,-47.81140473669665,53.48137590531645,0.019284022802403263,-0.01601181575408851,0.5398267426548595,0.8414028976272054
robot3,1942,1722895180632727446,82.42782656922489,-48.09554390596725,54.15123109191849,0.024708004759136416,-0.02556875974044135,0.5435863708254217,0.838599791604437
robot3,1943,1722895181127634327,82.4234494741303,-48.29619914860434,54.82564213633737,0.020583385037954205,-0.023949110204672035,0.5560165146482721,0.8305711286934861
robot3,1944,1722895181630766207,82.39739863831338,-48.469126798670146,55.566044925772616,0.021543428854987976,-0.021123602163110218,0.5559980628289214,0.8306357975883965
robot3,1945,1722895182135899733,82.41128461502397,-48.65851282540433,56.30621032809174,0.02199040618071228,-0.02138026190343895,0.5548396723503661,0.831391751476454
robot3,1946,1722895182629182242,82.42101345693304,-48.85274588734607,57.013085857278895,0.020900998116084757,-0.02392111883941904,0.5524034050625672,0.832971431938997
robot3,1947,1722895183130993898,82.34080678976338,-49.096890892221346,57.69120632903087,0.020442004275269498,-0.02690250168581643,0.5500998882886892,0.8344150602482114
robot3,1948,1722895183631025352,82.2705593181275,-49.27192732331571,58.315363207764015,0.021696788177987182,-0.025450216767854618,0.5493850677643385,0.8348997443806065
robot3,1949,1722895184131159140,82.25209449018983,-49.50945063304985,58.93115959066168,0.01796808045152028,-0.02385469906307631,0.5463349085436149,0.8370342102471904
robot3,1950,1722895184632457116,82.2628758385715,-49.695743648134226,59.580727960113556,0.017695501376717826,-0.024511287795282683,0.5474943370978247,0.8362631265621228
robot3,1951,1722895185128464582,82.3462777569512,-49.89685023170437,60.314444335771384,0.01855483262751791,-0.026416087963739482,0.5464985283401274,0.8368376586918946
robot3,1952,1722895185629078411,82.3929020693859,-49.98158115318751,61.01493346738739,0.01713982109918775,-0.021063840637171715,0.5458259859123485,0.8374583776242926
robot3,1953,1722895186128191886,82.35330138873167,-50.189638710059846,61.76625451923272,0.015673104011578846,-0.022073325837633582,0.5452190477503701,0.8378563791410123
robot3,1954,1722895186631822346,82.24923008987673,-50.448775724658205,62.43994345641369,0.014903929910581747,-0.02140066997028578,0.5433925350461517,0.8390735587862128
robot3,1955,1722895187127842271,82.20722216861293,-50.7142514796961,63.11534093352484,0.019414125054980885,-0.020490709567338596,0.5412434316325415,0.8403920336869019
robot3,1956,1722895187630647156,82.21682087874905,-50.902420226732936,63.84204228293186,0.02384400158082623,-0.02188370808402271,0.5442351335205438,0.8383082287267511
robot3,1957,1722895188129463815,82.15325476738082,-50.989083806982116,64.39371677529292,0.015891882473138278,-0.01711526188206862,0.54567467831864,0.8376715712760083
robot3,1958,1722895188630456165,82.14491754964378,-51.18319388156076,65.05209023972895,0.017938784859892316,-0.02105874412758626,0.545558573399358,0.8376160052697039
robot3,1959,1722895189131796478,82.17755352181153,-51.355081766633525,65.63708463139457,0.012265093738609475,-0.018412251323262976,0.5572505182937619,0.8300496469116325
robot3,1960,1722895189631789200,82.15562980020266,-51.54136763053594,66.20468234111301,0.01627276208140998,-0.02386734179567168,0.5604426288006661,0.8276893179405236
robot3,1961,1722895190130334340,82.15568625691684,-51.78321795387731,66.79286012246558,0.015371722530918118,-0.024457260091299473,0.5697529061765892,0.8213082116225247
robot3,1962,1722895190629133183,82.30421368602897,-52.203991349642855,67.60985378986099,0.02241168547816697,-0.03804884597283485,0.5679623898486234,0.8218690439428922
robot3,1963,1722895191131172660,82.44555233556332,-52.61939508216463,68.60401701045573,0.015758522171469284,-0.027116317180990758,0.5656731077669513,0.8240329541170002
robot3,1964,1722895191629525344,82.35296932328018,-52.85721210549157,69.46495335463135,0.017088858118171325,-0.021527061443899733,0.5561807239847705,0.8306067413774006
robot3,1965,1722895192127980549,82.15030664797594,-52.93454019746695,70.31488000746057,0.020624745908241204,-0.026960196404982803,0.5494474803335913,0.8348384478574842
robot3,1966,1722895192629365001,82.03283294487359,-53.05693884611126,71.14664871168269,0.014408907706068928,-0.0209512157713722,0.5529909567692999,0.832799154459101
robot3,1967,1722895193131082201,82.05386635296063,-53.27998604424045,71.95288680687946,0.011324470466680432,-0.02005605600835256,0.5634060649928049,0.8258590175782804
robot3,1968,1722895193631327376,82.03680241735543,-53.538311320489875,72.81553200749366,0.01383715145760262,-0.022631132589400138,0.5619345992646667,0.8267562344648625
robot3,1969,1722895194129831186,81.94383394746485,-53.788242060193035,73.62140875453224,0.023647002788294666,-0.034048308556407066,0.553565831135952,0.8317730474969364
robot3,1970,1722895194630877540,81.88402588546315,-54.000282340538355,74.41993271976979,0.024060071358859937,-0.026378340714515544,0.5451681011504351,0.8375661392364094
robot3,1971,1722895195128373144,81.86339422181948,-54.18150631194513,75.20316669984759,0.025602115797140362,-0.0217227663136744,0.548264090953043,0.8356309829475117
robot3,1972,1722895195628696574,81.79960888854832,-54.39216099845462,75.94155593369531,0.026534852328461526,-0.026729223236598258,0.5496571189805307,0.8345408928213749
robot3,1973,1722895196131851825,81.93190341945117,-54.62586175035074,76.72957141864633,0.026365715214976694,-0.024218463253544435,0.5380417947624525,0.8421575518794796
robot3,1974,1722895196629613442,82.08125500695078,-54.867421918127185,77.50450576057764,0.02527792082705867,-0.020989348593979038,0.5268640145512385,0.8493143023258313
robot3,1975,1722895197130523413,82.1359589208581,-55.224521336735,78.30497061067184,0.027281003195399167,-0.02100876154994413,0.5143231849743473,0.8569049189966372
robot3,1976,1722895197630201813,82.1380356654783,-55.49179266534306,79.10398296554298,0.028819470604024747,-0.021086160695510607,0.5231222573065508,0.8515091989237261
robot3,1977,1722895198132125245,82.04317660605733,-55.69040568812349,79.92998741178198,0.028231916238847358,-0.026518461880789903,0.5423854461053564,0.8392364136154087
robot3,1978,1722895198629853091,82.08297093774944,-55.97621428016774,80.78011323987243,0.025938834657159283,-0.025696454214878598,0.5636309468863305,0.8252193798072301
robot3,1979,1722895199131723632,82.08778910342893,-56.242768697757576,81.51083040413687,0.023362697643960303,-0.028089421089278116,0.5646117088579149,0.8245476256725328
robot3,1980,1722895199631060754,81.92867854558575,-56.33366288874754,82.09488763604054,0.021565330200471196,-0.027940118490289965,0.5823310150735296,0.812185246846756
robot3,1981,1722895200128765640,81.77003329447373,-56.41335151919765,82.62070208979611,0.024496026135156994,-0.03498774130427799,0.5870872513264839,0.8083961664876477
robot3,1982,1722895200628938889,81.72191782218069,-56.63417022953226,83.26483506665423,0.02275620347621125,-0.03352096630981257,0.6096340588265974,0.7916469000378985
robot3,1983,1722895201135842959,81.7108171179508,-56.83330750388251,83.94621593183335,0.02301884145236308,-0.03704869031970467,0.6181731098935368,0.7848308949629462
robot3,1984,1722895201640022210,81.4803576086577,-56.94716412151475,84.8039964309074,0.011138297222600376,-0.03062824470240882,0.7004107445206397,0.7129955385003988
robot3,1985,1722895202139757597,81.16527918324148,-57.05687912168769,85.67450774194722,0.008192621824254046,-0.029570023089753105,0.7119960868506429,0.7015126990949545
robot3,1986,1722895202632232124,80.8777148001439,-57.07144667258238,86.41159272789943,0.009722834489230508,-0.030213430843931754,0.710031127240192,0.7034546278447219
robot3,1987,1722895203131276935,80.63340159681688,-57.06792937231301,87.03961865540717,0.011012772128555249,-0.03031931307019217,0.6862169897193163,0.726681292676202
robot3,1988,1722895203629905458,80.463452184728,-57.10780984325032,87.64682900187495,0.015026673597980425,-0.031228515397276273,0.6704113470303217,0.741179873363849
robot3,1989,1722895204132447126,80.32378335958596,-57.200509513985274,88.28235952870132,0.015772329252682998,-0.03353105651494431,0.6372871894628066,0.7697349803832054
robot3,1990,1722895204632248525,80.27882123054695,-57.342854278051554,88.93582751272687,0.015974217621056136,-0.025087060534539372,0.5898238168680746,0.8069840945274619
robot3,1991,1722895205128052254,80.17185239764092,-57.499514833018786,89.52588632614886,0.01731928467247931,-0.027856739940887977,0.5587358824687053,0.8286967226073823
robot3,1992,1722895205634207480,80.13676839609018,-57.675035044614475,90.18121867042258,0.01992775415479046,-0.022540810967019154,0.547506589811914,0.8362603246404937
robot3,1993,1722895206132134152,80.15518650010355,-57.92253890690999,90.89932345538861,0.02523002175482858,-0.02109133663867002,0.5387001440748601,0.8418555436028025
robot3,1994,1722895206632250264,80.27802963311413,-58.2421371142791,91.72009689118971,0.02260506164173224,-0.017290770955462022,0.5311030345124548,0.8468291487422958
robot3,1995,1722895207133788806,80.23431792980433,-58.43740879364782,92.41317336414853,0.023546628767079816,-0.021061324547629254,0.5219908482669137,0.8523658435247112
robot3,1996,1722895207632008106,80.11606156252735,-58.72218242285734,93.14492190061932,0.025190668915991584,-0.020186475552795867,0.5225786140835476,0.8519797700103213
robot3,1997,1722895208129062191,80.16555602315353,-58.89332567543627,93.74512722934723,0.025155688224633252,-0.013690465222763135,0.5204019481625571,0.8534410201417229
robot3,1998,1722895208634000354,80.19440841180888,-59.02993828039296,94.37517464336172,0.025507943532009244,-0.016922359616824142,0.5233657612592387,0.8515581357155272
robot3,1999,1722895209127819261,80.1507811750272,-59.0112025863678,94.90599846127095,0.026370960970440598,-0.021000382331138445,0.531698172366447,0.8462627309893905
robot3,2000,1722895209634306141,80.10811688060453,-59.10995810781773,95.33580511844681,0.024131564317551448,-0.01708345038040804,0.5310935882135339,0.8467971562807478
robot3,2001,1722895210128825964,79.95150500878154,-59.29950934268121,95.6344043475762,0.022210902728945936,-0.016468696329120486,0.5306742985625277,0.847124693705923
robot3,2002,1722895210628857600,79.80119977333335,-59.51156256034926,95.85287743949367,0.02427004898176784,-0.01634004499371697,0.5300349571131482,0.8474708914706682
robot3,2003,1722895211129386423,79.88865961461815,-59.7254183416567,96.23297978784423,0.022962917896059847,-0.01528248730949955,0.5289859604370216,0.8481821759762791
robot3,2004,1722895211634290677,80.15522932117366,-59.97256656769102,96.73035237850564,0.021733791208402027,-0.01177018095790632,0.5256695382413523,0.8503297252978113
robot3,2005,1722895212131113183,80.31382662992914,-60.105501100196356,97.10997426572419,0.023260018314905664,-0.01263139769110543,0.5226144098256719,0.8521582000913469
robot3,2006,1722895212631475761,80.45768488966365,-60.13020115674838,97.58551753968513,0.025276975752088305,-0.013389539436677707,0.5190446852073244,0.8542683474696527
robot3,2007,1722895213131128158,80.58995501243018,-60.33864262973651,98.15613821741864,0.02298362384480687,-0.010958707518931857,0.5154317312347958,0.8565522693921114
robot3,2008,1722895213630841532,80.74282091998181,-60.61670709164171,98.67067190985404,0.027524119041610416,-0.021340623673722896,0.5094427037307733,0.8597994721257274
robot3,2009,1722895214132520223,80.73820330008074,-60.996594597141495,99.18140296586151,0.030858430212367588,-0.020736503243001234,0.5086013692459687,0.8601990478483496
robot3,2010,1722895214630629408,80.82905459756455,-61.29559613612129,99.74042730811004,0.029148503194905178,-0.019886665823455503,0.5159058109558974,0.8559182668373544
robot3,2011,1722895215132166896,80.89379551585779,-61.60704332957811,100.38603227512264,0.03296235556436332,-0.023679336834663715,0.5152647634150864,0.8560695040155992
robot3,2012,1722895215632266291,81.01431391179779,-61.99368540134492,101.13487697403187,0.03123785946177017,-0.020401659979678865,0.5196857811540245,0.8535424167975786
robot3,2013,1722895216131774547,81.0460748274057,-62.24784043934382,101.99252045208048,0.029032954451698248,-0.020213452674040712,0.5427006095938042,0.8391808817134202
robot3,2014,1722895216629090183,81.09813979215008,-62.53961484156312,102.79057422005094,0.02830500784414727,-0.016370881667304146,0.5329413716632465,0.8455201447239888
robot3,2015,1722895217130819327,81.04359166297078,-62.82685134511634,103.63197121779788,0.029841635330281356,-0.02312341567692296,0.5206486696844524,0.8529359572699797
robot3,2016,1722895217631504933,80.91292353121482,-63.063930751312505,104.41859087460548,0.03129432738309746,-0.026079353020889397,0.5104869545651123,0.8589200205132538
robot3,2017,1722895218129565523,80.74657026225853,-63.324344727724025,105.21174199723923,0.02655893928394989,-0.020646718399428683,0.49948077228490473,0.8656715854647888
robot3,2018,1722895218633379595,80.65397658009812,-63.538936035637654,105.96466248623085,0.027972172041459367,-0.022986863642263277,0.48889258223439164,0.8715923386121309
robot3,2019,1722895219131115758,80.62293427913242,-63.82581853756156,106.70992451753561,0.031904832653631865,-0.027592111610245173,0.489031030466845,0.8712458942633631
robot3,2020,1722895219627768326,80.60967072524403,-64.13030332263605,107.58589808116315,0.024286054366789774,-0.018625941233569455,0.5250962365673888,0.8504923304881837
robot3,2021,1722895220132857576,80.48593682315528,-64.40582464111868,108.50552590639414,0.02811579550190891,-0.0249870708604983,0.5305562578010431,0.8468147410391841
robot3,2022,1722895220628919136,80.35829351708445,-64.68196674335005,109.31596549782691,0.027519105797664326,-0.025430623077955825,0.5308298210281924,0.8466496815880468
robot3,2023,1722895221133371095,80.36329357609272,-65.03299085277517,110.15305163671927,0.026436662049087078,-0.025559812894328487,0.5295702045326742,0.8474686999150651
robot3,2024,1722895221631047030,80.40051005857151,-65.29638248393209,111.01743079107611,0.024478787354120124,-0.023305618792411498,0.5297548765905027,0.8474770839562304
robot3,2025,1722895222128210461,80.31584962015653,-65.39791296047476,111.88077222623794,0.021994011960306592,-0.023792388105558674,0.5288867823990515,0.8480736743406805
robot3,2026,1722895222634322505,80.22246452387367,-65.59822158837899,112.69269853455894,0.021582444670079887,-0.023133618636350373,0.5231125596797938,0.8516761612702948
robot3,2027,1722895223132399981,80.18557820870284,-65.82398298346435,113.45869506429189,0.02556886622003541,-0.025281794368144817,0.5097509645153032,0.859570252003562
robot3,2028,1722895223630672642,80.13253657218999,-65.95945485578355,114.11086357005995,0.02166993308585667,-0.024603913355767035,0.5002912977092436,0.8652361983204571
robot3,2029,1722895224133215985,80.16174984525185,-66.21830100576544,114.78475557992687,0.022446002717291545,-0.026777763114968108,0.491540779554605,0.8701533143069818
robot3,2030,1722895224631883376,80.28996608233722,-66.54215658725022,115.51458192817653,0.02140235640823657,-0.02595593593389607,0.48117579317435366,0.8759783585186348
robot3,2031,1722895225130251020,80.32573535092277,-66.86537288060623,116.34418515045238,0.019884537337714208,-0.02810734452082504,0.5005361022300127,0.8650307466924161
robot3,2032,1722895225629297266,80.4119734966496,-67.15195059966591,117.21104669624795,0.015469285110256454,-0.015587255559318915,0.49832607163866116,0.8667115235229575
robot3,2033,1722895226132195788,80.50865372542962,-67.42011018882796,118.02114607394776,0.019616770578060005,-0.014690635798933272,0.5019263138446923,0.86456309370814
robot3,2034,1722895226630198333,80.6352287712225,-67.63805424260498,118.77961836031157,0.01999547549310224,-0.0119127625254471,0.5017471677951784,0.8647011314080342
robot3,2035,1722895227138437376,80.76771424900971,-67.92736995800209,119.64433084227663,0.0176549533175251,-0.007860805331067273,0.5013416892374748,0.8650335374974882
robot3,2036,1722895227631410126,80.89973879966024,-68.22935458727335,120.5224235475523,0.025425537809919012,-0.014478814012784917,0.49960263275972455,0.8657604260483449
robot3,2037,1722895228132414413,80.99939251199909,-68.52095093364558,121.4131446330271,0.02342539375111611,-0.014290267678399382,0.5242241440479745,0.851138112161859
robot3,2038,1722895228629650502,80.90492632684638,-68.7076191514825,122.37495808959623,0.02119592253144045,-0.015312379366326706,0.583654222567498,0.8115811804036073
robot3,2039,1722895229132818018,80.5445252531695,-68.76123932246135,123.5112514723015,0.020029513446988736,-0.014829235820703645,0.6995806644333165,0.7141189020794019
robot3,2040,1722895229640576424,80.04006073250999,-68.66569731056364,124.60568752970195,0.015967957717214258,-0.015519953362163197,0.7755204067450496,0.630929674445552
robot3,2041,1722895230131017788,79.45920501346697,-68.52721059445619,125.58369483177692,0.015471738011402518,-0.015657148888026558,0.8170901566509816,0.5760895372385085
robot3,2042,1722895230630377020,78.73889987964561,-68.25154611713876,126.48427218074973,0.010937316220130262,-0.013956332587186683,0.8695207379198745,0.49357804066013067
robot3,2043,1722895231135626426,77.73064155605731,-67.68409552796385,127.18277766313706,0.007815728452877079,-0.01139630313541871,0.9445090783564188,0.3281945148321418
robot3,2044,1722895231633149051,76.72350227089622,-66.87703897318497,127.22796453866752,0.0029336345744192037,-0.011580501369045926,0.9903418168868092,0.13813171794182097
robot3,2045,1722895232133421858,76.08267536385472,-66.20698871981529,126.89510265002427,-0.0007465937337874061,-0.012604894116068514,0.999292052516422,0.03543942747331211
robot3,2046,1722895232632092686,75.32585769714682,-65.55723214836785,126.69630476878208,-0.004045721384897433,-0.019386363299387477,0.9997459469511066,0.010763020548858568
robot3,2047,1722895233132213256,74.65805140574838,-64.9669031999283,126.64561411132297,0.0003722814604628592,-0.01541336853635324,0.9998030782801293,0.012493763982657965
robot3,2048,1722895233628803695,73.85618944997368,-64.24484649721056,126.22533150542347,0.0021835545003738204,-0.01074662722529114,0.9973520647033532,-0.07189298383696942
robot3,2049,1722895234132204905,73.1054997404849,-63.547681281025675,125.47482007532435,-0.006257809798525021,-0.014828964258575003,0.9937933599535258,-0.11007133753991254
robot3,2050,1722895234631619502,72.52244131992796,-63.10026806501309,124.76936504874955,-0.007215647369782446,-0.019450424436114028,0.9936606020509746,-0.11049082927548645
robot3,2051,1722895235128429760,72.31680947797733,-62.80799676390527,123.90152889713974,-0.00042645752567924654,-0.02106558368946885,0.9899974694378432,-0.139502938408005
robot3,2052,1722895235631790387,71.83857556462858,-62.202301211441515,123.1414829349991,-0.00213478682402745,-0.02422979963722316,0.9811272789306964,-0.19182706282692036
robot3,2053,1722895236129953768,71.29400074275586,-61.6008525038791,122.29529205497116,-0.0076136046646288055,-0.024533329956607192,0.9642705039497468,-0.2636712801155108
robot3,2054,1722895236631023443,70.79149093247484,-61.105929789392434,121.65890220850989,-0.0004473483589691735,-0.022701153574141073,0.9804909063662347,-0.195248662067038
robot3,2055,1722895237131092181,70.43655073122747,-60.66430244216475,121.02993814491256,0.004033500146792663,-0.022317549522287164,0.9751962053588643,-0.22017724431366165
robot3,2056,1722895237631853674,69.9821824001835,-60.11342565690108,120.48895173900067,0.0047324829337172325,-0.02132982494033704,0.9831015410498477,-0.18175258501245942
robot3,2057,1722895238128565460,69.45066560231545,-59.5327542392154,119.999596597744,-0.002298698251142895,-0.02223706914740365,0.9853462703430583,-0.16909451872579548
robot3,2058,1722895238635743061,68.83532899024449,-58.97527563097921,119.51377778703173,0.00225909530919385,-0.01859767574962531,0.9874572497359505,-0.15677118003322055
robot3,2059,1722895239130953610,68.38669451596002,-58.44356228855257,119.03093126183134,-0.006063099451521628,-0.015525059409187025,0.9837024922917003,-0.17902965680154695
robot3,2060,1722895239628122117,67.95644757471231,-57.956126795947995,118.550888797689,-0.0019121688388394034,-0.012864535934399596,0.9764587388709858,-0.21531181715829778
robot3,2061,1722895240132274784,67.30693132993422,-57.28577056261358,118.32105623872103,-0.0021840884402635537,-0.012659667259341487,0.9752865090631286,-0.22057014263499886
robot3,2062,1722895240630037545,66.60114406997266,-56.628703710296406,117.96974352058193,-0.0031773216128635874,-0.014414071864410799,0.9724568451586854,-0.23261518321827732
robot3,2063,1722895241130330125,66.04213177610461,-56.03768362919405,117.40790541691635,-0.003642521578084776,-0.01682469281622,0.972058328582953,-0.23410738472057777
robot3,2064,1722895241630182870,65.50231105534196,-55.45166439254911,116.83650784473538,-0.004733452635442546,-0.0172061925912909,0.9718014443308061,-0.23512442271958625
robot3,2065,1722895242128943741,65.0175418605935,-54.87824901951786,116.20784161030238,-0.0023497378822152563,-0.01666279144121074,0.9714892459389168,-0.2364856763914182
robot3,2066,1722895242631663639,64.56998218999644,-54.35482732299859,115.63290215181263,-0.0026451096606731235,-0.019754774585331716,0.9716071535159642,-0.2357589691031321
robot3,2067,1722895243134706492,64.13763764956559,-53.83049147671854,115.07335066150537,-0.0019022558297647632,-0.01624691936645086,0.9741938674418367,-0.22511936316668843
robot3,2068,1722895243628342641,63.69124532618621,-53.31799990264236,114.70593554781318,-0.0036300815649729346,-0.016214721803861395,0.9832898586354211,-0.18128695267279626
robot3,2069,1722895244131702167,63.19523261282982,-52.78472119959547,114.62143152390962,0.0031557645543838224,-0.018310166141177746,0.9986338807688567,-0.0488380092396564
robot3,2070,1722895244631325240,62.65223735216411,-52.31212459364893,114.60110382010117,0.010304378938715247,-0.01415575733570265,0.9998181574678257,-0.007555548066320258
robot3,2071,1722895245130091792,62.11080597055685,-51.91618946184086,114.43962634832856,0.009251056810866819,-0.014966451322692685,0.9998437055680477,-0.001728501849263696
robot3,2072,1722895245632899612,61.55204901652585,-51.405482843714154,114.26059643035283,0.006194343936216404,-0.016861035114885205,0.9998304366737236,0.0040538252164447446
robot3,2073,1722895246127744256,60.86429270100194,-50.95199466360734,114.22726503403756,-0.0004102961455100057,-0.017089578785749824,0.9997406471779305,0.015047137078236966
robot3,2074,1722895246633707347,60.250482616058406,-50.512417208677455,114.19174287698587,-0.005998820563483816,-0.016820326721374894,0.9992740034343369,0.03365348156054586
robot3,2075,1722895247130902238,59.80848352048541,-50.08160342849005,114.07249497605437,-0.00428552745230388,-0.018748448036577943,0.9988858203826143,0.04309579781402014
robot3,2076,1722895247631722552,59.23604858840879,-49.67123980750436,114.1289059170344,0.004265098690298114,-0.023967291744254927,0.9969039330615316,0.07476580840235096
robot3,2077,1722895248129456216,58.571860821169466,-49.207787600900545,114.22660275414421,0.004641451256398113,-0.029381119550151883,0.9934969409475607,0.10990466355916552
robot3,2078,1722895248629076074,57.937951200004356,-48.76594199459074,114.36419121503886,0.006714632014996999,-0.030264741065167914,0.9885318257025684,0.1477964435915444
robot3,2079,1722895249132586972,57.224851693989955,-48.388664369715954,114.56323165245955,0.008902190498907794,-0.031594769944560806,0.9845949233903412,0.17174212747733072
robot3,2080,1722895249632626360,56.600935985587675,-47.87777721874376,114.79105364271332,0.0015095394135117891,-0.026157270855823072,0.9818661531832696,0.18775616023242053
robot3,2081,1722895250129699177,55.89323227108896,-47.42256568374357,115.0419193294722,0.009123826041906787,-0.022457234508420965,0.9788430908373372,0.20317143484407213
robot3,2082,1722895250626699324,55.29484061706239,-46.97053209848256,115.1624801821857,0.007972978844118635,-0.0186082691140112,0.9764239217405769,0.21491042083082795
robot3,2083,1722895251132377984,54.733189298797754,-46.43645580320595,115.37749870835479,0.01692484510862075,-0.0201258205672898,0.9724743257327524,0.23152146067950388
robot3,2084,1722895251628349626,54.20281904836631,-46.017785899790006,115.75311835938938,0.013472685603035632,-0.02268184749537233,0.9692971936048279,0.24447284308618653
robot3,2085,1722895252128506784,53.5637232145702,-45.67610179712919,116.13160403578777,0.010991014884190676,-0.024472299449815958,0.9649796873320117,0.2609492425512424
robot3,2086,1722895252629582921,52.9054046304454,-45.327961529947736,116.39959576131345,0.01038593023940712,-0.026772752653579864,0.9605056801912393,0.2767746203841264
robot3,2087,1722895253132442044,52.37395629569104,-44.99771849596795,116.68736655116845,0.011133379872363304,-0.026994440932327037,0.9550506235795132,0.29500110917037525
robot3,2088,1722895253628369721,51.83347834531304,-44.65778855532408,117.04648983552653,0.011601300527918931,-0.02794489425413331,0.9502844313751658,0.3099096516682951
robot3,2089,1722895254126583813,51.14172584135445,-44.27722967967551,117.5091528803325,0.008219270368048233,-0.026544753566783624,0.9450617059930573,0.32570875259683746
robot3,2090,1722895254629503182,50.496289052252166,-43.91290313486189,117.84497189324267,0.0047825430516842135,-0.023973929810420864,0.945977452352913,0.3233095074557753
robot3,2091,1722895255142642455,49.775109243853805,-43.52174592799192,118.25277719766787,0.004785467099514907,-0.027748320538656546,0.9523114310022635,0.3038257204292363
robot3,2092,1722895255628969162,49.12508456401716,-43.101396183332945,118.6086110001825,0.00023766568316758912,-0.023048379646821385,0.9544831746552336,0.2973728047598601
robot3,2093,1722895256129444129,48.44042712996487,-42.63377113783283,118.87557154788306,0.0035492973944558715,-0.02901183964775156,0.9543803502954714,0.2971596584635143
robot3,2094,1722895256630268239,47.74333864729385,-42.19253222833667,119.19677567379247,0.0013061587555409963,-0.028043702604111112,0.958499143933846,0.28370977383876256
robot3,2095,1722895257130617735,47.12580919744343,-41.778810336700005,119.380647942211,0.009685012039882196,-0.02909512806999869,0.9622491179510622,0.2704372553232645
robot3,2096,1722895257631071351,46.483566792506345,-41.32555237509717,119.53480876870833,8.007347502900108e-05,-0.02933474045009885,0.9635288575926118,0.2659917426861979
robot3,2097,1722895258131687439,45.81014083979909,-40.806434756028665,119.91115860277873,0.009579562744651118,-0.02575827992985763,0.9689513904153023,0.24571924223578576
robot3,2098,1722895258628937028,45.07237758236726,-40.34064605331974,120.0677116467584,0.005922948257122908,-0.02800353835786052,0.9717671856137831,0.23419918336247594
robot3,2099,1722895259133012192,44.323866249341044,-39.83985257246441,120.20268836369405,0.004918163884178528,-0.02063005961094871,0.9724721961367605,0.2320518046587943
robot3,2100,1722895259632174784,43.61497872146734,-39.37499396695498,120.41593022394478,0.009877324560093003,-0.024745608273257988,0.9739661987078772,0.22512204935378693
robot3,2101,1722895260134362986,42.85962598617716,-38.85231554866182,120.66262512898193,0.012012762732964323,-0.025091771083451116,0.9777526644063033,0.20790821003941162
robot3,2102,1722895260631755100,42.11716327737055,-38.38719742641895,120.78602715817753,0.009975881965198018,-0.025417532166209445,0.975018494450827,0.22043903083718794
robot3,2103,1722895261133188107,41.4000576111473,-37.84296101312955,121.00975911158147,0.006974171617341348,-0.024872052940136294,0.976283528496632,0.2149493286776228
robot3,2104,1722895261631053005,40.693298170979695,-37.31939335155011,121.24267844460832,0.012183999469013695,-0.02407847215215235,0.9759580731470537,0.21628133713949352
robot3,2105,1722895262139461188,39.796829577858276,-36.725011376179076,121.46154291426588,0.011656428059549417,-0.025116009373619734,0.9788845390970581,0.20252993081215662
robot3,2106,1722895262627801655,38.89505442602466,-36.14046044871029,121.66257962010268,0.010634115305992807,-0.022720449154697373,0.9805381418763224,0.19471941122445033
robot3,2107,1722895263132416211,38.14327185400326,-35.68458087314651,121.82918176403632,0.019550444661933022,-0.025393579619496454,0.9813641873884782,0.18946576983450306
robot3,2108,1722895263629187893,37.523734113347544,-35.10646723256491,121.97460351593993,0.008934775380024601,-0.023625961093640218,0.9823877373814381,0.1851386431674623
robot3,2109,1722895264135429863,36.7045598303879,-34.531796578322634,122.26948222814434,0.0046326161185231045,-0.018940927803725253,0.9836163083817137,0.17921701372180646
robot3,2110,1722895264632932080,35.778291291809445,-33.87336511978769,122.48619017294746,0.0014672362092493473,-0.0231713136551151,0.9830428631470018,0.18190015573700796
robot3,2111,1722895265132506300,34.91826330736911,-33.26480968631695,122.57325509460563,0.011768451568632717,-0.03457342461720166,0.9849614297179451,0.16887025737499484
robot3,2112,1722895265629886926,34.12008346608282,-32.7381521274812,122.64815744438249,0.0039274481760146335,-0.033196578250638716,0.9845421490265459,0.17192823832478654
robot3,2113,1722895266129736564,33.38278432743469,-32.14679920308827,122.7724700989753,0.004929338344360088,-0.03330347602123271,0.9841234173908094,0.17426324756363512
robot3,2114,1722895266629319471,32.730856354283276,-31.6452660997454,122.84410551046142,0.003972830669640661,-0.030722152793937967,0.9832319385019496,0.17970898990833692
robot3,2115,1722895267137178735,32.216987279921604,-31.270594213108364,122.89507248421992,0.011576460468471404,-0.032874261674023304,0.9838727104432721,0.17544160888289592
robot3,2116,1722895267630276233,31.70313219970181,-30.83365869633322,123.06561528282776,0.004825073950951792,-0.03079375733205765,0.9896924912650468,0.13977566277548983
robot3,2117,1722895268128577840,30.9441840959527,-30.334299765814624,123.15884134941604,-0.007254962636557473,-0.02649864669419683,0.9983875211817486,0.04967438765683965
robot3,2118,1722895268629385789,30.163239615795124,-29.72175849134259,123.16425014196234,-0.01089592148545597,-0.024287358089402314,0.9993126868161408,0.02579839336713877
robot3,2119,1722895269128073494,29.581477584901542,-29.100368394489916,123.10567697009286,-0.010067340545725544,-0.024433376555916486,0.9991212271944683,0.032533553968677464
robot3,2120,1722895269626901727,29.07860309040043,-28.691446583320687,123.05463190653622,0.004560538873900841,-0.021044803832414735,0.9983997991468414,0.05228918416251519
robot3,2121,1722895270130228532,28.728084539954377,-28.267914460971898,123.02353024530163,0.005503826932726371,-0.01700979528927837,0.9976851292429687,0.06561065188482845
robot3,2122,1722895270632353241,28.177362195499963,-27.78689081800889,123.11249967258252,-0.0021889448817216683,-0.01369795717894896,0.9971426346692809,0.07425725967360572
robot3,2123,1722895271130855192,27.590534110980656,-27.3494928407895,123.1959068909776,-0.0034052169863216884,-0.013506500187447425,0.9965107859924156,0.08229357417648438
robot3,2124,1722895271632806739,26.89392280074619,-26.885714348985623,123.23924399488442,0.0035824272648334056,-0.014261378403927497,0.9969813452735373,0.07623631993662904
robot3,2125,1722895272131734907,26.235752772040584,-26.355851758991985,123.37488068366414,0.0025736374360348525,-0.017039101299331668,0.9966169077080602,0.08036034275488692
robot3,2126,1722895272629803005,25.68106461925614,-25.82288941557586,123.32398312631527,-0.002576004563376383,-0.017569104497178866,0.9971597720682555,0.07319207427339071
robot3,2127,1722895273132858121,25.1935270830122,-25.364663983215305,123.28395197596738,-0.007322098623829601,-0.01414338463519767,0.9976229373228509,0.06704346702051527
robot3,2128,1722895273631063054,24.772003429345645,-25.036856954391205,123.10347560934068,-0.00460587276495167,-0.012177061733958824,0.9997485676329992,0.018256686976741786
robot3,2129,1722895274129420994,24.55019306477002,-24.89312846167457,122.94487270879488,-0.0034637925210009735,-0.008519643913707119,0.9988358104647511,-0.04735442473707073
robot3,2130,1722895274628414907,24.296494766233184,-24.64271112235726,122.88759389924482,-0.006136731876492607,-0.004034693561664874,0.9926506542209886,-0.1207921373450391
robot3,2131,1722895275130693055,23.84187871374781,-24.276988685588076,122.76845854830826,-0.0060772478721354386,0.0010113857583641857,0.9808535022529364,-0.19464956017236995
robot3,2132,1722895275635198119,23.402680489423894,-23.884098288313115,122.49926410627353,-0.009289627223299497,0.00010412396535145041,0.9731614782312261,-0.22993570682055223
robot3,2133,1722895276133475262,23.274409720663883,-23.761693701059748,122.19406537500538,-0.007998354639720073,-0.0011582806314528614,0.9582685363128433,-0.28575530970023505
robot3,2134,1722895276633218750,23.170861898636158,-23.534227087352498,121.89609524876735,-0.012692789758219426,0.0006193493504937387,0.9406522553100899,-0.33913396184189104
robot3,2135,1722895277131459986,22.974318976500324,-23.3419009871301,121.61125919868462,-0.018612639481420327,0.0012111030485804184,0.9166368127608038,-0.3992856826542314
robot3,2136,1722895277647963012,23.00101182770532,-23.345083553922365,121.51213648809178,-0.018451352629168284,0.0037061296602368056,0.9064882234041741,-0.42181146620100296
robot3,2137,1722895278138251209,22.963517330981396,-23.302532517740026,121.37504734979592,-0.019466607641503725,0.0036170619531360948,0.8961061205624657,-0.4433980026344803
robot3,2138,1722895278631064217,22.859762023623034,-23.130371270387556,121.1823706262301,-0.02379764058840539,0.006161984494903538,0.8707694382263925,-0.49107666173460385
robot3,2139,1722895279132055446,22.70818915885469,-22.840337330258482,120.85444085435103,-0.024129826740937357,0.009874241037520687,0.8711040664755221,-0.4904059096250722
robot3,2140,1722895279634213408,22.50290480209915,-22.55261235065614,120.50201546461773,-0.023445854040737634,0.01177109059724089,0.878210389584541,-0.477554441901885
robot3,2141,1722895280129656765,22.438862274012987,-22.479911425875635,120.30584265661165,-0.020915366417066063,0.012507089696225195,0.8828935541916009,-0.4689403929305868
robot3,2142,1722895280631150024,22.282797260326188,-22.341226511261905,120.03564343482444,-0.017876466011207327,0.011932451867454192,0.8879396795590684,-0.45945747792360514
robot3,2143,1722895281132629108,22.183623264281717,-22.219351987001733,119.8612232487887,-0.016521892423417027,0.009024598471122015,0.8927300707658591,-0.4501984056430766
robot3,2144,1722895281632297644,22.10440410760708,-22.122535594057698,119.67757995652794,-0.01452964032155557,0.007358538786765402,0.897613179767707,-0.44048305411940203
robot3,2145,1722895282133711717,21.9243395696593,-21.90428077812883,119.44183433505818,-0.011994755476800383,0.006513719882072208,0.9024434589451713,-0.43059203511145483
robot3,2146,1722895282630991622,21.730997226935497,-21.648068366898126,119.19818145106171,-0.01047182161245917,0.0032108027998927766,0.9139050068209588,-0.4057803225947263
robot3,2147,1722895283137816640,21.526652296534525,-21.418741025118358,118.98804503138328,-0.008729294669925454,0.0012827873220014779,0.9211644905624182,-0.3890734316271578
robot3,2148,1722895283627140025,21.341008106629012,-21.205052701091404,118.7673020832174,-0.00952408504684843,-0.0017943372777374012,0.9282688186938602,-0.3717836365393982
robot3,2149,1722895284131491784,21.176664302999534,-20.980909168723272,118.5081980011332,-0.010101087883998945,-0.0014608802331925316,0.9307156017184157,-0.3656012890710744
robot3,2150,1722895284628346296,21.051566686754658,-20.811054035777925,118.26852591727236,-0.004265360178565535,0.0019345503426857831,0.9294662289496237,-0.368877477571733
robot3,2151,1722895285130439819,20.95624000908162,-20.609163064681077,118.0569125493025,0.0004024733964044959,0.006511979010571096,0.9254671697484977,-0.37877163286370397
robot3,2152,1722895285628309818,20.79916703109293,-20.336411730310324,117.77593552599843,-0.0016785480532922922,0.006699322362058658,0.9120832209857767,-0.4099469472413875
robot3,2153,1722895286128460615,20.63680845153803,-20.0980247723095,117.41311024197344,-0.0004493471475482025,0.006891590506450834,0.9010383567843673,-0.4336844286699254
robot3,2154,1722895286630314934,20.46776783195247,-19.84835425145916,116.96380744155371,-0.0018089981063994633,0.0076658449021330686,0.8884318708746881,-0.4589409255687368
robot3,2155,1722895287129411666,20.378099225806782,-19.63403525931862,116.45464894837957,-0.0007365008172110242,0.009711716394669374,0.8653971300353922,-0.5009919634662038
robot3,2156,1722895287627721306,20.304944793344987,-19.430864122662193,115.86806289691573,0.0005254533163644382,0.010888443240663022,0.8402881306227505,-0.5420304633847903
robot3,2157,1722895288131628668,20.222418817585982,-19.20492335310967,115.275530086399,-0.005550250715135896,0.008925167930827189,0.8314194467730854,-0.5555458933535035
robot3,2158,1722895288629423393,20.12167522118852,-19.026214966617545,114.76586804242667,-0.00759616354033298,0.010191231819226152,0.8339726724911044,-0.551659332044261
robot3,2159,1722895289131892671,20.079123304297013,-18.866200221155392,114.31257163377298,0.0009684032743777412,0.011074889831950213,0.8382429820452922,-0.5451835581362706
robot3,2160,1722895289632083306,20.0243146895531,-18.743863846034525,113.88734653778262,0.003537357037521362,0.007595137750006097,0.842372282929941,-0.5388308992060002
robot3,2161,1722895290128421174,19.918590397095898,-18.558963840266287,113.50296810693676,0.008935812209271164,0.0036124652160769953,0.8449347413380387,-0.5347825579011017
robot3,2162,1722895290636363857,19.768914753857253,-18.312926951956705,113.07640259752877,0.000777031540105543,-0.003271046587450123,0.8691283038085497,-0.4945752601931094
robot3,2163,1722895291136148307,19.59453268713551,-18.084566892143425,112.87293081908523,0.000913589315366861,-0.00207362970100503,0.9148360174939574,-0.40381917551079943
robot3,2164,1722895291637334034,19.492875750788457,-17.975991638755886,112.71911114463632,0.00733850102989982,-0.002964458214593217,0.9397535175858852,-0.3417611513543974
robot3,2165,1722895292133288222,19.16492147498369,-17.67321594552408,112.58807595038691,0.00733782465765423,-0.00904114727292686,0.966997061586052,-0.25452130926353494
robot3,2166,1722895292638392896,18.84710645048557,-17.34328667531962,112.49612239915653,0.011009493657930126,-0.014419209102690629,0.983500391149961,-0.17999405008533684
robot3,2167,1722895293133000246,18.649561149436625,-17.161811079699685,112.38205750597659,0.012079696518654271,-0.018245578175554885,0.990148058108661,-0.1383040231978261
robot3,2168,1722895293633216125,18.406229440795798,-16.911040623538938,112.28697022259871,0.008943926134997894,-0.023654277285434896,0.9938435619227635,-0.10786776986695186
robot3,2169,1722895294131292790,18.157197745829116,-16.64688245507754,112.21485797811253,-0.0021848547777948498,-0.0286610040990973,0.9947718533174695,-0.09799353601619998
robot3,2170,1722895294629430453,17.824619119908256,-16.366543111215698,112.17564368590317,-0.006903477688433265,-0.026301096479074852,0.996279188023651,-0.08178247875149276
robot3,2171,1722895295131571678,17.506147340254103,-16.113376293247097,112.11794147677261,-0.009646007797395157,-0.020581975394135556,0.9969704027675268,-0.07438650971784674
robot3,2172,1722895295632192128,17.261097996512618,-15.869936880663554,112.07277580863152,-0.009742501827780064,-0.016164980620884412,0.997731394091172,-0.06462075753617068
robot3,2173,1722895296132214443,16.90017707216499,-15.548914984277161,112.02740808632197,-0.010109646781178726,-0.010289434125168999,0.9985462162828987,-0.051936273782877754
robot3,2174,1722895296630397192,16.68152903538017,-15.341096476197443,112.00091778679379,-0.004992855571392031,-0.0075705446474833545,0.999069956923608,-0.04215423370960109
robot3,2175,1722895297130785594,16.536513742393257,-15.180378087150887,111.90999658144564,-0.0013954493490536313,-0.007792322104734072,0.9995102528491919,-0.030275185989104433
robot3,2176,1722895297628931829,16.31566425665643,-14.986243143342273,111.90371277374102,-0.001657874296877518,-0.006943622787822216,0.9997672010432522,-0.020361268956952852
robot3,2177,1722895298133334173,15.995461840639265,-14.699069791237319,112.02432302455982,-0.008834889705069102,-0.007430940661695662,0.9993045866674455,0.0354551676090735
robot3,2178,1722895298629365859,15.671434199461379,-14.425425985215018,112.07978658653452,-0.005122996526336784,-0.008238000439446913,0.9984937677515867,0.05400079644404419
robot3,2179,1722895299128127006,15.435719377574625,-14.210266184002275,112.08463494274525,-0.005924071156534252,-0.010279583178343944,0.9971958732361311,0.07388928170879537
robot3,2180,1722895299629229065,15.091746116763451,-13.907478304866219,112.16763951511145,-0.0189004884895328,-0.0050247898973408605,0.9960188446642271,0.08697116818281198
robot3,2181,1722895300134150826,14.801485596978416,-13.641870550962716,112.27100138358246,0.014090132173133367,-0.002900067388706711,0.9945913370092446,0.10286462040297299
robot3,2182,1722895300627140436,14.410503400950137,-13.401578265288254,112.37258650547942,0.016212948624218817,-0.0037244978283850734,0.9930427102681596,0.11657377061802005
robot3,2183,1722895301130086159,13.919399252039021,-13.019030668959463,112.62701551699773,0.00534493871176663,-3.189831300470841e-05,0.9882775053182169,0.15257458207272515
robot3,2184,1722895301630218574,13.456262223794281,-12.643945529887072,112.81997389989594,0.0056985042789061665,-0.0018546858945823136,0.9872385238847082,0.15913574126247768
robot3,2185,1722895302132318131,12.852898929289196,-12.19796093501492,113.00747889804013,0.0072128428303603,0.002244269766859111,0.9876801032849574,0.15630403618120015
robot3,2186,1722895302628996434,12.205325316086997,-11.698818791649584,113.21771017136906,0.007537912328585789,0.0039532411442504255,0.987922943941372,0.15471201826747263
robot3,2187,1722895303130467129,11.568404209142273,-11.170390569839938,113.4023985670906,0.011040183320450545,0.0012631898147000829,0.9884580133313056,0.151086976887062
robot3,2188,1722895303628521832,10.987490845297424,-10.643193206480948,113.49293851169655,0.006081535762436416,-0.0034983853183723776,0.9888546498524193,0.14871872003276324
robot3,2189,1722895304132747018,10.472739947304875,-10.212402209341729,113.60909942704679,0.009642664729982198,-0.003053714579183942,0.9879562225259299,0.15440270793114097
robot3,2190,1722895304630126597,9.804149553834744,-9.718603556436035,113.84607347179625,0.009738149305110334,-0.004551847239193769,0.9878681756545071,0.15492229233992852
robot3,2191,1722895305128460148,9.185844937566172,-9.254776950617014,114.07467241046444,0.010316107000081919,-0.005186560887623184,0.9891640291126866,0.1463598340805213
robot3,2192,1722895305628317730,8.611284290438944,-8.77758774770551,114.19186870566442,-0.0032910321789831414,-0.00346712618429913,0.9886952015279717,0.14986309291744307
robot3,2193,1722895306131526464,7.98854730195671,-8.26518103753643,114.31864137313276,0.005971710444354254,-0.0019781801767938686,0.9887334842098218,0.14955441377593348
robot3,2194,1722895306628434489,7.471627104425129,-7.806448138493398,114.47335486452495,0.00026221096767421964,0.0016305736800912996,0.9873950420122451,0.1582665583265113
robot3,2195,1722895307131459338,7.010646792835696,-7.396579943663126,114.59736312202644,-0.0076464993076382605,-0.001325332585733786,0.9859596072991702,0.16680355906377273
robot3,2196,1722895307627510506,6.462939501726475,-6.9350296856335945,114.81416811864898,-0.012613107529691045,-0.003933106906769492,0.9851470864855857,0.1712035577243252
robot3,2197,1722895308127960573,5.906526509386065,-6.517578954945833,114.99311082053838,-0.0004370946694379878,-0.01064973558202759,0.9857315916391162,0.1679869677233846
robot3,2198,1722895308630994608,5.308959458149179,-6.057865997082232,115.28859267303707,-0.0024038436795230647,-0.011964087689403621,0.9834813269460073,0.180597789825472
robot3,2199,1722895309130149429,4.5908508704751405,-5.531622904352262,115.69457163567726,0.006528729672812753,-0.009142970057978109,0.9819328261224036,0.18889602105562667
robot3,2200,1722895309632006966,3.857940493730508,-4.940807980752874,115.68906225572728,0.008828453267808338,-0.007643125833307584,0.9929012843945136,0.11836672035719936
robot3,2201,1722895310128233695,3.106417921018461,-4.295259168908646,115.54836255956805,0.024580720425640926,-0.015940746184529953,0.9982213644773572,0.0519209812638411
robot3,2202,1722895310635466656,2.3655482584088645,-3.624648809071302,115.41398947304445,0.019087670872407276,-0.006204798319744082,0.999106925619563,-0.03718215267440683
robot3,2203,1722895311132318372,1.7511452431223171,-2.9668989364704785,114.89217989820078,0.005229622721923379,-0.0028078848313369876,0.9816652163385166,-0.19052078590015742
robot3,2204,1722895311637506571,1.5384349389665615,-2.551309091814883,114.16204868030515,-0.008020193184762773,-0.015998126736152835,0.9417728447480966,-0.3357732052104372
robot3,2205,1722895312129700623,1.5405689301857162,-2.393812071905734,113.56372679723027,0.011713871115116696,-0.003982483854502669,0.8946537914859025,-0.44658875761235445
robot3,2206,1722895312630450775,1.5069684550846727,-2.2093483743701867,112.87887120668513,0.01301293505353916,0.002981423733194304,0.8046349340071502,-0.5936197415931553
robot3,2207,1722895313131030673,1.571062794747668,-2.146756955278881,112.41481686293639,0.014814847647112274,0.008967778351383132,0.7412852322296218,-0.6709666934497635
robot3,2208,1722895313631002450,1.8846904585129391,-2.0925118489663466,111.5836990159363,-0.011860512002001328,-0.0026074198566874616,-0.6378104474530067,0.7700976319509991
robot3,2209,1722895314133945292,2.4314391372535606,-2.267126523226129,110.75827811657146,0.00484337801653234,0.002853545053847227,-0.454390354475065,0.8907849374175786
robot3,2210,1722895314628983539,2.9032174863918803,-2.576878352441637,110.42480802586742,-0.001773105097875277,0.002882535876126863,-0.35618837111552437,0.9344080432912081
robot3,2211,1722895315131874149,3.428540263110796,-2.924346370557146,109.95237643232507,-0.004115765334005852,0.006830137384023509,-0.32696680263905525,0.9450021797176046
robot3,2212,1722895315631406300,3.899945499282308,-3.248182042667824,109.46226197222411,-0.015068933017765808,-0.016227417577376207,-0.31209768137920235,0.9497918906024632
robot3,2213,1722895316129415374,4.22002275573418,-3.4415922815026967,109.20492732437947,0.01393941018107195,-0.0027698540495829558,-0.2984122081244327,0.9543312709927555
robot3,2214,1722895316630351938,4.800544740019241,-3.8346305103034393,108.86269128721771,0.017958718119210258,-0.019980034071098943,-0.23827162015923736,0.9708269246929262
robot3,2215,1722895317130825542,5.364951227691949,-4.248482225676904,108.48338014192096,0.014427178709011241,-0.005171289544446435,-0.22482541329502198,0.9742785268164685
robot3,2216,1722895317629472686,5.774843826234622,-4.465412334068121,108.17621359270898,0.014346167396024352,-0.0070735733860372504,-0.22874389060155068,0.973355220129354
robot3,2217,1722895318132923779,5.969846743607481,-4.665287857688377,107.97993685716021,0.013680248577216314,-0.009222197528415679,-0.22923806639939986,0.9732305537667202
robot3,2218,1722895318632021958,6.306528723979776,-4.927384046864641,107.65406545125447,0.014884024538767183,-0.007792661585601051,-0.22441623242326686,0.9743485489617605
robot3,2219,1722895319131476528,6.633709233260389,-5.0761503505594705,107.41710165388889,0.016404878906675507,-0.008753368601710386,-0.22324680750108747,0.9745845891592747
robot3,2220,1722895319630862570,7.132508258229117,-5.487282550828093,107.11985067841336,0.017624901251770842,0.004069918326164019,-0.18208335518857197,0.9831167023217315
robot3,2221,1722895320132576787,7.692859053961407,-5.921384488399911,106.8093571650054,0.013541886349981658,0.011973591071021946,-0.18368592085600788,0.9828187691076257
robot3,2222,1722895320637106933,8.256964892894485,-6.305234110401033,106.54737846747977,0.0013530217116575595,-0.004429223878353869,-0.18944912826199575,0.9818796153851311
robot3,2223,1722895321133605178,8.599408827012457,-6.700926400214852,106.45929320378208,0.001355830507207403,-0.007436661916775329,-0.16564930846305864,0.9861557505733473
robot3,2224,1722895321632792279,9.02306899364037,-7.079235538235805,106.1273490575784,0.004569212057835285,-0.010030968381217177,-0.15811265902946242,0.9873595540780159
robot3,2225,1722895322129171397,9.455545181543044,-7.323766790852941,105.95734695345843,0.005839543246562399,-0.00845940032984606,-0.14409101897163304,0.9895110492220123
robot3,2226,1722895322632388857,9.828942915753816,-7.653379453263395,105.80023128451944,0.004523278311135599,-0.010874959145742609,-0.12680468463702133,0.9918577756770393
robot3,2227,1722895323130386304,10.292094518179551,-8.106867449741213,105.65129942447895,0.0062710910178735094,-0.015042513122568333,-0.05591464257947914,0.9983025337850305
robot3,2228,1722895323632353621,10.731207111323737,-8.49473163652853,105.65751990728353,0.003927449154876537,-0.011478485634325864,0.020507374286750073,0.9997160932537504
robot3,2229,1722895324131186253,11.145171718204406,-8.974412159889038,105.65122248990234,0.0037670686866121076,-0.004009500329601136,0.04384150276832549,0.9990233509461289
robot3,2230,1722895324629969378,11.642818703598975,-9.504692059361451,105.7121620730351,0.0051171429618394335,-0.008511479765977688,0.09660198772260244,0.9952735430664997
robot3,2231,1722895325130157512,12.2225440020442,-9.971826505651375,105.7243245547006,0.006484652161493821,-0.0035099539883649443,0.12048327152689169,0.9926879725228474
robot3,2232,1722895325633885567,12.729375602280774,-10.420622097144992,105.73897932946515,0.0070410865018962245,-0.007640941616576258,0.13744703015970403,0.9904546193604038
robot3,2233,1722895326130917923,13.215486638882243,-10.85343409040877,105.69436200208406,0.008651701549432404,-0.006391675465359899,0.1428618248461267,0.9896841887929096
robot3,2234,1722895326630762651,13.819132647931562,-11.361384123274213,105.7230743786534,0.00848749764130201,-1.21781577910365e-05,0.14293892352581766,0.9896951178907379
robot3,2235,1722895327130449634,14.303950406015531,-11.800207185975117,105.76177308695803,0.010315907443240147,-0.010924937170697728,0.14175570621564546,0.9897876275023559
robot3,2236,1722895327630769256,14.651073975049739,-12.07053165537634,105.7114806470842,0.005157299821115518,-0.011576167732789303,0.13696634917641914,0.9904946308751303
robot3,2237,1722895328129144050,15.191683090856051,-12.541758942024725,105.75021467865184,0.003033181539766106,0.002009067213844709,0.13731320889975168,0.9905209973142065
robot3,2238,1722895328633335526,15.565105518051016,-13.020315909324882,105.77506641296974,0.0036892973347896585,-0.017414526467687978,0.1378484614660344,0.990293353014413
robot3,2239,1722895329132768551,15.992024618098489,-13.464090326609128,105.73739203228388,0.0012471929490131181,-0.01214517921003304,0.1388701041571011,0.990235342382355
robot3,2240,1722895329632765167,16.49913296617157,-13.933121216448146,105.71292885802518,-0.0023209613153695983,-0.016203897344283506,0.1391370628888074,0.9901378311023696
robot3,2241,1722895330137637468,17.034202015654774,-14.362244141716529,105.69670191269148,-0.0043814519209052,-0.016937746195509695,0.14025688062401953,0.9899605664219666
robot3,2242,1722895330632861570,17.51109060153532,-14.854652050023736,105.61473412023456,-0.0035384784538852075,-0.02566242497163646,0.11756396355915283,0.9927273712289134
robot3,2243,1722895331130257657,18.093072548997352,-15.416531880507621,105.46074552151103,-0.0010706012149801327,-0.01723382083865809,0.07019291553704106,0.9973839801404218
robot3,2244,1722895331632927859,18.70735473161458,-15.96260317747628,105.30019546095983,0.0011645535669352204,-0.01597403198564968,0.05846813640312366,0.9981607842139746
robot3,2245,1722895332129693210,19.277501275243466,-16.41144655467536,104.92841659101862,0.011527452629625201,-0.012777740364496385,-0.04687058830028833,0.9987527197156633
robot3,2246,1722895332631459854,19.846856024342422,-16.8566438224367,104.53829812657185,0.01427135540998198,-0.018102287054560125,-0.07574247839065089,0.9968609294106164
robot3,2247,1722895333131853548,20.4502727550621,-17.35543299031314,104.1484234357074,0.0127320179807516,-0.015412013425945198,-0.09022314125890744,0.9957209199076172
robot3,2248,1722895333631592535,20.915988181039243,-17.745619966915736,103.7764251489361,0.00998386682075546,-0.010878008373840212,-0.10223851084044956,0.9946503296326059
robot3,2249,1722895334132373057,21.311003267091852,-18.100603333040393,103.45605985509863,0.006738937979111516,-0.01327241481934878,-0.11086461425723752,0.9937240396736765
robot3,2250,1722895334633938518,21.872513714712856,-18.57129395646769,103.07903592964355,0.00821948392766569,-0.005733753293898073,-0.09851687400605115,0.9950849158203552
robot3,2251,1722895335128787032,22.322885494553375,-18.99289538442955,102.75807313084299,0.009049845706901455,-0.010691581853141606,-0.09304078439201471,0.9955637612980284
robot3,2252,1722895335632446241,22.828621299635525,-19.387966742984617,102.44170128590129,0.0101027651354457,-0.011373035739984917,-0.06403648861756538,0.9978316071964284
robot3,2253,1722895336131960292,23.49758016325109,-19.881983552142774,102.10731501933952,0.010103890235038793,-0.009846971739550632,-0.06118356332640798,0.9980268133313666
robot3,2254,1722895336631642113,24.09859768848537,-20.341606049030286,101.77957363760488,0.008220191370159583,-0.012590956250456564,-0.0383007148578922,0.9991531171526772
robot3,2255,1722895337130155471,24.542272231027727,-20.764678141669823,101.54535932948299,0.006038074624410385,-0.011890201082062969,-0.009869667651771052,0.9998623677454321
robot3,2256,1722895337632114726,24.993287154079564,-21.130379243506383,101.31889314363967,0.006766342738738768,-0.009905358657761347,-0.006235988725466869,0.9999086022834381
robot3,2257,1722895338129879348,25.387725081082944,-21.469101215453705,101.14707484732403,0.006584941162931684,-0.010434299796277503,-0.0039534560612802605,0.9999160635387421
robot3,2258,1722895338631115031,25.77074443533396,-21.80015457948114,100.98347568948986,0.006594093366693728,-0.010267962691123466,-0.0028961216698290336,0.9999213465838793
robot3,2259,1722895339130852515,26.224558563680738,-22.179884101840383,100.77917019065518,0.006211077817933557,-0.007443671244830873,-0.0022847009308824538,0.9999503959759178
robot3,2260,1722895339628415190,26.62727288695243,-22.541052089467787,100.58193715921249,0.00844222206988227,-0.00797024691867913,-0.001655357419034108,0.9999312295565098
robot3,2261,1722895340133166390,27.12020995482158,-22.971184804164345,100.3835980065996,0.010531079016987802,-0.007455858863790023,-0.0014347336567548995,0.9999157204898198
robot3,2262,1722895340633790309,27.53588654667474,-23.363872854802633,100.18233553811093,0.011499774968231288,-0.008635637134801697,-0.0013247216510666423,0.9998957075912984
robot3,2263,1722895341132970247,27.997509853734215,-23.823213041383998,99.9693186464192,0.01216738887125339,-0.007496453431769787,0.009625095509919928,0.9998515466660168
robot3,2264,1722895341632060813,28.418558777498,-24.25370045823959,99.81294074720823,0.013379254489649358,-0.007850758383890965,0.01905923414788547,0.9996980077682436
robot3,2265,1722895342131354482,28.89530641807047,-24.692416996437323,99.63641371556511,0.015704052014452075,-0.005962712325462015,0.02399795577440622,0.9995708713896684
robot3,2266,1722895342632117842,29.359552936230838,-25.14121336111277,99.44712907344375,0.017375041353707887,-0.0066382872911199915,0.03280485565225236,0.9992886882805351
robot3,2267,1722895343130793674,29.91594744542046,-25.627455544399435,99.26899055882927,0.019722768390827344,-0.006981774418578359,0.04347356295779079,0.9988354802252095
robot3,2268,1722895343633483793,30.463341479362185,-26.069749585844757,99.15413472448297,0.020059819870984846,-0.008382035139779373,0.07839917601047727,0.9966849624201909
robot3,2269,1722895344133307986,30.935336102548145,-26.52777788743654,99.04317460115789,0.021593274246123135,-0.007949907167311598,0.10584230324452913,0.9941166613266553
robot3,2270,1722895344628123983,31.408072922965268,-26.976503861151045,98.89851183061728,0.027228406492674783,-0.013293023651660527,0.13612548816563852,0.9902281357716173
robot3,2271,1722895345130484151,32.002244009155184,-27.446909990922176,98.77936529715772,0.02790033020477189,0.0019296685448571198,0.1456938641174042,0.9889343486361019
robot3,2272,1722895345628215187,32.456568830095605,-27.898787600333552,98.60717677662655,0.026316599472600906,0.000431516675311998,0.14417712628272492,0.9892018027897104
robot3,2273,1722895346128327464,33.03501943482465,-28.425141718972803,98.49570738660358,0.025216573449503937,-0.005137039650277041,0.14574776447764387,0.9889870193267789
robot3,2274,1722895346629282752,33.60947716746719,-28.924587134631288,98.38031386623726,0.025594161945518234,-1.1735055940848484e-05,0.13906427863411408,0.9899525570170363
robot3,2275,1722895347127009157,34.102784553721634,-29.432443783094858,98.23838809420107,0.030815638852166927,-0.013004559965222793,0.13252079451630477,0.9906157261234102
robot3,2276,1722895347628022643,34.66135453692315,-29.95538701274482,98.14809371465212,0.024616305710486026,-0.0020671672467982675,0.12768154084868683,0.9915075332236497
robot3,2277,1722895348132512933,35.19074135779295,-30.5094320520965,98.05054672460768,0.017976421955443123,-0.00459221567512603,0.1284950431936256,0.9915365770779921
robot3,2278,1722895348632111325,35.640239538500914,-31.027516089456817,97.8788841252387,0.014452091130925469,-0.012136197446326472,0.12662801001189206,0.9917707380508438
robot3,2279,1722895349129824767,36.15271000510698,-31.50634098063566,97.80951726575707,0.01220415535347127,-0.009399917584986577,0.14265308751546435,0.9896528667991665
robot3,2280,1722895349628791699,36.81777210163556,-32.0516177796011,97.78472040199694,0.010513250707329403,-0.008750922653623611,0.13922581114329083,0.990166181215945
robot3,2281,1722895350133684899,37.432791125542,-32.607509903458144,97.68282773297474,0.01090738099760342,-0.005532504570626863,0.13633002773146688,0.9905879789153947
robot3,2282,1722895350628732769,37.98399835838929,-33.0988837068988,97.57846258790785,0.011557350143229497,-0.006949310382145905,0.13402074478631415,0.9908867617996524
robot3,2283,1722895351132505015,38.680537828726855,-33.748291020420936,97.45457102775181,0.01210163677786461,-0.00471419413837427,0.12609536343334748,0.9919331056485282
robot3,2284,1722895351629236541,39.37372777380971,-34.35203420673058,97.2753068743658,0.010827036916272088,-0.0043982898108939385,0.11896837879646989,0.9928292678828987
robot3,2285,1722895352128931358,40.00710288974221,-34.904004465379025,97.06124055060471,0.010249087774140122,-0.002510017213283581,0.11255540858468348,0.9935894202394276
robot3,2286,1722895352632039336,40.570296747601795,-35.419849809491275,96.88695278904385,0.009081101439308636,-0.00274257041385312,0.11062624930074155,0.9938168064939455
robot3,2287,1722895353135766592,41.115508590859164,-35.89198961915197,96.73145456721835,0.00918611362855554,-0.005670323908855949,0.11155349844263328,0.9936997935636201
robot3,2288,1722895353629079164,41.548647258436105,-36.29794716992264,96.53527259967662,0.009230101745554184,-0.007086547823468191,0.12157703736814515,0.9925137833030315
robot3,2289,1722895354129585117,41.97512320550821,-36.74719523414738,96.35684858235135,0.007660984132218974,-0.005731691664211066,0.12159624739455509,0.9925335307446064
robot3,2290,1722895354630470448,42.58479199377767,-37.23263674442578,96.27509610639333,0.007151878496067134,-0.003155172358019728,0.12186488294476268,0.9925159171651747
robot3,2291,1722895355132770507,43.052015881193306,-37.66345856918341,96.14277447677088,0.008724752109181095,-0.00761995073067487,0.12095648047024356,0.9925902200222139
robot3,2292,1722895355631382533,43.51795487129601,-38.13465873815247,96.03961540971169,0.010354441986724201,-0.004138849751417261,0.12030058970643004,0.9926748831164027
robot3,2293,1722895356129838365,43.93392830835586,-38.53049662099314,95.9202264974455,0.007982549680099397,-0.007984568894518356,0.11783731340210261,0.9929687271663434
robot3,2294,1722895356630020610,44.51926772704882,-39.09070739852597,95.78911926138112,0.015360511988932698,-0.012466135478391356,0.11545722062608035,0.9931154415993002
robot3,2295,1722895357133266546,45.06084883018728,-39.57466306548187,95.68347745801813,0.011078298737749058,-0.007489002623790126,0.1329148620057043,0.9910372473296767
robot3,2296,1722895357630437533,45.47023775630614,-40.06080157977304,95.53053628726833,0.00930766157432785,-0.004509119650609214,0.13181490011489955,0.9912203929417984
robot3,2297,1722895358130907611,46.04974497466174,-40.652167024477244,95.40044988394841,0.007020768807331084,-0.0023082200421540985,0.12989531599864415,0.9915001703515756
robot3,2298,1722895358630437481,46.660434529859884,-41.22901377261466,95.25869521473513,0.006117115207821819,-0.0003995353601060306,0.13228719686021953,0.9911924731452998
robot3,2299,1722895359128431277,47.18696168790589,-41.72885714167488,95.09372948483174,0.004111959993322886,-0.00510242862505442,0.1305375157736653,0.9914217134916804
robot3,2300,1722895359628947695,47.802359701817366,-42.291583645778296,94.9414260667721,0.005368176747030439,-0.0015882175510065063,0.1282192951914115,0.9917300401742608
robot3,2301,1722895360135111903,48.400551048777956,-42.901413878508166,94.83125225763253,0.006585383650850289,-0.006307307994460129,0.12562919664583627,0.9920353600241052
robot3,2302,1722895360634368685,49.01144370077937,-43.537995665093966,94.68036353506665,0.0066321540212136675,-0.005861101190458469,0.12291328903198974,0.9923779448401766
robot3,2303,1722895361132318433,49.58577513620485,-44.08220674776222,94.50477977661124,0.007395704737006847,-0.0077776655384648626,0.12095923836015954,0.9925994530149334
robot3,2304,1722895361634053960,50.120097578749544,-44.59495346280854,94.34955531277078,0.0075478663141795455,-0.00761442402035108,0.18448530020859952,0.982776792699077
robot3,2305,1722895362127427813,50.39238529391151,-44.84142137310883,94.55167955667685,0.001904917611325479,-0.003056787381931913,0.3775626890530299,0.9259770208676027
robot3,2306,1722895362635663115,50.4961087680775,-44.9293624657437,94.70310601641327,-0.001316171624023027,-0.0007015303969181872,0.5089934621512134,0.8607690927505933
robot3,2307,1722895363140224840,50.52196764199041,-45.06032537239012,95.10305292954237,0.0011388589951493845,0.002788617592989342,0.6345855664407142,0.7728467412606637
robot3,2308,1722895363635278709,50.652779700805795,-45.33575771095326,95.72576647725674,0.0037233261170344836,0.0013609469360379212,0.6702532676597417,0.7421218510847812
robot3,2309,1722895364140355243,50.64925632229621,-45.492612146084284,96.34851971162266,0.0012936151844097797,0.005211182161274086,0.7661716921824775,0.6426134983319878
robot3,2310,1722895364629886450,50.72064791403555,-45.682224739055705,96.70897438487783,0.00188532791012576,0.008091043003419474,0.7914116562649921,0.6112271025483819
robot3,2311,1722895365136663242,50.67966759026536,-45.852765002383244,97.4116408195253,-0.004756318039203269,0.01339300733460557,0.7965305276064403,0.6044312395833383
robot3,2312,1722895365629327769,50.585266628774455,-45.916963444809156,98.31207429474368,-0.021039167542040695,0.02998895532259718,0.82014240257247,0.5709855125048741
robot3,2313,1722895366131913730,50.44567563426038,-46.03018057308656,99.07085402685189,-0.011730583307226835,0.028287973816906512,0.8542937786875947,0.5188875828619118
robot3,2314,1722895366629253282,50.344704214169894,-46.19151816271113,99.83813732068346,-0.0041601335470951096,0.024404467573811765,0.8524754430680398,0.5221807486084281
robot3,2315,1722895367131126325,50.25820108266845,-46.48862830019734,100.42258060077486,0.0016863593893726588,0.02000072422877246,0.8465530543536613,0.5319257968803743
robot3,2316,1722895367630848524,50.23616523805326,-46.60484036257576,101.05910928982954,-0.0004219608102844812,0.0183179992539509,0.8407271621012081,0.5411488813234818
robot3,2317,1722895368130670827,50.14355479433903,-46.62407416948731,101.8884947353865,-0.004264119290237486,0.025790251825644324,0.8352979583222016,0.5491757469337208
robot3,2318,1722895368630999644,50.0846365262698,-46.787368956825155,102.63585695712584,0.019406645112294816,-0.00897020292805487,0.7983484623307558,0.6018161266358958
robot3,2319,1722895369130663358,50.17535522822861,-47.00696013977725,103.14072778046504,0.00813746802428449,0.005822978408930059,0.7874689059326248,0.6162731510668609
robot3,2320,1722895369632560185,50.170919854513734,-47.29705437433886,103.85372463138837,-0.011221711796913647,0.02109554265315694,0.7509324573028304,0.6599465855913255
robot3,2321,1722895370131460901,50.32632361059147,-47.518036048162614,104.57867436199906,-0.012324593775461086,0.01581867197835882,0.683030298409589,0.7301147070561027
robot3,2322,1722895370635660862,50.73267668973469,-47.85640517381465,105.25312391942862,-0.012532168860249266,0.01563168722004451,0.6271005455558883,0.7786806154398735
robot3,2323,1722895371127973278,51.11817783386856,-48.169877435120505,105.93303323750156,-0.01102271933112451,0.015883605700594376,0.6150653768757157,0.7882390455294822
robot3,2324,1722895371632595976,51.49515928473308,-48.597397673037406,106.64404158533857,0.0022564411573715182,0.00595487963017147,0.6002682812328699,0.7997733669156718
robot3,2325,1722895372129595338,51.84555324743465,-49.05090061797218,107.2434993376049,-0.003580902232462544,0.007723091243136327,0.603409453292709,0.7973860813168522
robot3,2326,1722895372628034824,52.02185011793425,-49.40667778895942,107.47090459521691,-0.0017238246580821908,0.008089869068315807,0.6068776346385619,0.7947522375070798
robot3,2327,1722895373131982191,52.09649799699539,-49.58323820817911,107.81166408312151,-0.0009933772596982641,0.00864410881822668,0.6140281945782159,0.7892361299683227
robot3,2328,1722895373630512872,52.21258931649964,-49.75762257226565,108.27564457408629,-0.0028165328116626057,0.007068912829005767,0.6066733292372347,0.7949148188369284
robot3,2329,1722895374129296863,52.31566823258937,-49.977775900463335,108.73006082998324,-0.0057386852804996915,0.0033897508623264797,0.6073433470599373,0.794411502851246
robot3,2330,1722895374630741957,52.43528485151437,-50.27414609838487,109.24261769656566,-0.00824454616736162,-0.0065211007159954515,0.6036789453790365,0.7971582236984074
robot3,2331,1722895375134487065,52.60528638276822,-50.48820463563514,109.58812611017476,-0.0021086875450502945,-0.016448262826956685,0.6289222255154463,0.777291349713549
robot3,2332,1722895375628873412,52.61738726736693,-50.54991254336474,109.80030109286716,0.0060454961838254575,-0.02155626984214096,0.6808410281777046,0.7320889792616126
robot3,2333,1722895376133998881,52.43103027880149,-50.77758721756308,109.89716900541991,0.017187361332217644,-0.02436493933623243,0.7468474567793197,0.6643265918536149
robot3,2334,1722895376629409481,52.1386202458371,-50.8239042510182,110.22095351481049,0.02056870476828708,-0.020762004935331785,0.832545582842448,0.5531850685121109
robot3,2335,1722895377133770162,51.9012198808658,-50.77549541528018,110.70011129577082,0.01398449892429287,-0.009630459502781791,0.850551289365477,0.5256179146474428
robot3,2336,1722895377629087080,51.627789512574246,-50.769530497313625,111.1699389854761,0.004456561659264293,0.005781211878399043,0.8695201601160943,0.49384350537298344
robot3,2337,1722895378131820055,51.405708400250916,-50.717890408326745,111.7802163029722,-0.004290838987512982,0.023797500331041357,0.8702811639555184,0.49196134334214253
robot3,2338,1722895378628850919,51.14395212362391,-50.60349550551031,112.41007716542073,-0.005549563927149103,0.02855508570518147,0.8649889885035787,0.5009469624502618
robot3,2339,1722895379128100464,50.923041333676174,-50.49119257735548,113.03630385464713,0.008587142065652894,0.025373209349739377,0.8741452439908779,0.4849253072861501
robot3,2340,1722895379632075520,50.6503143743956,-50.237339651832386,113.618666684242,0.010163256966955815,0.022310174216074567,0.8905434053070339,0.4542371710884349
robot3,2341,1722895380128101307,50.39381919835718,-50.03800331149761,114.22618870840049,0.014328308361344012,0.017501273386717902,0.8897507527448265,0.4558859539395352
robot3,2342,1722895380629212748,50.0646243390333,-49.82649982684538,114.71737287939446,0.01815450015387411,0.013946886031759795,0.9015949972140109,0.4319749523905845
robot3,2343,1722895381130738046,49.81223827386285,-49.5950997380391,115.20329044440209,0.021132480537637756,0.016317042521686476,0.914016842003804,0.40479672049445403
robot3,2344,1722895381628812830,49.35424878817616,-49.23500276235803,115.64895326443316,0.018964408403014967,0.017458781554775687,0.9416738565960994,0.3355382093949589
robot3,2345,1722895382134471895,48.90041420537638,-48.81399704743736,116.0489905208761,0.02048937960650471,0.01588523116103757,0.9541005325122357,0.29836222719065664
robot3,2346,1722895382630373331,48.4354314204973,-48.461253555221354,116.5044754992523,0.019360599700682563,0.0162313262970196,0.9508883742819092,0.30850123319263634
robot3,2347,1722895383131810510,48.00757549345423,-48.12417033761985,116.86160510042001,0.0185649841207618,0.014900856775572107,0.9532476374227055,0.3012511370600614
robot3,2348,1722895383627895109,47.49328912105285,-47.75039058236559,117.1649333007998,0.016918197867437146,0.012301008818958915,0.9508183399631314,0.30904197797825
robot3,2349,1722895384131723782,47.06553453312171,-47.371075062717,117.47114262898371,0.01286122414881905,0.013503298986944344,0.9553627707565293,0.29484610576073433
robot3,2350,1722895384629137618,46.56957445327383,-46.88489539876432,117.85844824812965,0.008993077000108303,0.008222842649780954,0.9573563290194325,0.2886526783372422
robot3,2351,1722895385130193786,46.01629005452934,-46.41868476561727,118.22824852285619,0.009323467938334683,0.007452427322094695,0.9583093848612602,0.28548319943465117
robot3,2352,1722895385628731698,45.58206540967537,-45.989168643457276,118.49331617519543,0.009837775032367746,0.007197744316095379,0.9609496244883196,0.2764547519123701
robot3,2353,1722895386132082216,45.15311191394491,-45.6160245536882,118.70361341731983,0.012986827339479772,0.005431669169126745,0.9690592062810927,0.24642665035979874
robot3,2354,1722895386631144772,44.63011416103327,-45.170909978687405,119.00170401421853,0.016783501956430035,0.006064649320826063,0.9760268738978419,0.21691720890676291
robot3,2355,1722895387131610144,44.29587019499111,-44.48981652328785,119.42558928313873,0.02077419173576206,0.007944188383599317,0.9768779551549698,0.2126376814228762
robot3,2356,1722895387628682184,43.84035451058443,-43.865610466548894,119.6296406917937,0.012292035747018003,0.006295353860575879,0.9846643765759409,0.17391187388812146
robot3,2357,1722895388139102922,43.23466075921213,-43.31815611717561,119.91002592237115,0.020520296815440032,0.00877145575467464,0.983449108668256,0.1798049766890869
robot3,2358,1722895388627903711,42.686031720174896,-42.799232262780016,120.1024130780115,0.016128882149405218,0.006432079597797669,0.9818469747957819,0.18887828249174007
robot3,2359,1722895389131441617,42.22002376618742,-42.3022053753544,120.22311149532877,0.020913794058189633,0.008885636842542568,0.9803610815371947,0.1958974437893872
robot3,2360,1722895389627986576,41.68502949247572,-41.83862053776526,120.40274391772432,0.016879898209859787,0.01020154324661594,0.9790173346383518,0.2028202554712661
robot3,2361,1722895390130137353,41.18427608372209,-41.378107750675305,120.5567707243585,0.01921541348926427,0.008449754138143301,0.9793903156016466,0.20088299889524946
robot3,2362,1722895390627197349,40.71628533289782,-40.9117110099328,120.76405778393557,0.017240453991751527,0.010106788863071082,0.9849540118823545,0.17165725746932495
robot3,2363,1722895391131190393,40.30745886795854,-40.49873550426316,120.93015874020378,0.025200389981295958,0.009683420669003797,0.9848603376752998,0.1712345963379838
robot3,2364,1722895391628629145,39.888995989423464,-40.11195227496365,121.05762092906139,0.02311493439414528,0.009486224238614855,0.9845811982243918,0.17313455882829973
robot3,2365,1722895392131271391,39.46950838493308,-39.6877206690962,121.2578009887075,0.0193761970489908,0.008656321093714198,0.9842411662900682,0.1755532901229921
robot3,2366,1722895392629703391,39.01996806793577,-39.19918021136754,121.3614703074708,0.01806695220672023,0.0077878443074024094,0.9838115099416753,0.1781231249032108
robot3,2367,1722895393130581184,38.6285552788777,-38.76115304619194,121.4938855835655,0.022842286288394912,0.01037410867804445,0.9832225688177892,0.18067647327087952
robot3,2368,1722895393633006801,38.13383397233944,-38.33043111055907,121.65520258153953,0.01936293582457363,0.011009761114726537,0.9828097147388651,0.18327281983796925
robot3,2369,1722895394127023933,37.79555925425827,-37.885619197020745,121.78856445935135,0.021108356916990385,0.010995890155777203,0.9866074099658001,0.16136711644112173
robot3,2370,1722895394630332570,37.35708213773527,-37.5212901583181,121.87780756674448,0.02433440722385276,0.0114227253850227,0.9867842937136638,0.15979397876599677
robot3,2371,1722895395129557306,36.9121761943516,-37.18631825295471,122.02810283171425,0.025964850820461665,0.01316526177249429,0.9874984159662118,0.15491733559726334
robot3,2372,1722895395632035222,36.51906522423086,-36.83193368526889,122.09919961180695,0.028687729421435958,0.011353681266189816,0.9874914942498447,0.15462424417457032
robot3,2373,1722895396130308561,36.12443008050876,-36.49781291250145,122.1354715076281,0.022517069491880738,0.011565636098086623,0.9876196501912238,0.15481164103293124
robot3,2374,1722895396629904012,35.76238181773735,-36.131502200101835,122.24189347968928,0.01989086818405472,0.011106875016592582,0.9876127064905823,0.15524861567369125
robot3,2375,1722895397131786459,35.432867317597044,-35.72988730778874,122.37235041356371,0.012989572028749757,0.012784182138956901,0.9871383440357064,0.15882608551491537
robot3,2376,1722895397631618641,35.170491001808145,-35.460996157836604,122.45943435762497,0.014459964295857046,0.016182873913884024,0.9860545257981811,0.16500150356094984
robot3,2377,1722895398132589424,34.860732679903734,-35.09074089606559,122.54515135203552,0.017807826625166688,0.01402051798460838,0.9852515158349767,0.16960470786865486
robot3,2378,1722895398629735241,34.430732263930146,-34.70011382240318,122.77397449503829,0.014169855588611559,0.013203366210653437,0.984961565342905,0.1716845977674157
robot3,2379,1722895399128533430,34.01733283516503,-34.33251871412355,122.899117633403,0.028081782702822883,0.008321059020955769,0.9853539192663616,0.16798758062256156
robot3,2380,1722895399634643261,33.65527631718162,-33.972287469818355,122.94572143151038,0.024255431818597142,0.00615086438345713,0.9856920511341466,0.1666883955936601
robot3,2381,1722895400128467199,33.262616523201174,-33.55367012534799,123.06181412973788,0.015636114089893873,0.007814396568663414,0.9853755280553906,0.16949783435783317
robot3,2382,1722895400633936062,32.917431663932014,-33.063787187768966,123.15823732805778,0.013386277906282442,0.008865335629064249,0.985247725809184,0.1703793772022628
robot3,2383,1722895401128445201,32.53066297025355,-32.7245807187136,123.16876254419333,0.01718899198321989,0.005910857543725472,0.9904090459702415,0.1369654043107768
robot3,2384,1722895401630751617,32.10116147452952,-32.29729273628074,123.20952434461624,0.019081064583911796,0.0027866502483344406,0.9945475442016184,0.10248575450894665
robot3,2385,1722895402128545041,31.65044325471919,-31.7624761596675,123.27402178464048,0.015643285948063346,0.006617706884970065,0.9990637482048045,0.039788447862398955
robot3,2386,1722895402630954401,31.312814088484565,-31.281626935288354,123.17568156052974,0.01611514346624051,0.0016144345156537765,0.9994357361182911,0.02942626585122216
robot3,2387,1722895403131953500,30.979952323924277,-30.83987940327651,123.13906023004881,0.016539231248272043,0.000984040993715508,0.9984402450721195,0.053315687310256175
robot3,2388,1722895403633120295,30.523285057934952,-30.38636827237722,123.14819798963893,0.011303660464171937,0.005407306338115934,0.99775280724499,0.06582039146813368
robot3,2389,1722895404131206951,30.084385169765472,-29.897961154874015,123.17752883969747,0.010255998789763824,0.007220103518010814,0.9969083089162228,0.07756615375155909
robot3,2390,1722895404630026339,29.607872509083407,-29.317753236626526,123.24748795801652,0.00976059319195762,0.005774517009773262,0.9956547398756048,0.0924284844465534
robot3,2391,1722895405129995493,29.09556602822909,-28.727178397360213,123.32465534001275,0.00903293173962607,0.01044912875575651,0.9964969596064268,0.08248049070889596
robot3,2392,1722895405630132070,28.599911071493604,-28.152535909558896,123.32515573099208,0.02436018908016163,0.013245367113601856,0.996507655993952,0.07876314482957093
robot3,2393,1722895406129494132,28.140740786974145,-27.609386505369415,123.36295058713122,0.012581735505046245,0.020138394754858426,0.9968195080629396,0.0760724216358177
robot3,2394,1722895406627235599,27.64308918978732,-27.010338323866723,123.34699251383572,0.010133649692862819,0.02091174304602133,0.9969941952681046,0.07390928729452091
robot3,2395,1722895407132209528,27.223669930395147,-26.51045758477429,123.3208034744456,0.0145380992842154,0.01925063777674971,0.998114722058352,0.05643632008528979
robot3,2396,1722895407635086130,26.729488400332244,-25.998645420420377,123.23905712983013,0.024225952762639703,0.018294745473348098,0.9994874223910001,0.010163561531391002
robot3,2397,1722895408130894128,26.30301745041983,-25.49110489708349,123.15686687913697,0.015241892653390505,0.01718029019745117,0.9997321000651634,0.0028723572848410204
robot3,2398,1722895408628984624,25.875966806660465,-24.996901142088984,123.01109711218221,0.016985065758824,0.016878976745482,0.9991805797582762,-0.03263091661459937
robot3,2399,1722895409131968739,25.3474563245924,-24.418947045465213,122.85233548433432,0.011975866874793966,0.02143514332462185,0.9982966541869849,-0.05292356263822142
robot3,2400,1722895409631985676,24.904234937980963,-23.889891179688608,122.63925677441686,0.016769911648584154,0.025579070988593924,0.9971710258337754,-0.06866168093103409
robot3,2401,1722895410130610828,24.559303791651462,-23.399028713549853,122.38903762551837,0.017788739004735824,0.027406733542257023,0.9942102339501837,-0.10236426344132951
robot3,2402,1722895410633007443,24.19612891431121,-22.948838930858543,122.0896947655085,0.01760111240726229,0.02434311030510381,0.9841630288156024,-0.1747018790259579
robot3,2403,1722895411128699823,23.777169336572342,-22.452670033046857,121.63303404903047,0.015323963165412936,0.024330350511791752,0.961701348038739,-0.27258710053366547
robot3,2404,1722895411638861530,23.59702046335796,-22.024520552671188,121.05652449728984,0.012089863100627228,0.022535734472831706,0.9361702302072107,-0.3506155671897016
robot3,2405,1722895412129191370,23.361089679954905,-21.636292361428506,120.58616751678804,0.013049262768871485,0.02789903095717961,0.9305950473596589,-0.3647522702362711
robot3,2406,1722895412630238989,23.010344899718003,-21.120901410845867,120.05207768204482,0.011449555389942533,0.03253377715723208,0.9270765690624543,-0.37328205973585793
robot3,2407,1722895413130086650,22.79576895843723,-20.69150606230446,119.58556989466074,0.015630633648536365,0.028814644549946266,0.9259307825791459,-0.37626797023341735
robot3,2408,1722895413630204421,22.57029080743621,-20.26140225557279,119.14948330920541,0.01979716971281847,0.026489007718373356,0.9267928827905294,-0.37411409616623326
robot3,2409,1722895414132293738,22.310400457436224,-19.87290396300893,118.66746468666368,0.020649588685355914,0.02156884594103197,0.930231301536998,-0.3657568933221635
robot3,2410,1722895414628030463,21.998029512435863,-19.482416201101113,118.16329471048034,0.02579894639912061,0.024956939719953032,0.9287286850990902,-0.36901842094755233
robot3,2411,1722895415128532152,21.850599631953664,-19.177546280184448,117.65794508963212,0.02784759344879051,0.028173532408185112,0.9077742517020543,-0.4175843286780899
robot3,2412,1722895415628511004,21.74466453708006,-18.937188496324715,117.14795368527771,0.03079720762392225,0.026204565112364502,0.8850297988493513,-0.46377484614683206
robot3,2413,1722895416133064422,21.665638994976433,-18.67535391821871,116.4898276076913,0.029821154835292206,0.025504388242746957,0.8511652604424641,-0.5234290059984879
robot3,2414,1722895416631009304,21.5880284661243,-18.461953604266682,115.89577498610389,0.031354211221096225,0.026895633287236567,0.8423791973182274,-0.5372995684664934
robot3,2415,1722895417130679124,21.537378508859064,-18.3115493221032,115.37540238232339,0.0365202359241034,0.02880978450817597,0.843726229056331,-0.5347544474682039
robot3,2416,1722895417629858314,21.460904892333826,-18.110485294176932,114.82553865633535,0.025100863376881652,0.021032252617022747,0.8434165890179162,-0.536261175526415
robot3,2417,1722895418134641147,21.359301784960053,-17.851060521093792,114.18175394051306,0.027745290615880974,0.027434842096568834,0.8434250663554195,-0.535828037462704
robot3,2418,1722895418632769171,21.243929112281542,-17.67129659867305,113.7538266293963,0.03234285410406395,0.02571599584029795,0.860079617929952,-0.5084837049186656
robot3,2419,1722895419130552962,21.05060469465042,-17.434151435543217,113.28950991899627,0.039533189019968516,0.025163693646483555,0.9008508834217702,-0.4315919384397643
robot3,2420,1722895419630686952,20.774485386850394,-17.070498667516233,112.95083021734254,0.0295954134129998,0.021769026569364074,0.9392161452085153,-0.34135502569435416
robot3,2421,1722895420133915270,20.512178371362765,-16.682429760621684,112.69065179377446,0.034170853578371636,0.022634649289565587,0.9687311492326365,-0.2447038739449772
robot3,2422,1722895420630021907,20.17997088444008,-16.2548949013684,112.40463714319183,0.03525987366172376,0.018353052128851646,0.9810564855946944,-0.18959978602177305
robot3,2423,1722895421130259679,19.737006835039125,-15.709246836887221,112.17518714471105,0.035003682882657455,0.006196953902261875,0.9919642956877085,-0.12142148091574272
robot3,2424,1722895421628200031,19.35605036246204,-15.210132132128933,111.9905686110241,0.015898530233405612,0.002203026189603142,0.994283297584274,-0.10556091870084953
robot3,2425,1722895422136101243,18.96464518367762,-14.667492170636477,111.84499059297657,0.00882697614443262,0.009310401810443406,0.997115874148067,-0.07480196810385328
robot3,2426,1722895422630887748,18.728507127040054,-14.394458020961455,111.77281672182696,0.008590015510681632,0.012881342914376245,0.9980675345455312,-0.060178726510729814
robot3,2427,1722895423133244205,18.553467899029318,-14.165824887468288,111.69655335881026,0.008521861864114372,0.019510842352010015,0.998591071477567,-0.04860634594750502
robot3,2428,1722895423628476623,18.37085005158362,-13.926491954893281,111.64288103526145,0.010869024778519427,0.021676968256052316,0.9988142824535223,-0.042213771620711105
robot3,2429,1722895424129194377,18.2676017927736,-13.769516178199435,111.6146284426236,0.014822918159255228,0.02308330430980686,0.9989351355705788,-0.037094973810132756
robot3,2430,1722895424632921930,18.16709298493044,-13.648870673212645,111.59116591044005,0.017559715604558383,0.023123080879586744,0.9993351383426764,-0.022051321777779118
robot3,2431,1722895425132715181,17.989743511214105,-13.483496860201697,111.6284618762135,0.016670130392118707,0.022509646123908347,0.9996076103914721,-0.00021870422354662846
robot3,2432,1722895425631965155,17.78983639607488,-13.22036654958087,111.72534751750682,0.010409511254748304,0.026162852485558614,0.9984093879604655,0.04884507403684699
robot3,2433,1722895426129786758,17.446123158907895,-12.899302259257738,111.85929550023464,0.009727595843130519,0.02577467878972804,0.9936478218548558,0.10911024670258965
robot3,2434,1722895426628733595,17.046608199183346,-12.459219878179168,112.04311788276209,0.007793185443531215,0.024594186389086118,0.9906700286591663,0.13381811003353852
robot3,2435,1722895427136433138,16.753594354457938,-11.928688062364078,112.18578792964045,0.027314854576681907,0.025436175330664477,0.9897700721498771,0.13770295559801685
robot3,2436,1722895427631683997,16.496177854366287,-11.481562862420624,112.1824627132902,0.023633069997970376,0.030445694617753302,0.9914142131547992,0.12494957237367357
robot3,2437,1722895428128804515,16.203309703398237,-11.000614795312316,112.28041383205543,0.020449666886142012,0.03223262387482137,0.99132839404194,0.12574133866242423
robot3,2438,1722895428630226658,15.773350520583085,-10.510959928978993,112.43618571190486,0.014397194846218925,0.03301450846917333,0.990603777445333,0.13193528384073766
robot3,2439,1722895429136111804,15.426934159505626,-10.110867573183299,112.58141076144886,0.018051401503137103,0.034386134915724995,0.9901194311988106,0.13474142863972327
robot3,2440,1722895429629155994,15.040340165562341,-9.767585227552827,112.65974973787313,0.018342820194374193,0.03487993135614855,0.991071852450973,0.1273715612501633
robot3,2441,1722895430129846382,14.56251939874158,-9.306919414906353,112.7858192053144,0.018906030439546265,0.03736718038691886,0.9918323497582409,0.1204775739131439
robot3,2442,1722895430630605701,14.079411389502738,-8.872718925762177,112.88708640635909,0.02445859763970232,0.037204871789433554,0.9914119785743079,0.12296285315495512
robot3,2443,1722895431131023699,13.609043934211666,-8.345320543738186,113.02729537144947,0.01633107638535077,0.03835245646232765,0.9903045342340183,0.13251156365746047
robot3,2444,1722895431629805175,13.10907879720225,-7.855639354268677,113.1844195414796,0.018012855561163835,0.03236357859793047,0.9885469863243574,0.14629761325427976
robot3,2445,1722895432133490393,12.592078711696358,-7.4510109653176775,113.3057398275557,0.02097653282045092,0.031691255629474245,0.9865073796761638,0.1592445893332925
robot3,2446,1722895432632498273,12.087368568871632,-7.00865391813024,113.42858172362367,0.021054937060170583,0.032529967444591086,0.9843021438606965,0.17218530841707394
robot3,2447,1722895433139169209,11.721929146108858,-6.59044708683765,113.48076224850671,0.021853339271462612,0.03045650228025851,0.9848205606491642,0.16947948652921027
robot3,2448,1722895433638046318,11.404130625453478,-6.161893738602343,113.4994509806927,0.017264185518771236,0.030109274849807816,0.9864307788240582,0.16046712453008594
robot3,2449,1722895434134118778,11.00642304905487,-5.735598721750374,113.63284627901729,0.014264805972496953,0.03182874395015683,0.9871546940833849,0.1559136181295957
robot3,2450,1722895434633773966,10.57255230105421,-5.153126985971775,113.86374048712005,0.01629397730364159,0.03516266941485651,0.988254858102627,0.1478189041354533
robot3,2451,1722895435132347558,10.157851189669401,-4.593332572175093,114.02562037289157,0.0034900300262885736,0.03645407851469143,0.9876736693580903,0.15218292514860493
robot3,2452,1722895435630127215,9.685352731591975,-3.98680739803587,114.10008081375226,-0.003403117110194011,0.03241911589735094,0.9899940622217258,0.13729230307666218
robot3,2453,1722895436131830052,9.217210423498866,-3.4261661396231116,114.15815536828298,0.0032589466658487203,0.020698869644211953,0.9893618936546713,0.14395825591512226
robot3,2454,1722895436629004184,8.827252252544989,-2.974812330208248,114.22880201146579,0.012498674055001322,0.015953680961229812,0.9889366075304123,0.14694777812846727
robot3,2455,1722895437129224755,8.515855551290969,-2.6361545845711265,114.31115514355008,0.01297000157589949,0.01656570506070752,0.9884183765617555,0.15028795477345
robot3,2456,1722895437630237422,8.239454067857396,-2.360384196938118,114.28709099304513,0.019459514718136745,0.019133011572280277,0.9866036695723819,0.16083673194087234
robot3,2457,1722895438128743995,7.91048628197918,-2.022942382900216,114.40430474975706,0.021895708932947656,0.021054417955244587,0.9875505986460072,0.1543408712195248
robot3,2458,1722895438629952592,7.638176037583689,-1.7441155657880718,114.53574070070384,0.019158388570755018,0.0220401645660573,0.9872654698985647,0.15637800113583547
robot3,2459,1722895439131321441,7.412660985504529,-1.390584016993589,114.6257137542873,0.020822267746733458,0.020997677692139134,0.9869960161972482,0.15800124907158786
robot3,2460,1722895439630539701,7.17596484837195,-1.019333570807027,114.5784915030916,0.02542409711094246,0.020776136713900988,0.9982822887723761,0.04852256539719392
robot3,2461,1722895440130723547,6.947423270491668,-0.7061440685416845,114.34879964957356,0.0382507172277588,0.02383063358643527,0.9935971077638797,-0.10360391391103056
robot3,2462,1722895440633947714,6.7073784117305095,-0.29637312227309576,113.88101262889501,0.041561433617256366,-0.0007462816601429544,0.9666417832288889,-0.25273652924624046
robot3,2463,1722895441132182175,6.286420830080397,0.33104241623341096,113.39699732136586,0.04285565880849056,0.014756739979418993,0.9658358857797743,-0.2551600926345434
robot3,2464,1722895441630829137,6.002904395292815,0.8926626831645633,112.69538984727656,0.031118169505716678,0.042401525155297486,0.9272131428899016,-0.37082281192417094
robot3,2465,1722895442130629977,6.041427274055995,0.9934169301508573,112.14780879188179,0.03541747457060351,0.033895566818670016,0.8268041864883852,-0.5603494715357205
robot3,2466,1722895442633260113,6.090322944349487,1.0567518390957213,111.61794792345957,0.03597862493392528,0.027623129338798416,0.764834612722785,-0.6426278211022172
robot3,2467,1722895443128674205,6.05964266334511,1.2418485389707288,110.89905999263772,0.0382953968408875,0.020381178822795405,0.7642654420812441,-0.6434410650331175
robot3,2468,1722895443631229915,5.796807850930286,1.5796909171416185,110.38646495052308,0.03978913754301951,0.021445641702854172,0.871268405612961,-0.4887210598758603
robot3,2469,1722895444131155026,5.528425663568241,1.8189163927823235,110.1325841632321,0.0414095813675312,0.028399441892003812,0.9181654463076759,-0.39300245734322675
robot3,2470,1722895444635497433,5.277209669977606,2.237420332936918,109.66142235585896,0.038282595094107905,0.03459254757934544,0.9329572323637048,-0.35627040453156883
robot3,2471,1722895445132891768,4.796953386070316,2.9644684102210235,109.2826755800725,0.032948868146426565,0.028415391322051675,0.9766900314509178,-0.21019876328915252
robot3,2472,1722895445628415228,4.183802988730338,3.825355949732355,108.79836485092444,0.025223398276998824,0.032443555981535685,0.9826998122787145,-0.1805886895738829
robot3,2473,1722895446130386200,3.542449420962325,4.755086383847514,108.241130624819,0.02235290049410023,0.036700173064594895,0.9836791587045329,-0.1747248061005424
robot3,2474,1722895446633460052,2.8041644996311827,5.699945031182012,107.70303091606903,0.02301690127501987,0.03908230355783927,0.9780757588238996,-0.20325010653222786
robot3,2475,1722895447131100341,2.195825537267695,6.566829147436484,107.18265747598291,0.022816660451375256,0.04062320043004598,0.9785172843295874,-0.20083097336047673
robot3,2476,1722895447632978751,1.587074502046212,7.5676491684091145,106.66781210461299,0.0020847376690996365,0.012720859763757584,0.9800972436378468,-0.19809903232781603
robot3,2477,1722895448130016926,1.0013321583428165,8.465546851596576,106.31497691539134,0.011434611975870607,0.03378097117289493,0.9825071100524501,-0.18277821076911804
robot3,2478,1722895448632333335,0.4501543853560516,9.300275291359,105.98765515326262,0.009603180080924754,0.03938391453627309,0.9818559661418127,-0.18524456256489852
robot3,2479,1722895449131602152,-0.005503935274213757,9.974640479548372,105.5417973682006,0.011416601469606436,0.037281401113478135,0.9740816780289834,-0.2228107781731845
robot3,2480,1722895449635279438,-0.3999008501296774,10.569959349188332,105.12237109379387,0.015256373323988487,0.03242422487316675,0.9655089135260977,-0.25789232368573456
robot3,2481,1722895450128927216,-0.7702343797751658,11.117648503208564,104.58087122809026,0.014799302390070206,0.02895930853240072,0.9536263951232451,-0.2992307431102909
robot3,2482,1722895450631955439,-0.9877123950766846,11.577570606480478,104.02454328552365,0.01666394701730313,0.03524672924030865,0.9257162315841325,-0.3762039865941583
robot3,2483,1722895451130929051,-1.1932219909238613,12.087395878916862,103.32427169300746,0.017198527309194474,0.029097682357859787,0.8897671790819843,-0.45516140276640776
robot3,2484,1722895451629586007,-1.3147113602691656,12.502585020085517,102.5194513339623,0.023003780379125243,0.025102878310255296,0.8593680635782607,-0.5102226993093899
robot3,2485,1722895452130419921,-1.4589191604023113,12.796296368220634,101.681837453818,0.026735617601315903,0.030885377743318624,0.8382930769597936,-0.5436874261139486
robot3,2486,1722895452629925635,-1.4899203250942892,13.053192560627194,100.81625060066001,0.03509250797244355,0.02470005406851856,0.828114438569034,-0.5589140361868807
robot3,2487,1722895453132620857,-1.633867594325214,13.40152721975105,99.87347732172677,0.030116361720810995,0.02681194253796899,0.8326942987626254,-0.5522629168269962
robot3,2488,1722895453634291291,-1.8130202493960395,13.707212001640835,99.05970986494843,0.023507107529420725,0.030919366041484594,0.8370978166422801,-0.5456726620162684
robot3,2489,1722895454128658251,-1.9134419001867509,13.953177253921364,98.40055774774905,0.023682351383719855,0.03568083983122429,0.8404669934029054,-0.5401678043924472
robot3,2490,1722895454629633353,-1.9704461950317251,14.249178651442861,97.68563246369649,0.027380449908362733,0.03196209211338409,0.8444061151474883,-0.5340477959247448
robot3,2491,1722895455132225056,-2.136372307135168,14.619188576477793,97.00222840737618,0.02822863461780359,0.023809703715988523,0.8790165768782825,-0.4753589167878918
robot3,2492,1722895455631731234,-2.3359316605088827,15.033314186577497,96.21995433213104,0.028406529360462708,0.019104385583834895,0.8848421343369051,-0.46463156246995074
robot3,2493,1722895456131816398,-2.604989474064768,15.49950909776289,95.44929466941903,0.032439464913715375,0.023459760424337155,0.8902692003479472,-0.4536717664443877
robot3,2494,1722895456633838015,-2.752714012295137,15.877415917600045,94.66039281419461,0.03534795508984253,0.01880313231044724,0.8805252068812277,-0.4723053295624065
robot3,2495,1722895457128390266,-2.8671190352189337,16.16372155476718,93.9274044547332,0.03673912625746927,0.018083647960018222,0.8832416296720457,-0.4671267942353177
robot3,2496,1722895457631793108,-3.0009608001316623,16.533369251401183,93.1537580853844,0.03943623260432267,0.015353562427624083,0.8846502100346006,-0.464330763103734
robot3,2497,1722895458131398754,-3.0865151262965766,16.776793787407218,92.32441672657339,0.037303528218520746,0.01072023080837406,0.8478227160579435,-0.528857415160265
robot3,2498,1722895458631283015,-3.1123051516464875,16.982137264198403,91.53837237254146,0.03957901070585242,0.01285661777750469,0.8443637413555374,-0.5341517402152205
robot3,2499,1722895459132137007,-3.2115362415605127,17.27646102314767,90.6966300875353,0.038304638342641625,0.012261720798498611,0.8457770728276149,-0.5320183718290663
robot3,2500,1722895459632680069,-3.3136371671253424,17.586745012982167,89.78909509255901,0.04023708714057224,0.012945427008895956,0.8466598294399658,-0.5304531326617719
robot3,2501,1722895460132611030,-3.346797819609795,17.800340449724196,88.83921384484927,0.040006722785923536,0.011077537914421311,0.8257177792469785,-0.5625539079244964
robot3,2502,1722895460631989022,-3.325663952242137,17.973542711592117,87.96931943628064,0.040676644898696726,0.008390347125266085,0.8212268986506674,-0.5690882124657909
robot3,2503,1722895461131629622,-3.325772491964356,18.17645350259717,87.10593797492541,0.0387544135363994,0.00764606142207609,0.8230111443840542,-0.5666500590274646
robot3,2504,1722895461632780451,-3.336000975349312,18.374558120676628,86.25095058099805,0.03796310332497264,0.008131966418884824,0.8301158883883407,-0.5562376162696435
robot3,2505,1722895462133574660,-3.3551469288161697,18.588171640921132,85.50855918165091,0.04083176055481203,0.009344707249497928,0.839688334153935,-0.5414507782450824
robot3,2506,1722895462630687438,-3.3713561244865273,18.80179683110632,84.740838889616,0.0395796585793692,0.009754796861966763,0.8474694634552679,-0.5292766791346117
robot3,2507,1722895463130402662,-3.3814072524937875,19.03639377050679,83.94420269473119,0.04268343372382762,0.008825038621892059,0.8467325637591654,-0.530230335466292
robot3,2508,1722895463632197201,-3.386227206555169,19.210233602852192,83.22884935760108,0.043206323853530564,0.008549594736585746,0.8349183161074021,-0.5486087161513973
robot3,2509,1722895464132659362,-3.4406817111435988,19.455483110371826,82.36732416735909,0.039406619561282406,0.011614997526948561,0.8375360201570595,-0.544835411024903
robot3,2510,1722895464630109405,-3.482015231366271,19.70787970571734,81.44285058134571,0.04205490185726767,0.015439078254995813,0.8442795216169137,-0.5340272553631763
robot3,2511,1722895465133335788,-3.4495137282443884,19.85346721689872,80.50575854212845,0.04192456121872607,0.013018894686585654,0.838085532916274,-0.5437696930357575
robot3,2512,1722895465632426287,-3.4394492690461997,20.025227227834943,79.67544517757105,0.0362095386868198,0.011390744529473067,0.8396533947988434,-0.5417945153376227
robot3,2513,1722895466131723355,-3.429483839586828,20.19126732321244,78.90285989750275,0.039773531155974005,0.010350966688928757,0.8434271783480679,-0.5356692249250518
robot3,2514,1722895466631773146,-3.4720513099743724,20.4147411412753,78.12158121318934,0.040739178198707995,0.010418512749264218,0.8417973427559559,-0.5381533310133825
robot3,2515,1722895467132715841,-3.53042068322211,20.622966045424995,77.39904982598934,0.039233961233574706,0.008776856546495375,0.8431386048563897,-0.5361911562828181
robot3,2516,1722895467629487458,-3.578497310394496,20.9007011313405,76.50732530459692,0.04319741426695362,0.01126308435913113,0.8458944682548941,-0.5314787624234276
robot3,2517,1722895468131809215,-3.6418745079030104,21.139881741149548,75.55685197846206,0.0415674536491791,0.008804143095951065,0.8465099931076889,-0.5306745381401768
robot3,2518,1722895468630786348,-3.64559354275731,21.34613195088632,74.62789983385466,0.044542041052294166,0.007914036147739018,0.842620329519998,-0.5366044678255654
robot3,2519,1722895469132533532,-3.6408654402917127,21.53081037485524,73.78103576538888,0.04241635754193153,0.008695445120226245,0.8330188870598725,-0.5515476186591395
robot3,2520,1722895469631917537,-3.551869622182639,21.619375201682157,72.90896238787371,0.03977836790317106,0.003341589215397949,0.7850028404218163,-0.6182047037657961
robot3,2521,1722895470132472298,-3.4640939423022807,21.723274970767296,72.23468628568568,0.04187164557188972,0.003215571284442921,0.7957521801330913,-0.6041646242638249
robot3,2522,1722895470632085346,-3.4321891341714768,21.879128916775148,71.6509745131298,0.03991101830435751,0.0058110938247984195,0.794816103659424,-0.6055086317882846
robot3,2523,1722895471135684515,-3.516747933388412,22.06091623247382,70.90865768041328,0.0380061028570329,0.006286446733407583,0.8112885194203944,-0.5833754837064659
robot3,2524,1722895471634711650,-3.5356945260162806,22.180546473827075,70.24428706163894,0.04125174394238566,0.0027244875867100562,0.8184577451827815,-0.5730774730692343
robot3,2525,1722895472132451247,-3.5342766947943476,22.350916564408323,69.63236674634896,0.05151928098998642,0.010776308523717878,0.8318418193447744,-0.552511377665702
robot3,2526,1722895472629636465,-3.547636107475268,22.55305065364527,69.0228715877674,0.052845326169765276,0.02212843123051491,0.8401844218567839,-0.539266020904775
robot3,2527,1722895473130089630,-3.5531031550066636,22.68958751901928,68.56475612384942,0.04024499089438369,0.016380227716942503,0.8456660726572693,-0.531940713241882
robot3,2528,1722895473631211079,-3.5660284901220645,22.765901060520854,68.21176431650595,0.041923498587704666,0.015409756580316564,0.8490593362762657,-0.5264059300106801
robot3,2529,1722895474134310233,-3.6357904979900786,22.99503217403673,67.60904160790753,0.038571511670225114,0.01197165118577051,0.8522824298946888,-0.5215204480633188
robot3,2530,1722895474634096486,-3.716090434601998,23.19275029905539,67.14302647193225,0.040142027453705834,0.014433832225420622,0.8597750252195372,-0.5088881882377881
robot3,2531,1722895475132326298,-3.8718256269409212,23.450215898809724,66.75996330812998,0.04079585353756788,0.01611126500580792,0.9050389040317685,-0.42306111575401173
robot3,2532,1722895475633105490,-4.1203122021780185,23.836372200430183,66.32661736891572,0.04563217590790683,0.01746721697363112,0.9315410429442428,-0.36033857157326116
robot3,2533,1722895476130901154,-4.338563929895037,24.20975097638685,65.83759470094131,0.03965922085164637,0.020742544981634626,0.9470506386479784,-0.3179496514632172
robot3,2534,1722895476631604178,-4.586621497745618,24.63478412406737,65.39508052831997,0.03900225766447831,0.022256498999132623,0.96562627106765,-0.2560261251774139
robot3,2535,1722895477131649011,-4.924157421706589,25.12309665226988,65.17082921955154,0.0398263866931894,0.03142685296901666,0.9873617146477418,-0.15014345234907775
robot3,2536,1722895477632728570,-5.279032610936032,25.651499805552174,65.03879695294445,0.02605757714994888,0.035683096146769046,0.9975687916462737,-0.05389086430786179
robot3,2537,1722895478134245332,-5.592814550421824,26.04271952285529,64.99469464025076,0.026642114404546835,0.03855419708358731,0.9986116962605223,-0.02405102324179956
robot3,2538,1722895478634001183,-5.92874287466512,26.507913560011676,64.85528180673307,0.02473885959030737,0.03574524433548351,0.9990072261794164,-0.009737986181747316
robot3,2539,1722895479134591789,-6.29645227626402,27.030609277151186,64.89570723552531,0.021109716630122604,0.03572142413694595,0.9957547618155415,0.08216333758495241
robot3,2540,1722895479630408898,-6.534680162322269,27.407713281950816,64.98644599756018,0.020600451618322642,0.03833030571743228,0.9940669142513575,0.09968640352381854
robot3,2541,1722895480132823928,-6.787940972032585,27.830725913280524,65.04135247808685,0.02011962945158867,0.03745954835867222,0.9929515667998845,0.11063077662725389
robot3,2542,1722895480630545659,-7.088251782196048,28.303972126148874,65.12249680442856,0.014193439062836655,0.0390868450279897,0.9912596656157876,0.12520000062541636
robot3,2543,1722895481130858604,-7.468494316459662,28.814697577706518,65.19795708223387,0.016882470031766468,0.03734970867671415,0.989253476762797,0.1403479254570913
robot3,2544,1722895481634904756,-7.8736948094848,29.355845319171582,65.3462257400151,0.016171378019634055,0.03934043213137026,0.9867232710609148,0.1567418364046805
robot3,2545,1722895482131984230,-8.249503849497215,29.879785139962763,65.52552178364694,0.01694478694170098,0.03867283771898072,0.9824740212530866,0.18155462919201873
robot3,2546,1722895482630966712,-8.681006845070499,30.452751913893202,65.72455059897213,0.017065258780970628,0.037362056414284105,0.9747348010491063,0.219556191684483
robot3,2547,1722895483133517506,-9.21164712371386,31.17719346849135,66.01178534444871,0.021114002596729325,0.03723628032671266,0.9720331916931118,0.23090936007160456
robot3,2548,1722895483632180892,-9.686880906692272,31.833217666020712,66.14645664861969,0.016225895527174218,0.037236007217651815,0.9832094457117652,0.17790274293554817
robot3,2549,1722895484131012748,-10.18181692204812,32.51548733029644,66.26542663607813,0.017214422442823014,0.03326854551045896,0.9820691691262413,0.18476204856861855
robot3,2550,1722895484631932798,-10.691772692760845,33.22339835210313,66.40814404156329,0.013228165457043757,0.03458727662596545,0.9807764388587008,0.19158891646931187
robot3,2551,1722895485130683702,-11.147580176262997,33.89194681876352,66.5455928849999,0.01526134611292594,0.03476765593346706,0.9800277515081168,0.1952022225530698
robot3,2552,1722895485634127070,-11.629306498864336,34.52596828043458,66.80214807449235,0.014870787575972542,0.034542005605825515,0.9716809468398848,0.2332849053709694
robot3,2553,1722895486134147853,-12.142216387499547,35.22428093291302,67.09809825945929,0.013796358859591105,0.03948851751784665,0.974009409630037,0.2226117414212622
robot3,2554,1722895486632993750,-12.609016960470441,35.88029673554377,67.26280281026948,0.017504893988184597,0.038482585233552066,0.9769861939604996,0.20907091172801107
robot3,2555,1722895487132819043,-13.227248811518628,36.6360658499975,67.52843937068127,0.01621028295761621,0.040008395109388334,0.9744846207102776,0.22026411202543092
robot3,2556,1722895487632151070,-13.747998564035543,37.35729462185441,67.71519490729688,0.014870948507055365,0.04270929944910753,0.9771004675053389,0.20791692338988485
robot3,2557,1722895488130500577,-14.20758221779287,38.05137987153431,67.77540731068306,0.015411954947749414,0.04207395391457502,0.982417629164558,0.1812397747553545
robot3,2558,1722895488630677311,-14.66478816574449,38.73027511502226,67.85930198840472,0.017681547627904307,0.04137227035874541,0.9846477666564125,0.16865489538517398
robot3,2559,1722895489132959111,-15.17450043504252,39.465448543924964,68.03533406685735,0.021245511039240744,0.04155370298869999,0.9845554263558516,0.16873805279739246
robot3,2560,1722895489632607061,-15.70289734861676,40.18270401736355,68.24742536179146,0.01860667714859873,0.042931313111854864,0.983808191524011,0.17300906395398702
robot3,2561,1722895490131716344,-16.169192685664544,40.88129447464483,68.43873609628812,0.01474445089785305,0.045436425086953044,0.9798616794633664,0.19387939953040262
robot3,2562,1722895490631255004,-16.427045364135633,41.29564852502905,68.60842581760124,0.012232705693030947,0.04596634250105906,0.9484120243446817,0.3134518915988958
robot3,2563,1722895491132609495,-16.680400778457656,41.664140669245775,68.7735756205484,0.00978008778236673,0.04881927508209447,0.937755049261229,0.3437099007135206
robot3,2564,1722895491637723826,-17.083315383808475,42.140661459180414,69.26631476729824,0.012719961567709303,0.04746235492773536,0.9181181845739971,0.3932486828928705
robot3,2565,1722895492140435410,-17.542883844527378,42.73024888008467,69.76996622292161,0.013112639743799115,0.04771954093597972,0.9234445885982178,0.38052726036445406
robot3,2566,1722895492633543389,-17.99115841252615,43.3565590731809,69.8713447020938,0.017310806726588628,0.04857385571679792,0.9669697537045038,0.2496205358778196
robot3,2567,1722895493132209142,-18.317961638860776,43.916380746222146,69.9221262567436,0.020314701508394917,0.047804458207483004,0.9703175220705464,0.23619050158926452
robot3,2568,1722895493635655673,-18.81395365519364,44.52328892599013,70.20254021243724,0.020660146172952146,0.04716106659126688,0.9645847023011945,0.2586993317436325
robot3,2569,1722895494135581851,-19.300675216062647,45.16775236916597,70.42837109718333,0.022070540853899256,0.046989688008281794,0.9728353652451157,0.22560188956589622
robot3,2570,1722895494632782157,-19.777935556739713,45.78594423439867,70.58927254332156,0.02959159990011697,0.04277976057388757,0.9737248648598038,0.22170727740502555
robot3,2571,1722895495137989769,-20.142190990730874,46.28428839570775,70.73657801189019,0.01757060956439413,0.04031384426387699,0.9720781144896941,0.2304999066602085
robot3,2572,1722895495632445640,-20.518490860446775,46.86365341349628,70.84103888320618,0.019855657375648247,0.040221805776551635,0.9703304122425837,0.23758545891403374
robot3,2573,1722895496134706774,-20.970511295962652,47.53252957002806,71.00065896031626,0.02810100231839762,0.03972488561654405,0.9764285368698672,0.210284520394689
robot3,2574,1722895496633830866,-21.50767007962579,48.29253104700535,71.22052630252809,0.022889062595483792,0.0404663131704082,0.9786232713803296,0.20033736801894
robot3,2575,1722895497133085533,-21.95689887702207,48.970078943794604,71.30621676940247,0.019310900730811206,0.04090575506634357,0.9789645707151279,0.1989527019167182
robot3,2576,1722895497634933129,-22.300556711920258,49.51634452123543,71.39174042024122,0.024936220224418354,0.04256042734198246,0.9775092879965434,0.20504240250708633
robot3,2577,1722895498134255819,-22.782026684173882,50.24279868623022,71.51155464567226,0.015659001293606572,0.035915433895012124,0.9744035757420615,0.22136519344220423
robot3,2578,1722895498634943833,-23.237163292956982,50.86156838676415,71.67517631355722,0.01831022387407487,0.04216192074846709,0.9716595267079492,0.23187253459210175
robot3,2579,1722895499138218079,-23.60930377410374,51.42423509456449,71.80958318456594,0.01823991115041747,0.04149583928691587,0.9724414162819854,0.22869869449252567
robot3,2580,1722895499640631754,-24.03119052615188,52.05310342906629,71.98585368985212,0.02151127111822513,0.042649930113380474,0.9729641204386721,0.22596253896432325
robot3,2581,1722895500132308040,-24.400678800320275,52.687696706181534,72.08137669699839,0.02582017188199083,0.05326293789451863,0.9696886323809952,0.23706609711619273
robot3,2582,1722895500630876305,-24.73597392467745,53.23278636906046,72.19812373954471,0.013034131864899047,0.052482085738811135,0.9665011162769057,0.2509010448733281
robot3,2583,1722895501136683029,-25.10107468242479,53.854798817074716,72.28336256321593,0.027558617260664886,0.04648401579257101,0.9642113271517468,0.25956940398040584
robot3,2584,1722895501632702377,-25.42762441823816,54.335440654694125,72.42537145712375,0.0037478904045776524,0.05428423121432078,0.9658214343610257,0.25343269814251773
robot3,2585,1722895502135285501,-25.68265992443727,54.748598938970844,72.42012225725723,0.016255236610179163,0.055503486056311835,0.9654887706918248,0.253942048480225
robot3,2586,1722895502632583548,-25.990095122298733,55.225557626862134,72.57406911436047,0.020599918171963123,0.05578044018886326,0.9675904799533394,0.2454238149962453
robot3,2587,1722895503135607844,-26.371157278181148,55.79956686709459,72.69929452017134,0.022808628865411754,0.056231981914859744,0.969763471901101,0.23638218889233018
robot3,2588,1722895503630070571,-26.784467595052096,56.48078172453644,72.79820794790847,0.02239213693505973,0.05623497251500589,0.9701864678639884,0.23467943591911955
robot3,2589,1722895504136647449,-27.103134519775125,57.10024539424941,72.79671236119458,0.02126674611031515,0.0558886392847935,0.9691809312316361,0.2389822337450056
robot3,2590,1722895504630659565,-27.355326064218914,57.568248391703044,72.7108777479436,0.02293872928954904,0.0539920284578817,0.9709245161987424,0.23208674974203505
robot3,2591,1722895505139290272,-27.739817680537932,58.08007468835476,72.78545553160971,0.020729030290178797,0.053112592772338076,0.9725678814301344,0.2255240027197298
robot3,2592,1722895505632585093,-28.058350953116115,58.51934354435682,72.91532225714585,0.020155870251024145,0.05288064315406803,0.969414448058326,0.23881584195736902
robot3,2593,1722895506133537514,-28.392146979975674,58.941377295985795,73.03292592657124,0.026912030806638666,0.05140632318222845,0.9629247881359934,0.2634558500546137
robot3,2594,1722895506634233771,-28.704606045103393,59.46951830311763,73.1852998612741,0.0233577580354301,0.05279309824259169,0.9605341960833288,0.2721054245546377
robot3,2595,1722895507137832650,-29.059330706650595,60.00548502110397,73.33997013255818,0.022506435666876545,0.05153190117905777,0.959426860935056,0.27629336226328244
robot3,2596,1722895507636238716,-29.37220300327378,60.455901400501574,73.43360991671854,0.02493517739060804,0.051952198371713255,0.9561266945899247,0.28722978589517806
robot3,2597,1722895508133029232,-29.717828337407088,60.90900681845645,73.5243306561622,0.02131847630554807,0.05020525879798974,0.955266136344898,0.29067432516431047
robot3,2598,1722895508633001672,-30.111650996843377,61.36926781584337,73.62169836201643,0.02114751300271542,0.05125292358313418,0.9633891950713738,0.2623112260992879
robot3,2599,1722895509135584527,-30.483367516523124,61.896254933581936,73.65435259730026,0.02340039550298921,0.05020761540392662,0.973295272562624,0.22277326871283804
robot3,2600,1722895509642595545,-30.855362729291702,62.442803702464516,73.70610451618663,0.026778250107605983,0.046310705299467785,0.9805153927239051,0.18901801111885233
robot3,2601,1722895510135940001,-31.23401069839663,63.0589955979788,73.85897113515597,0.025509305783646297,0.049512807258444556,0.9804918057569847,0.18850351741872615
robot3,2602,1722895510631200837,-31.590139726817114,63.70519799909031,74.0340849729361,0.022769310614490588,0.04928617137760334,0.9703512860366996,0.23552242672832974
robot3,2603,1722895511129052627,-31.946926030730566,64.31275202470437,74.13389960979002,0.021476873137812547,0.04913756202257846,0.9654792560023697,0.25490007875206755
robot3,2604,1722895511636655983,-32.3873280710224,64.96734756160178,74.28286503361319,0.015370156520553617,0.04983205981807834,0.96149432499753,0.26983177555722637
robot3,2605,1722895512135588214,-32.79086389873872,65.41701885893148,74.36701972132472,0.0209724129843143,0.04826310440705859,0.9578634292511782,0.2823623231767685
robot3,2606,1722895512632909608,-33.07640418621777,65.84156618780578,74.32553670931091,0.022210362207392857,0.04707664210453817,0.9587087926802862,0.2795853007872301
robot3,2607,1722895513132768193,-33.3347325104622,66.28809286584485,74.45253376847843,0.017965810636589676,0.04861717926300926,0.9638803983115601,0.2612435210286118
robot3,2608,1722895513631604074,-33.61933452062523,66.85920069326194,74.6320420434778,0.01957899282011047,0.05031610605235522,0.9673710650361759,0.24754428905279333
robot3,2609,1722895514133631092,-33.964382691148266,67.486563328563,74.77163338347881,0.018993861894646493,0.04913723208561617,0.9690756683537102,0.24107491499138026
robot3,2610,1722895514635908852,-34.31477952571518,68.1169291820857,74.94967260765242,0.018740363536993876,0.05107144735052936,0.9656082048965619,0.25424653523000623
robot3,2611,1722895515135135935,-34.60368432648858,68.65039032908575,75.06531047831356,0.020225533306637563,0.05384032647151153,0.9534902763027755,0.2958858564446092
robot3,2612,1722895515631683544,-34.93373563654234,69.21922961661511,75.16765937337476,0.020068107315526048,0.053946041654721874,0.9555710297444399,0.2890866700000372
robot3,2613,1722895516133904369,-35.34809789063645,69.78931580255778,75.37685939108033,0.021774875183162082,0.053679940165068586,0.9530240799260168,0.2973035854405419
robot3,2614,1722895516632020645,-35.76061960882994,70.3435948634006,75.46235591931996,0.019940157829043882,0.05505847652088417,0.9595011087486426,0.2755514046037102
robot3,2615,1722895517134082118,-36.17585951680752,70.9471505082149,75.56021826405745,0.02176706124618358,0.054580823828166175,0.9597973985986202,0.27447419251773875
robot3,2616,1722895517630910125,-36.55786007676221,71.65631140865544,75.66603353563403,0.021833211568168677,0.05436011404162365,0.9610602474193226,0.2700583079712819
robot3,2617,1722895518136910452,-36.851189575869334,72.22636185728523,75.618630487894,0.018923401435675676,0.05329104112931047,0.9625821324361978,0.26502378785316716
robot3,2618,1722895518636257866,-37.16917483905805,72.74377908701256,75.61239728432137,0.01991417732172369,0.05073982664800978,0.9650137615028094,0.2564709255325597
robot3,2619,1722895519138371630,-37.52219320334528,73.32635048095892,75.67880724115007,0.022846609752079392,0.05293234306501167,0.9692268040945827,0.23932321597597978
robot3,2620,1722895519633453567,-37.740792210577354,73.97453510130035,75.78326022315935,0.02239045146362768,0.05267495636286956,0.9645549626721497,0.2575999624222651
robot3,2621,1722895520133339933,-38.01634684512536,74.60703033923717,75.98030312222922,0.025488349016808992,0.0531831469716074,0.9605943313656263,0.2716255280543766
robot3,2622,1722895520633887509,-38.33929133997848,75.31110708275716,76.18644923941541,0.019415631800703086,0.05410630158638926,0.9569260533346584,0.28458402945312444
robot3,2623,1722895521133812113,-38.65194466321676,75.95592500141088,76.342827663908,0.018368786770190566,0.05401298445633491,0.9536322953108218,0.29551756381461386
robot3,2624,1722895521633248158,-39.02653597435858,76.47039035495362,76.407967239872,0.01735499835704678,0.054779557564153036,0.9584464850104869,0.27942501583814083
robot3,2625,1722895522133675923,-39.456130831964856,76.9623929448152,76.52593165630564,0.021291028145506898,0.055774782890421926,0.9606046049496848,0.27143076219082757
robot3,2626,1722895522630251588,-39.88464232788197,77.52740498189823,76.65609483160078,0.02030802544616689,0.055649552989526736,0.9609739409427828,0.2702217537198677
robot3,2627,1722895523133107018,-40.25076070767734,78.11520333906957,76.77445333993221,0.02198259720067233,0.056093379805037855,0.9615232138070363,0.2680362055255763
robot3,2628,1722895523639859321,-40.734357102503346,78.72740825624636,76.96246562278652,0.0229064838517557,0.05657516567228026,0.9608965854353744,0.2700968265739928
robot3,2629,1722895524130968621,-41.13096964715162,79.3204386813598,77.07562183071087,0.0225346194128526,0.05638934247647102,0.960645752949452,0.27105750372046405
robot3,2630,1722895524636181755,-41.40820823247067,79.79522141232269,77.03121499630818,0.0226129431795312,0.05756836340458214,0.962402643724378,0.26449137923192384
robot3,2631,1722895525133129648,-41.61437638995932,80.15742134498655,76.97537485614728,0.02178015243795555,0.058758635333113575,0.9661675561400466,0.2501865328029063
robot3,2632,1722895525631232778,-41.81012671115217,80.6346180611326,77.06844588374669,0.022529340386147255,0.05972402448664143,0.9693815422567752,0.2371178931518246
robot3,2633,1722895526133232223,-42.07800321172001,81.23005972908346,77.26573834462506,0.019464985090679163,0.056568651699500906,0.9704243342659798,0.23387542296006655
robot3,2634,1722895526629411909,-42.302989634074436,81.62746445285603,77.25848539411267,0.020902444879105957,0.05627056310774358,0.9713736352042001,0.2298477155766201
robot3,2635,1722895527129641008,-42.659141851670114,82.23685801252455,77.27588023153479,0.019646316834388326,0.05593493821875954,0.9718695509624656,0.22793613323324094
robot3,2636,1722895527633907113,-43.03083156303266,82.87443041338518,77.38270950945578,0.02003976421725466,0.05592718162302718,0.9704204550483873,0.23399721927728742
robot3,2637,1722895528134856575,-43.35998864105847,83.45450558616898,77.53854823358205,0.01688437654682337,0.05701771457710856,0.95979504207447,0.2743307770963638
robot3,2638,1722895528632803998,-43.652371773121715,83.90476727073256,77.56092884981135,0.02246075050293608,0.05625314323318141,0.9576425108432521,0.28151717530030707
robot3,2639,1722895529133097113,-43.97937806580468,84.41412044082496,77.65189209422553,0.020968605795473185,0.053333492063627856,0.9548317030627841,0.2915686454705244
robot3,2640,1722895529633160073,-44.29854056861766,84.91789886737742,77.82455835104722,0.017976391403484476,0.055203665891105154,0.9537213786101827,0.2950337889228697
robot3,2641,1722895530135621840,-44.63137351404511,85.43300876308427,78.00689085928435,0.019008779064671542,0.05217337658285007,0.9478584680297609,0.3138167135107517
robot3,2642,1722895530632841171,-44.911845132910116,85.90693984537714,78.17407609179807,0.020232387817939644,0.05097029327261655,0.9383681303757057,0.3412593318608161
robot3,2643,1722895531134820219,-45.144103168401394,86.26952487032946,78.33803244711918,0.01900408968641043,0.05059000837074234,0.9296832983423248,0.36437406660130894
robot3,2644,1722895531631861901,-45.33637982267814,86.65625197036506,78.60421819506483,0.012299793769342943,0.05054713626741763,0.9179530039043468,0.3932632511580266
robot3,2645,1722895532132452340,-45.52101308409749,86.99318950428301,78.70298435134521,0.01715676493288909,0.050991997858336725,0.9474747924574303,0.315272864720709
robot3,2646,1722895532635648835,-45.76630970167747,87.38799887842049,78.56461178174143,0.020426150437508693,0.052108923179445016,0.9828658665866277,0.17561924952094618
robot3,2647,1722895533134535116,-46.06984326873136,87.9046781631777,78.21352175983277,0.03086756184323243,0.05240836575719887,0.9941225351413205,-0.08955971163814662
robot3,2648,1722895533631764456,-46.1626172105475,88.16360413546661,77.63839713316223,0.03887056413271757,0.04354157016827587,0.9399717146890628,-0.33622371495150155
robot3,2649,1722895534136084200,-46.125180244132764,88.24335171459053,77.01069777806087,0.03914549941886494,0.03203540171288275,0.8848200121653185,-0.4631791327166063
robot3,2650,1722895534632431481,-46.14444738788463,88.49060787213989,76.31262095433874,0.04508580705126287,0.030730687910590485,0.8833659397961258,-0.4654970582411729
robot3,2651,1722895535134454563,-46.2232871842411,88.82851394057772,75.36694232592494,0.046484173090331884,0.034164519236993235,0.882651401957041,-0.4664745543978612
robot3,2652,1722895535634425125,-46.3214743547269,89.13729560297786,74.43336976001828,0.04268557276294882,0.03055755213283532,0.8838167177955957,-0.46487868012048933
robot3,2653,1722895536131153128,-46.42576146740566,89.43088636741629,73.62303481164165,0.04202801471242596,0.030512470608323777,0.8849774980827452,-0.46272828204456334
robot3,2654,1722895536631564431,-46.55117518946022,89.80926604345173,72.77416059469653,0.03921816922487041,0.03135773906235034,0.8859112604669931,-0.46112890386672833
robot3,2655,1722895537136998626,-46.63014861634244,90.20541290229134,71.92097363350358,0.03643293202449901,0.03554004819710432,0.8886772809169989,-0.45569972220774385
robot3,2656,1722895537632249124,-46.718109804471645,90.56307543045332,71.09591149106173,0.04758463473244822,0.04341085710583922,0.8877159868966888,-0.4558634956110806
robot3,2657,1722895538139973563,-46.85028079106319,90.94021884927145,70.36654505266725,0.05251756335050405,0.04361135773509806,0.8898784468316491,-0.4510613094477501
robot3,2658,1722895538634744822,-46.976349240132755,91.26510211615602,69.60909505857805,0.0552285777209551,0.038956888016817445,0.8938305121398932,-0.4432822809979008
robot3,2659,1722895539132107908,-47.047674816378844,91.59659314092707,68.91461398026165,0.049298794446761225,0.03645039726180152,0.8989238213163455,-0.4337936846884379
robot3,2660,1722895539631875366,-47.10770056568499,91.88829032174552,68.25886831713852,0.04091023154465847,0.03192113156728307,0.9028375532352506,-0.4268392516892192
robot3,2661,1722895540133503338,-47.2177825489584,92.11731042563761,67.60969186322177,0.04620585118755447,0.03360362481047283,0.8846863455133938,-0.4626725470327656
robot3,2662,1722895540630916249,-47.38691652315259,92.33728560106628,66.89143795370912,0.045002961626281195,0.03459268986285419,0.8753543775758857,-0.48013830602405544
robot3,2663,1722895541136297060,-47.480034823651835,92.58281315882952,66.02939700738156,0.04322697882626239,0.033007526088609906,0.8639666408424257,-0.5006032111708023
robot3,2664,1722895541639277739,-47.578411898254785,92.81515818768743,65.31033695918316,0.04523340646223318,0.038293530995139456,0.8706704262910462,-0.4882832714786724
robot3,2665,1722895542134004455,-47.697504920284246,93.04871423431624,64.6737447022752,0.04875015034252612,0.03925465628483888,0.8746877610173758,-0.4806285629547524
robot3,2666,1722895542634799198,-47.75539901251304,93.315997097996,63.99600794493378,0.04986107232557898,0.03857797663516654,0.8778365027678222,-0.47479331039267936
robot3,2667,1722895543136722104,-47.72540713795138,93.56806664814972,63.42738411551914,0.048153651048038176,0.039974085782961154,0.878709979907644,-0.47323574417753816
robot3,2668,1722895543635995545,-47.717750517888085,93.70010319497129,62.79824598739808,0.048145667973927574,0.039021460450131995,0.874585470082642,-0.48089455788146224
robot3,2669,1722895544132081748,-47.74624730644988,93.8364529646155,62.245333141665135,0.047218700613873205,0.038902038858447154,0.8778187894288697,-0.47506967763753066
robot3,2670,1722895544631555358,-47.854947125834485,93.95391423236745,61.69938549890891,0.048403933526652315,0.03757843608000041,0.873357583484726,-0.4832095319120355
robot3,2671,1722895545133828933,-47.95503066524028,94.2274203279998,60.90481030195413,0.04811905811160671,0.03833837267508015,0.863876252511751,-0.4999325412226452
robot3,2672,1722895545634504228,-47.96452167648363,94.43470754211252,60.11208163664842,0.052754893058850956,0.04035695242945117,0.862044948382855,-0.5024606896231356
robot3,2673,1722895546133384498,-47.96627406417908,94.6413285344681,59.414648338394294,0.05027614118204457,0.03764126780710437,0.8625187370431918,-0.5021124105567741
robot3,2674,1722895546631867918,-48.085556843333805,94.77314793237439,58.63136043165367,0.050514003287072264,0.037630295423553506,0.8606469094827611,-0.5052911967727338
robot3,2675,1722895547133970993,-48.115867080417175,94.9270853872651,57.89168182069326,0.048317140779715766,0.03306152711358264,0.8606599625107808,-0.5058031418078899
robot3,2676,1722895547632583165,-47.943718504751914,95.0603075706452,57.118657010716895,0.05202993596601591,0.035037196943757315,0.8287143454853196,-0.5561454973121105
robot3,2677,1722895548131793247,-47.866836651520934,95.22965357082177,56.28802141263728,0.05364144215211747,0.0333614760847667,0.8394478310635753,-0.5397563770072065
robot3,2678,1722895548636755409,-47.858703193330555,95.37169336691315,55.46802114845808,0.05376328009252182,0.03277758611667112,0.8574941358076251,-0.5106260340186263
robot3,2679,1722895549136510972,-47.84467421706739,95.53260969212842,54.661676424073455,0.05614780311851266,0.03625887929554659,0.865359014372579,-0.4966754414316399
robot3,2680,1722895549631345914,-47.77791038648033,95.71787496722634,53.98072659338472,0.057592841724832165,0.037154556660937726,0.8665524306238906,-0.4943576523947158
robot3,2681,1722895550132070983,-47.67438280078549,95.92505982831351,53.35532723186289,0.057252441004704724,0.03741009284351537,0.8595626487475214,-0.5064333083739532
robot3,2682,1722895550635151848,-47.67471551220183,96.02474711097081,52.60752668573635,0.05430294831803453,0.03492049414377126,0.8615844186656928,-0.5034918454207814
robot3,2683,1722895551130265531,-47.729685862666436,96.12932710413514,51.909172487234144,0.05499374282430239,0.03819212263387187,0.8651337825013417,-0.49705189708300584
robot3,2684,1722895551632088597,-47.787178654965786,96.23250715166466,51.05185942924833,0.048880329033152724,0.02905455036358659,0.8678355652210867,-0.4935868497784128
robot3,2685,1722895552135269744,-47.86813594985407,96.35185173367982,50.27723408656644,0.05332705742809187,0.03396968678209478,0.8680285076341152,-0.49247212637922777
robot3,2686,1722895552632495860,-47.91138923648893,96.49020807324463,49.583919233404494,0.05453512634403046,0.035878226295526755,0.878195172074093,-0.4738268804302702
robot3,2687,1722895553142959110,-47.999987871082745,96.58854123017807,48.78696755932997,0.053912395139295015,0.03587113295953353,0.8838016662341398,-0.4633587489540932
robot3,2688,1722895553632943539,-47.97871791827968,96.64586749334069,48.02657940322931,0.05869435020817002,0.037108225917880704,0.8845795833573927,-0.461190756119558
robot3,2689,1722895554135117875,-48.021274240269214,96.66703748193103,47.29458649297261,0.05448990402144014,0.036139680674646686,0.886584316403825,-0.4579225084522832
robot3,2690,1722895554637502634,-47.980940612235855,96.75961655543702,46.61821167514039,0.05582115520735813,0.035444236566242134,0.8925158239864944,-0.44614258781163346
robot3,2691,1722895555134952467,-47.928485360225324,96.93950326069225,45.86186096107697,0.055103622382646565,0.03541667210630617,0.9095881269692069,-0.4103153536170382
robot3,2692,1722895555633399031,-47.86141221228873,97.19889400777687,45.024479604552575,0.05775927506017385,0.038082727268963765,0.9238101458689436,-0.37654798687269886
robot3,2693,1722895556134162963,-47.7651534265194,97.51564510491734,44.262946671607345,0.05172877183283693,0.03710343447222289,0.9278237256229849,-0.36754673646505925
robot3,2694,1722895556634313915,-47.8043071534033,97.76737290748277,43.437280813094475,0.05477318049229967,0.03767635981885995,0.9299939803336118,-0.36151291422686876
robot3,2695,1722895557132642800,-47.89198712297155,97.87415028752814,42.63315101495042,0.05745760467605426,0.03957897905445147,0.9296646302898645,-0.36173996637074457
robot3,2696,1722895557634281879,-48.002121529262546,97.94863198241157,41.71797402666738,0.04952582635271265,0.038404847073407626,0.9289576286825368,-0.3648424103059667
robot3,2697,1722895558132477311,-48.15041534681648,98.00029533716962,40.861403092428745,0.05548406784437377,0.041760846866185954,0.9347596092318305,-0.34842793061580957
robot3,2698,1722895558634823225,-48.20906347812124,98.08927839708572,40.0878027920433,0.058100798026205165,0.04145179590301652,0.9343028062269035,-0.3492625261342334
robot3,2699,1722895559136110752,-48.28600198029761,98.28328023579184,39.2003925943458,0.05382959987777337,0.041771342671609674,0.939125635856711,-0.33675000992596577
robot3,2700,1722895559633237536,-48.33036582162022,98.4724546152564,38.35604834199396,0.053796646451011315,0.043939137860068395,0.9413347531077698,-0.3302486269256435
robot3,2701,1722895560131868095,-48.278684529418506,98.67886611246854,37.485640234989205,0.0527032537789441,0.045424778263857234,0.9427491949633542,-0.3261639341753457
robot3,2702,1722895560639121133,-48.270777569717005,98.78427059222722,36.717454252105256,0.0563997104609121,0.045633423879980525,0.9431703589727924,-0.3242935972850052
robot3,2703,1722895561141774896,-48.20543506053386,98.83441446677665,35.95167291992475,0.05492726685924112,0.043771141086816075,0.9445549246060375,-0.32075391964216815
robot3,2704,1722895561635157667,-48.184432667011116,98.95841903075437,35.235613470586955,0.05204829187795225,0.04099584432672853,0.9445657605550714,-0.3215677845300203
robot3,2705,1722895562132219918,-48.201164103587764,99.0116172885789,34.46346477113613,0.053924414385631524,0.04229445841272831,0.9464197502980504,-0.31558357461458103
robot3,2706,1722895562634286844,-48.22543948825893,99.26541478150276,33.608981828410094,0.05311773693384296,0.042228012534605085,0.9518992950553129,-0.2988026657404556
robot3,2707,1722895563138910606,-48.12223363042515,99.4851327952262,32.75841015068305,0.053463252926346086,0.0441852612778248,0.9559720864694821,-0.2851433203908679
robot3,2708,1722895563632538426,-48.26115459812362,99.73625043845401,31.842436278507094,0.051216213087874295,0.04136484290662213,0.9591379522755634,-0.27517310514090393
robot3,2709,1722895564133608850,-48.30401927349978,100.16238619314468,30.98301921760049,0.05613421454346929,0.041765600638918855,0.9643376273550491,-0.2552597207318316
robot3,2710,1722895564631839933,-48.35589640321231,100.46214259181873,29.989126698687397,0.04921052806134882,0.039007321001086045,0.9649653894351817,-0.25475193822314546
robot3,2711,1722895565133644980,-48.41189212953253,100.69315947242316,29.083719874223192,0.05395132378942757,0.039845545279418956,0.965573302335967,-0.2513360002044463
robot3,2712,1722895565638417885,-48.36693115980137,100.73973426814145,28.223317111552248,0.05656608552872651,0.03967482179025459,0.9648646560760694,-0.25350026023473177
robot3,2713,1722895566134466545,-48.28403352992285,100.8651176264869,27.337679136949056,0.05332910979445158,0.03546441641611286,0.9657920568256376,-0.2512846676367264
robot3,2714,1722895566632206393,-48.24120783681148,101.07555462143479,26.46734701933141,0.0532167019454908,0.03889715971874607,0.9647052783721928,-0.25494846436228874
robot3,2715,1722895567133768565,-48.43547079903278,101.24081277565497,25.521729724212985,0.053036136173466815,0.040226302591921066,0.9704585211084237,-0.23190358265370567
robot3,2716,1722895567632194293,-48.43184007622954,101.43469733234865,24.60353622780203,0.05244011184476715,0.04024747458855136,0.9789762552361049,-0.19296545582783756
robot3,2717,1722895568137368932,-48.51179872450997,101.43285596054841,23.686256361960524,0.04662602557547188,0.04150294269525311,0.9888085986564275,-0.13550304317535575
robot3,2718,1722895568635022865,-48.58315957078938,101.48313189781794,22.85694152100455,0.05175902184420211,0.041552618930750705,0.9963414300082382,-0.05383436046677085
robot3,2719,1722895569130944713,-48.36684006622738,101.6195231325952,22.149114859137743,0.04886656058690834,0.04333586671585431,0.997523945658073,0.026077571803021754
robot3,2720,1722895569634945241,-48.35937901206412,101.85379752548315,21.555425574716413,0.04901268236671247,0.041922809654149205,0.9928841674565145,0.10010626859545749
robot3,2721,1722895570137183043,-48.32424744497049,101.93558919567796,20.590641486435736,0.04568738245159246,0.03940503510589365,0.9924036319891177,0.1072144463579087
robot3,2722,1722895570632580401,-48.317108423841574,102.1560107684092,19.574872184540062,0.04521830414372485,0.04077213899188266,0.9938254082892757,0.0927577246974431
robot3,2723,1722895571131872354,-48.22763065954076,102.34509068607332,18.543884276845162,0.04208416184139745,0.042017655206702524,0.9944695750495979,0.08656618435457306
robot3,2724,1722895571632454461,-48.01285600262556,102.32490832179872,17.507531391617963,0.04422969927057564,0.0417244345565887,0.9924557156805628,0.10646341003532252
robot3,2725,1722895572131973377,-47.83770330014681,102.28033836819561,16.641818128523113,0.04157963513988025,0.04213822817843537,0.9897144047030477,0.1302340231694793
robot3,2726,1722895572634731268,-47.82753799039321,102.49670231096297,15.916788045289668,0.04665153249137201,0.043064703013654525,0.9873982210490476,0.14496143949246781
robot3,2727,1722895573135194857,-47.856344044408225,102.8462218825111,15.123325454843103,0.03885640440508161,0.04557652673109876,0.986630420123412,0.151569700583388
robot3,2728,1722895573634404420,-47.83782180074347,102.97439997230838,14.30976260101019,0.03647573318604511,0.05084838138305955,0.9832807553167331,0.17100561167113262
robot3,2729,1722895574133566043,-47.7193072771414,102.86707765419064,13.42188709110721,0.03562342650592296,0.05343984714710252,0.9825609879705105,0.17449658775828775
robot3,2730,1722895574632890379,-47.644825381597634,102.85305435539546,12.575519308037734,0.03838712048001015,0.05246753704752233,0.9805959043667497,0.18494663791639004
robot3,2731,1722895575136166421,-47.50678788521692,102.80772737496893,11.694471524217622,0.03828159154004126,0.0513302397895673,0.9788761143257779,0.19416817204365242
robot3,2732,1722895575632293985,-47.50234020368137,103.01374190771419,11.018509948876087,0.03567631236266907,0.04918643409775806,0.9791370630992207,0.19390334474263443
robot3,2733,1722895576134774956,-47.52885744979324,103.36088800801737,10.347066417670227,0.03408117975944142,0.049457126262793666,0.97999491677924,0.18974306030756735
robot3,2734,1722895576635837328,-47.53742961893966,103.62130619905261,9.739372416369372,0.035045624705208805,0.048576099078322936,0.9840312767193445,0.16761447797088275
robot3,2735,1722895577135691890,-47.56178673649536,103.73185182032233,9.062474080312443,0.03481185511891273,0.04998159946917285,0.9846864457236876,0.16334802743141513
robot3,2736,1722895577635861583,-47.60658396107538,103.72382642415704,8.31894817945961,0.036320249011721796,0.05295646489387027,0.9869412129205118,0.14772777185302594
robot3,2737,1722895578135920042,-47.802755072590514,103.781927733853,7.591821021849809,0.035792297326247016,0.05325071573280229,0.9873670578484182,0.14487776158476687
robot3,2738,1722895578632409153,-48.035580787599045,103.95674226085109,6.942242028326942,0.03836879634189044,0.05064944564360844,0.9866008999390898,0.15027020117990067
robot3,2739,1722895579133427483,-48.29962420540181,104.13822728440545,6.285572122344908,0.03316168006504938,0.05060882696194546,0.9865316016552477,0.1519685774899888
robot3,2740,1722895579632225064,-48.37947167577496,104.27741283523599,5.511413828142813,0.03766910940907937,0.050680958299942395,0.9846336059337486,0.16281627906333537
robot3,2741,1722895580132552621,-48.433300449816834,104.39456576189089,4.650222467016179,0.036926302535773475,0.048502318679346255,0.9839237525896743,0.16786310599299903
robot3,2742,1722895580632341181,-48.44784952424456,104.38375456949119,3.8479558427293457,0.03406036741349782,0.0488632962456331,0.9826014757524041,0.1759164844489187
robot3,2743,1722895581133468151,-48.56575696918713,104.58823552064317,3.137332734761394,0.03805594158346744,0.047884784658753614,0.9829134486001888,0.17360859791284655
robot3,2744,1722895581632094345,-48.60957683810874,104.66818756275215,2.5482174574837715,0.03615547811581462,0.04831588933462774,0.9805644814937062,0.18668597663723938
robot3,2745,1722895582132515386,-48.691930016947666,104.80047530096073,1.8868665708426147,0.03550830738928516,0.049669388620087025,0.9796963620084748,0.19096374055776777
robot3,2746,1722895582636687663,-48.762684308873276,104.92723224109807,1.2767125976341345,0.03593054051412847,0.050791703715377744,0.9793907619539948,0.192153413946319
robot3,2747,1722895583134995151,-48.73803170180594,105.02261644671773,0.6387370997966801,0.037896868990803745,0.05114981487394951,0.9791192035986943,0.19306244819568932
robot3,2748,1722895583639216676,-48.70751420313249,105.15893643537744,0.035281905330393826,0.03329393799698667,0.05075249976081914,0.979192618345729,0.19364274744465979
robot3,2749,1722895584138567433,-48.664964184140594,105.37299759890732,-0.5241957350286779,0.03173699167775658,0.051467438280396564,0.9791179353045778,0.19409259367889403
robot3,2750,1722895584632280684,-48.643868418410115,105.5189740360703,-1.1493269703924012,0.03310875666732926,0.05129127712186959,0.9793952367491534,0.19250450736598543
robot3,2751,1722895585138447794,-48.58740003295691,105.6787066661551,-1.8010493511597727,0.031253011165599955,0.0502267880613976,0.9796680044822332,0.1917058164165017
robot3,2752,1722895585632450578,-48.6115870177719,105.98948275399684,-2.3483647661828155,0.03304267895916798,0.051521716654523195,0.9810826506654283,0.1836587232980496
robot3,2753,1722895586132888570,-48.66458791126665,106.08724873003273,-3.1641604352869703,0.032734529512093935,0.05071973795105267,0.9797461653751028,0.1909277617125915
robot3,2754,1722895586637459719,-48.66391456495683,106.22885356651402,-3.8962899783122036,0.03340266448007693,0.047650536375737976,0.9799348070672514,0.19063436806306666
robot3,2755,1722895587135929743,-48.69924141015387,106.46026498535785,-4.527520482075844,0.03561421191073177,0.04868500385503563,0.9801478942013587,0.18886901228696773
robot3,2756,1722895587633659317,-48.69407486912978,106.50619860103063,-5.271338094498263,0.03405176215805218,0.049718533139730514,0.9805444861767653,0.18681824210903009
robot3,2757,1722895588134155222,-48.73444403397981,106.74436807882351,-5.956533211421678,0.03668918936864728,0.04933843110412894,0.9805665336888465,0.18630323563775048
robot3,2758,1722895588634072634,-48.69426000557048,106.84070533536965,-6.647468265081664,0.0382239574534881,0.04939692947743859,0.9805384330089787,0.18612698307094422
robot3,2759,1722895589132591544,-48.59043068391337,106.8878105475888,-7.288376465851739,0.03530609292689866,0.04878259575737471,0.9828919338182247,0.17406086460913725
robot3,2760,1722895589634324202,-48.60988284141904,107.08621307290562,-7.895122354303767,0.03757090625795377,0.051659059079034085,0.9811243979313015,0.18252310648782608
robot3,2761,1722895590131659078,-48.58694937333887,107.33732938990394,-8.374581429535755,0.0369593836383127,0.05121072163642172,0.9805679420658224,0.1857363102447951
robot3,2762,1722895590638951538,-48.63019845691318,107.6331364773741,-9.057244443498695,0.033821499832912556,0.05009612017705136,0.9807494421968983,0.1856798764614291
robot3,2763,1722895591132724698,-48.625015252719166,107.76213047863912,-9.816889384771537,0.029945947109513087,0.04882930397338258,0.9811210485627906,0.18471715511083361
robot3,2764,1722895591632741439,-48.53629038062452,107.77101553751525,-10.572824134125927,0.03409801895348416,0.04525623377651451,0.9809333687008066,0.1859003081683853
robot3,2765,1722895592130712778,-48.44725072404555,107.76112203000731,-11.337636227918694,0.03618499092289478,0.04615098835390138,0.9806515491182197,0.18677063987121686
robot3,2766,1722895592635104034,-48.47044284269349,108.00364573359263,-11.98335088338197,0.024204603329914528,0.05017105812326649,0.9818413497148554,0.1813410215437877
robot3,2767,1722895593134378058,-48.481745469904,108.44040729449357,-12.484818390730991,0.034003624905072916,0.052760272354461984,0.9822971598198897,0.1765004163286198
robot3,2768,1722895593632944662,-48.36276040393898,108.61287655750036,-13.216093538664715,0.0351905740699832,0.04954363447858924,0.9836038862210023,0.16979530850473673
robot3,2769,1722895594136718634,-48.22659215466929,108.72496442264448,-14.03720688412758,0.03642660281531619,0.044788845092346166,0.9840175104668999,0.16845355756751926
robot3,2770,1722895594634390542,-48.068259138313536,108.83206992075141,-14.763260028814983,0.0317727857103284,0.046143961001834,0.9839237055233789,0.16957407425785884
robot3,2771,1722895595134388748,-47.885800698693465,109.10042016747016,-15.402177117484262,0.03605994874969099,0.04608690656238843,0.9844732644744699,0.16549340976201943
robot3,2772,1722895595631915251,-47.687980382090174,109.18520675993376,-16.192810023876746,0.02770644925562696,0.04490804698072541,0.985556799217153,0.1609143110567319
robot3,2773,1722895596132639861,-47.418343629281395,109.2256997139681,-16.9935997163597,0.0257789899720083,0.04602650948021973,0.9842833492958415,0.16853276358041164
robot3,2774,1722895596632451406,-47.224100069103514,109.49903450354496,-17.5621342374608,0.03142019182535665,0.04573547462731974,0.9825896366507159,0.17730945787770594
robot3,2775,1722895597133673106,-47.06891498021268,109.79656049933453,-18.13757145781286,0.029965325436893266,0.04716682844756351,0.9852555529775935,0.16170610654046338
robot3,2776,1722895597636350891,-46.82488837131289,109.74775164985908,-18.907348453731018,0.03438238647768144,0.044799515603693316,0.9867839917413346,0.15188221931750748
robot3,2777,1722895598135045587,-46.73104310670109,109.88966558567209,-19.52538839332677,0.03389221048602978,0.044601806278128854,0.9871459514165363,0.14968255592099003
robot3,2778,1722895598632816849,-46.74035468010996,110.15803498367434,-20.0560023878582,0.03622844861414375,0.04846788223113225,0.9869303666415782,0.14935466281225196
robot3,2779,1722895599135239341,-46.69698766627428,110.2289280387791,-20.811327908575496,0.035098362299837246,0.04666513075199828,0.9870416359878222,0.14946330440028324
robot3,2780,1722895599637452682,-46.64389592804206,110.2509351037755,-21.66636951493171,0.0374179101807617,0.04415475903494768,0.9873150178836815,0.1478489523588719
robot3,2781,1722895600134775386,-46.62563888953695,110.2275494806612,-22.432818051495147,0.03263878471697632,0.04372467128769674,0.9879694356266597,0.14470403284124891
robot3,2782,1722895600633306570,-46.642317723592456,110.34725906385422,-23.128548522852437,0.03794138576832167,0.04110793770275608,0.9882505435518145,0.142237308303232
robot3,2783,1722895601138355523,-46.57770788420471,110.38119110326542,-23.783509411950913,0.034704909109209835,0.04095922753280858,0.9904573710133113,0.1269334753681513
robot3,2784,1722895601643970191,-46.38999835144141,110.50808447706653,-24.354781320324538,0.0353385151275679,0.04217360714696412,0.9922925882249973,0.11103150707131695
robot3,2785,1722895602132610160,-46.356585955374634,110.63539313004547,-24.968024037305693,0.03215844976930662,0.041714013327242755,0.9940766295995883,0.09506539688284339
robot3,2786,1722895602632546671,-46.22056256529776,110.86283398822333,-25.565101496149396,0.03389599178317139,0.041602349893595035,0.9949085105641516,0.0853074547234157
robot3,2787,1722895603137023627,-46.08649947624716,111.00067019562681,-26.366497761149365,0.03680757541325365,0.03895597869188256,0.9965405154379933,0.06351877838036572
robot3,2788,1722895603634493200,-45.94280017742196,110.83188679059974,-27.195580128172708,0.03743133188887319,0.038335384324581535,0.9983022357202084,0.022846003102189254
robot3,2789,1722895604132751929,-45.712826033235665,110.78267575174965,-28.001152254896564,0.03736985531740127,0.03544447400530638,0.9977150136171383,-0.04372567642698006
robot3,2790,1722895604635185462,-45.54473031157644,110.85536512769785,-28.909507363850874,0.038452037985264816,0.035199450390609774,0.988068421314922,-0.14492492631433906
robot3,2791,1722895605137561311,-45.34752615122943,110.6725469442762,-29.933565313291798,0.04025187951780568,0.031390480816810645,0.973725032308398,-0.2219323891760336
robot3,2792,1722895605631713183,-45.162586732767124,110.45536136413787,-30.89897447543884,0.03422913578530491,0.029314491917862492,0.9608139779887002,-0.2735059899316985
robot3,2793,1722895606133619951,-44.84881858273239,110.09394806909553,-31.743385353848833,0.03549976851594374,0.029744681439304796,0.9449926116725296,-0.323796207892743
robot3,2794,1722895606633679943,-44.486570414457965,109.41694639547394,-32.58143922713878,0.041564047763736886,0.023206523001522587,0.9153359108077983,-0.3998675500829392
robot3,2795,1722895607134881762,-44.07021243049269,108.7670114865839,-33.18237668809723,0.04279915894729182,0.020469554204000085,0.9002222491970696,-0.4328384587749373
robot3,2796,1722895607632837518,-43.71548707228364,108.09465356726379,-33.37760553353633,0.04483018716621422,0.022603812451756487,0.9030210861679161,-0.42665236424682457
robot3,2797,1722895608131314018,-43.37352449259288,107.39218120085047,-33.008767375076765,0.047212569533711626,0.02563047811858012,0.9019282951523425,-0.4285316817611349
robot3,2798,1722895608639776795,-43.03636735376062,107.21350962653112,-33.214209158549174,0.04515632508767461,0.024822099524989656,0.8945911523908326,-0.4439047642724619
robot3,2799,1722895609133868015,-42.86954377328524,107.13804274773072,-33.529907633137995,0.0415026438611787,0.021371339326347882,0.8868946174960567,-0.4596071516680888
robot3,2800,1722895609634827817,-42.69488857901842,106.78307724648543,-33.8270146755962,0.03965872399202495,0.01950314652405847,0.883014201978455,-0.4672608821540037
robot3,2801,1722895610133239137,-42.389269792389406,106.39654571976807,-34.03655548515875,0.04362368235665051,0.025605129862291662,0.8781528363558165,-0.47569837887322647
robot3,2802,1722895610634896455,-42.22682632249031,106.15072289000128,-34.46756493858174,0.043250585266670374,0.03925567267074484,0.8687350747074615,-0.4918208505241308
robot3,2803,1722895611130754002,-42.00801160551929,105.8660340557137,-34.86606683531069,0.038177909423391186,0.04821225106949291,0.8595530388537242,-0.5073328290936823
robot3,2804,1722895611633968136,-41.707534403304855,105.39859860872173,-35.377527087812986,0.03112307071590606,0.038032656381804995,0.846130108670624,-0.5307058608295129
robot3,2805,1722895612136809702,-41.396038973290445,104.95222489380366,-35.95468210867625,0.02988212968963181,0.037647436403643535,0.8193476178542248,-0.5712785747549549
robot3,2806,1722895612634906784,-41.04256930312826,104.48455689219645,-36.63089976390583,0.03165214067384552,0.0316408557923453,0.8228510498956708,-0.5664919663341074
robot3,2807,1722895613133910631,-40.73851596801679,103.99789930339305,-37.23014939817993,0.03148094214957054,0.03289770743738487,0.8092254045877877,-0.5857311121124359
robot3,2808,1722895613633065541,-40.575724475121085,103.52089712677069,-37.71720362863804,0.03012610667517437,0.029308594112102324,0.7896388160905178,-0.612130675698362
robot3,2809,1722895614137730062,-40.34249822012809,102.90641248704854,-38.296149667764055,0.029671919752049674,0.023560479262419498,0.7711293503006165,-0.6355501601762855
robot3,2810,1722895614633124663,-40.01737888325101,102.42612935932587,-38.841509343231266,0.03615939215472125,0.01930621625245941,0.749793624049468,-0.6604008553202968
robot3,2811,1722895615137685901,-39.70143155335727,101.92137968005774,-39.36301724409027,0.04002795101834014,0.01812286359567448,0.736034485407495,-0.6755165144119646
robot3,2812,1722895615633166355,-39.429638165097366,101.53514914867964,-39.96036170062726,0.03873819277356542,0.02258093462951788,0.7235381603563505,-0.6888265270153607
robot3,2813,1722895616134157077,-39.168315563739355,101.14570692571097,-40.50215736734812,-0.03855467032540617,-0.023572034167112524,-0.6975612015568023,0.715098781067311
robot3,2814,1722895616631527025,-38.8383616236984,100.6683725579395,-40.93190602853697,-0.03802456509668139,-0.020891651122605437,-0.6782022156218557,0.7335935019397225
robot3,2815,1722895617133099945,-38.54829190958051,100.25674687022264,-41.50328270583171,-0.03867494101641949,-0.025080695548567553,-0.6628794171423518,0.7473058851482388
robot3,2816,1722895617630052413,-38.27078638186211,99.86615746381112,-42.15927871818538,-0.037993164116338844,-0.02388386136284306,-0.6568006695666029,0.7527276805749152
robot3,2817,1722895618130506360,-37.93977107500316,99.22803280515761,-42.67073897730776,-0.03937406360810382,-0.019050583967656378,-0.5950772664317994,0.8024772927264257
robot3,2818,1722895618632549154,-37.71247728492673,98.5336572228663,-42.931908813889734,-0.04116961619589413,-0.0148593807400239,-0.5070010578069628,0.8608334269119238
robot3,2819,1722895619132521227,-37.48761795779082,97.88593807991184,-42.961364063615456,-0.039331340653106416,-0.009862656462066088,-0.4330919195591631,0.9004372065072057
robot3,2820,1722895619640766364,-37.28468236360368,97.31644227665709,-43.11680487535482,-0.038305102117670256,-0.009999927227966908,-0.4188126751796572,0.9072092722828891
robot3,2821,1722895620132740049,-37.05811251113207,96.8167552987078,-43.373734088755924,-0.0368375966578341,-0.013388916529105413,-0.40418918488861044,0.9138352319787917
robot3,2822,1722895620632102986,-36.77123158161287,96.14807774859756,-43.63375888611047,-0.036702149345451775,-0.006547910013898286,-0.423602561555718,0.905080630082927
robot3,2823,1722895621136661361,-36.518887873998686,95.51344377230903,-43.87380498809928,-0.03451853917456375,-0.008101030854543724,-0.41966443655640173,0.9069865514119522
robot3,2824,1722895621633876030,-36.28900811687746,94.83895082790926,-44.20948658612783,-0.03838004446549686,-0.006998982702591307,-0.3920288534003539,0.919125325801416
robot3,2825,1722895622135198637,-35.96825816276589,94.280345925328,-44.47749388715367,-0.03557570597382865,-0.0074351698666623,-0.3785684341072156,0.924859463967974
robot3,2826,1722895622631909880,-35.71736699246384,93.62414707535639,-44.748552787389116,-0.03423367148612966,-0.0069268251619033425,-0.3541899222832981,0.9345210397752999
robot3,2827,1722895623135422074,-35.422610574335515,92.89276490241153,-45.07446124718409,-0.02888598185321523,-0.001171315955998566,-0.30241268078461964,0.9527385782952041
robot3,2828,1722895623636509504,-35.144516289845654,92.2698779548698,-45.240161014734305,-0.024882552304251543,-0.004408018120901009,-0.23846940575903944,0.9708211835781101
robot3,2829,1722895624138687583,-34.919484997908704,91.65390918261538,-45.36695203872388,-0.02520565929247005,-6.032442231674949e-05,-0.17976628721172436,0.9833863701936831
robot3,2830,1722895624637910086,-34.793263747173796,91.16714016235056,-45.50293791757474,-0.022575299454400382,0.006406119597204077,-0.1316014447122701,0.9910249125203129
robot3,2831,1722895625133874222,-34.60565911016062,90.63686092985213,-45.732242755071454,-0.020526668979050224,0.0061691091964257245,-0.11465512465242259,0.9931741037417783
robot3,2832,1722895625638033466,-34.237497510916185,89.88072339823205,-45.90480539181583,-0.017842557379139527,0.012583000308390244,-0.10672248127057961,0.9940491050450486
robot3,2833,1722895626136679296,-33.93982544409815,89.32699552693664,-46.16210027210764,-0.014535775090228777,0.008390822017288567,-0.07990966079188301,0.99666080060396
robot3,2834,1722895626635408192,-33.72596347800238,88.64718066547056,-46.318421110938004,-0.015020073764295627,0.006727883047521554,-0.07987808637433362,0.9966687635774428
robot3,2835,1722895627133937291,-33.35798959238126,87.92850785629663,-46.34528091146779,-0.01682504870725667,0.007721032605332084,-0.06332814626762623,0.9978210507309474
robot3,2836,1722895627631649159,-33.05509978078168,87.36070917842487,-46.500997049596876,-0.018235828079512198,0.005375139363832972,-0.06898394595598188,0.9974366033244498
robot3,2837,1722895628134365343,-32.826681571450884,86.73364585360603,-46.67651716161248,-0.018997690715880308,0.009699821109216352,-0.05652040849280234,0.9981735543690384
robot3,2838,1722895628630157779,-32.55879507937583,86.19887263594697,-46.73436490637827,-0.019792738149779575,0.005782732171750737,-0.055983120389427356,0.9982187624747528
robot3,2839,1722895629133097058,-32.331460737024024,85.51967360844448,-46.74782436996675,-0.02002077964724658,0.005619126197556635,-0.05019777683175838,0.9985227974384167
robot3,2840,1722895629632274672,-32.21671904765233,84.91935635547291,-46.81310106883645,-0.022212698465130253,0.004874329248905558,-0.0364793471913685,0.999075619845546
robot3,2841,1722895630134749309,-32.01202286193967,84.25235461640382,-46.8607121274795,-0.02078889495998015,0.00540064933629913,-0.024310534484592715,0.9994736878708527
robot3,2842,1722895630637371477,-31.832966111132123,83.64429542395132,-46.936869095619656,-0.019655744165451662,0.012290423829636661,-0.028860296879688694,0.9993146053507906
robot3,2843,1722895631133927759,-31.67373650314096,82.99390727113405,-47.04014854813441,-0.018643517119018647,0.008763973965579493,-0.033332732304550645,0.9992319755626703
robot3,2844,1722895631633808086,-31.474528119821553,82.38455980477562,-47.14367337826071,-0.01822355878127254,0.00913035605818135,-0.037634757476714915,0.9990836619289024
robot3,2845,1722895632131910412,-31.29820302221044,81.73692781127826,-47.2514473221175,-0.01885925911939041,0.003991684429828337,-0.042572014268665456,0.9989074123270829
robot3,2846,1722895632632113647,-31.116845509602967,81.17375951974424,-47.381726242047485,-0.020316386170099607,0.009311290128101064,-0.04777590629389517,0.9986080347698664
robot3,2847,1722895633137165694,-31.00561979143969,80.56211523671779,-47.51593542717936,-0.01829115122075596,0.0020103005304274823,-0.052447057017871654,0.9984541545253648
robot3,2848,1722895633634602001,-30.839877099325477,79.85706142309019,-47.57934084290918,-0.020104406909083966,0.002230829245222124,-0.05743588157634134,0.9981442559726832
robot3,2849,1722895634137081776,-30.632593623865993,79.22352090835076,-47.76022651029837,-0.018792246885862483,0.003391060880041559,-0.06062485850320509,0.9979779449940539
robot3,2850,1722895634632842250,-30.47558974415977,78.54638121073485,-47.89395036369838,-0.020123665980299726,0.0037149872954853167,-0.061404899787862066,0.9979031391968612
robot3,2851,1722895635135847630,-30.333119360767693,77.95765255281384,-47.98878461215305,-0.021107658246631997,0.0006128770630824105,-0.0632604615639778,0.9977736241992776
robot3,2852,1722895635634548290,-30.19902262477267,77.29862635619655,-48.04567727564839,-0.021609798520896253,0.0024127381445612204,-0.06574964762630008,0.9975992076678637
robot3,2853,1722895636136851001,-30.023903768621643,76.6713940645816,-48.084997424738816,-0.021990422523131974,9.367805046618912e-05,-0.06989332009396913,0.9973120556515493
robot3,2854,1722895636634812658,-29.873960526226654,76.01178361612348,-48.27856606241945,-0.021726798851073932,0.0004948004228393149,-0.07427219953631925,0.9970011744026501
robot3,2855,1722895637136194309,-29.62435819086424,75.36442069013293,-48.35729518160503,-0.01965438223121218,-0.0007113531703786278,-0.07861278503000539,0.9967112065516281
robot3,2856,1722895637633190551,-29.37969611443953,74.58957247069279,-48.38404186543301,-0.020002152828409385,-0.0023678663521604646,-0.08371520352464262,0.996286139515147
robot3,2857,1722895638132732927,-29.15640291410569,73.83044455483464,-48.41341664131254,-0.0174239971711241,0.0029852931218186446,-0.08553972785331683,0.9961779195035082
robot3,2858,1722895638635803211,-28.911327566178905,73.15010613376874,-48.430527173237756,-0.018127454024176457,-0.0003688076391807417,-0.08774037109261285,0.9959783565279203
robot3,2859,1722895639146023643,-28.668270023673706,72.35503198587251,-48.47034950951448,-0.01856622582132927,-0.002634808967346408,-0.08988272801916874,0.9957758021986118
robot3,2860,1722895639632782941,-28.4937524489498,71.77205796164343,-48.58608204358431,-0.01942550237563041,3.5627871545654056e-05,-0.09289752549414054,0.9954861618049619
robot3,2861,1722895640135246689,-28.26306677602221,71.05554306312567,-48.682989782596756,-0.01918900768975162,-0.0030843184581316498,-0.09298649464872587,0.9954776646296358
robot3,2862,1722895640642687631,-28.023480629426448,70.28262865470953,-48.70426020796919,-0.020386308190285526,-5.269711843005369e-05,-0.08708510701674553,0.995992258904288
robot3,2863,1722895641134198911,-27.76580380759608,69.55028497397575,-48.762473166663874,-0.020244900724860737,-0.0017926575629852429,-0.08986149173035611,0.9957468768103155
robot3,2864,1722895641644392737,-27.532918334911116,68.72985831161922,-48.80799434736105,-0.020663129239120857,-0.0019733447746553253,-0.0905592419654763,0.9956747283601639
robot3,2865,1722895642136876586,-27.29654908937346,68.03566950660228,-48.90779929004316,-0.020386676415829235,-0.0001327224161214835,-0.09066061154770699,0.9956731488411608
robot3,2866,1722895642645400355,-27.09247199286301,67.21945246195531,-48.98278749775053,-0.01897874517247175,-0.0005929586969085802,-0.09332080791454087,0.9954550127664432
robot3,2867,1722895643133025607,-26.868207924115346,66.42875398373707,-49.06115401242704,-0.017110397324573222,-0.004064048338169462,-0.09459174724922001,0.9953607984880858
robot3,2868,1722895643635798157,-26.648313926033197,65.68328726964128,-49.21865304222978,-0.01535935426154699,-0.0008449547708680277,-0.0969177733529732,0.9951735132610822
robot3,2869,1722895644132721479,-26.460991937558692,65.01795319836246,-49.41383441204199,-0.014010978849471802,-0.0016386127421749719,-0.09814096086892153,0.9950725396772266
robot3,2870,1722895644631280542,-26.256339349861797,64.35721887742044,-49.47308067176589,-0.014255822587229752,-0.00325048604924504,-0.10046414569566706,0.994833232905116
robot3,2871,1722895645136121708,-26.022223963828747,63.628555236185036,-49.48878044277492,-0.01407761431865662,-0.003641890803005108,-0.08583997432467991,0.9962028188147294
robot3,2872,1722895645634535483,-25.850271044165098,62.92752398660929,-49.64121823734973,-0.015292262563696724,-0.005013187554699274,-0.08498239304401091,0.9962524818181071
robot3,2873,1722895646132108610,-25.67221304129219,62.236284397236695,-49.752977752347164,-0.014380979592255415,-0.0052040430909678645,-0.07505067856814764,0.9970624358624364
robot3,2874,1722895646637942774,-25.460213433390898,61.53265092870054,-49.70531996287236,-0.014424712702932382,-0.005183095863392435,-0.06975384189239303,0.9974464721086339
robot3,2875,1722895647134374091,-25.275513783009192,60.77154190214857,-49.736423930803205,-0.016023821593184166,-0.0010859204438975235,-0.07010151397688036,0.9974105652420614
robot3,2876,1722895647632267457,-25.132811875512605,60.108184761703356,-49.87398414898788,-0.014022605866957935,0.0005429242159045494,-0.0705227485173482,0.997411456571236
robot3,2877,1722895648133834858,-25.002753123666807,59.624989353604036,-50.117899642206766,-0.012628248818993097,-0.003960419755279693,-0.07029255854246837,0.9974386189739605
robot3,2878,1722895648640932801,-24.826899666344442,58.983716862784476,-50.32719717200086,-0.014541146800321885,0.0006543326832086278,-0.07550211029289104,0.9970393965334525
robot3,2879,1722895649136176641,-24.68785064423822,58.41617014103696,-50.4838858877422,-0.015491464185321727,-0.001923323698307268,-0.07994336216235319,0.9966771664935068
robot3,2880,1722895649634897208,-24.52410009464502,57.893542684727656,-50.661321765247,-0.014083690541621978,-0.0017615854395099477,-0.08296841097431071,0.996451097273652
robot3,2881,1722895650132337720,-24.360213599688283,57.359159886715155,-50.86256127524443,-0.016386848158451647,-0.004756957393813564,-0.08799301301247021,0.9959749355404344
robot3,2882,1722895650632100928,-24.18735701807398,56.729631330177234,-51.00640121629137,-0.014808854632735917,-0.0045577767094767295,-0.09186665093644232,0.9956507635419434
robot3,2883,1722895651135281821,-24.115883644836366,56.089254501655226,-51.03295118508661,-0.016815468448481977,-0.0046454156606822936,-0.09366977846432906,0.9954504672441724
robot3,2884,1722895651637894575,-23.994328524060315,55.4178171516147,-51.0887406926563,-0.016408693976515436,-0.00509925669594404,-0.10151719774724835,0.994685382874746
robot3,2885,1722895652132552325,-23.91777353464883,54.74758918078562,-51.16683053338752,-0.017041184928978298,-0.006355528760427015,-0.11087405706577556,0.9936680274317812
robot3,2886,1722895652634449052,-23.8014775322186,54.142397661335025,-51.30030278243536,-0.018941226375034256,-0.005285814659448414,-0.11978692479390342,0.9926048472354018
robot3,2887,1722895653136852103,-23.589401326158043,53.52800037984776,-51.43314084203429,-0.018730733999944824,-0.008419289106365456,-0.1282481966855584,0.9915294626089882
robot3,2888,1722895653634989790,-23.395924342434032,52.96934731464859,-51.52582556354879,-0.016227592093354216,-0.009451704574197448,-0.1358984264384665,0.990544773459051
robot3,2889,1722895654135455315,-23.221231176085873,52.26589746951582,-51.624743283496656,-0.017093881147544582,-0.008717506676779339,-0.1442713598532759,0.989352100634926
robot3,2890,1722895654631355717,-23.02693899046629,51.61005957996696,-51.74005215080121,-0.01637979377781775,-0.010398888924295479,-0.13682051214887955,0.9904058324344898
robot3,2891,1722895655131095935,-22.796582892527457,50.84784668466528,-51.857077284997075,-0.014167969668488727,-0.00793373726922301,-0.13560293915930285,0.9906301869717954
robot3,2892,1722895655636172806,-22.62384471663137,50.128122949768084,-51.93330502932656,-0.015898874739378115,-0.013313211200822263,-0.13644783185714854,0.990430196112289
robot3,2893,1722895656136188619,-22.48453293718684,49.51244486264704,-51.99616334786727,-0.015346994654538516,-0.01193886932833251,-0.1282177879954951,0.9915554104515677
robot3,2894,1722895656634858333,-22.319384178866123,48.91524921032634,-52.09099235750877,-0.015036642421415251,-0.010486370018164267,-0.12997418982035322,0.9913478932287471
robot3,2895,1722895657137588554,-22.155578970561248,48.40481131797502,-52.23698235843075,-0.017001169577893584,-0.011327390676615293,-0.13236684591554168,0.9909902464483766
robot3,2896,1722895657632491754,-21.9931509484042,47.89442041425074,-52.37992903955363,-0.017485820068886933,-0.009311376676993522,-0.13441644368813704,0.9907268866984138
robot3,2897,1722895658136933469,-21.84260237319752,47.34071908534394,-52.509791674442404,-0.01788637326949232,-0.003507898984181878,-0.13676805046925314,0.9904353955038264
robot3,2898,1722895658632572475,-21.680408693649756,46.6827049781383,-52.5589746892091,-0.01643660095345323,0.004321140111455315,-0.1391247508519531,0.9901290166425869
robot3,2899,1722895659132796551,-21.510524479130098,46.11346606897546,-52.640613780909284,-0.01628735867178571,0.0014361512388919178,-0.1406778151109174,0.9899204067765924
robot3,2900,1722895659633582542,-21.356858042162386,45.657481096811146,-52.79343427383681,-0.017773934685410595,-0.000687415133773692,-0.14338445599718122,0.989507206888674
robot3,2901,1722895660137001749,-21.22749133848693,45.142769866231724,-52.89309412251152,-0.017859016320299778,0.004384597226676479,-0.14475954833479435,0.9892959638091815
robot3,2902,1722895660633213585,-21.0911367934434,44.620996579333756,-52.99209445384681,-0.02080311568387145,0.0017541326992996055,-0.14820235226143236,0.9887366768662398
robot3,2903,1722895661134462618,-20.941608962174218,43.9783729353002,-53.14124928865533,-0.02136192626803312,0.0003879927699393674,-0.17887476611755235,0.9836398403959249
robot3,2904,1722895661633556128,-20.725967234650128,43.328197170976566,-53.374081611059,-0.0236643605732429,-0.003955686999301394,-0.21470710617350697,0.9763837407175631
robot3,2905,1722895662132082768,-20.51097277885929,42.62320269125534,-53.57980249741637,-0.025985448772679633,-0.007344024454159249,-0.23135655895607646,0.9724941976098894
robot3,2906,1722895662632103992,-20.28060347893879,41.95804734231281,-53.78648262728656,-0.024636800230994918,-0.00016348403865611432,-0.24137176403218455,0.9701199270581646
robot3,2907,1722895663137649052,-20.05286773629553,41.24935762862079,-54.016313242552165,-0.02248148759538806,0.0012377909787651116,-0.2514108968562024,0.96761852583079
robot3,2908,1722895663632708530,-19.81666570639057,40.46959405333942,-54.18846610231427,-0.01816099473020188,0.008405566909902667,-0.2543292742749644,0.9669106189106119
robot3,2909,1722895664132003337,-19.56637598209258,39.74954116220021,-54.33863624790993,-0.017682641829790943,0.006141266576147449,-0.232544053064366,0.9724057138906359
robot3,2910,1722895664632932860,-19.298189870989397,39.16484334538728,-54.685924972508964,-0.018033214729346905,0.0065217480992605156,-0.23460200590274727,0.971902345297439
robot3,2911,1722895665133492175,-19.112980539760652,38.729941728578495,-55.017224535942404,-0.013861265624007645,0.0059044690991100985,-0.205588097986099,0.9785226295423202
robot3,2912,1722895665635557348,-18.912762825058643,38.04335441276062,-55.00683054131415,-0.012540466408719139,0.01091110621297562,-0.17021631059970255,0.9852665081435005
robot3,2913,1722895666130770650,-18.779209964339454,37.46882806870207,-55.03412247301532,-0.010670088173851885,0.012466858807126885,-0.13819545285656523,0.9902690258003701
robot3,2914,1722895666637384925,-18.61967954222157,36.801813989654555,-55.17956435633149,-0.010455123526278599,0.013186272051399495,-0.13820735849669166,0.9902603388396425
robot3,2915,1722895667133368604,-18.455205133804558,36.10002468492831,-55.23588355411215,-0.01473780076846659,0.016224527623330265,-0.12187452051962651,0.992303463251046
robot3,2916,1722895667629929209,-18.31016631234261,35.64295381893617,-55.38599611399073,-0.014594986557382204,0.01589233007383452,-0.12128917718092551,0.992382665966606
robot3,2917,1722895668135712884,-18.140284660232602,34.95919181001447,-55.4163990675021,-0.016555123032263037,0.013733415805738955,-0.1119159615991821,0.9934848457480485
robot3,2918,1722895668634873692,-18.014933149455207,34.36428606855129,-55.48930439268568,-0.01696415172243435,0.010835711159717236,-0.1064810236622287,0.9941109578512075
robot3,2919,1722895669133551323,-17.924234352084245,33.74173375259153,-55.56636754084174,-0.018684118489454664,0.013635538804122768,-0.09807519615184797,0.9949101626265408
robot3,2920,1722895669633163661,-17.827976269981576,33.11992985384429,-55.571102436710305,-0.031695317254971885,0.017184535475903,-0.06032949911817137,0.9975271676203784
robot3,2921,1722895670131373908,-17.677618781319975,32.46804536774059,-55.5602825203046,-0.02792980880182016,0.014692320764677753,-0.028485731581814864,0.9990959035983934
robot3,2922,1722895670633875820,-17.54641307599805,31.825298883932202,-55.32307226965249,-0.02486084812138152,0.014349212655380172,0.061240356549037124,0.9977102069522007
robot3,2923,1722895671136426179,-17.419635135965954,31.20678419741508,-55.026350218082754,-0.028453304311356765,0.027390967109529405,0.14357994815113317,0.9888503136893309
robot3,2924,1722895671636704547,-17.305904891675926,30.70357567296965,-54.8145553989633,-0.032956554827295724,0.044408796050321574,0.21431282086985118,0.9751983075959902
robot3,2925,1722895672134372250,-17.312310705451303,30.33998405255967,-54.506356647324424,-0.025660293264811673,0.001556823659063727,0.30629796148211025,0.951588505837246
robot3,2926,1722895672635290102,-17.363504373036612,30.06048673508271,-54.021752734659444,-0.024699174602384466,0.01061513381324189,0.4129434704378272,0.9103597969653818
robot3,2927,1722895673138987603,-17.47114782686739,29.93714039829516,-53.69420746868571,-0.017225603244350563,0.013933513653033454,0.5223847253531761,0.8524220401349533
robot3,2928,1722895673635951043,-17.509693797576276,29.812557049650703,-53.46829541507766,-0.015031969195640543,0.019505316160440413,0.6081043900017497,0.7934750364089487
robot3,2929,1722895674133946590,-17.583778703838412,29.897252448545476,-53.08230656355749,-0.012508085118657046,0.020618652879519694,0.6782012880382167,0.7344803822182061
robot3,2930,1722895674637490519,-17.65593035747172,29.98282379741141,-52.669918709556015,-0.008398514232047643,0.027868162042588945,0.7389157543619278,0.6731688781121756
robot3,2931,1722895675141894533,-17.766081985433413,30.34384218275314,-52.00472319850911,-0.01281926032833072,0.029851593250055354,0.7781552594260946,0.6272311704408313
robot3,2932,1722895675631757558,-17.94303649891382,30.72656188401101,-51.05946178911832,-0.013013089943434659,0.030110491868061,0.7581745426747578,0.6512260595288776
robot3,2933,1722895676134588101,-18.15434796918159,31.03814486448339,-49.96777257123331,-0.008506698040249375,0.032138187551296556,0.7532068942608255,0.656943032101971
robot3,2934,1722895676635600647,-18.241555783739933,30.993676602795958,-48.763195195929725,-0.01495301982309329,0.03144297418615313,0.6810740016185216,0.7313863212364812
robot3,2935,1722895677142940831,-18.39234478745016,30.80032922844309,-47.51067660821581,-0.01687520242496011,0.03169209988823214,0.6278474706616762,0.7775078082768859
robot3,2936,1722895677634563971,-18.548144079160792,30.604886412049943,-46.57986007232573,-0.014999654386451674,0.03523175357175987,0.6059458172539431,0.7945837907112103
robot3,2937,1722895678131558177,-18.671992461343812,30.365492221222862,-45.64158132115962,-0.012153442026880932,0.03258931152325794,0.5752694564317242,0.8172241327310934
robot3,2938,1722895678632679524,-18.776855487546737,30.042519326195947,-44.630442928950536,-0.006015334733087963,0.030553393770114304,0.5687811463109792,0.8218992112651926
robot3,2939,1722895679136684173,-18.93144889929528,29.80399652047493,-43.76152603792104,-0.0013545818104000935,0.02284266784990394,0.5800350073023608,0.8142700829192782
robot3,2940,1722895679634055407,-19.010665324167775,29.60148818461462,-42.936946029511276,-0.013716573767619122,0.03225735303328342,0.5783529938526177,0.8150332099252627
robot3,2941,1722895680134144849,-19.0251666616819,29.44643603067016,-42.11480855377124,-0.01197754145943594,0.03181574196343861,0.5854497136281596,0.8099956357145447
robot3,2942,1722895680634073640,-19.29427208297411,29.332038984540088,-41.41841854274426,-0.015183446185381257,0.03135981394408282,0.5882095241622217,0.8079576602249531
robot3,2943,1722895681134439696,-19.3731126130126,29.202327652071254,-40.64054676779299,-0.019326370269340865,0.034585254327550045,0.5835455873349524,0.8111133700643928
robot3,2944,1722895681633462157,-19.339752664292327,29.154428503228054,-39.805165167826544,-0.020241849750889187,0.03723252425388788,0.578017351270522,0.8149232775461479
robot3,2945,1722895682133260282,-19.35995445085884,29.012512235921843,-39.02379201562479,-0.010474685031758385,0.033161660372561255,0.5680411705176701,0.8222650508514487
robot3,2946,1722895682634687118,-19.421164284069427,28.84706284334778,-38.2585145721346,-0.010545646452097995,0.03068788020479979,0.5597981330584813,0.8279934139675762
robot3,2947,1722895683133932122,-19.431681121363123,28.64435230147898,-37.54854868584684,-0.009865929958050045,0.033173592683495595,0.5538787950622713,0.8318776692248078
robot3,2948,1722895683640027076,-19.498340900609634,28.425313585489846,-36.71717118256868,-0.009435266205432053,0.035546267819303506,0.5458953056424888,0.8370458493256177
robot3,2949,1722895684137704110,-19.520985213912688,28.25639216767799,-35.92855826766974,-0.012431184937877574,0.040997234574908066,0.5301273786722621,0.846835081217309
robot3,2950,1722895684632578288,-19.52881841516827,28.072197117504576,-35.232262722033035,-0.01149215608043108,0.040532593385247194,0.5154051278746905,0.8559103886404017
robot3,2951,1722895685132057061,-19.581652143135805,27.888230543278567,-34.70389892710993,-0.011058282314584389,0.03893487962782108,0.4969439671051352,0.8668382104513093
robot3,2952,1722895685629775286,-19.697788958483464,27.71924291519355,-34.117145647580244,-0.015839536216038955,0.04384100578708013,0.4773267083536266,0.8774886260210611
robot3,2953,1722895686132559972,-19.783849095396086,27.483812626937013,-33.40812126604405,-0.016090376091731123,0.03282672267834462,0.4593085601831401,0.8875241701598421
robot3,2954,1722895686635219778,-19.772176127732642,27.154074148959968,-32.63591166768682,-0.019235639755197095,0.03994928011721522,0.4521144001145381,0.8908572356951454
robot3,2955,1722895687134890999,-19.806528835598158,26.979041140963982,-31.855115247110472,-0.02074303879722064,0.04386645421590375,0.47306381291652555,0.8796909056281412
robot3,2956,1722895687634858992,-19.789339317348748,26.882981769874963,-31.095993978334462,-0.013599293369064635,0.03866581434653744,0.47126367026918375,0.8810394810138755
robot3,2957,1722895688132293623,-19.81896947851466,26.75839524729903,-30.355939421801832,-0.012568273314632618,0.033819530202915414,0.4567839561480247,0.8888457094954682
robot3,2958,1722895688641760265,-19.75285335458837,26.51442392981409,-29.506240046053207,-0.01385784542358001,0.03955474779012677,0.44190617891185263,0.896081643092303
robot3,2959,1722895689135344135,-19.758813416003633,26.299197970071532,-28.750405424471573,-0.015351038421358177,0.035341181139608734,0.41847868035864744,0.9074089158809981
robot3,2960,1722895689632655686,-19.766103753129354,26.103244717723822,-27.984151944490698,-0.013582437397410569,0.035254693904683256,0.39588511042478597,0.9175225355793653
robot3,2961,1722895690131655900,-19.816210834331056,25.892122222239163,-27.17714078680841,-0.010853788681410504,0.03750300616163478,0.37766325094826353,0.92511955372443
robot3,2962,1722895690633311448,-19.811006485288104,25.63823979869714,-26.362171490864647,-0.009486411797144744,0.039437105659680116,0.3677467775646622,0.9290409195935392
robot3,2963,1722895691133564747,-19.767787661140208,25.406371900790475,-25.569136771697636,-0.007207673231302398,0.039211119075725095,0.366440189583628,0.9295870723312232
robot3,2964,1722895691633360248,-19.75596017484867,25.139708049713484,-24.80947176932621,-0.010834753575909982,0.04212730885029167,0.36202832836463705,0.9311516457728505
robot3,2965,1722895692135327009,-19.68711929972432,24.83951981483841,-23.983802409939262,-0.010795526518605028,0.04125400223652448,0.3685342637188961,0.9286355907307375
robot3,2966,1722895692634352164,-19.705046610648576,24.527023358917145,-23.216275221116813,-0.0023633953176661364,0.04692449462252075,0.3665984146503198,0.9291921806294249
robot3,2967,1722895693136742843,-19.771223609383835,24.338394029237666,-22.462153701033063,-0.0011898659207545703,0.04649072088056441,0.3739583737728982,0.9262787548984515
robot3,2968,1722895693634232383,-19.738620936053106,24.093948632389413,-21.75031193571375,-0.0010935222529735737,0.04497475511304243,0.3703804809595359,0.9277900489527721
robot3,2969,1722895694134386996,-19.743876746120833,23.812312109376496,-20.949974940709588,-0.0029248786729843307,0.04878556878931205,0.3652513824695001,0.9296251077540723
robot3,2970,1722895694631927933,-19.82688114115715,23.587075970694464,-20.038434492931046,0.0013963426641120807,0.04681067536871642,0.38558962431496263,0.9214811189163536
robot3,2971,1722895695135816902,-19.805918385884183,23.417861598166617,-19.164987060692415,0.0035351749857311173,0.044366532104657005,0.37564236985960897,0.925695372859281
robot3,2972,1722895695636211905,-19.77961325277189,23.272202965675373,-18.341363146568167,0.0007146705966959791,0.04662962164545064,0.35546270654130796,0.9335263423650498
robot3,2973,1722895696134506295,-19.7502507409791,22.998734751864035,-17.516609967301005,0.002050233646475733,0.03467052285523264,0.3304094259360482,0.9431984746804624
robot3,2974,1722895696636243416,-19.72051178345997,22.740790232389134,-16.698578386460746,-0.003444537917550772,0.04896871485480675,0.300542878329711,0.9525041618855508
robot3,2975,1722895697132822477,-19.753923849273296,22.533216923943563,-15.882343731229481,8.808355326849416e-05,0.04675192786482086,0.2874963344427519,0.9566400091801469
robot3,2976,1722895697633799639,-19.78639442448418,22.36116773127339,-15.104152325729917,0.00019137810293222207,0.04005259398763904,0.2953738362343745,0.9545418010529828
robot3,2977,1722895698135921897,-19.878887359632696,22.274507736417306,-14.325659860406956,-0.006592055537872589,0.04424267799682956,0.3195564618312849,0.9465108546389339
robot3,2978,1722895698633122191,-19.90738731450971,22.063612500106174,-13.594975641461314,-0.00320174684654647,0.03382253510212246,0.3170761682056348,0.9477913739280541
robot3,2979,1722895699136340158,-19.977445433352788,21.904333014337023,-12.918955032515006,0.011877154170999075,0.021233892839058268,0.3213603734882254,0.9466443711105063
robot3,2980,1722895699632534515,-19.995167242697214,21.64864262121676,-12.19614675308289,0.011516703441359426,0.03210130988179638,0.317453024751176,0.9476605133285052
robot3,2981,1722895700131700551,-20.054322752462625,21.384931506000118,-11.432557737101813,0.016259600874216604,0.028198196655526853,0.34216092190214625,0.9390774145978917
robot3,2982,1722895700634563859,-20.144236930547386,21.225137738843962,-10.611022446012928,0.014994972026942046,0.02890342432078388,0.34425598706198257,0.9383110136028587
robot3,2983,1722895701136567119,-20.197046617672733,20.97756984594102,-9.801228228542945,0.01829900266315985,0.026924897716339474,0.3247092486253252,0.9452534582013836
robot3,2984,1722895701637020295,-20.310434339719485,20.79424657697338,-9.019058399674849,0.015959645933919017,0.029611627654023226,0.3155285413414619,0.9483196617218652
robot3,2985,1722895702135230017,-20.378371920014555,20.626987472328235,-8.246374677222969,0.016604127498393503,0.028856232171492077,0.3081808024997438,0.9507450834926762
robot3,2986,1722895702634614515,-20.439667876069464,20.52527838536873,-7.418494528480923,0.011021666144486793,0.0278837486871358,0.32150046372551705,0.9464346101336476
robot3,2987,1722895703133466669,-20.466350038849566,20.34530213960459,-6.657907478804167,0.012880636800898149,0.028051802108320523,0.323897092219184,0.9455886310896702
robot3,2988,1722895703639799178,-20.523610758668767,20.2254830162384,-5.916884583933356,0.01499726522325096,0.025569391181568812,0.34307421019495604,0.9388404414859505
robot3,2989,1722895704135852095,-20.575568282348275,20.0679464237462,-5.087680993557109,0.01705841661352499,0.02696662201139574,0.3494447671867369,0.9364134591118076
robot3,2990,1722895704641935604,-20.561416873221184,19.87087193903831,-4.378757106290132,0.013932031130386175,0.02813697147141754,0.3468782942975946,0.9373844773038382
robot3,2991,1722895705137521324,-20.571202461752506,19.647247943606875,-3.5616183295166404,0.013771394793374608,0.026691077130232638,0.34616554136466016,0.9376925685206131
robot3,2992,1722895705642489284,-20.52737857005603,19.426495423447413,-2.7988333036015427,0.014200678089712546,0.031107107075393343,0.34169845217819894,0.9391873382931734
robot3,2993,1722895706135600112,-20.609719728633287,19.29311844422306,-2.072780977375466,0.012090263889039384,0.03511860559142369,0.33995647819083064,0.9397074555394858
robot3,2994,1722895706633989292,-20.606491598707535,19.115898775386967,-1.396899748748613,0.009915055006443881,0.027578562381549668,0.33743742215866307,0.9408916519494168
robot3,2995,1722895707138580692,-20.600601247979604,19.007354426208593,-0.7304501166442046,0.008805378759173163,0.030462883347443674,0.3458468010139412,0.9377550150606986
robot3,2996,1722895707633116365,-20.604919617137895,18.824140258895877,-0.007210952193007072,0.011216488058586533,0.03051694798909761,0.35003982697479125,0.9361704042601008
robot3,2997,1722895708130837653,-20.632375786454585,18.57224207108166,0.7536803366184296,0.009140391102875347,0.029732969831036512,0.3547488844089635,0.9344440233454914
robot3,2998,1722895708631798207,-20.703198596393875,18.40945071668848,1.4973680669624014,0.007563994035276715,0.029272411293520057,0.36000045566793637,0.9324621085331969
robot3,2999,1722895709131089518,-20.749037510310114,18.27547640785934,2.182865425938347,0.007098420932830322,0.026916805901281905,0.36402506531027545,0.9309730661013683
robot3,3000,1722895709637150096,-20.736291154591523,18.084265949830378,2.939220115844213,0.008073475255750228,0.030627557853399368,0.3823556554735149,0.9234722109650351
robot3,3001,1722895710135222536,-20.782099286401127,17.98520160520201,3.61896745930363,0.008335880235530191,0.02580508968159302,0.39415026569590245,0.9186458395372361
robot3,3002,1722895710631860693,-20.911775052610942,18.032762227339326,4.123282501249235,0.009474326138178524,0.027807253573429166,0.44019204036963694,0.8974229556837435
robot3,3003,1722895711136020920,-21.08666383383136,18.22499024121107,4.57141589756347,0.01597634881146509,0.02857067924971499,0.5460843630634845,0.8370904019181039
robot3,3004,1722895711635109292,-21.22355435959652,18.43725340352383,4.9594677865271,0.024207922703023667,0.02382178066593567,0.6282814874082862,0.7772444093233093
robot3,3005,1722895712131502914,-21.375845360558696,18.466182864164256,5.508779918830314,0.03293784742946243,0.03312911538375854,0.647377012447766,0.760736855735811
robot3,3006,1722895712636665604,-21.490936600394395,18.388883173920007,6.222841863046366,0.015895572745477485,0.02728858848340557,0.5755096376151241,0.8171849978540876
robot3,3007,1722895713147401589,-21.465788939088945,18.145063625804777,7.02479114244635,0.009711383147606596,0.026515580948967228,0.46478708847756744,0.8849720760503378
robot3,3008,1722895713634260330,-21.464164762586286,17.896655083022797,7.7334532194465515,0.008597494210985152,0.022543388112589328,0.4017097868653479,0.9154491388833649
robot3,3009,1722895714136736392,-21.602395794103085,17.773937966068363,8.567671048131329,0.005993303217254012,0.023413059277387203,0.42895241650013516,0.9030037283148471
robot3,3010,1722895714633405326,-21.759206334392367,17.750884900692668,9.41631443699598,0.008768721751577587,0.020645533494531326,0.4583932755389884,0.8884663620003893
robot3,3011,1722895715135218057,-21.921275517779673,17.7500107942368,10.269539283585365,0.006326901674728963,0.020018101859343895,0.4641127500196502,0.8855273012066568
robot3,3012,1722895715634665813,-21.99030048943841,17.672079032631117,11.038643637696529,0.004064275780625955,0.020811038939085865,0.4672735046967518,0.8838585034546363
robot3,3013,1722895716135539023,-22.05179968757573,17.60986891608661,11.802701642832186,0.007166392759285448,0.02459151598388,0.4719135868807348,0.881272640375153
robot3,3014,1722895716632537330,-22.20899394773513,17.587038049899252,12.43059296320289,0.007587959620941305,0.022148387364940104,0.4703672984085798,0.8821601194759019
robot3,3015,1722895717133962252,-22.319236169608764,17.45209280414923,13.11122758498572,0.0071566854972936154,0.022071528366580405,0.4577026153384862,0.8888025345376585
robot3,3016,1722895717633319007,-22.32176358147901,17.26315410030763,13.900401413493343,0.0019368109277169809,0.031176044711144546,0.4618672844352838,0.8863988462131343
robot3,3017,1722895718132962700,-22.44097940847527,17.152968619075118,14.65068698563678,-0.0010511470158121182,0.027033123268902618,0.46988245210910956,0.8823143354475262
robot3,3018,1722895718636436877,-22.67400203459856,17.309224021782903,15.13098684448682,0.002560596905471043,0.027330825347500205,0.549824732396695,0.8348288644831436
robot3,3019,1722895719136539716,-22.812003770162452,17.272775592757707,15.739786123997842,0.0006675096325852291,0.025036759640145647,0.5173556952701854,0.8554038810229441
robot3,3020,1722895719631125727,-22.805785923253723,17.072835069548795,16.600059561279057,0.004491622847928117,0.028548857564118974,0.5036547728590427,0.8634214833048119
robot3,3021,1722895720134713518,-22.78774364537283,16.891939619688916,17.496463126463606,0.007753502173121415,0.032376854322632355,0.48368581407286954,0.8746082870479149
robot3,3022,1722895720633483739,-22.803002381133695,16.7384790356088,18.34709729057008,0.010885603320942915,0.02817396931222183,0.45218824140499375,0.8914109744829217
robot3,3023,1722895721133893001,-22.85493965590947,16.625289907341106,19.135426894745017,0.00874776598645742,0.027326074442004033,0.4342925269419882,0.9003148134337116
robot3,3024,1722895721632585967,-22.904290731221437,16.471680450163287,19.8875263707343,0.007244680141171445,0.026646595589946316,0.4118762344238266,0.9108213002943919
robot3,3025,1722895722146124111,-22.91735068162878,16.270785707436758,20.651214925027404,0.0044856467341999285,0.02897785063802711,0.38880357760915274,0.9208539195681905
robot3,3026,1722895722638447612,-22.888969927461588,16.084633755084397,21.3869366998026,0.008260460315193273,0.024239677027925177,0.36903485450422996,0.9290626884198959
robot3,3027,1722895723136928420,-22.840953853464548,15.917488232420949,22.146485205793816,0.00488177350994201,0.02970027643546513,0.3479928714444812,0.9370138863917008
robot3,3028,1722895723635600351,-22.785691666598282,15.658986289769167,22.894760783889833,0.007820449960637084,0.02467683944534703,0.32940791877751047,0.94383278031867
robot3,3029,1722895724137574027,-22.718560571172333,15.38299174048928,23.61036732170035,0.006930148472578217,0.02367959402722009,0.3099926937020585,0.9504187391461701
robot3,3030,1722895724633451734,-22.6991209553622,15.195641303334805,24.330933717317734,0.006551528907568406,0.024280430715797514,0.32226568300121433,0.9463151524270281
robot3,3031,1722895725134753881,-22.669980854594094,14.930303958932706,25.1251610659356,0.0013610674765386628,0.026441433967614975,0.31401911146442857,0.9490474148851318
robot3,3032,1722895725634023138,-22.580097427348115,14.647116316523011,25.879545956366837,-0.000618254983956358,0.022262872693435434,0.3069358005584137,0.9514695983560254
robot3,3033,1722895726133030563,-22.565436930346557,14.418236084824077,26.591902593222233,0.0009796017697280362,0.022107823390724573,0.316793916369778,0.948236204263682
robot3,3034,1722895726635011155,-22.604362717388433,14.240716099868173,27.35444449834853,-0.0005931820503155134,0.022962704796219098,0.3236444699861744,0.9458998992339861
robot3,3035,1722895727131694929,-22.55163467210863,13.992522058317162,28.097319072849174,0.0019336151106921042,0.020149081247617592,0.3231021538965318,0.9461475962052128
robot3,3036,1722895727631093312,-22.495681245737902,13.788311957245602,28.887365679194726,-0.0007438714000655183,0.020568488652675885,0.320582903028608,0.946996824818138
robot3,3037,1722895728140850514,-22.5864567666149,13.52034430076862,29.689674895462595,-0.004042197101689362,0.020059087309088976,0.32027198858659817,0.9471046124825406
robot3,3038,1722895728635826054,-22.63502957880199,13.281498598953341,30.386681936799917,-0.0069781026072299164,0.02004574382744363,0.3199535136286768,0.9471954515067477
robot3,3039,1722895729136291904,-22.645238628722186,13.150861732774734,31.0610697399891,-0.00851814861382163,0.01775908422178993,0.3199381131027462,0.9472336880918301
robot3,3040,1722895729633711366,-22.696280528524724,13.017272852291974,31.60108626219396,-0.008078780803689685,0.0176445889559589,0.32101033287392633,0.9468768494210176
robot3,3041,1722895730130646236,-22.75248712422852,12.90672148757805,32.067900155667466,-0.009856244623782139,0.016272819680332264,0.3245705049397,0.945670152381239
robot3,3042,1722895730636900823,-22.759919829778614,12.717434586707796,32.58525268220588,-0.011090372626011185,0.014926665878499692,0.33815273198509577,0.9409075024314473
robot3,3043,1722895731146666336,-22.697506690234487,12.450478594399167,33.096706627372335,-0.01179411587884548,0.018908735706118895,0.3367296864835829,0.9413375997936662
robot3,3044,1722895731632004035,-22.63203836446501,12.260622844013142,33.619710359368135,-0.011439690518200143,0.022549335937677915,0.33490194188793326,0.9419136639041334
robot3,3045,1722895732132501074,-22.625313763890173,12.10356895397475,34.149099607621,-0.006798967810133928,0.011903095116146683,0.3329394240652162,0.942848572288517
robot3,3046,1722895732631482670,-22.66243476078411,11.875320564999024,34.70747422151172,-0.007275404962969585,0.01406077223481513,0.331867918743298,0.9431930065876111
robot3,3047,1722895733135635923,-22.64894875108382,11.655895410896253,35.26327655792245,-0.00347534825720744,0.012961842446158818,0.3318054140755162,0.9432523945291987
robot3,3048,1722895733635757552,-22.69889146751127,11.51406139301377,35.80168096570304,-0.00431469128474494,0.014587012014873026,0.35794129841409694,0.9336201740586081
robot3,3049,1722895734136334920,-22.72510740073321,11.432593158737244,36.44345342003886,-0.0054724481694771385,0.015819429150555057,0.3883404129884876,0.9213639463384238
robot3,3050,1722895734637992846,-22.729691294286965,11.330210098971968,37.02894271375576,-0.006096713342037506,0.015308131620252097,0.389024657106123,0.9210799679485955
robot3,3051,1722895735134953493,-22.795669396485902,11.229643607127812,37.55742620501813,-0.008099065677717794,0.015116974923019466,0.3897503611525694,0.9207608474439857
robot3,3052,1722895735634165238,-22.86295471479647,11.116173303831832,38.086475834362005,-0.01228387696440659,0.017760005746471182,0.38963075797968616,0.9207179595287494
robot3,3053,1722895736138378799,-22.912281423203257,11.063054689970029,38.582084455279144,-0.01307933391154528,0.016060310562806265,0.38116973532160575,0.9242730280192719
robot3,3054,1722895736640887368,-22.94762128865521,10.963892711293818,39.054884232965385,-0.01489639686998963,0.01609566655813892,0.37371930832904265,0.9272825380974253
robot3,3055,1722895737134363973,-22.938721057902193,10.784239500595874,39.57693632178114,-0.013594325864488454,0.015628487704565538,0.36741309461363003,0.9298271681246972
robot3,3056,1722895737633600800,-22.902612399021585,10.653644258743558,40.13963848452968,-0.01708666378158122,0.019006659271797892,0.3731026081203942,0.9274379961150505
robot3,3057,1722895738142201823,-22.890540799197648,10.539756039107678,40.77110467220413,-0.014709181612792019,0.014475908778318027,0.38584970410135117,0.922330794176484
robot3,3058,1722895738633284342,-22.88556965835174,10.377522393820096,41.38364033769764,-0.012797478461526441,0.02068179416348079,0.3830408383116382,0.9234111782519875
robot3,3059,1722895739145097338,-22.964537206741728,10.316213837304998,41.97154826908493,-0.011486911983999275,0.019632587458702288,0.37948663619940654,0.9249175667640915
robot3,3060,1722895739635682303,-23.017092225002443,10.204397968802173,42.50972231831574,-0.009249998747366041,0.02226892119126236,0.3751746333924479,0.926640451918107
robot3,3061,1722895740133976301,-22.988624048650433,9.99324162542456,43.11248836745852,-0.001486435211538884,0.022071489941039867,0.3700249284453321,0.9287584143205225
robot3,3062,1722895740634405080,-22.993013999507436,9.851522502663842,43.69769555173086,0.0003558998926707786,0.011949777720782949,0.3627717984833549,0.9318013191516968
robot3,3063,1722895741138342521,-23.06957817919558,9.79940913612109,44.21892751520285,0.005182904961413677,0.01150842097351949,0.35957932331933784,0.9330291549485816
robot3,3064,1722895741638008758,-23.05436913586009,9.545352662670695,44.868128695188815,-0.0013359048276321115,0.012752408761014154,0.35943278790991956,0.9330828807798299
robot3,3065,1722895742130899911,-23.062968364967507,9.362158362764314,45.46001004505408,-0.0056784601012650725,0.008672424426476068,0.36633367162768476,0.9304258085292051
robot3,3066,1722895742633813736,-23.093119684072537,9.236469887892198,46.05616503992088,-0.0094071785265743,0.010596567099179935,0.36602147873865354,0.9304985195366251
robot3,3067,1722895743131745771,-23.116685919153934,9.086704520461847,46.69142726223838,-0.016489087549587108,0.015568582473361535,0.3650281797420068,0.9307202357453014
robot3,3068,1722895743637410763,-23.13062604122109,8.986350056189808,47.28564219082808,-0.016697904897102038,0.010792523437185871,0.3627181484715566,0.9316867747152318
robot3,3069,1722895744135998087,-23.146515125125198,8.826535304244569,47.90450892749428,-0.017531801492703527,0.012810278206445019,0.36089881218111447,0.9323521759908937
robot3,3070,1722895744637083285,-23.097249397250636,8.495938065859217,48.72304672917793,-0.01826246338718717,0.014933647392657765,0.3580233771720693,0.9334145542066985
robot3,3071,1722895745134811467,-23.06875691765076,8.187158868733768,49.56171402668665,-0.01641432566785553,0.009359277670144927,0.356952448911196,0.9339314338058564
robot3,3072,1722895745636250586,-23.13391919482989,7.9371473437399915,50.44631119043514,-0.019168659080369306,0.013141256489118508,0.35291698944250577,0.9353659542926427
robot3,3073,1722895746138054289,-23.226759863895733,7.7780619273736,51.3140801077361,-0.02153040800303645,0.014873247117752668,0.3479611203024071,0.9371436852528489
robot3,3074,1722895746632656782,-23.268282615760487,7.588832423462456,52.18118535801029,-0.013691640339350745,0.006639729648140037,0.3441656753655571,0.9387856202963418
robot3,3075,1722895747155036710,-23.27858147198217,7.353479898716028,53.07371659955429,-0.01992689435586208,0.00984665817202438,0.3378334096435399,0.9409434358837908
robot3,3076,1722895747644125750,-23.332720490422044,7.2014179106817355,53.814298887661636,-0.019078349211921274,0.008523562821482603,0.33353886179317194,0.9425047443604153
robot3,3077,1722895748133634539,-23.346978399653576,7.040646057028797,54.55673167121858,-0.018105203160143905,0.006001437443801378,0.3295731924564869,0.9439373364695229
robot3,3078,1722895748632888429,-23.33914018040808,6.825733492187522,55.34460456086825,-0.016874572151244174,0.0124733681127236,0.33725158074781336,0.9411806602272159
robot3,3079,1722895749130755896,-23.350113671721633,6.6907823619551365,56.02182216972198,-0.019076117324813395,0.012037806927198602,0.33467494565675354,0.9420636250815771
robot3,3080,1722895749634193850,-23.401226562092663,6.60926799582494,56.57831906182497,-0.0164310401035148,0.008640264354283682,0.3328133065595437,0.942809986015161
robot3,3081,1722895750137913029,-23.405158011524357,6.37590709024987,57.27580485547154,-0.014417976462726098,0.012121587184124944,0.3607721722495842,0.9324637412839034
robot3,3082,1722895750633657576,-23.386133537249847,6.13555785395126,57.874725614209666,-0.017232546519631676,0.010409484080220098,0.36410308032646477,0.9311410359759752
robot3,3083,1722895751140709739,-23.40546704870901,5.9658195094497755,58.54748527942292,-0.020922663220155673,0.017929945637485137,0.36152930604000216,0.931953496740823
robot3,3084,1722895751636112672,-23.39809993059595,5.765198544703789,59.20874531530413,-0.01467893745139952,0.007609038572851018,0.35836314893835974,0.9334358493277821
robot3,3085,1722895752132791264,-23.48648303682482,5.667508939872792,59.83711013496518,-0.007473765664888077,-0.003633283284238566,0.3599101913352196,0.932949943058259
robot3,3086,1722895752641660020,-23.62021074285005,5.639580273161429,60.37713180533815,-0.01623211758992189,0.0069585597038424795,0.3575198896391808,0.9337385208492701
robot3,3087,1722895753134328080,-23.64183668004209,5.44675959742535,60.94637064804838,-0.016934487787773497,0.010193379994349282,0.35615040596615183,0.9342195707957535
robot3,3088,1722895753642007777,-23.526783153718338,5.051482694220789,61.685887628167045,-0.01802865003727639,0.006290516468003208,0.3567022486557291,0.9340229670539937
robot3,3089,1722895754137554908,-23.504946003438207,4.786831133960851,62.62613789219909,-0.018409235374268165,0.011210660688639644,0.40159743882907467,0.9155626238907891
robot3,3090,1722895754635871794,-23.594389546945617,4.614100991142753,63.54894698460136,-0.018939681148392035,0.010509563950084549,0.4013636164521894,0.9156626479943343
robot3,3091,1722895755134554557,-23.704717737438894,4.560972482295819,64.43840997641189,-0.019221236159503486,0.008090522914882258,0.4000805577617498,0.9162426724511971
robot3,3092,1722895755634516703,-23.82981828435321,4.444977864459319,65.33482215375082,-0.02088270428849393,0.008029243713512801,0.3994879240080661,0.91646540713696
robot3,3093,1722895756132319717,-23.949252987018166,4.31403928697486,66.17831614736691,-0.02094093032952935,0.006562072348499412,0.39731273878588014,0.9174208435837339
robot3,3094,1722895756640890663,-24.01896428936288,4.163258797806042,67.01744398641343,-0.023915956793121612,0.012237914714707268,0.3946879414044565,0.9184223915846222
robot3,3095,1722895757136224156,-24.07170037816948,3.9594414827993125,67.9507964483312,-0.022133298632289536,0.012157392897220511,0.39374391886998295,0.9188732454710523
robot3,3096,1722895757634662137,-24.11605670415452,3.815773048211597,68.78682730891487,-0.0234383110625696,0.012553028609271412,0.39217293229860756,0.9195071822555715
robot3,3097,1722895758137663034,-24.24346898913898,3.9513547097072466,69.31287921133561,-0.022797188586347147,0.010093138845880955,0.39247725196750904,0.9194237453039967
robot3,3098,1722895758632172686,-24.342312587367882,3.981193419301302,69.79779422908888,-0.028252231601636615,0.02379621282252306,0.39157553928432043,0.9194042357412904
robot3,3099,1722895759132204582,-24.34649141967049,3.8141348549206047,70.38844593482571,-0.024512555849706283,0.013918652155211455,0.41176982421534725,0.910851808799631
robot3,3100,1722895759636372346,-24.35976293833487,3.6423116396825126,70.9892763744022,-0.022341251563176356,0.013841332763738388,0.4481568680159803,0.8935685243091441
robot3,3101,1722895760137200721,-24.381634149251333,3.500102791430422,71.60397447675065,-0.019576769332190783,0.010473992069103483,0.44665792685034555,0.8944292828247529
robot3,3102,1722895760637219566,-24.420957169054955,3.3478769533605006,72.26851668317168,-0.023164490710188217,0.012063277755674087,0.44091530741780544,0.8971686437814181
robot3,3103,1722895761140388978,-24.450831561808293,3.21396362367191,72.95292785631388,-0.01884544994295101,0.01321428297742832,0.43614906462458514,0.8995800271065048
robot3,3104,1722895761636731775,-24.525600846869757,3.1031712207476776,73.66674637887829,-0.014619874980163986,0.011690182322244249,0.4328092510698704,0.9012911577737657
robot3,3105,1722895762141440506,-24.62952481702416,3.0623415310910103,74.40409073610465,-0.017573770764752254,0.013519733057313823,0.42747527245666717,0.903755094501417
robot3,3106,1722895762638146746,-24.66207043638473,2.930687010774705,75.18274045995788,-0.015868572560813594,0.013207164737347494,0.40842130046944036,0.9125600257119165
robot3,3107,1722895763137416609,-24.70937705089401,2.723522980114363,75.9147459542397,-0.017239918090767387,0.013876499410452709,0.3925549167601583,0.9194622696531709
robot3,3108,1722895763637162964,-24.79152839593395,2.5793001290690367,76.72103336849334,-0.013853828901205373,0.010401700890257373,0.40274906534467625,0.9151464726519768
robot3,3109,1722895764135086774,-24.915381375275803,2.4819105211677663,77.51415830099184,-0.013714473172495956,0.013321313223280694,0.3985387376744505,0.9169521963616554
robot3,3110,1722895764641252262,-25.010222200819165,2.374943037885012,78.3546841410209,-0.011819696604167174,0.013852909360470587,0.39423457875023,0.9188294121283149
robot3,3111,1722895765136741717,-25.04513142425221,2.205545399921541,79.15940095573639,-0.013131040754486975,0.014724086656759078,0.3890303281765424,0.9210136702566798
robot3,3112,1722895765643187049,-25.100194875938264,2.01419393091961,80.00899393168181,-0.012687840266689695,0.01251735306764769,0.38180995184356387,0.9240689883632943
robot3,3113,1722895766136511933,-25.114593257028982,1.8258385484381583,80.8618571194608,-0.014337880957489583,0.013700014007734332,0.3761576417794862,0.9263434370236194
robot3,3114,1722895766643259023,-25.189527771331402,1.754584492519535,81.68842645461767,-0.012344384531174653,0.00880394937047206,0.372180825054739,0.9280363894307175
robot3,3115,1722895767140464132,-25.29663655183059,1.632466627299321,82.48707269587571,-0.011966433975646867,0.009547770692408865,0.3746078272541596,0.9270569671237195
robot3,3116,1722895767633683539,-25.350652711236723,1.4014491066913544,83.30963725300306,-0.011831950141337172,0.010480182197981752,0.384668926027378,0.9229192749563169
robot3,3117,1722895768138158134,-25.41432112448723,1.2521813575956648,84.19412003006138,-0.01806010059849367,0.01408925561590753,0.3828547612564385,0.9235245299535023
robot3,3118,1722895768636510875,-25.51570831686042,1.1248768042063222,85.07909492552415,-0.016423115204782235,0.01069823866618427,0.37973999616424103,0.9248855952438626
robot3,3119,1722895769137574665,-25.571602074834082,0.9655576536842598,85.98341433017598,-0.016497806403980856,0.017387605052598454,0.37534565530942304,0.9265749471115282
robot3,3120,1722895769637625257,-25.64641596360321,0.8161736032996572,86.83377857331098,-0.014664618675250745,0.011181059070619085,0.37063022353714997,0.9285974209946801
robot3,3121,1722895770138900740,-25.703727040933476,0.647501744700605,87.70416409649587,-0.012946271434487117,0.013454512596688787,0.36739914827060777,0.9298759250549302
robot3,3122,1722895770639656205,-25.779463815822226,0.49929124446328427,88.53828040673375,-0.014520753864562239,0.01224490311801835,0.3645328685736224,0.9309967764629055
robot3,3123,1722895771138745036,-25.853662424291272,0.3238335114216697,89.40812192954033,-0.013780284105002961,0.013202145045819956,0.3591924058440208,0.9330683912340825
robot3,3124,1722895771644404461,-25.90887680687618,0.15921697289951864,90.26594299971968,-0.012900789132374635,0.00927633746903682,0.35516504979879154,0.934668554410784
robot3,3125,1722895772137629264,-25.9946302301578,0.0937724687131795,91.02553267473463,-0.01598293791228079,0.01518086466475569,0.3509767463764573,0.9361246768175265
robot3,3126,1722895772638198470,-26.039367976593695,-0.11982684446110826,91.84676311186271,-0.013457461212975105,0.012323140944321919,0.35029178744698747,0.9364628666328217
robot3,3127,1722895773136707696,-26.06270104636362,-0.3297768510988802,92.60439227668928,-0.011919745655163957,0.010400670276806247,0.3485631687806522,0.9371517823121824
robot3,3128,1722895773640920003,-26.089276276976285,-0.5444999527775974,93.44510331630339,-0.014552104959917744,0.012269769555535413,0.34566070628581314,0.9381664911551054
robot3,3129,1722895774136720242,-26.15841552726938,-0.7122902149155891,94.25920796411079,-0.01551180456849287,0.012731392062473496,0.34131593901749385,0.9397343908508333
robot3,3130,1722895774643891127,-26.183428546143105,-0.9278756245878458,95.00343311303227,-0.01141878054086677,0.013822030215341754,0.33055671269019754,0.9436158236417699
robot3,3131,1722895775136712363,-26.255259325792398,-1.1387121344724533,95.73863275264294,-0.012204502196317092,0.01017234978097382,0.318382775093469,0.9478290889975128
robot3,3132,1722895775642513621,-26.213549749223876,-1.3639337718398545,96.57699991203285,-0.01779214201419632,0.005279324891446056,0.3081864470022036,0.9511449323291352
robot3,3133,1722895776136178682,-26.1705803728438,-1.6532235834026734,97.35236159331104,-0.02108664755072089,0.005518350456991681,0.29360138236378863,0.9556794072163416
robot3,3134,1722895776643714745,-26.20093705140005,-1.8391926666377005,98.09235340392986,-0.022960458662974286,0.003458121058355983,0.2818813233487199,0.9591682742271587
robot3,3135,1722895777136395079,-26.188095126946447,-2.0404103283669173,98.82741198504294,-0.025108492281775897,0.00873066069208909,0.27112119325228384,0.9621780696672905
robot3,3136,1722895777633595523,-26.121885895114357,-2.335645423062444,99.51893576721129,-0.023083728985758663,0.013463232282633337,0.265681474761813,0.9636904258116317
robot3,3137,1722895778138997857,-26.00941559328312,-2.598060271546757,100.198015647948,-0.01839470810472725,0.012877004052254124,0.26347097691769933,0.9644059631723629
robot3,3138,1722895778634525605,-25.965965154148485,-2.8677650182839116,100.89788387451537,-0.015811445571895556,0.015768636393066603,0.26204257834736294,0.9647979246600277
robot3,3139,1722895779141339244,-25.86322365414725,-3.250228711881253,101.53597976273443,-0.024307116916234467,0.01020374779634102,0.18851931411453204,0.9817155982278756
robot3,3140,1722895779633033062,-25.754013820765863,-3.619232001554828,102.12565132271155,-0.02345995402295645,0.004926886524221783,0.16728675720890793,0.9856168105348783
robot3,3141,1722895780137572035,-25.525449422171555,-4.077391385765937,102.838022106185,-0.02223260834356179,0.004243725351795445,0.15512176656391147,0.9876360359259233
robot3,3142,1722895780632204827,-25.368872643337156,-4.55849406285807,103.67906654376137,-0.02353381915933046,0.0034832232409065193,0.2167353235794739,0.9759404828290149
robot3,3143,1722895781136202356,-25.304396545398614,-5.040670559390453,104.61128294464447,-0.02460363431835988,-0.0016059025835901569,0.22615122328078505,0.9737801119676992
robot3,3144,1722895781635932553,-25.255976771224862,-5.487866118853115,105.50947324295126,-0.020149747953456948,0.004651850068976672,0.24927049620917377,0.9682130796823498
robot3,3145,1722895782133132909,-25.24225581373144,-5.763647457644789,106.41060478437187,-0.017966289349884704,0.0071316130511585255,0.2831572675443894,0.9588786755263046
robot3,3146,1722895782635701296,-25.25366358122414,-5.995319701196625,107.2764121549789,-0.018484276380582153,0.0012864966126988821,0.2808517642336499,0.959572281269107
robot3,3147,1722895783138126124,-25.323821600515767,-6.078299670583518,108.19363464121413,-0.020408633240029804,0.01339602861824848,0.3786495178238614,0.9252181238812232
robot3,3148,1722895783635032788,-25.526212753477022,-6.000792641432367,109.09908852222848,-0.02129272618891364,0.018657530511852632,0.4956976674974982,0.868033604651446
robot3,3149,1722895784132667260,-25.70555800768915,-5.896380832095757,109.78414629450988,-0.0273213862394409,0.0049117494660785846,0.5052018181560559,0.862554658849486
robot3,3150,1722895784635503731,-25.846472636015072,-5.961789808896806,110.69965342289522,-0.019967256065385162,0.01471287212146022,0.4999532723918577,0.8656971557674369
robot3,3151,1722895785132529611,-25.92065823751324,-6.096082959296304,111.40741111413642,-0.02718876218804317,0.018912612575057337,0.47112447133118324,0.881444732702613
robot3,3152,1722895785640605072,-25.958508068910472,-6.1421465396104775,112.07081376455396,-0.03883685433586835,0.026039429337660902,0.3986828861014236,0.9158960657164671
robot3,3153,1722895786140418969,-25.976299097675213,-6.2960800126005605,112.71535244512984,-0.03741778874536469,0.006188465416710763,0.3148272169320571,0.9483909718359874
robot3,3154,1722895786644417570,-26.019345135592683,-6.479758892523516,113.43157043549274,-0.04197536419978085,0.0006123371930276645,0.30225678243899806,0.9523017018325032
robot3,3155,1722895787132265448,-25.970515659262922,-6.808894358944811,114.25627474089823,-0.032540073431906624,0.005391271745262204,0.29225141842651964,0.9557725598894866
robot3,3156,1722895787638958616,-25.930778045323677,-7.1956169612256575,115.24778092239171,-0.02935619918478216,0.0094677076731674,0.3298224096925674,0.9435389521081932
robot3,3157,1722895788134503041,-25.983907037377236,-7.434741592604881,116.25870331287206,-0.034777631517699324,0.004304480733856299,0.34633568791195113,0.9374559078005678
robot3,3158,1722895788633956170,-25.994132164899657,-7.665614529001792,117.26492797145072,-0.0523478352503513,0.00522110427790848,0.34283530781354915,0.9379213164925457
robot3,3159,1722895789134522254,-25.985236204300755,-7.916339162779539,118.25031794867257,-0.043575333036007365,0.022873272111043685,0.3476883393555802,0.9363176931201793
robot3,3160,1722895789637765566,-26.051702401304194,-8.077699577920951,119.14664181902597,-0.038416111341686945,0.007271834573671522,0.3539663521478344,0.934440551537909
robot3,3161,1722895790141583638,-26.08177354192252,-8.312424732283908,120.06151079425169,-0.02850969037306782,0.014834271801083427,0.34701588817213225,0.9373084419181712
robot3,3162,1722895790641980812,-26.03974153434639,-8.591155407060388,121.03144348973368,-0.03043721894360573,0.01669525100430284,0.33715692383876394,0.9408081913995351
robot3,3163,1722895791134991698,-26.075675899999993,-8.820286540064865,121.88142616226864,-0.03099486075187702,0.014697225243170842,0.3291197587371279,0.9436649270720714
robot3,3164,1722895791641573490,-26.163384044216862,-8.955364414693461,122.65473636952088,-0.031530639990858506,0.015907991292843118,0.3222123860948392,0.9460084211051528
robot3,3165,1722895792133627870,-26.15520181146909,-9.164130968892772,123.3224302813972,-0.030121429545476912,0.016187059134863194,0.31625402995070195,0.9480580505109599
robot3,3166,1722895792635283450,-26.110363319754686,-9.440126151507632,124.02160302778158,-0.030953266061288703,0.017492040936241605,0.31201701196551146,0.9494110322026692
robot3,3167,1722895793136602648,-26.104932940581953,-9.61487783359541,124.66630722581358,-0.02976858089323285,0.016860629316823948,0.31722851045162054,0.9477318307028049
robot3,3168,1722895793637743330,-26.087850052839812,-9.828342451322673,125.35743786866047,-0.0282242748922724,0.015948591281053522,0.32072413208806905,0.9466176967706181
robot3,3169,1722895794139731491,-26.021199042188954,-10.092071686553412,126.08739696873468,-0.027073546300444912,0.016708388833376383,0.33029448290834584,0.943341617545637
robot3,3170,1722895794636411633,-26.006810709054406,-10.30025273716534,126.7908173182674,-0.027027086980342833,0.016607761685849584,0.32854581349265327,0.9439551722712227
robot3,3171,1722895795132849159,-25.98589119076058,-10.561312280783586,127.51886011635797,-0.02641799880869854,0.016777573406853496,0.3281056046168009,0.9441225103706429
robot3,3172,1722895795637076873,-25.971297519612165,-10.771790009047674,128.23689118116332,-0.027120126431240257,0.017207420571427243,0.3337991144606825,0.9420968923655866
robot3,3173,1722895796136850818,-26.025610291519268,-10.838516072195954,128.8742106784098,-0.027234635576787854,0.017502674627745515,0.34514797227228616,0.9379897697961337
robot3,3174,1722895796632887184,-26.048782992496097,-10.94759760016171,129.50291025772012,-0.02557562283365699,0.017343454380721234,0.3444388349703917,0.9383000485298152
robot3,3175,1722895797139806867,-25.99555113413538,-11.24251561969931,130.2139077496133,-0.025003981267143528,0.01979937201965133,0.3430237846147216,0.9387851026603548
robot3,3176,1722895797634388214,-26.00421614116522,-11.41171107475927,130.84958937489486,-0.024775186081041563,0.019840735146309744,0.3422929589122339,0.9390570087394117
robot3,3177,1722895798136395480,-26.01008911869454,-11.574853871833195,131.54756549834204,-0.024003714393265967,0.021524657316663087,0.341608277600038,0.9392892501768888
robot3,3178,1722895798633243992,-26.017563157653438,-11.72232214605402,132.21947219715673,-0.02433536049392248,0.02106729853930844,0.34029237130393497,0.9397686210946986
robot3,3179,1722895799132445885,-26.007837791857813,-11.905116911690127,132.93410952154846,-0.026075646337024912,0.023143694617901188,0.33730863085150137,0.9407482753747812
robot3,3180,1722895799641818672,-26.02860295028573,-12.015288864654265,133.58224492312422,-0.02743747080939243,0.021213969153142963,0.32768979714000984,0.9441485844710527
robot3,3181,1722895800136439756,-26.049771505313156,-12.10286163138091,134.17484138057557,-0.026821187291388958,0.019382057385203374,0.320079674635712,0.9468125271926294
robot3,3182,1722895800639196975,-26.04293326978762,-12.27333062860694,134.7211885167333,-0.026042243182227042,0.019856583526138453,0.31332233954359434,0.9490819928771358
robot3,3183,1722895801141384011,-25.980033759372102,-12.531618557224844,135.300413680979,-0.02651362386747398,0.018756133201552762,0.3049092907164222,0.9518274841858413
robot3,3184,1722895801632810221,-25.937180132448564,-12.730308163132614,135.78565366113543,-0.02640427259445656,0.01856313510495934,0.2982901828779427,0.9539293428773832
robot3,3185,1722895802140039060,-25.945576797195002,-12.884179048672454,136.29176363979033,-0.026546012433863314,0.018209742613901563,0.29190163115124185,0.9559064557942064
robot3,3186,1722895802637929378,-25.853040017320065,-13.213676918752716,136.91481131823505,-0.024733739171707115,0.016154647799275907,0.30295594178490953,0.9525465693803563
robot3,3187,1722895803137150241,-25.79031028327379,-13.502615230077142,137.6149346019835,-0.016695831247754263,0.008427451434388573,0.31578829231602157,0.9486453403234522
robot3,3188,1722895803640036758,-25.74177516797837,-13.738479420074206,138.3683525265136,-0.02265813117043104,0.017526072503842253,0.31494815036771673,0.9486765035850775
robot3,3189,1722895804138386381,-25.66421941526803,-14.063619699969982,139.23688780216216,-0.027276447353478502,0.021077371992490452,0.3205395907391218,0.9466076856747253
robot3,3190,1722895804636697731,-25.64754266212643,-14.346706312906017,140.07644120832833,-0.027605069447228774,0.012758499674750278,0.318473496216563,0.9474438310709833
robot3,3191,1722895805133030411,-25.665058565704065,-14.457854695739876,140.8613553847982,-0.026574622973692525,0.003907637520143003,0.31548952116307705,0.9485488294332084
robot3,3192,1722895805642040873,-25.722969589336532,-14.669504230390668,141.7210083104191,-0.027776493862278873,0.011656994290155966,0.31181199588249425,0.9496661835069276
robot3,3193,1722895806138310279,-25.736960840706285,-14.870436583645837,142.49068206146538,-0.026510137717690497,0.013188259161758307,0.3090921806361078,0.9505710422099377
robot3,3194,1722895806640387915,-25.750845095974675,-15.117175121740999,143.26728744951512,-0.020631721159806087,0.007694049003212528,0.3049353477127737,0.9521184629063811
robot3,3195,1722895807137427351,-25.725976993848334,-15.383141079683456,144.09791539842718,-0.021081919430613317,0.00895164259919053,0.328999890905587,0.9440521662238847
robot3,3196,1722895807634108879,-25.683614337063084,-15.64731011368365,144.9343574909179,-0.020870216101488023,0.0179535194678161,0.3247202056344784,0.945409378666881
robot3,3197,1722895808135474710,-25.66671997683143,-15.916968599469316,145.8271931755668,-0.02421020930975695,0.016325230929658898,0.3225950218547155,0.9460865734565873
robot3,3198,1722895808636778034,-25.712942385404908,-16.041869344616032,146.56242951045874,-0.028633198985293436,0.01986080029863903,0.3191691043740881,0.947056899737502
robot3,3199,1722895809140461527,-25.80074383316257,-16.110274374939586,147.2427020533112,-0.029679776308702874,0.02274290773173069,0.3284745819328187,0.9437723878405383
robot3,3200,1722895809638340500,-25.783844540709055,-16.31822149378256,147.9104171850372,-0.02557332057396312,0.017462609871221522,0.3362737897293679,0.941255013730262
robot3,3201,1722895810135936119,-25.716509661018506,-16.51897206238631,148.47456473154676,-0.024599724172050974,0.017502404195706957,0.3363165883391127,0.9412649317944279
robot3,3202,1722895810634817752,-25.730058941259546,-16.59654076000146,148.99203496711505,-0.024954205001974452,0.01403210422172535,0.3369191234095362,0.9410982371595326
robot3,3203,1722895811132452184,-25.746815299318154,-16.739538042258886,149.47870890674503,-0.024650124054227885,0.0186517738796979,0.35297666613022605,0.9351213589063415
robot3,3204,1722895811636525890,-25.7171221278804,-17.006487080146613,150.08592448692434,-0.01780790143840323,0.013998317093405608,0.34102912074267294,0.9397797957874983
robot3,3205,1722895812140499728,-25.603970489649004,-17.379480631867196,150.73171826981505,-0.024224561889857773,0.01839761378235161,0.3042823872192469,0.9520960703818266
robot3,3206,1722895812636674897,-25.557336348479488,-17.63143360712772,151.38291703391144,-0.022780858269772598,0.020875036017333225,0.29189333063295203,0.9559516456912294
robot3,3207,1722895813140068709,-25.64581272192183,-17.60156531930863,152.02393904565355,-0.01579872688297125,0.018887274515163265,0.3226394069281052,0.9462016086370529
robot3,3208,1722895813634113216,-25.687490510769013,-17.72539163585659,152.81314206175787,-0.01581695995372268,0.021003090155701988,0.3930667529081581,0.9191339520113327
robot3,3209,1722895814137008716,-25.78495337379761,-17.829110647365066,153.7362461867737,-0.016064987147209803,0.02579081743787274,0.5052796183342949,0.8624205802390128
robot3,3210,1722895814638765826,-25.94339815985363,-17.854874667320896,154.67702199298586,-0.017214160620970455,0.027022330031796608,0.5036114594129921,0.863335951007303
robot3,3211,1722895815138415297,-26.139991497338713,-17.71197492553566,155.40661651052056,-0.020846318248925806,0.029133150403801666,0.4999741641013733,0.8652990961477697
robot3,3212,1722895815637967822,-26.316433604671182,-17.60354941678333,156.0461478179576,-0.021697474995985632,0.026215679745835108,0.49692143181981646,0.8671280460880078
robot3,3213,1722895816141148362,-26.42098284778305,-17.59009647155875,156.770788077197,-0.0187663011652863,0.018820869822984976,0.49322746450146204,0.8694942605107518
robot3,3214,1722895816640726728,-26.489025038912736,-17.611207443260653,157.6119267440396,-0.01963425803296196,0.015619713213797482,0.48704245832071974,0.8730178487657191
robot3,3215,1722895817141902109,-26.707350180443726,-17.39151051990224,158.0460348748586,-0.018895519784614612,0.019962625729494393,0.4823752326920955,0.8755333162086408
robot3,3216,1722895817639236884,-26.961272406502196,-17.079411819177796,158.37024648052758,-0.013124961211226964,0.01864794299833431,0.4934145597763939,0.8694952914281951
robot3,3217,1722895818134539939,-27.260014881575646,-16.864957245769855,158.97358140579067,-0.008373274798547709,0.02326041866977144,0.6609641629487931,0.7500101442579669
robot3,3218,1722895818639008893,-27.629978917398876,-16.521513288220753,159.64608775340974,-0.007439706034370981,0.031001224691455477,0.8109065246053363,0.5843065832200139
robot3,3219,1722895819135146500,-28.040796258191,-16.044528462650533,160.34554194726144,-0.008075768913137202,0.03696189244469978,0.7990613313942744,0.6000579881426275
robot3,3220,1722895819638936890,-28.241364602294965,-15.86557407984522,160.92826471526715,-0.03099569349555063,0.02279938350391718,0.6431550556444737,0.7647686117352915
robot3,3221,1722895820138178425,-28.201284801412378,-15.850863444762334,161.03765107336648,-0.030489515566614056,0.02106040021456983,0.4970731422667374,0.8669170319127356
robot3,3222,1722895820639904793,-28.16973621868828,-16.002787753771855,161.51119999657152,-0.019053546361087748,0.021147715728341118,0.44264316773914664,0.896245927491106
robot3,3223,1722895821140558007,-28.089128323455274,-16.444161083511943,162.33883196342242,-0.014974284831988236,0.016783814530376334,0.3731651393189587,0.9274922388681442
robot3,3224,1722895821633254570,-28.07870326375851,-16.74224642945952,163.31560508614305,-0.017087815700088535,0.02026291006157918,0.3627626179448591,0.9315045378591713
robot3,3225,1722895822137097274,-28.176292816544365,-16.77372811579563,164.22382162803544,-0.016721488265254474,0.022835025796135153,0.3589881861191072,0.932912876775746
robot3,3226,1722895822635188906,-28.413743739372602,-16.573957409838957,164.95207622521423,-0.0161040628721427,0.021527440420863585,0.35516093361865575,0.934418503508498
robot3,3227,1722895823140830151,-28.64063868068664,-16.388780047861214,165.6224407761402,-0.018855977742193508,0.020455422401939472,0.35363511201004033,0.934969644080165
robot3,3228,1722895823641121302,-28.549081816812418,-16.550183563799635,165.93727271003863,-0.021343199032833545,0.021420899079009355,0.3187705743474377,0.9473494254328211
robot3,3229,1722895824136376124,-28.467655219385794,-16.74463283947228,166.10819885564374,-0.026808312256945042,0.011967802500993725,0.23697443438068047,0.9710721927576693
robot3,3230,1722895824640034441,-28.303306939973044,-17.055826817407247,166.27220249270255,-0.043544131315222105,0.011504254225278676,0.10916512803249565,0.9930027872993971
robot3,3231,1722895825134546538,-28.125469822347405,-17.415621899285668,166.30329674222875,-0.052133615193458646,-0.002590235450794274,0.020222581160556835,0.9984319826900452
robot3,3232,1722895825637028354,-27.931896825085108,-17.849611391037254,166.5880690804653,-0.03737991193037726,0.008501365019259813,0.06564773123361957,0.9971062352431486
robot3,3233,1722895826140910925,-27.754070840853704,-18.273907096442098,167.11460710297376,-0.031311933884954145,0.009554716883270295,0.11308433931237823,0.9930459215886985
robot3,3234,1722895826639333251,-27.57749895494198,-18.773569379829283,167.90326079192374,-0.02770932414109451,0.01700736379035664,0.21912052780882396,0.9751559553350063
robot3,3235,1722895827142736298,-27.65133397469188,-18.975429590802243,168.8308164518993,-0.015416112698448751,0.008051442219430218,0.3769986945591877,0.9260504856907772
robot3,3236,1722895827644036293,-27.896149471620706,-18.859678832687273,169.4984615403953,-0.01735343523812141,-0.013084369565770203,0.4332463402366654,0.9010134661757493
robot3,3237,1722895828138136449,-27.89557529477024,-19.015228297407727,169.90271014345552,-0.034357951734776515,-0.011564218054116428,0.27810206607784516,0.9598671995941008
robot3,3238,1722895828634968845,-27.733794834163756,-19.356302370966006,170.15096782259087,-0.03766814098758785,-0.006606240648479944,0.20004404196187575,0.979040269863599
robot3,3239,1722895829139219969,-27.69270608590479,-19.4740513932681,170.7009212590417,-0.05230757264281342,0.022203376362397005,0.34790702439726773,0.9358053378226509
robot3,3240,1722895829640695475,-27.86972304204233,-19.360754379480362,171.36515811344688,-0.03601857610985642,0.013884224407797552,0.5038706763430371,0.8629161210738983
robot3,3241,1722895830135669548,-28.14930225496026,-19.108519843652505,171.97243270970253,-0.02241450310863694,0.017557724504093077,0.6472846274818953,0.7617164350243831
robot3,3242,1722895830637224574,-28.48257833176627,-18.681511279467063,172.47549866955117,-0.015272259702152215,0.0251220291682573,0.7788588467803351,0.6265098072066118
robot3,3243,1722895831135395118,-28.849453392254862,-18.199973124336836,172.70849993803955,-0.006265973706735884,0.028572940337351735,0.8560295448487614,0.5160985787618555
robot3,3244,1722895831634230187,-29.12285850205717,-17.83196943310069,173.00326343864043,-0.002319188342579662,0.025845620214393353,0.8155647247611544,0.5780837352896442
robot3,3245,1722895832138528101,-29.32918213866343,-17.52078427082744,173.30889988344913,-0.00033510081565405646,0.024923514863588833,0.8029245499548541,0.5955592944401782
robot3,3246,1722895832643082683,-29.574519256528074,-17.176259012637956,173.53493652424316,0.0029832189987818963,0.02549505264846,0.7978504904483675,0.6023086398069988
robot3,3247,1722895833132005801,-29.903613878762396,-16.819941482305865,174.06777136175188,-0.007619111014672537,0.026807257371434093,0.7756889860788924,0.63049973590436
robot3,3248,1722895833635095114,-30.2641789458883,-16.382897529485906,174.6090835373778,-0.0005535260273802412,0.0257134200939169,0.7774688881704734,0.6283952908504158
robot3,3249,1722895834133993207,-30.685420523043653,-15.823016318857661,174.95451078666477,-0.0008972952080135765,0.027833993017214308,0.7934569514968259,0.6079889224446372
robot3,3250,1722895834637843777,-31.141231973635502,-15.202036367711148,175.34959158932372,2.2465860284595687e-06,0.025824750838541997,0.8181998945469126,0.5743535625400971
robot3,3251,1722895835142530382,-31.609136935385553,-14.65993153393707,175.84973847472511,-0.007734308449611161,0.02618719748256095,0.8322859350904667,0.5536736705058343
robot3,3252,1722895835635296973,-31.975495223610583,-14.139917584047017,176.11115637310263,-0.0030458768617206053,0.02601384031486822,0.8463504546964392,0.5319820585145202
robot3,3253,1722895836138135351,-32.395612531253235,-13.56131109859994,176.4054791479175,-0.003122198997770268,0.030587942483165577,0.8626402404236759,0.5048826054142166
robot3,3254,1722895836639566564,-32.82988189781698,-12.885865408677295,176.77887154987985,-0.0019487268107198162,0.03569394651508577,0.8937461595053424,0.4471464491813016
robot3,3255,1722895837141030549,-33.30959068576467,-12.214030254513322,177.09382342838984,0.010642448692177056,0.03717165972189396,0.8980438998112247,0.43820333181207244
robot3,3256,1722895837634399279,-33.71018542082637,-11.654403007031739,177.10323696866203,0.00807968012904874,0.03701219429927257,0.9137015512500033,0.40461622741247383
robot3,3257,1722895838132066248,-34.097573136232256,-11.136609777396442,177.12727465661962,0.009848334477540173,0.03294230054203598,0.9137996959515143,0.4047072161723049
robot3,3258,1722895838644875900,-34.544872428667276,-10.447947619019512,177.34864613262533,0.007090366136945086,0.03074992869263481,0.9230841222532999,0.383301280766575
robot3,3259,1722895839135200185,-35.01742750853471,-9.78994702831799,177.59408823963074,0.010950590250007518,0.02872720176950375,0.9249210245750804,0.3789141469391901
robot3,3260,1722895839633945985,-35.45536805866605,-9.18932375434223,177.70055656001435,0.008093088792754145,0.03043936047141415,0.923628645260665,0.3819922419393261
robot3,3261,1722895840138055926,-35.91399923694706,-8.484755226552362,177.79963692153865,0.012089219378325813,0.026482344324628128,0.9216240052087245,0.38699060613524433
robot3,3262,1722895840633254053,-36.55778784934485,-7.588464693477105,178.19166888475013,0.010055136832602339,0.029584794811547674,0.9185783564456903,0.39400182386477667
robot3,3263,1722895841141739386,-37.2685542222041,-6.581990276621558,178.51487900124536,0.011119428440675719,0.030616184443011122,0.9241783111255008,0.3805699105375006
robot3,3264,1722895841636315883,-37.88093511985408,-5.55396999309217,178.733647966448,0.01588087077640302,0.030867779757659333,0.9237410934547539,0.38144117551626716
robot3,3265,1722895842135031961,-38.44358595317784,-4.512778450747414,178.84658591270835,0.015353634315756063,0.03133457374831511,0.9305194335022994,0.36457645875161704
robot3,3266,1722895842633644923,-39.016173082608816,-3.52931328171948,178.87626708284878,0.011586167588999014,0.03018854933708722,0.9295717848942835,0.3672202458171086
robot3,3267,1722895843144644515,-39.69523486084919,-2.6494644674492496,178.91348514935802,0.01263213570424522,0.028780071048842847,0.9281041825443005,0.3709915942467547
robot3,3268,1722895843632901458,-40.37473565461005,-1.7620336504678105,178.90139430580538,0.006293043976656835,0.030331664526299807,0.9268752707083059,0.3740890539349908
robot3,3269,1722895844136635955,-40.63661512540114,-0.9196245338493294,179.04973327229501,0.0066922583368807294,0.029911232148082455,0.9270087187536621,0.37378518861028964
robot3,3270,1722895844635034883,-41.01519500634802,-0.23241339874362382,179.18758730898557,0.012199608951357275,0.02885465419000602,0.9272511708678892,0.3731271158695621
robot3,3271,1722895845145927671,-41.63118888023975,0.6487798554253278,179.44636736237956,0.012536307028191657,0.02958407783099789,0.9261135393418266,0.37587409539996175
robot3,3272,1722895845633551217,-42.06113798422066,1.4493756316467463,179.72065221976277,0.009474081021787675,0.03169703524321474,0.924671557491655,0.3793257841375141
robot3,3273,1722895846133956559,-42.51808322132715,2.1377442479250743,179.94551695116752,0.0033154518130208673,0.03454780748676316,0.9222947403234683,0.38492579641899705
robot3,3274,1722895846632501981,-43.06768408347615,2.8005483821370043,180.16747180623847,0.011799953080100447,0.031807693149915876,0.9199609215071446,0.3905392869654903
robot3,3275,1722895847140632098,-43.66918730119446,3.5052283729372284,180.32511901091038,0.009065303821478824,0.03209561407098306,0.9182954776438966,0.39448841245694194
robot3,3276,1722895847631612434,-44.12455379496142,4.337521707637845,180.49565597549807,0.014189540728187254,0.031814079633305445,0.9271773895307511,0.3729994766939366
robot3,3277,1722895848136364867,-44.59169599010034,5.167735762793376,180.66218403981395,0.009426577395513051,0.030380241829189417,0.924286222405235,0.3803723959711939
robot3,3278,1722895848634058873,-44.95894697980726,5.971290396131975,180.7487870186798,0.015767401804020618,0.029823208623471806,0.9132966085125767,0.4058956394779044
robot3,3279,1722895849139511328,-45.58887348850847,6.667311963211788,180.9627860306778,0.01306391658272958,0.032183012902457356,0.9030637830049532,0.42809974490628083
robot3,3280,1722895849636751890,-46.02530777859008,7.394333560511032,181.00567594810812,0.013367611552300953,0.03535386945247387,0.9097817012518303,0.4133626337048977
robot3,3281,1722895850138308019,-46.49489819156669,8.207784356502072,181.07042043656736,0.010798679636726706,0.03445437385433012,0.9070467411398315,0.4194788362099105
robot3,3282,1722895850636144090,-47.04495858308578,9.026391271912573,181.44690683682353,0.009612841111002161,0.03631791277590166,0.912181703582087,0.408060218775928
robot3,3283,1722895851138923911,-47.60775598873968,9.898166139612245,181.576450836247,0.006734960517716815,0.037534010281094814,0.9142514897795971,0.40334854879474996
robot3,3284,1722895851632686315,-48.18168313921464,10.654777032245416,181.59070375512349,0.007369651507440646,0.03664251269073767,0.9114662183730675,0.4096734641944335
robot3,3285,1722895852134311099,-48.705852559333195,11.405398585520944,181.73224504885508,0.004584745339705827,0.03774858635512999,0.9067025264372915,0.42005303580689884
robot3,3286,1722895852637380891,-49.235644059003896,12.215842204816001,181.92809865087767,0.004209553537133348,0.033300376869780726,0.9005537717518513,0.43344696185676884
robot3,3287,1722895853139288817,-49.734992217090515,13.043972314389634,182.08775596297582,0.002025363294994238,0.03225985073200951,0.894643457314891,0.4456100135970135
robot3,3288,1722895853640897761,-50.374009871503986,13.896972107580975,182.35649754345877,0.0036408484615474946,0.030060465552761123,0.888729725458817,0.4574304184453925
robot3,3289,1722895854132175582,-50.90828493982874,14.748739954141715,182.6044692022831,0.002118552111282565,0.03356769587291224,0.8854681803144794,0.4634812004615723
robot3,3290,1722895854632281299,-51.39574219807923,15.493086399513599,182.60803596695683,0.00738312053062844,0.030928700122302682,0.8783374670264165,0.4769823886241437
robot3,3291,1722895855134560690,-51.96469786995499,16.23075336474498,182.68811214497518,0.004922401457418558,0.031282278415329365,0.8725346291280022,0.48752488140965416
robot3,3292,1722895855636186825,-52.46182737004546,16.983205308811453,182.94152256558283,-0.0018089791806511887,0.03781446405207446,0.8835903689869061,0.4667278154731744
robot3,3293,1722895856135760738,-52.848590947595774,17.727627717390988,183.110776359055,0.002162785723626831,0.03652081585106659,0.8827167844039863,0.46847906132395345
robot3,3294,1722895856637291111,-53.228294807858724,18.453494045846632,183.11591777284272,0.0002864163234950245,0.03682964263651105,0.8728299216471093,0.48663273961629183
robot3,3295,1722895857139859771,-53.63971209443182,19.005701734233902,183.16052848748885,8.287855813568113e-06,0.03722851440514664,0.8730870961929644,0.4861408850403705
robot3,3296,1722895857633960011,-54.01439010258485,19.531325555616718,183.31775957236547,0.0012179015531097557,0.037848703023646686,0.8780469744756872,0.47707389680145634
robot3,3297,1722895858133474162,-54.32880134999751,20.04547720438991,183.4753761889217,0.0016598139330731491,0.037278310163656805,0.8703785137727883,0.49096722433551687
robot3,3298,1722895858633490481,-54.6740415996044,20.482377209803296,183.61658902068078,0.003417663388021423,0.040816429241006744,0.8597143422260359,0.5091302273994684
robot3,3299,1722895859134798891,-55.02783288587516,20.98797275008565,183.88411755853363,0.0053325478125552835,0.044982601029451647,0.8585318449962075,0.5107555194668578
robot3,3300,1722895859632510314,-55.37830403235231,21.580766881850685,184.04138762867606,0.006521204278462689,0.041668822257091946,0.8492939073120049,0.5262328782479986
robot3,3301,1722895860142915768,-55.82117128303592,22.221075517143973,184.10266122651944,0.007612939476397207,0.039272600711830315,0.848752829106136,0.5272744456828801
robot3,3302,1722895860634142604,-56.15016926023169,22.780870665922595,184.27737674454335,0.0024509775000601053,0.040963225186377426,0.8452669837233154,0.5327661148373768
robot3,3303,1722895861136129608,-56.51414687118108,23.379733957189174,184.32548489769067,0.0020501502787449236,0.039246037708506445,0.8463054167007238,0.5312463525249198
robot3,3304,1722895861631027797,-56.911233232278676,23.901997802928516,184.29599714568315,-0.00013284343704284457,0.039537324626629525,0.8455956112477832,0.5323578162781848
robot3,3305,1722895862133317188,-57.208223197944,24.37268985901068,184.234673937921,0.0015027952967016426,0.038304998046177735,0.8422440709406503,0.5377317116335053
robot3,3306,1722895862635343036,-57.52674839770307,24.850361996864304,184.30516521624625,0.0013680148738063201,0.04081219624702487,0.8459357340427919,0.531719124202132
robot3,3307,1722895863135212739,-57.84478699405058,25.269233691158025,184.5074475069797,0.007588845249615228,0.03919476298091047,0.8520531793777539,0.5219306079306985
robot3,3308,1722895863632782363,-58.134821191434,25.708779385192646,184.60730168903515,0.007557970594402053,0.03821736446814825,0.8525565561562924,0.5211809941743131
robot3,3309,1722895864134711040,-58.444637026201036,26.188806006398327,184.763181948645,0.0037882592153962486,0.03839187726939613,0.8520682002733986,0.5220071790068602
robot3,3310,1722895864643655336,-58.76711931781968,26.67733458834144,184.85607245238216,0.004004407670347564,0.03697030504374126,0.8529285185803339,0.5207015493125976
robot3,3311,1722895865136821875,-59.0542069848362,27.163297336941593,185.00929388472676,0.003690331327651428,0.03656537464208199,0.8500049336131654,0.5254911680183167
robot3,3312,1722895865644275240,-59.39849555129852,27.711885049511416,185.1377822623208,0.001196881570946829,0.03763822832609922,0.852730004379946,0.5209927743003303
robot3,3313,1722895866133488285,-59.725785067004445,28.217326238698394,185.0935205850815,0.0005814087551557903,0.03745096019707548,0.8598721557639741,0.5091335417019708
robot3,3314,1722895866634848878,-60.03411126532302,28.647190856191695,185.02704886448265,0.00017742311898236006,0.03838316444676632,0.8560595450947399,0.5154500523428787
robot3,3315,1722895867134987565,-60.333123130042296,29.068094699036532,185.13342608562994,0.0009424470154033039,0.03721066682499448,0.8489438127102462,0.5271706373927256
robot3,3316,1722895867638440522,-60.5677679238843,29.444985088299592,185.32749332059427,-0.004078887222406543,0.041485035817842006,0.8372424764975296,0.5452406716583996
robot3,3317,1722895868145833383,-60.78941245134449,29.8081350683846,185.47837619825313,0.0013093670953720896,0.03994402046187958,0.8207894053188372,0.5698311266537659
robot3,3318,1722895868641952930,-61.02482780151722,30.189726506845982,185.50658883032455,0.002755001266913337,0.03688182988658102,0.8024178680523496,0.5956154007600533
robot3,3319,1722895869146391167,-61.25777820645811,30.56066295722079,185.64279615848832,0.003399947305641051,0.03436279257102498,0.7772242772684307,0.6282754663916182
robot3,3320,1722895869640860563,-61.53472280981642,30.921845433340632,185.92343553025418,-0.0015766128872269874,0.03701477395288688,0.7527127639528433,0.6573058008138158
robot3,3321,1722895870133672891,-61.788911991487616,31.412781401740713,185.98594399386346,-0.007487254762210561,0.043286300133787536,0.7357125921803936,0.6758677525552311
robot3,3322,1722895870638516734,-62.07938488486565,31.901564841478393,185.9588758440717,-0.005225491314056174,0.04125693310086984,0.7194814022803848,0.6932655129777394
robot3,3323,1722895871140743778,-62.34294320689428,32.286896328659594,186.1149529237681,-0.0011316413531850056,0.03807610892857167,0.7075698385834306,0.7056159386264779
robot3,3324,1722895871636986871,-62.59053111505432,32.666760486675344,186.21322180129542,0.000452341746068169,0.03567544711918968,0.6998320817849785,0.7134158080420516
robot3,3325,1722895872142887863,-62.91258717393967,33.1145881287299,186.31326052016914,-0.0024741049576086902,0.03689832441664431,0.6995687198913992,0.7136077344097467
robot3,3326,1722895872640596491,-63.17938643059647,33.59444841519087,186.31822783340323,-9.16738240837805e-05,0.03536352069939184,0.6965300618081494,0.716655625804465
robot3,3327,1722895873139028335,-63.46276101932855,33.961001669240886,186.4651598840914,-0.0007147718266336012,0.03546579008173656,0.6935827098567354,0.7195030864582177
robot3,3328,1722895873638203309,-63.76371807322751,34.408142754700215,186.5964403798544,-0.0013902480309872676,0.035086985762785704,0.6924946911196296,0.7205678825840236
robot3,3329,1722895874138243948,-64.09447813377099,34.90901404221266,186.69404252393804,-0.003815048966205801,0.03917147413034826,0.6915637216847124,0.7212424418081832
robot3,3330,1722895874644325907,-64.40641642532354,35.4235588017319,186.74566936767653,-0.006643067957710256,0.04362756321669026,0.692383705998551,0.7201786646684244
robot3,3331,1722895875138910772,-64.77417685323535,35.92578244832514,186.6569070846503,-0.0023067710541712365,0.04078599874051922,0.7036027886844737,0.7094182806141057
robot3,3332,1722895875641343392,-65.0871023303836,36.427609537476826,186.61537937038204,-0.0011182532611183136,0.03992217153311044,0.705680500796171,0.707403704065642
robot3,3333,1722895876135720351,-65.35616953179094,36.866669249678054,186.80940485882687,-0.0010753892901135026,0.03818366873120422,0.7058331770272309,0.707347423256596
robot3,3334,1722895876641618635,-65.61522566159769,37.284143613520285,187.0272938533535,-0.0008271245514190507,0.035295164387653774,0.6948872563529533,0.7182515354623962
robot3,3335,1722895877138838445,-65.88940156989753,37.78279702819591,187.14387536455396,-0.0020079688489266444,0.03610870699900721,0.6906953129976129,0.7222410359035902
robot3,3336,1722895877633203914,-66.14740104705284,38.26152657136145,187.14024053702133,-0.002409779131699039,0.03715733814506394,0.691399971079198,0.7215120270502731
robot3,3337,1722895878134210730,-66.4686987950694,38.77600817410679,187.1077400783803,-0.0026861484386486115,0.03426483750808706,0.692063406860499,0.7210179931192766
robot3,3338,1722895878642690417,-66.76133197305957,39.15366761481806,187.18729997463444,-0.004765318845410082,0.03784334864142866,0.6944539692182526,0.7185254743827243
robot3,3339,1722895879140064587,-67.05902398910045,39.545551450847746,187.35428882655765,-0.004938229867895753,0.04077743413705802,0.6937037714039054,0.7190882367908462
robot3,3340,1722895879637567108,-67.36355743496745,39.99765590430775,187.46842739025075,-0.002986785117736341,0.04030701116475628,0.6972009341126463,0.7157354828692497
robot3,3341,1722895880141182415,-67.63989460678054,40.487708209580894,187.41666190042505,0.000504092335248008,0.038176197805860235,0.6965218628946377,0.7165190983649974
robot3,3342,1722895880634204265,-67.91290900695829,40.90399811447961,187.58621860377977,0.00011541426031187945,0.039209616696805644,0.6968050421275157,0.7161880520531666
robot3,3343,1722895881135085409,-68.17849452287463,41.28002653505751,187.75250525486013,-0.00508185934517367,0.045729813422578675,0.697753820068636,0.7148584233605683
robot3,3344,1722895881632614034,-68.44169231980236,41.698528653260624,187.8659762613191,-0.0012452041719807404,0.04154630003348185,0.6981603162546023,0.7147338856017473
robot3,3345,1722895882135291827,-68.85633817985963,42.23810791039585,188.14689640904402,0.000817111583921896,0.03740480549506973,0.7217433101254743,0.6911489037419206
robot3,3346,1722895882636637670,-69.31693598704398,42.90387601978967,188.41995862522197,0.0010404921947103445,0.03936619544220199,0.755959234317426,0.6534331305364076
robot3,3347,1722895883137146448,-69.86962622835091,43.740620826692,188.63708653209704,0.0024038711438369447,0.03669215657845118,0.7830807891068432,0.6208320101130015
robot3,3348,1722895883640211275,-70.46349178071259,44.56556456611723,188.84701355930383,0.0021319413915864135,0.04462331277449722,0.7790533111638667,0.6253640165116219
robot3,3349,1722895884137929023,-71.15803973218826,45.4892617448055,188.9792276969633,0.0036078891764277426,0.039025950991615044,0.7773152878704707,0.6278892430419063
robot3,3350,1722895884634406734,-71.73952914319001,46.435352739105305,188.77184096860017,0.0035165625477539377,0.04246032466081438,0.7804345374330658,0.6237841673200617
robot3,3351,1722895885144798589,-72.38754131893145,47.73679371192594,188.24119628695604,0.002908752804452008,0.036097139562080875,0.8353607268064863,0.5485079687496774
robot3,3352,1722895885635748279,-72.99455193328981,49.056949098791385,187.61383264152002,0.008869411607884892,0.03631681523298871,0.8376265397202594,0.5449625697470676
robot3,3353,1722895886135073158,-73.4669625567937,50.043879916080165,187.0387121787483,0.0068241755979834345,0.046186050763752644,0.8390388597147904,0.5420646375025402
robot3,3354,1722895886639629270,-73.85982296316519,50.90173240339404,186.30105785970244,0.01150162063313571,0.04439694806685834,0.8588763455986846,0.5101255205302013
robot3,3355,1722895887137678779,-74.28512853734637,51.778078729315624,185.7356915046283,0.012648841663606416,0.04439096897271743,0.9078957229017229,0.416647098891844
robot3,3356,1722895887636877643,-74.62027720223819,52.552991392282074,185.08373057547843,0.01884250304447299,0.028485493479238216,0.9454946088144502,0.32384175370552964
robot3,3357,1722895888137803419,-74.95334028833948,53.116218012953496,184.5335709677978,0.02022064058039799,0.030870078836051872,0.9519755523800704,0.3039419543232461
robot3,3358,1722895888642001619,-75.20818176222492,53.6049236859613,183.99039343685936,0.02279006853772607,0.01813362827096407,0.9679277439758894,0.24953490085260863
robot3,3359,1722895889134563495,-75.43385121786304,53.96670351711311,183.40416092011964,0.026229088616912064,0.024689995065860754,0.9879628367415094,0.15043893203437583
robot3,3360,1722895889641571137,-75.22453960068667,54.00129514606326,182.49602727678925,0.02144311536735632,0.01393825763529624,0.9976986289740091,0.06279620626134279
robot3,3361,1722895890139633533,-74.98872995662546,54.23987424910259,181.64011252622237,0.0253415127784982,0.021320989588376252,0.9989208585461823,0.03256288522885655
robot3,3362,1722895890635698414,-75.03107092987541,54.55684736466552,181.01997152787254,0.0257494341612677,0.02880998755535809,0.9974567875839956,-0.059890801965331295
robot3,3363,1722895891141057303,-74.84687878519144,54.41120840101821,180.45306852687494,0.02575867030396884,0.02992495191308098,0.9896549991970591,-0.13792741105900672
robot3,3364,1722895891636785207,-74.75843605231744,54.4272017961317,179.7281388327612,0.025030577479286376,0.025823088191639754,0.963270194995602,-0.2661149558751537
robot3,3365,1722895892145649904,-74.74043909774366,54.552137250882915,179.2741475075043,0.022529173913491636,0.022413567572821255,0.9647450759561593,-0.26126041937074745
robot3,3366,1722895892634966189,-74.79603403100799,54.685751065533175,178.8288814071494,0.02893534842813456,0.029468737075386265,0.969636805822573,-0.2410369348061044
robot3,3367,1722895893134420150,-74.67394953246468,54.57944484566434,178.294847305336,0.03263681699803083,0.02939201823088363,0.976278123923486,-0.21201880149880756
robot3,3368,1722895893636710068,-74.5014394393186,54.52164766673252,177.57710774653006,0.031105661229671136,0.02607886081701149,0.9785964867241026,-0.20174550064176147
robot3,3369,1722895894136207408,-74.41813216339635,54.57321813860958,176.90389911855158,0.03390288270801056,0.028960614415664887,0.9805835789964539,-0.1909652375676242
robot3,3370,1722895894634578296,-74.43473809722138,54.76714006280087,176.21905760629704,0.031552537945827956,0.028887852349743993,0.981019985368715,-0.18912883873952915
robot3,3371,1722895895138244645,-74.41701862447626,54.94010174610385,175.60328157635544,0.02939618323632881,0.029808168786533445,0.9831263279259482,-0.17807290873002132
robot3,3372,1722895895638016222,-74.34646677043085,55.04196014751715,174.94170805915053,0.028915095624022096,0.03268076004461026,0.9845205799355077,-0.16975014831042695
robot3,3373,1722895896133637027,-74.37348142815728,55.323951474477305,174.27243753127829,0.022321009929096202,0.029519908970778306,0.9861746164526711,-0.1615239095444666
robot3,3374,1722895896633158078,-74.36630079075933,55.54755530404345,173.55631881969308,0.01863896092779547,0.029863337403453198,0.980618941980165,-0.19273624683582924
robot3,3375,1722895897135415854,-74.30662363845451,55.7264581715483,172.77433639620185,0.01802846932602777,0.027002919210408788,0.9794600581382065,-0.1990070630901777
robot3,3376,1722895897636923832,-74.19984865648867,55.80167099109115,172.24929311913306,0.022114065601939556,0.02807900068281543,0.9792412627339073,-0.19952214709778476
robot3,3377,1722895898134511581,-74.12925845454107,55.87501922991499,171.7963213572431,0.024413402403788333,0.03027442286150931,0.9766506236079376,-0.211284179506417
robot3,3378,1722895898642246833,-74.22232867777639,56.12632714599205,171.2432188477092,0.02025713041371696,0.02797717910711189,0.9746775898516784,-0.22093103439203304
robot3,3379,1722895899136931043,-74.33043972854503,56.41002446289968,170.71036643455756,0.021566293737635755,0.031625552536965425,0.97058904731543,-0.23767965969447105
robot3,3380,1722895899634408300,-74.31496640484622,56.494444437993444,170.13850482926117,0.02835693622810012,0.031468660551687545,0.9717237900834579,-0.23228965400266546
robot3,3381,1722895900141538703,-74.34309876673171,56.5709398983729,169.52780264332895,0.026386466865430766,0.03130764255311334,0.9724371556337409,-0.22954207506922522
robot3,3382,1722895900638834703,-74.39648750603062,56.8476392036661,168.75816795223514,0.021709068927496328,0.027611828868160482,0.9733688816107066,-0.22653768680901418
robot3,3383,1722895901135703718,-74.39217450680404,57.083227030728786,167.9713082102116,0.021672270791235362,0.0318633623682384,0.9727124613934295,-0.22879140339461512
robot3,3384,1722895901635951896,-74.26990249994022,57.17864326770927,167.08947232935134,0.02103980597171006,0.028692334969135442,0.9715591700048976,-0.23410864071641238
robot3,3385,1722895902133837905,-74.12748073993316,57.23205063689417,166.12371463447093,0.024105779747758238,0.0292303164217197,0.9708399948815113,-0.23671545011491316
robot3,3386,1722895902634249778,-74.02686021790797,57.34572029633563,165.32920388823268,0.02359651998219283,0.028655549543509688,0.9728437712805885,-0.22846675995787943
robot3,3387,1722895903136969496,-73.97665873001671,57.48954888320862,164.47978346620351,0.02425856544568348,0.027396466957636548,0.9739805999552867,-0.22365765471250063
robot3,3388,1722895903632056620,-73.99060956289145,57.73938317130453,163.66164432128213,0.025088520277944434,0.029591668694568394,0.9740883038370721,-0.2228157885383121
robot3,3389,1722895904135610084,-73.91313903440572,57.86699437906099,162.84846110608794,0.024479782481956515,0.029561018091720518,0.9741180878514247,-0.2227573508993611
robot3,3390,1722895904637775258,-73.86339668699375,58.01737952961658,161.95089057126987,0.023667089840367934,0.031511268386151696,0.9748794260850381,-0.2192190991206988
robot3,3391,1722895905134754564,-73.88630707679597,58.219397053884045,161.11545455007524,0.022886300101976845,0.028693979772170038,0.9746937014396458,-0.22051090940440804
robot3,3392,1722895905638651020,-73.82891205338811,58.34276105690545,160.30958123729746,0.023608522829432068,0.029273404345586302,0.9751397765810562,-0.2183761012045037
robot3,3393,1722895906135619932,-73.6853753155613,58.42739467962492,159.61316384719197,0.027853736506177607,0.03351185605859548,0.9757440366807579,-0.21453367975236978
robot3,3394,1722895906634510302,-73.7081268542052,58.59939856114312,158.90749616879978,0.019833994399371488,0.03107710959057905,0.9757045020019807,-0.21596654995329218
robot3,3395,1722895907138829494,-73.76528517132063,58.81494304247749,158.27585094697451,0.021210427080333154,0.03134728943588771,0.9720049833497335,-0.23189173674664862
robot3,3396,1722895907632602456,-73.66020309691702,58.9289362559713,157.60344626318533,0.02342754035108111,0.033355333910949844,0.9711942248834224,-0.23477723400252362
robot3,3397,1722895908132501443,-73.74036377746715,59.249548330034195,156.78485357571282,0.025781587918065778,0.03776189419733634,0.9701343901265156,-0.23821967627571342
robot3,3398,1722895908637607450,-73.7801453770532,59.42133715948129,156.0162646851809,0.025168265750529113,0.03374731546707837,0.9714995809496422,-0.2332728902220445
robot3,3399,1722895909136562003,-73.66912908948161,59.603252390991194,155.17167407289725,0.01718025320534933,0.0329076752572731,0.9723417725121095,-0.23059358455293352
robot3,3400,1722895909636530540,-73.56915576701357,59.681850813037464,154.43201733848832,0.02296623621908618,0.03506661066894136,0.968636284320288,-0.2449216885216742
robot3,3401,1722895910134439648,-73.44697395461571,59.76483532516716,153.65431003607867,0.02182968445800645,0.03198257164318814,0.9663988457337458,-0.25411385430951217
robot3,3402,1722895910633893919,-73.48151358724712,60.0326906388046,152.894121652236,0.017587548526610753,0.03215859794854792,0.9697102347204486,-0.24149236715312591
robot3,3403,1722895911135892900,-73.51236902537003,60.33801202569133,152.1535612432608,0.023165139121889982,0.03377547024291223,0.9746732005835294,-0.21985164544208605
robot3,3404,1722895911633624170,-73.4814069943904,60.53810547438363,151.32015598233536,0.016160750160372318,0.031963805540965486,0.9767351680391286,-0.21143688610355732
robot3,3405,1722895912133718490,-73.40106368322428,60.62916293577962,150.44983115798334,0.017838602903105814,0.03343580559211121,0.9771756050544335,-0.20902552006244107
robot3,3406,1722895912644114508,-73.4022685557005,60.783971799193274,149.61115014246644,0.027441103178225002,0.03322203107203044,0.9804803649621094,-0.19183726549234298
robot3,3407,1722895913136563719,-73.40038042359636,61.061498247454296,148.9016907684692,0.019838104274445312,0.031457716391897234,0.9831577177694288,-0.17893508233046795
robot3,3408,1722895913636992035,-73.36449924397152,61.213586308199254,148.1975326324955,0.021517900771118016,0.03233471017123941,0.9840153999488683,-0.1737962575201632
robot3,3409,1722895914140002487,-73.29281328478018,61.36741279898502,147.41975977344285,0.022223139312783708,0.03247709952920354,0.9848422673498028,-0.16892921158448035
robot3,3410,1722895914631344942,-73.3227892101196,61.608667235393526,146.56084719115134,0.021475179458820076,0.03263387935607094,0.9807109180602646,-0.1915200819307937
robot3,3411,1722895915132687317,-73.26874793353403,61.74498952537434,145.72786182079543,0.020462813815898998,0.033648301897915844,0.9825282268604262,-0.1818992810668296
robot3,3412,1722895915637353014,-73.26614094179831,62.00299058843717,144.89203843764267,0.022265161100649036,0.03163564031790986,0.9853105479468844,-0.16633271766988056
robot3,3413,1722895916132785375,-73.211869615502,62.17477853160065,144.1172361917172,0.02254070791115428,0.031029771451918372,0.9884255204461745,-0.14677895047047776
robot3,3414,1722895916636545919,-73.10917061971615,62.24438890617681,143.3297218050246,0.022302711091443782,0.03034276931968719,0.9908892852783494,-0.1293071140678101
robot3,3415,1722895917135907591,-73.05822541378957,62.37039087432956,142.54707343072022,0.022202266128113067,0.03078696906192559,0.992759772053084,-0.113961646653009
robot3,3416,1722895917636583886,-73.10231680373674,62.61457359082736,141.77479100972238,0.021281448962739303,0.030455545889290104,0.9942109497541798,-0.1008173945483785
robot3,3417,1722895918134324547,-73.09678382161161,62.884320796856095,141.06988077716468,0.022735260834782802,0.029458716394941145,0.9961858808676721,-0.07892390450957805
robot3,3418,1722895918637467246,-73.03003539400973,62.99687810841986,140.3084907244009,0.02544192494819866,0.03283238934049736,0.9966625655269988,-0.07027427084121951
robot3,3419,1722895919137141212,-73.02622515285697,63.25033182273381,139.52146331009277,0.017688271683547373,0.02968899397972039,0.9962024488561606,-0.0799147644325493
robot3,3420,1722895919642609512,-72.96371635726469,63.450243734006364,138.67924029066359,0.020287294622432436,0.029075550470161294,0.9965404488869986,-0.07516762450589341
robot3,3421,1722895920136732806,-72.8561977653779,63.49501712382592,137.8686403569865,0.021183824905760932,0.03131258105379433,0.9967723585400108,-0.07082113442112958
robot3,3422,1722895920636126278,-72.78157094854795,63.57322085513363,137.16566391353743,0.027849005828411266,0.03500381200868124,0.9954897786052739,-0.08366162030257894
robot3,3423,1722895921139916215,-72.84162573460722,63.72520159718615,136.50968136668453,0.022187994751799327,0.03716975402345346,0.9942315916157194,-0.09813075210148817
robot3,3424,1722895921633190860,-72.94273605818348,64.04578655987088,135.8216090969648,0.018880559301029422,0.035949407098655406,0.9953325718938187,-0.08754562203201052
robot3,3425,1722895922139396247,-73.01072057793269,64.40685490783073,135.076638824873,0.019561232065572188,0.03791260660171078,0.9951880684255862,-0.08820828149381055
robot3,3426,1722895922636491792,-72.97995786197075,64.59917416376946,134.20748092582025,0.02464440669029221,0.035353943093945246,0.9943822651069861,-0.0966781400694754
robot3,3427,1722895923140887601,-72.81875533394076,64.68363257391827,133.3206221691601,0.02014631230332313,0.03705391112933039,0.9932383225447776,-0.10816084503660794
robot3,3428,1722895923635207937,-72.75146682563977,64.83724417675809,132.62356881740763,0.02257539411904566,0.036854078195007085,0.9922160577151848,-0.1167879416416902
robot3,3429,1722895924131912776,-72.83418987933315,65.21591738184615,131.82354298744573,0.018688702831880934,0.036908705277789645,0.9901703352054532,-0.13360833484591966
robot3,3430,1722895924638679791,-72.85220186951513,65.3765264050577,130.9020719574749,0.022253734628244558,0.03711782524073418,0.9887701661346829,-0.1430405428767849
robot3,3431,1722895925137989619,-72.78987752871429,65.4876041250804,129.97502757009806,0.024191819850092725,0.03933556765666496,0.9876454894310954,-0.149745972152444
robot3,3432,1722895925634316865,-72.66771386202521,65.49329652053326,129.20231944549636,0.02693225012501735,0.040062568370297674,0.9866453648632668,-0.15556531911904325
robot3,3433,1722895926132435135,-72.62342664012378,65.62593650522389,128.40711167504332,0.028215961284402805,0.03994049025150593,0.985912180245065,-0.1599555863722455
robot3,3434,1722895926635754310,-72.63224045611284,65.86590290507027,127.69115561076573,0.02820094335618384,0.040035949210476686,0.987654090617594,-0.14879928377169918
robot3,3435,1722895927139387572,-72.70453716933382,66.2813699359239,126.80183388404612,0.026439206686902254,0.039005257019288905,0.9871684457228256,-0.15257135394236737
robot3,3436,1722895927644390780,-72.77924549258569,66.58451418112786,125.88648608856542,0.025373448605261233,0.03864345163310699,0.9866100646825371,-0.15640796660936326
robot3,3437,1722895928134985889,-72.67066344030874,66.7024657497854,124.92500264330522,0.027071103439036348,0.03857047050994962,0.984013173002163,-0.17174850660616986
robot3,3438,1722895928640849782,-72.64901486961338,67.00024061186738,123.86686234091077,0.02544494547687474,0.03940969452400335,0.9857687656871481,-0.16142915264238988
robot3,3439,1722895929135381872,-72.71034333940693,67.4051524661764,122.87292038235907,0.029292789864890187,0.03918824298679599,0.9873736137320189,-0.1506637347848283
robot3,3440,1722895929636389940,-72.59840742760495,67.55772816955343,121.82473489269992,0.027565487371525955,0.037545069705996435,0.988063021860092,-0.14683996894389967
robot3,3441,1722895930135138129,-72.3992415655347,67.5242705680888,120.71744244682222,0.026024828581359464,0.035678272844537326,0.985026926806057,-0.16664850017673863
robot3,3442,1722895930635595818,-72.50892822987876,67.92498874954016,119.79660887019007,0.02598449755418835,0.03557829829419561,0.9924642696407726,-0.11434012446973045
robot3,3443,1722895931132462618,-72.76569469980144,68.47594149418389,119.28448342665357,0.0223364791980262,0.04023606525689886,0.9989204392949838,-0.006332196174740807
robot3,3444,1722895931633389577,-72.69898414226014,68.57287946011662,118.35164173860423,0.023389594723103733,0.03867043438100674,0.9901865850992249,-0.13224239506681926
robot3,3445,1722895932142243492,-72.4822029821512,68.59390321257553,117.14832093016192,0.026976143204261782,0.03683784114733979,0.9749658380340414,-0.21761635008428482
robot3,3446,1722895932631833852,-72.50103128667449,68.88411765938605,116.28133619308613,0.023102479311221075,0.03655128303483258,0.9721993279591195,-0.23012767298614664
robot3,3447,1722895933137604063,-72.65509474446431,69.24322443699488,115.57292523784785,0.026892609647008486,0.0368537993898255,0.9679791338147077,-0.24685011953863042
robot3,3448,1722895933635869055,-72.62017134050298,69.38207145723061,114.86370563790123,0.02488966483460229,0.03670884611499546,0.966860679736778,-0.2514227340163622
robot3,3449,1722895934133516409,-72.56970153444917,69.49258630445904,114.15754797267331,0.02556163901816481,0.03820879949803701,0.9663994745678132,-0.25290066391110655
robot3,3450,1722895934637465163,-72.5492124841078,69.68947388085306,113.40732432108437,0.02253247191309551,0.03821584594294884,0.9607814825660715,-0.2737348709727939
robot3,3451,1722895935140890669,-72.51717108093715,69.89585534404742,112.61492182062742,0.018321646218916156,0.03777843490118583,0.9533708321839339,-0.2988664642899221
robot3,3452,1722895935631578463,-72.43889115352819,70.01922858353211,111.85694836242818,0.020777603847710387,0.03804133414183515,0.9520286082799992,-0.3029235499123573
robot3,3453,1722895936134607178,-72.34255198535831,70.11241026669619,111.12799103512629,0.020785202824740116,0.0374949322141852,0.9518742877319281,-0.3034756098216505
robot3,3454,1722895936634415030,-72.27369456539476,70.15564352708577,110.51299777695408,0.02371702089117638,0.036883103839466344,0.9514653535953974,-0.3046158572346488
robot3,3455,1722895937135759416,-72.28556257987603,70.3729876743531,109.80888669303398,0.023318020819267964,0.03528501689988812,0.9520886235510593,-0.3028836251633559
robot3,3456,1722895937635755113,-72.33156922832599,70.6180207703623,109.1131705652654,0.021295301244219484,0.03660537425789549,0.9509369908061308,-0.30647250486289634
robot3,3457,1722895938133969057,-72.31687866395043,70.79698438844825,108.40447869732839,0.012790337250122952,0.034370382808130207,0.9502410452773894,-0.30934938165250175
robot3,3458,1722895938634084258,-72.20290173200873,70.95767383812179,107.6481848277755,0.018517585163687338,0.03865176723809321,0.9371225991314814,-0.3463587361770087
robot3,3459,1722895939135774369,-72.14785473708884,71.19421768804997,106.75167674372932,0.019213289109592687,0.03733969760718757,0.9295564303481306,-0.366280547262117
robot3,3460,1722895939632692314,-72.1497010333779,71.38335394682615,105.86149935420028,0.02078881125749695,0.037050855042703584,0.92887908333605,-0.36793845682108883
robot3,3461,1722895940137657177,-72.07667003975631,71.47346340680019,104.92421767484974,0.020697473859994858,0.03476716783700206,0.9264581549415635,-0.37421670961981696
robot3,3462,1722895940643781031,-72.03298229011686,71.65888454384641,103.94660490591411,0.02218256360653438,0.03543308785219721,0.9274168252574969,-0.37168597281361854
robot3,3463,1722895941134657982,-71.96030553088823,71.73613226942982,103.09907247920921,0.0203658166966128,0.036088890475081715,0.9299003901189505,-0.36546968403847274
robot3,3464,1722895941640308202,-71.84053098987532,71.79385303071545,102.27953319854791,0.0221318562111254,0.03642916341121178,0.9312394278974676,-0.3619063759081991
robot3,3465,1722895942133877701,-71.71767644199053,71.89627632063576,101.47272163859807,0.021481286073067627,0.03613131799645238,0.9312330826600488,-0.36199175124296556
robot3,3466,1722895942635741834,-71.66507247580257,72.01162069972318,100.74274757781853,0.0221962180608357,0.036037876956092924,0.9294014934892619,-0.366635327305243
robot3,3467,1722895943133437127,-71.61675938468031,72.15156516667862,100.00176947959665,0.020013707827709486,0.03566149438803459,0.9285161518400133,-0.36903314903841955
robot3,3468,1722895943636864159,-71.57619569886984,72.25484419903887,99.2599553835244,0.022608431122756727,0.03496173996076658,0.9304732137887769,-0.3639864475535709
robot3,3469,1722895944132224598,-71.52018778947163,72.41740623768352,98.53383485747268,0.020327218465368398,0.0357547532661259,0.9272887327577279,-0.3720806470496775
robot3,3470,1722895944632903860,-71.50910259628515,72.57165050710458,97.80959707488208,0.02249003147522882,0.03669041973485908,0.9265528072401814,-0.37369493839127993
robot3,3471,1722895945133338407,-71.45676036100284,72.73569671565056,97.1584602423602,0.02347910540596043,0.03668744597543564,0.9309918290672408,-0.36243203104467575
robot3,3472,1722895945635631713,-71.38838061630805,72.85028166035922,96.48000956454027,0.025706282376561956,0.03925401797145264,0.9355060525647652,-0.350181002817349
robot3,3473,1722895946130655071,-71.36042409502947,72.93167281874236,95.82406424431683,0.026644480880379753,0.039752493506989554,0.9378043946010562,-0.3438498631169396
robot3,3474,1722895946636169799,-71.26812415289585,72.95002644469416,95.2962152196457,0.03108039418068957,0.04034266211931719,0.9382277290611962,-0.342250211294851
robot3,3475,1722895947133616757,-71.25689711197215,73.1154486986021,94.68204217424862,0.023079615899982968,0.036423542970774866,0.9379444938814173,-0.3440941488094462
robot3,3476,1722895947641213772,-71.28631254508984,73.23479928680707,94.22301617901849,0.028000791393488704,0.039007624067100614,0.9352152233831903,-0.35080884666482925
robot3,3477,1722895948134999665,-71.2966891093325,73.42804553559778,93.58988870726147,0.02581426865894741,0.038660777969126425,0.9350983060463361,-0.3513262384304624
robot3,3478,1722895948634623837,-71.41748767139207,73.80439129433002,92.9470217520689,0.026599990735570893,0.040955806016160466,0.934177141998552,-0.35345173618734915
robot3,3479,1722895949137363219,-71.4650263853163,74.05412330312889,92.19137277981469,0.0251777736377985,0.04063855829553186,0.9302206191407418,-0.3638738614131541
robot3,3480,1722895949635451677,-71.3634808617512,74.07856279248423,91.47519552144422,0.027328985097554017,0.04011686186442512,0.9205912596185563,-0.38749902797504965
robot3,3481,1722895950134278669,-71.34328312710893,74.19121307686937,90.70972430352495,0.030609863251007823,0.04074738089535758,0.9156286045835285,-0.39878182718166033
robot3,3482,1722895950636037071,-71.37935055175109,74.38528852914527,89.94894481838415,0.028916016503518757,0.037361330286069666,0.9175835753500108,-0.3947256987285151
robot3,3483,1722895951134273794,-71.28859634773258,74.42743018548126,89.27203951172622,0.03109308739031783,0.037784541444947695,0.9149052563620151,-0.40069180204427507
robot3,3484,1722895951639858551,-71.18003164888172,74.42812030910629,88.67119026118776,0.03155989504746684,0.037117978079143625,0.9063540022037675,-0.41970066883092066
robot3,3485,1722895952131990521,-71.19926246184112,74.59917703433345,87.94848230651489,0.03035105788685738,0.037059257008661015,0.9047931127407925,-0.4231487302260779
robot3,3486,1722895952632877636,-71.23130284557668,74.88079141304245,87.2834092604651,0.03471158529637319,0.03786370859844062,0.9076961926134983,-0.4164721687368125
robot3,3487,1722895953136109714,-71.13203280259354,74.97097550700344,86.58452191353675,0.0324831076811675,0.036264380388039384,0.9106109086356696,-0.41038703135475135
robot3,3488,1722895953636083160,-71.0580675525909,75.05565427336622,85.9466612987246,0.03217883274824514,0.03664815511439702,0.9136276350918967,-0.4036161293185144
robot3,3489,1722895954135259291,-71.04397335405805,75.14270009545781,85.31529900106368,0.032544786720713814,0.03592154819693701,0.9136329995786451,-0.4036399649605648
robot3,3490,1722895954635111564,-71.01368862298513,75.26708771897775,84.74098479293568,0.026544883730491065,0.035080665637394606,0.9104863318308973,-0.41119260158141097
robot3,3491,1722895955133985388,-71.00675565459656,75.44676880156291,84.13484646083819,0.023093694035317816,0.03325493692101196,0.9007530134338139,-0.43244051528052524
robot3,3492,1722895955640329093,-70.86962208057642,75.43678513652536,83.54396302060739,0.021917748219437302,0.027768727953812883,0.892222180686202,-0.4502089407734757
robot3,3493,1722895956134694539,-70.77436038289858,75.47858663988725,82.90257432615701,0.013029453354691923,0.01900456509878902,0.8813377012082237,-0.47192469344132404
robot3,3494,1722895956634296360,-70.64119883318948,75.52340670360248,82.19272755010945,0.01902478082022584,0.019344756446696337,0.8509690042508162,-0.524514625074587
robot3,3495,1722895957134861208,-70.42553093924654,75.41097029765062,81.51869316836132,0.021048900920057373,0.02221751038886121,0.8149220586921683,-0.5787619236431303
robot3,3496,1722895957637780769,-70.14164252098665,75.13804746145154,80.93025499707825,0.028191916446376364,0.024182259981708226,0.7755470892289567,-0.6301961175203717
robot3,3497,1722895958132921620,-69.93652204556635,74.8315878964721,80.42237300204215,0.02687510722771555,0.022452059706813816,0.7283047878443237,-0.684357925087052
robot3,3498,1722895958634572817,-69.72450311152237,74.55117887586691,79.9936643662039,-0.021646232389949754,-0.023350911952513848,-0.6977329671953821,0.7156499717201377
robot3,3499,1722895959131675983,-69.49615527174981,74.30297850057059,79.61005958103155,-0.01991691773097787,-0.017465121860296907,-0.6784655268426318,0.7341544897313182
robot3,3500,1722895959633588798,-69.29360250775302,74.1008077521138,79.3684626212463,-0.02218650462839043,-0.015934787438060923,-0.6759938387232542,0.7364008226298212
robot3,3501,1722895960136121629,-69.07784853348156,73.91239331960531,79.00089422324292,-0.022416510046604284,-0.01830260221847116,-0.6485312154952555,0.760637743842369
robot3,3502,1722895960634722456,-68.82701523604186,73.72346867220197,78.482736829827,-0.02293713289342186,-0.016801307419968017,-0.6039717250175386,0.796498436522601
robot3,3503,1722895961132403776,-68.55953353303877,73.3675016281902,78.17288565520398,-0.0236527426704437,-0.012623234629064105,-0.5579659894255142,0.8294306217858562
robot3,3504,1722895961635642365,-68.26763182120676,72.97279864459107,77.88101592769945,-0.028450070921221784,-0.019727160520354173,-0.523989108812619,0.8510210611072672
robot3,3505,1722895962134525447,-68.01400947008331,72.64225887147443,77.62989609084117,-0.03244549346216021,-0.023102177545973247,-0.49663612689563624,0.867044483754284
robot3,3506,1722895962634781690,-67.69183222558357,72.25715667638744,77.26295053072083,-0.022054033869587885,-0.020475533062615264,-0.45639023448852545,0.889270670830535
robot3,3507,1722895963135833695,-67.37816849865783,71.87448852841105,77.02515937836964,-0.02499712053087783,-0.020924247507955043,-0.42979768738879226,0.9023365601296651
robot3,3508,1722895963633191422,-67.08594863171834,71.3905070377024,76.8433417054188,-0.02600827999318255,-0.020397504451489856,-0.39707503597942245,0.9171907800375492
robot3,3509,1722895964134664715,-66.71629677471469,70.87694744361116,76.71113804358282,-0.02600982126032637,-0.014896214493489898,-0.3838162313966833,0.9229229071315855
robot3,3510,1722895964637067548,-66.40334833595462,70.3976200140148,76.59283574129586,-0.027553003201159176,-0.019249088798133137,-0.3561791112933011,0.9338130140843791
robot3,3511,1722895965137325801,-66.11246920239176,69.88117495082666,76.56020555327613,-0.027350304352752368,-0.017242188688581864,-0.3225730821046112,0.9459922169249443
robot3,3512,1722895965635451172,-65.70936480034273,69.33196023250187,76.59156478020951,-0.02426576572507342,-0.012693779298316183,-0.250005296932225,0.9678571134659968
robot3,3513,1722895966133017962,-65.38689347573373,68.85464482445228,76.57815488702602,-0.026938186080053435,-0.013419544617908865,-0.24494349588554476,0.9690701387290459
robot3,3514,1722895966631665980,-65.08683408701954,68.33716430897088,76.59300113271206,-0.028592894402466002,-0.015378258890938272,-0.23499834060938213,0.9714534139391396
robot3,3515,1722895967133543528,-64.72672131345387,67.77290976065875,76.61348983365383,-0.025748597197259967,-0.01445037764968747,-0.1850054547825302,0.9822938348726737
robot3,3516,1722895967643151745,-64.35557769502947,67.12087855586478,76.67500185452795,-0.02599319420712299,-0.012104207259919406,-0.14309536214216714,0.989293464728703
robot3,3517,1722895968137736846,-63.98075327863724,66.50616293963613,76.66066938870102,-0.025479013795199717,-0.008772320259605443,-0.1268645542224017,0.9915539577527983
robot3,3518,1722895968634801160,-63.641952621163654,65.93802671497103,76.64985692668319,-0.02689497864337834,-0.011960061050611193,-0.1254912945116849,0.99165798139541
robot3,3519,1722895969136207376,-63.18057659660674,65.25536038715653,76.60384537452852,-0.02758779955889932,-0.008713446911391809,-0.12476629611458862,0.9917642666038473
robot3,3520,1722895969631476925,-62.80298600117229,64.62758365394726,76.55858423523757,-0.025953464756316387,-0.005940813743424284,-0.11485330967968091,0.993025599697627
robot3,3521,1722895970131037685,-62.36696107545558,63.96761005482371,76.46889052557837,-0.024259178112795977,-0.006877518982164524,-0.10738257993590768,0.9938979693792769
robot3,3522,1722895970644560084,-61.96627269288735,63.3528432290405,76.37020853434242,-0.024257885294761732,-0.007790301476781464,-0.1142276582861875,0.993127840857551
robot3,3523,1722895971134864455,-61.57611595307043,62.699528284144776,76.20658455535316,-0.02367153035527347,-0.009291519064452464,-0.11973940864946535,0.9924796221285305
robot3,3524,1722895971635304765,-61.20753896632823,62.087500469169484,76.0477864870833,-0.022707736115044563,-0.00793205465639539,-0.12588396772196153,0.9917533301683608
robot3,3525,1722895972134616569,-60.85859686449331,61.42970455322059,75.85884221353066,-0.02338991704029236,-0.011681437326019962,-0.13782960311697706,0.9901108303152042
robot3,3526,1722895972633059787,-60.481040671810895,60.77748283983529,75.61376326611553,-0.02232874377513346,-0.0125285285876754,-0.15008395955201667,0.9883416758682398
robot3,3527,1722895973135221808,-60.10205552516395,60.19621479816699,75.39416382301003,-0.021656102433242508,-0.013012995897117758,-0.15928817958361438,0.9869087855572676
robot3,3528,1722895973637044013,-59.65077392995627,59.54081199781166,75.13617872949818,-0.022665681874061476,-0.00821376749694045,-0.173229369014626,0.9845864038262384
robot3,3529,1722895974142508946,-59.219572656826735,58.852354847259285,74.90326923033001,-0.02070623498567237,-0.010485822370741527,-0.18889806110824311,0.9817223751506705
robot3,3530,1722895974636016561,-58.716564882067175,58.19407425801683,74.5606353732669,-0.01947280500551107,-0.013433340592297957,-0.20309766819644376,0.9788726640370115
robot3,3531,1722895975140440953,-58.14910402659789,57.494771150340306,74.24792761939626,-0.014106339864187273,-0.01272678330389284,-0.21421130510806594,0.9766025583246599
robot3,3532,1722895975636833406,-57.5934594523759,56.86276171861317,74.03597815050047,-0.004630324464294366,-0.011626937073402635,-0.18756241036157198,0.9821729565860606
robot3,3533,1722895976140081097,-57.07977516438033,56.14530642076418,73.75421188169557,-0.002901011678372572,-0.011231404117279967,-0.14528244820537004,0.9893222174480113
robot3,3534,1722895976637502521,-56.65834644018505,55.39101611605444,73.47261317402933,-0.0020093539676711973,-0.011537484724582155,-0.14468329730925514,0.9894087084832962
robot3,3535,1722895977130803253,-56.226625507008556,54.62966993636302,73.2400997636933,-0.003107972016921548,-0.008885327709936467,-0.14124419228502072,0.9899300326827049
robot3,3536,1722895977633695044,-55.72251837756633,53.836470843421736,73.03866415823092,-0.0037965165761764423,-0.012596178595178276,-0.15218215528289733,0.9882649009046801
robot3,3537,1722895978135723386,-55.24855553888842,53.01958449422655,72.84882243667641,-0.004673530211365994,-0.013823823957330004,-0.1639074558642903,0.9863677843069774
robot3,3538,1722895978635773376,-54.85362455736173,52.215062998992536,72.61503813125691,-0.005818206517957993,-0.012887805180708181,-0.1568667113987811,0.987518550613339
robot3,3539,1722895979130832241,-54.33551113946634,51.57384804848052,72.4864892315105,-0.005331577191257942,-0.010806977655357836,-0.15814883480692762,0.9873417491263201
robot3,3540,1722895979638451191,-53.665790875967325,50.860268121503985,72.3621762162787,-0.004885878187855495,-0.011650517475632529,-0.15376995958313242,0.9880259071333531
robot3,3541,1722895980144795468,-53.06931697434132,50.01526037974251,72.15707384382277,-0.00587038635866179,-0.011369501921040888,-0.15718107833813466,0.9874869019903649
robot3,3542,1722895980636986493,-52.55124214122519,49.290902030678986,71.96069014675159,-0.00393968038428079,-0.01210456970878597,-0.15494143208514205,0.9878416426401755
robot3,3543,1722895981133004157,-52.04809669452245,48.62742495891561,71.88668821436539,-0.004849929328972581,-0.010119055000765998,-0.14838828017406075,0.9888655121999048
robot3,3544,1722895981635469483,-51.52303573227444,47.90245337501613,71.79650221791793,-0.0066285020557682595,-0.01287998321843553,-0.14622023920430535,0.9891460006691758
robot3,3545,1722895982135437508,-51.02164956348071,47.067408429549886,71.58519027896902,-0.008536086718466139,-0.012826109752695995,-0.14991134555539215,0.988579392161256
robot3,3546,1722895982635153621,-50.56907909963614,46.30461758493835,71.392384484882,-0.010090584246626295,-0.013031479370328638,-0.13844659385711744,0.9902327510764047
robot3,3547,1722895983135074389,-50.21577439825227,45.59827858880317,71.23973006801434,-0.011017793161913531,-0.005456239122236943,-0.13712647178148865,0.9904772427598943
robot3,3548,1722895983635076509,-49.87255153959161,45.05698692942547,71.14472779423663,-0.010478356095403702,-0.006190347948695616,-0.13373962902052722,0.9909417718893799
robot3,3549,1722895984132342689,-49.47379511850966,44.48389483123624,71.02039721941075,-0.006725182645576037,-0.0010615696593402177,-0.11656607293183907,0.99315960229436
robot3,3550,1722895984641965284,-48.98818925518803,43.7963606047198,70.91161095014786,-0.005919242915650079,-0.007477632288385858,-0.10573875924403553,0.9943482098199791
robot3,3551,1722895985134443668,-48.632942983446846,43.256167309131875,70.80633859510816,-0.006459851251427413,-0.013088969306541243,-0.10410675682298377,0.9944590149363131
robot3,3552,1722895985634271674,-48.15707169771299,42.523061171210834,70.68999596354017,-0.005734320209933556,-0.011719106444110415,-0.10534194984423233,0.9943504682549793
robot3,3553,1722895986135596446,-47.714893451681476,41.83673152097253,70.58842947860674,-0.005232846780518077,-0.013257243642559195,-0.10757008656303668,0.9940953371193298
robot3,3554,1722895986636530569,-47.33997660337301,41.20056309763256,70.4941649233412,-0.006205170365990729,-0.013901171897090643,-0.10883537675916467,0.9939432146990629
robot3,3555,1722895987134889344,-46.88772969702553,40.523171986615814,70.35928068781394,-0.006024272311180917,-0.013798773178205543,-0.09865681081140834,0.9950076058414926
robot3,3556,1722895987634884506,-46.442681508741764,39.831914378238224,70.25811851966436,-0.005114746066606733,-0.01721097996558861,-0.09425616021851216,0.9953860546552581
robot3,3557,1722895988136987215,-46.10508071423464,39.38581773899245,70.17535796755222,-0.005993057370439257,-0.004332020573395921,-0.09335300831554437,0.9956056110225294
robot3,3558,1722895988635305483,-45.91432601254131,39.06988519884306,70.10258690667358,-0.010192697868272954,-0.01173197767327478,-0.09146276075642691,0.9956872164514581
robot3,3559,1722895989135155002,-45.61567570906208,38.588828426558045,70.02477590733294,-0.01119289368605349,-0.010433172198353578,-0.08480697280086483,0.9962799031462822
robot3,3560,1722895989636646940,-45.30449970466205,38.04201608839026,69.90931856981018,-0.011519144925887627,-0.01527941106746837,-0.07926458613928096,0.9966699424994095
robot3,3561,1722895990134612302,-44.92723290816385,37.51869398040213,69.78561531818794,-0.011093477456280785,-0.000936923805663014,-0.07854923829903071,0.9968480697149147
robot3,3562,1722895990633818285,-44.60907624136679,37.06600648463246,69.71593890511468,-0.01642729460576661,-0.007336182404657253,-0.07988863664825276,0.9966414250642728
robot3,3563,1722895991132922822,-44.31563621677523,36.55249178566449,69.65331636616828,-0.014337802007227686,-0.02065021651616115,-0.08290077921466675,0.9962406620877499
robot3,3564,1722895991650772853,-43.809028453833136,35.86622903216161,69.49925823086966,-0.012819484910802563,-0.006970428442614101,-0.08789077694436025,0.996023235302302
robot3,3565,1722895992132694229,-43.391771688565825,35.24668532034264,69.25296239660203,-0.009935819560598328,-0.011181454315562597,-0.08416021877896959,0.9963399581187758
robot3,3566,1722895992639438249,-43.09957222848306,34.83069619234293,69.12421622688287,-0.0066621415194982585,-0.014338459854452694,-0.05504075908046728,0.9983589230728708
robot3,3567,1722895993136111395,-42.671656908662875,34.20013434067181,69.04196217281105,-0.010324647379651814,-0.005593963195035457,-0.049038930348094485,0.998727837072029
robot3,3568,1722895993632009491,-42.238854114998254,33.54922536506166,69.02226904300181,-0.007282843930888062,-0.008771335295020848,-0.03688813144886902,0.9992543668254003
robot3,3569,1722895994136384223,-41.87934669397178,32.92798957773177,68.8071498353786,-0.005514514808787781,-0.006019973843883416,-0.03553641214301481,0.9993350356378707
robot3,3570,1722895994637624667,-41.533478047570206,32.33545634996263,68.63525464721225,-0.005295753522477756,-0.007620214618151157,-0.04049157623241752,0.9991367872208573
robot3,3571,1722895995132563087,-41.112537415529445,31.702022741320345,68.57974024110045,-0.009746075009230734,-0.007772582218947709,-0.04307754293137141,0.9989939570801016
robot3,3572,1722895995635868357,-40.723726182659654,31.095121186205724,68.45600057986705,-0.011107469928371224,-0.0029563107021860976,-0.04702152180933235,0.9988277433199165
robot3,3573,1722895996134490263,-40.40124939797897,30.61482188226723,68.3855577057004,-0.008548752502908303,-0.00892413482715374,-0.03874702140058299,0.9991726312208583
robot3,3574,1722895996632378803,-40.04347490195288,30.03767649046532,68.32243946618811,-0.009387778358619264,-0.007027145590889316,-0.02475457056400156,0.9996247796441051
robot3,3575,1722895997134224434,-39.63435042192623,29.400657874077822,68.26731003357241,-0.008559258339099887,-0.00847779207943309,-0.0248870768754709,0.9996176766858101
robot3,3576,1722895997633286794,-39.178263779286574,28.704665947808873,68.12904711791947,-0.00790474391507802,-0.007802438491062296,-0.026247924035272215,0.9995937592147466
robot3,3577,1722895998135395904,-38.794805678877744,28.045409850017265,68.02152770620678,-0.007074324282047482,-0.006843321703481621,-0.02326866202000006,0.9996807951800485
robot3,3578,1722895998643250658,-38.3308534954986,27.371755460605193,67.96238160562207,-0.004011756727437122,-0.010051290868606006,-0.01640906216025865,0.9998067913546373
robot3,3579,1722895999135331290,-37.91889750225463,26.85111672339122,67.88626234063042,-0.003337291973290615,-0.012292983857131526,-0.019551448817646883,0.999727705867605
robot3,3580,1722895999635502860,-37.49206835506535,26.171488821144354,67.84330134736365,-0.006109616090713298,-0.012180350373611601,-0.025255641163000078,0.9995881473114043
robot3,3581,1722896000137180016,-37.07676839486735,25.488768392399717,67.78030065835067,-0.007399121058082861,-0.014303770053958298,-0.03648132934213577,0.9992045675332163
robot3,3582,1722896000635851387,-36.55272468572289,24.630548612979194,67.57666354397122,-0.006700199698238034,-0.0075605616049144635,-0.04730465119831887,0.9988294224777459
robot3,3583,1722896001132742342,-35.89282273649007,23.841681515388963,67.42163049293247,-0.005254277181117514,-0.010819701909189329,-0.05717553316489922,0.9982916833417024
robot3,3584,1722896001636856814,-35.3065730857494,23.002676395616582,67.23504969572707,-0.007723848477885015,-0.014506458621334614,-0.0677811452552627,0.9975648455969381
robot3,3585,1722896002131849246,-34.82754252772287,22.128391270375772,66.98872125214831,-0.007054645693048047,-0.009701894312846538,-0.06589739511758913,0.9977542976793456
robot3,3586,1722896002635838882,-34.33145713848076,21.319664093422237,66.75666387302445,-0.006778902686076911,-0.010659104740878838,-0.043385209650779515,0.998978555099184
robot3,3587,1722896003135570664,-33.77935477686364,20.45073396531603,66.57452332307365,-0.006584392789056932,-0.0052874509365841375,-0.046113909610864874,0.9989004935300582
robot3,3588,1722896003634192206,-33.31014997280943,19.677443600042018,66.38113564857592,-0.009899079247058802,-0.009551595180196552,-0.06774785192849739,0.9976076402166577
robot3,3589,1722896004131848344,-32.85885685629316,18.922623242998295,66.12538949614853,-0.009654906172687622,-0.012383007788982357,-0.08395027718818238,0.9963462223870384
robot3,3590,1722896004635047179,-32.45791096286568,18.287392506744453,65.98149056011738,-0.011746726303809138,-0.012189618703854035,-0.0845802361905161,0.9962728598446083
robot3,3591,1722896005135188882,-32.15805079844085,17.808472162136535,65.85532833139695,-0.013229405132434193,-0.011992983743804995,-0.08553700984922627,0.9961749701366803
robot3,3592,1722896005632552499,-31.87864321514131,17.366586357398017,65.73843340549169,-0.013600412760074366,-0.01349020672918214,-0.08566727291320446,0.9961396294931619
robot3,3593,1722896006137642332,-31.518657476043646,16.83176653690582,65.66417565396956,-0.012563664580280848,-0.010357360119465373,-0.07997669810221944,0.996663738271006
robot3,3594,1722896006637674203,-31.182535871352833,16.26432809738506,65.62613204248488,-0.013251757430454897,-0.009353649094683617,-0.08530286224690563,0.9962230281749681
robot3,3595,1722896007134797680,-30.825903730092197,15.725690405799101,65.51526835052427,-0.014877448078341363,-0.0080049498322262,-0.09036802866367699,0.9957651338103282
robot3,3596,1722896007634388616,-30.488701646403317,15.261190642374261,65.4040674563935,-0.014862230922781149,-0.011064787128320232,-0.0888337979970519,0.9958741089672037
robot3,3597,1722896008130669824,-30.225267409151446,14.929704630979755,65.31837693327809,-0.015146101085070245,-0.00977193834532663,-0.08553369187293841,0.9961722202498327
robot3,3598,1722896008632545888,-30.003445092988457,14.551697076381856,65.24923480751224,-0.016490289593588708,-0.010324371961022337,-0.08433006162442605,0.9962479201479671
robot3,3599,1722896009136926077,-29.793640283493176,14.144925025016608,65.17307484408038,-0.014882774675217113,-0.0116310095190279,-0.08293441890443395,0.996375985658285
robot3,3600,1722896009632436794,-29.468737144297865,13.68954329080436,65.13364538817098,-0.014582815082591048,-0.010120303002845875,-0.07651062526421672,0.9969107508664334
robot3,3601,1722896010132549717,-29.264865585355547,13.35934866339056,65.07194380463152,-0.013957304672477945,-0.011295784089567048,-0.06911158922890057,0.9974473355232032
robot3,3602,1722896010632778476,-29.073576092692456,13.028531761592811,64.99055399832662,-0.013430460296472307,-0.01446955082001512,-0.059019617919099786,0.9980615910533654
robot3,3603,1722896011134509461,-28.83313117711476,12.655155922528166,64.95171884894955,-0.013622761100808175,-0.01264912830197308,-0.048525472535770414,0.9986489365379461
robot3,3604,1722896011632338723,-28.61824738562083,12.334932166823537,64.9214540153255,-0.01420668758674827,-0.008731433261118967,-0.05081755196340397,0.9985687299898118
robot3,3605,1722896012130747453,-28.4430559692762,11.993890979957792,64.89160553747067,-0.013878539669870061,-0.006103770459388165,-0.050919358438627015,0.9985876772016614
robot3,3606,1722896012652333933,-28.281505716630402,11.71717401745507,64.86140968867656,-0.013367030450877254,-0.0076055660514381266,-0.03427856059449704,0.9992939798405331
robot3,3607,1722896013134522727,-28.077740225327727,11.380603138629827,64.81738413753811,-0.012676375366019801,-0.006637843837781324,-0.03197843310054778,0.9993861257558055
robot3,3608,1722896013634004075,-27.891425208193937,11.073852030673372,64.8159125572154,-0.014628658881578067,-0.007429764979081947,-0.0019258127858920453,0.9998635367772923
robot3,3609,1722896014136886737,-27.688132686209887,10.676785000187072,64.95518256115271,-0.014165942408758308,-0.005138932770128135,0.0724496953150863,0.997258220870807
robot3,3610,1722896014641204643,-27.357256481112387,10.108347727890294,65.10633249320169,-0.013654116823923864,0.001267657184246097,0.08481508040058154,0.9963023438071722
robot3,3611,1722896015137740353,-27.053881880039587,9.61129467508341,65.30770145577365,-0.01015309356381043,0.017239688469130415,0.15243914669701092,0.9881103250077184
robot3,3612,1722896015636476259,-26.841098630194207,9.174123940064655,65.57846398203861,-0.006872984802635019,0.016517414097914275,0.24548284047003344,0.9692358392807113
robot3,3613,1722896016133444265,-26.620106125163563,8.69341907266888,66.1410240760964,-0.0009226173638413891,0.02074179149712422,0.37760820817027824,0.9257326655061501
robot3,3614,1722896016637345855,-26.480108687727853,8.33197576685878,66.83018375991541,0.002176485305406278,0.027695184727042358,0.4882255568269858,0.8722752119117165
robot3,3615,1722896017136187485,-26.406421455736805,8.046218986021868,67.50738664069937,0.02162970334452892,0.032405711259673,0.5798272652154225,0.8138073287478963
robot3,3616,1722896017633434889,-26.432464874765472,7.902649337438234,68.15783677204303,0.007579161971588721,0.03000642283070285,0.6606345974104669,0.7500693965207645
robot3,3617,1722896018136814078,-26.482185847945203,7.782417524944056,68.79689945689871,0.009783783016968627,0.028424851836611437,0.6999824384219787,0.713527078174868
robot3,3618,1722896018636651777,-26.527062905454674,7.618421830624044,69.55040382882562,0.005030874250525265,0.030042643632029072,0.6728649249999846,0.7391379590933206
robot3,3619,1722896019131329256,-26.590579892059477,7.440931131185626,70.4058775631332,0.005096684314168657,0.03742224729720661,0.668276629112333,0.7429535289629399
robot3,3620,1722896019635965514,-26.6563330767697,7.314555589239943,71.22904912760461,0.010834800575939909,0.033940121438426465,0.6707781624869825,0.7408018169414893
robot3,3621,1722896020130785730,-26.72854214048618,7.194356115431106,71.90525853293713,0.012708286796861387,0.026805139763250312,0.6684847262384199,0.7431340085845258
robot3,3622,1722896020630753213,-26.755476909719818,7.022171992223328,72.6364124521501,0.009537559664247896,0.028978525818379924,0.6497247436701873,0.7595571324526903
robot3,3623,1722896021132978085,-26.74883386367777,6.823524029451213,73.32827709811006,0.010026800727586603,0.0271779278962974,0.6126525626731582,0.789821284185508
robot3,3624,1722896021637768576,-26.763797625710758,6.520847677056057,74.26682307531468,0.008265782776305793,0.02955826301369625,0.592069876181544,0.8053019605347296
robot3,3625,1722896022135095060,-26.772421381074317,6.156827108954824,75.33331603998195,0.00913193391842705,0.028009452467176017,0.5734110093454696,0.8187379878305441
robot3,3626,1722896022632987185,-26.68607120295205,5.780457517668801,76.12369310582575,0.010786317212937624,0.02899948273327733,0.5563286971173131,0.8303860946125827
robot3,3627,1722896023140718895,-26.53416640722081,5.387550953156849,76.8704192750972,0.007195027978819388,0.025385866426260745,0.5399282005030425,0.8412974073772712
robot3,3628,1722896023638031611,-26.45219680315411,5.070580325411696,77.64326050890111,0.0027331424821309073,0.024525991190536008,0.5234052164997228,0.851726473129239
robot3,3629,1722896024134676135,-26.424556861327535,4.7594706106234685,78.37099137313817,0.009366236010224072,0.02399021938097087,0.5440404779755242,0.8386636401568967
robot3,3630,1722896024634640074,-26.444835674272728,4.551230165322173,79.27161871216349,0.009054004467361857,0.027019109685570565,0.5868083269471277,0.8092243076801493
robot3,3631,1722896025134579770,-26.50816309052165,4.38521685940874,80.16808918635377,0.009076629389163617,0.02837180948369705,0.61849552599552,0.7852234965594684
robot3,3632,1722896025634564870,-26.521465416692372,4.177614199381757,80.96221366924466,0.010376926421489543,0.028547007306752716,0.6239804607554386,0.7808493916033372
robot3,3633,1722896026135019822,-26.54150851525871,4.011000588887276,81.90492129350172,0.004469637247414989,0.02985561943972392,0.6155934625309123,0.787485462227684
robot3,3634,1722896026636751656,-26.540434028908905,3.821882134491626,82.77031747454522,0.005563817947864471,0.0282744030294447,0.6119825817265481,0.7903460771880129
robot3,3635,1722896027133411617,-26.570730155375248,3.6574826086699335,83.4915043345724,0.004486462434307463,0.027634368814210976,0.6058479641649119,0.7950877043649319
robot3,3636,1722896027633821530,-26.655358799419083,3.420473498559381,84.3357365184872,0.003002225320424345,0.023949746064320453,0.5831937733502711,0.8119743955520103
robot3,3637,1722896028132729544,-26.648708183728015,3.106271983921902,85.39947375850285,0.005188321266838772,0.022009819568825736,0.5610974438502306,0.8274408182279365
robot3,3638,1722896028631201777,-26.608909623797537,2.761850015398977,86.45856562756535,0.005150640977517277,0.02534206302185171,0.5427856512284793,0.8394730415920411
robot3,3639,1722896029135613116,-26.530972709490577,2.4930283084528084,87.36986104758083,0.003945161886439551,0.022787846388974364,0.5221212670159958,0.8525576416197637
robot3,3640,1722896029631666531,-26.492160941873863,2.178891438181223,88.21508813723362,0.006002578220150461,0.02152335048905961,0.5010772738739077,0.8651140271926754
robot3,3641,1722896030130743441,-26.440351049913428,1.8386316955645672,89.06446304936021,0.0029308329419795785,0.025223419776277678,0.47782929817224556,0.878085617193036
robot3,3642,1722896030633440007,-26.384411320326322,1.5264152793346515,89.82835857151728,0.0014458354686909926,0.024149140783115256,0.4515346652742513,0.8919255432012835
robot3,3643,1722896031133326885,-26.31473880592157,1.122391695714254,90.41307070231431,-0.002782406435524144,0.013703808164818058,0.3731327792614969,0.927672567718158
robot3,3644,1722896031634116648,-26.170990471722604,0.5646699665515185,91.17056285574574,-0.011161720254784306,0.011240951981987513,0.3265255712400203,0.94505561123453
robot3,3645,1722896032137044791,-25.955192257722466,-0.042954172648803975,91.93494804568634,-0.012892691886160039,0.0031403594925859773,0.2838215222460179,0.9587853045119846
robot3,3646,1722896032634559031,-25.736453127659505,-0.5744360781179776,92.777095337857,-0.01576668282956213,0.0030044698942306735,0.25192708770889516,0.9676131082988291
robot3,3647,1722896033136794296,-25.65415535887176,-1.0050143705684977,93.61168467229925,-0.014711488697163069,0.00896780514747519,0.29244650563942337,0.956126661018529
robot3,3648,1722896033630922305,-25.58778737602494,-1.3407400361940922,94.38441701575822,-0.016190704642792098,0.012909853527536326,0.302244727702695,0.9530054151687655
robot3,3649,1722896034133973003,-25.42366276537104,-1.7899275881314223,95.2864980621712,-0.01386029908373223,0.006100886518429117,0.32111256566395086,0.9469199498720648
robot3,3650,1722896034631213952,-25.299827424749093,-2.2575266297824332,96.13341027384183,-0.017330248466722382,0.004230853803827484,0.3141648943836372,0.9492008119998055
robot3,3651,1722896035132164172,-25.380765395173217,-2.522868105752574,96.94115561364397,-0.01998461722967035,0.005947059883686659,0.3394998777037351,0.9403749680803251
robot3,3652,1722896035633019538,-25.443845854998326,-2.7646154673326477,97.74628218204896,-0.02236589018838755,0.0047512096886555884,0.35487030042229706,0.9346358985405836
robot3,3653,1722896036131232609,-25.408129151536812,-3.078068139282337,98.57810889791897,-0.025610705141152133,0.008507535589795698,0.3487849548102242,0.9368141592217696
robot3,3654,1722896036630904854,-25.349624177226712,-3.3984136891623935,99.36825085556596,-0.024493848465279754,0.01682394426780717,0.3414311549027277,0.9394369445302986
robot3,3655,1722896037134243082,-25.335352368600272,-3.6240873835281886,100.2110188659043,-0.024527985117317748,0.009641105202253227,0.3342713542372214,0.9421083211462351
robot3,3656,1722896037631499697,-25.311069021666455,-3.898954068713199,101.07026222356116,-0.017517813171647398,0.016405790528127413,0.3418066795741299,0.939463767293523
robot3,3657,1722896038134776920,-25.3525981724823,-4.037236715317271,101.8748520108303,-0.02025608492447739,0.014407154665940225,0.3581302103850096,0.9333407080630056
robot3,3658,1722896038632334983,-25.397434102253623,-4.173661474352139,102.68783176972565,-0.020826234883521758,0.01579985013185881,0.36368080751018755,0.9311567552915703
robot3,3659,1722896039137828604,-25.403861517363463,-4.388853809632056,103.39831978596546,-0.0202284950535789,0.010966240357931669,0.35945511339715247,0.9328786475275976
robot3,3660,1722896039630978424,-25.398612654727696,-4.596758793705971,104.01124187621447,-0.018660674308972426,0.00907044994400435,0.35708907247365723,0.9338398687634036
robot3,3661,1722896040132308404,-25.381204296782137,-4.859523664455863,104.72553888317522,-0.020552622650137225,0.0035729977510474686,0.3600847169905295,0.9326863459808566
robot3,3662,1722896040634727836,-25.445101127974684,-5.043826146685266,105.67228671604435,-0.02037200676581191,0.011113204900320294,0.4444841348806364,0.8954860869140231
robot3,3663,1722896041134947601,-25.585935048542034,-5.206880416370194,106.84300873880937,-0.01624656590358085,0.014625786044821265,0.4859585057188873,0.8737084560643658
robot3,3664,1722896041631618076,-25.75876229716003,-5.2850234090027435,107.9249517962336,-0.017892433733262787,0.010949855391963218,0.484417061709073,0.8745856572155436
robot3,3665,1722896042132633583,-25.93096708164595,-5.290376113332667,109.01851568052093,-0.028500861734108315,0.022699870689638368,0.4758362627289055,0.8787788503504594
robot3,3666,1722896042633791383,-26.125730004128016,-5.3125284122213,110.09243338102986,-0.03475316024332848,0.0005515591991467432,0.4640241400954729,0.8851403905845717
robot3,3667,1722896043137590851,-26.243915419396746,-5.3946756483097555,111.2183904603266,-0.03357661056609807,0.013016479269938992,0.4472999959442071,0.8936587134463694
robot3,3668,1722896043635546390,-26.360517306083455,-5.54450262165518,112.27216002450123,-0.029085877257781934,0.0188294952079004,0.42998048497815944,0.9021730678712969
robot3,3669,1722896044136730918,-26.510022947941383,-5.626850881396224,113.36982280278148,-0.020176502295780142,-0.002545442630710291,0.41376830042481555,0.9101550543948442
robot3,3670,1722896044632827668,-26.65083491802103,-5.699448430768378,114.44531941849368,-0.02790603211258205,0.009353569357319493,0.3944695005292764,0.9184375739614492
robot3,3671,1722896045134745492,-26.680253962447974,-5.847705588888279,115.40366097864984,-0.030558001389400492,0.011736455628237165,0.3773534289598495,0.9254906016878917
robot3,3672,1722896045635087861,-26.72726664252677,-6.0770607858330905,116.39559287214607,-0.04382639175523958,0.008861940970111965,0.36206487833435474,0.9310798769518581
robot3,3673,1722896046131974984,-26.69778527576815,-6.4315199134914725,117.34802826325807,-0.052703775121642954,0.0038117728446957037,0.34845052017632216,0.9358365335167025
robot3,3674,1722896046632907560,-26.642077241216278,-6.746358311419013,118.39955540773748,-0.044814325361839144,0.00952318293217759,0.3364431708260266,0.9405886337999906
robot3,3675,1722896047133711713,-26.66710387927997,-6.954890046201016,119.44508766565728,-0.02433986274065722,0.009818769595305537,0.35317426795662843,0.9351893387430698
robot3,3676,1722896047634291386,-26.76471170355785,-7.059266324420516,120.30998104892814,-0.026820096892075918,0.008025257874152284,0.35386784857156967,0.9348763679685576
robot3,3677,1722896048131317731,-26.820237008987274,-7.165178229907888,120.9973949569878,-0.02565924509071722,0.011915521285202197,0.35270768635375377,0.9353057850141089
robot3,3678,1722896048631055619,-26.782601690613813,-7.436883756887086,121.72761690870787,-0.024099046268847096,0.016587342862498806,0.3578337468597648,0.9333269018055762
robot3,3679,1722896049132509238,-26.796965421354344,-7.613980025376265,122.50473565399933,-0.025432939351924495,0.019320548847863137,0.36312851964850995,0.9311914734392817
robot3,3680,1722896049631331784,-26.701365407621775,-7.942119176450596,123.36368912302746,-0.025106472213164057,0.018165404375035204,0.36049968600529264,0.9322444204858438
robot3,3681,1722896050135380051,-26.645096754700166,-8.310975946437404,124.39826831812441,-0.025034457585920322,0.016912893812446456,0.3558905567460835,0.9340391541981686
robot3,3682,1722896050631694998,-26.70638819579125,-8.515308827296145,125.3626844554162,-0.023967010298654296,0.01851264283073362,0.3521771689048308,0.9354432672134341
robot3,3683,1722896051133941640,-26.740385235278175,-8.736343689077804,126.44775697145083,-0.02367333471442747,0.01400807653160718,0.34683345458911363,0.9375232806672934
robot3,3684,1722896051633115110,-26.741062904641417,-9.012150106728754,127.53331523491516,-0.0238202303345007,0.01820391276801714,0.34137010210740576,0.9394507265279671
robot3,3685,1722896052135078441,-26.848832887250857,-9.08446302374335,128.4573591152738,-0.023006369746062027,0.01895536876015196,0.33744581333135704,0.9408728522023649
robot3,3686,1722896052632117161,-27.044838735574345,-9.014374002760135,129.24053141508375,-0.021089257435703175,0.021560302744824907,0.40941419443046556,0.9118499953200718
robot3,3687,1722896053136960328,-27.260174766139407,-8.914845449064927,130.08776706172264,-0.01839040001527616,0.027430917468792015,0.5172803645137187,0.8551785558833037
robot3,3688,1722896053633475409,-27.313109588474198,-9.027185940218143,130.8544519864961,-0.01991980853697499,0.018141549004400286,0.4637172489185851,0.8855734856481139
robot3,3689,1722896054133049984,-27.2985960557377,-9.260982985252195,131.70745174005492,-0.023992090418808856,0.01673855083936291,0.4431454352248146,0.8959722784509259
robot3,3690,1722896054635546677,-27.398616912031663,-9.338440053817523,132.49663081741684,-0.022139470877645624,0.019742062450479596,0.42671145463589794,0.9039012276139331
robot3,3691,1722896055134318477,-27.54180843895107,-9.354205442298925,133.3066382488376,-0.02397121163378324,0.019630869676954696,0.4027558478114373,0.9147828906479532
robot3,3692,1722896055636215236,-27.60028422622172,-9.42293023177533,134.04498003697285,-0.026333610308950043,0.02043989230036457,0.3854405985767946,0.9221303035578041
robot3,3693,1722896056134368074,-27.659277389880465,-9.453188248803126,134.7017143674482,-0.02578191487793629,0.022840589646721414,0.37042629388948267,0.9282230126026393
robot3,3694,1722896056636118443,-27.696738966994552,-9.513981623917113,135.27732940190268,-0.02385379422015834,0.02057276736644983,0.3612686308796615,0.9319295757118791
robot3,3695,1722896057132304437,-27.69378125495903,-9.66714405790183,135.83632568114427,-0.027063349931182586,0.02110930475337676,0.35290527210514594,0.9350293264190831
robot3,3696,1722896057632212266,-27.64574797789937,-9.873233547003645,136.37652163395367,-0.025969131593941593,0.019405586948537366,0.3521732456963268,0.9353732048841008
robot3,3697,1722896058134742182,-27.570443532834815,-10.060085773557619,136.98356901355402,-0.02560363222632974,0.01959297876468694,0.3517479788124448,0.9355393784343369
robot3,3698,1722896058634531287,-27.606291376469,-10.180190111176158,137.51824034107307,-0.024011810283637833,0.017807117790374947,0.35801185230322013,0.9332383688711686
robot3,3699,1722896059130788752,-27.620602908730838,-10.313622419533512,138.05150730926113,-0.023808084991615422,0.025429779479025284,0.3636616408398465,0.9308795369898033
robot3,3700,1722896059633105481,-27.617282310405002,-10.42746271408048,138.5851224216916,-0.024814873473072794,0.026534384333086528,0.38074584809156353,0.9239657719112843
robot3,3701,1722896060134931247,-27.600176292515147,-10.575967376583673,139.1451863783434,-0.025054555605405295,0.023830150054439864,0.3794879332924187,0.9245503240371761
robot3,3702,1722896060635706069,-27.607507412261402,-10.729645195076628,139.75989247573847,-0.02865732412801027,0.01886873614050698,0.3744029572304442,0.9266310777150637
robot3,3703,1722896061141841833,-27.620746100084542,-10.886441816419948,140.4064321136712,-0.026976811258501623,0.02124777531989908,0.3706827715950589,0.9281244887087526
robot3,3704,1722896061635034564,-27.614750026062303,-11.048719236683853,141.09025507039445,-0.029202421609005155,0.02730576338321111,0.3655657460325917,0.9299265020343622
robot3,3705,1722896062134272840,-27.6472110823462,-11.108766727793663,141.7369758953061,-0.026616240187977223,0.015605491998029443,0.36158625215718,0.9318280027068727
robot3,3706,1722896062632247366,-27.69915260735056,-11.242935645552873,142.474650521995,-0.028435127998577767,0.012035151491450744,0.35565022758649106,0.9341089413135705
robot3,3707,1722896063138130456,-27.671757456818092,-11.49198793385581,143.22918598609263,-0.0312743025751862,0.011528890060965942,0.34781544983805324,0.9369703386694536
robot3,3708,1722896063634721760,-27.73174916533984,-11.540453064887314,143.83545447457323,-0.031134537203060735,0.01115633761324952,0.3434322656237117,0.9385949369417963
robot3,3709,1722896064135100781,-27.84620423951663,-11.623757073040553,144.4658029352334,-0.029088166285443463,0.0029865328097197622,0.3380658680757135,0.9406680753837355
robot3,3710,1722896064631793830,-27.795076424758893,-11.8943219868212,145.12137216957086,-0.03135716302415637,0.011816420316303478,0.33151938989482066,0.9428531140436197
robot3,3711,1722896065140464773,-27.804380306198794,-12.049630691518242,145.79370685278914,-0.029990480047438702,0.011248142905357661,0.3469931759458285,0.9373205354811832
robot3,3712,1722896065638022446,-27.89995982132404,-12.060345146000685,146.46424817613203,-0.03479937404099795,0.014224432318075714,0.36750451374793375,0.9292615893635539
robot3,3713,1722896066135778265,-27.94489371891101,-12.198633394902112,147.07943440996482,-0.0376308214568876,0.016243193727451442,0.36487553282384977,0.9301537106739531
robot3,3714,1722896066635118865,-27.938870168748558,-12.402594396976905,147.68577006116007,-0.02944250131642177,0.012240006913065113,0.36116908949323884,0.9319550472751491
robot3,3715,1722896067137159455,-27.94664377510842,-12.56316065623967,148.2733172632525,-0.02837687394045421,0.014097195953019158,0.3559992614258542,0.9339489000774486
robot3,3716,1722896067635035134,-27.952957861929768,-12.688111306666373,148.91931305188965,-0.024476926928477638,0.015722263820720856,0.35053741782557996,0.9360967947667935
robot3,3717,1722896068135958005,-27.957264287317788,-12.884360250830975,149.58603761039282,-0.020438012683009172,0.014316186868492772,0.3462704727538871,0.9378028013020194
robot3,3718,1722896068645719740,-28.00673636351739,-13.000311671264871,150.2901962678111,-0.02265777499315766,0.01667904343153244,0.347423345519665,0.9372862176147113
robot3,3719,1722896069130302918,-28.02992127055537,-13.136855365953176,150.95567436804083,-0.02167605182393361,0.016938530546188886,0.34495518503050904,0.9382159427769438
robot3,3720,1722896069633698317,-28.035262446778397,-13.288233701531247,151.6140221899099,-0.01674312442704479,0.016718745225623353,0.343443430509107,0.9388752640168114
robot3,3721,1722896070138207610,-28.064365257760258,-13.417154306952266,152.25246182408188,-0.01921540802926126,0.016654657221060423,0.34069993329357184,0.939828147025228
robot3,3722,1722896070634594822,-28.0170048853136,-13.676959061766464,153.0108460535794,-0.019896332396555704,0.018292615847834103,0.33809410004618795,0.9407241336739307
robot3,3723,1722896071132057774,-28.013698071140723,-13.888382429897872,153.74906089975772,-0.018866122973121752,0.018624289876740575,0.34119444918428277,0.9396188339302188
robot3,3724,1722896071631902750,-28.065736474091857,-14.002105300864615,154.51779710635643,-0.02056090363166999,0.013001429300063452,0.3408815306923678,0.9397914630974432
robot3,3725,1722896072136079468,-28.150362202252257,-14.095390505041166,155.29626830418988,-0.02218062316405475,0.0192949019071853,0.37487772964854205,0.9266080155761662
robot3,3726,1722896072633968543,-28.22843956860506,-14.24842005900082,156.11049229654165,-0.021324102704489388,0.01915285389467916,0.3733612701086703,0.9272431249755256
robot3,3727,1722896073137709409,-28.292416366134454,-14.389932022066068,156.93162332775012,-0.024139116421512126,0.018300256320258817,0.37035352450409625,0.9283968281744587
robot3,3728,1722896073635840846,-28.364807021263044,-14.444365276042408,157.6316854208325,-0.02338665853984808,0.01700412845196805,0.36728208320928524,0.929660042795955
robot3,3729,1722896074137724060,-28.440620970136692,-14.44172604271793,158.26879425333175,-0.022974310513629068,0.01835970982285998,0.36529822586980804,0.9304258746875081
robot3,3730,1722896074634267697,-28.479857494709456,-14.581432094019489,158.93226495092358,-0.022392205208934476,0.019177567038387005,0.36220627352116097,0.9316315932224942
robot3,3731,1722896075135982544,-28.44174428831606,-14.777596301550249,159.58755338204762,-0.021165765927028873,0.020678603275140827,0.3600833717390915,0.9324507338815916
robot3,3732,1722896075637617506,-28.486460004151727,-14.863290411027767,160.19858117979055,-0.023489762068236223,0.017192679903787443,0.3585246264297715,0.9330663079755351
robot3,3733,1722896076143336559,-28.540216425699978,-14.964936483437002,160.79500874506948,-0.025465282585889332,0.016308650920610714,0.3550496563891596,0.9343582229455202
robot3,3734,1722896076633530718,-28.49219337459732,-15.200598083198303,161.51637983091788,-0.02070843159552443,0.019655622209666324,0.3512541217775285,0.9358447303429674
robot3,3735,1722896077136666428,-28.48275686703647,-15.406126740232942,162.19150819754228,-0.01752638385668217,0.017877596422153808,0.3469341303570889,0.9375552925606282
robot3,3736,1722896077632883140,-28.540075980490535,-15.535409014127751,162.896706753504,-0.017535624079858016,0.01656818189236611,0.34198298461377824,0.9393964208317827
robot3,3737,1722896078134991711,-28.601572512552334,-15.628469227105349,163.64886381927047,-0.018591872713642266,0.015977116405092265,0.3383736311496458,0.940692489479416
robot3,3738,1722896078636029345,-28.63104851788776,-15.783248322171728,164.39186850404838,-0.01906378977961738,0.01680385807958763,0.3340743328491389,0.9422040874482993
robot3,3739,1722896079136299399,-28.580447658901246,-16.022956454233803,165.15410326881585,-0.020789876503576755,0.021862041731723868,0.3295048841848642,0.9436717456110497
robot3,3740,1722896079634995181,-28.613229812378144,-16.212240315114666,165.93973431659606,-0.02273390511715794,0.02749133376780508,0.3266840864895484,0.944460112318292
robot3,3741,1722896080136515008,-28.68034280235939,-16.376286797276265,166.69197133846137,-0.03651740657874188,0.0268895687169345,0.3220453434531607,0.9456374711648836
robot3,3742,1722896080636304771,-28.69250372298338,-16.547393536523266,167.443004626444,-0.035257643341784176,0.01628577976797167,0.3165044521089559,0.9477956550641823
robot3,3743,1722896081131059348,-28.689836360366858,-16.78375746462627,168.15488995711888,-0.025152799391959243,0.005726006778295468,0.3119009959646836,0.9497643487967745
robot3,3744,1722896081635109664,-28.66657065978858,-17.006538855391195,168.91012604023072,-0.019412030704883412,0.013509442896893731,0.3094552888056043,0.9506198463354151
robot3,3745,1722896082134960711,-28.642377315665307,-17.359289060323434,169.91625995952896,-0.011176143988052415,0.006827510222777715,0.34829465412882715,0.9372936107831936
robot3,3746,1722896082636687580,-28.72327464397417,-17.65603862216945,171.2551637754845,-0.009143194325906906,0.010329850508691235,0.4414977007179131,0.8971563277638869
robot3,3747,1722896083132764578,-29.0442314123176,-17.675647484554624,172.9604709030528,-0.00859283889803997,0.013935682025454098,0.5504512169010667,0.8347067854631904
robot3,3748,1722896083631679126,-29.371485466429988,-17.62901489263814,174.64864213605068,-0.018546836360642062,0.01599700231810977,0.49456586874033204,0.8687949771119574
robot3,3749,1722896084130234071,-29.79658323268024,-17.231849240673586,175.49551637956924,-0.013937289559088493,0.017895184647624726,0.47861240120982274,0.8777332645709294
robot3,3750,1722896084632743047,-30.256230665325617,-16.687596492847554,175.98129672463645,-0.008225872676437306,0.011823075431646256,0.4770635598415532,0.8787507665870644
robot3,3751,1722896085135165678,-30.60740636737152,-16.3482402688528,176.48028798399852,-0.005780186587933354,0.01649055263628134,0.6086278537518517,0.7932633779232301
robot3,3752,1722896085635160186,-30.756773783624492,-16.109443699899813,176.4963009598262,-0.005339430878387811,0.014552542420167224,0.6017846357519185,0.7985079624900022
robot3,3753,1722896086131338120,-30.785596441580175,-15.927693863197495,176.3372838351574,-0.005704975071062579,0.015278360235378015,0.5738191739694503,0.8188196263848188
robot3,3754,1722896086630291023,-30.831777578667936,-15.80892734537868,175.9743014631665,-0.004685001759846447,0.018594549134624556,0.5963053070461153,0.8025286750575511
robot3,3755,1722896087139094285,-30.801004801789205,-15.80758733981019,175.4550708242537,-0.00513980647968339,0.023243013065513348,0.6907920473285696,0.7226615335553643
robot3,3756,1722896087632435357,-30.640006299151384,-16.11813772018698,175.41932492808695,-0.006693516665792583,0.024312267211638924,0.6890039180684244,0.7243187912680675
robot3,3757,1722896088131818397,-30.44508831726881,-16.47983639835483,175.5968040660876,-0.0012327836379063286,0.025140954820214254,0.7414778119801795,0.6705050834828291
robot3,3758,1722896088634138569,-30.525068073969404,-16.390690410277838,176.07000063329622,-0.0012886671644686172,0.02473628885599565,0.819751655923747,0.5721832555753851
robot3,3759,1722896089131476838,-30.976172929590756,-15.80615006372997,176.45259884018466,-0.0010656885911565666,0.010100025391850316,0.8820529286627911,0.4710408526150401
robot3,3760,1722896089636074253,-31.6163179209223,-14.897973472082215,176.82645128974218,-0.0012458262438929106,0.032179623042731455,0.918682933161407,0.39368082007605004
robot3,3761,1722896090135201856,-32.24055438865834,-13.847488777345978,177.13427434204448,0.001952910736362455,0.032237351705521236,0.9178667802308941,0.395572386603567
robot3,3762,1722896090632713136,-32.90411763338374,-12.736386117793876,177.2571352327283,0.004205134769978845,0.03484477253551836,0.9179795393935603,0.39507179590968183
robot3,3763,1722896091135717950,-33.60197178174339,-11.742167250668386,177.01203819874434,0.00903864000472224,0.031621182697362596,0.913246996419249,0.4060767505323411
robot3,3764,1722896091631980699,-34.03439952951915,-10.966185879055056,176.61410353607607,0.009925508023714473,0.02848923591982444,0.9091705619088676,0.415329672772714
robot3,3765,1722896092133029986,-34.47916979634328,-10.244455572644034,176.68876692660285,0.011041314178676315,0.02619956285249552,0.9036300896309338,0.42736908334732904
robot3,3766,1722896092635238406,-35.06395603527624,-9.470973887667,177.1222530819294,0.013967809475196578,0.023605918810017584,0.8975002867944458,0.44016008008392465
robot3,3767,1722896093134005669,-35.543653982221784,-8.6918987201725,177.46847029125348,0.007456191687884801,0.026105970112922233,0.8924677631068977,0.45029343249146664
robot3,3768,1722896093633321280,-36.14661059519369,-7.842847175378872,177.5643480984522,0.010078104708119642,0.02506493975937954,0.9107425948837256,0.4120899252163404
robot3,3769,1722896094138789385,-36.72666424000208,-6.985539264644019,177.76802624531322,0.010742665807014726,0.02715707713122082,0.9118164647603839,0.4095580824314463
robot3,3770,1722896094637044532,-37.263914059339626,-6.12029513416849,178.08778636232685,0.01015513006437102,0.027613057419810065,0.9185210093370132,0.39427597923259367
robot3,3771,1722896095144542423,-37.87558919711396,-5.284716847908802,178.31178163473007,0.0076717411056596765,0.028895151187868166,0.9163676402748485,0.39921994249203496
robot3,3772,1722896095632600497,-38.43858566404962,-4.441492664979176,178.49700500963743,0.013594270302317276,0.02726551683393444,0.9139515878707319,0.4046779984571607
robot3,3773,1722896096139758363,-39.06671077946617,-3.598679358453865,178.76118521163338,0.011618502029759335,0.02905936253109622,0.9195893181273312,0.39163254441629447
robot3,3774,1722896096633738985,-39.66859953103291,-2.793344832095212,178.91602372112268,0.009910879304425576,0.02981245275391444,0.9186142724075064,0.39390457050082095
robot3,3775,1722896097136712873,-40.1511586753031,-2.1514124838133677,179.0416931964046,0.00842590437238021,0.02904626046689816,0.9168246427639148,0.39814305633681024
robot3,3776,1722896097632392937,-40.59189114501172,-1.3958392991234647,179.35635854139943,0.006859396465581945,0.029535853903585044,0.9150803300157492,0.4021300431857607
robot3,3777,1722896098131748455,-41.169885940071,-0.4207919832306289,179.7643441651762,0.009617844104430699,0.029496919171085312,0.9131680284210383,0.4064007636604921
robot3,3778,1722896098631318960,-41.79963330196207,0.41138279960635576,179.95827882096617,0.010620364309788643,0.029951957335351706,0.9105128020703995,0.4122578384695892
robot3,3779,1722896099134149954,-42.48325807749602,1.5136169816971452,180.15916727542984,0.005842512636785802,0.030390638597341146,0.9070442546483503,0.41989640894053104
robot3,3780,1722896099636723960,-43.10408002909123,2.490101522702872,180.35185480113645,0.010615332528293714,0.029793450565128474,0.90173723829221,0.4311259886574632
robot3,3781,1722896100136646275,-43.89704680291942,3.7237271791344897,180.46764245334026,0.010641365633188139,0.031555395729932885,0.9337863051500315,0.35627819839563657
robot3,3782,1722896100634928621,-44.65570883320849,4.9309572936268005,180.51070783322234,0.009462531520488695,0.028463427480992978,0.9367094681433974,0.3488203922992057
robot3,3783,1722896101137045762,-45.33281127384504,5.936799105365217,180.6073372616357,0.0140014838149539,0.028414242551719152,0.9343774290443004,0.3548737935713975
robot3,3784,1722896101635768335,-45.97237209280473,6.87355282934342,180.57974592759237,0.012337161579584735,0.026878288757524047,0.9318876607897151,0.36153940270114315
robot3,3785,1722896102134297964,-46.52332309629438,7.793316757617988,180.71443511401645,0.01073631458434586,0.028947944745097855,0.9200159927129131,0.39066266931542604
robot3,3786,1722896102633364917,-47.164952056835425,8.78062029236948,180.89163620461332,0.00786946580459455,0.029147926066841613,0.9090433607488103,0.41560635003866386
robot3,3787,1722896103132342351,-47.83129286831144,9.86650589130877,181.05598708998497,0.005777886010456515,0.03473177803358609,0.9011916962070529,0.43198824789029955
robot3,3788,1722896103635188683,-48.48104989988798,10.820414662641634,181.16587263197388,0.0035447315460379234,0.03533281461606593,0.8929767441806702,0.4486998567439743
robot3,3789,1722896104135931292,-49.01766141294524,11.730967157165457,181.21868316356486,0.0033759926591196625,0.03372616090374638,0.8967378894388541,0.44126217421053615
robot3,3790,1722896104637187463,-49.57124899560132,12.592925979002711,181.4059463456735,0.0019126006299354991,0.032105732660688086,0.909653345022728,0.4141211848941231
robot3,3791,1722896105131681954,-50.09368613054861,13.45725933434801,181.7197338289893,0.00025764307958245223,0.032258511805297846,0.9148883687025087,0.40241594755801313
robot3,3792,1722896105633678724,-50.72038940334799,14.349290769083002,181.96905815525068,0.003672045096052909,0.033555435000068176,0.9235937146969746,0.38188375068731634
robot3,3793,1722896106137085511,-51.390627983684595,15.277119261763445,182.12311329367216,0.004580392526532,0.0334092701453087,0.9342390372266997,0.35504966130724575
robot3,3794,1722896106644606596,-51.95756460706422,16.114616340794853,182.07736582712494,0.007090617437861067,0.030283055447222998,0.9271477546965036,0.37340286643029696
robot3,3795,1722896107141618887,-52.43744272914327,16.86831241936497,182.1186741555171,0.005809305962886646,0.03155894413395128,0.9214576754220799,0.38715118160108525
robot3,3796,1722896107630935931,-52.91960508433046,17.663130285861993,182.4019890747611,0.0019863730115284523,0.03649808875860674,0.9170087754128422,0.39718868268754504
robot3,3797,1722896108134166090,-53.32405659676212,18.46324901613024,182.65702732885262,0.0036531196260500124,0.03860127387778367,0.9141789432548924,0.4034519253658091
robot3,3798,1722896108633337350,-53.75682077719619,19.189249460671387,182.71653355256765,0.00207755253383669,0.04028779157996917,0.9144060227277425,0.402783072167028
robot3,3799,1722896109133501645,-54.254883277472494,19.959193514615635,182.8680079491737,0.00400441482338491,0.036331636532916566,0.9111395199307472,0.41047381410892686
robot3,3800,1722896109631990750,-54.811999753951554,20.774717278037052,183.1377623271689,0.0045737452371214585,0.03851777156928541,0.9048281493329758,0.42400646493008143
robot3,3801,1722896110133417998,-55.27242068071277,21.541777127489237,183.27427719320931,0.0034822881325593555,0.04052888991783111,0.896653644702112,0.4408599825271161
robot3,3802,1722896110632138797,-55.83186501652104,22.367562332354634,183.5027286258152,0.003729789567575196,0.03734612847669026,0.8880550096014554,0.4582026356093373
robot3,3803,1722896111130749016,-56.44099456120255,23.219093837534594,183.88004448596956,0.0008999478855939536,0.03652680025856346,0.8750131208478998,0.4827183664422691
robot3,3804,1722896111633880196,-57.09609768509677,24.153408008335038,184.0720969228263,0.00040456308762020974,0.037998082783349506,0.8844919320105843,0.46500538087390114
robot3,3805,1722896112132689782,-57.652428387144504,25.08911299033641,183.7441616502323,0.0007347263330647004,0.03680074634967484,0.9029419118656635,0.4281834525547462
robot3,3806,1722896112637080112,-58.154597462348335,25.88489594036507,183.51346010821217,0.007041233356994068,0.03409344385500719,0.9042309683154188,0.42562238434823624
robot3,3807,1722896113135254356,-58.57164220379597,26.54175615757236,183.63456743935706,0.002320309849512547,0.0381116301645329,0.9083005969621818,0.41657189699564295
robot3,3808,1722896113634910891,-58.954731506080336,27.05847940858878,183.8667396779831,0.002636354469755697,0.03708276768706009,0.9137923344616404,0.40447680706676237
robot3,3809,1722896114134919649,-59.40165472140181,27.633430600652876,183.91367502107002,0.0016163458360613642,0.03582331292224847,0.9144988327938518,0.40299623136711277
robot3,3810,1722896114632279680,-59.82191101291652,28.06927084604961,184.11017227828964,0.0005507216254197304,0.03724429811512069,0.9191819599170915,0.39206770273331315
robot3,3811,1722896115136836136,-60.20435331438768,28.61216368791783,184.24580325941528,0.002074404537751384,0.03785478240899388,0.932072465327426,0.36028271076064106
robot3,3812,1722896115635692890,-60.673335211092436,29.31205833605357,184.43801287323328,0.0010182294679797923,0.03880639168171013,0.9323274974629701,0.35952533241460444
robot3,3813,1722896116137703273,-61.1736188943776,30.04915513934477,184.6420101689421,-0.002084773099955897,0.039370560147292843,0.9356034083610205,0.3508445168134333
robot3,3814,1722896116630781330,-61.586493836278294,30.698307694279794,184.68918626124852,0.0027862543116733396,0.03754054528674448,0.9421035459349612,0.3332024204342717
robot3,3815,1722896117132820936,-61.915037050316435,31.232612822212673,184.76435561449662,0.004546103942617834,0.034679547769181085,0.939510259693298,0.34073029486163936
robot3,3816,1722896117634253510,-62.314904472566305,31.85787184675942,184.9297464426192,-0.0024055110340552286,0.03738540702272476,0.93887172188473,0.34222278519060156
robot3,3817,1722896118132062256,-62.71980170387133,32.48761420981004,184.95518308106983,0.0007136961847691546,0.03502482053023855,0.9379526176826597,0.34498933254062625
robot3,3818,1722896118633153039,-63.014575427732666,33.04905980372779,184.98982066825252,0.002288992653972521,0.03751038278386092,0.9387477060620563,0.3425499614060195
robot3,3819,1722896119130837298,-63.31714813273935,33.548899161279664,184.97770089466593,0.00348913409869457,0.03800687975835128,0.936216300023461,0.34934559193534487
robot3,3820,1722896119631744934,-63.68787093534587,34.115862330431405,185.15559324336215,0.004592261354465198,0.03777370156983783,0.9345183102403665,0.35387510004358197
robot3,3821,1722896120130623767,-64.1262197394373,34.789596785664735,185.41364285649286,0.0029438128103027278,0.038427726804971925,0.9272097137688824,0.37255441276593076
robot3,3822,1722896120638037866,-64.43756404192723,35.44737033477733,185.4202369973004,0.0012873020653612296,0.036473920452119994,0.9280781940674384,0.37059258178863624
robot3,3823,1722896121131613291,-64.78470403363988,35.90658320238461,185.32239025209014,-0.0021660787972321203,0.038358572195706084,0.9236778003455929,0.3812390971430896
robot3,3824,1722896121633159936,-65.16647560336135,36.41063796867859,185.397680939173,-0.003068976903874692,0.04086047379749724,0.9305999656927737,0.36373713986121325
robot3,3825,1722896122133827603,-65.45613305624612,36.95664764767685,185.4896482519104,-0.003066301293867435,0.04058543486239995,0.9305249535673794,0.3639597931940172
robot3,3826,1722896122632754485,-65.71396291701164,37.391015549497084,185.55854141772116,-0.0016673117727341973,0.040868260316448274,0.9260722545335971,0.3751228928674176
robot3,3827,1722896123133006807,-65.98886627499208,37.8087823861379,185.64832458233087,-0.0010920388076701717,0.039992329503635765,0.9214785993633026,0.38636331599617657
robot3,3828,1722896123636214552,-66.25045863144142,38.2061663369576,185.788611919895,0.00012711599000616227,0.03846266417831438,0.9156085181765715,0.40022699652613947
robot3,3829,1722896124134058598,-66.54301016008192,38.656254247397754,185.83047242281694,-0.0015395487401384563,0.03770501746824054,0.9137368121892923,0.4045503670713284
robot3,3830,1722896124631862616,-66.82246894061227,39.109128749684025,185.99958021201277,-0.001438624561449118,0.037322340565677084,0.9062733344624843,0.4210387351495356
robot3,3831,1722896125132655894,-67.22519686140839,39.66920315179801,186.28831902658146,-0.002749309669567135,0.038091079653769226,0.8974691319164589,0.43942083269261234
robot3,3832,1722896125630918212,-67.6482663387777,40.371552324352976,186.48390172543546,-0.00546957816119398,0.03896858891493293,0.9076799243503347,0.4178141784622539
robot3,3833,1722896126131856653,-68.01489704115787,41.01222219217782,186.34835162541876,-0.0015253922873755287,0.035943319749619805,0.9303272187648793,0.36496166506764843
robot3,3834,1722896126636011603,-68.34014745521493,41.442567003004925,186.4006326811235,-0.0034557008351957246,0.035974367262047356,0.9306434917452012,0.36413815277190126
robot3,3835,1722896127130544945,-68.57315316616881,41.835663750061116,186.43220286485536,-0.006756924598169722,0.03752507853014118,0.9285476473852396,0.3692498869148342
robot3,3836,1722896127630742450,-68.83865550487441,42.27921775888512,186.522937800558,-0.006284639837773473,0.03602245275219991,0.92664813183568,0.3741471982592804
robot3,3837,1722896128131828559,-69.1527695040261,42.71395320742451,186.70089177661777,-0.007888043219973788,0.03826454016197968,0.9276784775584282,0.371330373138569
robot3,3838,1722896128631241899,-69.32610669868883,42.926262497093546,186.7305937497553,-0.0034306953651098305,0.036403460121653956,0.9171024783553563,0.396971110554592
robot3,3839,1722896129134375269,-69.60536823478506,43.29145783629861,186.96826212723974,-0.003015507348175153,0.03547297433428045,0.8758740340865226,0.4812247408647167
robot3,3840,1722896129633131099,-69.91996691495319,43.63276868983724,187.55209692917433,-0.005807903931895974,0.036023505875043924,0.8500849986831379,0.5253799294703575
robot3,3841,1722896130129674455,-70.38756372355289,44.22688424284967,187.91310142627742,-0.005930355781146276,0.037184715359673944,0.898954296201839,0.43642101366018743
robot3,3842,1722896130634311277,-70.74075105685867,44.77040806291809,187.7891529367573,-0.004532213167048581,0.03833339190523542,0.9428443961295353,0.33099011283719654
robot3,3843,1722896131131591668,-70.94276193517811,45.18303535201697,187.72126165278215,-0.0022467695022456626,0.035403881324850214,0.941921780607136,0.33395340458186973
robot3,3844,1722896131630226613,-71.23375588071288,45.62461144099847,187.91308330435137,-0.0033637186987873504,0.03520957921051148,0.9484953621370277,0.3148102903859445
robot3,3845,1722896132131946034,-71.49504355795426,46.042160859238116,188.0445529159518,-0.0006949810640902903,0.033348732297695624,0.9489863177217742,0.31354799924784227
robot3,3846,1722896132636428335,-71.73724930824486,46.43788459866789,188.1719626232842,0.0010559154440278984,0.03257566140570357,0.9502153901144688,0.3098845328766252
robot3,3847,1722896133130387595,-71.88340115806837,46.88652890117558,188.2752071864461,-0.006852531170022864,0.0323324424738966,0.9548426907696499,0.29526783073001855
robot3,3848,1722896133634227457,-72.16110695524378,47.45025320002661,188.43330627504218,-0.010109961169094434,0.03478050738353899,0.957973455249179,0.2845610022987203
robot3,3849,1722896134134184782,-72.43312452205326,47.91342461501745,188.5269244405164,-0.0061599540894369,0.03996567003729518,0.95730605654694,0.28623402013498156
robot3,3850,1722896134634877151,-72.74164140345954,48.426676699057516,188.60128060421684,-0.0021617751838341154,0.042024817980861065,0.9521158983950357,0.30282760347290666
robot3,3851,1722896135130225000,-73.16184120450875,49.037964064872135,188.9196298961467,-0.008034261732086271,0.043171761558309305,0.9408388429702811,0.33599690653444325
robot3,3852,1722896135630260068,-73.53857473243161,49.6539563468532,189.10103646236212,-0.008645629909245894,0.04266400190678292,0.9370533570659721,0.3464621798063421
robot3,3853,1722896136136788768,-73.94082073984649,50.237237131044324,189.4042787273159,0.012376477716037004,0.03439265672309552,0.9087663587468464,0.4157014231066209
robot3,3854,1722896136637460127,-74.246971759848,50.60465197055605,189.92311876348032,0.017212341588001296,0.02964614930021036,0.8277949455431255,0.5599824722810361
robot3,3855,1722896137129880276,-74.50321506825918,50.82953416031591,190.55888629348405,0.005953756500267972,0.02464672263747137,0.749877613802716,0.661090505274665
robot3,3856,1722896137632519113,-74.80043568668005,51.050847933948845,191.3363368996522,0.011672577479714738,0.02884762048999516,0.6931590090021453,0.7201125981165786
robot3,3857,1722896138132427814,-75.09143309356469,51.18232147246279,192.22049101091966,-0.0005684916484115883,0.023136788060488498,0.649890283531212,0.7596755789330144
robot3,3858,1722896138637803386,-75.23817670957588,51.181776149242566,192.94802315552988,-0.010217192455470574,0.019362968971918377,0.5662489692013644,0.823943438161451
robot3,3859,1722896139130919023,-75.23369610088982,51.0286312832378,193.69841162194984,-0.012518940888520656,0.014098808596107916,0.49297570737332697,0.86983875037559
robot3,3860,1722896139632680978,-75.22014298445275,50.73847965789587,194.63520563891205,-0.009324170790430875,0.016041570972326516,0.4881133851592539,0.8725829766092073
robot3,3861,1722896140134332112,-75.1994475877105,50.462688663185716,195.49375090646816,-0.005173417718632627,0.022269388833220098,0.47375427859677216,0.880360263517928
robot3,3862,1722896140631983922,-75.20819339627427,50.15819691955449,196.32931172467528,0.0018046643588949369,0.02241763826382965,0.45659717042968306,0.8893892379812287
robot3,3863,1722896141131875425,-75.16751227085717,49.845615725347,197.10485266621123,0.005817910832546175,0.024181953512729365,0.4443957077540533,0.8954852539085313
robot3,3864,1722896141636753029,-75.04583827005068,49.42319345277758,198.0984464990458,0.004703097096210145,0.03221252500581882,0.436818628250747,0.8989603551456475
robot3,3865,1722896142131708030,-75.06451099523055,49.13468011914507,199.09598131122428,0.004224726091970442,0.024667448509447566,0.46927960466718566,0.8826949197298529
robot3,3866,1722896142632236233,-75.06450950464945,48.88967077802426,200.08540343939438,-0.008541509336753883,0.026447828995329936,0.461472378374839,0.8867191206671667
robot3,3867,1722896143130618400,-75.10418525858383,48.66805260008786,201.15595255465843,-0.016601802910167808,0.031277166837595495,0.48717898086475997,0.8725839556044559
robot3,3868,1722896143633465426,-75.33897142483866,48.7534673918404,202.019390862401,-0.011891083440333756,0.03189179973231348,0.5615934333911825,0.8267129676111005
robot3,3869,1722896144132458358,-75.49189110736373,48.75460712121033,202.85273986118028,-0.009661507726520132,0.030608592817186725,0.5595357019166037,0.8281845009385865
robot3,3870,1722896144635133992,-75.5839770828858,48.68890832125837,203.82342230353476,-0.011139547598312103,0.03874676866775416,0.56448320438074,0.8244594049249268
robot3,3871,1722896145133661810,-75.58683466059944,48.54141716363622,204.78744979798,-0.009547697057040361,0.031729894748784467,0.5360883678660049,0.8435113022947002
robot3,3872,1722896145634325467,-75.63208273239968,48.384262634392684,205.81500628850438,-0.011785143982896833,0.027342453160474713,0.5027861775989655,0.8638978876301824
robot3,3873,1722896146133025137,-75.74588809429588,48.32185272892482,206.73409533482578,-0.014184596339872419,0.03138150552954668,0.4725796265784552,0.8806148391211346
robot3,3874,1722896146634498162,-75.87150183170328,48.34343819895654,207.510341567465,-0.014512203557237365,0.03249587721541855,0.4432618200863449,0.8956854206503835
robot3,3875,1722896147131685676,-75.92753646490097,48.16527634876358,208.36260195009945,-0.013570059965871467,0.03032024079820608,0.44195739144672214,0.8964207720797585
robot3,3876,1722896147634177513,-75.86166724292684,47.83109884943987,209.5310574966088,-0.014730464537737293,0.03386197640864761,0.4537839906876907,0.8903462639691124
robot3,3877,1722896148133100677,-75.90031299226351,47.60354430211043,210.56093090670896,-0.016867482101602813,0.030835236273365135,0.4070840896700055,0.9127142050987597
robot3,3878,1722896148631771691,-76.07011064043,47.63191246094078,211.32389759963388,-0.01730217825654309,0.027096387145807695,0.37158400295754435,0.9278425239108579
robot3,3879,1722896149133442092,-76.09119664662701,47.46108464575989,212.18350556146737,-0.012124260499446989,0.026304663965424087,0.3654813815857908,0.9303678985622567
robot3,3880,1722896149634320724,-76.03534165972424,47.17524030811978,213.07326749498853,-0.006761718034118047,0.021552270034666948,0.3620176321803077,0.9318975334317305
robot3,3881,1722896150138094721,-76.0575563198733,47.00413969895068,213.94493490859753,-0.010263745307494698,0.025126121973678764,0.3541016617978341,0.9348130008931406
robot3,3882,1722896150633845421,-76.05962757148083,46.85469458376498,214.80533061532108,-0.012107203530911955,0.02089663524471526,0.343576696028235,0.938814039202883
robot3,3883,1722896151133345080,-76.06286707167217,46.640206501063474,215.6085029514751,-0.010143002352139571,0.023007478381522263,0.33600610938160286,0.9415241207213156
robot3,3884,1722896151633476406,-76.0765373234759,46.38733414956942,216.38108254904057,-0.004949068813832849,0.021202347256053935,0.3289831274920723,0.9440847785099835
robot3,3885,1722896152134426032,-76.02278364946707,46.09846272417968,217.1782979092483,-0.004178957903557411,0.02417422472190169,0.3217857602707504,0.9464946210396076
robot3,3886,1722896152632348306,-76.0230088964209,45.845788398378126,217.99537209504322,-0.006069060924111754,0.01800655403624094,0.31545799659976975,0.9487492729338447
robot3,3887,1722896153132035812,-75.99157376431181,45.52286836851483,218.88294295095974,-0.016644815354930932,0.01955098587425709,0.3072792635925434,0.9512729173266572
robot3,3888,1722896153630666766,-76.08509977919545,45.42043434462197,219.6843816818255,-0.016099379766338864,0.020406371712734628,0.3117825767141065,0.9497978810368937
robot3,3889,1722896154133759351,-76.13654633757251,45.225574866622914,220.5374223200364,-0.008984368148812835,0.012889202407427884,0.3065527301227683,0.951724000561373
robot3,3890,1722896154631485535,-76.06906205837828,44.93344262643845,221.31502269717325,-0.010070639583758449,0.014471181909685866,0.30648369447651197,0.9517126205596618
robot3,3891,1722896155136231563,-76.02656318315992,44.68659026240036,222.13707284203534,-0.011167046682920298,0.020846503688444044,0.3190875092198975,0.9474301461385904
robot3,3892,1722896155633733851,-76.00514783763435,44.46877480968408,222.94264323934812,-0.012472565208729348,0.020365299335845046,0.33670412457606463,0.9413076129478297
robot3,3893,1722896156136965973,-75.99676588542323,44.29970090508154,223.73325904754296,-0.010201143052809697,0.018628308801914382,0.3345774235466245,0.9421289033059645
robot3,3894,1722896156635017438,-76.10557464167591,44.36612220767296,224.1840866267745,-0.012691080487971707,0.018707728088110588,0.3265576941305145,0.9449068894817048
robot3,3895,1722896157132359034,-76.24128753250993,44.40864875940474,224.72012945004101,-0.010931658587428207,0.020444041278883638,0.32439827639362206,0.9456364514386925
robot3,3896,1722896157631077289,-76.08275600886536,44.06206498100187,225.31584755392578,-0.008472986300227196,0.013738428476258332,0.319924204256931,0.9473056357990953
robot3,3897,1722896158130997846,-75.86607306767353,43.59347503618025,225.92973743969955,-0.009764299927481158,0.01801380422139035,0.30702800305419403,0.9514798824173601
robot3,3898,1722896158635746337,-75.80161954189998,43.35063075314143,226.43608824149052,-0.010277720277917483,0.01287156279586163,0.22394982247954198,0.9744614760720214
robot3,3899,1722896159132726951,-75.81280398390838,43.18355920748629,227.0487699519538,-0.009156289419236907,0.019070967343472738,0.2168999937869316,0.975964575824289
robot3,3900,1722896159639568527,-75.86837190126126,43.128541135267376,227.47910247723001,-0.01823100953678902,0.012017627052286456,0.22985144849204472,0.9729807390474955
robot3,3901,1722896160132340033,-76.08235557844553,43.29583185183793,227.75724565814525,-0.010993252595104886,0.01518183418558994,0.24556787738642438,0.9691981623507484
robot3,3902,1722896160634586328,-76.09141476160713,43.10211468363626,228.2305778560703,-0.0077856398129274714,0.021080444872809603,0.34451210455572795,0.9385128707009036
robot3,3903,1722896161140556520,-75.96997407283112,42.76328562659026,228.6758012102964,-0.0032386082996719925,0.02144992872921952,0.4216394269624606,0.9065040571362936
robot3,3904,1722896161632180126,-75.93637824168545,42.571572136554856,229.27311746731758,-0.0036401618185965263,0.026245940267951746,0.41804328579238886,0.908040588875458
robot3,3905,1722896162132996667,-75.92432859176147,42.32284609519126,230.07867705290968,-0.001928365847483325,0.019480371861204722,0.4157409881842065,0.909272361430241
robot3,3906,1722896162633921813,-76.01148640586541,42.11732982970639,230.93051769914675,-0.004179478879530847,0.021618588273156807,0.40743543121609593,0.912968530666378
robot3,3907,1722896163132904648,-76.1171592247424,42.077997266028305,231.73120298453586,-0.004963145736719926,0.018187540285688815,0.38873486772180094,0.9211567636293329
robot3,3908,1722896163633285528,-76.2553555407638,42.074951151358505,232.53154687684673,-0.007969550223770386,0.014444551428589698,0.3757267927446292,0.9265836273197859
robot3,3909,1722896164131586400,-76.34131456963928,42.028362436786836,233.37081282820103,-0.011230706922106204,0.017891794561273686,0.36208218917019924,0.9319067781678182
robot3,3910,1722896164633848600,-76.39126100295032,41.872992357111826,234.17600569790727,-0.009827770182887116,0.01147263951842629,0.34951997521633704,0.936807120169613
robot3,3911,1722896165132606222,-76.42650197378549,41.64587853143955,235.0404447268456,-0.010462527521074213,0.015030879895735656,0.3348172642652719,0.942105093775291
robot3,3912,1722896165632050690,-76.43326170939876,41.390779099446505,235.89388679657299,-0.010319863543330388,0.014211482234868641,0.3209250713829153,0.9469417261621782
robot3,3913,1722896166134917005,-76.51609860417592,41.33119214099032,236.69779022228963,-0.010463754955950125,0.019812449423942124,0.3463624473826499,0.9378331577221753
robot3,3914,1722896166631273449,-76.63071782697142,41.2451315081223,237.47762729092736,-0.00786636959526577,0.01565459835172213,0.35422654174918516,0.9349955138396384
robot3,3915,1722896167134242440,-76.5845865525823,40.96639799369016,238.3054488112304,-0.012495409831271684,0.02504378446380197,0.35249762815760877,0.9353940857927954
robot3,3916,1722896167633659732,-76.58721133290274,40.75030397106061,239.09535297192872,-0.01086032622143935,0.02194743764944162,0.3525491718809863,0.9354728455177193
robot3,3917,1722896168132749872,-76.62303379934099,40.594812307607164,239.90104569591324,-0.01137747844437481,0.024183247948321444,0.35101790109491315,0.9359872630617574
robot3,3918,1722896168634649089,-76.6452879998163,40.43471270414111,240.73913686669235,-0.008774676790548231,0.02249159641070781,0.3494911339134599,0.9366285712351526
robot3,3919,1722896169136576768,-76.66668040228747,40.21107071097756,241.55612076290288,-0.007203731229574898,0.020078257407852185,0.3482691284233099,0.937151846833321
robot3,3920,1722896169632511183,-76.6618195923354,39.953552694966625,242.48716075094714,-0.011260345371276353,0.023701494334926576,0.34989733180080895,0.9364204723237769
robot3,3921,1722896170136054490,-76.82456439868754,39.960254740525365,243.34387523046385,-0.011458628234423248,0.025448337377768977,0.3743427180410845,0.9268703314991292
robot3,3922,1722896170634000401,-76.94731336161664,39.879282410780675,244.20840001565992,-0.007288646122526385,0.0175422160122096,0.37179873497569255,0.9281189831942649
robot3,3923,1722896171133403795,-76.92631807312401,39.64802423607627,245.07404682951756,-0.009619169799366993,0.01995506814797258,0.36909416978401804,0.9291279570968829
robot3,3924,1722896171635301974,-76.92015073095288,39.408834725402535,246.06740845262453,-0.005861305083443743,0.018520118693839353,0.3655668614579685,0.9305823553614454
robot3,3925,1722896172132348729,-77.0432491602873,39.28871961723084,246.92671457899746,-0.0070972500328557505,0.017634370099594083,0.3627978152242552,0.9316739790837076
robot3,3926,1722896172634852885,-77.1786495673421,39.250464159290765,247.75164129001297,-0.0093030614902211,0.018982302106037092,0.35810746386159353,0.9334410370132018
robot3,3927,1722896173135587936,-77.23999117968388,39.04916337436793,248.6107511778542,-0.011632250705079502,0.018723037133041288,0.3534423741147378,0.9351965712106662
robot3,3928,1722896173635185312,-77.22982579406634,38.803061070250614,249.51959604458864,-0.010568449602977831,0.021054466413065083,0.3521482943409301,0.9356476880267615
robot3,3929,1722896174133336524,-77.27978832321973,38.75310941126043,250.33592490487385,-0.015474983469446781,0.020580185143787892,0.3509174208435131,0.9360523193788928
robot3,3930,1722896174635165835,-77.33086636396841,38.62694352168085,251.20499950709245,-0.01477308454770642,0.018507397636107183,0.3482574605970234,0.9370997670174707
robot3,3931,1722896175134852296,-77.36233532729773,38.392208973183074,252.02488850913912,-0.011521114228998507,0.019750685094223716,0.349551380332991,0.9366381408380356
robot3,3932,1722896175636262030,-77.44824728358319,38.26065935953111,252.88128888027637,-0.00768384321382548,0.01883734625504526,0.37504845009354865,0.9267819447000248
robot3,3933,1722896176134201217,-77.53404318107118,38.13726326333761,253.68825604618502,-0.006784114179709302,0.01766317256928756,0.36113837165922874,0.9323202586262431
robot3,3934,1722896176637618748,-77.53033100771643,37.968392573441506,254.40823035126,-0.006206867829054209,0.019711695637433083,0.3486582276753019,0.9370220723767222
robot3,3935,1722896177132337315,-77.54783692460474,37.72966769853745,255.11629998283286,-0.0084702191242511,0.017827613458045014,0.337431332826747,0.9411432022881231
robot3,3936,1722896177635954054,-77.51772383554129,37.47743254988034,255.92651148538573,-0.008114552679081203,0.017484298076285848,0.32395977333143017,0.9458744729712534
robot3,3937,1722896178136451966,-77.50186837012423,37.29300246982227,256.7610111545602,-0.0059200926196110275,0.019049647183410685,0.3378313109817652,0.9409952543801189
robot3,3938,1722896178640451253,-77.53565054086536,37.154820951442105,257.54675638203344,-0.006212627431786328,0.018390529235103696,0.33626854310421944,0.941566067046499
robot3,3939,1722896179132240923,-77.61111575057475,37.020295876863884,258.2724055413108,-0.0057891811522026125,0.019787086715569994,0.3348120310872072,0.9420593720250102
robot3,3940,1722896179634621532,-77.66231422299707,36.891030607756896,258.9054532217218,-0.006068395291424491,0.018236175937686293,0.3333305474940268,0.9426141111680268
robot3,3941,1722896180135709611,-77.67380619041884,36.702887978765276,259.5506399521247,-0.005287850334111764,0.01997022881622632,0.333015273692219,0.9426951023992688
robot3,3942,1722896180631719840,-77.64451274151068,36.46334910200971,260.2915234905662,-0.00653555995377008,0.021932502079161007,0.34807740758959727,0.937186411624893
robot3,3943,1722896181134505187,-77.61759730858748,36.20767678850294,261.07229449184996,-0.006288526074784476,0.019604184948208918,0.33388653323904294,0.9423884089344141
robot3,3944,1722896181632796926,-77.64806007677687,36.05330692616786,261.76675742527294,-0.008778835675177005,0.020727770019421075,0.30828179907648906,0.9510287187842297
robot3,3945,1722896182134706145,-77.59505650448116,35.773509665701454,262.6036544320064,-0.010861434797666896,0.020243720954266103,0.2931950692258108,0.9557765807853495
robot3,3946,1722896182636725530,-77.6031200008404,35.510048598004616,263.40793215317365,-0.007056118874548025,0.010642537262895805,0.2876274849301587,0.9576572338262722
robot3,3947,1722896183134831461,-77.65716922977096,35.329718450456326,264.20366636680154,-0.009086661620693715,0.013648619680199767,0.2902996900164534,0.9567952956289906
robot3,3948,1722896183636315399,-77.61895677494492,35.168041784659074,265.04004629741695,-0.010346776931007688,0.01706143776756855,0.3080282442901047,0.9511679411481438
robot3,3949,1722896184135422761,-77.60417421871443,34.93024712396515,265.8313145094816,-0.013193270064889687,0.020941163394247998,0.31161604927792047,0.9498857000361206
robot3,3950,1722896184634092083,-77.61998319401279,34.68295216806588,266.5940437053367,-0.012535357656657805,0.01915847133343206,0.3241402041675942,0.9457319629930968
robot3,3951,1722896185137225566,-77.60691655158412,34.460466289689066,267.44234715215373,-0.01242483915473469,0.0206246906673019,0.33301018403188865,0.9426157556703075
robot3,3952,1722896185636909181,-77.6390219587237,34.31335094037711,268.2308911084921,-0.011310717915350202,0.019299507797422007,0.3400149873098407,0.9401539262608573
robot3,3953,1722896186135991809,-77.70357159655585,34.15639629572797,269.0455484004078,-0.013021877189973127,0.0195422853895549,0.3415254121572146,0.9395791199505485
robot3,3954,1722896186639932990,-77.74269013885564,33.97634031787579,269.9219048288478,-0.013205979857960888,0.018077270263013537,0.36024147058587,0.9325904231043544
robot3,3955,1722896187135397976,-77.82535409204121,33.83718592131605,270.7359809160538,-0.01137669676425412,0.01580938068840815,0.3599178229123077,0.9327806789396144
robot3,3956,1722896187634382890,-77.86672458480908,33.746308991367435,271.51528454105926,-0.009953143352544568,0.013571817772943537,0.3592144927918622,0.9331032573450952
robot3,3957,1722896188137954862,-77.94052855380326,33.596125779558356,272.27167188953115,-0.011860551396227008,0.024875378953360817,0.35782040284377903,0.9333836843180943
robot3,3958,1722896188635540200,-77.96023695988343,33.448535306388045,273.0548730421666,-0.012220197368618685,0.017365875913508064,0.35470348462677664,0.934737680380785
robot3,3959,1722896189139401128,-77.91613351684512,33.1339389617991,273.9958912161107,-0.014531474038697605,0.017032673699513872,0.3526346407480127,0.93549320384139
robot3,3960,1722896189634656024,-77.91513866507115,32.8484049193077,274.9532358373429,-0.013395729574014458,0.018872503337391953,0.3496798167873102,0.9365833699028363
robot3,3961,1722896190135218865,-77.90131076719109,32.59351942958702,276.0529416829764,-0.012285514402104862,0.01949014656259408,0.36042815096364267,0.9325024119624431
robot3,3962,1722896190636645000,-78.0471542973455,32.510366495651084,277.0301085396761,-0.010884351701391005,0.020395811442096658,0.37791019480306987,0.9255535783667872
robot3,3963,1722896191134965985,-78.19444007928172,32.50104081245503,277.9451535437513,-0.01216270245764275,0.019734499420421523,0.37845838015813604,0.9253279811448653
robot3,3964,1722896191635420632,-78.25271419697039,32.3091515501653,278.891636526437,-0.00963478055872945,0.017944524781464587,0.37703080828774244,0.9259767462716566
robot3,3965,1722896192130975585,-78.33146849484972,32.17556670124895,279.74575640036534,-0.009973929243813845,0.016466422560657275,0.375561890025747,0.9265973475160514
robot3,3966,1722896192633061681,-78.42647623151414,32.11686239385573,280.5605882892115,-0.010930290588965911,0.01776316578705968,0.37167042045120385,0.9281304311628229
robot3,3967,1722896193142753558,-78.49676758771786,32.02936072211603,281.3296486253219,-0.012581764441294588,0.02005745426339163,0.3636822736721438,0.9312221010847389
robot3,3968,1722896193633794451,-78.5139319403287,31.88692531006476,282.0061980973379,-0.01361722320435737,0.021616814422150438,0.35995224485579863,0.9326208586503479
robot3,3969,1722896194136161174,-78.57012952876197,31.755617814075713,282.66323102742854,-0.012242789250034993,0.021057751132144746,0.347016236569456,0.9375427546441855
robot3,3970,1722896194633292371,-78.60329083471247,31.60312905643301,283.2928626120674,-0.010589601578554812,0.02138488731629418,0.3296027906825962,0.9438180689662186
robot3,3971,1722896195134635521,-78.53454452554216,31.38832328061422,283.8454483108581,-0.010592976615265417,0.019869056748088452,0.2851555101435371,0.9582167523400689
robot3,3972,1722896195633349404,-78.53271026157313,31.17578959759107,284.42264434066243,-0.009853036146751877,0.021280320517683856,0.27578282001831483,0.960933869639374
robot3,3973,1722896196133345360,-78.46154594781949,30.88164925911959,284.96902876989856,-0.009471853990434445,0.020863447925621323,0.24253346422385702,0.9698724242157902
robot3,3974,1722896196638289675,-78.33447401675852,30.557818693281718,285.53023154002733,-0.007339386186332465,0.017642072478335342,0.21272272260629693,0.9769257566345774
robot3,3975,1722896197131904042,-78.17617478947487,30.136925140729176,286.1851172182556,-0.007971006223611545,0.01584056491107604,0.2001669998412263,0.9796013024377028
robot3,3976,1722896197634768823,-78.00076990065844,29.677072281131963,286.90441279852035,-0.01109827577722787,0.014734237679622376,0.18325975145483375,0.9828914456904615
robot3,3977,1722896198132222992,-77.94864646142952,29.254265664526223,287.60164711306453,-0.008630111229887615,0.009359314158449216,0.1739512088766478,0.9846719765226367
robot3,3978,1722896198634736238,-77.98996244727014,29.037829249026714,288.18194289501804,-0.009656330804910454,0.006743113370712093,0.14760996204684018,0.9889755228528087
robot3,3979,1722896199135555111,-77.86060101352493,28.667930747597726,288.73357589741437,-0.013155723561882653,0.006308659737989183,0.09065678530367913,0.9957753135262373
robot3,3980,1722896199634380424,-77.50800257616307,28.008867907823788,288.9910994618219,-0.01840496945771533,0.0029303821803282875,-0.025417653955129772,0.9995031829999117
robot3,3981,1722896200135731201,-77.26725851660926,27.552405009340315,289.16688117212067,-0.019797608366559645,0.0018598547963988344,-0.129112485917056,0.9914305631880724
robot3,3982,1722896200633764181,-77.07761686094071,27.168063087918746,289.4489280083226,-0.010912930326419058,0.007802287148645395,-0.1619506691618071,0.9867076634064336
robot3,3983,1722896201131756075,-76.89026724208264,26.77227500303803,289.7188196943631,-0.015514584872255028,0.005813701478881183,-0.1994759886598744,0.9797626388465329
robot3,3984,1722896201636451502,-76.464471933589,26.136347483444716,289.6940647026157,-0.016257881893681304,0.002650467699968841,-0.29030155841011124,0.9567934267552026
robot3,3985,1722896202131041937,-75.95647348577336,25.412133706932142,289.40473177152256,-0.009407107231815991,0.016968939581528716,-0.33413890936450535,0.9423241218772372
robot3,3986,1722896202631981443,-75.67109000981384,24.8710034118905,289.4871022007775,-0.018749172832376954,-0.010349867469859808,-0.33859589917146277,0.9406881342005577
robot3,3987,1722896203134668475,-75.32978771175554,24.205574791356813,289.7434283778311,-0.01944138530478182,-0.008953355857074404,-0.34538242912060724,0.93821791051497
robot3,3988,1722896203632005245,-74.87631471030454,23.58499968533784,289.6323846176836,-0.017378863011778538,-0.00436151520388588,-0.35456251801138294,0.9348606169515175
robot3,3989,1722896204134614889,-74.44249505439734,22.923735903653455,289.4855790615164,-0.017075412868861543,-0.0032342037710580214,-0.3655078940768758,0.9306459850925123
robot3,3990,1722896204640522643,-74.01748454132182,22.287173834955706,289.4530561328347,-0.016278840047084152,-0.003016392527862235,-0.37554918066732373,0.9266545816230238
robot3,3991,1722896205136310652,-73.59887232068456,21.66648039154381,289.4081125963805,-0.016943908323791803,-0.006651629134498708,-0.38501221451437057,0.9227319515847018
robot3,3992,1722896205637074970,-73.18908976965034,21.047005114254482,289.25197514097346,-0.016416248997877914,-0.00528894226872039,-0.3956068533207651,0.9182579983121085
robot3,3993,1722896206135374022,-72.79239892886855,20.457011877198653,289.11779419067824,-0.020004732725652164,-0.01014992918611463,-0.4023138729431617,0.9152269321013043
robot3,3994,1722896206634427477,-72.38987537278359,19.819063210051894,288.9992739754993,-0.027612786221821044,-0.006473742620578603,-0.4117491196418853,0.9108557993270302
robot3,3995,1722896207135928741,-72.04098510781787,19.318911662102455,288.8275943319951,-0.026193981192333574,-0.00907449901542462,-0.4625651879018407,0.8861517791881081
robot3,3996,1722896207637307938,-71.60955276801334,18.79634746235753,288.4141167582476,-0.03240610571847433,-0.0145473026275607,-0.5248656726895546,0.8504435583450358
robot3,3997,1722896208133198453,-71.20903779493196,18.33105687431561,288.00361707920604,-0.02966966510225762,-0.011263187104337012,-0.5347673781134578,0.8444031637166164
robot3,3998,1722896208635896163,-70.79908498709213,17.748675930586487,287.7058214169139,-0.02927320514279161,-0.010185968914628026,-0.5507899758978473,0.8340681794364219
robot3,3999,1722896209134793037,-70.3864711987441,17.152258251152514,287.6779063370307,-0.02579177094379324,-0.0025462843579009357,-0.4833411235433699,0.8750483753938318
robot3,4000,1722896209633545895,-70.10832821655404,16.696979777047193,287.7504575663649,-0.019629725128086098,-0.000121637684732102,-0.409785112333616,0.9119708442737604
robot3,4001,1722896210136808021,-69.88350975710583,16.441975872252183,287.60202320745583,-0.01581502886523477,-0.0033813840181928416,-0.38510070239032457,0.9227328433098022
robot3,4002,1722896210638308233,-69.58719784331167,16.28240503846001,287.1618324937369,-0.017334596788301,-0.01266424528163281,-0.4659503601242454,0.8845503889240678
robot3,4003,1722896211140491628,-69.47018461150955,16.18194685336782,286.69114152517466,-0.022127565764310807,-0.01801662057967755,-0.5876623420052679,0.8086029581971101
robot3,4004,1722896211632605319,-69.36803307409468,16.05827764735592,286.34989366902164,-0.020988642595996733,-0.016842368698951393,-0.66123649961189,0.7496946732367792
robot3,4005,1722896212141748856,-69.08637645276573,15.740627710380592,285.6889760301201,-0.029219491599648876,-0.02504249143649972,-0.6323045101880066,0.7737635952467755
robot3,4006,1722896212640126616,-68.62214830383986,15.076728123311636,284.8864115216738,-0.035233337134992104,-0.03771381757817059,-0.5482990358263211,0.8346882335518689
robot3,4007,1722896213135351020,-68.17899543059471,14.384847640106496,284.17334851737826,-0.038730424353034296,-0.02041638381242786,-0.48926453494667443,0.871035785915178
robot3,4008,1722896213639066700,-67.8356515038358,13.991992592717326,283.89059444998185,-0.036104411269982255,0.017120644779540097,-0.48645457162137756,0.8727916731716926
robot3,4009,1722896214133927468,-67.68835159998547,13.829113863868919,283.84697797211624,-0.03435129254642902,0.007217502595329807,-0.4829195641819667,0.8749609082050326
robot3,4010,1722896214633774096,-67.4838185475904,13.648908096604165,283.5396594325992,-0.027566560738498367,-0.02093253332300976,-0.4817379844412936,0.8756314453719509
robot3,4011,1722896215136529904,-67.22987026792735,13.345287076288429,282.94284128784426,-0.02213331159947418,-0.028478754720442388,-0.522725479362914,0.8517377238751525
robot3,4012,1722896215634730082,-66.9431023880029,13.084737200166165,282.3572561471402,-0.016720831849190838,-0.03514302670102047,-0.5473460610697043,0.836000999334356
robot3,4013,1722896216134757329,-66.66801833463973,12.768438078392949,281.76492540934237,-0.020387410644974194,-0.03143285181032297,-0.5622297899729671,0.8261319462296666
robot3,4014,1722896216635069318,-66.42243358214978,12.463229050553515,281.08554922671937,-0.019397767430025872,-0.029477094377559316,-0.5759457916861636,0.8167259470377964
robot3,4015,1722896217136800559,-66.16455032798669,12.156925381718253,280.6087502764217,-0.0213362511144228,-0.0320827751089666,-0.5738227546785024,0.8180726777877775
robot3,4016,1722896217637145347,-65.90404225614495,11.862052330832606,280.24361916683387,-0.023963435771957677,-0.033368835755863406,-0.5503321872365545,0.8339345047650514
robot3,4017,1722896218134046838,-65.55622755643694,11.542006782955992,279.904308991907,-0.028488205495553625,-0.0302722330976706,-0.5254510125042635,0.8498077709159688
robot3,4018,1722896218635290118,-65.3392463788861,11.257223329155039,279.32862624019026,-0.02341302509411667,-0.030739639843934265,-0.5135583003318864,0.8571842141327799
robot3,4019,1722896219132394523,-65.2435851976987,10.892862360253199,278.6774995390597,-0.029626711420205287,-0.041788727791648224,-0.5006877380152847,0.8641109588479463
robot3,4020,1722896219631869399,-64.93131095331958,10.545439888680626,278.01957115405975,-0.03482402230993241,-0.054376293021200416,-0.49895447463088516,0.8642192652754549
robot3,4021,1722896220132813797,-64.70977783245603,10.257045999551297,277.5286846522766,-0.03613769625426814,-0.05224240659044726,-0.49284250560154264,0.8677966711940452
robot3,4022,1722896220631809065,-64.44538024179212,9.940044230214802,277.01728557755786,-0.033493260033402535,-0.05497573062189042,-0.4828523846284293,0.873332379586125
robot3,4023,1722896221134774408,-64.18673114354809,9.578352322510826,276.50811049623525,-0.030203837371304675,-0.054674046024701196,-0.4726106511426725,0.8790549751442374
robot3,4024,1722896221633456698,-63.93214748200721,9.397015068192955,275.9624373390658,-0.027003484157598918,-0.05372165760139876,-0.4585863035639854,0.886613443125824
robot3,4025,1722896222137113857,-63.757498391873156,9.056637071207259,275.4155179416226,-0.02068675999225831,-0.05176681046390479,-0.4299198447026483,0.9011443737971556
robot3,4026,1722896222634125290,-63.567867356300006,8.665042507778066,274.8729511922107,-0.014148241290050276,-0.05840301403587307,-0.39029784726346645,0.9187254789334124
robot3,4027,1722896223136849939,-63.276871097448826,8.194286107967693,274.26583537285956,-0.012893173447912675,-0.052795784003623274,-0.3145051663912398,0.9476987240590247
robot3,4028,1722896223634646147,-62.95143051671866,7.660655790549126,273.7513229944686,-0.007500204400411849,-0.051296380759327825,-0.21880054175184302,0.9743914773765451
robot3,4029,1722896224133749576,-62.660179057720896,7.184599740648897,273.5224623272458,-0.012901380506667245,-0.05077500779765896,-0.09788259545822856,0.9938181173990192
robot3,4030,1722896224635269268,-62.46030622174333,7.043550940114652,273.01874207349675,-0.005878025862918329,-0.020210793900275165,-0.04435512650322187,0.9987940705544655
robot3,4031,1722896225137055281,-62.40522705146421,7.196649772525318,272.48955655052225,-0.003123004597746263,-0.03410992643583054,-0.031688745708959354,0.998910698289
robot3,4032,1722896225633281058,-62.22989667678199,6.997838322713284,272.17953260927624,-0.0034437204163500746,-0.05141578028185149,-0.026091276807442842,0.9983305081996943
robot3,4033,1722896226136934954,-61.986954656317636,6.412598399435973,272.2203825059428,-0.0050078478094069635,-0.046118720480297797,0.015079756476631598,0.9988095844685229
robot3,4034,1722896226634603757,-61.61815953250903,5.793397950400094,272.1270076009521,-0.0056426401253266275,-0.041140651666162036,0.029628246335088503,0.9986980396556343
robot3,4035,1722896227132037224,-61.288356712767126,5.262657521880833,271.7294585043677,0.0007379454394666067,-0.044809172585269716,0.013866654656671905,0.9988990486417456
robot3,4036,1722896227634928625,-61.01920208739601,5.163025605731626,271.1040756184148,-0.0006865011543988635,-0.04572053634629443,-0.007501490318977494,0.9989258675774526
robot3,4037,1722896228134217670,-60.63610980578405,4.9334110014605255,270.38743362278234,-0.010608446390160014,-0.04435136372273785,-0.03025984559861019,0.99850125645663
robot3,4038,1722896228637425911,-60.262536752154276,4.37571812232863,270.0240140852523,-0.012598334727120129,-0.032723100417679764,-0.041061974974444734,0.9985411332901395
robot3,4039,1722896229136386110,-60.09601727289372,4.380833739288752,269.4585453736676,-0.014577992519206726,-0.02583736877561494,-0.039895831111672005,0.998763352936406
robot3,4040,1722896229639695806,-59.94524441102474,4.2743732143664595,268.97811436096674,-0.01105079496831002,-0.004859208897924483,0.019266358416763867,0.9997415043163966
robot3,4041,1722896230137148346,-59.750547293927845,3.81561559056155,269.12863153093684,-0.009609907805018789,0.0002805367368045661,0.16177491924362156,0.9867808502777291
robot3,4042,1722896230637651196,-59.650853655421635,3.6131089299803523,269.04394528705376,-0.007109191073326896,-0.0026356360911562815,0.25706128847947274,0.966365358852412
robot3,4043,1722896231135534810,-59.575168978659875,3.457892936747472,268.8046198537734,-0.007279748501966202,0.0012095162121641841,0.322877033182122,0.9464121532270132
robot3,4044,1722896231636983098,-59.389359044718375,3.030541602733891,269.044741088154,-0.01173378221203685,0.00926251182390404,0.38683633400936396,0.9220272094249218
robot3,4045,1722896232135302728,-58.92379786542594,2.326188783253161,269.2994550771618,-0.009931661951546532,0.006222624096199028,0.3541664962236071,0.9351089423125689
robot3,4046,1722896232635715227,-58.42569707036007,1.3634284574052122,269.38289769801446,-0.010237653102007662,0.007925624562301432,0.3327550947417142,0.9429243988028378
robot3,4047,1722896233136481215,-57.80955439420869,0.3849873453125865,269.1916676325978,-0.0068990484976413895,0.00774100791889856,0.3136334637228892,0.9494875093224818
robot3,4048,1722896233633881058,-57.15515914266945,-0.6302817039825912,268.9082639998532,-0.007311751925421495,0.010500981543577634,0.29845921959701616,0.9543366082823936
robot3,4049,1722896234139739423,-56.45218236074081,-1.6434817581809111,268.60535655490236,0.021819805627667502,0.010466334854531842,0.27151159266919245,0.9621308678986046
robot3,4050,1722896234638101168,-55.85696459745191,-2.617807804366953,268.39509847761474,0.01395632031291708,0.002401019422327756,0.2646908734906727,0.9642293283860441
robot3,4051,1722896235132951592,-55.31209531111861,-3.3526458571027,268.08332167866234,0.010377613790037881,0.00853456895610579,0.27289772653139666,0.9619492175363278
robot3,4052,1722896235636841142,-54.84743740936467,-4.046863196706102,267.8519416624566,-0.001135280275223708,0.01284090544936126,0.26378971103259063,0.9644940697792183
robot3,4053,1722896236133364795,-54.50529809020017,-4.65292315539136,267.8195016647324,-0.008799154495052025,0.009198017260126392,0.24671289179466155,0.9690050156634743
robot3,4054,1722896236641599834,-54.0791802559657,-5.298490857159714,267.649229980435,-0.009970648341464841,0.009198506457258455,0.23425238473783908,0.9720811663103252
robot3,4055,1722896237135064099,-53.69458033985307,-5.9000214095687875,267.4482505306474,-0.010622532154152313,0.0014420401519470245,0.22204823587018074,0.9749767501216503
robot3,4056,1722896237636724489,-53.29001222509718,-6.570033658405368,267.3686468763426,-0.006800631657633705,-1.8781982414798094e-05,0.20386679138739347,0.9789750162418361
robot3,4057,1722896238134776284,-52.882845557108084,-7.314787164372175,267.3866753893117,-0.006493665048613671,-0.013895407243460984,0.18649603982697202,0.9823359797445227
robot3,4058,1722896238633162195,-52.39034926543162,-7.941556469586751,267.3035662978162,-0.012005372834960153,0.004246328562230125,0.16532414731824285,0.9861570696548958
robot3,4059,1722896239143546896,-51.84151614916395,-8.573688237015308,267.2794606334773,-0.011088709934580354,0.008831897118092482,0.16263803998364593,0.9865839579354412
robot3,4060,1722896239635449893,-51.388408049794506,-9.031992911198154,267.0234883926802,-0.013249885976832798,0.007066323728263104,0.13294922261932227,0.9910090876452577
robot3,4061,1722896240136632543,-50.905945501636694,-9.551292396845543,266.96298049878385,-0.014070575887876195,-0.0015600613636870628,0.08695194510124094,0.9961119135648544
robot3,4062,1722896240636044835,-50.48088574382773,-10.151579479450694,266.8808475417612,-0.01745270564565946,-0.0031217472979469148,0.049709001926315166,0.9986063653346814
robot3,4063,1722896241133670820,-50.18853396395593,-10.715029690699748,266.822137699607,-0.01626451280438717,0.0006109790251570889,0.02372028521717208,0.9995861345562387
robot3,4064,1722896241638315692,-49.8236965723413,-11.214288795993792,266.73773148489227,-0.017563810096295634,-0.000603199803336621,0.019493036534670077,0.9996555257945392
robot3,4065,1722896242136011150,-49.50308257557208,-11.810147181591816,266.6506380341343,-0.016393632529475472,-0.0016744145732559789,0.01515250779088938,0.9997493919257827
robot3,4066,1722896242635214352,-49.09740088124034,-12.407613352843624,266.5575639919455,-0.01566175929411964,0.017857966300838343,0.02622442676876267,0.9993738448528964
robot3,4067,1722896243134011162,-48.80370627947552,-12.902511614178803,266.38639528143483,-0.01852469457066977,-0.00391719521132967,0.014607537086178192,0.999714014672704
robot3,4068,1722896243633445884,-48.60319002525997,-13.448490982013237,266.26336307414596,-0.02018700078612553,-0.0016843211473554888,0.015489670449399492,0.9996748062099508
robot3,4069,1722896244135779537,-48.32027891607533,-13.99447237436117,266.1987294684901,-0.021248088863457387,-0.004051940741997348,0.012201491131127186,0.9996915644887933
robot3,4070,1722896244632747072,-47.9139994125665,-14.636428378843238,266.12581879029995,-0.022949194180353266,-0.007885999048153975,0.0011668312191494212,0.9997048484479761
robot3,4071,1722896245132107364,-47.44047153407817,-15.246415861910629,265.9786214774054,-0.024006223081079168,-0.0009201146904398758,0.011210128619770462,0.9996485320644782
robot3,4072,1722896245635432089,-47.02250765306626,-15.812842864502217,265.836140052324,-0.01944311869735804,-0.0019362545780421746,0.02405877342140687,0.9995195803359667
robot3,4073,1722896246136244860,-46.61556686252794,-16.345881580703544,265.74502734669926,-0.018151582556246087,-0.0022767110002489114,0.025848158616156466,0.9994984789052352
robot3,4074,1722896246636196259,-46.13987464806191,-16.865923319540823,265.7142625549023,-0.02057405790309918,-0.00502748976157832,0.021743160543539464,0.9995392275732229
robot3,4075,1722896247135768335,-45.67177107858931,-17.39919661746348,265.62899864630424,-0.01717516122939718,-0.003919235510976051,0.016049448538610102,0.9997159939859721
robot3,4076,1722896247630769519,-45.221278663376246,-17.964888628634164,265.5552459096708,-0.019655189746733866,-0.0003006992066041307,0.025308214778799167,0.9994864067913667
robot3,4077,1722896248135296374,-44.7856959716029,-18.63049795065128,265.42379349390563,-0.019474569412297738,-0.002152892874716102,0.020027580891266238,0.9996074240431186
robot3,4078,1722896248631842243,-44.430644037137974,-19.35814419089366,265.27288192868804,-0.02155212755247389,-0.0017335824955991362,0.01438202634833446,0.9996627720425567
robot3,4079,1722896249132608048,-44.06602186473553,-20.018809819202207,265.1423490246597,-0.021887547096484612,0.001486537869333593,0.009224264011104396,0.9997167791133226
robot3,4080,1722896249636018849,-43.63596943521149,-20.702826654590744,264.9583176158435,-0.021595630063710992,-0.002356868712087669,0.003765224028645428,0.9997569189658251
robot3,4081,1722896250135730062,-43.21838991118943,-21.266384877959357,264.93096937428953,-0.021127167523022898,0.00045484710688895475,0.040932259863965675,0.9989384295385738
robot3,4082,1722896250636146558,-42.886173685881744,-21.752404576125603,264.99992585377345,-0.020171734879077644,-0.0016177357557054647,0.10421819538869345,0.9943485564895829
robot3,4083,1722896251137808770,-42.48760907547133,-22.43667451869288,265.10247832995316,-0.024133102439522658,-0.0014869851776813923,0.10898099378021182,0.9937497296786563
robot3,4084,1722896251635350563,-42.19243482497014,-22.93447435355475,265.12563603720054,-0.020753689794866317,-0.0016383976991175006,0.10616963514781898,0.9941300762905512
robot3,4085,1722896252134148512,-41.78114610971193,-23.611260526503674,265.17990558698364,-0.021823381145678604,0.0010869053776958635,0.12492229824529766,0.991925893438206
robot3,4086,1722896252630664778,-41.398960085423454,-24.324713800531153,265.46303573638545,-0.033779060395512046,0.0023335653228819856,0.1395941356571102,0.9896297321937254
robot3,4087,1722896253135287330,-41.01138016662584,-24.86647267458569,265.6460036718079,-0.029612641310399035,0.007047964875599413,0.20775369996893753,0.9777074295590428
robot3,4088,1722896253634642013,-40.87623976262627,-25.061403411431225,265.68020216178775,-0.02295047866510988,0.008843377245042493,0.28049452502178307,0.9595404585741804
robot3,4089,1722896254132396127,-40.80545066327017,-25.159322384622172,265.76255254977957,-0.00738242979797013,0.01063923875772303,0.3944090718663389,0.9188437246662065
robot3,4090,1722896254634427751,-40.92119841604542,-25.148723395238115,266.398076428677,-0.007781775001835205,0.01951984282114742,0.6073979232401606,0.7941197532851065
robot3,4091,1722896255135156531,-41.13589847495766,-25.108900702295447,266.8608851755067,-0.0008815182509923304,0.02230882992689222,0.7411221341338137,0.6709988981584154
robot3,4092,1722896255638611334,-41.06813760910412,-25.102262065901204,267.2734035442803,0.0007553379384105141,0.02032807067205933,0.7676590278905003,0.6405355695865472
robot3,4093,1722896256136648919,-41.096962182965015,-25.35238828064464,268.0742777014426,0.02062174786150324,-0.005416358633059124,0.667435026293322,0.7443627423851408
robot3,4094,1722896256632868478,-40.90825638383129,-26.050453421387807,268.8569610690136,0.01869695980547289,-0.0005187857706281763,0.4896516005188779,0.8717175372015055
robot3,4095,1722896257134766692,-40.661721267677095,-26.71389577099314,269.23305023057554,0.02109252105916232,-0.002027438593247348,0.353636661297819,0.9351428269704319
robot3,4096,1722896257632802783,-40.23917782918037,-27.36991904396399,269.533905571242,0.01765547462688162,-0.0010731145578282521,0.2308646358478527,0.9728250883667031
robot3,4097,1722896258133448316,-39.901911705707974,-28.16119238455584,269.72445601262996,0.014187466825025731,0.008946083994858146,0.21408425217252153,0.9766711915163557
robot3,4098,1722896258633469458,-39.37817571647909,-29.018342568087927,269.94010710854684,0.019441729363757144,0.02555607021059233,0.14897334509054944,0.9883197098546956
robot3,4099,1722896259137360487,-38.678509263082496,-29.922967064909944,269.98495681118675,0.011813856124603115,0.030449624754697188,0.0850274375453011,0.9958431543271488
robot3,4100,1722896259631897170,-38.200414773056664,-30.599793646588747,269.73631548996946,-0.006514727425077924,0.01307553274494763,0.0013593770371503186,0.9998923646393563
robot3,4101,1722896260133499478,-37.684527617552796,-31.264913237363846,269.5169263234904,-0.010861599934199181,0.012156346385858514,-0.036996593515127206,0.9991824162572582
robot3,4102,1722896260632116737,-37.20838362872378,-31.931805808596746,269.34019856731504,-0.012999416605443532,0.003691165066498459,-0.061031079756409125,0.9980443866743286
robot3,4103,1722896261133186925,-36.68109410250197,-32.5294692799903,269.1542982503836,-0.019678839470231028,0.0006748147710984017,-0.0683523177425034,0.9974669160234626
robot3,4104,1722896261632608254,-36.210533450278575,-33.2039083698859,268.8587616935622,-0.023051979754258302,-0.00823032122670409,-0.1011659548806811,0.9945684077100954
robot3,4105,1722896262135531889,-35.7593845804227,-33.80746172592733,268.2541595541579,-0.023415636052979853,-0.002922791075491909,-0.25605296883903345,0.9663746904949863
robot3,4106,1722896262635175096,-35.62088369026386,-33.943743308520105,267.574489723558,-0.016607294466091427,-0.007785218722754635,-0.4331719871785558,0.9011246404708598
robot3,4107,1722896263132360109,-35.59870911043921,-33.85711671277737,266.9885339814344,-0.022063660794015578,-0.01301529107229213,-0.5765580881239988,0.8166544973790749
robot3,4108,1722896263637010170,-35.56699325254726,-33.593650784247906,266.48240921707134,0.026979070670846504,0.017924795942882585,0.7295986728138673,-0.6831080500655714
robot3,4109,1722896264131709508,-35.743689237932,-33.31189299738043,266.06539486790615,0.029586622023204792,0.020437349267478346,0.8124648158812124,-0.5819002229826715
robot3,4110,1722896264637227399,-35.968482183772544,-32.79082625831907,265.54124928681205,0.022798988509177213,0.017904170701243262,0.8643897824213161,-0.5019860066178031
robot3,4111,1722896265134390613,-36.378187035909995,-32.30449040175856,264.86661172916746,0.027501356047767572,0.017875319981550775,0.8961140972158385,-0.4426100689344222
robot3,4112,1722896265636657233,-36.663945167516324,-31.695965637821907,264.19622701582216,0.0296710872813166,0.01865596403151437,0.8990356824716901,-0.4364704150664302
robot3,4113,1722896266133666357,-36.88377961457085,-31.109467342248983,263.71839767868767,0.03265910673152107,0.019600247771165362,0.903137608311663,-0.42765836071319524
robot3,4114,1722896266634271999,-37.19784275794418,-30.699592582024835,263.3505216313749,0.028796833861616133,0.018462699961479007,0.8959068170165977,-0.4429230704003432
robot3,4115,1722896267133272522,-37.42541985054269,-30.392086961221313,262.85624861774227,0.032268366780249635,0.015483438476574475,0.8813233480534868,-0.47115620744512116
robot3,4116,1722896267633810634,-37.78572120873897,-29.947913668421997,262.41908235059446,0.030530882731051825,0.01756744594956128,0.932827939767622,-0.35859626996298466
robot3,4117,1722896268134467109,-37.99263795280998,-29.556299206123178,262.22376562444947,0.020883961427382677,0.021127143745150893,0.9500316611261527,-0.3107367805879346
robot3,4118,1722896268635262116,-38.141915631186635,-29.035890064641617,261.72507054847256,0.02120590457672029,0.013172084328167908,0.9456518806531473,-0.32422110730595605
robot3,4119,1722896269135142679,-38.49542447081197,-28.460193669914528,261.22848431548675,0.02066142258316474,0.016614054120570602,0.9466394136992154,-0.3212022715575407
robot3,4120,1722896269634344822,-38.769709366748046,-27.916790589323966,260.74846961547354,0.02256963699196673,0.01696398978969418,0.9401003459667805,-0.33972661663403064
robot3,4121,1722896270130914839,-38.88265196349784,-27.430482546268475,260.378160692322,0.010480685784912434,0.02745470946213583,0.9223066001648869,-0.3853400179661011
robot3,4122,1722896270635799240,-38.95718314752032,-27.045333957333384,259.9962851786183,0.005039389545410245,0.03514738629484942,0.9008316769483434,-0.43271417309360904
robot3,4123,1722896271137967256,-39.04500689940282,-26.56547877900851,259.4523257576377,0.02101462643690153,0.040095859577367415,0.9014877785345078,-0.43043058984392335
robot3,4124,1722896271638057769,-39.21535581052037,-25.973218723205772,258.94411017472044,0.015448533216122792,0.025065516413906495,0.9323759649065958,-0.3602889434507658
robot3,4125,1722896272132053025,-39.59746711972416,-25.32687127102539,258.5118396803848,0.01731635216212895,0.0275138114208204,0.9529568536647972,-0.3013575437618692
robot3,4126,1722896272640409723,-40.01515949136143,-24.656978653993693,258.18104143380293,0.0184165471947625,0.028229604689274188,0.966886752540617,-0.25297021162573685
robot3,4127,1722896273138164439,-40.424036994822565,-23.983112873375667,257.9560951813446,0.015343915085539804,0.03459695506541218,0.9810018565228572,-0.19027078721852475
robot3,4128,1722896273635128559,-40.85346569100832,-23.414943754626783,257.7817954291635,0.01861001947687201,0.03439920960089481,0.9880465789044404,-0.14911176837907733
robot3,4129,1722896274132141404,-41.189382312667114,-22.787636875010016,257.66535232032965,0.016680797004359628,0.035613546289092975,0.9901484833481501,-0.13438529404429703
robot3,4130,1722896274637614929,-41.539294612938754,-22.081699491016515,257.44727575427754,0.009765646452690312,0.03611543709013886,0.9846993197045032,-0.17019858144719602
robot3,4131,1722896275134555527,-41.799069178067555,-21.48932253947714,257.1855035245074,0.011349190267156353,0.03405807692292628,0.9791809983229366,-0.1997894286489882
robot3,4132,1722896275637886185,-42.0890018904251,-20.918168656267984,256.88916773693313,0.024602259970316957,0.03353252671639339,0.9792208375447793,-0.19848639695069317
robot3,4133,1722896276135884158,-42.43799001510862,-20.398014864858375,256.570340726121,0.021709981128522043,0.03527068974810363,0.971189822678193,-0.2346805988793963
robot3,4134,1722896276636775868,-42.808870578902635,-19.91066155146605,256.21107620992314,0.018079432199685275,0.03143623361444682,0.9620080084811962,-0.2706020860331972
robot3,4135,1722896277137563750,-42.97808355795632,-19.44078547028792,255.8397078791482,0.01802134290696813,0.03487012243576857,0.9466166631449034,-0.31996280849116276
robot3,4136,1722896277632606132,-43.21333689940706,-18.843207076360684,255.4061057199277,0.018219080608694257,0.03567232639727832,0.9469587616162464,-0.3188489517458149
robot3,4137,1722896278134884169,-43.43679272237268,-18.285770136459536,254.7661937568133,0.017063580096229887,0.03288905901107702,0.9322107429540957,-0.3600142702069441
robot3,4138,1722896278635425839,-43.6912067980989,-17.73437021440879,254.20104698976218,0.013737783364425538,0.03290275778442027,0.9263810076415508,-0.37489586623412746
robot3,4139,1722896279133750759,-43.972231516711055,-17.235497811572564,253.72886445223915,0.01845174891035493,0.036152982726537365,0.9256479860356107,-0.37620247307844973
robot3,4140,1722896279636387320,-44.17612837834541,-16.6941123568362,253.15770842250544,0.017265046151584203,0.03540593869699549,0.9141880049989511,-0.4033715770879327
robot3,4141,1722896280136248507,-44.35405154301844,-16.19446993020948,252.58066552378563,0.019130498453562683,0.0337055025786143,0.9112696596207854,-0.40998240276804465
robot3,4142,1722896280639564912,-44.579252927386655,-15.557382785655214,251.86656843180435,0.01889689330292795,0.03501493875638918,0.9219596757146049,-0.3852365738654685
robot3,4143,1722896281138113941,-44.94122438166971,-14.746275120639355,251.13018205800776,0.015208852768897538,0.035683256933366464,0.9357379066335519,-0.35055665171429756
robot3,4144,1722896281632225966,-45.37407983095975,-13.941079326340274,250.4903803146511,0.013740938240269479,0.03707055443863347,0.9487896563024106,-0.3134248693123167
robot3,4145,1722896282134241469,-45.7498709409584,-13.12857567390921,249.90592585445077,0.009550800452495607,0.04183744715348119,0.9536539842360108,-0.29782963011960184
robot3,4146,1722896282634090872,-46.1874912742435,-12.336244571001757,249.2757414370794,0.024679183226311872,0.04523745783480679,0.9536972685072204,-0.29632082337526144
robot3,4147,1722896283135193030,-46.517858052135004,-11.62221225629247,248.57269437609577,0.011946648518126704,0.0369617852420226,0.9372239215817635,-0.3465579674972249
robot3,4148,1722896283635725022,-46.88299142751996,-10.759922623487872,247.95346384037248,0.019235749069630003,0.03631422032389871,0.9587478998119593,-0.2812716266638974
robot3,4149,1722896284133930251,-47.19366843979472,-10.062807472491107,247.44462394423527,0.012188183571349103,0.03423203401398295,0.9492721946879906,-0.3123490298059887
robot3,4150,1722896284632515146,-47.48153411714911,-9.50341494813046,247.00094568378617,0.015264012142869557,0.0354320685232939,0.9490851118258319,-0.31264841110105007
robot3,4151,1722896285136810631,-47.75218887735042,-8.965840738205612,246.5241252834969,0.019775984644735047,0.03185254504544021,0.9487546903959495,-0.3137815534048258
robot3,4152,1722896285635734123,-47.849975519115446,-8.780924034509825,246.411034924047,0.019219308919818694,0.032771825414461726,0.9489805363421043,-0.31303764512834653
robot3,4153,1722896286133028401,-47.85856412795669,-8.79408695273303,246.57262747757815,0.01934052768922982,0.03306092051777308,0.9483871151810604,-0.31479326435259963
robot3,4154,1722896286637225788,-47.83040911484043,-8.834491481829344,246.5660521939824,0.01916000010372369,0.03260561711472081,0.9503599340780141,-0.30884585771518164
robot3,4155,1722896287134241550,-47.825219837420036,-8.86734596190827,246.50570642895588,0.019205900349523623,0.03242164177282119,0.9515905308419714,-0.3050498846884128
robot3,4156,1722896287636590897,-47.81267905759222,-8.866787680440055,246.4718482091682,0.019182002232165454,0.03230459945023594,0.9517447225232755,-0.30458241379603357
robot3,4157,1722896288135490964,-47.80923554574582,-8.887745906349009,246.4582482524689,0.019270039377565926,0.03225949642406046,0.9516103778507703,-0.3050011135054547
robot3,4158,1722896288635707813,-47.81921781131758,-8.900146726518207,246.44606720553315,0.019218067409182443,0.03222114349893737,0.9514239194947284,-0.30558957640921847
robot3,4159,1722896289140034331,-47.818179615724986,-8.90730433734802,246.4372403375299,0.019261470416138633,0.03216723404756379,0.9512351805256304,-0.30617951620170286
robot3,4160,1722896289640953652,-47.82498522921046,-8.916704741814423,246.43004994330897,0.01920937342609628,0.032144895679145864,0.9510496677363754,-0.30676087617700437
robot3,4161,1722896290137404691,-47.82758735264369,-8.923495652258445,246.41617888854068,0.019163877014189663,0.03206291024134473,0.9508495174441167,-0.30739211242471864
robot3,4162,1722896290632952704,-47.8388797955277,-8.935105360966158,246.40251956468074,0.019115903668574834,0.03202236799323394,0.9506745049752847,-0.3079401496476822
robot3,4163,1722896291135250611,-47.8281204727064,-8.93267516125973,246.40721371579065,0.019109584732411096,0.032054037252188236,0.9504969453540524,-0.3084848770034045
robot3,4164,1722896291632692016,-47.826519359454224,-8.933143747162754,246.4038385953839,0.019079070860016912,0.03206709057866233,0.9503468150628261,-0.3089476037403119
robot3,4165,1722896292133559249,-47.826400715020796,-8.94197074086095,246.40920016458136,0.01912609897566806,0.032173425244850916,0.9502091750028863,-0.30935673063038605
robot3,4166,1722896292632033626,-47.82401535793974,-8.93785930691298,246.41116316365023,0.0190758864037282,0.0322455713701347,0.9501004042866893,-0.30968622097083254
robot3,4167,1722896293134793006,-47.82082439189143,-8.93123599604704,246.40621655086628,0.01904732845083536,0.03225936534132839,0.9499633687154619,-0.31010664411687816
robot3,4168,1722896293640477554,-47.81538289749501,-8.923586778221747,246.39191416804215,0.01894119723779226,0.03221154361054226,0.949833291044625,-0.31051629060125296
robot3,4169,1722896294134485042,-47.816438369442515,-8.914756149054622,246.38970126823594,0.018858548322947484,0.03225598160400712,0.9497052884458367,-0.3109079798009743
robot3,4170,1722896294632076104,-47.8233426362831,-8.9181324758255,246.3866378509221,0.018854746550989843,0.032333691749603315,0.9495983086220239,-0.31122673916701155
robot3,4171,1722896295133565065,-47.82953476842212,-8.922930389713176,246.38496423856668,0.018910239321415254,0.032344639915718204,0.9495032782949461,-0.3115120408983889
robot3,4172,1722896295633266442,-47.82661858716462,-8.916210803961773,246.3871193636024,0.018889918501531832,0.03236811255781172,0.949400000741418,-0.3118254557611453
robot3,4173,1722896296133448710,-47.82786282084343,-8.917971061680472,246.39561820650738,0.018928597438082343,0.03240747379270462,0.9492846130617235,-0.3121701254855371
robot3,4174,1722896296631527443,-47.83427456713502,-8.912210830813343,246.39980079046182,0.018905730347544496,0.03246477217858256,0.9491918660274381,-0.31244745701440496
robot3,4175,1722896297135595533,-47.83299288364367,-8.916925147106216,246.40523100091212,0.01893725138687167,0.03245532166390607,0.9490905088991043,-0.3127542781853544
robot3,4176,1722896297634661327,-47.837140531827764,-8.926889519766103,246.4160335790626,0.018971975001771446,0.03248338981131341,0.9489917375726746,-0.31304883895279706
robot3,4177,1722896298133243600,-47.83504945839382,-8.938016253336432,246.4181284965024,0.01902290652657989,0.03246799877181039,0.9488688193949417,-0.3134197212414755
robot3,4178,1722896298630749271,-47.835007698221496,-8.936386322052988,246.4197559681936,0.01901452560039618,0.032445416347047625,0.9487555426851486,-0.3137652992261379
robot3,4179,1722896299134405439,-47.82642161782091,-8.941274362029892,246.415267342448,0.01898582209316829,0.03239767797449878,0.9486515341015721,-0.31408628729704335
